datetime,dc_power,poa_irradiance
2013-01-01 00:00:00,0.0,-1.0125
2013-01-01 00:01:00,0.0,-1.0125
2013-01-01 00:02:00,0.0,-1.0125
2013-01-01 00:03:00,0.0,-1.0125
2013-01-01 00:04:00,0.0,-1.0125
2013-01-01 00:05:00,0.0,-1.0125
2013-01-01 00:06:00,0.0,-1.0125
2013-01-01 00:07:00,0.0,-1.0125
2013-01-01 00:08:00,0.0,-1.0125
2013-01-01 00:09:00,0.0,-1.0125
2013-01-01 00:10:00,0.0,-1.0125
2013-01-01 00:11:00,0.0,-1.0125
2013-01-01 00:12:00,0.0,-1.0125
2013-01-01 00:13:00,0.0,-1.0125
2013-01-01 00:14:00,0.0,-1.0685
2013-01-01 00:15:00,0.0,-1.209
2013-01-01 00:16:00,0.0,-1.3215
2013-01-01 00:17:00,0.0,-1.35
2013-01-01 00:18:00,0.0,-1.35
2013-01-01 00:19:00,0.0,-1.35
2013-01-01 00:20:00,0.0,-1.35
2013-01-01 00:21:00,0.0,-1.35
2013-01-01 00:22:00,0.0,-1.35
2013-01-01 00:23:00,0.0,-1.35
2013-01-01 00:24:00,0.0,-1.35
2013-01-01 00:25:00,0.0,-1.35
2013-01-01 00:26:00,0.0,-1.35
2013-01-01 00:27:00,0.0,-1.35
2013-01-01 00:28:00,0.0,-1.35
2013-01-01 00:29:00,0.0,-1.2375
2013-01-01 00:30:00,0.0,-1.097
2013-01-01 00:31:00,0.0,-1.125
2013-01-01 00:32:00,0.0,-1.0125
2013-01-01 00:33:00,0.0,-1.0125
2013-01-01 00:34:00,0.0,-1.0125
2013-01-01 00:35:00,0.0,-1.0125
2013-01-01 00:36:00,0.0,-1.0125
2013-01-01 00:37:00,0.0,-1.0125
2013-01-01 00:38:00,0.0,-1.0125
2013-01-01 00:39:00,0.0,-1.0125
2013-01-01 00:40:00,0.0,-1.0125
2013-01-01 00:41:00,0.0,-1.0125
2013-01-01 00:42:00,0.0,-1.0125
2013-01-01 00:43:00,0.0,-1.0125
2013-01-01 00:44:00,0.0,-1.0125
2013-01-01 00:45:00,0.0,-1.0125
2013-01-01 00:46:00,0.0,-1.0125
2013-01-01 00:47:00,0.0,-1.0125
2013-01-01 00:48:00,0.0,-1.0125
2013-01-01 00:49:00,0.0,-1.0125
2013-01-01 00:50:00,0.0,-1.0125
2013-01-01 00:51:00,0.0,-1.0125
2013-01-01 00:52:00,0.0,-1.0125
2013-01-01 00:53:00,0.0,-1.0125
2013-01-01 00:54:00,0.0,-1.0125
2013-01-01 00:55:00,0.0,-1.0125
2013-01-01 00:56:00,0.0,-1.0125
2013-01-01 00:57:00,0.0,-1.0125
2013-01-01 00:58:00,0.0,-1.0125
2013-01-01 00:59:00,0.0,-1.0125
2013-01-01 01:00:00,0.0,-1.0125
2013-01-01 01:01:00,0.0,-1.0125
2013-01-01 01:02:00,0.0,-1.0125
2013-01-01 01:03:00,0.0,-1.0125
2013-01-01 01:04:00,0.0,-1.0125
2013-01-01 01:05:00,0.0,-1.0125
2013-01-01 01:06:00,0.0,-1.0125
2013-01-01 01:07:00,0.0,-1.041
2013-01-01 01:08:00,0.0,-1.097
2013-01-01 01:09:00,0.0,-1.1535
2013-01-01 01:10:00,0.0,-1.0125
2013-01-01 01:11:00,0.0,-1.0125
2013-01-01 01:12:00,0.0,-1.0125
2013-01-01 01:13:00,0.0,-1.069
2013-01-01 01:14:00,0.0,-1.266
2013-01-01 01:15:00,0.0,-1.35
2013-01-01 01:16:00,0.0,-1.2375
2013-01-01 01:17:00,0.0,-1.097
2013-01-01 01:18:00,0.0,-1.1815
2013-01-01 01:19:00,0.0,-1.069
2013-01-01 01:20:00,0.0,-1.1815
2013-01-01 01:21:00,0.0,-1.35
2013-01-01 01:22:00,0.0,-1.35
2013-01-01 01:23:00,0.0,-1.294
2013-01-01 01:24:00,0.0,-1.125
2013-01-01 01:25:00,0.0,-1.294
2013-01-01 01:26:00,0.0,-1.097
2013-01-01 01:27:00,0.0,-1.069
2013-01-01 01:28:00,0.0,-1.0125
2013-01-01 01:29:00,0.0,-1.069
2013-01-01 01:30:00,0.0,-1.0125
2013-01-01 01:31:00,0.0,-1.2095
2013-01-01 01:32:00,0.0,-1.294
2013-01-01 01:33:00,0.0,-1.35
2013-01-01 01:34:00,0.0,-1.35
2013-01-01 01:35:00,0.0,-1.35
2013-01-01 01:36:00,0.0,-1.35
2013-01-01 01:37:00,0.0,-1.35
2013-01-01 01:38:00,0.0,-1.35
2013-01-01 01:39:00,0.0,-1.35
2013-01-01 01:40:00,0.0,-1.35
2013-01-01 01:41:00,0.0,-1.35
2013-01-01 01:42:00,0.0,-1.35
2013-01-01 01:43:00,0.0,-1.35
2013-01-01 01:44:00,0.0,-1.35
2013-01-01 01:45:00,0.0,-1.4065
2013-01-01 01:46:00,0.0,-1.575
2013-01-01 01:47:00,0.0,-1.4625
2013-01-01 01:48:00,0.0,-1.3785
2013-01-01 01:49:00,0.0,-1.35
2013-01-01 01:50:00,0.0,-1.35
2013-01-01 01:51:00,0.0,-1.35
2013-01-01 01:52:00,0.0,-1.35
2013-01-01 01:53:00,0.0,-1.35
2013-01-01 01:54:00,0.0,-1.322
2013-01-01 01:55:00,0.0,-1.322
2013-01-01 01:56:00,0.0,-1.35
2013-01-01 01:57:00,0.0,-1.069
2013-01-01 01:58:00,0.0,-1.0125
2013-01-01 01:59:00,0.0,-1.097
2013-01-01 02:00:00,0.0,-1.125
2013-01-01 02:01:00,0.0,-1.0125
2013-01-01 02:02:00,0.0,-1.0125
2013-01-01 02:03:00,0.0,-1.0125
2013-01-01 02:04:00,0.0,-1.0125
2013-01-01 02:05:00,0.0,-1.0125
2013-01-01 02:06:00,0.0,-1.0125
2013-01-01 02:07:00,0.0,-1.0125
2013-01-01 02:08:00,0.0,-1.0125
2013-01-01 02:09:00,0.0,-1.0125
2013-01-01 02:10:00,0.0,-1.0125
2013-01-01 02:11:00,0.0,-1.0125
2013-01-01 02:12:00,0.0,-1.0125
2013-01-01 02:13:00,0.0,-1.0125
2013-01-01 02:14:00,0.0,-1.0125
2013-01-01 02:15:00,0.0,-1.0125
2013-01-01 02:16:00,0.0,-1.0125
2013-01-01 02:17:00,0.0,-1.0125
2013-01-01 02:18:00,0.0,-1.0125
2013-01-01 02:19:00,0.0,-1.0125
2013-01-01 02:20:00,0.0,-1.0125
2013-01-01 02:21:00,0.0,-1.0125
2013-01-01 02:22:00,0.0,-1.0125
2013-01-01 02:23:00,0.0,-1.0125
2013-01-01 02:24:00,0.0,-1.0125
2013-01-01 02:25:00,0.0,-1.0125
2013-01-01 02:26:00,0.0,-1.0125
2013-01-01 02:27:00,0.0,-1.0125
2013-01-01 02:28:00,0.0,-1.0125
2013-01-01 02:29:00,0.0,-1.0125
2013-01-01 02:30:00,0.0,-1.0125
2013-01-01 02:31:00,0.0,-1.0125
2013-01-01 02:32:00,0.0,-1.0125
2013-01-01 02:33:00,0.0,-1.0125
2013-01-01 02:34:00,0.0,-1.0125
2013-01-01 02:35:00,0.0,-1.0125
2013-01-01 02:36:00,0.0,-1.0125
2013-01-01 02:37:00,0.0,-1.0125
2013-01-01 02:38:00,0.0,-1.0125
2013-01-01 02:39:00,0.0,-1.0125
2013-01-01 02:40:00,0.0,-1.0125
2013-01-01 02:41:00,0.0,-1.0125
2013-01-01 02:42:00,0.0,-1.0125
2013-01-01 02:43:00,0.0,-1.0125
2013-01-01 02:44:00,0.0,-1.0125
2013-01-01 02:45:00,0.0,-1.0125
2013-01-01 02:46:00,0.0,-1.0125
2013-01-01 02:47:00,0.0,-1.0125
2013-01-01 02:48:00,0.0,-1.0125
2013-01-01 02:49:00,0.0,-1.0125
2013-01-01 02:50:00,0.0,-1.0125
2013-01-01 02:51:00,0.0,-1.0125
2013-01-01 02:52:00,0.0,-1.0125
2013-01-01 02:53:00,0.0,-1.041
2013-01-01 02:54:00,0.0,-1.0125
2013-01-01 02:55:00,0.0,-1.0125
2013-01-01 02:56:00,0.0,-1.0125
2013-01-01 02:57:00,0.0,-1.0125
2013-01-01 02:58:00,0.0,-1.2095
2013-01-01 02:59:00,0.0,-1.2375
2013-01-01 03:00:00,0.0,-1.294
2013-01-01 03:01:00,0.0,-1.0125
2013-01-01 03:02:00,0.0,-1.0125
2013-01-01 03:03:00,0.0,-1.0125
2013-01-01 03:04:00,0.0,-1.0125
2013-01-01 03:05:00,0.0,-1.0125
2013-01-01 03:06:00,0.0,-1.0125
2013-01-01 03:07:00,0.0,-1.0125
2013-01-01 03:08:00,0.0,-1.0125
2013-01-01 03:09:00,0.0,-1.0125
2013-01-01 03:10:00,0.0,-1.0125
2013-01-01 03:11:00,0.0,-1.0125
2013-01-01 03:12:00,0.0,-1.0125
2013-01-01 03:13:00,0.0,-1.0125
2013-01-01 03:14:00,0.0,-1.0125
2013-01-01 03:15:00,0.0,-1.0125
2013-01-01 03:16:00,0.0,-1.0125
2013-01-01 03:17:00,0.0,-1.0125
2013-01-01 03:18:00,0.0,-1.0125
2013-01-01 03:19:00,0.0,-1.0125
2013-01-01 03:20:00,0.0,-1.0125
2013-01-01 03:21:00,0.0,-1.0125
2013-01-01 03:22:00,0.0,-1.0125
2013-01-01 03:23:00,0.0,-1.0125
2013-01-01 03:24:00,0.0,-1.0125
2013-01-01 03:25:00,0.0,-1.0125
2013-01-01 03:26:00,0.0,-1.0125
2013-01-01 03:27:00,0.0,-1.0125
2013-01-01 03:28:00,0.0,-1.0125
2013-01-01 03:29:00,0.0,-1.0125
2013-01-01 03:30:00,0.0,-1.0125
2013-01-01 03:31:00,0.0,-1.0125
2013-01-01 03:32:00,0.0,-1.0125
2013-01-01 03:33:00,0.0,-1.0125
2013-01-01 03:34:00,0.0,-1.0125
2013-01-01 03:35:00,0.0,-1.0125
2013-01-01 03:36:00,0.0,-1.0125
2013-01-01 03:37:00,0.0,-1.0125
2013-01-01 03:38:00,0.0,-1.0125
2013-01-01 03:39:00,0.0,-1.0125
2013-01-01 03:40:00,0.0,-1.0125
2013-01-01 03:41:00,0.0,-1.0125
2013-01-01 03:42:00,0.0,-1.0125
2013-01-01 03:43:00,0.0,-1.0125
2013-01-01 03:44:00,0.0,-1.0125
2013-01-01 03:45:00,0.0,-1.0125
2013-01-01 03:46:00,0.0,-1.0125
2013-01-01 03:47:00,0.0,-1.0125
2013-01-01 03:48:00,0.0,-1.0125
2013-01-01 03:49:00,0.0,-1.0125
2013-01-01 03:50:00,0.0,-1.0125
2013-01-01 03:51:00,0.0,-1.0125
2013-01-01 03:52:00,0.0,-1.0125
2013-01-01 03:53:00,0.0,-1.0125
2013-01-01 03:54:00,0.0,-1.0125
2013-01-01 03:55:00,0.0,-1.0125
2013-01-01 03:56:00,0.0,-1.0125
2013-01-01 03:57:00,0.0,-1.0125
2013-01-01 03:58:00,0.0,-1.0125
2013-01-01 03:59:00,0.0,-1.0125
2013-01-01 04:00:00,0.0,-1.0125
2013-01-01 04:01:00,0.0,-1.0125
2013-01-01 04:02:00,0.0,-1.0125
2013-01-01 04:03:00,0.0,-1.0125
2013-01-01 04:04:00,0.0,-1.0125
2013-01-01 04:05:00,0.0,-1.0125
2013-01-01 04:06:00,0.0,-1.0125
2013-01-01 04:07:00,0.0,-1.0125
2013-01-01 04:08:00,0.0,-1.0125
2013-01-01 04:09:00,0.0,-1.181
2013-01-01 04:10:00,0.0,-1.3495
2013-01-01 04:11:00,0.0,-1.3495
2013-01-01 04:12:00,0.0,-1.3495
2013-01-01 04:13:00,0.0,-1.3495
2013-01-01 04:14:00,0.0,-1.3495
2013-01-01 04:15:00,0.0,-1.3495
2013-01-01 04:16:00,0.0,-1.3495
2013-01-01 04:17:00,0.0,-1.3495
2013-01-01 04:18:00,0.0,-1.3495
2013-01-01 04:19:00,0.0,-1.3495
2013-01-01 04:20:00,0.0,-1.3495
2013-01-01 04:21:00,0.0,-1.3495
2013-01-01 04:22:00,0.0,-1.3495
2013-01-01 04:23:00,0.0,-1.3215
2013-01-01 04:24:00,0.0,-1.2655
2013-01-01 04:25:00,0.0,-1.2655
2013-01-01 04:26:00,0.0,-1.0405
2013-01-01 04:27:00,0.0,-1.0125
2013-01-01 04:28:00,0.0,-1.0125
2013-01-01 04:29:00,0.0,-1.0125
2013-01-01 04:30:00,0.0,-1.0125
2013-01-01 04:31:00,0.0,-1.0125
2013-01-01 04:32:00,0.0,-1.0125
2013-01-01 04:33:00,0.0,-1.0125
2013-01-01 04:34:00,0.0,-1.0125
2013-01-01 04:35:00,0.0,-1.0125
2013-01-01 04:36:00,0.0,-1.0125
2013-01-01 04:37:00,0.0,-1.0125
2013-01-01 04:38:00,0.0,-1.0125
2013-01-01 04:39:00,0.0,-1.0125
2013-01-01 04:40:00,0.0,-1.0685
2013-01-01 04:41:00,0.0,-1.3495
2013-01-01 04:42:00,0.0,-1.3495
2013-01-01 04:43:00,0.0,-1.0405
2013-01-01 04:44:00,0.0,-1.0125
2013-01-01 04:45:00,0.0,-1.0125
2013-01-01 04:46:00,0.0,-1.0125
2013-01-01 04:47:00,0.0,-1.0125
2013-01-01 04:48:00,0.0,-1.0125
2013-01-01 04:49:00,0.0,-1.0125
2013-01-01 04:50:00,0.0,-1.0125
2013-01-01 04:51:00,0.0,-1.0125
2013-01-01 04:52:00,0.0,-1.181
2013-01-01 04:53:00,0.0,-1.3495
2013-01-01 04:54:00,0.0,-1.378
2013-01-01 04:55:00,0.0,-1.603
2013-01-01 04:56:00,0.0,-1.687
2013-01-01 04:57:00,0.0,-1.687
2013-01-01 04:58:00,0.0,-1.687
2013-01-01 04:59:00,0.0,-1.406
2013-01-01 05:00:00,0.0,-1.3495
2013-01-01 05:01:00,0.0,-1.3495
2013-01-01 05:02:00,0.0,-1.209
2013-01-01 05:03:00,0.0,-1.0125
2013-01-01 05:04:00,0.0,-1.0125
2013-01-01 05:05:00,0.0,-1.0125
2013-01-01 05:06:00,0.0,-1.0125
2013-01-01 05:07:00,0.0,-1.0125
2013-01-01 05:08:00,0.0,-1.0125
2013-01-01 05:09:00,0.0,-1.0125
2013-01-01 05:10:00,0.0,-1.0125
2013-01-01 05:11:00,0.0,-1.0125
2013-01-01 05:12:00,0.0,-1.0125
2013-01-01 05:13:00,0.0,-1.0125
2013-01-01 05:14:00,0.0,-1.0125
2013-01-01 05:15:00,0.0,-1.0125
2013-01-01 05:16:00,0.0,-1.0125
2013-01-01 05:17:00,0.0,-1.2095
2013-01-01 05:18:00,0.0,-1.4625
2013-01-01 05:19:00,0.0,-1.6875
2013-01-01 05:20:00,0.0,-1.6875
2013-01-01 05:21:00,0.0,-1.772
2013-01-01 05:22:00,0.0,-1.997
2013-01-01 05:23:00,0.0,-1.772
2013-01-01 05:24:00,0.0,-1.6875
2013-01-01 05:25:00,0.0,-1.6875
2013-01-01 05:26:00,0.0,-1.603
2013-01-01 05:27:00,0.0,-1.35
2013-01-01 05:28:00,0.0,-1.35
2013-01-01 05:29:00,0.0,-1.097
2013-01-01 05:30:00,0.0,-1.0125
2013-01-01 05:31:00,0.0,-1.0125
2013-01-01 05:32:00,0.0,-1.0125
2013-01-01 05:33:00,0.0,-1.0125
2013-01-01 05:34:00,0.0,-1.0125
2013-01-01 05:35:00,0.0,-1.0125
2013-01-01 05:36:00,0.0,-1.0125
2013-01-01 05:37:00,0.0,-1.0125
2013-01-01 05:38:00,0.0,-1.0125
2013-01-01 05:39:00,0.0,-1.0125
2013-01-01 05:40:00,0.0,-1.0125
2013-01-01 05:41:00,0.0,-1.0125
2013-01-01 05:42:00,0.0,-1.0125
2013-01-01 05:43:00,0.0,-1.0125
2013-01-01 05:44:00,0.0,-1.0125
2013-01-01 05:45:00,0.0,-1.0125
2013-01-01 05:46:00,0.0,-1.0125
2013-01-01 05:47:00,0.0,-1.0125
2013-01-01 05:48:00,0.0,-1.0125
2013-01-01 05:49:00,0.0,-1.0125
2013-01-01 05:50:00,0.0,-1.0125
2013-01-01 05:51:00,0.0,-1.0125
2013-01-01 05:52:00,0.0,-1.0125
2013-01-01 05:53:00,0.0,-1.0125
2013-01-01 05:54:00,0.0,-1.0125
2013-01-01 05:55:00,0.0,-1.0125
2013-01-01 05:56:00,0.0,-1.0125
2013-01-01 05:57:00,0.0,-1.0125
2013-01-01 05:58:00,0.0,-1.0125
2013-01-01 05:59:00,0.0,-1.0125
2013-01-01 06:00:00,0.0,-1.0125
2013-01-01 06:01:00,0.0,-1.0125
2013-01-01 06:02:00,0.0,-1.0125
2013-01-01 06:03:00,0.0,-1.0125
2013-01-01 06:04:00,0.0,-1.0125
2013-01-01 06:05:00,0.0,-1.0125
2013-01-01 06:06:00,0.0,-1.0125
2013-01-01 06:07:00,0.0,-1.0125
2013-01-01 06:08:00,0.0,-1.0125
2013-01-01 06:09:00,0.0,-1.0125
2013-01-01 06:10:00,0.0,-1.0125
2013-01-01 06:11:00,0.0,-1.0125
2013-01-01 06:12:00,0.0,-1.0125
2013-01-01 06:13:00,0.0,-1.0125
2013-01-01 06:14:00,0.0,-1.0125
2013-01-01 06:15:00,0.0,-1.0125
2013-01-01 06:16:00,0.0,-1.0125
2013-01-01 06:17:00,0.0,-0.9565
2013-01-01 06:18:00,0.0,-1.0125
2013-01-01 06:19:00,0.0,-0.9565
2013-01-01 06:20:00,0.0,-0.9845
2013-01-01 06:21:00,0.0,-1.0125
2013-01-01 06:22:00,0.0,-1.0125
2013-01-01 06:23:00,0.0,-1.0125
2013-01-01 06:24:00,0.0,-1.0125
2013-01-01 06:25:00,0.0,-1.0125
2013-01-01 06:26:00,0.0,-1.0125
2013-01-01 06:27:00,0.0,-1.0125
2013-01-01 06:28:00,0.0,-1.0125
2013-01-01 06:29:00,0.0,-1.0125
2013-01-01 06:30:00,0.0,-1.0125
2013-01-01 06:31:00,0.0,-1.0125
2013-01-01 06:32:00,0.0,-1.0125
2013-01-01 06:33:00,0.0,-1.0125
2013-01-01 06:34:00,0.0,-1.0125
2013-01-01 06:35:00,0.0,-1.0125
2013-01-01 06:36:00,0.0,-1.0125
2013-01-01 06:37:00,0.0,-1.0125
2013-01-01 06:38:00,0.0,-1.0125
2013-01-01 06:39:00,0.0,-1.0125
2013-01-01 06:40:00,0.0,-1.0125
2013-01-01 06:41:00,0.0,-1.0125
2013-01-01 06:42:00,0.0,-1.0125
2013-01-01 06:43:00,0.0,-1.0125
2013-01-01 06:44:00,0.0,-1.0125
2013-01-01 06:45:00,0.0,-1.0125
2013-01-01 06:46:00,0.0,-1.0125
2013-01-01 06:47:00,0.0,-1.0125
2013-01-01 06:48:00,0.0,-1.0125
2013-01-01 06:49:00,0.0,-1.0125
2013-01-01 06:50:00,0.0,-1.0125
2013-01-01 06:51:00,0.0,-1.0125
2013-01-01 06:52:00,0.0,-1.0125
2013-01-01 06:53:00,0.0,-1.0125
2013-01-01 06:54:00,0.0,-1.0125
2013-01-01 06:55:00,0.0,-1.0125
2013-01-01 06:56:00,0.0,-1.0125
2013-01-01 06:57:00,0.0,-1.0125
2013-01-01 06:58:00,0.0,-1.0125
2013-01-01 06:59:00,0.0,-1.0125
2013-01-01 07:00:00,0.0,-0.9704999999999999
2013-01-01 07:01:00,0.0,-0.7815
2013-01-01 07:02:00,0.0,-0.5355
2013-01-01 07:03:00,0.0,-0.45099999999999996
2013-01-01 07:04:00,0.0,-0.42300000000000004
2013-01-01 07:05:00,0.0,-0.42300000000000004
2013-01-01 07:06:00,0.0,-0.42300000000000004
2013-01-01 07:07:00,0.0,-0.37050000000000005
2013-01-01 07:08:00,0.0,-0.29700000000000004
2013-01-01 07:09:00,0.0,0.279
2013-01-01 07:10:00,0.0,0.998
2013-01-01 07:11:00,0.0,1.8259999999999998
2013-01-01 07:12:00,0.0,2.3135000000000003
2013-01-01 07:13:00,0.0,2.3135000000000003
2013-01-01 07:14:00,0.0,2.7625
2013-01-01 07:15:00,0.0,3.9684999999999997
2013-01-01 07:16:00,0.723,6.3995
2013-01-01 07:17:00,11.5,9.2985
2013-01-01 07:18:00,12.08,12.185
2013-01-01 07:19:00,8.97,15.004999999999999
2013-01-01 07:20:00,12.26,18.225
2013-01-01 07:21:00,8.16,21.845
2013-01-01 07:22:00,11.22,25.5
2013-01-01 07:23:00,9.41,28.89
2013-01-01 07:24:00,40.94,33.215
2013-01-01 07:25:00,54.4,37.7
2013-01-01 07:26:00,54.34,39.985
2013-01-01 07:27:00,54.47,39.69
2013-01-01 07:28:00,54.48,38.31
2013-01-01 07:29:00,54.35,44.705
2013-01-01 07:30:00,70.29,63.075
2013-01-01 07:31:00,92.2,87.05
2013-01-01 07:32:00,115.5,104.35
2013-01-01 07:33:00,126.9,113.55000000000001
2013-01-01 07:34:00,127.0,119.30000000000001
2013-01-01 07:35:00,145.9,127.80000000000001
2013-01-01 07:36:00,163.2,139.6
2013-01-01 07:37:00,172.4,154.5
2013-01-01 07:38:00,198.6,166.3
2013-01-01 07:39:00,202.5,177.45
2013-01-01 07:40:00,215.2,181.6
2013-01-01 07:41:00,181.5,154.05
2013-01-01 07:42:00,125.4,106.75
2013-01-01 07:43:00,67.3,58.34
2013-01-01 07:44:00,54.44,42.605000000000004
2013-01-01 07:45:00,61.97,53.620000000000005
2013-01-01 07:46:00,87.7,63.685
2013-01-01 07:47:00,74.03,59.1
2013-01-01 07:48:00,68.66,55.400000000000006
2013-01-01 07:49:00,54.35,46.84
2013-01-01 07:50:00,40.76,31.695
2013-01-01 07:51:00,22.87,26.57
2013-01-01 07:52:00,5.632,24.060000000000002
2013-01-01 07:53:00,8.9,22.855
2013-01-01 07:54:00,6.448,22.44
2013-01-01 07:55:00,12.16,22.375
2013-01-01 07:56:00,10.59,22.035
2013-01-01 07:57:00,9.63,22.035
2013-01-01 07:58:00,6.536,22.42
2013-01-01 07:59:00,16.99,22.96
2013-01-01 08:00:00,6.512,23.494999999999997
2013-01-01 08:01:00,1.553,24.33
2013-01-01 08:02:00,1.45,24.994999999999997
2013-01-01 08:03:00,7.797,25.915
2013-01-01 08:04:00,9.57,26.67
2013-01-01 08:05:00,8.82,27.560000000000002
2013-01-01 08:06:00,32.16,28.39
2013-01-01 08:07:00,54.43,29.14
2013-01-01 08:08:00,54.34,30.025
2013-01-01 08:09:00,54.36,30.83
2013-01-01 08:10:00,54.43,31.71
2013-01-01 08:11:00,54.33,32.614999999999995
2013-01-01 08:12:00,54.3,33.385
2013-01-01 08:13:00,54.37,34.245
2013-01-01 08:14:00,54.29,35.125
2013-01-01 08:15:00,54.39,35.81
2013-01-01 08:16:00,54.46,36.644999999999996
2013-01-01 08:17:00,54.29,37.370000000000005
2013-01-01 08:18:00,54.49,37.955
2013-01-01 08:19:00,54.24,38.625
2013-01-01 08:20:00,54.33,39.11
2013-01-01 08:21:00,54.31,39.545
2013-01-01 08:22:00,57.35,40.25
2013-01-01 08:23:00,65.58,40.69
2013-01-01 08:24:00,72.48,41.480000000000004
2013-01-01 08:25:00,72.46,41.985
2013-01-01 08:26:00,72.42,42.78
2013-01-01 08:27:00,72.46,43.335
2013-01-01 08:28:00,72.46,44.215
2013-01-01 08:29:00,75.48,44.915
2013-01-01 08:30:00,86.2,45.775
2013-01-01 08:31:00,89.2,46.69
2013-01-01 08:32:00,90.5,47.585
2013-01-01 08:33:00,90.6,48.370000000000005
2013-01-01 08:34:00,90.6,49.315
2013-01-01 08:35:00,90.5,50.235
2013-01-01 08:36:00,90.7,51.05
2013-01-01 08:37:00,90.5,52.135
2013-01-01 08:38:00,90.7,53.175
2013-01-01 08:39:00,90.7,54.17
2013-01-01 08:40:00,90.6,55.39
2013-01-01 08:41:00,90.5,56.645
2013-01-01 08:42:00,98.1,58.004999999999995
2013-01-01 08:43:00,108.0,59.39
2013-01-01 08:44:00,108.6,60.805
2013-01-01 08:45:00,110.3,62.195
2013-01-01 08:46:00,120.8,63.69
2013-01-01 08:47:00,126.9,65.175
2013-01-01 08:48:00,126.9,66.755
2013-01-01 08:49:00,126.9,68.235
2013-01-01 08:50:00,126.8,69.845
2013-01-01 08:51:00,126.9,71.49
2013-01-01 08:52:00,126.8,73.1
2013-01-01 08:53:00,130.4,74.75999999999999
2013-01-01 08:54:00,144.5,76.245
2013-01-01 08:55:00,144.7,77.525
2013-01-01 08:56:00,144.9,78.61
2013-01-01 08:57:00,148.6,79.63499999999999
2013-01-01 08:58:00,160.2,80.6
2013-01-01 08:59:00,162.8,81.6
2013-01-01 09:00:00,163.4,82.65
2013-01-01 09:01:00,162.9,83.75
2013-01-01 09:02:00,162.9,85.0
2013-01-01 09:03:00,163.2,86.25
2013-01-01 09:04:00,162.9,87.6
2013-01-01 09:05:00,163.0,88.9
2013-01-01 09:06:00,163.2,90.35
2013-01-01 09:07:00,163.9,91.8
2013-01-01 09:08:00,176.1,93.4
2013-01-01 09:09:00,181.5,94.8
2013-01-01 09:10:00,181.1,96.25
2013-01-01 09:11:00,190.9,97.8
2013-01-01 09:12:00,198.4,99.35
2013-01-01 09:13:00,199.8,100.95
2013-01-01 09:14:00,199.2,102.5
2013-01-01 09:15:00,199.4,104.0
2013-01-01 09:16:00,199.3,105.6
2013-01-01 09:17:00,199.0,107.35
2013-01-01 09:18:00,199.4,108.95
2013-01-01 09:19:00,200.2,110.65
2013-01-01 09:20:00,213.3,112.45
2013-01-01 09:21:00,217.4,114.05
2013-01-01 09:22:00,217.4,115.75
2013-01-01 09:23:00,217.3,117.4
2013-01-01 09:24:00,217.9,119.15
2013-01-01 09:25:00,217.3,121.15
2013-01-01 09:26:00,217.3,122.9
2013-01-01 09:27:00,217.6,124.65
2013-01-01 09:28:00,217.3,126.75
2013-01-01 09:29:00,217.8,128.65
2013-01-01 09:30:00,229.6,130.65
2013-01-01 09:31:00,235.5,132.7
2013-01-01 09:32:00,235.2,134.7
2013-01-01 09:33:00,249.5,136.8
2013-01-01 09:34:00,253.5,138.64999999999998
2013-01-01 09:35:00,253.9,140.55
2013-01-01 09:36:00,253.6,142.35
2013-01-01 09:37:00,253.6,144.3
2013-01-01 09:38:00,253.4,146.15
2013-01-01 09:39:00,258.3,148.0
2013-01-01 09:40:00,270.5,149.85000000000002
2013-01-01 09:41:00,271.2,151.8
2013-01-01 09:42:00,275.6,153.8
2013-01-01 09:43:00,287.0,155.75
2013-01-01 09:44:00,290.0,157.75
2013-01-01 09:45:00,290.2,159.75
2013-01-01 09:46:00,289.9,161.9
2013-01-01 09:47:00,289.6,164.39999999999998
2013-01-01 09:48:00,289.7,166.95
2013-01-01 09:49:00,311.9,172.10000000000002
2013-01-01 09:50:00,326.2,178.85
2013-01-01 09:51:00,325.6,184.25
2013-01-01 09:52:00,326.4,187.1
2013-01-01 09:53:00,344.0,189.95
2013-01-01 09:54:00,360.5,196.7
2013-01-01 09:55:00,362.6,201.25
2013-01-01 09:56:00,360.8,197.3
2013-01-01 09:57:00,348.0,192.85000000000002
2013-01-01 09:58:00,329.0,187.35
2013-01-01 09:59:00,326.4,183.5
2013-01-01 10:00:00,326.0,181.75
2013-01-01 10:01:00,325.8,181.25
2013-01-01 10:02:00,325.8,181.0
2013-01-01 10:03:00,326.1,181.5
2013-01-01 10:04:00,326.0,180.89999999999998
2013-01-01 10:05:00,326.4,180.85
2013-01-01 10:06:00,325.7,181.1
2013-01-01 10:07:00,326.3,181.9
2013-01-01 10:08:00,325.8,182.64999999999998
2013-01-01 10:09:00,326.0,184.15
2013-01-01 10:10:00,325.9,186.2
2013-01-01 10:11:00,339.3,189.0
2013-01-01 10:12:00,343.3,192.3
2013-01-01 10:13:00,358.3,195.6
2013-01-01 10:14:00,362.0,198.89999999999998
2013-01-01 10:15:00,362.2,202.55
2013-01-01 10:16:00,370.3,207.10000000000002
2013-01-01 10:17:00,380.2,211.25
2013-01-01 10:18:00,396.5,216.15
2013-01-01 10:19:00,398.0,221.1
2013-01-01 10:20:00,406.6,227.1
2013-01-01 10:21:00,417.5,231.64999999999998
2013-01-01 10:22:00,431.6,236.45
2013-01-01 10:23:00,434.8,242.7
2013-01-01 10:24:00,450.7,248.9
2013-01-01 10:25:00,471.7,260.85
2013-01-01 10:26:00,504.6,278.5
2013-01-01 10:27:00,572.3,314.75
2013-01-01 10:28:00,612.4,333.6
2013-01-01 10:29:00,657.6,361.3
2013-01-01 10:30:00,660.5,362.70000000000005
2013-01-01 10:31:00,666.1,367.9
2013-01-01 10:32:00,761.6,418.5
2013-01-01 10:33:00,907.0,497.6
2013-01-01 10:34:00,939.0,522.25
2013-01-01 10:35:00,953.0,529.5999999999999
2013-01-01 10:36:00,897.0,500.2
2013-01-01 10:37:00,909.0,508.75
2013-01-01 10:38:00,825.0,462.15
2013-01-01 10:39:00,819.0,457.85
2013-01-01 10:40:00,827.0,466.85
2013-01-01 10:41:00,853.0,478.20000000000005
2013-01-01 10:42:00,987.0,554.0999999999999
2013-01-01 10:43:00,935.0,527.8
2013-01-01 10:44:00,928.0,524.75
2013-01-01 10:45:00,978.0,551.5999999999999
2013-01-01 10:46:00,946.0,535.2
2013-01-01 10:47:00,924.0,522.9
2013-01-01 10:48:00,930.0,526.15
2013-01-01 10:49:00,943.0,535.1
2013-01-01 10:50:00,959.0,542.65
2013-01-01 10:51:00,903.0,512.2
2013-01-01 10:52:00,879.0,504.0
2013-01-01 10:53:00,860.0,487.35
2013-01-01 10:54:00,809.0,463.85
2013-01-01 10:55:00,762.5,437.65
2013-01-01 10:56:00,791.9,450.1
2013-01-01 10:57:00,863.0,489.4
2013-01-01 10:58:00,869.0,493.1
2013-01-01 10:59:00,841.0,482.04999999999995
2013-01-01 11:00:00,844.0,483.29999999999995
2013-01-01 11:01:00,831.0,474.45000000000005
2013-01-01 11:02:00,805.0,464.29999999999995
2013-01-01 11:03:00,831.0,472.04999999999995
2013-01-01 11:04:00,871.0,495.8
2013-01-01 11:05:00,858.0,489.95000000000005
2013-01-01 11:06:00,943.0,537.0
2013-01-01 11:07:00,998.0,570.25
2013-01-01 11:08:00,985.0,566.7
2013-01-01 11:09:00,959.0,550.65
2013-01-01 11:10:00,929.0,534.7
2013-01-01 11:11:00,961.0,546.45
2013-01-01 11:12:00,1030.0,590.9000000000001
2013-01-01 11:13:00,1072.0,615.05
2013-01-01 11:14:00,1082.0,621.85
2013-01-01 11:15:00,1085.0,625.75
2013-01-01 11:16:00,1080.0,620.25
2013-01-01 11:17:00,1236.0,711.55
2013-01-01 11:18:00,1264.0,731.75
2013-01-01 11:19:00,1245.0,723.65
2013-01-01 11:20:00,1269.0,742.5
2013-01-01 11:21:00,1312.0,763.9
2013-01-01 11:22:00,1287.0,750.9
2013-01-01 11:23:00,1227.0,718.7
2013-01-01 11:24:00,1166.0,680.45
2013-01-01 11:25:00,1123.0,650.95
2013-01-01 11:26:00,1121.0,652.35
2013-01-01 11:27:00,1134.0,661.45
2013-01-01 11:28:00,1094.0,633.8
2013-01-01 11:29:00,1115.0,644.6
2013-01-01 11:30:00,1213.0,705.15
2013-01-01 11:31:00,1275.0,741.85
2013-01-01 11:32:00,1298.0,755.3
2013-01-01 11:33:00,1299.0,759.65
2013-01-01 11:34:00,1288.0,750.25
2013-01-01 11:35:00,1342.0,781.95
2013-01-01 11:36:00,1337.0,779.35
2013-01-01 11:37:00,1392.0,811.2
2013-01-01 11:38:00,1439.0,843.85
2013-01-01 11:39:00,1510.0,883.5
2013-01-01 11:40:00,1513.0,890.0
2013-01-01 11:41:00,1397.0,817.85
2013-01-01 11:42:00,1324.0,768.9
2013-01-01 11:43:00,1219.0,703.75
2013-01-01 11:44:00,1109.0,637.1
2013-01-01 11:45:00,1091.0,626.75
2013-01-01 11:46:00,1157.0,661.7
2013-01-01 11:47:00,1155.0,663.5
2013-01-01 11:48:00,1137.0,652.95
2013-01-01 11:49:00,1137.0,645.45
2013-01-01 11:50:00,1145.0,648.05
2013-01-01 11:51:00,1262.0,718.0999999999999
2013-01-01 11:52:00,1276.0,725.35
2013-01-01 11:53:00,1323.0,752.7
2013-01-01 11:54:00,1332.0,762.55
2013-01-01 11:55:00,1371.0,782.75
2013-01-01 11:56:00,1342.0,768.85
2013-01-01 11:57:00,1396.0,804.25
2013-01-01 11:58:00,1427.0,823.75
2013-01-01 11:59:00,1445.0,832.85
2013-01-01 12:00:00,1421.0,824.05
2013-01-01 12:01:00,1505.0,873.5
2013-01-01 12:02:00,1615.0,943.5
2013-01-01 12:03:00,1637.0,959.5
2013-01-01 12:04:00,1677.0,996.5
2013-01-01 12:05:00,1688.0,1001.0
2013-01-01 12:06:00,850.0,1002.0
2013-01-01 12:07:00,0.0,993.5
2013-01-01 12:08:00,4.876,994.5
2013-01-01 12:09:00,3.246,997.5
2013-01-01 12:10:00,8.08,996.0
2013-01-01 12:11:00,12.16,992.5
2013-01-01 12:12:00,12.96,987.0
2013-01-01 12:13:00,2.435,986.5
2013-01-01 12:14:00,534.3,990.5
2013-01-01 12:15:00,1625.0,989.0
2013-01-01 12:16:00,1618.0,986.5
2013-01-01 12:17:00,1633.0,988.0
2013-01-01 12:18:00,1621.0,987.5
2013-01-01 12:19:00,1629.0,989.5
2013-01-01 12:20:00,1631.0,984.0
2013-01-01 12:21:00,1621.0,980.0
2013-01-01 12:22:00,1623.0,982.5
2013-01-01 12:23:00,1623.0,983.0
2013-01-01 12:24:00,1625.0,982.0
2013-01-01 12:25:00,1621.0,980.5
2013-01-01 12:26:00,1615.0,980.5
2013-01-01 12:27:00,1610.0,977.0
2013-01-01 12:28:00,1604.0,975.5
2013-01-01 12:29:00,1601.0,971.0
2013-01-01 12:30:00,1600.0,963.0
2013-01-01 12:31:00,1601.0,962.5
2013-01-01 12:32:00,1605.0,963.5
2013-01-01 12:33:00,1609.0,964.5
2013-01-01 12:34:00,1613.0,968.5
2013-01-01 12:35:00,1599.0,969.0
2013-01-01 12:36:00,1600.0,968.5
2013-01-01 12:37:00,1601.0,969.0
2013-01-01 12:38:00,1607.0,969.0
2013-01-01 12:39:00,1602.0,969.0
2013-01-01 12:40:00,1605.0,968.5
2013-01-01 12:41:00,1601.0,968.0
2013-01-01 12:42:00,1587.0,966.5
2013-01-01 12:43:00,1588.0,965.5
2013-01-01 12:44:00,1582.0,964.5
2013-01-01 12:45:00,1583.0,964.0
2013-01-01 12:46:00,1580.0,963.0
2013-01-01 12:47:00,1584.0,962.5
2013-01-01 12:48:00,1582.0,961.0
2013-01-01 12:49:00,1580.0,958.0
2013-01-01 12:50:00,1581.0,955.5
2013-01-01 12:51:00,1574.0,954.5
2013-01-01 12:52:00,1576.0,953.5
2013-01-01 12:53:00,1579.0,952.0
2013-01-01 12:54:00,1581.0,950.5
2013-01-01 12:55:00,1575.0,950.0
2013-01-01 12:56:00,1590.0,950.5
2013-01-01 12:57:00,1586.0,951.0
2013-01-01 12:58:00,1584.0,950.0
2013-01-01 12:59:00,1586.0,948.5
2013-01-01 13:00:00,1577.0,947.5
2013-01-01 13:01:00,1571.0,945.5
2013-01-01 13:02:00,1581.0,943.0
2013-01-01 13:03:00,1564.0,942.0
2013-01-01 13:04:00,1553.0,940.0
2013-01-01 13:05:00,1559.0,938.0
2013-01-01 13:06:00,1553.0,937.5
2013-01-01 13:07:00,1554.0,936.0
2013-01-01 13:08:00,1543.0,934.5
2013-01-01 13:09:00,1538.0,932.5
2013-01-01 13:10:00,1527.0,930.5
2013-01-01 13:11:00,1527.0,928.5
2013-01-01 13:12:00,1520.0,926.0
2013-01-01 13:13:00,1519.0,924.5
2013-01-01 13:14:00,1523.0,922.5
2013-01-01 13:15:00,1508.0,921.0
2013-01-01 13:16:00,1513.0,919.0
2013-01-01 13:17:00,1506.0,917.5
2013-01-01 13:18:00,1509.0,916.0
2013-01-01 13:19:00,1514.0,913.5
2013-01-01 13:20:00,1512.0,911.5
2013-01-01 13:21:00,1508.0,910.0
2013-01-01 13:22:00,1505.0,908.0
2013-01-01 13:23:00,1495.0,906.0
2013-01-01 13:24:00,1495.0,904.5
2013-01-01 13:25:00,1499.0,902.0
2013-01-01 13:26:00,1489.0,901.0
2013-01-01 13:27:00,1485.0,900.0
2013-01-01 13:28:00,1486.0,898.0
2013-01-01 13:29:00,1472.0,895.0
2013-01-01 13:30:00,1469.0,893.0
2013-01-01 13:31:00,1460.0,890.5
2013-01-01 13:32:00,1462.0,888.0
2013-01-01 13:33:00,1455.0,887.5
2013-01-01 13:34:00,1449.0,884.5
2013-01-01 13:35:00,1446.0,883.0
2013-01-01 13:36:00,1439.0,881.5
2013-01-01 13:37:00,1433.0,878.5
2013-01-01 13:38:00,1433.0,877.0
2013-01-01 13:39:00,1421.0,874.0
2013-01-01 13:40:00,1420.0,871.0
2013-01-01 13:41:00,1411.0,868.0
2013-01-01 13:42:00,1409.0,865.5
2013-01-01 13:43:00,1408.0,863.5
2013-01-01 13:44:00,1408.0,863.0
2013-01-01 13:45:00,1403.0,860.85
2013-01-01 13:46:00,1400.0,858.2
2013-01-01 13:47:00,1395.0,855.9
2013-01-01 13:48:00,1384.0,853.4
2013-01-01 13:49:00,1379.0,852.65
2013-01-01 13:50:00,1372.0,849.75
2013-01-01 13:51:00,1373.0,846.4
2013-01-01 13:52:00,1370.0,843.7
2013-01-01 13:53:00,1368.0,842.65
2013-01-01 13:54:00,1362.0,841.05
2013-01-01 13:55:00,1361.0,839.25
2013-01-01 13:56:00,1359.0,836.4
2013-01-01 13:57:00,1345.0,833.45
2013-01-01 13:58:00,1344.0,832.25
2013-01-01 13:59:00,1346.0,832.05
2013-01-01 14:00:00,1333.0,829.9
2013-01-01 14:01:00,1333.0,827.05
2013-01-01 14:02:00,1330.0,824.1
2013-01-01 14:03:00,1320.0,821.55
2013-01-01 14:04:00,1321.0,818.2
2013-01-01 14:05:00,1311.0,814.35
2013-01-01 14:06:00,1304.0,809.85
2013-01-01 14:07:00,1302.0,808.45
2013-01-01 14:08:00,1302.0,807.45
2013-01-01 14:09:00,1299.0,804.45
2013-01-01 14:10:00,1300.0,802.75
2013-01-01 14:11:00,1289.0,800.8
2013-01-01 14:12:00,1274.0,797.35
2013-01-01 14:13:00,1268.0,793.9
2013-01-01 14:14:00,1286.0,792.95
2013-01-01 14:15:00,1270.0,791.2
2013-01-01 14:16:00,1262.0,788.2
2013-01-01 14:17:00,1255.0,784.65
2013-01-01 14:18:00,1239.0,781.05
2013-01-01 14:19:00,1238.0,778.35
2013-01-01 14:20:00,1225.0,772.8
2013-01-01 14:21:00,1207.0,770.35
2013-01-01 14:22:00,1211.0,767.95
2013-01-01 14:23:00,1207.0,765.05
2013-01-01 14:24:00,1202.0,761.05
2013-01-01 14:25:00,1194.0,757.45
2013-01-01 14:26:00,1189.0,754.85
2013-01-01 14:27:00,1183.0,751.4
2013-01-01 14:28:00,1173.0,748.6
2013-01-01 14:29:00,1154.0,735.8
2013-01-01 14:30:00,1137.0,730.05
2013-01-01 14:31:00,1140.0,731.3
2013-01-01 14:32:00,1152.0,731.85
2013-01-01 14:33:00,1140.0,730.0999999999999
2013-01-01 14:34:00,1129.0,726.65
2013-01-01 14:35:00,1122.0,723.8
2013-01-01 14:36:00,1114.0,720.9
2013-01-01 14:37:00,1106.0,717.9000000000001
2013-01-01 14:38:00,1092.0,715.05
2013-01-01 14:39:00,1084.0,711.0
2013-01-01 14:40:00,1078.0,707.75
2013-01-01 14:41:00,1067.0,704.75
2013-01-01 14:42:00,1057.0,700.7
2013-01-01 14:43:00,1050.0,696.6
2013-01-01 14:44:00,1036.0,692.75
2013-01-01 14:45:00,1025.0,687.75
2013-01-01 14:46:00,1013.0,683.55
2013-01-01 14:47:00,1000.0,678.75
2013-01-01 14:48:00,991.0,669.1
2013-01-01 14:49:00,977.0,631.5
2013-01-01 14:50:00,976.0,551.9
2013-01-01 14:51:00,971.0,446.95
2013-01-01 14:52:00,961.0,332.29999999999995
2013-01-01 14:53:00,945.0,222.2
2013-01-01 14:54:00,939.0,130.65
2013-01-01 14:55:00,937.0,74.185
2013-01-01 14:56:00,927.0,59.25
2013-01-01 14:57:00,910.0,57.92
2013-01-01 14:58:00,904.0,57.5
2013-01-01 14:59:00,901.0,57.01
2013-01-01 15:00:00,890.0,56.755
2013-01-01 15:01:00,884.0,56.565
2013-01-01 15:02:00,875.0,56.225
2013-01-01 15:03:00,867.0,55.825
2013-01-01 15:04:00,861.0,65.335
2013-01-01 15:05:00,843.0,87.305
2013-01-01 15:06:00,832.0,120.955
2013-01-01 15:07:00,830.0,170.01
2013-01-01 15:08:00,819.0,195.0
2013-01-01 15:09:00,809.0,226.1
2013-01-01 15:10:00,807.0,289.02
2013-01-01 15:11:00,794.4,331.715
2013-01-01 15:12:00,793.0,331.08500000000004
2013-01-01 15:13:00,775.6,328.705
2013-01-01 15:14:00,761.9,339.17
2013-01-01 15:15:00,754.7,419.7
2013-01-01 15:16:00,736.7,520.1500000000001
2013-01-01 15:17:00,722.3,558.1500000000001
2013-01-01 15:18:00,716.1,554.45
2013-01-01 15:19:00,689.7,549.1
2013-01-01 15:20:00,673.0,544.2
2013-01-01 15:21:00,648.0,539.4
2013-01-01 15:22:00,600.3,532.65
2013-01-01 15:23:00,584.7,521.3
2013-01-01 15:24:00,574.2,513.3
2013-01-01 15:25:00,558.7,507.9
2013-01-01 15:26:00,543.4,509.5
2013-01-01 15:27:00,540.2,511.8
2013-01-01 15:28:00,532.2,507.40000000000003
2013-01-01 15:29:00,505.0,501.6
2013-01-01 15:30:00,506.9,489.3
2013-01-01 15:31:00,481.4,392.65
2013-01-01 15:32:00,476.5,272.3
2013-01-01 15:33:00,465.1,293.45
2013-01-01 15:34:00,450.2,389.4
2013-01-01 15:35:00,441.3,351.05
2013-01-01 15:36:00,417.9,281.025
2013-01-01 15:37:00,419.4,349.9
2013-01-01 15:38:00,394.3,441.6
2013-01-01 15:39:00,392.7,452.85
2013-01-01 15:40:00,372.1,433.9
2013-01-01 15:41:00,365.1,420.1
2013-01-01 15:42:00,364.4,416.9
2013-01-01 15:43:00,337.7,419.15
2013-01-01 15:44:00,325.0,427.55
2013-01-01 15:45:00,315.2,417.55
2013-01-01 15:46:00,297.2,410.8
2013-01-01 15:47:00,298.5,407.4
2013-01-01 15:48:00,279.4,409.15
2013-01-01 15:49:00,280.3,396.0
2013-01-01 15:50:00,270.9,305.9
2013-01-01 15:51:00,258.9,197.595
2013-01-01 15:52:00,252.5,149.75
2013-01-01 15:53:00,246.5,137.35
2013-01-01 15:54:00,246.9,170.81
2013-01-01 15:55:00,236.0,282.3
2013-01-01 15:56:00,225.6,291.4
2013-01-01 15:57:00,207.7,188.95
2013-01-01 15:58:00,198.4,183.75
2013-01-01 15:59:00,194.7,265.4
2013-01-01 16:00:00,179.8,323.65
2013-01-01 16:01:00,173.2,336.7
2013-01-01 16:02:00,162.4,336.85
2013-01-01 16:03:00,161.9,311.25
2013-01-01 16:04:00,162.7,225.64999999999998
2013-01-01 16:05:00,154.9,167.64
2013-01-01 16:06:00,152.8,107.09
2013-01-01 16:07:00,129.4,38.519999999999996
2013-01-01 16:08:00,126.6,23.61
2013-01-01 16:09:00,120.4,22.950000000000003
2013-01-01 16:10:00,108.5,22.42
2013-01-01 16:11:00,108.2,21.6
2013-01-01 16:12:00,111.4,21.200000000000003
2013-01-01 16:13:00,109.2,20.4
2013-01-01 16:14:00,107.7,19.84
2013-01-01 16:15:00,86.0,18.695
2013-01-01 16:16:00,47.39,17.009999999999998
2013-01-01 16:17:00,18.03,15.595
2013-01-01 16:18:00,7.539,15.055
2013-01-01 16:19:00,2.984,14.225
2013-01-01 16:20:00,3.131,13.899999999999999
2013-01-01 16:21:00,3.107,13.469999999999999
2013-01-01 16:22:00,3.033,12.875
2013-01-01 16:23:00,1.507,12.665
2013-01-01 16:24:00,4.736,11.96
2013-01-01 16:25:00,1.429,11.645
2013-01-01 16:26:00,1.585,11.345
2013-01-01 16:27:00,5.954,10.59
2013-01-01 16:28:00,7.838,10.415
2013-01-01 16:29:00,1.575,10.135
2013-01-01 16:30:00,3.873,9.354000000000001
2013-01-01 16:31:00,0.0,9.124
2013-01-01 16:32:00,9.96,8.6415
2013-01-01 16:33:00,0.0,7.9805
2013-01-01 16:34:00,8.23,7.771000000000001
2013-01-01 16:35:00,3.949,7.254
2013-01-01 16:36:00,6.009,6.7375
2013-01-01 16:37:00,0.0,6.5325
2013-01-01 16:38:00,3.164,5.7975
2013-01-01 16:39:00,4.162,5.5005
2013-01-01 16:40:00,6.913,4.8345
2013-01-01 16:41:00,2.337,4.439
2013-01-01 16:42:00,0.906,4.2715
2013-01-01 16:43:00,0.0,3.872
2013-01-01 16:44:00,0.0,3.5675
2013-01-01 16:45:00,0.0,3.3890000000000002
2013-01-01 16:46:00,0.0,3.274
2013-01-01 16:47:00,0.0,3.008
2013-01-01 16:48:00,0.0,2.3000000000000003
2013-01-01 16:49:00,0.0,2.1075
2013-01-01 16:50:00,0.0,1.9085
2013-01-01 16:51:00,0.0,1.814
2013-01-01 16:52:00,0.0,1.4394999999999998
2013-01-01 16:53:00,0.0,0.8365
2013-01-01 16:54:00,0.0,0.7104999999999999
2013-01-01 16:55:00,0.0,0.5745
2013-01-01 16:56:00,0.0,0.4590000000000001
2013-01-01 16:57:00,0.0,0.15750000000000008
2013-01-01 16:58:00,0.0,-0.12949999999999995
2013-01-01 16:59:00,0.0,-0.15049999999999997
2013-01-01 17:00:00,0.0,-0.3394999999999999
2013-01-01 17:01:00,0.0,-0.38149999999999995
2013-01-01 17:02:00,0.0,-0.4544999999999999
2013-01-01 17:03:00,0.0,-0.6119999999999999
2013-01-01 17:04:00,0.0,-0.8855
2013-01-01 17:05:00,0.0,-1.3385000000000002
2013-01-01 17:06:00,0.0,-1.433
2013-01-01 17:07:00,0.0,-1.433
2013-01-01 17:08:00,0.0,-1.433
2013-01-01 17:09:00,0.0,-1.433
2013-01-01 17:10:00,0.0,-1.012
2013-01-01 17:11:00,0.0,-0.9864999999999999
2013-01-01 17:12:00,0.0,-1.053
2013-01-01 17:13:00,0.0,-1.232
2013-01-01 17:14:00,0.0,-1.3475
2013-01-01 17:15:00,0.0,-1.3475
2013-01-01 17:16:00,0.0,-1.488
2013-01-01 17:17:00,0.0,-1.6565
2013-01-01 17:18:00,0.0,-1.685
2013-01-01 17:19:00,0.0,-1.6565
2013-01-01 17:20:00,0.0,-1.685
2013-01-01 17:21:00,0.0,-1.685
2013-01-01 17:22:00,0.0,-1.685
2013-01-01 17:23:00,0.0,-1.685
2013-01-01 17:24:00,0.0,-1.685
2013-01-01 17:25:00,0.0,-1.685
2013-01-01 17:26:00,0.0,-1.685
2013-01-01 17:27:00,0.0,-1.685
2013-01-01 17:28:00,0.0,-1.685
2013-01-01 17:29:00,0.0,-1.685
2013-01-01 17:30:00,0.0,-1.685
2013-01-01 17:31:00,0.0,-1.685
2013-01-01 17:32:00,0.0,-1.685
2013-01-01 17:33:00,0.0,-1.685
2013-01-01 17:34:00,0.0,-1.6855
2013-01-01 17:35:00,0.0,-1.6855
2013-01-01 17:36:00,0.0,-1.6855
2013-01-01 17:37:00,0.0,-1.6855
2013-01-01 17:38:00,0.0,-1.7695
2013-01-01 17:39:00,0.0,-1.7135
2013-01-01 17:40:00,0.0,-1.6855
2013-01-01 17:41:00,0.0,-1.6855
2013-01-01 17:42:00,0.0,-1.6855
2013-01-01 17:43:00,0.0,-1.6855
2013-01-01 17:44:00,0.0,-1.6855
2013-01-01 17:45:00,0.0,-1.6855
2013-01-01 17:46:00,0.0,-1.6855
2013-01-01 17:47:00,0.0,-1.6855
2013-01-01 17:48:00,0.0,-1.6855
2013-01-01 17:49:00,0.0,-1.6855
2013-01-01 17:50:00,0.0,-1.6855
2013-01-01 17:51:00,0.0,-1.686
2013-01-01 17:52:00,0.0,-1.686
2013-01-01 17:53:00,0.0,-1.6295
2013-01-01 17:54:00,0.0,-1.6015
2013-01-01 17:55:00,0.0,-1.3485
2013-01-01 17:56:00,0.0,-1.2925
2013-01-01 17:57:00,0.0,-1.3205
2013-01-01 17:58:00,0.0,-1.3485
2013-01-01 17:59:00,0.0,-1.18
2013-01-01 18:00:00,0.0,-1.0395
2013-01-01 18:01:00,0.0,-1.2365
2013-01-01 18:02:00,0.0,-1.18
2013-01-01 18:03:00,0.0,-1.0115
2013-01-01 18:04:00,0.0,-1.0115
2013-01-01 18:05:00,0.0,-1.152
2013-01-01 18:06:00,0.0,-1.0395
2013-01-01 18:07:00,0.0,-1.0115
2013-01-01 18:08:00,0.0,-1.0115
2013-01-01 18:09:00,0.0,-1.0115
2013-01-01 18:10:00,0.0,-1.0115
2013-01-01 18:11:00,0.0,-1.0115
2013-01-01 18:12:00,0.0,-1.0115
2013-01-01 18:13:00,0.0,-1.0115
2013-01-01 18:14:00,0.0,-1.0115
2013-01-01 18:15:00,0.0,-1.124
2013-01-01 18:16:00,0.0,-1.349
2013-01-01 18:17:00,0.0,-1.349
2013-01-01 18:18:00,0.0,-1.349
2013-01-01 18:19:00,0.0,-1.068
2013-01-01 18:20:00,0.0,-1.2365
2013-01-01 18:21:00,0.0,-1.068
2013-01-01 18:22:00,0.0,-1.2085
2013-01-01 18:23:00,0.0,-1.349
2013-01-01 18:24:00,0.0,-1.349
2013-01-01 18:25:00,0.0,-1.349
2013-01-01 18:26:00,0.0,-1.349
2013-01-01 18:27:00,0.0,-1.349
2013-01-01 18:28:00,0.0,-1.0115
2013-01-01 18:29:00,0.0,-1.152
2013-01-01 18:30:00,0.0,-1.0115
2013-01-01 18:31:00,0.0,-1.0115
2013-01-01 18:32:00,0.0,-1.0115
2013-01-01 18:33:00,0.0,-1.0115
2013-01-01 18:34:00,0.0,-1.0115
2013-01-01 18:35:00,0.0,-1.0115
2013-01-01 18:36:00,0.0,-1.0115
2013-01-01 18:37:00,0.0,-1.0115
2013-01-01 18:38:00,0.0,-1.18
2013-01-01 18:39:00,0.0,-1.349
2013-01-01 18:40:00,0.0,-1.349
2013-01-01 18:41:00,0.0,-1.349
2013-01-01 18:42:00,0.0,-1.349
2013-01-01 18:43:00,0.0,-1.349
2013-01-01 18:44:00,0.0,-1.349
2013-01-01 18:45:00,0.0,-1.349
2013-01-01 18:46:00,0.0,-1.405
2013-01-01 18:47:00,0.0,-1.377
2013-01-01 18:48:00,0.0,-1.4615
2013-01-01 18:49:00,0.0,-1.4615
2013-01-01 18:50:00,0.0,-1.349
2013-01-01 18:51:00,0.0,-1.349
2013-01-01 18:52:00,0.0,-1.377
2013-01-01 18:53:00,0.0,-1.2645
2013-01-01 18:54:00,0.0,-1.04
2013-01-01 18:55:00,0.0,-1.096
2013-01-01 18:56:00,0.0,-1.321
2013-01-01 18:57:00,0.0,-1.349
2013-01-01 18:58:00,0.0,-1.349
2013-01-01 18:59:00,0.0,-1.405
2013-01-01 19:00:00,0.0,-1.4335
2013-01-01 19:01:00,0.0,-1.349
2013-01-01 19:02:00,0.0,-1.4335
2013-01-01 19:03:00,0.0,-1.4615
2013-01-01 19:04:00,0.0,-1.349
2013-01-01 19:05:00,0.0,-1.349
2013-01-01 19:06:00,0.0,-1.349
2013-01-01 19:07:00,0.0,-1.4615
2013-01-01 19:08:00,0.0,-1.349
2013-01-01 19:09:00,0.0,-1.349
2013-01-01 19:10:00,0.0,-1.349
2013-01-01 19:11:00,0.0,-1.349
2013-01-01 19:12:00,0.0,-1.349
2013-01-01 19:13:00,0.0,-1.2645
2013-01-01 19:14:00,0.0,-1.321
2013-01-01 19:15:00,0.0,-1.012
2013-01-01 19:16:00,0.0,-1.012
2013-01-01 19:17:00,0.0,-1.012
2013-01-01 19:18:00,0.0,-1.012
2013-01-01 19:19:00,0.0,-1.012
2013-01-01 19:20:00,0.0,-1.012
2013-01-01 19:21:00,0.0,-1.012
2013-01-01 19:22:00,0.0,-1.012
2013-01-01 19:23:00,0.0,-1.012
2013-01-01 19:24:00,0.0,-1.012
2013-01-01 19:25:00,0.0,-1.012
2013-01-01 19:26:00,0.0,-1.012
2013-01-01 19:27:00,0.0,-1.012
2013-01-01 19:28:00,0.0,-1.012
2013-01-01 19:29:00,0.0,-1.012
2013-01-01 19:30:00,0.0,-1.012
2013-01-01 19:31:00,0.0,-1.012
2013-01-01 19:32:00,0.0,-1.012
2013-01-01 19:33:00,0.0,-1.2645
2013-01-01 19:34:00,0.0,-1.2365
2013-01-01 19:35:00,0.0,-1.321
2013-01-01 19:36:00,0.0,-1.321
2013-01-01 19:37:00,0.0,-1.124
2013-01-01 19:38:00,0.0,-1.068
2013-01-01 19:39:00,0.0,-1.012
2013-01-01 19:40:00,0.0,-1.012
2013-01-01 19:41:00,0.0,-1.1525
2013-01-01 19:42:00,0.0,-1.04
2013-01-01 19:43:00,0.0,-1.068
2013-01-01 19:44:00,0.0,-1.1525
2013-01-01 19:45:00,0.0,-1.2645
2013-01-01 19:46:00,0.0,-1.349
2013-01-01 19:47:00,0.0,-1.349
2013-01-01 19:48:00,0.0,-1.293
2013-01-01 19:49:00,0.0,-1.321
2013-01-01 19:50:00,0.0,-1.349
2013-01-01 19:51:00,0.0,-1.349
2013-01-01 19:52:00,0.0,-1.377
2013-01-01 19:53:00,0.0,-1.349
2013-01-01 19:54:00,0.0,-1.349
2013-01-01 19:55:00,0.0,-1.349
2013-01-01 19:56:00,0.0,-1.349
2013-01-01 19:57:00,0.0,-1.321
2013-01-01 19:58:00,0.0,-1.349
2013-01-01 19:59:00,0.0,-1.349
2013-01-01 20:00:00,0.0,-1.349
2013-01-01 20:01:00,0.0,-1.349
2013-01-01 20:02:00,0.0,-1.349
2013-01-01 20:03:00,0.0,-1.349
2013-01-01 20:04:00,0.0,-1.321
2013-01-01 20:05:00,0.0,-1.1525
2013-01-01 20:06:00,0.0,-1.012
2013-01-01 20:07:00,0.0,-1.012
2013-01-01 20:08:00,0.0,-1.012
2013-01-01 20:09:00,0.0,-1.012
2013-01-01 20:10:00,0.0,-1.012
2013-01-01 20:11:00,0.0,-1.012
2013-01-01 20:12:00,0.0,-1.012
2013-01-01 20:13:00,0.0,-1.012
2013-01-01 20:14:00,0.0,-1.012
2013-01-01 20:15:00,0.0,-1.012
2013-01-01 20:16:00,0.0,-1.012
2013-01-01 20:17:00,0.0,-1.012
2013-01-01 20:18:00,0.0,-1.04
2013-01-01 20:19:00,0.0,-1.349
2013-01-01 20:20:00,0.0,-1.4615
2013-01-01 20:21:00,0.0,-1.6865
2013-01-01 20:22:00,0.0,-1.6865
2013-01-01 20:23:00,0.0,-1.6865
2013-01-01 20:24:00,0.0,-1.6865
2013-01-01 20:25:00,0.0,-1.6865
2013-01-01 20:26:00,0.0,-1.6865
2013-01-01 20:27:00,0.0,-1.6865
2013-01-01 20:28:00,0.0,-1.6865
2013-01-01 20:29:00,0.0,-1.4335
2013-01-01 20:30:00,0.0,-1.377
2013-01-01 20:31:00,0.0,-1.012
2013-01-01 20:32:00,0.0,-1.012
2013-01-01 20:33:00,0.0,-1.012
2013-01-01 20:34:00,0.0,-1.012
2013-01-01 20:35:00,0.0,-1.068
2013-01-01 20:36:00,0.0,-1.2085
2013-01-01 20:37:00,0.0,-1.1525
2013-01-01 20:38:00,0.0,-1.012
2013-01-01 20:39:00,0.0,-1.012
2013-01-01 20:40:00,0.0,-1.012
2013-01-01 20:41:00,0.0,-1.1525
2013-01-01 20:42:00,0.0,-1.349
2013-01-01 20:43:00,0.0,-1.349
2013-01-01 20:44:00,0.0,-1.1805
2013-01-01 20:45:00,0.0,-1.068
2013-01-01 20:46:00,0.0,-1.012
2013-01-01 20:47:00,0.0,-1.012
2013-01-01 20:48:00,0.0,-1.012
2013-01-01 20:49:00,0.0,-1.04
2013-01-01 20:50:00,0.0,-1.012
2013-01-01 20:51:00,0.0,-1.012
2013-01-01 20:52:00,0.0,-1.096
2013-01-01 20:53:00,0.0,-1.1245
2013-01-01 20:54:00,0.0,-1.04
2013-01-01 20:55:00,0.0,-1.1245
2013-01-01 20:56:00,0.0,-1.321
2013-01-01 20:57:00,0.0,-1.349
2013-01-01 20:58:00,0.0,-1.349
2013-01-01 20:59:00,0.0,-1.349
2013-01-01 21:00:00,0.0,-1.349
2013-01-01 21:01:00,0.0,-1.349
2013-01-01 21:02:00,0.0,-1.349
2013-01-01 21:03:00,0.0,-1.63
2013-01-01 21:04:00,0.0,-1.6865
2013-01-01 21:05:00,0.0,-1.6865
2013-01-01 21:06:00,0.0,-1.6865
2013-01-01 21:07:00,0.0,-1.6865
2013-01-01 21:08:00,0.0,-1.6865
2013-01-01 21:09:00,0.0,-1.4335
2013-01-01 21:10:00,0.0,-1.1805
2013-01-01 21:11:00,0.0,-1.2365
2013-01-01 21:12:00,0.0,-1.2365
2013-01-01 21:13:00,0.0,-1.349
2013-01-01 21:14:00,0.0,-1.321
2013-01-01 21:15:00,0.0,-1.1805
2013-01-01 21:16:00,0.0,-1.349
2013-01-01 21:17:00,0.0,-1.349
2013-01-01 21:18:00,0.0,-1.349
2013-01-01 21:19:00,0.0,-1.349
2013-01-01 21:20:00,0.0,-1.1525
2013-01-01 21:21:00,0.0,-1.096
2013-01-01 21:22:00,0.0,-1.012
2013-01-01 21:23:00,0.0,-1.012
2013-01-01 21:24:00,0.0,-1.012
2013-01-01 21:25:00,0.0,-1.012
2013-01-01 21:26:00,0.0,-1.012
2013-01-01 21:27:00,0.0,-1.012
2013-01-01 21:28:00,0.0,-1.012
2013-01-01 21:29:00,0.0,-1.012
2013-01-01 21:30:00,0.0,-1.012
2013-01-01 21:31:00,0.0,-1.012
2013-01-01 21:32:00,0.0,-1.012
2013-01-01 21:33:00,0.0,-1.04
2013-01-01 21:34:00,0.0,-1.265
2013-01-01 21:35:00,0.0,-1.096
2013-01-01 21:36:00,0.0,-1.012
2013-01-01 21:37:00,0.0,-1.321
2013-01-01 21:38:00,0.0,-1.349
2013-01-01 21:39:00,0.0,-1.4055
2013-01-01 21:40:00,0.0,-1.3775
2013-01-01 21:41:00,0.0,-1.602
2013-01-01 21:42:00,0.0,-1.602
2013-01-01 21:43:00,0.0,-1.349
2013-01-01 21:44:00,0.0,-1.349
2013-01-01 21:45:00,0.0,-1.349
2013-01-01 21:46:00,0.0,-1.349
2013-01-01 21:47:00,0.0,-1.321
2013-01-01 21:48:00,0.0,-1.321
2013-01-01 21:49:00,0.0,-1.096
2013-01-01 21:50:00,0.0,-1.1805
2013-01-01 21:51:00,0.0,-1.349
2013-01-01 21:52:00,0.0,-1.349
2013-01-01 21:53:00,0.0,-1.349
2013-01-01 21:54:00,0.0,-1.349
2013-01-01 21:55:00,0.0,-1.349
2013-01-01 21:56:00,0.0,-1.349
2013-01-01 21:57:00,0.0,-1.293
2013-01-01 21:58:00,0.0,-1.265
2013-01-01 21:59:00,0.0,-1.04
2013-01-01 22:00:00,0.0,-1.012
2013-01-01 22:01:00,0.0,-1.012
2013-01-01 22:02:00,0.0,-1.012
2013-01-01 22:03:00,0.0,-1.012
2013-01-01 22:04:00,0.0,-1.012
2013-01-01 22:05:00,0.0,-1.012
2013-01-01 22:06:00,0.0,-1.012
2013-01-01 22:07:00,0.0,-1.012
2013-01-01 22:08:00,0.0,-1.012
2013-01-01 22:09:00,0.0,-1.012
2013-01-01 22:10:00,0.0,-1.012
2013-01-01 22:11:00,0.0,-1.012
2013-01-01 22:12:00,0.0,-1.012
2013-01-01 22:13:00,0.0,-1.012
2013-01-01 22:14:00,0.0,-1.012
2013-01-01 22:15:00,0.0,-1.012
2013-01-01 22:16:00,0.0,-1.012
2013-01-01 22:17:00,0.0,-1.012
2013-01-01 22:18:00,0.0,-1.012
2013-01-01 22:19:00,0.0,-1.012
2013-01-01 22:20:00,0.0,-1.012
2013-01-01 22:21:00,0.0,-1.012
2013-01-01 22:22:00,0.0,-1.012
2013-01-01 22:23:00,0.0,-1.012
2013-01-01 22:24:00,0.0,-1.012
2013-01-01 22:25:00,0.0,-1.012
2013-01-01 22:26:00,0.0,-1.012
2013-01-01 22:27:00,0.0,-1.012
2013-01-01 22:28:00,0.0,-1.012
2013-01-01 22:29:00,0.0,-1.012
2013-01-01 22:30:00,0.0,-1.012
2013-01-01 22:31:00,0.0,-1.012
2013-01-01 22:32:00,0.0,-1.012
2013-01-01 22:33:00,0.0,-1.012
2013-01-01 22:34:00,0.0,-1.012
2013-01-01 22:35:00,0.0,-1.012
2013-01-01 22:36:00,0.0,-1.012
2013-01-01 22:37:00,0.0,-1.012
2013-01-01 22:38:00,0.0,-1.012
2013-01-01 22:39:00,0.0,-1.012
2013-01-01 22:40:00,0.0,-1.012
2013-01-01 22:41:00,0.0,-1.012
2013-01-01 22:42:00,0.0,-1.012
2013-01-01 22:43:00,0.0,-1.012
2013-01-01 22:44:00,0.0,-1.012
2013-01-01 22:45:00,0.0,-1.012
2013-01-01 22:46:00,0.0,-1.012
2013-01-01 22:47:00,0.0,-1.012
2013-01-01 22:48:00,0.0,-1.012
2013-01-01 22:49:00,0.0,-1.012
2013-01-01 22:50:00,0.0,-1.012
2013-01-01 22:51:00,0.0,-1.012
2013-01-01 22:52:00,0.0,-1.012
2013-01-01 22:53:00,0.0,-1.012
2013-01-01 22:54:00,0.0,-1.012
2013-01-01 22:55:00,0.0,-1.012
2013-01-01 22:56:00,0.0,-1.012
2013-01-01 22:57:00,0.0,-1.012
2013-01-01 22:58:00,0.0,-1.012
2013-01-01 22:59:00,0.0,-1.012
2013-01-01 23:00:00,0.0,-1.012
2013-01-01 23:01:00,0.0,-1.012
2013-01-01 23:02:00,0.0,-1.012
2013-01-01 23:03:00,0.0,-1.012
2013-01-01 23:04:00,0.0,-1.012
2013-01-01 23:05:00,0.0,-1.012
2013-01-01 23:06:00,0.0,-0.815
2013-01-01 23:07:00,0.0,-0.6745
2013-01-01 23:08:00,0.0,-0.843
2013-01-01 23:09:00,0.0,-0.6745
2013-01-01 23:10:00,0.0,-0.7025
2013-01-01 23:11:00,0.0,-0.6745
2013-01-01 23:12:00,0.0,-0.6745
2013-01-01 23:13:00,0.0,-0.6745
2013-01-01 23:14:00,0.0,-0.6745
2013-01-01 23:15:00,0.0,-0.6745
2013-01-01 23:16:00,0.0,-0.6745
2013-01-01 23:17:00,0.0,-0.6745
2013-01-01 23:18:00,0.0,-0.6745
2013-01-01 23:19:00,0.0,-0.6745
2013-01-01 23:20:00,0.0,-0.6745
2013-01-01 23:21:00,0.0,-0.6745
2013-01-01 23:22:00,0.0,-0.6745
2013-01-01 23:23:00,0.0,-0.6745
2013-01-01 23:24:00,0.0,-0.6745
2013-01-01 23:25:00,0.0,-0.6745
2013-01-01 23:26:00,0.0,-0.6745
2013-01-01 23:27:00,0.0,-0.6745
2013-01-01 23:28:00,0.0,-0.6745
2013-01-01 23:29:00,0.0,-0.6745
2013-01-01 23:30:00,0.0,-0.6745
2013-01-01 23:31:00,0.0,-0.6745
2013-01-01 23:32:00,0.0,-0.6745
2013-01-01 23:33:00,0.0,-0.6745
2013-01-01 23:34:00,0.0,-0.6745
2013-01-01 23:35:00,0.0,-0.6745
2013-01-01 23:36:00,0.0,-0.6745
2013-01-01 23:37:00,0.0,-0.6745
2013-01-01 23:38:00,0.0,-0.6745
2013-01-01 23:39:00,0.0,-0.6745
2013-01-01 23:40:00,0.0,-0.6745
2013-01-01 23:41:00,0.0,-0.6745
2013-01-01 23:42:00,0.0,-0.6745
2013-01-01 23:43:00,0.0,-0.6745
2013-01-01 23:44:00,0.0,-0.6745
2013-01-01 23:45:00,0.0,-0.6745
2013-01-01 23:46:00,0.0,-0.6745
2013-01-01 23:47:00,0.0,-0.6745
2013-01-01 23:48:00,0.0,-0.6745
2013-01-01 23:49:00,0.0,-0.6745
2013-01-01 23:50:00,0.0,-0.6745
2013-01-01 23:51:00,0.0,-0.6745
2013-01-01 23:52:00,0.0,-0.6745
2013-01-01 23:53:00,0.0,-0.6745
2013-01-01 23:54:00,0.0,-0.6745
2013-01-01 23:55:00,0.0,-0.6745
2013-01-01 23:56:00,0.0,-0.6745
2013-01-01 23:57:00,0.0,-0.7025
2013-01-01 23:58:00,0.0,-0.7025
2013-01-01 23:59:00,0.0,-0.6745
2013-01-02 00:00:00,0.0,-0.6745
2013-01-02 00:01:00,0.0,-0.7025
2013-01-02 00:02:00,0.0,-0.6745
2013-01-02 00:03:00,0.0,-0.6745
2013-01-02 00:04:00,0.0,-0.6745
2013-01-02 00:05:00,0.0,-0.6745
2013-01-02 00:06:00,0.0,-0.6745
2013-01-02 00:07:00,0.0,-0.7025
2013-01-02 00:08:00,0.0,-0.787
2013-01-02 00:09:00,0.0,-0.899
2013-01-02 00:10:00,0.0,-0.9835
2013-01-02 00:11:00,0.0,-1.0115
2013-01-02 00:12:00,0.0,-1.0115
2013-01-02 00:13:00,0.0,-1.0115
2013-01-02 00:14:00,0.0,-1.0115
2013-01-02 00:15:00,0.0,-1.0115
2013-01-02 00:16:00,0.0,-1.0115
2013-01-02 00:17:00,0.0,-1.0115
2013-01-02 00:18:00,0.0,-1.0115
2013-01-02 00:19:00,0.0,-1.0115
2013-01-02 00:20:00,0.0,-1.0115
2013-01-02 00:21:00,0.0,-1.0115
2013-01-02 00:22:00,0.0,-1.0115
2013-01-02 00:23:00,0.0,-1.0115
2013-01-02 00:24:00,0.0,-1.0115
2013-01-02 00:25:00,0.0,-1.0115
2013-01-02 00:26:00,0.0,-1.0115
2013-01-02 00:27:00,0.0,-1.0115
2013-01-02 00:28:00,0.0,-1.0115
2013-01-02 00:29:00,0.0,-1.0115
2013-01-02 00:30:00,0.0,-1.0115
2013-01-02 00:31:00,0.0,-1.0115
2013-01-02 00:32:00,0.0,-1.0115
2013-01-02 00:33:00,0.0,-1.0115
2013-01-02 00:34:00,0.0,-1.0115
2013-01-02 00:35:00,0.0,-1.0115
2013-01-02 00:36:00,0.0,-1.0115
2013-01-02 00:37:00,0.0,-1.0115
2013-01-02 00:38:00,0.0,-1.0115
2013-01-02 00:39:00,0.0,-1.0115
2013-01-02 00:40:00,0.0,-1.0115
2013-01-02 00:41:00,0.0,-1.0115
2013-01-02 00:42:00,0.0,-1.0115
2013-01-02 00:43:00,0.0,-1.0115
2013-01-02 00:44:00,0.0,-1.0115
2013-01-02 00:45:00,0.0,-1.0115
2013-01-02 00:46:00,0.0,-1.0115
2013-01-02 00:47:00,0.0,-1.0115
2013-01-02 00:48:00,0.0,-1.0115
2013-01-02 00:49:00,0.0,-1.0115
2013-01-02 00:50:00,0.0,-1.0115
2013-01-02 00:51:00,0.0,-1.0115
2013-01-02 00:52:00,0.0,-1.0115
2013-01-02 00:53:00,0.0,-1.0115
2013-01-02 00:54:00,0.0,-1.0115
2013-01-02 00:55:00,0.0,-1.0115
2013-01-02 00:56:00,0.0,-1.0115
2013-01-02 00:57:00,0.0,-1.0115
2013-01-02 00:58:00,0.0,-1.0115
2013-01-02 00:59:00,0.0,-0.7305
2013-01-02 01:00:00,0.0,-0.6745
2013-01-02 01:01:00,0.0,-0.6745
2013-01-02 01:02:00,0.0,-0.6745
2013-01-02 01:03:00,0.0,-0.6745
2013-01-02 01:04:00,0.0,-0.6745
2013-01-02 01:05:00,0.0,-0.6745
2013-01-02 01:06:00,0.0,-0.59
2013-01-02 01:07:00,0.0,-0.337
2013-01-02 01:08:00,0.0,-0.337
2013-01-02 01:09:00,0.0,-0.4495
2013-01-02 01:10:00,0.0,-0.6745
2013-01-02 01:11:00,0.0,-0.6745
2013-01-02 01:12:00,0.0,-0.6745
2013-01-02 01:13:00,0.0,-0.6745
2013-01-02 01:14:00,0.0,-0.6745
2013-01-02 01:15:00,0.0,-0.6745
2013-01-02 01:16:00,0.0,-0.6745
2013-01-02 01:17:00,0.0,-0.6745
2013-01-02 01:18:00,0.0,-0.6745
2013-01-02 01:19:00,0.0,-0.6745
2013-01-02 01:20:00,0.0,-0.6745
2013-01-02 01:21:00,0.0,-0.6745
2013-01-02 01:22:00,0.0,-0.6745
2013-01-02 01:23:00,0.0,-0.6745
2013-01-02 01:24:00,0.0,-0.6745
2013-01-02 01:25:00,0.0,-0.6745
2013-01-02 01:26:00,0.0,-0.6745
2013-01-02 01:27:00,0.0,-0.6745
2013-01-02 01:28:00,0.0,-0.6745
2013-01-02 01:29:00,0.0,-0.6745
2013-01-02 01:30:00,0.0,-0.759
2013-01-02 01:31:00,0.0,-1.0115
2013-01-02 01:32:00,0.0,-1.0115
2013-01-02 01:33:00,0.0,-1.0115
2013-01-02 01:34:00,0.0,-1.0115
2013-01-02 01:35:00,0.0,-1.0115
2013-01-02 01:36:00,0.0,-1.0115
2013-01-02 01:37:00,0.0,-1.0115
2013-01-02 01:38:00,0.0,-1.0115
2013-01-02 01:39:00,0.0,-1.0115
2013-01-02 01:40:00,0.0,-1.0115
2013-01-02 01:41:00,0.0,-1.0115
2013-01-02 01:42:00,0.0,-1.0115
2013-01-02 01:43:00,0.0,-1.0115
2013-01-02 01:44:00,0.0,-1.0115
2013-01-02 01:45:00,0.0,-1.0115
2013-01-02 01:46:00,0.0,-1.0115
2013-01-02 01:47:00,0.0,-1.0115
2013-01-02 01:48:00,0.0,-1.0115
2013-01-02 01:49:00,0.0,-1.0115
2013-01-02 01:50:00,0.0,-1.0115
2013-01-02 01:51:00,0.0,-1.0115
2013-01-02 01:52:00,0.0,-1.0115
2013-01-02 01:53:00,0.0,-1.0115
2013-01-02 01:54:00,0.0,-1.0115
2013-01-02 01:55:00,0.0,-1.0115
2013-01-02 01:56:00,0.0,-1.0115
2013-01-02 01:57:00,0.0,-1.0115
2013-01-02 01:58:00,0.0,-1.0115
2013-01-02 01:59:00,0.0,-1.0115
2013-01-02 02:00:00,0.0,-1.04
2013-01-02 02:01:00,0.0,-1.2365
2013-01-02 02:02:00,0.0,-1.1805
2013-01-02 02:03:00,0.0,-1.0115
2013-01-02 02:04:00,0.0,-1.0115
2013-01-02 02:05:00,0.0,-1.0115
2013-01-02 02:06:00,0.0,-1.0115
2013-01-02 02:07:00,0.0,-1.0115
2013-01-02 02:08:00,0.0,-1.04
2013-01-02 02:09:00,0.0,-1.1805
2013-01-02 02:10:00,0.0,-1.2925
2013-01-02 02:11:00,0.0,-1.349
2013-01-02 02:12:00,0.0,-1.349
2013-01-02 02:13:00,0.0,-1.349
2013-01-02 02:14:00,0.0,-1.377
2013-01-02 02:15:00,0.0,-1.405
2013-01-02 02:16:00,0.0,-1.658
2013-01-02 02:17:00,0.0,-1.686
2013-01-02 02:18:00,0.0,-1.686
2013-01-02 02:19:00,0.0,-1.686
2013-01-02 02:20:00,0.0,-1.686
2013-01-02 02:21:00,0.0,-1.686
2013-01-02 02:22:00,0.0,-1.686
2013-01-02 02:23:00,0.0,-1.686
2013-01-02 02:24:00,0.0,-1.686
2013-01-02 02:25:00,0.0,-1.658
2013-01-02 02:26:00,0.0,-1.4615
2013-01-02 02:27:00,0.0,-1.377
2013-01-02 02:28:00,0.0,-1.5455
2013-01-02 02:29:00,0.0,-1.686
2013-01-02 02:30:00,0.0,-1.4335
2013-01-02 02:31:00,0.0,-1.349
2013-01-02 02:32:00,0.0,-1.4615
2013-01-02 02:33:00,0.0,-1.349
2013-01-02 02:34:00,0.0,-1.405
2013-01-02 02:35:00,0.0,-1.349
2013-01-02 02:36:00,0.0,-1.574
2013-01-02 02:37:00,0.0,-1.6865
2013-01-02 02:38:00,0.0,-1.6865
2013-01-02 02:39:00,0.0,-1.6865
2013-01-02 02:40:00,0.0,-1.6865
2013-01-02 02:41:00,0.0,-1.546
2013-01-02 02:42:00,0.0,-1.4335
2013-01-02 02:43:00,0.0,-1.349
2013-01-02 02:44:00,0.0,-1.096
2013-01-02 02:45:00,0.0,-1.012
2013-01-02 02:46:00,0.0,-1.012
2013-01-02 02:47:00,0.0,-1.012
2013-01-02 02:48:00,0.0,-1.012
2013-01-02 02:49:00,0.0,-1.012
2013-01-02 02:50:00,0.0,-1.012
2013-01-02 02:51:00,0.0,-1.012
2013-01-02 02:52:00,0.0,-1.012
2013-01-02 02:53:00,0.0,-1.012
2013-01-02 02:54:00,0.0,-1.1245
2013-01-02 02:55:00,0.0,-1.096
2013-01-02 02:56:00,0.0,-1.2365
2013-01-02 02:57:00,0.0,-1.012
2013-01-02 02:58:00,0.0,-1.068
2013-01-02 02:59:00,0.0,-1.068
2013-01-02 03:00:00,0.0,-1.012
2013-01-02 03:01:00,0.0,-1.012
2013-01-02 03:02:00,0.0,-1.04
2013-01-02 03:03:00,0.0,-1.012
2013-01-02 03:04:00,0.0,-1.012
2013-01-02 03:05:00,0.0,-1.012
2013-01-02 03:06:00,0.0,-1.012
2013-01-02 03:07:00,0.0,-1.04
2013-01-02 03:08:00,0.0,-1.349
2013-01-02 03:09:00,0.0,-1.349
2013-01-02 03:10:00,0.0,-1.349
2013-01-02 03:11:00,0.0,-1.349
2013-01-02 03:12:00,0.0,-1.349
2013-01-02 03:13:00,0.0,-1.349
2013-01-02 03:14:00,0.0,-1.349
2013-01-02 03:15:00,0.0,-1.349
2013-01-02 03:16:00,0.0,-1.349
2013-01-02 03:17:00,0.0,-1.1805
2013-01-02 03:18:00,0.0,-1.012
2013-01-02 03:19:00,0.0,-1.012
2013-01-02 03:20:00,0.0,-1.012
2013-01-02 03:21:00,0.0,-1.012
2013-01-02 03:22:00,0.0,-1.1805
2013-01-02 03:23:00,0.0,-1.349
2013-01-02 03:24:00,0.0,-1.349
2013-01-02 03:25:00,0.0,-1.4615
2013-01-02 03:26:00,0.0,-1.518
2013-01-02 03:27:00,0.0,-1.349
2013-01-02 03:28:00,0.0,-1.4335
2013-01-02 03:29:00,0.0,-1.4615
2013-01-02 03:30:00,0.0,-1.349
2013-01-02 03:31:00,0.0,-1.1805
2013-01-02 03:32:00,0.0,-1.012
2013-01-02 03:33:00,0.0,-1.012
2013-01-02 03:34:00,0.0,-1.012
2013-01-02 03:35:00,0.0,-1.2085
2013-01-02 03:36:00,0.0,-1.012
2013-01-02 03:37:00,0.0,-1.012
2013-01-02 03:38:00,0.0,-1.012
2013-01-02 03:39:00,0.0,-1.012
2013-01-02 03:40:00,0.0,-1.012
2013-01-02 03:41:00,0.0,-1.012
2013-01-02 03:42:00,0.0,-1.012
2013-01-02 03:43:00,0.0,-1.012
2013-01-02 03:44:00,0.0,-1.012
2013-01-02 03:45:00,0.0,-1.04
2013-01-02 03:46:00,0.0,-1.012
2013-01-02 03:47:00,0.0,-1.012
2013-01-02 03:48:00,0.0,-1.012
2013-01-02 03:49:00,0.0,-1.012
2013-01-02 03:50:00,0.0,-1.012
2013-01-02 03:51:00,0.0,-1.012
2013-01-02 03:52:00,0.0,-1.012
2013-01-02 03:53:00,0.0,-1.012
2013-01-02 03:54:00,0.0,-1.012
2013-01-02 03:55:00,0.0,-1.012
2013-01-02 03:56:00,0.0,-1.012
2013-01-02 03:57:00,0.0,-1.012
2013-01-02 03:58:00,0.0,-1.012
2013-01-02 03:59:00,0.0,-1.012
2013-01-02 04:00:00,0.0,-1.012
2013-01-02 04:01:00,0.0,-1.012
2013-01-02 04:02:00,0.0,-1.012
2013-01-02 04:03:00,0.0,-1.012
2013-01-02 04:04:00,0.0,-1.012
2013-01-02 04:05:00,0.0,-1.012
2013-01-02 04:06:00,0.0,-1.012
2013-01-02 04:07:00,0.0,-1.012
2013-01-02 04:08:00,0.0,-1.012
2013-01-02 04:09:00,0.0,-1.012
2013-01-02 04:10:00,0.0,-1.04
2013-01-02 04:11:00,0.0,-1.068
2013-01-02 04:12:00,0.0,-1.237
2013-01-02 04:13:00,0.0,-1.012
2013-01-02 04:14:00,0.0,-1.012
2013-01-02 04:15:00,0.0,-1.068
2013-01-02 04:16:00,0.0,-1.096
2013-01-02 04:17:00,0.0,-1.012
2013-01-02 04:18:00,0.0,-1.012
2013-01-02 04:19:00,0.0,-1.012
2013-01-02 04:20:00,0.0,-1.012
2013-01-02 04:21:00,0.0,-1.012
2013-01-02 04:22:00,0.0,-1.012
2013-01-02 04:23:00,0.0,-1.012
2013-01-02 04:24:00,0.0,-1.012
2013-01-02 04:25:00,0.0,-1.293
2013-01-02 04:26:00,0.0,-1.2085
2013-01-02 04:27:00,0.0,-1.068
2013-01-02 04:28:00,0.0,-1.012
2013-01-02 04:29:00,0.0,-1.012
2013-01-02 04:30:00,0.0,-1.012
2013-01-02 04:31:00,0.0,-1.012
2013-01-02 04:32:00,0.0,-1.012
2013-01-02 04:33:00,0.0,-1.012
2013-01-02 04:34:00,0.0,-1.012
2013-01-02 04:35:00,0.0,-1.012
2013-01-02 04:36:00,0.0,-1.1525
2013-01-02 04:37:00,0.0,-1.349
2013-01-02 04:38:00,0.0,-1.349
2013-01-02 04:39:00,0.0,-1.349
2013-01-02 04:40:00,0.0,-1.349
2013-01-02 04:41:00,0.0,-1.349
2013-01-02 04:42:00,0.0,-1.349
2013-01-02 04:43:00,0.0,-1.349
2013-01-02 04:44:00,0.0,-1.349
2013-01-02 04:45:00,0.0,-1.349
2013-01-02 04:46:00,0.0,-1.349
2013-01-02 04:47:00,0.0,-1.349
2013-01-02 04:48:00,0.0,-1.349
2013-01-02 04:49:00,0.0,-1.265
2013-01-02 04:50:00,0.0,-1.096
2013-01-02 04:51:00,0.0,-1.012
2013-01-02 04:52:00,0.0,-1.096
2013-01-02 04:53:00,0.0,-1.012
2013-01-02 04:54:00,0.0,-1.012
2013-01-02 04:55:00,0.0,-1.012
2013-01-02 04:56:00,0.0,-1.012
2013-01-02 04:57:00,0.0,-1.012
2013-01-02 04:58:00,0.0,-1.012
2013-01-02 04:59:00,0.0,-1.012
2013-01-02 05:00:00,0.0,-1.012
2013-01-02 05:01:00,0.0,-1.012
2013-01-02 05:02:00,0.0,-1.012
2013-01-02 05:03:00,0.0,-1.012
2013-01-02 05:04:00,0.0,-1.012
2013-01-02 05:05:00,0.0,-1.012
2013-01-02 05:06:00,0.0,-1.012
2013-01-02 05:07:00,0.0,-1.012
2013-01-02 05:08:00,0.0,-1.012
2013-01-02 05:09:00,0.0,-1.012
2013-01-02 05:10:00,0.0,-1.012
2013-01-02 05:11:00,0.0,-1.012
2013-01-02 05:12:00,0.0,-1.1245
2013-01-02 05:13:00,0.0,-1.012
2013-01-02 05:14:00,0.0,-1.012
2013-01-02 05:15:00,0.0,-1.012
2013-01-02 05:16:00,0.0,-1.012
2013-01-02 05:17:00,0.0,-1.096
2013-01-02 05:18:00,0.0,-1.04
2013-01-02 05:19:00,0.0,-1.012
2013-01-02 05:20:00,0.0,-1.012
2013-01-02 05:21:00,0.0,-1.04
2013-01-02 05:22:00,0.0,-1.321
2013-01-02 05:23:00,0.0,-1.349
2013-01-02 05:24:00,0.0,-1.349
2013-01-02 05:25:00,0.0,-1.349
2013-01-02 05:26:00,0.0,-1.349
2013-01-02 05:27:00,0.0,-1.349
2013-01-02 05:28:00,0.0,-1.349
2013-01-02 05:29:00,0.0,-1.349
2013-01-02 05:30:00,0.0,-1.349
2013-01-02 05:31:00,0.0,-1.3775
2013-01-02 05:32:00,0.0,-1.349
2013-01-02 05:33:00,0.0,-1.349
2013-01-02 05:34:00,0.0,-1.349
2013-01-02 05:35:00,0.0,-1.349
2013-01-02 05:36:00,0.0,-1.293
2013-01-02 05:37:00,0.0,-1.237
2013-01-02 05:38:00,0.0,-1.349
2013-01-02 05:39:00,0.0,-1.1805
2013-01-02 05:40:00,0.0,-1.096
2013-01-02 05:41:00,0.0,-1.04
2013-01-02 05:42:00,0.0,-1.012
2013-01-02 05:43:00,0.0,-1.096
2013-01-02 05:44:00,0.0,-1.1525
2013-01-02 05:45:00,0.0,-1.265
2013-01-02 05:46:00,0.0,-1.349
2013-01-02 05:47:00,0.0,-1.349
2013-01-02 05:48:00,0.0,-1.349
2013-01-02 05:49:00,0.0,-1.265
2013-01-02 05:50:00,0.0,-1.012
2013-01-02 05:51:00,0.0,-1.1245
2013-01-02 05:52:00,0.0,-1.265
2013-01-02 05:53:00,0.0,-1.349
2013-01-02 05:54:00,0.0,-1.321
2013-01-02 05:55:00,0.0,-1.349
2013-01-02 05:56:00,0.0,-1.349
2013-01-02 05:57:00,0.0,-1.349
2013-01-02 05:58:00,0.0,-1.349
2013-01-02 05:59:00,0.0,-1.349
2013-01-02 06:00:00,0.0,-1.349
2013-01-02 06:01:00,0.0,-1.4895
2013-01-02 06:02:00,0.0,-1.602
2013-01-02 06:03:00,0.0,-1.6865
2013-01-02 06:04:00,0.0,-1.4615
2013-01-02 06:05:00,0.0,-1.4055
2013-01-02 06:06:00,0.0,-1.349
2013-01-02 06:07:00,0.0,-1.349
2013-01-02 06:08:00,0.0,-1.3775
2013-01-02 06:09:00,0.0,-1.349
2013-01-02 06:10:00,0.0,-1.349
2013-01-02 06:11:00,0.0,-1.349
2013-01-02 06:12:00,0.0,-1.349
2013-01-02 06:13:00,0.0,-1.349
2013-01-02 06:14:00,0.0,-1.349
2013-01-02 06:15:00,0.0,-1.349
2013-01-02 06:16:00,0.0,-1.349
2013-01-02 06:17:00,0.0,-1.349
2013-01-02 06:18:00,0.0,-1.349
2013-01-02 06:19:00,0.0,-1.349
2013-01-02 06:20:00,0.0,-1.349
2013-01-02 06:21:00,0.0,-1.349
2013-01-02 06:22:00,0.0,-1.349
2013-01-02 06:23:00,0.0,-1.349
2013-01-02 06:24:00,0.0,-1.349
2013-01-02 06:25:00,0.0,-1.349
2013-01-02 06:26:00,0.0,-1.349
2013-01-02 06:27:00,0.0,-1.293
2013-01-02 06:28:00,0.0,-1.349
2013-01-02 06:29:00,0.0,-1.349
2013-01-02 06:30:00,0.0,-1.321
2013-01-02 06:31:00,0.0,-1.349
2013-01-02 06:32:00,0.0,-1.321
2013-01-02 06:33:00,0.0,-1.293
2013-01-02 06:34:00,0.0,-1.349
2013-01-02 06:35:00,0.0,-1.349
2013-01-02 06:36:00,0.0,-1.237
2013-01-02 06:37:00,0.0,-1.012
2013-01-02 06:38:00,0.0,-1.012
2013-01-02 06:39:00,0.0,-1.012
2013-01-02 06:40:00,0.0,-1.012
2013-01-02 06:41:00,0.0,-1.012
2013-01-02 06:42:00,0.0,-1.012
2013-01-02 06:43:00,0.0,-1.012
2013-01-02 06:44:00,0.0,-1.012
2013-01-02 06:45:00,0.0,-1.012
2013-01-02 06:46:00,0.0,-1.012
2013-01-02 06:47:00,0.0,-1.04
2013-01-02 06:48:00,0.0,-1.012
2013-01-02 06:49:00,0.0,-1.293
2013-01-02 06:50:00,0.0,-1.096
2013-01-02 06:51:00,0.0,-1.349
2013-01-02 06:52:00,0.0,-1.321
2013-01-02 06:53:00,0.0,-1.349
2013-01-02 06:54:00,0.0,-1.096
2013-01-02 06:55:00,0.0,-1.012
2013-01-02 06:56:00,0.0,-1.012
2013-01-02 06:57:00,0.0,-1.012
2013-01-02 06:58:00,0.0,-0.907
2013-01-02 06:59:00,0.0,-0.7705
2013-01-02 07:00:00,0.0,-0.76
2013-01-02 07:01:00,0.0,-0.76
2013-01-02 07:02:00,0.0,-0.76
2013-01-02 07:03:00,0.0,-0.76
2013-01-02 07:04:00,0.0,-0.7075
2013-01-02 07:05:00,0.0,-0.634
2013-01-02 07:06:00,0.0,-0.634
2013-01-02 07:07:00,0.0,-0.5815
2013-01-02 07:08:00,0.0,-0.3255
2013-01-02 07:09:00,0.0,-0.044499999999999984
2013-01-02 07:10:00,0.0,0.17600000000000005
2013-01-02 07:11:00,0.0,0.20750000000000002
2013-01-02 07:12:00,0.0,0.4594999999999999
2013-01-02 07:13:00,0.0,0.5225000000000001
2013-01-02 07:14:00,0.0,1.077
2013-01-02 07:15:00,0.0,1.596
2013-01-02 07:16:00,0.0,1.8725
2013-01-02 07:17:00,0.0,2.5534999999999997
2013-01-02 07:18:00,0.0,2.974
2013-01-02 07:19:00,0.0,3.4965
2013-01-02 07:20:00,0.0,3.784
2013-01-02 07:21:00,0.0,4.289
2013-01-02 07:22:00,0.0,4.973000000000001
2013-01-02 07:23:00,2.674,5.797499999999999
2013-01-02 07:24:00,13.24,14.175
2013-01-02 07:25:00,4.079,35.45
2013-01-02 07:26:00,1.635,58.76
2013-01-02 07:27:00,1.631,62.685
2013-01-02 07:28:00,1.626,52.3
2013-01-02 07:29:00,43.09,40.745000000000005
2013-01-02 07:30:00,17.31,30.805
2013-01-02 07:31:00,12.94,27.17
2013-01-02 07:32:00,7.976,33.24
2013-01-02 07:33:00,6.385,37.83
2013-01-02 07:34:00,4.904,41.94
2013-01-02 07:35:00,54.15,48.105000000000004
2013-01-02 07:36:00,54.32,51.205
2013-01-02 07:37:00,47.6,39.82
2013-01-02 07:38:00,16.75,22.015
2013-01-02 07:39:00,9.36,17.23
2013-01-02 07:40:00,7.146,17.22
2013-01-02 07:41:00,8.96,23.85
2013-01-02 07:42:00,16.3,79.275
2013-01-02 07:43:00,151.3,126.6
2013-01-02 07:44:00,92.9,74.445
2013-01-02 07:45:00,58.15,52.465
2013-01-02 07:46:00,123.8,91.75
2013-01-02 07:47:00,140.5,105.55
2013-01-02 07:48:00,90.4,73.5
2013-01-02 07:49:00,125.2,92.0
2013-01-02 07:50:00,211.5,159.7
2013-01-02 07:51:00,308.3,237.8
2013-01-02 07:52:00,335.4,260.79999999999995
2013-01-02 07:53:00,356.1,268.7
2013-01-02 07:54:00,362.8,274.1
2013-01-02 07:55:00,369.6,281.65
2013-01-02 07:56:00,384.6,287.79999999999995
2013-01-02 07:57:00,398.1,293.05
2013-01-02 07:58:00,399.2,299.05
2013-01-02 07:59:00,416.0,305.25
2013-01-02 08:00:00,433.4,310.8
2013-01-02 08:01:00,434.6,315.85
2013-01-02 08:02:00,440.4,321.35
2013-01-02 08:03:00,460.0,327.4
2013-01-02 08:04:00,471.4,332.9
2013-01-02 08:05:00,472.8,338.75
2013-01-02 08:06:00,491.0,344.4
2013-01-02 08:07:00,504.2,349.85
2013-01-02 08:08:00,507.1,356.05
2013-01-02 08:09:00,520.7,361.9
2013-01-02 08:10:00,531.6,367.2
2013-01-02 08:11:00,542.3,372.35
2013-01-02 08:12:00,541.3,377.65
2013-01-02 08:13:00,548.2,381.29999999999995
2013-01-02 08:14:00,564.7,388.95
2013-01-02 08:15:00,577.7,394.29999999999995
2013-01-02 08:16:00,579.6,398.75
2013-01-02 08:17:00,581.0,402.2
2013-01-02 08:18:00,580.1,409.4
2013-01-02 08:19:00,599.6,415.15
2013-01-02 08:20:00,614.3,420.85
2013-01-02 08:21:00,616.1,426.1
2013-01-02 08:22:00,622.3,431.95
2013-01-02 08:23:00,641.9,437.45
2013-01-02 08:24:00,652.7,443.2
2013-01-02 08:25:00,653.1,448.05
2013-01-02 08:26:00,666.8,452.20000000000005
2013-01-02 08:27:00,677.6,456.95
2013-01-02 08:28:00,689.1,461.75
2013-01-02 08:29:00,688.5,466.45000000000005
2013-01-02 08:30:00,688.1,472.29999999999995
2013-01-02 08:31:00,695.5,477.25
2013-01-02 08:32:00,705.1,482.1
2013-01-02 08:33:00,714.5,486.20000000000005
2013-01-02 08:34:00,723.3,491.55
2013-01-02 08:35:00,728.5,496.7
2013-01-02 08:36:00,754.7,502.05
2013-01-02 08:37:00,755.4,506.70000000000005
2013-01-02 08:38:00,765.2,510.8
2013-01-02 08:39:00,771.8,514.95
2013-01-02 08:40:00,785.0,520.95
2013-01-02 08:41:00,798.2,526.5
2013-01-02 08:42:00,800.0,530.45
2013-01-02 08:43:00,817.0,535.2
2013-01-02 08:44:00,823.0,540.05
2013-01-02 08:45:00,831.0,544.45
2013-01-02 08:46:00,843.0,548.75
2013-01-02 08:47:00,842.0,552.65
2013-01-02 08:48:00,861.0,556.6500000000001
2013-01-02 08:49:00,868.0,561.6500000000001
2013-01-02 08:50:00,871.0,566.75
2013-01-02 08:51:00,888.0,571.0
2013-01-02 08:52:00,891.0,574.95
2013-01-02 08:53:00,901.0,578.55
2013-01-02 08:54:00,905.0,582.4
2013-01-02 08:55:00,907.0,586.3
2013-01-02 08:56:00,916.0,589.5999999999999
2013-01-02 08:57:00,929.0,593.7
2013-01-02 08:58:00,928.0,597.5
2013-01-02 08:59:00,943.0,601.65
2013-01-02 09:00:00,949.0,606.25
2013-01-02 09:01:00,951.0,609.95
2013-01-02 09:02:00,971.0,614.55
2013-01-02 09:03:00,978.0,618.6
2013-01-02 09:04:00,978.0,622.1500000000001
2013-01-02 09:05:00,990.0,627.0
2013-01-02 09:06:00,1002.0,631.3
2013-01-02 09:07:00,1005.0,635.05
2013-01-02 09:08:00,1018.0,639.35
2013-01-02 09:09:00,1025.0,644.0999999999999
2013-01-02 09:10:00,1036.0,648.4
2013-01-02 09:11:00,1046.0,652.0
2013-01-02 09:12:00,1045.0,655.75
2013-01-02 09:13:00,1050.0,660.6
2013-01-02 09:14:00,1059.0,664.4
2013-01-02 09:15:00,1070.0,668.8499999999999
2013-01-02 09:16:00,1079.0,672.35
2013-01-02 09:17:00,1086.0,675.45
2013-01-02 09:18:00,1092.0,678.95
2013-01-02 09:19:00,1098.0,681.6
2013-01-02 09:20:00,1112.0,686.7
2013-01-02 09:21:00,1123.0,690.95
2013-01-02 09:22:00,1122.0,694.9
2013-01-02 09:23:00,1129.0,697.85
2013-01-02 09:24:00,1137.0,701.4000000000001
2013-01-02 09:25:00,1158.0,705.5999999999999
2013-01-02 09:26:00,1158.0,709.3
2013-01-02 09:27:00,1161.0,712.95
2013-01-02 09:28:00,1168.0,716.5
2013-01-02 09:29:00,1182.0,719.7
2013-01-02 09:30:00,1189.0,723.5
2013-01-02 09:31:00,1206.0,727.8499999999999
2013-01-02 09:32:00,1209.0,732.2
2013-01-02 09:33:00,1217.0,735.8
2013-01-02 09:34:00,1220.0,739.4000000000001
2013-01-02 09:35:00,1231.0,743.2
2013-01-02 09:36:00,1237.0,746.75
2013-01-02 09:37:00,1240.0,751.2
2013-01-02 09:38:00,1265.0,755.0999999999999
2013-01-02 09:39:00,1269.0,758.0999999999999
2013-01-02 09:40:00,1271.0,762.1
2013-01-02 09:41:00,1274.0,766.25
2013-01-02 09:42:00,1273.0,760.9
2013-01-02 09:43:00,1266.0,750.9000000000001
2013-01-02 09:44:00,1272.0,757.6
2013-01-02 09:45:00,1265.0,752.05
2013-01-02 09:46:00,1289.0,760.8
2013-01-02 09:47:00,1309.0,776.75
2013-01-02 09:48:00,1327.0,786.85
2013-01-02 09:49:00,1289.0,768.75
2013-01-02 09:50:00,1235.0,732.8499999999999
2013-01-02 09:51:00,1282.0,764.8
2013-01-02 09:52:00,1303.0,773.45
2013-01-02 09:53:00,1331.0,794.0
2013-01-02 09:54:00,1324.0,792.95
2013-01-02 09:55:00,1281.0,764.65
2013-01-02 09:56:00,1321.0,787.6
2013-01-02 09:57:00,1352.0,806.15
2013-01-02 09:58:00,1342.0,801.9
2013-01-02 09:59:00,1326.0,792.8
2013-01-02 10:00:00,1330.0,795.1
2013-01-02 10:01:00,1359.0,809.35
2013-01-02 10:02:00,1360.0,812.35
2013-01-02 10:03:00,1347.0,808.8
2013-01-02 10:04:00,1352.0,809.85
2013-01-02 10:05:00,1357.0,810.9
2013-01-02 10:06:00,1345.0,804.4
2013-01-02 10:07:00,1308.0,783.6
2013-01-02 10:08:00,1367.0,822.2
2013-01-02 10:09:00,1388.0,832.5
2013-01-02 10:10:00,1399.0,838.35
2013-01-02 10:11:00,1398.0,840.8
2013-01-02 10:12:00,1393.0,842.7
2013-01-02 10:13:00,1401.0,844.2
2013-01-02 10:14:00,1399.0,847.05
2013-01-02 10:15:00,1403.0,850.3
2013-01-02 10:16:00,1411.0,852.25
2013-01-02 10:17:00,1413.0,854.85
2013-01-02 10:18:00,1417.0,857.5
2013-01-02 10:19:00,1428.0,860.0
2013-01-02 10:20:00,1427.0,861.5
2013-01-02 10:21:00,1413.0,864.5
2013-01-02 10:22:00,1431.0,866.0
2013-01-02 10:23:00,1437.0,869.0
2013-01-02 10:24:00,1438.0,870.0
2013-01-02 10:25:00,1445.0,871.5
2013-01-02 10:26:00,1443.0,873.5
2013-01-02 10:27:00,1440.0,875.5
2013-01-02 10:28:00,1451.0,878.0
2013-01-02 10:29:00,1455.0,880.0
2013-01-02 10:30:00,1453.0,883.0
2013-01-02 10:31:00,1453.0,885.0
2013-01-02 10:32:00,1455.0,887.0
2013-01-02 10:33:00,1459.0,888.5
2013-01-02 10:34:00,1453.0,889.5
2013-01-02 10:35:00,1457.0,891.5
2013-01-02 10:36:00,1462.0,895.5
2013-01-02 10:37:00,1471.0,898.0
2013-01-02 10:38:00,1473.0,899.0
2013-01-02 10:39:00,1473.0,901.5
2013-01-02 10:40:00,1488.0,905.5
2013-01-02 10:41:00,1509.0,909.0
2013-01-02 10:42:00,1513.0,910.0
2013-01-02 10:43:00,1516.0,914.0
2013-01-02 10:44:00,1531.0,916.0
2013-01-02 10:45:00,1532.0,919.0
2013-01-02 10:46:00,1535.0,920.0
2013-01-02 10:47:00,1538.0,921.5
2013-01-02 10:48:00,1542.0,924.0
2013-01-02 10:49:00,1541.0,926.0
2013-01-02 10:50:00,1549.0,928.5
2013-01-02 10:51:00,1560.0,931.5
2013-01-02 10:52:00,1578.0,933.5
2013-01-02 10:53:00,1571.0,936.0
2013-01-02 10:54:00,1574.0,938.5
2013-01-02 10:55:00,1573.0,942.0
2013-01-02 10:56:00,1582.0,947.0
2013-01-02 10:57:00,1586.0,952.0
2013-01-02 10:58:00,1579.0,951.0
2013-01-02 10:59:00,1570.0,945.5
2013-01-02 11:00:00,1602.0,966.0
2013-01-02 11:01:00,1604.0,971.0
2013-01-02 11:02:00,1576.0,950.5
2013-01-02 11:03:00,1621.0,983.5
2013-01-02 11:04:00,1436.0,881.0
2013-01-02 11:05:00,367.5,243.1
2013-01-02 11:06:00,221.2,142.5
2013-01-02 11:07:00,275.1,169.0
2013-01-02 11:08:00,1102.0,610.85
2013-01-02 11:09:00,778.4,466.15
2013-01-02 11:10:00,737.1,407.95
2013-01-02 11:11:00,428.2,263.7
2013-01-02 11:12:00,473.5,270.29999999999995
2013-01-02 11:13:00,230.7,140.95
2013-01-02 11:14:00,176.0,106.15
2013-01-02 11:15:00,162.5,98.0
2013-01-02 11:16:00,170.8,102.0
2013-01-02 11:17:00,210.1,122.80000000000001
2013-01-02 11:18:00,256.8,149.9
2013-01-02 11:19:00,356.8,198.8
2013-01-02 11:20:00,845.0,443.9
2013-01-02 11:21:00,340.1,201.95
2013-01-02 11:22:00,274.8,165.65
2013-01-02 11:23:00,239.6,148.2
2013-01-02 11:24:00,216.8,128.25
2013-01-02 11:25:00,216.6,127.9
2013-01-02 11:26:00,292.2,167.05
2013-01-02 11:27:00,421.3,237.75
2013-01-02 11:28:00,351.1,201.25
2013-01-02 11:29:00,297.3,175.85
2013-01-02 11:30:00,230.4,143.6
2013-01-02 11:31:00,216.7,131.0
2013-01-02 11:32:00,204.0,118.65
2013-01-02 11:33:00,198.8,113.8
2013-01-02 11:34:00,210.1,122.7
2013-01-02 11:35:00,217.4,133.95
2013-01-02 11:36:00,216.7,125.69999999999999
2013-01-02 11:37:00,202.7,117.4
2013-01-02 11:38:00,218.1,125.45
2013-01-02 11:39:00,462.8,246.1
2013-01-02 11:40:00,235.8,138.05
2013-01-02 11:41:00,216.9,125.6
2013-01-02 11:42:00,204.6,116.3
2013-01-02 11:43:00,208.1,119.15
2013-01-02 11:44:00,977.0,499.75
2013-01-02 11:45:00,1886.0,1020.0
2013-01-02 11:46:00,881.0,499.65
2013-01-02 11:47:00,320.5,193.7
2013-01-02 11:48:00,837.0,439.65
2013-01-02 11:49:00,1913.0,1063.0
2013-01-02 11:50:00,1872.0,1046.0
2013-01-02 11:51:00,1837.0,1039.5
2013-01-02 11:52:00,1821.0,1035.5
2013-01-02 11:53:00,1794.0,1034.0
2013-01-02 11:54:00,1770.0,1021.5
2013-01-02 11:55:00,1749.0,1018.0
2013-01-02 11:56:00,1730.0,1017.0
2013-01-02 11:57:00,1227.0,727.8499999999999
2013-01-02 11:58:00,1753.0,1034.0
2013-01-02 11:59:00,1746.0,1038.0
2013-01-02 12:00:00,1755.0,1048.5
2013-01-02 12:01:00,1643.0,980.5
2013-01-02 12:02:00,695.4,427.3
2013-01-02 12:03:00,478.1,280.15
2013-01-02 12:04:00,393.8,233.65
2013-01-02 12:05:00,455.4,257.25
2013-01-02 12:06:00,1349.0,745.1
2013-01-02 12:07:00,1886.0,1089.0
2013-01-02 12:08:00,1910.0,1116.5
2013-01-02 12:09:00,574.6,367.95
2013-01-02 12:10:00,603.3,341.79999999999995
2013-01-02 12:11:00,1730.0,983.0
2013-01-02 12:12:00,1811.0,1050.5
2013-01-02 12:13:00,999.0,592.6500000000001
2013-01-02 12:14:00,1233.0,690.45
2013-01-02 12:15:00,1168.0,656.9
2013-01-02 12:16:00,829.0,471.05
2013-01-02 12:17:00,475.9,278.35
2013-01-02 12:18:00,429.7,245.10000000000002
2013-01-02 12:19:00,432.5,245.4
2013-01-02 12:20:00,899.0,492.3
2013-01-02 12:21:00,1712.0,942.0
2013-01-02 12:22:00,932.0,516.45
2013-01-02 12:23:00,838.0,453.5
2013-01-02 12:24:00,625.2,353.75
2013-01-02 12:25:00,507.6,280.8
2013-01-02 12:26:00,472.1,259.35
2013-01-02 12:27:00,476.8,258.4
2013-01-02 12:28:00,469.9,254.65
2013-01-02 12:29:00,470.1,254.54999999999998
2013-01-02 12:30:00,493.9,261.9
2013-01-02 12:31:00,770.8,395.15
2013-01-02 12:32:00,834.0,459.3
2013-01-02 12:33:00,994.0,520.8
2013-01-02 12:34:00,1136.0,633.65
2013-01-02 12:35:00,470.0,257.2
2013-01-02 12:36:00,454.3,247.9
2013-01-02 12:37:00,397.0,220.14999999999998
2013-01-02 12:38:00,390.8,214.05
2013-01-02 12:39:00,379.5,209.45
2013-01-02 12:40:00,372.3,206.05
2013-01-02 12:41:00,313.1,178.3
2013-01-02 12:42:00,288.6,163.7
2013-01-02 12:43:00,287.2,158.3
2013-01-02 12:44:00,277.2,155.55
2013-01-02 12:45:00,271.0,153.5
2013-01-02 12:46:00,410.1,213.5
2013-01-02 12:47:00,300.3,174.65
2013-01-02 12:48:00,252.9,141.5
2013-01-02 12:49:00,252.7,140.9
2013-01-02 12:50:00,270.9,147.95
2013-01-02 12:51:00,289.2,157.7
2013-01-02 12:52:00,300.7,162.45
2013-01-02 12:53:00,289.7,156.05
2013-01-02 12:54:00,297.5,159.5
2013-01-02 12:55:00,320.9,173.25
2013-01-02 12:56:00,296.4,162.55
2013-01-02 12:57:00,296.4,161.55
2013-01-02 12:58:00,289.4,159.35
2013-01-02 12:59:00,334.0,180.3
2013-01-02 13:00:00,509.6,266.45000000000005
2013-01-02 13:01:00,509.7,277.7
2013-01-02 13:02:00,317.7,177.7
2013-01-02 13:03:00,292.9,166.35000000000002
2013-01-02 13:04:00,318.2,175.75
2013-01-02 13:05:00,431.8,229.75
2013-01-02 13:06:00,558.5,295.3
2013-01-02 13:07:00,656.6,344.79999999999995
2013-01-02 13:08:00,964.0,513.7
2013-01-02 13:09:00,1125.0,596.95
2013-01-02 13:10:00,1157.0,628.6
2013-01-02 13:11:00,1053.0,572.35
2013-01-02 13:12:00,1138.0,623.75
2013-01-02 13:13:00,1212.0,670.5
2013-01-02 13:14:00,1245.0,688.75
2013-01-02 13:15:00,1196.0,666.2
2013-01-02 13:16:00,1239.0,694.55
2013-01-02 13:17:00,1085.0,615.3
2013-01-02 13:18:00,872.0,497.04999999999995
2013-01-02 13:19:00,621.9,358.3
2013-01-02 13:20:00,941.0,522.7
2013-01-02 13:21:00,1142.0,651.8499999999999
2013-01-02 13:22:00,970.0,558.4
2013-01-02 13:23:00,972.0,559.75
2013-01-02 13:24:00,993.0,571.7
2013-01-02 13:25:00,1170.0,670.1500000000001
2013-01-02 13:26:00,1337.0,772.9
2013-01-02 13:27:00,1280.0,745.35
2013-01-02 13:28:00,1046.0,611.0
2013-01-02 13:29:00,929.0,537.85
2013-01-02 13:30:00,702.6,419.45000000000005
2013-01-02 13:31:00,536.7,319.65
2013-01-02 13:32:00,830.0,469.65
2013-01-02 13:33:00,970.0,564.95
2013-01-02 13:34:00,1204.0,693.1500000000001
2013-01-02 13:35:00,1216.0,707.8
2013-01-02 13:36:00,1135.0,662.75
2013-01-02 13:37:00,1172.0,678.4000000000001
2013-01-02 13:38:00,1203.0,699.25
2013-01-02 13:39:00,1275.0,740.0
2013-01-02 13:40:00,1220.0,712.7
2013-01-02 13:41:00,1109.0,648.0999999999999
2013-01-02 13:42:00,1028.0,596.6
2013-01-02 13:43:00,1320.0,772.7
2013-01-02 13:44:00,1370.0,813.35
2013-01-02 13:45:00,1329.0,794.5
2013-01-02 13:46:00,1086.0,648.95
2013-01-02 13:47:00,948.0,560.65
2013-01-02 13:48:00,676.5,406.29999999999995
2013-01-02 13:49:00,881.0,511.9
2013-01-02 13:50:00,965.0,567.7
2013-01-02 13:51:00,1104.0,645.3
2013-01-02 13:52:00,1240.0,736.75
2013-01-02 13:53:00,1103.0,658.75
2013-01-02 13:54:00,1135.0,671.75
2013-01-02 13:55:00,1062.0,630.65
2013-01-02 13:56:00,722.5,434.45000000000005
2013-01-02 13:57:00,878.0,512.1
2013-01-02 13:58:00,1251.0,745.9
2013-01-02 13:59:00,1343.0,807.65
2013-01-02 14:00:00,1352.0,821.15
2013-01-02 14:01:00,1341.0,814.85
2013-01-02 14:02:00,1355.0,830.0
2013-01-02 14:03:00,1330.0,816.25
2013-01-02 14:04:00,1346.0,828.0
2013-01-02 14:05:00,1329.0,821.25
2013-01-02 14:06:00,1317.0,817.0
2013-01-02 14:07:00,1301.0,815.2
2013-01-02 14:08:00,1302.0,812.5
2013-01-02 14:09:00,1302.0,809.55
2013-01-02 14:10:00,1298.0,807.55
2013-01-02 14:11:00,1293.0,804.2
2013-01-02 14:12:00,1289.0,802.35
2013-01-02 14:13:00,1278.0,798.75
2013-01-02 14:14:00,1268.0,795.1
2013-01-02 14:15:00,1265.0,792.45
2013-01-02 14:16:00,1258.0,789.65
2013-01-02 14:17:00,1253.0,786.9
2013-01-02 14:18:00,1236.0,783.45
2013-01-02 14:19:00,1233.0,779.05
2013-01-02 14:20:00,1231.0,775.45
2013-01-02 14:21:00,1229.0,772.5
2013-01-02 14:22:00,1225.0,769.65
2013-01-02 14:23:00,1220.0,766.7
2013-01-02 14:24:00,1213.0,763.05
2013-01-02 14:25:00,1204.0,760.8
2013-01-02 14:26:00,1191.0,757.5
2013-01-02 14:27:00,1181.0,752.2
2013-01-02 14:28:00,1168.0,747.6500000000001
2013-01-02 14:29:00,1165.0,745.35
2013-01-02 14:30:00,1160.0,743.05
2013-01-02 14:31:00,1156.0,739.45
2013-01-02 14:32:00,1152.0,736.0
2013-01-02 14:33:00,1140.0,732.45
2013-01-02 14:34:00,1128.0,727.9000000000001
2013-01-02 14:35:00,1131.0,722.8499999999999
2013-01-02 14:36:00,1121.0,719.65
2013-01-02 14:37:00,1117.0,715.85
2013-01-02 14:38:00,1100.0,713.45
2013-01-02 14:39:00,1095.0,709.35
2013-01-02 14:40:00,1086.0,705.8499999999999
2013-01-02 14:41:00,1076.0,701.0
2013-01-02 14:42:00,1064.0,697.4
2013-01-02 14:43:00,1053.0,693.65
2013-01-02 14:44:00,1047.0,689.9000000000001
2013-01-02 14:45:00,1032.0,686.7
2013-01-02 14:46:00,1019.0,682.5
2013-01-02 14:47:00,1018.0,679.5
2013-01-02 14:48:00,1011.0,676.9000000000001
2013-01-02 14:49:00,999.0,672.85
2013-01-02 14:50:00,1002.0,657.1
2013-01-02 14:51:00,988.0,603.9
2013-01-02 14:52:00,974.0,510.5
2013-01-02 14:53:00,963.0,398.9
2013-01-02 14:54:00,948.0,282.7
2013-01-02 14:55:00,936.0,177.25
2013-01-02 14:56:00,943.0,97.6
2013-01-02 14:57:00,921.0,59.205
2013-01-02 14:58:00,904.0,53.505
2013-01-02 14:59:00,904.0,53.394999999999996
2013-01-02 15:00:00,901.0,52.515
2013-01-02 15:01:00,885.0,52.235
2013-01-02 15:02:00,879.0,51.69
2013-01-02 15:03:00,868.0,31.76
2013-01-02 15:04:00,867.0,27.819
2013-01-02 15:05:00,849.0,27.564
2013-01-02 15:06:00,833.0,27.398999999999997
2013-01-02 15:07:00,830.0,27.144
2013-01-02 15:08:00,830.0,30.398999999999997
2013-01-02 15:09:00,815.0,87.7135
2013-01-02 15:10:00,812.0,241.67000000000002
2013-01-02 15:11:00,802.0,321.535
2013-01-02 15:12:00,794.8,328.14
2013-01-02 15:13:00,783.9,324.76
2013-01-02 15:14:00,771.6,327.82
2013-01-02 15:15:00,757.1,395.20000000000005
2013-01-02 15:16:00,752.0,497.5
2013-01-02 15:17:00,724.8,548.9
2013-01-02 15:18:00,721.6,544.9000000000001
2013-01-02 15:19:00,695.6,539.55
2013-01-02 15:20:00,677.7,534.2
2013-01-02 15:21:00,657.4,529.0
2013-01-02 15:22:00,614.5,523.0
2013-01-02 15:23:00,589.0,517.55
2013-01-02 15:24:00,575.6,506.0
2013-01-02 15:25:00,571.7,499.84999999999997
2013-01-02 15:26:00,549.0,497.85
2013-01-02 15:27:00,542.1,499.6
2013-01-02 15:28:00,541.6,500.79999999999995
2013-01-02 15:29:00,516.7,494.7
2013-01-02 15:30:00,508.8,488.85
2013-01-02 15:31:00,499.1,442.7
2013-01-02 15:32:00,472.5,317.45
2013-01-02 15:33:00,483.8,258.3
2013-01-02 15:34:00,453.0,344.6
2013-01-02 15:35:00,449.7,367.4
2013-01-02 15:36:00,426.4,286.95
2013-01-02 15:37:00,417.4,299.75
2013-01-02 15:38:00,405.7,398.75
2013-01-02 15:39:00,397.1,446.0
2013-01-02 15:40:00,383.3,441.4
2013-01-02 15:41:00,361.4,420.5
2013-01-02 15:42:00,369.2,408.55
2013-01-02 15:43:00,352.4,403.3
2013-01-02 15:44:00,325.5,403.85
2013-01-02 15:45:00,324.0,409.5
2013-01-02 15:46:00,299.0,401.05
2013-01-02 15:47:00,293.4,393.95
2013-01-02 15:48:00,279.3,390.85
2013-01-02 15:49:00,281.7,393.7
2013-01-02 15:50:00,263.1,349.1
2013-01-02 15:51:00,263.7,232.15
2013-01-02 15:52:00,251.6,150.325
2013-01-02 15:53:00,245.9,145.1
2013-01-02 15:54:00,234.7,149.875
2013-01-02 15:55:00,235.5,208.64999999999998
2013-01-02 15:56:00,227.3,261.54999999999995
2013-01-02 15:57:00,209.2,190.0
2013-01-02 15:58:00,197.8,173.39999999999998
2013-01-02 15:59:00,182.9,265.9
2013-01-02 16:00:00,181.0,319.45
2013-01-02 16:01:00,168.6,320.9
2013-01-02 16:02:00,160.8,317.29999999999995
2013-01-02 16:03:00,159.6,309.25
2013-01-02 16:04:00,155.3,250.4
2013-01-02 16:05:00,152.9,176.75
2013-01-02 16:06:00,146.7,132.295
2013-01-02 16:07:00,130.1,61.580000000000005
2013-01-02 16:08:00,126.3,25.810000000000002
2013-01-02 16:09:00,119.0,24.6
2013-01-02 16:10:00,109.8,23.705
2013-01-02 16:11:00,108.3,23.325000000000003
2013-01-02 16:12:00,108.5,22.415
2013-01-02 16:13:00,108.3,22.09
2013-01-02 16:14:00,108.4,21.23
2013-01-02 16:15:00,93.3,20.84
2013-01-02 16:16:00,72.32,19.65
2013-01-02 16:17:00,37.68,18.06
2013-01-02 16:18:00,18.08,17.1
2013-01-02 16:19:00,0.0,16.2
2013-01-02 16:20:00,6.401,15.915
2013-01-02 16:21:00,1.556,15.315000000000001
2013-01-02 16:22:00,4.057,14.844999999999999
2013-01-02 16:23:00,1.527,14.665
2013-01-02 16:24:00,3.769,13.925
2013-01-02 16:25:00,3.037,13.605
2013-01-02 16:26:00,1.507,13.405000000000001
2013-01-02 16:27:00,2.273,12.635000000000002
2013-01-02 16:28:00,3.049,12.385
2013-01-02 16:29:00,4.009,11.865
2013-01-02 16:30:00,4.64,11.309999999999999
2013-01-02 16:31:00,3.084,11.01
2013-01-02 16:32:00,3.723,10.16
2013-01-02 16:33:00,3.899,9.605
2013-01-02 16:34:00,5.86,8.925
2013-01-02 16:35:00,6.979,8.204
2013-01-02 16:36:00,3.253,7.6865000000000006
2013-01-02 16:37:00,9.72,6.959
2013-01-02 16:38:00,2.159,6.4975
2013-01-02 16:39:00,1.405,5.96
2013-01-02 16:40:00,1.936,5.354
2013-01-02 16:41:00,1.819,5.134
2013-01-02 16:42:00,0.982,4.5065
2013-01-02 16:43:00,0.0,4.104
2013-01-02 16:44:00,0.0,3.9045
2013-01-02 16:45:00,0.0,3.5965000000000003
2013-01-02 16:46:00,0.0,3.2845000000000004
2013-01-02 16:47:00,0.0,3.075
2013-01-02 16:48:00,0.0,2.7985
2013-01-02 16:49:00,0.0,2.139
2013-01-02 16:50:00,0.0,1.94
2013-01-02 16:51:00,0.0,1.6875
2013-01-02 16:52:00,0.0,0.9835
2013-01-02 16:53:00,0.0,0.9099999999999999
2013-01-02 16:54:00,0.0,0.7215
2013-01-02 16:55:00,0.0,0.6585000000000001
2013-01-02 16:56:00,0.0,0.32900000000000007
2013-01-02 16:57:00,0.0,0.06950000000000012
2013-01-02 16:58:00,0.0,-0.119
2013-01-02 16:59:00,0.0,-0.12949999999999995
2013-01-02 17:00:00,0.0,-0.35
2013-01-02 17:01:00,0.0,-0.381
2013-01-02 17:02:00,0.0,-0.42299999999999993
2013-01-02 17:03:00,0.0,-0.6014999999999999
2013-01-02 17:04:00,0.0,-0.633
2013-01-02 17:05:00,0.0,-0.633
2013-01-02 17:06:00,0.0,-0.7489999999999999
2013-01-02 17:07:00,0.0,-0.7594999999999998
2013-01-02 17:08:00,0.0,-0.7594999999999998
2013-01-02 17:09:00,0.0,-0.7594999999999998
2013-01-02 17:10:00,0.0,-0.7869999999999999
2013-01-02 17:11:00,0.0,-1.05
2013-01-02 17:12:00,0.0,-1.222
2013-01-02 17:13:00,0.0,-1.5235
2013-01-02 17:14:00,0.0,-1.657
2013-01-02 17:15:00,0.0,-1.432
2013-01-02 17:16:00,0.0,-1.1235
2013-01-02 17:17:00,0.0,-1.011
2013-01-02 17:18:00,0.0,-1.011
2013-01-02 17:19:00,0.0,-1.011
2013-01-02 17:20:00,0.0,-1.011
2013-01-02 17:21:00,0.0,-1.011
2013-01-02 17:22:00,0.0,-1.011
2013-01-02 17:23:00,0.0,-1.011
2013-01-02 17:24:00,0.0,-1.011
2013-01-02 17:25:00,0.0,-1.011
2013-01-02 17:26:00,0.0,-1.2075
2013-01-02 17:27:00,0.0,-1.348
2013-01-02 17:28:00,0.0,-1.3765
2013-01-02 17:29:00,0.0,-1.573
2013-01-02 17:30:00,0.0,-1.6855
2013-01-02 17:31:00,0.0,-1.6855
2013-01-02 17:32:00,0.0,-1.6855
2013-01-02 17:33:00,0.0,-1.6855
2013-01-02 17:34:00,0.0,-1.6855
2013-01-02 17:35:00,0.0,-1.6295
2013-01-02 17:36:00,0.0,-1.461
2013-01-02 17:37:00,0.0,-1.3485
2013-01-02 17:38:00,0.0,-1.0675
2013-01-02 17:39:00,0.0,-1.0115
2013-01-02 17:40:00,0.0,-1.0115
2013-01-02 17:41:00,0.0,-1.0115
2013-01-02 17:42:00,0.0,-1.0115
2013-01-02 17:43:00,0.0,-1.0115
2013-01-02 17:44:00,0.0,-1.0115
2013-01-02 17:45:00,0.0,-1.0115
2013-01-02 17:46:00,0.0,-1.0115
2013-01-02 17:47:00,0.0,-1.0115
2013-01-02 17:48:00,0.0,-1.0115
2013-01-02 17:49:00,0.0,-1.0115
2013-01-02 17:50:00,0.0,-1.0115
2013-01-02 17:51:00,0.0,-1.0115
2013-01-02 17:52:00,0.0,-1.0115
2013-01-02 17:53:00,0.0,-1.0115
2013-01-02 17:54:00,0.0,-1.0395
2013-01-02 17:55:00,0.0,-1.3485
2013-01-02 17:56:00,0.0,-1.3485
2013-01-02 17:57:00,0.0,-1.377
2013-01-02 17:58:00,0.0,-1.6295
2013-01-02 17:59:00,0.0,-1.686
2013-01-02 18:00:00,0.0,-1.686
2013-01-02 18:01:00,0.0,-1.686
2013-01-02 18:02:00,0.0,-1.686
2013-01-02 18:03:00,0.0,-1.686
2013-01-02 18:04:00,0.0,-1.658
2013-01-02 18:05:00,0.0,-1.405
2013-01-02 18:06:00,0.0,-1.3485
2013-01-02 18:07:00,0.0,-1.349
2013-01-02 18:08:00,0.0,-1.2365
2013-01-02 18:09:00,0.0,-1.2925
2013-01-02 18:10:00,0.0,-1.3205
2013-01-02 18:11:00,0.0,-1.349
2013-01-02 18:12:00,0.0,-1.3205
2013-01-02 18:13:00,0.0,-1.349
2013-01-02 18:14:00,0.0,-1.349
2013-01-02 18:15:00,0.0,-1.349
2013-01-02 18:16:00,0.0,-1.349
2013-01-02 18:17:00,0.0,-1.349
2013-01-02 18:18:00,0.0,-1.349
2013-01-02 18:19:00,0.0,-1.349
2013-01-02 18:20:00,0.0,-1.349
2013-01-02 18:21:00,0.0,-1.349
2013-01-02 18:22:00,0.0,-1.349
2013-01-02 18:23:00,0.0,-1.349
2013-01-02 18:24:00,0.0,-1.377
2013-01-02 18:25:00,0.0,-1.4615
2013-01-02 18:26:00,0.0,-1.546
2013-01-02 18:27:00,0.0,-1.4615
2013-01-02 18:28:00,0.0,-1.4055
2013-01-02 18:29:00,0.0,-1.349
2013-01-02 18:30:00,0.0,-1.349
2013-01-02 18:31:00,0.0,-1.349
2013-01-02 18:32:00,0.0,-1.349
2013-01-02 18:33:00,0.0,-1.349
2013-01-02 18:34:00,0.0,-1.349
2013-01-02 18:35:00,0.0,-1.321
2013-01-02 18:36:00,0.0,-1.293
2013-01-02 18:37:00,0.0,-1.293
2013-01-02 18:38:00,0.0,-1.1245
2013-01-02 18:39:00,0.0,-1.096
2013-01-02 18:40:00,0.0,-1.012
2013-01-02 18:41:00,0.0,-1.012
2013-01-02 18:42:00,0.0,-1.012
2013-01-02 18:43:00,0.0,-1.012
2013-01-02 18:44:00,0.0,-1.012
2013-01-02 18:45:00,0.0,-1.096
2013-01-02 18:46:00,0.0,-1.293
2013-01-02 18:47:00,0.0,-1.1245
2013-01-02 18:48:00,0.0,-1.012
2013-01-02 18:49:00,0.0,-1.012
2013-01-02 18:50:00,0.0,-1.04
2013-01-02 18:51:00,0.0,-1.012
2013-01-02 18:52:00,0.0,-1.04
2013-01-02 18:53:00,0.0,-1.1525
2013-01-02 18:54:00,0.0,-1.293
2013-01-02 18:55:00,0.0,-1.1805
2013-01-02 18:56:00,0.0,-1.096
2013-01-02 18:57:00,0.0,-1.012
2013-01-02 18:58:00,0.0,-1.012
2013-01-02 18:59:00,0.0,-1.04
2013-01-02 19:00:00,0.0,-1.096
2013-01-02 19:01:00,0.0,-1.068
2013-01-02 19:02:00,0.0,-1.012
2013-01-02 19:03:00,0.0,-1.012
2013-01-02 19:04:00,0.0,-1.012
2013-01-02 19:05:00,0.0,-1.012
2013-01-02 19:06:00,0.0,-1.012
2013-01-02 19:07:00,0.0,-1.012
2013-01-02 19:08:00,0.0,-1.096
2013-01-02 19:09:00,0.0,-1.265
2013-01-02 19:10:00,0.0,-1.321
2013-01-02 19:11:00,0.0,-1.349
2013-01-02 19:12:00,0.0,-1.349
2013-01-02 19:13:00,0.0,-1.293
2013-01-02 19:14:00,0.0,-1.068
2013-01-02 19:15:00,0.0,-1.096
2013-01-02 19:16:00,0.0,-1.321
2013-01-02 19:17:00,0.0,-1.321
2013-01-02 19:18:00,0.0,-1.349
2013-01-02 19:19:00,0.0,-1.321
2013-01-02 19:20:00,0.0,-1.012
2013-01-02 19:21:00,0.0,-1.012
2013-01-02 19:22:00,0.0,-1.012
2013-01-02 19:23:00,0.0,-1.012
2013-01-02 19:24:00,0.0,-1.012
2013-01-02 19:25:00,0.0,-1.012
2013-01-02 19:26:00,0.0,-1.012
2013-01-02 19:27:00,0.0,-1.012
2013-01-02 19:28:00,0.0,-1.012
2013-01-02 19:29:00,0.0,-1.012
2013-01-02 19:30:00,0.0,-1.012
2013-01-02 19:31:00,0.0,-1.012
2013-01-02 19:32:00,0.0,-1.012
2013-01-02 19:33:00,0.0,-1.012
2013-01-02 19:34:00,0.0,-1.012
2013-01-02 19:35:00,0.0,-1.012
2013-01-02 19:36:00,0.0,-1.012
2013-01-02 19:37:00,0.0,-1.012
2013-01-02 19:38:00,0.0,-1.012
2013-01-02 19:39:00,0.0,-1.012
2013-01-02 19:40:00,0.0,-1.012
2013-01-02 19:41:00,0.0,-1.012
2013-01-02 19:42:00,0.0,-1.012
2013-01-02 19:43:00,0.0,-1.012
2013-01-02 19:44:00,0.0,-1.012
2013-01-02 19:45:00,0.0,-1.012
2013-01-02 19:46:00,0.0,-1.012
2013-01-02 19:47:00,0.0,-1.012
2013-01-02 19:48:00,0.0,-1.012
2013-01-02 19:49:00,0.0,-1.012
2013-01-02 19:50:00,0.0,-1.012
2013-01-02 19:51:00,0.0,-1.012
2013-01-02 19:52:00,0.0,-1.012
2013-01-02 19:53:00,0.0,-1.012
2013-01-02 19:54:00,0.0,-1.012
2013-01-02 19:55:00,0.0,-1.012
2013-01-02 19:56:00,0.0,-1.012
2013-01-02 19:57:00,0.0,-1.012
2013-01-02 19:58:00,0.0,-1.012
2013-01-02 19:59:00,0.0,-1.012
2013-01-02 20:00:00,0.0,-1.012
2013-01-02 20:01:00,0.0,-1.012
2013-01-02 20:02:00,0.0,-1.012
2013-01-02 20:03:00,0.0,-1.012
2013-01-02 20:04:00,0.0,-1.012
2013-01-02 20:05:00,0.0,-1.012
2013-01-02 20:06:00,0.0,-1.012
2013-01-02 20:07:00,0.0,-1.012
2013-01-02 20:08:00,0.0,-1.012
2013-01-02 20:09:00,0.0,-1.012
2013-01-02 20:10:00,0.0,-1.012
2013-01-02 20:11:00,0.0,-1.012
2013-01-02 20:12:00,0.0,-1.012
2013-01-02 20:13:00,0.0,-1.012
2013-01-02 20:14:00,0.0,-1.012
2013-01-02 20:15:00,0.0,-1.012
2013-01-02 20:16:00,0.0,-1.012
2013-01-02 20:17:00,0.0,-1.012
2013-01-02 20:18:00,0.0,-1.012
2013-01-02 20:19:00,0.0,-1.012
2013-01-02 20:20:00,0.0,-1.012
2013-01-02 20:21:00,0.0,-1.012
2013-01-02 20:22:00,0.0,-1.012
2013-01-02 20:23:00,0.0,-1.012
2013-01-02 20:24:00,0.0,-1.012
2013-01-02 20:25:00,0.0,-1.012
2013-01-02 20:26:00,0.0,-1.012
2013-01-02 20:27:00,0.0,-1.012
2013-01-02 20:28:00,0.0,-1.012
2013-01-02 20:29:00,0.0,-1.012
2013-01-02 20:30:00,0.0,-1.012
2013-01-02 20:31:00,0.0,-1.012
2013-01-02 20:32:00,0.0,-1.012
2013-01-02 20:33:00,0.0,-1.012
2013-01-02 20:34:00,0.0,-1.012
2013-01-02 20:35:00,0.0,-1.012
2013-01-02 20:36:00,0.0,-1.012
2013-01-02 20:37:00,0.0,-1.012
2013-01-02 20:38:00,0.0,-1.012
2013-01-02 20:39:00,0.0,-1.012
2013-01-02 20:40:00,0.0,-1.012
2013-01-02 20:41:00,0.0,-1.04
2013-01-02 20:42:00,0.0,-1.321
2013-01-02 20:43:00,0.0,-1.293
2013-01-02 20:44:00,0.0,-1.349
2013-01-02 20:45:00,0.0,-1.349
2013-01-02 20:46:00,0.0,-1.349
2013-01-02 20:47:00,0.0,-1.349
2013-01-02 20:48:00,0.0,-1.349
2013-01-02 20:49:00,0.0,-1.3775
2013-01-02 20:50:00,0.0,-1.4055
2013-01-02 20:51:00,0.0,-1.4895
2013-01-02 20:52:00,0.0,-1.518
2013-01-02 20:53:00,0.0,-1.4055
2013-01-02 20:54:00,0.0,-1.546
2013-01-02 20:55:00,0.0,-1.6865
2013-01-02 20:56:00,0.0,-1.6865
2013-01-02 20:57:00,0.0,-1.6865
2013-01-02 20:58:00,0.0,-1.6865
2013-01-02 20:59:00,0.0,-1.4895
2013-01-02 21:00:00,0.0,-1.4615
2013-01-02 21:01:00,0.0,-1.4055
2013-01-02 21:02:00,0.0,-1.349
2013-01-02 21:03:00,0.0,-1.349
2013-01-02 21:04:00,0.0,-1.349
2013-01-02 21:05:00,0.0,-1.349
2013-01-02 21:06:00,0.0,-1.349
2013-01-02 21:07:00,0.0,-1.349
2013-01-02 21:08:00,0.0,-1.349
2013-01-02 21:09:00,0.0,-1.349
2013-01-02 21:10:00,0.0,-1.349
2013-01-02 21:11:00,0.0,-1.349
2013-01-02 21:12:00,0.0,-1.349
2013-01-02 21:13:00,0.0,-1.349
2013-01-02 21:14:00,0.0,-1.3495
2013-01-02 21:15:00,0.0,-1.3495
2013-01-02 21:16:00,0.0,-1.349
2013-01-02 21:17:00,0.0,-1.349
2013-01-02 21:18:00,0.0,-1.3495
2013-01-02 21:19:00,0.0,-1.3495
2013-01-02 21:20:00,0.0,-1.3495
2013-01-02 21:21:00,0.0,-1.3495
2013-01-02 21:22:00,0.0,-1.3495
2013-01-02 21:23:00,0.0,-1.3495
2013-01-02 21:24:00,0.0,-1.3495
2013-01-02 21:25:00,0.0,-1.3495
2013-01-02 21:26:00,0.0,-1.3495
2013-01-02 21:27:00,0.0,-1.3495
2013-01-02 21:28:00,0.0,-1.3495
2013-01-02 21:29:00,0.0,-1.3495
2013-01-02 21:30:00,0.0,-1.3495
2013-01-02 21:31:00,0.0,-1.3775
2013-01-02 21:32:00,0.0,-1.518
2013-01-02 21:33:00,0.0,-1.6025
2013-01-02 21:34:00,0.0,-1.49
2013-01-02 21:35:00,0.0,-1.546
2013-01-02 21:36:00,0.0,-1.462
2013-01-02 21:37:00,0.0,-1.3495
2013-01-02 21:38:00,0.0,-1.3495
2013-01-02 21:39:00,0.0,-1.3495
2013-01-02 21:40:00,0.0,-1.3495
2013-01-02 21:41:00,0.0,-1.3495
2013-01-02 21:42:00,0.0,-1.3495
2013-01-02 21:43:00,0.0,-1.4055
2013-01-02 21:44:00,0.0,-1.3775
2013-01-02 21:45:00,0.0,-1.3775
2013-01-02 21:46:00,0.0,-1.3495
2013-01-02 21:47:00,0.0,-1.3495
2013-01-02 21:48:00,0.0,-1.3495
2013-01-02 21:49:00,0.0,-1.3495
2013-01-02 21:50:00,0.0,-1.3495
2013-01-02 21:51:00,0.0,-1.3495
2013-01-02 21:52:00,0.0,-1.3495
2013-01-02 21:53:00,0.0,-1.3495
2013-01-02 21:54:00,0.0,-1.3495
2013-01-02 21:55:00,0.0,-1.3495
2013-01-02 21:56:00,0.0,-1.3495
2013-01-02 21:57:00,0.0,-1.3495
2013-01-02 21:58:00,0.0,-1.3495
2013-01-02 21:59:00,0.0,-1.3495
2013-01-02 22:00:00,0.0,-1.3495
2013-01-02 22:01:00,0.0,-1.3495
2013-01-02 22:02:00,0.0,-1.3495
2013-01-02 22:03:00,0.0,-1.3495
2013-01-02 22:04:00,0.0,-1.3495
2013-01-02 22:05:00,0.0,-1.209
2013-01-02 22:06:00,0.0,-1.012
2013-01-02 22:07:00,0.0,-1.012
2013-01-02 22:08:00,0.0,-1.012
2013-01-02 22:09:00,0.0,-1.012
2013-01-02 22:10:00,0.0,-1.012
2013-01-02 22:11:00,0.0,-1.012
2013-01-02 22:12:00,0.0,-1.012
2013-01-02 22:13:00,0.0,-1.0965
2013-01-02 22:14:00,0.0,-1.0965
2013-01-02 22:15:00,0.0,-1.012
2013-01-02 22:16:00,0.0,-1.012
2013-01-02 22:17:00,0.0,-1.012
2013-01-02 22:18:00,0.0,-1.012
2013-01-02 22:19:00,0.0,-1.012
2013-01-02 22:20:00,0.0,-1.012
2013-01-02 22:21:00,0.0,-1.012
2013-01-02 22:22:00,0.0,-1.012
2013-01-02 22:23:00,0.0,-1.181
2013-01-02 22:24:00,0.0,-1.237
2013-01-02 22:25:00,0.0,-1.0685
2013-01-02 22:26:00,0.0,-1.1525
2013-01-02 22:27:00,0.0,-1.237
2013-01-02 22:28:00,0.0,-1.0685
2013-01-02 22:29:00,0.0,-1.012
2013-01-02 22:30:00,0.0,-1.012
2013-01-02 22:31:00,0.0,-1.012
2013-01-02 22:32:00,0.0,-1.012
2013-01-02 22:33:00,0.0,-1.012
2013-01-02 22:34:00,0.0,-1.012
2013-01-02 22:35:00,0.0,-1.0405
2013-01-02 22:36:00,0.0,-1.012
2013-01-02 22:37:00,0.0,-1.012
2013-01-02 22:38:00,0.0,-1.012
2013-01-02 22:39:00,0.0,-1.012
2013-01-02 22:40:00,0.0,-1.012
2013-01-02 22:41:00,0.0,-1.012
2013-01-02 22:42:00,0.0,-1.012
2013-01-02 22:43:00,0.0,-1.012
2013-01-02 22:44:00,0.0,-1.012
2013-01-02 22:45:00,0.0,-1.012
2013-01-02 22:46:00,0.0,-1.012
2013-01-02 22:47:00,0.0,-1.012
2013-01-02 22:48:00,0.0,-1.012
2013-01-02 22:49:00,0.0,-1.012
2013-01-02 22:50:00,0.0,-1.012
2013-01-02 22:51:00,0.0,-1.012
2013-01-02 22:52:00,0.0,-1.012
2013-01-02 22:53:00,0.0,-1.012
2013-01-02 22:54:00,0.0,-1.012
2013-01-02 22:55:00,0.0,-1.012
2013-01-02 22:56:00,0.0,-1.012
2013-01-02 22:57:00,0.0,-1.012
2013-01-02 22:58:00,0.0,-1.012
2013-01-02 22:59:00,0.0,-1.012
2013-01-02 23:00:00,0.0,-1.012
2013-01-02 23:01:00,0.0,-1.012
2013-01-02 23:02:00,0.0,-1.012
2013-01-02 23:03:00,0.0,-1.012
2013-01-02 23:04:00,0.0,-1.012
2013-01-02 23:05:00,0.0,-1.012
2013-01-02 23:06:00,0.0,-1.012
2013-01-02 23:07:00,0.0,-1.012
2013-01-02 23:08:00,0.0,-1.012
2013-01-02 23:09:00,0.0,-1.012
2013-01-02 23:10:00,0.0,-1.012
2013-01-02 23:11:00,0.0,-1.012
2013-01-02 23:12:00,0.0,-1.012
2013-01-02 23:13:00,0.0,-1.012
2013-01-02 23:14:00,0.0,-1.012
2013-01-02 23:15:00,0.0,-1.012
2013-01-02 23:16:00,0.0,-1.012
2013-01-02 23:17:00,0.0,-1.012
2013-01-02 23:18:00,0.0,-0.984
2013-01-02 23:19:00,0.0,-0.8435
2013-01-02 23:20:00,0.0,-0.675
2013-01-02 23:21:00,0.0,-0.675
2013-01-02 23:22:00,0.0,-0.675
2013-01-02 23:23:00,0.0,-0.675
2013-01-02 23:24:00,0.0,-0.675
2013-01-02 23:25:00,0.0,-0.675
2013-01-02 23:26:00,0.0,-0.675
2013-01-02 23:27:00,0.0,-0.675
2013-01-02 23:28:00,0.0,-0.675
2013-01-02 23:29:00,0.0,-0.675
2013-01-02 23:30:00,0.0,-0.675
2013-01-02 23:31:00,0.0,-0.675
2013-01-02 23:32:00,0.0,-0.675
2013-01-02 23:33:00,0.0,-0.6745
2013-01-02 23:34:00,0.0,-0.6745
2013-01-02 23:35:00,0.0,-0.6745
2013-01-02 23:36:00,0.0,-0.6745
2013-01-02 23:37:00,0.0,-0.6745
2013-01-02 23:38:00,0.0,-0.6745
2013-01-02 23:39:00,0.0,-0.6745
2013-01-02 23:40:00,0.0,-0.6745
2013-01-02 23:41:00,0.0,-0.703
2013-01-02 23:42:00,0.0,-0.6745
2013-01-02 23:43:00,0.0,-0.703
2013-01-02 23:44:00,0.0,-0.8435
2013-01-02 23:45:00,0.0,-0.8435
2013-01-02 23:46:00,0.0,-0.9275
2013-01-02 23:47:00,0.0,-0.984
2013-01-02 23:48:00,0.0,-0.984
2013-01-02 23:49:00,0.0,-0.984
2013-01-02 23:50:00,0.0,-0.703
2013-01-02 23:51:00,0.0,-0.6745
2013-01-02 23:52:00,0.0,-0.6745
2013-01-02 23:53:00,0.0,-0.703
2013-01-02 23:54:00,0.0,-0.703
2013-01-02 23:55:00,0.0,-0.6745
2013-01-02 23:56:00,0.0,-0.6745
2013-01-02 23:57:00,0.0,-0.6745
2013-01-02 23:58:00,0.0,-0.6745
2013-01-02 23:59:00,0.0,-0.6745
2013-01-03 00:00:00,0.0,-0.6745
2013-01-03 00:01:00,0.0,-0.6745
2013-01-03 00:02:00,0.0,-0.6745
2013-01-03 00:03:00,0.0,-0.6745
2013-01-03 00:04:00,0.0,-0.6745
2013-01-03 00:05:00,0.0,-0.6745
2013-01-03 00:06:00,0.0,-0.6745
2013-01-03 00:07:00,0.0,-0.6745
2013-01-03 00:08:00,0.0,-0.6745
2013-01-03 00:09:00,0.0,-0.6745
2013-01-03 00:10:00,0.0,-0.6745
2013-01-03 00:11:00,0.0,-0.6745
2013-01-03 00:12:00,0.0,-0.6745
2013-01-03 00:13:00,0.0,-0.6745
2013-01-03 00:14:00,0.0,-0.6745
2013-01-03 00:15:00,0.0,-0.6745
2013-01-03 00:16:00,0.0,-0.6745
2013-01-03 00:17:00,0.0,-0.6745
2013-01-03 00:18:00,0.0,-0.6745
2013-01-03 00:19:00,0.0,-0.6745
2013-01-03 00:20:00,0.0,-0.6745
2013-01-03 00:21:00,0.0,-0.6745
2013-01-03 00:22:00,0.0,-0.6745
2013-01-03 00:23:00,0.0,-0.6745
2013-01-03 00:24:00,0.0,-0.6745
2013-01-03 00:25:00,0.0,-0.6745
2013-01-03 00:26:00,0.0,-0.6745
2013-01-03 00:27:00,0.0,-0.6745
2013-01-03 00:28:00,0.0,-0.6745
2013-01-03 00:29:00,0.0,-0.6745
2013-01-03 00:30:00,0.0,-0.6745
2013-01-03 00:31:00,0.0,-0.6745
2013-01-03 00:32:00,0.0,-0.6745
2013-01-03 00:33:00,0.0,-0.6745
2013-01-03 00:34:00,0.0,-0.6745
2013-01-03 00:35:00,0.0,-0.6745
2013-01-03 00:36:00,0.0,-0.6745
2013-01-03 00:37:00,0.0,-0.6745
2013-01-03 00:38:00,0.0,-0.6745
2013-01-03 00:39:00,0.0,-0.6745
2013-01-03 00:40:00,0.0,-0.6745
2013-01-03 00:41:00,0.0,-0.6745
2013-01-03 00:42:00,0.0,-0.6745
2013-01-03 00:43:00,0.0,-0.6745
2013-01-03 00:44:00,0.0,-0.6745
2013-01-03 00:45:00,0.0,-0.6745
2013-01-03 00:46:00,0.0,-0.6745
2013-01-03 00:47:00,0.0,-0.6745
2013-01-03 00:48:00,0.0,-0.6745
2013-01-03 00:49:00,0.0,-0.731
2013-01-03 00:50:00,0.0,-0.815
2013-01-03 00:51:00,0.0,-0.731
2013-01-03 00:52:00,0.0,-0.6745
2013-01-03 00:53:00,0.0,-0.787
2013-01-03 00:54:00,0.0,-0.9275
2013-01-03 00:55:00,0.0,-1.012
2013-01-03 00:56:00,0.0,-0.8435
2013-01-03 00:57:00,0.0,-0.7025
2013-01-03 00:58:00,0.0,-0.6745
2013-01-03 00:59:00,0.0,-0.7025
2013-01-03 01:00:00,0.0,-0.7025
2013-01-03 01:01:00,0.0,-0.7025
2013-01-03 01:02:00,0.0,-0.6745
2013-01-03 01:03:00,0.0,-0.7025
2013-01-03 01:04:00,0.0,-0.6745
2013-01-03 01:05:00,0.0,-0.6745
2013-01-03 01:06:00,0.0,-0.6745
2013-01-03 01:07:00,0.0,-0.6745
2013-01-03 01:08:00,0.0,-0.6745
2013-01-03 01:09:00,0.0,-0.6745
2013-01-03 01:10:00,0.0,-0.6745
2013-01-03 01:11:00,0.0,-0.6745
2013-01-03 01:12:00,0.0,-0.6745
2013-01-03 01:13:00,0.0,-0.6745
2013-01-03 01:14:00,0.0,-0.6745
2013-01-03 01:15:00,0.0,-0.6745
2013-01-03 01:16:00,0.0,-0.6745
2013-01-03 01:17:00,0.0,-0.6745
2013-01-03 01:18:00,0.0,-0.6745
2013-01-03 01:19:00,0.0,-0.6745
2013-01-03 01:20:00,0.0,-0.6745
2013-01-03 01:21:00,0.0,-0.6745
2013-01-03 01:22:00,0.0,-0.6745
2013-01-03 01:23:00,0.0,-0.6745
2013-01-03 01:24:00,0.0,-0.6745
2013-01-03 01:25:00,0.0,-0.6745
2013-01-03 01:26:00,0.0,-0.6745
2013-01-03 01:27:00,0.0,-0.6745
2013-01-03 01:28:00,0.0,-0.6745
2013-01-03 01:29:00,0.0,-0.6745
2013-01-03 01:30:00,0.0,-0.6745
2013-01-03 01:31:00,0.0,-0.6745
2013-01-03 01:32:00,0.0,-0.6745
2013-01-03 01:33:00,0.0,-0.6745
2013-01-03 01:34:00,0.0,-0.6745
2013-01-03 01:35:00,0.0,-0.6745
2013-01-03 01:36:00,0.0,-0.6745
2013-01-03 01:37:00,0.0,-0.6745
2013-01-03 01:38:00,0.0,-0.6745
2013-01-03 01:39:00,0.0,-0.6745
2013-01-03 01:40:00,0.0,-0.6745
2013-01-03 01:41:00,0.0,-0.6745
2013-01-03 01:42:00,0.0,-0.6745
2013-01-03 01:43:00,0.0,-0.6745
2013-01-03 01:44:00,0.0,-0.6745
2013-01-03 01:45:00,0.0,-0.6745
2013-01-03 01:46:00,0.0,-0.6745
2013-01-03 01:47:00,0.0,-0.6745
2013-01-03 01:48:00,0.0,-0.6745
2013-01-03 01:49:00,0.0,-0.6745
2013-01-03 01:50:00,0.0,-0.6745
2013-01-03 01:51:00,0.0,-0.6745
2013-01-03 01:52:00,0.0,-0.7025
2013-01-03 01:53:00,0.0,-0.6745
2013-01-03 01:54:00,0.0,-0.6745
2013-01-03 01:55:00,0.0,-0.6745
2013-01-03 01:56:00,0.0,-0.6745
2013-01-03 01:57:00,0.0,-0.7025
2013-01-03 01:58:00,0.0,-0.9275
2013-01-03 01:59:00,0.0,-1.012
2013-01-03 02:00:00,0.0,-1.012
2013-01-03 02:01:00,0.0,-1.012
2013-01-03 02:02:00,0.0,-1.012
2013-01-03 02:03:00,0.0,-1.012
2013-01-03 02:04:00,0.0,-1.012
2013-01-03 02:05:00,0.0,-1.012
2013-01-03 02:06:00,0.0,-1.012
2013-01-03 02:07:00,0.0,-1.012
2013-01-03 02:08:00,0.0,-1.012
2013-01-03 02:09:00,0.0,-1.012
2013-01-03 02:10:00,0.0,-1.012
2013-01-03 02:11:00,0.0,-1.012
2013-01-03 02:12:00,0.0,-1.012
2013-01-03 02:13:00,0.0,-1.012
2013-01-03 02:14:00,0.0,-1.012
2013-01-03 02:15:00,0.0,-1.068
2013-01-03 02:16:00,0.0,-1.012
2013-01-03 02:17:00,0.0,-1.012
2013-01-03 02:18:00,0.0,-1.012
2013-01-03 02:19:00,0.0,-1.04
2013-01-03 02:20:00,0.0,-1.012
2013-01-03 02:21:00,0.0,-1.012
2013-01-03 02:22:00,0.0,-1.04
2013-01-03 02:23:00,0.0,-1.2085
2013-01-03 02:24:00,0.0,-1.349
2013-01-03 02:25:00,0.0,-1.349
2013-01-03 02:26:00,0.0,-1.349
2013-01-03 02:27:00,0.0,-1.349
2013-01-03 02:28:00,0.0,-1.349
2013-01-03 02:29:00,0.0,-1.349
2013-01-03 02:30:00,0.0,-1.349
2013-01-03 02:31:00,0.0,-1.349
2013-01-03 02:32:00,0.0,-1.321
2013-01-03 02:33:00,0.0,-1.1245
2013-01-03 02:34:00,0.0,-1.1525
2013-01-03 02:35:00,0.0,-1.1245
2013-01-03 02:36:00,0.0,-1.321
2013-01-03 02:37:00,0.0,-1.321
2013-01-03 02:38:00,0.0,-1.321
2013-01-03 02:39:00,0.0,-1.2085
2013-01-03 02:40:00,0.0,-1.012
2013-01-03 02:41:00,0.0,-1.012
2013-01-03 02:42:00,0.0,-1.012
2013-01-03 02:43:00,0.0,-1.012
2013-01-03 02:44:00,0.0,-1.012
2013-01-03 02:45:00,0.0,-1.012
2013-01-03 02:46:00,0.0,-1.012
2013-01-03 02:47:00,0.0,-1.012
2013-01-03 02:48:00,0.0,-1.012
2013-01-03 02:49:00,0.0,-1.012
2013-01-03 02:50:00,0.0,-1.012
2013-01-03 02:51:00,0.0,-1.1805
2013-01-03 02:52:00,0.0,-1.1525
2013-01-03 02:53:00,0.0,-1.293
2013-01-03 02:54:00,0.0,-1.068
2013-01-03 02:55:00,0.0,-1.237
2013-01-03 02:56:00,0.0,-1.096
2013-01-03 02:57:00,0.0,-1.096
2013-01-03 02:58:00,0.0,-1.012
2013-01-03 02:59:00,0.0,-1.012
2013-01-03 03:00:00,0.0,-1.012
2013-01-03 03:01:00,0.0,-1.012
2013-01-03 03:02:00,0.0,-1.012
2013-01-03 03:03:00,0.0,-1.012
2013-01-03 03:04:00,0.0,-1.237
2013-01-03 03:05:00,0.0,-1.012
2013-01-03 03:06:00,0.0,-1.012
2013-01-03 03:07:00,0.0,-1.012
2013-01-03 03:08:00,0.0,-1.012
2013-01-03 03:09:00,0.0,-1.012
2013-01-03 03:10:00,0.0,-1.012
2013-01-03 03:11:00,0.0,-1.012
2013-01-03 03:12:00,0.0,-1.012
2013-01-03 03:13:00,0.0,-1.012
2013-01-03 03:14:00,0.0,-1.012
2013-01-03 03:15:00,0.0,-1.04
2013-01-03 03:16:00,0.0,-1.04
2013-01-03 03:17:00,0.0,-1.012
2013-01-03 03:18:00,0.0,-1.012
2013-01-03 03:19:00,0.0,-1.012
2013-01-03 03:20:00,0.0,-1.068
2013-01-03 03:21:00,0.0,-1.2085
2013-01-03 03:22:00,0.0,-1.04
2013-01-03 03:23:00,0.0,-1.04
2013-01-03 03:24:00,0.0,-1.012
2013-01-03 03:25:00,0.0,-1.012
2013-01-03 03:26:00,0.0,-1.012
2013-01-03 03:27:00,0.0,-1.012
2013-01-03 03:28:00,0.0,-1.012
2013-01-03 03:29:00,0.0,-1.04
2013-01-03 03:30:00,0.0,-1.012
2013-01-03 03:31:00,0.0,-1.012
2013-01-03 03:32:00,0.0,-1.012
2013-01-03 03:33:00,0.0,-1.012
2013-01-03 03:34:00,0.0,-1.012
2013-01-03 03:35:00,0.0,-1.012
2013-01-03 03:36:00,0.0,-1.012
2013-01-03 03:37:00,0.0,-1.012
2013-01-03 03:38:00,0.0,-1.012
2013-01-03 03:39:00,0.0,-1.012
2013-01-03 03:40:00,0.0,-1.012
2013-01-03 03:41:00,0.0,-1.012
2013-01-03 03:42:00,0.0,-1.012
2013-01-03 03:43:00,0.0,-1.012
2013-01-03 03:44:00,0.0,-1.012
2013-01-03 03:45:00,0.0,-1.012
2013-01-03 03:46:00,0.0,-1.012
2013-01-03 03:47:00,0.0,-1.012
2013-01-03 03:48:00,0.0,-1.012
2013-01-03 03:49:00,0.0,-1.096
2013-01-03 03:50:00,0.0,-1.349
2013-01-03 03:51:00,0.0,-1.349
2013-01-03 03:52:00,0.0,-1.349
2013-01-03 03:53:00,0.0,-1.4055
2013-01-03 03:54:00,0.0,-1.602
2013-01-03 03:55:00,0.0,-1.574
2013-01-03 03:56:00,0.0,-1.574
2013-01-03 03:57:00,0.0,-1.4895
2013-01-03 03:58:00,0.0,-1.546
2013-01-03 03:59:00,0.0,-1.3775
2013-01-03 04:00:00,0.0,-1.4055
2013-01-03 04:01:00,0.0,-1.3775
2013-01-03 04:02:00,0.0,-1.349
2013-01-03 04:03:00,0.0,-1.349
2013-01-03 04:04:00,0.0,-1.349
2013-01-03 04:05:00,0.0,-1.3775
2013-01-03 04:06:00,0.0,-1.3775
2013-01-03 04:07:00,0.0,-1.4335
2013-01-03 04:08:00,0.0,-1.518
2013-01-03 04:09:00,0.0,-1.574
2013-01-03 04:10:00,0.0,-1.4615
2013-01-03 04:11:00,0.0,-1.349
2013-01-03 04:12:00,0.0,-1.349
2013-01-03 04:13:00,0.0,-1.349
2013-01-03 04:14:00,0.0,-1.3495
2013-01-03 04:15:00,0.0,-1.3495
2013-01-03 04:16:00,0.0,-1.3495
2013-01-03 04:17:00,0.0,-1.3495
2013-01-03 04:18:00,0.0,-1.3495
2013-01-03 04:19:00,0.0,-1.3495
2013-01-03 04:20:00,0.0,-1.293
2013-01-03 04:21:00,0.0,-1.04
2013-01-03 04:22:00,0.0,-1.012
2013-01-03 04:23:00,0.0,-1.012
2013-01-03 04:24:00,0.0,-1.012
2013-01-03 04:25:00,0.0,-1.012
2013-01-03 04:26:00,0.0,-1.012
2013-01-03 04:27:00,0.0,-1.012
2013-01-03 04:28:00,0.0,-1.012
2013-01-03 04:29:00,0.0,-1.0965
2013-01-03 04:30:00,0.0,-1.1525
2013-01-03 04:31:00,0.0,-1.068
2013-01-03 04:32:00,0.0,-1.3215
2013-01-03 04:33:00,0.0,-1.3495
2013-01-03 04:34:00,0.0,-1.3495
2013-01-03 04:35:00,0.0,-1.3495
2013-01-03 04:36:00,0.0,-1.3495
2013-01-03 04:37:00,0.0,-1.265
2013-01-03 04:38:00,0.0,-1.3495
2013-01-03 04:39:00,0.0,-1.3215
2013-01-03 04:40:00,0.0,-1.1805
2013-01-03 04:41:00,0.0,-1.012
2013-01-03 04:42:00,0.0,-1.012
2013-01-03 04:43:00,0.0,-1.0685
2013-01-03 04:44:00,0.0,-1.0685
2013-01-03 04:45:00,0.0,-1.237
2013-01-03 04:46:00,0.0,-1.3495
2013-01-03 04:47:00,0.0,-1.3495
2013-01-03 04:48:00,0.0,-1.3215
2013-01-03 04:49:00,0.0,-1.3215
2013-01-03 04:50:00,0.0,-1.3495
2013-01-03 04:51:00,0.0,-1.3495
2013-01-03 04:52:00,0.0,-1.3495
2013-01-03 04:53:00,0.0,-1.3495
2013-01-03 04:54:00,0.0,-1.3495
2013-01-03 04:55:00,0.0,-1.3495
2013-01-03 04:56:00,0.0,-1.3495
2013-01-03 04:57:00,0.0,-1.3495
2013-01-03 04:58:00,0.0,-1.3495
2013-01-03 04:59:00,0.0,-1.3495
2013-01-03 05:00:00,0.0,-1.3495
2013-01-03 05:01:00,0.0,-1.3495
2013-01-03 05:02:00,0.0,-1.293
2013-01-03 05:03:00,0.0,-1.237
2013-01-03 05:04:00,0.0,-1.3215
2013-01-03 05:05:00,0.0,-1.265
2013-01-03 05:06:00,0.0,-1.293
2013-01-03 05:07:00,0.0,-1.3215
2013-01-03 05:08:00,0.0,-1.237
2013-01-03 05:09:00,0.0,-1.3215
2013-01-03 05:10:00,0.0,-1.3495
2013-01-03 05:11:00,0.0,-1.3495
2013-01-03 05:12:00,0.0,-1.3495
2013-01-03 05:13:00,0.0,-1.3495
2013-01-03 05:14:00,0.0,-1.3495
2013-01-03 05:15:00,0.0,-1.3495
2013-01-03 05:16:00,0.0,-1.3495
2013-01-03 05:17:00,0.0,-1.3495
2013-01-03 05:18:00,0.0,-1.3495
2013-01-03 05:19:00,0.0,-1.3495
2013-01-03 05:20:00,0.0,-1.237
2013-01-03 05:21:00,0.0,-1.3495
2013-01-03 05:22:00,0.0,-1.3495
2013-01-03 05:23:00,0.0,-1.3495
2013-01-03 05:24:00,0.0,-1.3495
2013-01-03 05:25:00,0.0,-1.3215
2013-01-03 05:26:00,0.0,-1.2935
2013-01-03 05:27:00,0.0,-1.181
2013-01-03 05:28:00,0.0,-1.209
2013-01-03 05:29:00,0.0,-1.153
2013-01-03 05:30:00,0.0,-1.2935
2013-01-03 05:31:00,0.0,-1.3495
2013-01-03 05:32:00,0.0,-1.3495
2013-01-03 05:33:00,0.0,-1.2655
2013-01-03 05:34:00,0.0,-1.181
2013-01-03 05:35:00,0.0,-1.0405
2013-01-03 05:36:00,0.0,-1.1245
2013-01-03 05:37:00,0.0,-1.0965
2013-01-03 05:38:00,0.0,-1.237
2013-01-03 05:39:00,0.0,-1.3215
2013-01-03 05:40:00,0.0,-1.181
2013-01-03 05:41:00,0.0,-1.237
2013-01-03 05:42:00,0.0,-1.3495
2013-01-03 05:43:00,0.0,-1.3495
2013-01-03 05:44:00,0.0,-1.3495
2013-01-03 05:45:00,0.0,-1.3495
2013-01-03 05:46:00,0.0,-1.3495
2013-01-03 05:47:00,0.0,-1.3495
2013-01-03 05:48:00,0.0,-1.3495
2013-01-03 05:49:00,0.0,-1.3215
2013-01-03 05:50:00,0.0,-1.0965
2013-01-03 05:51:00,0.0,-1.0405
2013-01-03 05:52:00,0.0,-1.0965
2013-01-03 05:53:00,0.0,-1.153
2013-01-03 05:54:00,0.0,-1.3495
2013-01-03 05:55:00,0.0,-1.2655
2013-01-03 05:56:00,0.0,-1.2935
2013-01-03 05:57:00,0.0,-1.1245
2013-01-03 05:58:00,0.0,-1.181
2013-01-03 05:59:00,0.0,-1.0405
2013-01-03 06:00:00,0.0,-1.0125
2013-01-03 06:01:00,0.0,-1.0125
2013-01-03 06:02:00,0.0,-1.0125
2013-01-03 06:03:00,0.0,-1.0125
2013-01-03 06:04:00,0.0,-1.0125
2013-01-03 06:05:00,0.0,-1.0125
2013-01-03 06:06:00,0.0,-1.0685
2013-01-03 06:07:00,0.0,-1.0125
2013-01-03 06:08:00,0.0,-1.0685
2013-01-03 06:09:00,0.0,-1.0405
2013-01-03 06:10:00,0.0,-1.0125
2013-01-03 06:11:00,0.0,-1.1245
2013-01-03 06:12:00,0.0,-1.0125
2013-01-03 06:13:00,0.0,-1.0125
2013-01-03 06:14:00,0.0,-1.0125
2013-01-03 06:15:00,0.0,-1.0685
2013-01-03 06:16:00,0.0,-1.237
2013-01-03 06:17:00,0.0,-1.3215
2013-01-03 06:18:00,0.0,-1.3495
2013-01-03 06:19:00,0.0,-1.3495
2013-01-03 06:20:00,0.0,-1.3495
2013-01-03 06:21:00,0.0,-1.3495
2013-01-03 06:22:00,0.0,-1.378
2013-01-03 06:23:00,0.0,-1.3495
2013-01-03 06:24:00,0.0,-1.3495
2013-01-03 06:25:00,0.0,-1.3495
2013-01-03 06:26:00,0.0,-1.3495
2013-01-03 06:27:00,0.0,-1.3215
2013-01-03 06:28:00,0.0,-1.237
2013-01-03 06:29:00,0.0,-1.153
2013-01-03 06:30:00,0.0,-1.2655
2013-01-03 06:31:00,0.0,-1.0405
2013-01-03 06:32:00,0.0,-1.0125
2013-01-03 06:33:00,0.0,-1.1245
2013-01-03 06:34:00,0.0,-1.0965
2013-01-03 06:35:00,0.0,-1.237
2013-01-03 06:36:00,0.0,-1.237
2013-01-03 06:37:00,0.0,-1.2935
2013-01-03 06:38:00,0.0,-1.181
2013-01-03 06:39:00,0.0,-1.2935
2013-01-03 06:40:00,0.0,-1.2935
2013-01-03 06:41:00,0.0,-1.237
2013-01-03 06:42:00,0.0,-1.3495
2013-01-03 06:43:00,0.0,-1.3495
2013-01-03 06:44:00,0.0,-1.2655
2013-01-03 06:45:00,0.0,-1.2935
2013-01-03 06:46:00,0.0,-1.153
2013-01-03 06:47:00,0.0,-1.0125
2013-01-03 06:48:00,0.0,-1.0125
2013-01-03 06:49:00,0.0,-1.0125
2013-01-03 06:50:00,0.0,-1.0125
2013-01-03 06:51:00,0.0,-1.0125
2013-01-03 06:52:00,0.0,-1.0125
2013-01-03 06:53:00,0.0,-1.0125
2013-01-03 06:54:00,0.0,-1.0125
2013-01-03 06:55:00,0.0,-1.0125
2013-01-03 06:56:00,0.0,-0.939
2013-01-03 06:57:00,0.0,-0.7709999999999999
2013-01-03 06:58:00,0.0,-0.7605
2013-01-03 06:59:00,0.0,-0.7605
2013-01-03 07:00:00,0.0,-0.7605
2013-01-03 07:01:00,0.0,-0.7605
2013-01-03 07:02:00,0.0,-0.7394999999999999
2013-01-03 07:03:00,0.0,-0.6345
2013-01-03 07:04:00,0.0,-0.6345
2013-01-03 07:05:00,0.0,-0.6345
2013-01-03 07:06:00,0.0,-0.4455
2013-01-03 07:07:00,0.0,-0.382
2013-01-03 07:08:00,0.0,-0.16049999999999998
2013-01-03 07:09:00,0.0,0.2074999999999999
2013-01-03 07:10:00,0.0,0.239
2013-01-03 07:11:00,0.0,0.6285000000000001
2013-01-03 07:12:00,0.0,0.8809999999999999
2013-01-03 07:13:00,0.0,1.3305
2013-01-03 07:14:00,0.0,1.5545
2013-01-03 07:15:00,0.0,1.8210000000000002
2013-01-03 07:16:00,0.0,2.3689999999999998
2013-01-03 07:17:00,0.0,2.755
2013-01-03 07:18:00,0.0,2.902
2013-01-03 07:19:00,0.0,3.154
2013-01-03 07:20:00,0.0,3.6594999999999995
2013-01-03 07:21:00,0.0,3.838
2013-01-03 07:22:00,0.0,4.038
2013-01-03 07:23:00,4.111,6.808
2013-01-03 07:24:00,9.72,18.67
2013-01-03 07:25:00,5.706,38.33
2013-01-03 07:26:00,8.17,64.84
2013-01-03 07:27:00,6.531,84.75
2013-01-03 07:28:00,35.58,94.44999999999999
2013-01-03 07:29:00,105.9,98.6
2013-01-03 07:30:00,124.5,106.19999999999999
2013-01-03 07:31:00,126.9,115.1
2013-01-03 07:32:00,134.7,125.65
2013-01-03 07:33:00,153.4,133.05
2013-01-03 07:34:00,163.0,138.6
2013-01-03 07:35:00,163.2,145.14999999999998
2013-01-03 07:36:00,186.6,154.10000000000002
2013-01-03 07:37:00,199.7,164.4
2013-01-03 07:38:00,199.3,171.95
2013-01-03 07:39:00,215.3,179.05
2013-01-03 07:40:00,217.6,186.55
2013-01-03 07:41:00,218.0,194.5
2013-01-03 07:42:00,231.4,201.25
2013-01-03 07:43:00,253.7,208.55
2013-01-03 07:44:00,253.8,215.10000000000002
2013-01-03 07:45:00,268.2,222.75
2013-01-03 07:46:00,284.0,230.2
2013-01-03 07:47:00,289.8,237.14999999999998
2013-01-03 07:48:00,301.6,243.25
2013-01-03 07:49:00,319.3,250.75
2013-01-03 07:50:00,326.2,258.6
2013-01-03 07:51:00,333.7,265.25
2013-01-03 07:52:00,351.5,271.0
2013-01-03 07:53:00,362.7,278.2
2013-01-03 07:54:00,365.6,283.8
2013-01-03 07:55:00,384.4,290.15
2013-01-03 07:56:00,398.6,296.75
2013-01-03 07:57:00,400.0,303.20000000000005
2013-01-03 07:58:00,417.1,309.25
2013-01-03 07:59:00,431.4,315.25
2013-01-03 08:00:00,435.6,320.75
2013-01-03 08:01:00,449.9,327.79999999999995
2013-01-03 08:02:00,468.3,334.25
2013-01-03 08:03:00,471.0,339.55
2013-01-03 08:04:00,485.7,345.5
2013-01-03 08:05:00,501.9,351.25
2013-01-03 08:06:00,507.8,357.4
2013-01-03 08:07:00,512.4,363.4
2013-01-03 08:08:00,531.5,369.5
2013-01-03 08:09:00,543.4,375.1
2013-01-03 08:10:00,546.2,380.79999999999995
2013-01-03 08:11:00,560.7,386.85
2013-01-03 08:12:00,578.9,392.25
2013-01-03 08:13:00,581.7,397.85
2013-01-03 08:14:00,583.5,403.95
2013-01-03 08:15:00,599.1,408.9
2013-01-03 08:16:00,604.4,414.45000000000005
2013-01-03 08:17:00,615.4,419.55
2013-01-03 08:18:00,616.6,425.15
2013-01-03 08:19:00,615.6,430.65
2013-01-03 08:20:00,630.7,435.75
2013-01-03 08:21:00,645.4,441.05
2013-01-03 08:22:00,652.8,446.85
2013-01-03 08:23:00,658.7,452.0
2013-01-03 08:24:00,672.8,457.35
2013-01-03 08:25:00,683.3,462.0
2013-01-03 08:26:00,690.3,466.9
2013-01-03 08:27:00,698.8,472.1
2013-01-03 08:28:00,717.1,476.95
2013-01-03 08:29:00,724.6,481.9
2013-01-03 08:30:00,724.6,487.0
2013-01-03 08:31:00,723.1,491.79999999999995
2013-01-03 08:32:00,739.9,497.0
2013-01-03 08:33:00,741.6,502.1
2013-01-03 08:34:00,761.4,507.3
2013-01-03 08:35:00,761.6,512.1
2013-01-03 08:36:00,779.3,516.75
2013-01-03 08:37:00,796.7,521.0999999999999
2013-01-03 08:38:00,797.3,525.3
2013-01-03 08:39:00,804.0,530.05
2013-01-03 08:40:00,809.0,535.1
2013-01-03 08:41:00,825.0,539.3499999999999
2013-01-03 08:42:00,833.0,544.0999999999999
2013-01-03 08:43:00,839.0,549.3
2013-01-03 08:44:00,852.0,553.7
2013-01-03 08:45:00,853.0,558.15
2013-01-03 08:46:00,870.0,562.0
2013-01-03 08:47:00,869.0,565.85
2013-01-03 08:48:00,881.0,570.2
2013-01-03 08:49:00,900.0,574.75
2013-01-03 08:50:00,903.0,578.8499999999999
2013-01-03 08:51:00,906.0,583.45
2013-01-03 08:52:00,911.0,587.3
2013-01-03 08:53:00,924.0,592.05
2013-01-03 08:54:00,936.0,596.0999999999999
2013-01-03 08:55:00,943.0,600.05
2013-01-03 08:56:00,943.0,603.95
2013-01-03 08:57:00,955.0,608.0
2013-01-03 08:58:00,949.0,611.85
2013-01-03 08:59:00,968.0,615.25
2013-01-03 09:00:00,977.0,618.9
2013-01-03 09:01:00,981.0,623.2
2013-01-03 09:02:00,987.0,627.3499999999999
2013-01-03 09:03:00,994.0,631.3499999999999
2013-01-03 09:04:00,994.0,635.1500000000001
2013-01-03 09:05:00,1007.0,638.7
2013-01-03 09:06:00,1014.0,642.55
2013-01-03 09:07:00,1017.0,646.3
2013-01-03 09:08:00,1024.0,650.35
2013-01-03 09:09:00,1039.0,653.5
2013-01-03 09:10:00,1052.0,657.0
2013-01-03 09:11:00,1050.0,660.7
2013-01-03 09:12:00,1049.0,664.25
2013-01-03 09:13:00,1051.0,667.75
2013-01-03 09:14:00,1066.0,671.7
2013-01-03 09:15:00,1080.0,675.2
2013-01-03 09:16:00,1086.0,678.65
2013-01-03 09:17:00,1087.0,682.55
2013-01-03 09:18:00,1104.0,686.7
2013-01-03 09:19:00,1111.0,690.8
2013-01-03 09:20:00,1119.0,694.1
2013-01-03 09:21:00,1124.0,697.1
2013-01-03 09:22:00,1126.0,699.8
2013-01-03 09:23:00,1136.0,703.9
2013-01-03 09:24:00,1151.0,707.25
2013-01-03 09:25:00,1157.0,709.3
2013-01-03 09:26:00,1158.0,712.05
2013-01-03 09:27:00,1161.0,715.1
2013-01-03 09:28:00,1173.0,718.3499999999999
2013-01-03 09:29:00,1165.0,720.9000000000001
2013-01-03 09:30:00,1179.0,724.45
2013-01-03 09:31:00,1194.0,727.6
2013-01-03 09:32:00,1193.0,730.9000000000001
2013-01-03 09:33:00,1193.0,733.9
2013-01-03 09:34:00,1197.0,735.85
2013-01-03 09:35:00,1207.0,737.8499999999999
2013-01-03 09:36:00,1217.0,741.1500000000001
2013-01-03 09:37:00,1225.0,744.9
2013-01-03 09:38:00,1221.0,748.95
2013-01-03 09:39:00,1231.0,752.0
2013-01-03 09:40:00,1238.0,754.75
2013-01-03 09:41:00,1246.0,758.2
2013-01-03 09:42:00,1244.0,760.95
2013-01-03 09:43:00,1256.0,763.75
2013-01-03 09:44:00,1259.0,766.65
2013-01-03 09:45:00,1266.0,769.55
2013-01-03 09:46:00,1265.0,772.85
2013-01-03 09:47:00,1275.0,775.75
2013-01-03 09:48:00,1278.0,779.35
2013-01-03 09:49:00,1268.0,782.45
2013-01-03 09:50:00,1291.0,785.1
2013-01-03 09:51:00,1296.0,788.6
2013-01-03 09:52:00,1299.0,790.6
2013-01-03 09:53:00,1307.0,794.1
2013-01-03 09:54:00,1315.0,796.85
2013-01-03 09:55:00,1311.0,799.25
2013-01-03 09:56:00,1313.0,802.25
2013-01-03 09:57:00,1316.0,804.2
2013-01-03 09:58:00,1328.0,806.9
2013-01-03 09:59:00,1331.0,810.45
2013-01-03 10:00:00,1335.0,813.35
2013-01-03 10:01:00,1339.0,816.4
2013-01-03 10:02:00,1350.0,818.45
2013-01-03 10:03:00,1355.0,821.2
2013-01-03 10:04:00,1357.0,824.4
2013-01-03 10:05:00,1365.0,827.55
2013-01-03 10:06:00,1367.0,829.95
2013-01-03 10:07:00,1374.0,832.6
2013-01-03 10:08:00,1373.0,834.35
2013-01-03 10:09:00,1384.0,836.95
2013-01-03 10:10:00,1384.0,839.6
2013-01-03 10:11:00,1397.0,842.6
2013-01-03 10:12:00,1397.0,846.0
2013-01-03 10:13:00,1400.0,848.45
2013-01-03 10:14:00,1414.0,850.5
2013-01-03 10:15:00,1416.0,852.9
2013-01-03 10:16:00,1412.0,855.85
2013-01-03 10:17:00,1417.0,857.75
2013-01-03 10:18:00,1421.0,859.0
2013-01-03 10:19:00,1427.0,861.5
2013-01-03 10:20:00,1430.0,863.5
2013-01-03 10:21:00,1433.0,866.0
2013-01-03 10:22:00,1437.0,869.0
2013-01-03 10:23:00,1435.0,871.5
2013-01-03 10:24:00,1438.0,872.5
2013-01-03 10:25:00,1437.0,871.5
2013-01-03 10:26:00,1446.0,874.0
2013-01-03 10:27:00,1441.0,877.0
2013-01-03 10:28:00,1450.0,879.5
2013-01-03 10:29:00,1457.0,884.0
2013-01-03 10:30:00,1458.0,886.5
2013-01-03 10:31:00,1466.0,889.0
2013-01-03 10:32:00,1480.0,892.0
2013-01-03 10:33:00,1483.0,893.5
2013-01-03 10:34:00,1491.0,894.5
2013-01-03 10:35:00,1493.0,895.5
2013-01-03 10:36:00,1495.0,897.0
2013-01-03 10:37:00,1496.0,899.0
2013-01-03 10:38:00,1500.0,900.0
2013-01-03 10:39:00,1507.0,903.0
2013-01-03 10:40:00,1506.0,905.5
2013-01-03 10:41:00,1513.0,908.0
2013-01-03 10:42:00,1518.0,911.5
2013-01-03 10:43:00,1520.0,913.5
2013-01-03 10:44:00,1523.0,915.5
2013-01-03 10:45:00,1529.0,918.5
2013-01-03 10:46:00,1524.0,920.0
2013-01-03 10:47:00,1535.0,922.5
2013-01-03 10:48:00,1543.0,924.5
2013-01-03 10:49:00,1543.0,926.5
2013-01-03 10:50:00,1543.0,928.5
2013-01-03 10:51:00,1543.0,929.5
2013-01-03 10:52:00,1537.0,931.0
2013-01-03 10:53:00,1543.0,932.5
2013-01-03 10:54:00,1546.0,935.0
2013-01-03 10:55:00,1550.0,937.0
2013-01-03 10:56:00,1554.0,939.5
2013-01-03 10:57:00,1565.0,940.0
2013-01-03 10:58:00,1561.0,942.0
2013-01-03 10:59:00,1562.0,943.0
2013-01-03 11:00:00,1563.0,944.0
2013-01-03 11:01:00,1565.0,944.5
2013-01-03 11:02:00,1568.0,946.5
2013-01-03 11:03:00,1574.0,946.5
2013-01-03 11:04:00,1572.0,949.0
2013-01-03 11:05:00,1575.0,950.0
2013-01-03 11:06:00,1577.0,951.0
2013-01-03 11:07:00,1567.0,952.0
2013-01-03 11:08:00,1576.0,953.5
2013-01-03 11:09:00,1583.0,954.5
2013-01-03 11:10:00,1580.0,956.0
2013-01-03 11:11:00,1585.0,958.0
2013-01-03 11:12:00,1589.0,959.5
2013-01-03 11:13:00,1585.0,960.5
2013-01-03 11:14:00,1582.0,962.0
2013-01-03 11:15:00,1583.0,962.5
2013-01-03 11:16:00,1580.0,963.0
2013-01-03 11:17:00,1583.0,963.0
2013-01-03 11:18:00,1580.0,963.0
2013-01-03 11:19:00,1581.0,965.0
2013-01-03 11:20:00,1580.0,963.0
2013-01-03 11:21:00,1579.0,967.5
2013-01-03 11:22:00,1585.0,968.5
2013-01-03 11:23:00,1586.0,970.0
2013-01-03 11:24:00,1584.0,970.0
2013-01-03 11:25:00,1582.0,971.0
2013-01-03 11:26:00,1588.0,972.0
2013-01-03 11:27:00,1595.0,973.0
2013-01-03 11:28:00,1588.0,974.0
2013-01-03 11:29:00,1583.0,973.5
2013-01-03 11:30:00,1585.0,974.5
2013-01-03 11:31:00,1590.0,974.5
2013-01-03 11:32:00,1588.0,975.5
2013-01-03 11:33:00,1589.0,977.0
2013-01-03 11:34:00,1596.0,978.0
2013-01-03 11:35:00,1599.0,978.5
2013-01-03 11:36:00,1601.0,979.5
2013-01-03 11:37:00,1602.0,979.5
2013-01-03 11:38:00,1596.0,979.5
2013-01-03 11:39:00,1603.0,981.0
2013-01-03 11:40:00,1610.0,982.0
2013-01-03 11:41:00,1604.0,983.0
2013-01-03 11:42:00,1611.0,983.5
2013-01-03 11:43:00,1608.0,983.5
2013-01-03 11:44:00,1601.0,983.5
2013-01-03 11:45:00,1601.0,984.0
2013-01-03 11:46:00,1612.0,985.5
2013-01-03 11:47:00,1622.0,985.5
2013-01-03 11:48:00,1609.0,986.0
2013-01-03 11:49:00,1613.0,986.0
2013-01-03 11:50:00,1611.0,986.0
2013-01-03 11:51:00,1604.0,985.5
2013-01-03 11:52:00,1609.0,986.5
2013-01-03 11:53:00,1615.0,988.0
2013-01-03 11:54:00,1626.0,988.0
2013-01-03 11:55:00,1630.0,988.5
2013-01-03 11:56:00,1629.0,987.5
2013-01-03 11:57:00,1627.0,989.0
2013-01-03 11:58:00,1624.0,990.5
2013-01-03 11:59:00,1628.0,990.5
2013-01-03 12:00:00,1632.0,991.0
2013-01-03 12:01:00,1634.0,990.0
2013-01-03 12:02:00,1640.0,991.5
2013-01-03 12:03:00,1629.0,991.0
2013-01-03 12:04:00,1622.0,990.5
2013-01-03 12:05:00,1626.0,991.0
2013-01-03 12:06:00,1642.0,991.0
2013-01-03 12:07:00,1636.0,990.5
2013-01-03 12:08:00,1648.0,990.0
2013-01-03 12:09:00,1641.0,989.0
2013-01-03 12:10:00,1651.0,989.5
2013-01-03 12:11:00,1655.0,989.5
2013-01-03 12:12:00,1650.0,990.5
2013-01-03 12:13:00,1647.0,990.5
2013-01-03 12:14:00,1639.0,991.0
2013-01-03 12:15:00,1629.0,990.5
2013-01-03 12:16:00,1630.0,990.0
2013-01-03 12:17:00,1630.0,989.5
2013-01-03 12:18:00,1635.0,989.0
2013-01-03 12:19:00,1634.0,988.0
2013-01-03 12:20:00,1628.0,988.0
2013-01-03 12:21:00,1635.0,988.0
2013-01-03 12:22:00,1645.0,988.0
2013-01-03 12:23:00,1624.0,987.5
2013-01-03 12:24:00,1630.0,988.5
2013-01-03 12:25:00,1626.0,987.5
2013-01-03 12:26:00,1626.0,987.5
2013-01-03 12:27:00,1619.0,987.0
2013-01-03 12:28:00,1609.0,986.0
2013-01-03 12:29:00,1615.0,985.5
2013-01-03 12:30:00,1615.0,985.0
2013-01-03 12:31:00,1609.0,983.5
2013-01-03 12:32:00,1612.0,982.5
2013-01-03 12:33:00,1602.0,982.0
2013-01-03 12:34:00,1592.0,981.0
2013-01-03 12:35:00,1602.0,982.0
2013-01-03 12:36:00,1602.0,981.0
2013-01-03 12:37:00,1603.0,981.0
2013-01-03 12:38:00,1598.0,980.0
2013-01-03 12:39:00,1597.0,980.0
2013-01-03 12:40:00,1592.0,979.5
2013-01-03 12:41:00,1582.0,978.5
2013-01-03 12:42:00,1582.0,978.0
2013-01-03 12:43:00,1587.0,976.5
2013-01-03 12:44:00,1577.0,975.0
2013-01-03 12:45:00,1568.0,973.5
2013-01-03 12:46:00,1575.0,973.0
2013-01-03 12:47:00,1577.0,972.5
2013-01-03 12:48:00,1578.0,973.0
2013-01-03 12:49:00,1571.0,971.0
2013-01-03 12:50:00,1572.0,970.0
2013-01-03 12:51:00,1567.0,968.5
2013-01-03 12:52:00,1563.0,967.0
2013-01-03 12:53:00,1576.0,966.5
2013-01-03 12:54:00,1583.0,965.0
2013-01-03 12:55:00,1576.0,964.0
2013-01-03 12:56:00,1567.0,962.5
2013-01-03 12:57:00,1564.0,961.0
2013-01-03 12:58:00,1564.0,960.0
2013-01-03 12:59:00,1575.0,959.0
2013-01-03 13:00:00,1585.0,958.0
2013-01-03 13:01:00,1586.0,957.5
2013-01-03 13:02:00,1585.0,957.0
2013-01-03 13:03:00,1583.0,956.0
2013-01-03 13:04:00,1581.0,953.5
2013-01-03 13:05:00,1575.0,952.5
2013-01-03 13:06:00,1572.0,951.5
2013-01-03 13:07:00,1573.0,949.5
2013-01-03 13:08:00,1575.0,948.0
2013-01-03 13:09:00,1560.0,947.0
2013-01-03 13:10:00,1565.0,945.5
2013-01-03 13:11:00,1551.0,944.5
2013-01-03 13:12:00,1540.0,942.5
2013-01-03 13:13:00,1534.0,941.0
2013-01-03 13:14:00,1536.0,940.5
2013-01-03 13:15:00,1527.0,939.0
2013-01-03 13:16:00,1526.0,937.5
2013-01-03 13:17:00,1521.0,935.0
2013-01-03 13:18:00,1524.0,934.0
2013-01-03 13:19:00,1520.0,933.0
2013-01-03 13:20:00,1512.0,930.5
2013-01-03 13:21:00,1513.0,929.0
2013-01-03 13:22:00,1507.0,926.5
2013-01-03 13:23:00,1506.0,924.5
2013-01-03 13:24:00,1504.0,923.5
2013-01-03 13:25:00,1498.0,922.0
2013-01-03 13:26:00,1495.0,920.5
2013-01-03 13:27:00,1487.0,918.5
2013-01-03 13:28:00,1486.0,917.5
2013-01-03 13:29:00,1480.0,915.5
2013-01-03 13:30:00,1480.0,913.5
2013-01-03 13:31:00,1471.0,910.5
2013-01-03 13:32:00,1464.0,908.5
2013-01-03 13:33:00,1460.0,907.0
2013-01-03 13:34:00,1455.0,905.0
2013-01-03 13:35:00,1446.0,902.5
2013-01-03 13:36:00,1446.0,900.5
2013-01-03 13:37:00,1440.0,899.0
2013-01-03 13:38:00,1442.0,897.0
2013-01-03 13:39:00,1440.0,895.0
2013-01-03 13:40:00,1442.0,893.0
2013-01-03 13:41:00,1433.0,890.5
2013-01-03 13:42:00,1431.0,889.0
2013-01-03 13:43:00,1427.0,887.0
2013-01-03 13:44:00,1430.0,886.0
2013-01-03 13:45:00,1428.0,883.5
2013-01-03 13:46:00,1413.0,881.0
2013-01-03 13:47:00,1406.0,877.5
2013-01-03 13:48:00,1408.0,875.5
2013-01-03 13:49:00,1406.0,873.5
2013-01-03 13:50:00,1398.0,872.0
2013-01-03 13:51:00,1388.0,869.0
2013-01-03 13:52:00,1383.0,867.5
2013-01-03 13:53:00,1381.0,864.5
2013-01-03 13:54:00,1374.0,862.4
2013-01-03 13:55:00,1374.0,859.95
2013-01-03 13:56:00,1371.0,857.65
2013-01-03 13:57:00,1368.0,855.5
2013-01-03 13:58:00,1365.0,853.05
2013-01-03 13:59:00,1363.0,849.1
2013-01-03 14:00:00,1360.0,847.5
2013-01-03 14:01:00,1360.0,844.85
2013-01-03 14:02:00,1358.0,842.9
2013-01-03 14:03:00,1353.0,840.75
2013-01-03 14:04:00,1346.0,838.1
2013-01-03 14:05:00,1341.0,834.5
2013-01-03 14:06:00,1346.0,832.6
2013-01-03 14:07:00,1332.0,829.95
2013-01-03 14:08:00,1326.0,826.3
2013-01-03 14:09:00,1320.0,823.8
2013-01-03 14:10:00,1316.0,821.1
2013-01-03 14:11:00,1318.0,818.05
2013-01-03 14:12:00,1302.0,815.55
2013-01-03 14:13:00,1307.0,812.9
2013-01-03 14:14:00,1295.0,810.2
2013-01-03 14:15:00,1294.0,807.5
2013-01-03 14:16:00,1277.0,803.85
2013-01-03 14:17:00,1275.0,801.05
2013-01-03 14:18:00,1269.0,798.15
2013-01-03 14:19:00,1264.0,794.6
2013-01-03 14:20:00,1259.0,791.35
2013-01-03 14:21:00,1257.0,789.3
2013-01-03 14:22:00,1246.0,786.45
2013-01-03 14:23:00,1248.0,783.9
2013-01-03 14:24:00,1245.0,780.3
2013-01-03 14:25:00,1228.0,775.9
2013-01-03 14:26:00,1229.0,773.25
2013-01-03 14:27:00,1222.0,769.55
2013-01-03 14:28:00,1225.0,767.55
2013-01-03 14:29:00,1210.0,763.45
2013-01-03 14:30:00,1196.0,760.6
2013-01-03 14:31:00,1194.0,756.8
2013-01-03 14:32:00,1189.0,753.25
2013-01-03 14:33:00,1182.0,750.6
2013-01-03 14:34:00,1175.0,747.75
2013-01-03 14:35:00,1169.0,744.4
2013-01-03 14:36:00,1160.0,741.3
2013-01-03 14:37:00,1157.0,738.3
2013-01-03 14:38:00,1140.0,734.75
2013-01-03 14:39:00,1133.0,730.55
2013-01-03 14:40:00,1131.0,726.85
2013-01-03 14:41:00,1117.0,724.0
2013-01-03 14:42:00,1112.0,720.1500000000001
2013-01-03 14:43:00,1099.0,717.2
2013-01-03 14:44:00,1081.0,712.7
2013-01-03 14:45:00,1075.0,709.5
2013-01-03 14:46:00,1065.0,705.25
2013-01-03 14:47:00,1058.0,701.5999999999999
2013-01-03 14:48:00,1045.0,698.05
2013-01-03 14:49:00,1036.0,694.2
2013-01-03 14:50:00,1029.0,690.5999999999999
2013-01-03 14:51:00,1015.0,684.4
2013-01-03 14:52:00,1006.0,656.3499999999999
2013-01-03 14:53:00,998.0,495.0
2013-01-03 14:54:00,982.0,247.52450000000002
2013-01-03 14:55:00,974.0,184.42450000000002
2013-01-03 14:56:00,971.0,122.7745
2013-01-03 14:57:00,962.0,69.7745
2013-01-03 14:58:00,950.0,36.034499999999994
2013-01-03 14:59:00,938.0,24.994500000000002
2013-01-03 15:00:00,937.0,23.7045
2013-01-03 15:01:00,923.0,23.3095
2013-01-03 15:02:00,917.0,23.084500000000002
2013-01-03 15:03:00,908.0,23.084500000000002
2013-01-03 15:04:00,904.0,23.084500000000002
2013-01-03 15:05:00,891.0,23.084500000000002
2013-01-03 15:06:00,868.0,23.084500000000002
2013-01-03 15:07:00,863.0,22.834500000000002
2013-01-03 15:08:00,858.0,22.6645
2013-01-03 15:09:00,848.0,48.174499999999995
2013-01-03 15:10:00,833.0,147.0745
2013-01-03 15:11:00,838.0,261.0245
2013-01-03 15:12:00,818.0,306.6745
2013-01-03 15:13:00,811.0,318.7745
2013-01-03 15:14:00,804.0,317.3745
2013-01-03 15:15:00,789.5,315.4245
2013-01-03 15:16:00,787.6,313.4245
2013-01-03 15:17:00,767.1,311.0745
2013-01-03 15:18:00,754.5,308.72450000000003
2013-01-03 15:19:00,745.1,576.9000000000001
2013-01-03 15:20:00,722.2,573.05
2013-01-03 15:21:00,708.2,569.3
2013-01-03 15:22:00,675.5,564.9
2013-01-03 15:23:00,635.3,560.5
2013-01-03 15:24:00,615.0,555.35
2013-01-03 15:25:00,607.2,543.0999999999999
2013-01-03 15:26:00,589.0,535.65
2013-01-03 15:27:00,577.9,531.85
2013-01-03 15:28:00,576.4,533.25
2013-01-03 15:29:00,559.0,535.25
2013-01-03 15:30:00,541.4,530.55
2013-01-03 15:31:00,536.7,511.65
2013-01-03 15:32:00,508.9,399.45000000000005
2013-01-03 15:33:00,511.2,283.75
2013-01-03 15:34:00,487.1,327.25
2013-01-03 15:35:00,469.1,409.5
2013-01-03 15:36:00,471.7,339.05
2013-01-03 15:37:00,436.1,293.37
2013-01-03 15:38:00,442.1,389.7
2013-01-03 15:39:00,413.6,476.6
2013-01-03 15:40:00,411.6,482.35
2013-01-03 15:41:00,395.9,477.85
2013-01-03 15:42:00,394.7,464.35
2013-01-03 15:43:00,385.1,446.3
2013-01-03 15:44:00,353.3,438.35
2013-01-03 15:45:00,341.1,436.9
2013-01-03 15:46:00,329.2,443.25
2013-01-03 15:47:00,321.7,439.85
2013-01-03 15:48:00,304.8,431.35
2013-01-03 15:49:00,292.6,429.35
2013-01-03 15:50:00,284.9,413.4
2013-01-03 15:51:00,276.8,301.3
2013-01-03 15:52:00,263.0,167.59
2013-01-03 15:53:00,258.5,175.85
2013-01-03 15:54:00,252.6,182.79999999999998
2013-01-03 15:55:00,252.6,186.115
2013-01-03 15:56:00,238.8,227.0
2013-01-03 15:57:00,220.6,200.15
2013-01-03 15:58:00,204.8,183.85000000000002
2013-01-03 15:59:00,198.4,286.5
2013-01-03 16:00:00,198.6,368.4
2013-01-03 16:01:00,180.3,361.75
2013-01-03 16:02:00,167.9,351.5
2013-01-03 16:03:00,162.4,344.8
2013-01-03 16:04:00,162.7,301.55
2013-01-03 16:05:00,162.4,215.8
2013-01-03 16:06:00,162.3,163.705
2013-01-03 16:07:00,151.1,92.50999999999999
2013-01-03 16:08:00,127.0,28.385
2013-01-03 16:09:00,126.2,20.015
2013-01-03 16:10:00,122.7,19.53
2013-01-03 16:11:00,108.2,18.87
2013-01-03 16:12:00,122.7,18.67
2013-01-03 16:13:00,125.6,18.46
2013-01-03 16:14:00,115.1,17.735
2013-01-03 16:15:00,109.0,17.395
2013-01-03 16:16:00,100.1,16.875
2013-01-03 16:17:00,61.69,15.57
2013-01-03 16:18:00,24.77,14.08
2013-01-03 16:19:00,4.517,13.135000000000002
2013-01-03 16:20:00,3.089,12.594999999999999
2013-01-03 16:21:00,3.916,12.025
2013-01-03 16:22:00,1.437,11.620000000000001
2013-01-03 16:23:00,1.555,11.45
2013-01-03 16:24:00,5.92,10.94
2013-01-03 16:25:00,1.447,10.495000000000001
2013-01-03 16:26:00,3.962,10.175
2013-01-03 16:27:00,1.472,9.536999999999999
2013-01-03 16:28:00,1.516,9.382
2013-01-03 16:29:00,2.33,8.9205
2013-01-03 16:30:00,1.491,8.434000000000001
2013-01-03 16:31:00,3.002,8.269
2013-01-03 16:32:00,3.579,8.134
2013-01-03 16:33:00,5.447,7.954
2013-01-03 16:34:00,2.1,7.211
2013-01-03 16:35:00,9.24,6.9159999999999995
2013-01-03 16:36:00,0.0,6.3335
2013-01-03 16:37:00,6.86,5.883
2013-01-03 16:38:00,0.716,5.531499999999999
2013-01-03 16:39:00,0.689,4.8759999999999994
2013-01-03 16:40:00,2.014,4.709
2013-01-03 16:41:00,0.0,4.299
2013-01-03 16:42:00,0.0,4.0575
2013-01-03 16:43:00,0.0,3.89
2013-01-03 16:44:00,0.0,3.7645
2013-01-03 16:45:00,0.0,3.267
2013-01-03 16:46:00,0.0,2.756
2013-01-03 16:47:00,0.0,2.6095
2013-01-03 16:48:00,0.0,2.4315
2013-01-03 16:49:00,0.0,2.316
2013-01-03 16:50:00,0.0,1.7734999999999999
2013-01-03 16:51:00,0.0,1.276
2013-01-03 16:52:00,0.0,1.1815
2013-01-03 16:53:00,0.0,1.014
2013-01-03 16:54:00,0.0,0.8985000000000001
2013-01-03 16:55:00,0.0,0.535
2013-01-03 16:56:00,0.0,0.30000000000000004
2013-01-03 16:57:00,0.0,0.12199999999999989
2013-01-03 16:58:00,0.0,0.05899999999999994
2013-01-03 16:59:00,0.0,-0.10850000000000004
2013-01-03 17:00:00,0.0,-0.15049999999999997
2013-01-03 17:01:00,0.0,-0.29700000000000004
2013-01-03 17:02:00,0.0,-0.4655
2013-01-03 17:03:00,0.0,-1.0615
2013-01-03 17:04:00,0.0,-1.2535
2013-01-03 17:05:00,0.0,-1.3065
2013-01-03 17:06:00,0.0,-1.317
2013-01-03 17:07:00,0.0,-1.422
2013-01-03 17:08:00,0.0,-1.4324999999999999
2013-01-03 17:09:00,0.0,-1.4324999999999999
2013-01-03 17:10:00,0.0,-1.4324999999999999
2013-01-03 17:11:00,0.0,-1.4535
2013-01-03 17:12:00,0.0,-1.5474999999999999
2013-01-03 17:13:00,0.0,-1.5579999999999998
2013-01-03 17:14:00,0.0,-1.5579999999999998
2013-01-03 17:15:00,0.0,-1.5895
2013-01-03 17:16:00,0.0,-1.684
2013-01-03 17:17:00,0.0,-1.684
2013-01-03 17:18:00,0.0,-1.684
2013-01-03 17:19:00,0.0,-1.684
2013-01-03 17:20:00,0.0,-1.684
2013-01-03 17:21:00,0.0,-1.684
2013-01-03 17:22:00,0.0,-1.684
2013-01-03 17:23:00,0.0,-1.684
2013-01-03 17:24:00,0.0,-1.684
2013-01-03 17:25:00,0.0,-1.684
2013-01-03 17:26:00,0.0,-1.6845
2013-01-03 17:27:00,0.0,-1.6845
2013-01-03 17:28:00,0.0,-1.6845
2013-01-03 17:29:00,0.0,-1.6845
2013-01-03 17:30:00,0.0,-1.6845
2013-01-03 17:31:00,0.0,-1.6845
2013-01-03 17:32:00,0.0,-1.6845
2013-01-03 17:33:00,0.0,-1.6845
2013-01-03 17:34:00,0.0,-1.6845
2013-01-03 17:35:00,0.0,-1.6845
2013-01-03 17:36:00,0.0,-1.6845
2013-01-03 17:37:00,0.0,-1.6845
2013-01-03 17:38:00,0.0,-1.6845
2013-01-03 17:39:00,0.0,-1.6845
2013-01-03 17:40:00,0.0,-1.6845
2013-01-03 17:41:00,0.0,-1.6845
2013-01-03 17:42:00,0.0,-1.6845
2013-01-03 17:43:00,0.0,-1.6845
2013-01-03 17:44:00,0.0,-1.6845
2013-01-03 17:45:00,0.0,-1.6845
2013-01-03 17:46:00,0.0,-1.6845
2013-01-03 17:47:00,0.0,-1.6845
2013-01-03 17:48:00,0.0,-1.6845
2013-01-03 17:49:00,0.0,-1.685
2013-01-03 17:50:00,0.0,-1.685
2013-01-03 17:51:00,0.0,-1.685
2013-01-03 17:52:00,0.0,-1.685
2013-01-03 17:53:00,0.0,-1.685
2013-01-03 17:54:00,0.0,-1.685
2013-01-03 17:55:00,0.0,-1.685
2013-01-03 17:56:00,0.0,-1.685
2013-01-03 17:57:00,0.0,-1.685
2013-01-03 17:58:00,0.0,-1.685
2013-01-03 17:59:00,0.0,-1.685
2013-01-03 18:00:00,0.0,-1.685
2013-01-03 18:01:00,0.0,-1.685
2013-01-03 18:02:00,0.0,-1.685
2013-01-03 18:03:00,0.0,-1.685
2013-01-03 18:04:00,0.0,-1.685
2013-01-03 18:05:00,0.0,-1.685
2013-01-03 18:06:00,0.0,-1.685
2013-01-03 18:07:00,0.0,-1.685
2013-01-03 18:08:00,0.0,-1.685
2013-01-03 18:09:00,0.0,-1.685
2013-01-03 18:10:00,0.0,-1.6855
2013-01-03 18:11:00,0.0,-1.6855
2013-01-03 18:12:00,0.0,-1.6855
2013-01-03 18:13:00,0.0,-1.6855
2013-01-03 18:14:00,0.0,-1.629
2013-01-03 18:15:00,0.0,-1.629
2013-01-03 18:16:00,0.0,-1.4885
2013-01-03 18:17:00,0.0,-1.3485
2013-01-03 18:18:00,0.0,-1.4045
2013-01-03 18:19:00,0.0,-1.4605
2013-01-03 18:20:00,0.0,-1.4605
2013-01-03 18:21:00,0.0,-1.4325
2013-01-03 18:22:00,0.0,-1.3765
2013-01-03 18:23:00,0.0,-1.3485
2013-01-03 18:24:00,0.0,-1.32
2013-01-03 18:25:00,0.0,-1.1515
2013-01-03 18:26:00,0.0,-1.0115
2013-01-03 18:27:00,0.0,-1.0115
2013-01-03 18:28:00,0.0,-1.0115
2013-01-03 18:29:00,0.0,-1.0115
2013-01-03 18:30:00,0.0,-1.0115
2013-01-03 18:31:00,0.0,-1.0115
2013-01-03 18:32:00,0.0,-1.0115
2013-01-03 18:33:00,0.0,-1.0115
2013-01-03 18:34:00,0.0,-1.0115
2013-01-03 18:35:00,0.0,-1.0115
2013-01-03 18:36:00,0.0,-1.0115
2013-01-03 18:37:00,0.0,-1.0115
2013-01-03 18:38:00,0.0,-1.0115
2013-01-03 18:39:00,0.0,-1.0115
2013-01-03 18:40:00,0.0,-1.0115
2013-01-03 18:41:00,0.0,-1.0955
2013-01-03 18:42:00,0.0,-1.0675
2013-01-03 18:43:00,0.0,-1.0955
2013-01-03 18:44:00,0.0,-1.2645
2013-01-03 18:45:00,0.0,-1.3485
2013-01-03 18:46:00,0.0,-1.3205
2013-01-03 18:47:00,0.0,-1.2645
2013-01-03 18:48:00,0.0,-1.236
2013-01-03 18:49:00,0.0,-1.2645
2013-01-03 18:50:00,0.0,-1.2645
2013-01-03 18:51:00,0.0,-1.3485
2013-01-03 18:52:00,0.0,-1.3485
2013-01-03 18:53:00,0.0,-1.3765
2013-01-03 18:54:00,0.0,-1.433
2013-01-03 18:55:00,0.0,-1.3485
2013-01-03 18:56:00,0.0,-1.405
2013-01-03 18:57:00,0.0,-1.377
2013-01-03 18:58:00,0.0,-1.377
2013-01-03 18:59:00,0.0,-1.5735
2013-01-03 19:00:00,0.0,-1.6295
2013-01-03 19:01:00,0.0,-1.405
2013-01-03 19:02:00,0.0,-1.3485
2013-01-03 19:03:00,0.0,-1.3485
2013-01-03 19:04:00,0.0,-1.3485
2013-01-03 19:05:00,0.0,-1.3485
2013-01-03 19:06:00,0.0,-1.3485
2013-01-03 19:07:00,0.0,-1.433
2013-01-03 19:08:00,0.0,-1.6295
2013-01-03 19:09:00,0.0,-1.6295
2013-01-03 19:10:00,0.0,-1.686
2013-01-03 19:11:00,0.0,-1.658
2013-01-03 19:12:00,0.0,-1.489
2013-01-03 19:13:00,0.0,-1.3485
2013-01-03 19:14:00,0.0,-1.405
2013-01-03 19:15:00,0.0,-1.405
2013-01-03 19:16:00,0.0,-1.3485
2013-01-03 19:17:00,0.0,-1.349
2013-01-03 19:18:00,0.0,-1.349
2013-01-03 19:19:00,0.0,-1.349
2013-01-03 19:20:00,0.0,-1.349
2013-01-03 19:21:00,0.0,-1.3485
2013-01-03 19:22:00,0.0,-1.3485
2013-01-03 19:23:00,0.0,-1.349
2013-01-03 19:24:00,0.0,-1.349
2013-01-03 19:25:00,0.0,-1.3205
2013-01-03 19:26:00,0.0,-1.349
2013-01-03 19:27:00,0.0,-1.349
2013-01-03 19:28:00,0.0,-1.3205
2013-01-03 19:29:00,0.0,-1.349
2013-01-03 19:30:00,0.0,-1.349
2013-01-03 19:31:00,0.0,-1.349
2013-01-03 19:32:00,0.0,-1.377
2013-01-03 19:33:00,0.0,-1.3485
2013-01-03 19:34:00,0.0,-1.3485
2013-01-03 19:35:00,0.0,-1.3485
2013-01-03 19:36:00,0.0,-1.3485
2013-01-03 19:37:00,0.0,-1.3485
2013-01-03 19:38:00,0.0,-1.3485
2013-01-03 19:39:00,0.0,-1.3485
2013-01-03 19:40:00,0.0,-1.3485
2013-01-03 19:41:00,0.0,-1.3485
2013-01-03 19:42:00,0.0,-1.3485
2013-01-03 19:43:00,0.0,-1.3485
2013-01-03 19:44:00,0.0,-1.3485
2013-01-03 19:45:00,0.0,-1.3485
2013-01-03 19:46:00,0.0,-1.3485
2013-01-03 19:47:00,0.0,-1.377
2013-01-03 19:48:00,0.0,-1.377
2013-01-03 19:49:00,0.0,-1.5455
2013-01-03 19:50:00,0.0,-1.686
2013-01-03 19:51:00,0.0,-1.686
2013-01-03 19:52:00,0.0,-1.686
2013-01-03 19:53:00,0.0,-1.686
2013-01-03 19:54:00,0.0,-1.5735
2013-01-03 19:55:00,0.0,-1.5175
2013-01-03 19:56:00,0.0,-1.405
2013-01-03 19:57:00,0.0,-1.349
2013-01-03 19:58:00,0.0,-1.2645
2013-01-03 19:59:00,0.0,-1.0395
2013-01-03 20:00:00,0.0,-1.0115
2013-01-03 20:01:00,0.0,-1.0115
2013-01-03 20:02:00,0.0,-1.0115
2013-01-03 20:03:00,0.0,-1.0115
2013-01-03 20:04:00,0.0,-1.0115
2013-01-03 20:05:00,0.0,-1.124
2013-01-03 20:06:00,0.0,-1.2365
2013-01-03 20:07:00,0.0,-1.3205
2013-01-03 20:08:00,0.0,-1.349
2013-01-03 20:09:00,0.0,-1.349
2013-01-03 20:10:00,0.0,-1.349
2013-01-03 20:11:00,0.0,-1.349
2013-01-03 20:12:00,0.0,-1.377
2013-01-03 20:13:00,0.0,-1.377
2013-01-03 20:14:00,0.0,-1.349
2013-01-03 20:15:00,0.0,-1.5455
2013-01-03 20:16:00,0.0,-1.405
2013-01-03 20:17:00,0.0,-1.2925
2013-01-03 20:18:00,0.0,-1.0395
2013-01-03 20:19:00,0.0,-1.0115
2013-01-03 20:20:00,0.0,-1.0115
2013-01-03 20:21:00,0.0,-1.0395
2013-01-03 20:22:00,0.0,-1.0395
2013-01-03 20:23:00,0.0,-1.18
2013-01-03 20:24:00,0.0,-1.3485
2013-01-03 20:25:00,0.0,-1.3485
2013-01-03 20:26:00,0.0,-1.405
2013-01-03 20:27:00,0.0,-1.5735
2013-01-03 20:28:00,0.0,-1.6015
2013-01-03 20:29:00,0.0,-1.5175
2013-01-03 20:30:00,0.0,-1.658
2013-01-03 20:31:00,0.0,-1.5175
2013-01-03 20:32:00,0.0,-1.433
2013-01-03 20:33:00,0.0,-1.405
2013-01-03 20:34:00,0.0,-1.3485
2013-01-03 20:35:00,0.0,-1.3485
2013-01-03 20:36:00,0.0,-1.3485
2013-01-03 20:37:00,0.0,-1.3205
2013-01-03 20:38:00,0.0,-1.3485
2013-01-03 20:39:00,0.0,-1.3205
2013-01-03 20:40:00,0.0,-1.096
2013-01-03 20:41:00,0.0,-1.0395
2013-01-03 20:42:00,0.0,-1.0115
2013-01-03 20:43:00,0.0,-1.0115
2013-01-03 20:44:00,0.0,-1.0115
2013-01-03 20:45:00,0.0,-1.0115
2013-01-03 20:46:00,0.0,-1.0115
2013-01-03 20:47:00,0.0,-1.0115
2013-01-03 20:48:00,0.0,-1.0115
2013-01-03 20:49:00,0.0,-1.0115
2013-01-03 20:50:00,0.0,-1.0115
2013-01-03 20:51:00,0.0,-1.0115
2013-01-03 20:52:00,0.0,-1.0115
2013-01-03 20:53:00,0.0,-1.0115
2013-01-03 20:54:00,0.0,-1.0115
2013-01-03 20:55:00,0.0,-1.0115
2013-01-03 20:56:00,0.0,-1.0115
2013-01-03 20:57:00,0.0,-1.0115
2013-01-03 20:58:00,0.0,-1.0115
2013-01-03 20:59:00,0.0,-1.0115
2013-01-03 21:00:00,0.0,-1.0395
2013-01-03 21:01:00,0.0,-1.2925
2013-01-03 21:02:00,0.0,-1.2085
2013-01-03 21:03:00,0.0,-1.18
2013-01-03 21:04:00,0.0,-1.3205
2013-01-03 21:05:00,0.0,-1.3205
2013-01-03 21:06:00,0.0,-1.2645
2013-01-03 21:07:00,0.0,-1.3205
2013-01-03 21:08:00,0.0,-1.124
2013-01-03 21:09:00,0.0,-1.0115
2013-01-03 21:10:00,0.0,-1.096
2013-01-03 21:11:00,0.0,-1.096
2013-01-03 21:12:00,0.0,-1.0115
2013-01-03 21:13:00,0.0,-1.0115
2013-01-03 21:14:00,0.0,-1.0115
2013-01-03 21:15:00,0.0,-1.0115
2013-01-03 21:16:00,0.0,-1.0115
2013-01-03 21:17:00,0.0,-1.0115
2013-01-03 21:18:00,0.0,-1.2365
2013-01-03 21:19:00,0.0,-1.3205
2013-01-03 21:20:00,0.0,-1.349
2013-01-03 21:21:00,0.0,-1.349
2013-01-03 21:22:00,0.0,-1.349
2013-01-03 21:23:00,0.0,-1.349
2013-01-03 21:24:00,0.0,-1.377
2013-01-03 21:25:00,0.0,-1.349
2013-01-03 21:26:00,0.0,-1.349
2013-01-03 21:27:00,0.0,-1.349
2013-01-03 21:28:00,0.0,-1.433
2013-01-03 21:29:00,0.0,-1.686
2013-01-03 21:30:00,0.0,-1.686
2013-01-03 21:31:00,0.0,-1.405
2013-01-03 21:32:00,0.0,-1.349
2013-01-03 21:33:00,0.0,-1.349
2013-01-03 21:34:00,0.0,-1.349
2013-01-03 21:35:00,0.0,-1.3205
2013-01-03 21:36:00,0.0,-1.18
2013-01-03 21:37:00,0.0,-1.0115
2013-01-03 21:38:00,0.0,-1.2365
2013-01-03 21:39:00,0.0,-1.2365
2013-01-03 21:40:00,0.0,-1.124
2013-01-03 21:41:00,0.0,-1.124
2013-01-03 21:42:00,0.0,-1.096
2013-01-03 21:43:00,0.0,-1.0395
2013-01-03 21:44:00,0.0,-1.0115
2013-01-03 21:45:00,0.0,-1.0115
2013-01-03 21:46:00,0.0,-1.0115
2013-01-03 21:47:00,0.0,-1.0115
2013-01-03 21:48:00,0.0,-1.0115
2013-01-03 21:49:00,0.0,-1.0115
2013-01-03 21:50:00,0.0,-1.0115
2013-01-03 21:51:00,0.0,-1.0115
2013-01-03 21:52:00,0.0,-1.0115
2013-01-03 21:53:00,0.0,-1.0115
2013-01-03 21:54:00,0.0,-1.0115
2013-01-03 21:55:00,0.0,-1.0115
2013-01-03 21:56:00,0.0,-1.0115
2013-01-03 21:57:00,0.0,-1.0115
2013-01-03 21:58:00,0.0,-1.0115
2013-01-03 21:59:00,0.0,-1.0115
2013-01-03 22:00:00,0.0,-1.0115
2013-01-03 22:01:00,0.0,-1.0115
2013-01-03 22:02:00,0.0,-1.0115
2013-01-03 22:03:00,0.0,-1.2085
2013-01-03 22:04:00,0.0,-1.349
2013-01-03 22:05:00,0.0,-1.349
2013-01-03 22:06:00,0.0,-1.349
2013-01-03 22:07:00,0.0,-1.349
2013-01-03 22:08:00,0.0,-1.349
2013-01-03 22:09:00,0.0,-1.349
2013-01-03 22:10:00,0.0,-1.349
2013-01-03 22:11:00,0.0,-1.349
2013-01-03 22:12:00,0.0,-1.2925
2013-01-03 22:13:00,0.0,-1.3205
2013-01-03 22:14:00,0.0,-1.349
2013-01-03 22:15:00,0.0,-1.349
2013-01-03 22:16:00,0.0,-1.5175
2013-01-03 22:17:00,0.0,-1.686
2013-01-03 22:18:00,0.0,-1.686
2013-01-03 22:19:00,0.0,-1.686
2013-01-03 22:20:00,0.0,-1.686
2013-01-03 22:21:00,0.0,-1.686
2013-01-03 22:22:00,0.0,-1.686
2013-01-03 22:23:00,0.0,-1.686
2013-01-03 22:24:00,0.0,-1.686
2013-01-03 22:25:00,0.0,-1.686
2013-01-03 22:26:00,0.0,-1.686
2013-01-03 22:27:00,0.0,-1.686
2013-01-03 22:28:00,0.0,-1.686
2013-01-03 22:29:00,0.0,-1.686
2013-01-03 22:30:00,0.0,-1.686
2013-01-03 22:31:00,0.0,-1.686
2013-01-03 22:32:00,0.0,-1.686
2013-01-03 22:33:00,0.0,-1.686
2013-01-03 22:34:00,0.0,-1.658
2013-01-03 22:35:00,0.0,-1.5735
2013-01-03 22:36:00,0.0,-1.433
2013-01-03 22:37:00,0.0,-1.6295
2013-01-03 22:38:00,0.0,-1.5455
2013-01-03 22:39:00,0.0,-1.658
2013-01-03 22:40:00,0.0,-1.686
2013-01-03 22:41:00,0.0,-1.686
2013-01-03 22:42:00,0.0,-1.658
2013-01-03 22:43:00,0.0,-1.686
2013-01-03 22:44:00,0.0,-1.6015
2013-01-03 22:45:00,0.0,-1.5175
2013-01-03 22:46:00,0.0,-1.6295
2013-01-03 22:47:00,0.0,-1.6295
2013-01-03 22:48:00,0.0,-1.5735
2013-01-03 22:49:00,0.0,-1.433
2013-01-03 22:50:00,0.0,-1.6015
2013-01-03 22:51:00,0.0,-1.489
2013-01-03 22:52:00,0.0,-1.433
2013-01-03 22:53:00,0.0,-1.5455
2013-01-03 22:54:00,0.0,-1.461
2013-01-03 22:55:00,0.0,-1.3485
2013-01-03 22:56:00,0.0,-1.3485
2013-01-03 22:57:00,0.0,-1.3485
2013-01-03 22:58:00,0.0,-1.3485
2013-01-03 22:59:00,0.0,-1.3485
2013-01-03 23:00:00,0.0,-1.3205
2013-01-03 23:01:00,0.0,-1.3205
2013-01-03 23:02:00,0.0,-1.2925
2013-01-03 23:03:00,0.0,-1.2925
2013-01-03 23:04:00,0.0,-1.18
2013-01-03 23:05:00,0.0,-1.0115
2013-01-03 23:06:00,0.0,-1.0115
2013-01-03 23:07:00,0.0,-1.0115
2013-01-03 23:08:00,0.0,-1.0115
2013-01-03 23:09:00,0.0,-1.0115
2013-01-03 23:10:00,0.0,-1.0115
2013-01-03 23:11:00,0.0,-1.0115
2013-01-03 23:12:00,0.0,-1.0115
2013-01-03 23:13:00,0.0,-1.0115
2013-01-03 23:14:00,0.0,-1.0115
2013-01-03 23:15:00,0.0,-1.0115
2013-01-03 23:16:00,0.0,-1.0115
2013-01-03 23:17:00,0.0,-1.0115
2013-01-03 23:18:00,0.0,-1.0115
2013-01-03 23:19:00,0.0,-1.0115
2013-01-03 23:20:00,0.0,-1.0115
2013-01-03 23:21:00,0.0,-1.0115
2013-01-03 23:22:00,0.0,-1.0115
2013-01-03 23:23:00,0.0,-1.0115
2013-01-03 23:24:00,0.0,-1.0115
2013-01-03 23:25:00,0.0,-1.0115
2013-01-03 23:26:00,0.0,-1.0115
2013-01-03 23:27:00,0.0,-1.0115
2013-01-03 23:28:00,0.0,-1.18
2013-01-03 23:29:00,0.0,-1.124
2013-01-03 23:30:00,0.0,-1.461
2013-01-03 23:31:00,0.0,-1.686
2013-01-03 23:32:00,0.0,-1.686
2013-01-03 23:33:00,0.0,-1.686
2013-01-03 23:34:00,0.0,-1.686
2013-01-03 23:35:00,0.0,-1.686
2013-01-03 23:36:00,0.0,-1.686
2013-01-03 23:37:00,0.0,-1.686
2013-01-03 23:38:00,0.0,-1.686
2013-01-03 23:39:00,0.0,-1.686
2013-01-03 23:40:00,0.0,-1.686
2013-01-03 23:41:00,0.0,-1.686
2013-01-03 23:42:00,0.0,-1.686
2013-01-03 23:43:00,0.0,-1.686
2013-01-03 23:44:00,0.0,-1.686
2013-01-03 23:45:00,0.0,-1.686
2013-01-03 23:46:00,0.0,-1.5455
2013-01-03 23:47:00,0.0,-1.349
2013-01-03 23:48:00,0.0,-1.349
2013-01-03 23:49:00,0.0,-1.349
2013-01-03 23:50:00,0.0,-1.124
2013-01-03 23:51:00,0.0,-1.0115
2013-01-03 23:52:00,0.0,-1.0115
2013-01-03 23:53:00,0.0,-1.0115
2013-01-03 23:54:00,0.0,-1.0115
2013-01-03 23:55:00,0.0,-1.0115
2013-01-03 23:56:00,0.0,-1.0115
2013-01-03 23:57:00,0.0,-1.0115
2013-01-03 23:58:00,0.0,-1.0115
2013-01-03 23:59:00,0.0,-1.0115
2013-01-04 00:00:00,0.0,-1.0395
2013-01-04 00:01:00,0.0,-1.0115
2013-01-04 00:02:00,0.0,-1.18
2013-01-04 00:03:00,0.0,-1.2925
2013-01-04 00:04:00,0.0,-1.124
2013-01-04 00:05:00,0.0,-1.0115
2013-01-04 00:06:00,0.0,-1.0115
2013-01-04 00:07:00,0.0,-1.0115
2013-01-04 00:08:00,0.0,-1.0115
2013-01-04 00:09:00,0.0,-1.0115
2013-01-04 00:10:00,0.0,-1.0115
2013-01-04 00:11:00,0.0,-1.0115
2013-01-04 00:12:00,0.0,-1.0115
2013-01-04 00:13:00,0.0,-1.0115
2013-01-04 00:14:00,0.0,-1.0115
2013-01-04 00:15:00,0.0,-1.068
2013-01-04 00:16:00,0.0,-1.0115
2013-01-04 00:17:00,0.0,-1.0115
2013-01-04 00:18:00,0.0,-1.0115
2013-01-04 00:19:00,0.0,-1.096
2013-01-04 00:20:00,0.0,-1.0115
2013-01-04 00:21:00,0.0,-1.0115
2013-01-04 00:22:00,0.0,-1.0115
2013-01-04 00:23:00,0.0,-1.0115
2013-01-04 00:24:00,0.0,-1.124
2013-01-04 00:25:00,0.0,-1.2925
2013-01-04 00:26:00,0.0,-1.461
2013-01-04 00:27:00,0.0,-1.686
2013-01-04 00:28:00,0.0,-1.686
2013-01-04 00:29:00,0.0,-1.686
2013-01-04 00:30:00,0.0,-1.686
2013-01-04 00:31:00,0.0,-1.686
2013-01-04 00:32:00,0.0,-1.686
2013-01-04 00:33:00,0.0,-1.686
2013-01-04 00:34:00,0.0,-1.686
2013-01-04 00:35:00,0.0,-1.686
2013-01-04 00:36:00,0.0,-1.686
2013-01-04 00:37:00,0.0,-1.6015
2013-01-04 00:38:00,0.0,-1.433
2013-01-04 00:39:00,0.0,-1.2925
2013-01-04 00:40:00,0.0,-1.096
2013-01-04 00:41:00,0.0,-1.0115
2013-01-04 00:42:00,0.0,-1.0115
2013-01-04 00:43:00,0.0,-1.0115
2013-01-04 00:44:00,0.0,-1.0115
2013-01-04 00:45:00,0.0,-1.0115
2013-01-04 00:46:00,0.0,-1.0115
2013-01-04 00:47:00,0.0,-1.0115
2013-01-04 00:48:00,0.0,-1.0115
2013-01-04 00:49:00,0.0,-1.0115
2013-01-04 00:50:00,0.0,-1.0115
2013-01-04 00:51:00,0.0,-1.0115
2013-01-04 00:52:00,0.0,-1.0115
2013-01-04 00:53:00,0.0,-1.0115
2013-01-04 00:54:00,0.0,-1.0115
2013-01-04 00:55:00,0.0,-1.0115
2013-01-04 00:56:00,0.0,-1.0115
2013-01-04 00:57:00,0.0,-1.0115
2013-01-04 00:58:00,0.0,-1.0115
2013-01-04 00:59:00,0.0,-1.0115
2013-01-04 01:00:00,0.0,-1.0115
2013-01-04 01:01:00,0.0,-1.0115
2013-01-04 01:02:00,0.0,-1.0395
2013-01-04 01:03:00,0.0,-1.18
2013-01-04 01:04:00,0.0,-1.349
2013-01-04 01:05:00,0.0,-1.2365
2013-01-04 01:06:00,0.0,-1.5455
2013-01-04 01:07:00,0.0,-1.686
2013-01-04 01:08:00,0.0,-1.686
2013-01-04 01:09:00,0.0,-1.686
2013-01-04 01:10:00,0.0,-1.686
2013-01-04 01:11:00,0.0,-1.686
2013-01-04 01:12:00,0.0,-1.686
2013-01-04 01:13:00,0.0,-1.686
2013-01-04 01:14:00,0.0,-1.686
2013-01-04 01:15:00,0.0,-1.658
2013-01-04 01:16:00,0.0,-1.5175
2013-01-04 01:17:00,0.0,-1.377
2013-01-04 01:18:00,0.0,-1.349
2013-01-04 01:19:00,0.0,-1.124
2013-01-04 01:20:00,0.0,-1.0115
2013-01-04 01:21:00,0.0,-1.0115
2013-01-04 01:22:00,0.0,-1.0115
2013-01-04 01:23:00,0.0,-1.0115
2013-01-04 01:24:00,0.0,-1.0115
2013-01-04 01:25:00,0.0,-1.0115
2013-01-04 01:26:00,0.0,-1.0115
2013-01-04 01:27:00,0.0,-1.0115
2013-01-04 01:28:00,0.0,-1.0115
2013-01-04 01:29:00,0.0,-1.0115
2013-01-04 01:30:00,0.0,-1.0115
2013-01-04 01:31:00,0.0,-1.0115
2013-01-04 01:32:00,0.0,-1.0115
2013-01-04 01:33:00,0.0,-1.0395
2013-01-04 01:34:00,0.0,-1.3205
2013-01-04 01:35:00,0.0,-1.63
2013-01-04 01:36:00,0.0,-1.686
2013-01-04 01:37:00,0.0,-1.686
2013-01-04 01:38:00,0.0,-1.686
2013-01-04 01:39:00,0.0,-1.686
2013-01-04 01:40:00,0.0,-1.686
2013-01-04 01:41:00,0.0,-1.5735
2013-01-04 01:42:00,0.0,-1.658
2013-01-04 01:43:00,0.0,-1.6015
2013-01-04 01:44:00,0.0,-1.6015
2013-01-04 01:45:00,0.0,-1.63
2013-01-04 01:46:00,0.0,-1.5175
2013-01-04 01:47:00,0.0,-1.4895
2013-01-04 01:48:00,0.0,-1.5175
2013-01-04 01:49:00,0.0,-1.433
2013-01-04 01:50:00,0.0,-1.5175
2013-01-04 01:51:00,0.0,-1.433
2013-01-04 01:52:00,0.0,-1.6015
2013-01-04 01:53:00,0.0,-1.686
2013-01-04 01:54:00,0.0,-1.686
2013-01-04 01:55:00,0.0,-1.686
2013-01-04 01:56:00,0.0,-1.686
2013-01-04 01:57:00,0.0,-1.686
2013-01-04 01:58:00,0.0,-1.686
2013-01-04 01:59:00,0.0,-1.686
2013-01-04 02:00:00,0.0,-1.686
2013-01-04 02:01:00,0.0,-1.686
2013-01-04 02:02:00,0.0,-1.686
2013-01-04 02:03:00,0.0,-1.686
2013-01-04 02:04:00,0.0,-1.686
2013-01-04 02:05:00,0.0,-1.686
2013-01-04 02:06:00,0.0,-1.686
2013-01-04 02:07:00,0.0,-1.686
2013-01-04 02:08:00,0.0,-1.658
2013-01-04 02:09:00,0.0,-1.405
2013-01-04 02:10:00,0.0,-1.2645
2013-01-04 02:11:00,0.0,-1.0395
2013-01-04 02:12:00,0.0,-1.0115
2013-01-04 02:13:00,0.0,-1.0115
2013-01-04 02:14:00,0.0,-1.0115
2013-01-04 02:15:00,0.0,-1.0115
2013-01-04 02:16:00,0.0,-1.0115
2013-01-04 02:17:00,0.0,-1.0115
2013-01-04 02:18:00,0.0,-1.0115
2013-01-04 02:19:00,0.0,-1.0115
2013-01-04 02:20:00,0.0,-1.0115
2013-01-04 02:21:00,0.0,-1.0115
2013-01-04 02:22:00,0.0,-1.0115
2013-01-04 02:23:00,0.0,-1.0115
2013-01-04 02:24:00,0.0,-1.0115
2013-01-04 02:25:00,0.0,-1.0115
2013-01-04 02:26:00,0.0,-1.0115
2013-01-04 02:27:00,0.0,-1.0115
2013-01-04 02:28:00,0.0,-1.0115
2013-01-04 02:29:00,0.0,-1.0115
2013-01-04 02:30:00,0.0,-1.0115
2013-01-04 02:31:00,0.0,-1.0115
2013-01-04 02:32:00,0.0,-1.0115
2013-01-04 02:33:00,0.0,-1.0395
2013-01-04 02:34:00,0.0,-1.0395
2013-01-04 02:35:00,0.0,-1.096
2013-01-04 02:36:00,0.0,-1.096
2013-01-04 02:37:00,0.0,-1.2645
2013-01-04 02:38:00,0.0,-1.2085
2013-01-04 02:39:00,0.0,-1.0115
2013-01-04 02:40:00,0.0,-1.0115
2013-01-04 02:41:00,0.0,-1.0115
2013-01-04 02:42:00,0.0,-1.0115
2013-01-04 02:43:00,0.0,-1.0115
2013-01-04 02:44:00,0.0,-1.0115
2013-01-04 02:45:00,0.0,-1.0115
2013-01-04 02:46:00,0.0,-1.0115
2013-01-04 02:47:00,0.0,-1.0115
2013-01-04 02:48:00,0.0,-1.0115
2013-01-04 02:49:00,0.0,-1.068
2013-01-04 02:50:00,0.0,-1.2085
2013-01-04 02:51:00,0.0,-1.2645
2013-01-04 02:52:00,0.0,-1.2365
2013-01-04 02:53:00,0.0,-1.124
2013-01-04 02:54:00,0.0,-1.0675
2013-01-04 02:55:00,0.0,-1.2365
2013-01-04 02:56:00,0.0,-1.068
2013-01-04 02:57:00,0.0,-1.152
2013-01-04 02:58:00,0.0,-1.3205
2013-01-04 02:59:00,0.0,-1.3485
2013-01-04 03:00:00,0.0,-1.377
2013-01-04 03:01:00,0.0,-1.377
2013-01-04 03:02:00,0.0,-1.3485
2013-01-04 03:03:00,0.0,-1.377
2013-01-04 03:04:00,0.0,-1.3485
2013-01-04 03:05:00,0.0,-1.3485
2013-01-04 03:06:00,0.0,-1.3205
2013-01-04 03:07:00,0.0,-1.3485
2013-01-04 03:08:00,0.0,-1.3485
2013-01-04 03:09:00,0.0,-1.3485
2013-01-04 03:10:00,0.0,-1.3485
2013-01-04 03:11:00,0.0,-1.3485
2013-01-04 03:12:00,0.0,-1.3485
2013-01-04 03:13:00,0.0,-1.349
2013-01-04 03:14:00,0.0,-1.377
2013-01-04 03:15:00,0.0,-1.461
2013-01-04 03:16:00,0.0,-1.63
2013-01-04 03:17:00,0.0,-1.658
2013-01-04 03:18:00,0.0,-1.63
2013-01-04 03:19:00,0.0,-1.4895
2013-01-04 03:20:00,0.0,-1.405
2013-01-04 03:21:00,0.0,-1.349
2013-01-04 03:22:00,0.0,-1.349
2013-01-04 03:23:00,0.0,-1.349
2013-01-04 03:24:00,0.0,-1.124
2013-01-04 03:25:00,0.0,-1.124
2013-01-04 03:26:00,0.0,-1.0395
2013-01-04 03:27:00,0.0,-1.0115
2013-01-04 03:28:00,0.0,-1.0395
2013-01-04 03:29:00,0.0,-1.0115
2013-01-04 03:30:00,0.0,-1.0115
2013-01-04 03:31:00,0.0,-1.0115
2013-01-04 03:32:00,0.0,-1.0115
2013-01-04 03:33:00,0.0,-1.0115
2013-01-04 03:34:00,0.0,-1.0115
2013-01-04 03:35:00,0.0,-1.0115
2013-01-04 03:36:00,0.0,-1.0115
2013-01-04 03:37:00,0.0,-1.0115
2013-01-04 03:38:00,0.0,-1.0115
2013-01-04 03:39:00,0.0,-1.0115
2013-01-04 03:40:00,0.0,-1.0115
2013-01-04 03:41:00,0.0,-1.0115
2013-01-04 03:42:00,0.0,-1.0115
2013-01-04 03:43:00,0.0,-1.0115
2013-01-04 03:44:00,0.0,-1.0115
2013-01-04 03:45:00,0.0,-1.0115
2013-01-04 03:46:00,0.0,-1.0115
2013-01-04 03:47:00,0.0,-1.0115
2013-01-04 03:48:00,0.0,-1.0395
2013-01-04 03:49:00,0.0,-1.0115
2013-01-04 03:50:00,0.0,-1.0395
2013-01-04 03:51:00,0.0,-1.0115
2013-01-04 03:52:00,0.0,-1.0115
2013-01-04 03:53:00,0.0,-1.0115
2013-01-04 03:54:00,0.0,-1.096
2013-01-04 03:55:00,0.0,-1.2365
2013-01-04 03:56:00,0.0,-1.124
2013-01-04 03:57:00,0.0,-1.152
2013-01-04 03:58:00,0.0,-1.0395
2013-01-04 03:59:00,0.0,-1.0115
2013-01-04 04:00:00,0.0,-1.096
2013-01-04 04:01:00,0.0,-1.0395
2013-01-04 04:02:00,0.0,-1.0115
2013-01-04 04:03:00,0.0,-1.0115
2013-01-04 04:04:00,0.0,-1.0115
2013-01-04 04:05:00,0.0,-1.0115
2013-01-04 04:06:00,0.0,-1.0115
2013-01-04 04:07:00,0.0,-1.0115
2013-01-04 04:08:00,0.0,-1.0115
2013-01-04 04:09:00,0.0,-1.0115
2013-01-04 04:10:00,0.0,-1.0115
2013-01-04 04:11:00,0.0,-1.0115
2013-01-04 04:12:00,0.0,-1.0115
2013-01-04 04:13:00,0.0,-1.0115
2013-01-04 04:14:00,0.0,-1.0115
2013-01-04 04:15:00,0.0,-1.0115
2013-01-04 04:16:00,0.0,-1.068
2013-01-04 04:17:00,0.0,-1.2365
2013-01-04 04:18:00,0.0,-1.2365
2013-01-04 04:19:00,0.0,-1.124
2013-01-04 04:20:00,0.0,-1.068
2013-01-04 04:21:00,0.0,-1.068
2013-01-04 04:22:00,0.0,-1.0395
2013-01-04 04:23:00,0.0,-1.0115
2013-01-04 04:24:00,0.0,-1.0115
2013-01-04 04:25:00,0.0,-1.0115
2013-01-04 04:26:00,0.0,-1.2365
2013-01-04 04:27:00,0.0,-1.2365
2013-01-04 04:28:00,0.0,-1.2645
2013-01-04 04:29:00,0.0,-1.349
2013-01-04 04:30:00,0.0,-1.349
2013-01-04 04:31:00,0.0,-1.2085
2013-01-04 04:32:00,0.0,-1.2085
2013-01-04 04:33:00,0.0,-1.2365
2013-01-04 04:34:00,0.0,-1.349
2013-01-04 04:35:00,0.0,-1.349
2013-01-04 04:36:00,0.0,-1.349
2013-01-04 04:37:00,0.0,-1.349
2013-01-04 04:38:00,0.0,-1.349
2013-01-04 04:39:00,0.0,-1.3205
2013-01-04 04:40:00,0.0,-1.18
2013-01-04 04:41:00,0.0,-1.18
2013-01-04 04:42:00,0.0,-1.068
2013-01-04 04:43:00,0.0,-1.0395
2013-01-04 04:44:00,0.0,-1.0115
2013-01-04 04:45:00,0.0,-1.0115
2013-01-04 04:46:00,0.0,-1.0115
2013-01-04 04:47:00,0.0,-1.0115
2013-01-04 04:48:00,0.0,-1.0115
2013-01-04 04:49:00,0.0,-1.0115
2013-01-04 04:50:00,0.0,-1.0115
2013-01-04 04:51:00,0.0,-1.0115
2013-01-04 04:52:00,0.0,-1.0115
2013-01-04 04:53:00,0.0,-1.0115
2013-01-04 04:54:00,0.0,-1.0115
2013-01-04 04:55:00,0.0,-1.0115
2013-01-04 04:56:00,0.0,-1.0115
2013-01-04 04:57:00,0.0,-1.0115
2013-01-04 04:58:00,0.0,-1.0115
2013-01-04 04:59:00,0.0,-1.0115
2013-01-04 05:00:00,0.0,-1.0115
2013-01-04 05:01:00,0.0,-1.0115
2013-01-04 05:02:00,0.0,-1.0115
2013-01-04 05:03:00,0.0,-1.0115
2013-01-04 05:04:00,0.0,-1.0115
2013-01-04 05:05:00,0.0,-1.0115
2013-01-04 05:06:00,0.0,-1.0115
2013-01-04 05:07:00,0.0,-1.0115
2013-01-04 05:08:00,0.0,-1.0115
2013-01-04 05:09:00,0.0,-1.0115
2013-01-04 05:10:00,0.0,-1.0115
2013-01-04 05:11:00,0.0,-1.0115
2013-01-04 05:12:00,0.0,-1.068
2013-01-04 05:13:00,0.0,-1.0115
2013-01-04 05:14:00,0.0,-1.152
2013-01-04 05:15:00,0.0,-1.124
2013-01-04 05:16:00,0.0,-1.124
2013-01-04 05:17:00,0.0,-1.0395
2013-01-04 05:18:00,0.0,-1.0115
2013-01-04 05:19:00,0.0,-1.0115
2013-01-04 05:20:00,0.0,-1.0115
2013-01-04 05:21:00,0.0,-1.0115
2013-01-04 05:22:00,0.0,-1.0115
2013-01-04 05:23:00,0.0,-1.0115
2013-01-04 05:24:00,0.0,-1.0115
2013-01-04 05:25:00,0.0,-1.0115
2013-01-04 05:26:00,0.0,-1.0115
2013-01-04 05:27:00,0.0,-1.0115
2013-01-04 05:28:00,0.0,-1.0115
2013-01-04 05:29:00,0.0,-1.0115
2013-01-04 05:30:00,0.0,-1.0115
2013-01-04 05:31:00,0.0,-1.0115
2013-01-04 05:32:00,0.0,-1.0115
2013-01-04 05:33:00,0.0,-1.0115
2013-01-04 05:34:00,0.0,-1.0115
2013-01-04 05:35:00,0.0,-1.0115
2013-01-04 05:36:00,0.0,-1.0115
2013-01-04 05:37:00,0.0,-1.0115
2013-01-04 05:38:00,0.0,-1.0115
2013-01-04 05:39:00,0.0,-1.0115
2013-01-04 05:40:00,0.0,-1.0115
2013-01-04 05:41:00,0.0,-1.0115
2013-01-04 05:42:00,0.0,-1.0115
2013-01-04 05:43:00,0.0,-1.0115
2013-01-04 05:44:00,0.0,-1.0115
2013-01-04 05:45:00,0.0,-1.0115
2013-01-04 05:46:00,0.0,-1.0115
2013-01-04 05:47:00,0.0,-1.0115
2013-01-04 05:48:00,0.0,-1.0115
2013-01-04 05:49:00,0.0,-1.0115
2013-01-04 05:50:00,0.0,-1.096
2013-01-04 05:51:00,0.0,-1.124
2013-01-04 05:52:00,0.0,-1.0115
2013-01-04 05:53:00,0.0,-1.0395
2013-01-04 05:54:00,0.0,-1.068
2013-01-04 05:55:00,0.0,-1.0395
2013-01-04 05:56:00,0.0,-1.0115
2013-01-04 05:57:00,0.0,-1.0395
2013-01-04 05:58:00,0.0,-1.096
2013-01-04 05:59:00,0.0,-1.18
2013-01-04 06:00:00,0.0,-1.0115
2013-01-04 06:01:00,0.0,-1.2645
2013-01-04 06:02:00,0.0,-1.349
2013-01-04 06:03:00,0.0,-1.5175
2013-01-04 06:04:00,0.0,-1.63
2013-01-04 06:05:00,0.0,-1.5175
2013-01-04 06:06:00,0.0,-1.349
2013-01-04 06:07:00,0.0,-1.349
2013-01-04 06:08:00,0.0,-1.377
2013-01-04 06:09:00,0.0,-1.405
2013-01-04 06:10:00,0.0,-1.433
2013-01-04 06:11:00,0.0,-1.349
2013-01-04 06:12:00,0.0,-1.349
2013-01-04 06:13:00,0.0,-1.349
2013-01-04 06:14:00,0.0,-1.349
2013-01-04 06:15:00,0.0,-1.349
2013-01-04 06:16:00,0.0,-1.2925
2013-01-04 06:17:00,0.0,-1.152
2013-01-04 06:18:00,0.0,-1.096
2013-01-04 06:19:00,0.0,-1.2645
2013-01-04 06:20:00,0.0,-1.0395
2013-01-04 06:21:00,0.0,-1.2365
2013-01-04 06:22:00,0.0,-1.068
2013-01-04 06:23:00,0.0,-1.152
2013-01-04 06:24:00,0.0,-1.068
2013-01-04 06:25:00,0.0,-1.2645
2013-01-04 06:26:00,0.0,-1.068
2013-01-04 06:27:00,0.0,-1.0115
2013-01-04 06:28:00,0.0,-1.0115
2013-01-04 06:29:00,0.0,-1.0115
2013-01-04 06:30:00,0.0,-1.0115
2013-01-04 06:31:00,0.0,-1.0115
2013-01-04 06:32:00,0.0,-1.0115
2013-01-04 06:33:00,0.0,-1.0115
2013-01-04 06:34:00,0.0,-1.0115
2013-01-04 06:35:00,0.0,-1.0115
2013-01-04 06:36:00,0.0,-1.0115
2013-01-04 06:37:00,0.0,-1.0115
2013-01-04 06:38:00,0.0,-1.0115
2013-01-04 06:39:00,0.0,-1.0115
2013-01-04 06:40:00,0.0,-1.0115
2013-01-04 06:41:00,0.0,-1.0115
2013-01-04 06:42:00,0.0,-1.0115
2013-01-04 06:43:00,0.0,-1.0395
2013-01-04 06:44:00,0.0,-1.0395
2013-01-04 06:45:00,0.0,-1.0395
2013-01-04 06:46:00,0.0,-1.0115
2013-01-04 06:47:00,0.0,-1.0115
2013-01-04 06:48:00,0.0,-1.0395
2013-01-04 06:49:00,0.0,-1.2365
2013-01-04 06:50:00,0.0,-1.349
2013-01-04 06:51:00,0.0,-1.349
2013-01-04 06:52:00,0.0,-1.349
2013-01-04 06:53:00,0.0,-1.349
2013-01-04 06:54:00,0.0,-1.349
2013-01-04 06:55:00,0.0,-1.254
2013-01-04 06:56:00,0.0,-0.9840000000000001
2013-01-04 06:57:00,0.0,-0.8435
2013-01-04 06:58:00,0.0,-0.7595000000000001
2013-01-04 06:59:00,0.0,-0.7595000000000001
2013-01-04 07:00:00,0.0,-0.7595000000000001
2013-01-04 07:01:00,0.0,-0.7595000000000001
2013-01-04 07:02:00,0.0,-0.7595000000000001
2013-01-04 07:03:00,0.0,-0.6440000000000001
2013-01-04 07:04:00,0.0,-0.6335000000000001
2013-01-04 07:05:00,0.0,-0.5775
2013-01-04 07:06:00,0.0,-0.09699999999999998
2013-01-04 07:07:00,0.0,-0.044499999999999984
2013-01-04 07:08:00,0.0,-0.0024999999999999467
2013-01-04 07:09:00,0.0,0.20750000000000002
2013-01-04 07:10:00,0.0,0.3025
2013-01-04 07:11:00,0.0,0.7755000000000001
2013-01-04 07:12:00,0.0,1.144
2013-01-04 07:13:00,0.0,1.3855
2013-01-04 07:14:00,0.0,1.48
2013-01-04 07:15:00,0.0,1.778
2013-01-04 07:16:00,0.0,2.399
2013-01-04 07:17:00,0.0,2.627
2013-01-04 07:18:00,0.0,2.8160000000000003
2013-01-04 07:19:00,0.0,3.2505
2013-01-04 07:20:00,0.0,3.5205
2013-01-04 07:21:00,0.0,3.699
2013-01-04 07:22:00,0.0,4.0775
2013-01-04 07:23:00,1.22,5.8725000000000005
2013-01-04 07:24:00,11.03,20.02
2013-01-04 07:25:00,6.503,45.205
2013-01-04 07:26:00,4.078,65.36
2013-01-04 07:27:00,2.454,79.08500000000001
2013-01-04 07:28:00,11.9,89.25
2013-01-04 07:29:00,108.5,99.75
2013-01-04 07:30:00,126.7,106.95
2013-01-04 07:31:00,126.8,115.80000000000001
2013-01-04 07:32:00,138.2,125.6
2013-01-04 07:33:00,157.8,132.1
2013-01-04 07:34:00,163.0,136.55
2013-01-04 07:35:00,162.6,142.14999999999998
2013-01-04 07:36:00,178.3,149.9
2013-01-04 07:37:00,197.7,158.85000000000002
2013-01-04 07:38:00,199.0,165.5
2013-01-04 07:39:00,209.3,172.6
2013-01-04 07:40:00,217.3,179.6
2013-01-04 07:41:00,217.0,186.2
2013-01-04 07:42:00,219.1,192.55
2013-01-04 07:43:00,237.0,198.85000000000002
2013-01-04 07:44:00,252.5,205.8
2013-01-04 07:45:00,253.6,212.45
2013-01-04 07:46:00,268.4,219.0
2013-01-04 07:47:00,284.9,225.05
2013-01-04 07:48:00,289.2,231.85000000000002
2013-01-04 07:49:00,300.2,238.3
2013-01-04 07:50:00,313.6,244.4
2013-01-04 07:51:00,326.2,250.8
2013-01-04 07:52:00,329.3,257.2
2013-01-04 07:53:00,343.3,263.15
2013-01-04 07:54:00,359.0,269.6
2013-01-04 07:55:00,362.7,275.6
2013-01-04 07:56:00,374.9,281.20000000000005
2013-01-04 07:57:00,389.1,287.1
2013-01-04 07:58:00,398.5,293.4
2013-01-04 07:59:00,405.0,299.5
2013-01-04 08:00:00,418.7,305.35
2013-01-04 08:01:00,434.2,311.0
2013-01-04 08:02:00,437.9,316.7
2013-01-04 08:03:00,452.2,322.45
2013-01-04 08:04:00,465.0,328.45
2013-01-04 08:05:00,471.0,334.2
2013-01-04 08:06:00,481.6,339.6
2013-01-04 08:07:00,497.5,345.04999999999995
2013-01-04 08:08:00,505.9,350.7
2013-01-04 08:09:00,511.2,356.5
2013-01-04 08:10:00,525.4,361.54999999999995
2013-01-04 08:11:00,537.7,366.5
2013-01-04 08:12:00,542.8,371.95000000000005
2013-01-04 08:13:00,545.1,377.4
2013-01-04 08:14:00,561.2,383.25
2013-01-04 08:15:00,576.5,388.4
2013-01-04 08:16:00,578.7,393.25
2013-01-04 08:17:00,578.7,398.6
2013-01-04 08:18:00,584.1,403.79999999999995
2013-01-04 08:19:00,596.0,408.9
2013-01-04 08:20:00,598.1,413.8
2013-01-04 08:21:00,614.3,419.1
2013-01-04 08:22:00,616.4,424.54999999999995
2013-01-04 08:23:00,629.7,429.29999999999995
2013-01-04 08:24:00,644.8,434.1
2013-01-04 08:25:00,653.4,439.4
2013-01-04 08:26:00,659.7,444.35
2013-01-04 08:27:00,669.0,448.7
2013-01-04 08:28:00,688.2,453.65
2013-01-04 08:29:00,688.3,458.4
2013-01-04 08:30:00,688.7,462.9
2013-01-04 08:31:00,687.4,468.0
2013-01-04 08:32:00,703.3,473.0
2013-01-04 08:33:00,710.3,477.65
2013-01-04 08:34:00,718.0,481.70000000000005
2013-01-04 08:35:00,727.5,486.15
2013-01-04 08:36:00,730.8,491.05
2013-01-04 08:37:00,755.2,495.54999999999995
2013-01-04 08:38:00,758.2,500.3
2013-01-04 08:39:00,767.5,504.95000000000005
2013-01-04 08:40:00,776.7,509.6
2013-01-04 08:41:00,787.2,513.95
2013-01-04 08:42:00,796.9,518.4
2013-01-04 08:43:00,797.7,522.75
2013-01-04 08:44:00,814.0,527.05
2013-01-04 08:45:00,816.0,531.1
2013-01-04 08:46:00,828.0,535.3499999999999
2013-01-04 08:47:00,834.0,539.8499999999999
2013-01-04 08:48:00,839.0,544.45
2013-01-04 08:49:00,859.0,548.7
2013-01-04 08:50:00,861.0,553.1500000000001
2013-01-04 08:51:00,869.0,557.4
2013-01-04 08:52:00,881.0,561.65
2013-01-04 08:53:00,884.0,565.55
2013-01-04 08:54:00,898.0,569.45
2013-01-04 08:55:00,904.0,573.65
2013-01-04 08:56:00,905.0,577.2
2013-01-04 08:57:00,915.0,581.5
2013-01-04 08:58:00,923.0,585.55
2013-01-04 08:59:00,925.0,589.3
2013-01-04 09:00:00,942.0,593.65
2013-01-04 09:01:00,941.0,597.5
2013-01-04 09:02:00,945.0,601.3
2013-01-04 09:03:00,961.0,605.25
2013-01-04 09:04:00,969.0,608.95
2013-01-04 09:05:00,974.0,612.9
2013-01-04 09:06:00,987.0,616.45
2013-01-04 09:07:00,982.0,620.25
2013-01-04 09:08:00,994.0,623.75
2013-01-04 09:09:00,1010.0,627.4
2013-01-04 09:10:00,1014.0,631.05
2013-01-04 09:11:00,1017.0,635.0
2013-01-04 09:12:00,1022.0,638.6
2013-01-04 09:13:00,1026.0,642.75
2013-01-04 09:14:00,1034.0,646.05
2013-01-04 09:15:00,1045.0,649.5999999999999
2013-01-04 09:16:00,1049.0,653.25
2013-01-04 09:17:00,1048.0,656.3499999999999
2013-01-04 09:18:00,1063.0,659.9000000000001
2013-01-04 09:19:00,1083.0,663.4
2013-01-04 09:20:00,1080.0,666.8
2013-01-04 09:21:00,1088.0,670.2
2013-01-04 09:22:00,1088.0,673.7
2013-01-04 09:23:00,1094.0,677.4
2013-01-04 09:24:00,1114.0,681.0
2013-01-04 09:25:00,1121.0,684.3
2013-01-04 09:26:00,1121.0,687.65
2013-01-04 09:27:00,1123.0,690.7
2013-01-04 09:28:00,1124.0,693.9
2013-01-04 09:29:00,1142.0,697.45
2013-01-04 09:30:00,1147.0,700.65
2013-01-04 09:31:00,1148.0,704.4
2013-01-04 09:32:00,1158.0,707.3
2013-01-04 09:33:00,1160.0,710.55
2013-01-04 09:34:00,1171.0,713.9
2013-01-04 09:35:00,1171.0,717.1
2013-01-04 09:36:00,1178.0,720.05
2013-01-04 09:37:00,1187.0,722.75
2013-01-04 09:38:00,1192.0,725.9000000000001
2013-01-04 09:39:00,1189.0,729.2
2013-01-04 09:40:00,1200.0,732.4
2013-01-04 09:41:00,1200.0,735.05
2013-01-04 09:42:00,1205.0,737.55
2013-01-04 09:43:00,1211.0,740.5999999999999
2013-01-04 09:44:00,1221.0,743.9
2013-01-04 09:45:00,1223.0,747.2
2013-01-04 09:46:00,1227.0,749.0
2013-01-04 09:47:00,1228.0,751.9
2013-01-04 09:48:00,1240.0,754.9
2013-01-04 09:49:00,1238.0,758.5
2013-01-04 09:50:00,1243.0,761.3
2013-01-04 09:51:00,1253.0,763.95
2013-01-04 09:52:00,1259.0,765.8
2013-01-04 09:53:00,1253.0,769.55
2013-01-04 09:54:00,1263.0,771.5
2013-01-04 09:55:00,1273.0,774.9
2013-01-04 09:56:00,1285.0,777.8
2013-01-04 09:57:00,1281.0,780.25
2013-01-04 09:58:00,1284.0,782.7
2013-01-04 09:59:00,1296.0,785.4
2013-01-04 10:00:00,1297.0,788.3
2013-01-04 10:01:00,1299.0,791.9
2013-01-04 10:02:00,1301.0,795.6
2013-01-04 10:03:00,1305.0,797.4
2013-01-04 10:04:00,1309.0,799.45
2013-01-04 10:05:00,1310.0,802.05
2013-01-04 10:06:00,1317.0,804.65
2013-01-04 10:07:00,1325.0,806.95
2013-01-04 10:08:00,1327.0,809.55
2013-01-04 10:09:00,1331.0,812.55
2013-01-04 10:10:00,1337.0,814.9
2013-01-04 10:11:00,1341.0,816.25
2013-01-04 10:12:00,1337.0,817.05
2013-01-04 10:13:00,1336.0,816.25
2013-01-04 10:14:00,1341.0,815.85
2013-01-04 10:15:00,1340.0,819.2
2013-01-04 10:16:00,1352.0,822.95
2013-01-04 10:17:00,1358.0,826.75
2013-01-04 10:18:00,1367.0,830.05
2013-01-04 10:19:00,1378.0,832.7
2013-01-04 10:20:00,1385.0,835.55
2013-01-04 10:21:00,1390.0,838.05
2013-01-04 10:22:00,1405.0,841.3
2013-01-04 10:23:00,1408.0,843.8
2013-01-04 10:24:00,1406.0,847.1
2013-01-04 10:25:00,1410.0,849.4
2013-01-04 10:26:00,1420.0,851.45
2013-01-04 10:27:00,1422.0,853.4
2013-01-04 10:28:00,1419.0,855.95
2013-01-04 10:29:00,1423.0,858.0
2013-01-04 10:30:00,1411.0,860.0
2013-01-04 10:31:00,1429.0,851.0
2013-01-04 10:32:00,1427.0,461.0
2013-01-04 10:33:00,1430.0,462.0
2013-01-04 10:34:00,1429.0,463.0
2013-01-04 10:35:00,1427.0,464.5
2013-01-04 10:36:00,1436.0,465.0
2013-01-04 10:37:00,1443.0,465.5
2013-01-04 10:38:00,1441.0,467.0
2013-01-04 10:39:00,1437.0,468.0
2013-01-04 10:40:00,1437.0,468.5
2013-01-04 10:41:00,1454.0,469.5
2013-01-04 10:42:00,1443.0,470.5
2013-01-04 10:43:00,1444.0,471.0
2013-01-04 10:44:00,1448.0,471.5
2013-01-04 10:45:00,1450.0,473.5
2013-01-04 10:46:00,1459.0,474.5
2013-01-04 10:47:00,1471.0,476.0
2013-01-04 10:48:00,1474.0,477.0
2013-01-04 10:49:00,1473.0,477.5
2013-01-04 10:50:00,1475.0,479.0
2013-01-04 10:51:00,1471.0,479.5
2013-01-04 10:52:00,1478.0,480.0
2013-01-04 10:53:00,1488.0,481.0
2013-01-04 10:54:00,1483.0,482.5
2013-01-04 10:55:00,1499.0,483.5
2013-01-04 10:56:00,1504.0,483.5
2013-01-04 10:57:00,1498.0,485.0
2013-01-04 10:58:00,1500.0,484.0
2013-01-04 10:59:00,1500.0,486.0
2013-01-04 11:00:00,1501.0,487.0
2013-01-04 11:01:00,1504.0,488.5
2013-01-04 11:02:00,1499.0,489.5
2013-01-04 11:03:00,1511.0,490.0
2013-01-04 11:04:00,1509.0,489.0
2013-01-04 11:05:00,1507.0,490.0
2013-01-04 11:06:00,1515.0,491.0
2013-01-04 11:07:00,1515.0,492.5
2013-01-04 11:08:00,1522.0,492.5
2013-01-04 11:09:00,1524.0,493.5
2013-01-04 11:10:00,1534.0,494.0
2013-01-04 11:11:00,1525.0,494.0
2013-01-04 11:12:00,1525.0,495.0
2013-01-04 11:13:00,1527.0,496.0
2013-01-04 11:14:00,1527.0,496.5
2013-01-04 11:15:00,1535.0,497.5
2013-01-04 11:16:00,1545.0,498.5
2013-01-04 11:17:00,1540.0,498.5
2013-01-04 11:18:00,1549.0,499.5
2013-01-04 11:19:00,1546.0,500.0
2013-01-04 11:20:00,1541.0,501.5
2013-01-04 11:21:00,1550.0,502.5
2013-01-04 11:22:00,1546.0,501.5
2013-01-04 11:23:00,1536.0,502.5
2013-01-04 11:24:00,1550.0,503.0
2013-01-04 11:25:00,1545.0,503.5
2013-01-04 11:26:00,1552.0,504.5
2013-01-04 11:27:00,1550.0,504.5
2013-01-04 11:28:00,1552.0,504.5
2013-01-04 11:29:00,1551.0,506.0
2013-01-04 11:30:00,1548.0,507.0
2013-01-04 11:31:00,1562.0,507.5
2013-01-04 11:32:00,1562.0,507.5
2013-01-04 11:33:00,1554.0,508.0
2013-01-04 11:34:00,1559.0,508.0
2013-01-04 11:35:00,1568.0,508.5
2013-01-04 11:36:00,1559.0,509.0
2013-01-04 11:37:00,1565.0,509.0
2013-01-04 11:38:00,1566.0,509.5
2013-01-04 11:39:00,1562.0,510.0
2013-01-04 11:40:00,1567.0,510.521
2013-01-04 11:41:00,1557.0,511.042
2013-01-04 11:42:00,1560.0,511.0
2013-01-04 11:43:00,1557.0,512.0
2013-01-04 11:44:00,1557.0,512.0
2013-01-04 11:45:00,1561.0,512.0
2013-01-04 11:46:00,1561.0,512.0
2013-01-04 11:47:00,1563.0,512.0
2013-01-04 11:48:00,1553.0,512.5
2013-01-04 11:49:00,1556.0,513.0
2013-01-04 11:50:00,1563.0,513.5
2013-01-04 11:51:00,1562.0,514.0
2013-01-04 11:52:00,1559.0,514.0
2013-01-04 11:53:00,1558.0,513.5
2013-01-04 11:54:00,1552.0,513.9685
2013-01-04 11:55:00,1568.0,513.979
2013-01-04 11:56:00,1562.0,513.9895
2013-01-04 11:57:00,1562.0,514.0
2013-01-04 11:58:00,1566.0,514.5525
2013-01-04 11:59:00,1553.0,514.594
2013-01-04 12:00:00,1557.0,515.0105
2013-01-04 12:01:00,1558.0,515.0
2013-01-04 12:02:00,1563.0,515.0
2013-01-04 12:03:00,1558.0,515.5
2013-01-04 12:04:00,1557.0,515.5
2013-01-04 12:05:00,1562.0,515.0
2013-01-04 12:06:00,1559.0,514.5
2013-01-04 12:07:00,1556.0,514.5
2013-01-04 12:08:00,1556.0,514.5
2013-01-04 12:09:00,1565.0,515.0
2013-01-04 12:10:00,1553.0,515.0
2013-01-04 12:11:00,1560.0,515.0
2013-01-04 12:12:00,1566.0,515.0
2013-01-04 12:13:00,1557.0,514.5
2013-01-04 12:14:00,1558.0,514.5
2013-01-04 12:15:00,1564.0,514.0
2013-01-04 12:16:00,1549.0,514.0
2013-01-04 12:17:00,1552.0,514.5
2013-01-04 12:18:00,1555.0,514.0
2013-01-04 12:19:00,1558.0,514.0
2013-01-04 12:20:00,1555.0,514.0
2013-01-04 12:21:00,1553.0,513.5
2013-01-04 12:22:00,1552.0,513.5
2013-01-04 12:23:00,1546.0,513.5
2013-01-04 12:24:00,1547.0,513.5
2013-01-04 12:25:00,1546.0,513.0
2013-01-04 12:26:00,1544.0,513.0
2013-01-04 12:27:00,1545.0,512.0
2013-01-04 12:28:00,1543.0,512.0
2013-01-04 12:29:00,1544.0,512.0
2013-01-04 12:30:00,1542.0,511.5
2013-01-04 12:31:00,1540.0,511.5
2013-01-04 12:32:00,1545.0,511.0105
2013-01-04 12:33:00,1540.0,511.0
2013-01-04 12:34:00,1542.0,510.5
2013-01-04 12:35:00,1525.0,510.0315
2013-01-04 12:36:00,1514.0,509.594
2013-01-04 12:37:00,1518.0,509.0
2013-01-04 12:38:00,1514.0,508.5
2013-01-04 12:39:00,1515.0,508.0
2013-01-04 12:40:00,1531.0,508.0
2013-01-04 12:41:00,1513.0,507.5
2013-01-04 12:42:00,1506.0,507.0
2013-01-04 12:43:00,1505.0,506.5
2013-01-04 12:44:00,1513.0,506.5
2013-01-04 12:45:00,1512.0,506.0
2013-01-04 12:46:00,1512.0,505.9895
2013-01-04 12:47:00,1511.0,504.9895
2013-01-04 12:48:00,1505.0,504.4895
2013-01-04 12:49:00,1509.0,503.8955
2013-01-04 12:50:00,1518.0,503.979
2013-01-04 12:51:00,1510.0,503.0
2013-01-04 12:52:00,1512.0,502.5
2013-01-04 12:53:00,1504.0,501.5
2013-01-04 12:54:00,1506.0,501.0
2013-01-04 12:55:00,1500.0,500.5
2013-01-04 12:56:00,1496.0,499.542
2013-01-04 12:57:00,1491.0,499.042
2013-01-04 12:58:00,1489.0,498.0
2013-01-04 12:59:00,1487.0,497.0
2013-01-04 13:00:00,1480.0,496.5
2013-01-04 13:01:00,1476.0,495.5
2013-01-04 13:02:00,1477.0,494.5
2013-01-04 13:03:00,1474.0,494.0
2013-01-04 13:04:00,1463.0,492.5
2013-01-04 13:05:00,1460.0,492.0
2013-01-04 13:06:00,1476.0,491.9895
2013-01-04 13:07:00,1468.0,491.958
2013-01-04 13:08:00,1469.0,491.458
2013-01-04 13:09:00,1469.0,490.5
2013-01-04 13:10:00,1468.0,490.0
2013-01-04 13:11:00,1452.0,488.458
2013-01-04 13:12:00,1458.0,487.9895
2013-01-04 13:13:00,1454.0,486.5
2013-01-04 13:14:00,1455.0,486.0
2013-01-04 13:15:00,1437.0,484.5
2013-01-04 13:16:00,1446.0,483.4685
2013-01-04 13:17:00,1439.0,482.4895
2013-01-04 13:18:00,1437.0,482.5
2013-01-04 13:19:00,1432.0,482.0105
2013-01-04 13:20:00,1430.0,481.0
2013-01-04 13:21:00,1427.0,480.5
2013-01-04 13:22:00,1422.0,479.5
2013-01-04 13:23:00,1417.0,478.5
2013-01-04 13:24:00,1426.0,477.458
2013-01-04 13:25:00,1423.0,476.4895
2013-01-04 13:26:00,1425.0,475.5
2013-01-04 13:27:00,1424.0,475.0
2013-01-04 13:28:00,1425.0,475.0
2013-01-04 13:29:00,1418.0,474.0
2013-01-04 13:30:00,1417.0,473.5
2013-01-04 13:31:00,1415.0,472.4895
2013-01-04 13:32:00,1408.0,471.5
2013-01-04 13:33:00,1395.0,470.0
2013-01-04 13:34:00,1392.0,468.542
2013-01-04 13:35:00,1381.0,467.5105
2013-01-04 13:36:00,1389.0,466.927
2013-01-04 13:37:00,1383.0,465.9475
2013-01-04 13:38:00,1392.0,464.927
2013-01-04 13:39:00,1395.0,463.385
2013-01-04 13:40:00,1396.0,462.479
2013-01-04 13:41:00,1386.0,462.0
2013-01-04 13:42:00,1382.0,461.0
2013-01-04 13:43:00,1377.0,459.5
2013-01-04 13:44:00,1372.0,458.0
2013-01-04 13:45:00,1363.0,456.5
2013-01-04 13:46:00,1366.0,455.5
2013-01-04 13:47:00,1362.0,453.9895
2013-01-04 13:48:00,1359.0,453.0
2013-01-04 13:49:00,1356.0,452.021
2013-01-04 13:50:00,1354.0,450.5525
2013-01-04 13:51:00,1341.0,449.5
2013-01-04 13:52:00,1340.0,448.4895
2013-01-04 13:53:00,1342.0,447.4475
2013-01-04 13:54:00,1339.0,445.979
2013-01-04 13:55:00,1328.0,444.958
2013-01-04 13:56:00,1332.0,443.5
2013-01-04 13:57:00,1330.0,442.0
2013-01-04 13:58:00,1314.0,440.5
2013-01-04 13:59:00,1306.0,438.9685
2013-01-04 14:00:00,1306.0,437.427
2013-01-04 14:01:00,1299.0,435.979
2013-01-04 14:02:00,1294.0,434.5
2013-01-04 14:03:00,1280.0,433.0
2013-01-04 14:04:00,1273.0,431.5
2013-01-04 14:05:00,1257.0,430.0
2013-01-04 14:06:00,1264.0,428.5
2013-01-04 14:07:00,1258.0,427.0
2013-01-04 14:08:00,1242.0,425.5
2013-01-04 14:09:00,1241.0,424.0
2013-01-04 14:10:00,1234.0,422.5
2013-01-04 14:11:00,1238.0,421.5
2013-01-04 14:12:00,1232.0,420.4895
2013-01-04 14:13:00,1225.0,418.979
2013-01-04 14:14:00,1222.0,417.5
2013-01-04 14:15:00,1219.0,416.4895
2013-01-04 14:16:00,1215.0,415.479
2013-01-04 14:17:00,1208.0,414.0
2013-01-04 14:18:00,1204.0,412.4895
2013-01-04 14:19:00,1202.0,411.5
2013-01-04 14:20:00,1191.0,410.5
2013-01-04 14:21:00,1189.0,409.0
2013-01-04 14:22:00,1189.0,407.0
2013-01-04 14:23:00,1182.0,405.4895
2013-01-04 14:24:00,1166.0,404.0
2013-01-04 14:25:00,1169.0,402.5
2013-01-04 14:26:00,1164.0,401.0
2013-01-04 14:27:00,1157.0,399.3
2013-01-04 14:28:00,1152.0,397.35
2013-01-04 14:29:00,1151.0,395.55
2013-01-04 14:30:00,1139.0,393.75
2013-01-04 14:31:00,1131.0,391.95
2013-01-04 14:32:00,1126.0,390.35
2013-01-04 14:33:00,1119.0,388.45
2013-01-04 14:34:00,1122.0,386.55
2013-01-04 14:35:00,1114.0,384.75
2013-01-04 14:36:00,1106.0,382.8
2013-01-04 14:37:00,1097.0,380.65
2013-01-04 14:38:00,1083.0,378.6
2013-01-04 14:39:00,1082.0,376.62899999999996
2013-01-04 14:40:00,1077.0,374.677
2013-01-04 14:41:00,1072.0,372.9185
2013-01-04 14:42:00,1050.0,370.8745
2013-01-04 14:43:00,1045.0,369.029
2013-01-04 14:44:00,1041.0,367.5
2013-01-04 14:45:00,1026.0,365.4
2013-01-04 14:46:00,1013.0,363.15
2013-01-04 14:47:00,1009.0,361.2685
2013-01-04 14:48:00,1000.0,359.1245
2013-01-04 14:49:00,983.0,357.206
2013-01-04 14:50:00,977.0,355.56850000000003
2013-01-04 14:51:00,974.0,353.635
2013-01-04 14:52:00,960.0,351.7745
2013-01-04 14:53:00,950.0,344.97450000000003
2013-01-04 14:54:00,940.0,319.47450000000003
2013-01-04 14:55:00,931.0,273.3745
2013-01-04 14:56:00,925.0,215.52450000000002
2013-01-04 14:57:00,918.0,154.3245
2013-01-04 14:58:00,905.0,97.1245
2013-01-04 14:59:00,901.0,52.024499999999996
2013-01-04 15:00:00,896.0,28.5045
2013-01-04 15:01:00,891.0,23.16
2013-01-04 15:02:00,883.0,22.703
2013-01-04 15:03:00,875.0,22.5395
2013-01-04 15:04:00,865.0,22.3995
2013-01-04 15:05:00,865.0,22.3995
2013-01-04 15:06:00,848.0,22.3995
2013-01-04 15:07:00,830.0,22.3995
2013-01-04 15:08:00,829.0,22.2045
2013-01-04 15:09:00,823.0,26.209500000000002
2013-01-04 15:10:00,811.0,75.3245
2013-01-04 15:11:00,811.0,164.1245
2013-01-04 15:12:00,792.9,230.17450000000002
2013-01-04 15:13:00,790.5,277.8245
2013-01-04 15:14:00,782.2,302.22450000000003
2013-01-04 15:15:00,768.5,305.2745
2013-01-04 15:16:00,757.3,303.2745
2013-01-04 15:17:00,748.5,301.3245
2013-01-04 15:18:00,723.3,298.9245
2013-01-04 15:19:00,721.1,296.8245
2013-01-04 15:20:00,707.9,294.7745
2013-01-04 15:21:00,689.9,292.8245
2013-01-04 15:22:00,671.3,290.72450000000003
2013-01-04 15:23:00,629.1,288.8745
2013-01-04 15:24:00,608.9,287.22450000000003
2013-01-04 15:25:00,591.7,285.0245
2013-01-04 15:26:00,583.8,279.22450000000003
2013-01-04 15:27:00,567.2,274.5745
2013-01-04 15:28:00,558.0,271.8745
2013-01-04 15:29:00,544.5,271.22450000000003
2013-01-04 15:30:00,525.3,272.97450000000003
2013-01-04 15:31:00,527.4,269.72450000000003
2013-01-04 15:32:00,502.9,199.67450000000002
2013-01-04 15:33:00,491.8,71.6745
2013-01-04 15:34:00,487.5,59.0745
2013-01-04 15:35:00,468.9,170.4745
2013-01-04 15:36:00,464.8,240.42450000000002
2013-01-04 15:37:00,438.2,242.02450000000002
2013-01-04 15:38:00,432.4,244.67450000000002
2013-01-04 15:39:00,409.1,249.1245
2013-01-04 15:40:00,396.6,246.6245
2013-01-04 15:41:00,391.7,243.9745
2013-01-04 15:42:00,378.8,241.67450000000002
2013-01-04 15:43:00,384.2,237.92450000000002
2013-01-04 15:44:00,351.6,227.92450000000002
2013-01-04 15:45:00,329.5,222.67450000000002
2013-01-04 15:46:00,325.0,220.3245
2013-01-04 15:47:00,313.9,221.2245
2013-01-04 15:48:00,303.5,220.67450000000002
2013-01-04 15:49:00,287.9,215.8745
2013-01-04 15:50:00,284.1,210.02450000000002
2013-01-04 15:51:00,270.3,141.92450000000002
2013-01-04 15:52:00,264.5,46.274499999999996
2013-01-04 15:53:00,252.0,70.3745
2013-01-04 15:54:00,248.5,158.58499999999998
2013-01-04 15:55:00,240.8,190.055
2013-01-04 15:56:00,226.3,175.35
2013-01-04 15:57:00,216.2,152.75
2013-01-04 15:58:00,200.5,155.7
2013-01-04 15:59:00,192.9,266.3
2013-01-04 16:00:00,182.1,346.15
2013-01-04 16:01:00,174.5,348.0
2013-01-04 16:02:00,162.3,337.35
2013-01-04 16:03:00,159.3,326.35
2013-01-04 16:04:00,155.5,304.25
2013-01-04 16:05:00,156.9,227.85
2013-01-04 16:06:00,150.4,166.925
2013-01-04 16:07:00,143.6,116.39
2013-01-04 16:08:00,126.3,44.254999999999995
2013-01-04 16:09:00,125.9,20.845
2013-01-04 16:10:00,126.1,20.130000000000003
2013-01-04 16:11:00,110.5,19.634999999999998
2013-01-04 16:12:00,109.0,18.985
2013-01-04 16:13:00,108.2,18.494999999999997
2013-01-04 16:14:00,108.2,17.825
2013-01-04 16:15:00,108.2,17.335
2013-01-04 16:16:00,107.3,16.69
2013-01-04 16:17:00,84.9,16.105
2013-01-04 16:18:00,49.6,14.745000000000001
2013-01-04 16:19:00,19.56,13.45
2013-01-04 16:20:00,1.504,12.86
2013-01-04 16:21:00,1.567,12.625
2013-01-04 16:22:00,1.46,11.855
2013-01-04 16:23:00,2.327,11.620000000000001
2013-01-04 16:24:00,1.523,11.434999999999999
2013-01-04 16:25:00,1.45,11.265
2013-01-04 16:26:00,2.385,11.120000000000001
2013-01-04 16:27:00,1.545,10.94
2013-01-04 16:28:00,3.882,10.41
2013-01-04 16:29:00,3.518,9.98
2013-01-04 16:30:00,1.523,9.8
2013-01-04 16:31:00,3.11,9.35
2013-01-04 16:32:00,3.091,8.810500000000001
2013-01-04 16:33:00,3.672,8.6205
2013-01-04 16:34:00,3.813,7.7989999999999995
2013-01-04 16:35:00,2.134,7.5329999999999995
2013-01-04 16:36:00,3.071,7.0825
2013-01-04 16:37:00,0.588,6.505000000000001
2013-01-04 16:38:00,4.087,6.314
2013-01-04 16:39:00,0.0,5.795999999999999
2013-01-04 16:40:00,0.0,5.338
2013-01-04 16:41:00,0.0,5.16
2013-01-04 16:42:00,0.498,4.922
2013-01-04 16:43:00,0.442,4.1835
2013-01-04 16:44:00,0.0,4.068
2013-01-04 16:45:00,0.0,3.9005
2013-01-04 16:46:00,0.0,3.6945
2013-01-04 16:47:00,0.0,3.2605
2013-01-04 16:48:00,0.0,3.093
2013-01-04 16:49:00,0.0,2.9775
2013-01-04 16:50:00,0.0,2.67
2013-01-04 16:51:00,0.0,2.0044999999999997
2013-01-04 16:52:00,0.0,1.844
2013-01-04 16:53:00,0.0,1.676
2013-01-04 16:54:00,0.0,1.4209999999999998
2013-01-04 16:55:00,0.0,0.7309999999999999
2013-01-04 16:56:00,0.0,0.647
2013-01-04 16:57:00,0.0,0.46899999999999986
2013-01-04 16:58:00,0.0,0.3395
2013-01-04 16:59:00,0.0,-0.09800000000000009
2013-01-04 17:00:00,0.0,-0.16100000000000003
2013-01-04 17:01:00,0.0,-0.29700000000000004
2013-01-04 17:02:00,0.0,-0.3810000000000001
2013-01-04 17:03:00,0.0,-0.4435000000000001
2013-01-04 17:04:00,0.0,-0.538
2013-01-04 17:05:00,0.0,-0.633
2013-01-04 17:06:00,0.0,-0.6715
2013-01-04 17:07:00,0.0,-0.9159999999999999
2013-01-04 17:08:00,0.0,-1.2349999999999999
2013-01-04 17:09:00,0.0,-1.4315
2013-01-04 17:10:00,0.0,-1.4315
2013-01-04 17:11:00,0.0,-1.4315
2013-01-04 17:12:00,0.0,-1.5155
2013-01-04 17:13:00,0.0,-1.557
2013-01-04 17:14:00,0.0,-1.557
2013-01-04 17:15:00,0.0,-1.6275
2013-01-04 17:16:00,0.0,-2.3005
2013-01-04 17:17:00,0.0,-2.3565
2013-01-04 17:18:00,0.0,-2.3565
2013-01-04 17:19:00,0.0,-2.357
2013-01-04 17:20:00,0.0,-2.357
2013-01-04 17:21:00,0.0,-2.357
2013-01-04 17:22:00,0.0,-2.357
2013-01-04 17:23:00,0.0,-2.357
2013-01-04 17:24:00,0.0,-2.357
2013-01-04 17:25:00,0.0,-2.357
2013-01-04 17:26:00,0.0,-2.357
2013-01-04 17:27:00,0.0,-2.273
2013-01-04 17:28:00,0.0,-1.9365
2013-01-04 17:29:00,0.0,-1.684
2013-01-04 17:30:00,0.0,-1.684
2013-01-04 17:31:00,0.0,-1.684
2013-01-04 17:32:00,0.0,-1.684
2013-01-04 17:33:00,0.0,-1.684
2013-01-04 17:34:00,0.0,-1.684
2013-01-04 17:35:00,0.0,-1.684
2013-01-04 17:36:00,0.0,-1.684
2013-01-04 17:37:00,0.0,-1.684
2013-01-04 17:38:00,0.0,-1.684
2013-01-04 17:39:00,0.0,-1.684
2013-01-04 17:40:00,0.0,-1.684
2013-01-04 17:41:00,0.0,-1.684
2013-01-04 17:42:00,0.0,-1.684
2013-01-04 17:43:00,0.0,-1.684
2013-01-04 17:44:00,0.0,-1.684
2013-01-04 17:45:00,0.0,-1.684
2013-01-04 17:46:00,0.0,-1.684
2013-01-04 17:47:00,0.0,-1.684
2013-01-04 17:48:00,0.0,-1.684
2013-01-04 17:49:00,0.0,-1.684
2013-01-04 17:50:00,0.0,-1.684
2013-01-04 17:51:00,0.0,-1.684
2013-01-04 17:52:00,0.0,-1.684
2013-01-04 17:53:00,0.0,-1.684
2013-01-04 17:54:00,0.0,-1.684
2013-01-04 17:55:00,0.0,-1.684
2013-01-04 17:56:00,0.0,-1.684
2013-01-04 17:57:00,0.0,-1.684
2013-01-04 17:58:00,0.0,-1.684
2013-01-04 17:59:00,0.0,-1.684
2013-01-04 18:00:00,0.0,-1.684
2013-01-04 18:01:00,0.0,-1.684
2013-01-04 18:02:00,0.0,-1.684
2013-01-04 18:03:00,0.0,-1.7405
2013-01-04 18:04:00,0.0,-1.965
2013-01-04 18:05:00,0.0,-2.021
2013-01-04 18:06:00,0.0,-2.049
2013-01-04 18:07:00,0.0,-2.021
2013-01-04 18:08:00,0.0,-1.993
2013-01-04 18:09:00,0.0,-2.0775
2013-01-04 18:10:00,0.0,-2.0495
2013-01-04 18:11:00,0.0,-1.7965
2013-01-04 18:12:00,0.0,-1.6845
2013-01-04 18:13:00,0.0,-1.6845
2013-01-04 18:14:00,0.0,-1.6845
2013-01-04 18:15:00,0.0,-1.6845
2013-01-04 18:16:00,0.0,-1.6845
2013-01-04 18:17:00,0.0,-1.6845
2013-01-04 18:18:00,0.0,-1.6845
2013-01-04 18:19:00,0.0,-1.6845
2013-01-04 18:20:00,0.0,-1.6845
2013-01-04 18:21:00,0.0,-1.6285
2013-01-04 18:22:00,0.0,-1.6565
2013-01-04 18:23:00,0.0,-1.5725
2013-01-04 18:24:00,0.0,-1.544
2013-01-04 18:25:00,0.0,-1.6845
2013-01-04 18:26:00,0.0,-1.6845
2013-01-04 18:27:00,0.0,-1.6005
2013-01-04 18:28:00,0.0,-1.6565
2013-01-04 18:29:00,0.0,-1.6285
2013-01-04 18:30:00,0.0,-1.6845
2013-01-04 18:31:00,0.0,-1.6845
2013-01-04 18:32:00,0.0,-1.6845
2013-01-04 18:33:00,0.0,-1.6845
2013-01-04 18:34:00,0.0,-1.6845
2013-01-04 18:35:00,0.0,-1.6845
2013-01-04 18:36:00,0.0,-1.6845
2013-01-04 18:37:00,0.0,-1.6845
2013-01-04 18:38:00,0.0,-1.6845
2013-01-04 18:39:00,0.0,-1.6845
2013-01-04 18:40:00,0.0,-1.6845
2013-01-04 18:41:00,0.0,-1.6845
2013-01-04 18:42:00,0.0,-1.685
2013-01-04 18:43:00,0.0,-1.685
2013-01-04 18:44:00,0.0,-1.685
2013-01-04 18:45:00,0.0,-1.685
2013-01-04 18:46:00,0.0,-1.685
2013-01-04 18:47:00,0.0,-1.685
2013-01-04 18:48:00,0.0,-1.685
2013-01-04 18:49:00,0.0,-1.657
2013-01-04 18:50:00,0.0,-1.685
2013-01-04 18:51:00,0.0,-1.685
2013-01-04 18:52:00,0.0,-1.685
2013-01-04 18:53:00,0.0,-1.685
2013-01-04 18:54:00,0.0,-1.685
2013-01-04 18:55:00,0.0,-1.685
2013-01-04 18:56:00,0.0,-1.685
2013-01-04 18:57:00,0.0,-1.685
2013-01-04 18:58:00,0.0,-1.685
2013-01-04 18:59:00,0.0,-1.685
2013-01-04 19:00:00,0.0,-1.685
2013-01-04 19:01:00,0.0,-1.685
2013-01-04 19:02:00,0.0,-1.685
2013-01-04 19:03:00,0.0,-1.685
2013-01-04 19:04:00,0.0,-1.657
2013-01-04 19:05:00,0.0,-1.4885
2013-01-04 19:06:00,0.0,-1.2075
2013-01-04 19:07:00,0.0,-1.0675
2013-01-04 19:08:00,0.0,-1.039
2013-01-04 19:09:00,0.0,-1.011
2013-01-04 19:10:00,0.0,-1.011
2013-01-04 19:11:00,0.0,-1.011
2013-01-04 19:12:00,0.0,-1.011
2013-01-04 19:13:00,0.0,-1.011
2013-01-04 19:14:00,0.0,-1.011
2013-01-04 19:15:00,0.0,-1.011
2013-01-04 19:16:00,0.0,-1.011
2013-01-04 19:17:00,0.0,-1.011
2013-01-04 19:18:00,0.0,-1.0675
2013-01-04 19:19:00,0.0,-1.1515
2013-01-04 19:20:00,0.0,-1.011
2013-01-04 19:21:00,0.0,-1.011
2013-01-04 19:22:00,0.0,-1.011
2013-01-04 19:23:00,0.0,-1.011
2013-01-04 19:24:00,0.0,-1.011
2013-01-04 19:25:00,0.0,-1.011
2013-01-04 19:26:00,0.0,-1.011
2013-01-04 19:27:00,0.0,-1.1235
2013-01-04 19:28:00,0.0,-1.32
2013-01-04 19:29:00,0.0,-1.4045
2013-01-04 19:30:00,0.0,-1.573
2013-01-04 19:31:00,0.0,-1.573
2013-01-04 19:32:00,0.0,-1.629
2013-01-04 19:33:00,0.0,-1.4605
2013-01-04 19:34:00,0.0,-1.3765
2013-01-04 19:35:00,0.0,-1.348
2013-01-04 19:36:00,0.0,-1.264
2013-01-04 19:37:00,0.0,-1.208
2013-01-04 19:38:00,0.0,-1.1795
2013-01-04 19:39:00,0.0,-1.292
2013-01-04 19:40:00,0.0,-1.348
2013-01-04 19:41:00,0.0,-1.348
2013-01-04 19:42:00,0.0,-1.3765
2013-01-04 19:43:00,0.0,-1.4605
2013-01-04 19:44:00,0.0,-1.3765
2013-01-04 19:45:00,0.0,-1.3765
2013-01-04 19:46:00,0.0,-1.348
2013-01-04 19:47:00,0.0,-1.348
2013-01-04 19:48:00,0.0,-1.348
2013-01-04 19:49:00,0.0,-1.32
2013-01-04 19:50:00,0.0,-1.0395
2013-01-04 19:51:00,0.0,-1.0955
2013-01-04 19:52:00,0.0,-1.0395
2013-01-04 19:53:00,0.0,-1.011
2013-01-04 19:54:00,0.0,-1.011
2013-01-04 19:55:00,0.0,-1.011
2013-01-04 19:56:00,0.0,-1.011
2013-01-04 19:57:00,0.0,-1.011
2013-01-04 19:58:00,0.0,-1.011
2013-01-04 19:59:00,0.0,-1.1235
2013-01-04 20:00:00,0.0,-1.292
2013-01-04 20:01:00,0.0,-1.3485
2013-01-04 20:02:00,0.0,-1.292
2013-01-04 20:03:00,0.0,-1.3485
2013-01-04 20:04:00,0.0,-1.3485
2013-01-04 20:05:00,0.0,-1.208
2013-01-04 20:06:00,0.0,-1.011
2013-01-04 20:07:00,0.0,-1.011
2013-01-04 20:08:00,0.0,-1.011
2013-01-04 20:09:00,0.0,-1.011
2013-01-04 20:10:00,0.0,-1.0955
2013-01-04 20:11:00,0.0,-1.3485
2013-01-04 20:12:00,0.0,-1.4045
2013-01-04 20:13:00,0.0,-1.545
2013-01-04 20:14:00,0.0,-1.6855
2013-01-04 20:15:00,0.0,-1.6855
2013-01-04 20:16:00,0.0,-1.6855
2013-01-04 20:17:00,0.0,-1.6855
2013-01-04 20:18:00,0.0,-1.601
2013-01-04 20:19:00,0.0,-1.545
2013-01-04 20:20:00,0.0,-1.573
2013-01-04 20:21:00,0.0,-1.6855
2013-01-04 20:22:00,0.0,-1.6855
2013-01-04 20:23:00,0.0,-1.6575
2013-01-04 20:24:00,0.0,-1.6855
2013-01-04 20:25:00,0.0,-1.6855
2013-01-04 20:26:00,0.0,-1.6855
2013-01-04 20:27:00,0.0,-1.6855
2013-01-04 20:28:00,0.0,-1.6855
2013-01-04 20:29:00,0.0,-1.6855
2013-01-04 20:30:00,0.0,-1.6855
2013-01-04 20:31:00,0.0,-1.6855
2013-01-04 20:32:00,0.0,-1.6855
2013-01-04 20:33:00,0.0,-1.6855
2013-01-04 20:34:00,0.0,-1.6855
2013-01-04 20:35:00,0.0,-1.6855
2013-01-04 20:36:00,0.0,-1.6855
2013-01-04 20:37:00,0.0,-1.6855
2013-01-04 20:38:00,0.0,-1.6855
2013-01-04 20:39:00,0.0,-1.6855
2013-01-04 20:40:00,0.0,-1.6855
2013-01-04 20:41:00,0.0,-1.6855
2013-01-04 20:42:00,0.0,-1.601
2013-01-04 20:43:00,0.0,-1.3485
2013-01-04 20:44:00,0.0,-1.32
2013-01-04 20:45:00,0.0,-1.3765
2013-01-04 20:46:00,0.0,-1.4045
2013-01-04 20:47:00,0.0,-1.3485
2013-01-04 20:48:00,0.0,-1.236
2013-01-04 20:49:00,0.0,-1.0395
2013-01-04 20:50:00,0.0,-1.011
2013-01-04 20:51:00,0.0,-1.011
2013-01-04 20:52:00,0.0,-1.011
2013-01-04 20:53:00,0.0,-1.011
2013-01-04 20:54:00,0.0,-1.011
2013-01-04 20:55:00,0.0,-1.011
2013-01-04 20:56:00,0.0,-1.011
2013-01-04 20:57:00,0.0,-1.011
2013-01-04 20:58:00,0.0,-1.011
2013-01-04 20:59:00,0.0,-1.011
2013-01-04 21:00:00,0.0,-1.011
2013-01-04 21:01:00,0.0,-1.011
2013-01-04 21:02:00,0.0,-1.011
2013-01-04 21:03:00,0.0,-1.011
2013-01-04 21:04:00,0.0,-1.011
2013-01-04 21:05:00,0.0,-1.011
2013-01-04 21:06:00,0.0,-1.011
2013-01-04 21:07:00,0.0,-1.011
2013-01-04 21:08:00,0.0,-1.011
2013-01-04 21:09:00,0.0,-1.011
2013-01-04 21:10:00,0.0,-1.011
2013-01-04 21:11:00,0.0,-1.0115
2013-01-04 21:12:00,0.0,-1.0115
2013-01-04 21:13:00,0.0,-1.0395
2013-01-04 21:14:00,0.0,-1.1515
2013-01-04 21:15:00,0.0,-1.0115
2013-01-04 21:16:00,0.0,-1.0115
2013-01-04 21:17:00,0.0,-1.0115
2013-01-04 21:18:00,0.0,-1.0115
2013-01-04 21:19:00,0.0,-1.0115
2013-01-04 21:20:00,0.0,-1.0115
2013-01-04 21:21:00,0.0,-1.0115
2013-01-04 21:22:00,0.0,-1.0115
2013-01-04 21:23:00,0.0,-1.0115
2013-01-04 21:24:00,0.0,-1.0115
2013-01-04 21:25:00,0.0,-1.0115
2013-01-04 21:26:00,0.0,-1.0115
2013-01-04 21:27:00,0.0,-1.0115
2013-01-04 21:28:00,0.0,-1.0115
2013-01-04 21:29:00,0.0,-1.0115
2013-01-04 21:30:00,0.0,-1.0115
2013-01-04 21:31:00,0.0,-1.0115
2013-01-04 21:32:00,0.0,-1.0115
2013-01-04 21:33:00,0.0,-1.0115
2013-01-04 21:34:00,0.0,-1.0115
2013-01-04 21:35:00,0.0,-1.0115
2013-01-04 21:36:00,0.0,-1.0115
2013-01-04 21:37:00,0.0,-1.0115
2013-01-04 21:38:00,0.0,-1.0115
2013-01-04 21:39:00,0.0,-1.0115
2013-01-04 21:40:00,0.0,-1.0115
2013-01-04 21:41:00,0.0,-1.0115
2013-01-04 21:42:00,0.0,-1.0115
2013-01-04 21:43:00,0.0,-1.0115
2013-01-04 21:44:00,0.0,-1.0115
2013-01-04 21:45:00,0.0,-1.0115
2013-01-04 21:46:00,0.0,-1.0115
2013-01-04 21:47:00,0.0,-1.0115
2013-01-04 21:48:00,0.0,-1.0115
2013-01-04 21:49:00,0.0,-1.0115
2013-01-04 21:50:00,0.0,-1.0115
2013-01-04 21:51:00,0.0,-1.0115
2013-01-04 21:52:00,0.0,-1.0115
2013-01-04 21:53:00,0.0,-1.0115
2013-01-04 21:54:00,0.0,-1.0115
2013-01-04 21:55:00,0.0,-1.0115
2013-01-04 21:56:00,0.0,-1.0115
2013-01-04 21:57:00,0.0,-1.0115
2013-01-04 21:58:00,0.0,-1.0115
2013-01-04 21:59:00,0.0,-1.0115
2013-01-04 22:00:00,0.0,-1.208
2013-01-04 22:01:00,0.0,-1.3205
2013-01-04 22:02:00,0.0,-1.4045
2013-01-04 22:03:00,0.0,-1.601
2013-01-04 22:04:00,0.0,-1.6855
2013-01-04 22:05:00,0.0,-1.6855
2013-01-04 22:06:00,0.0,-1.6855
2013-01-04 22:07:00,0.0,-1.6855
2013-01-04 22:08:00,0.0,-1.6855
2013-01-04 22:09:00,0.0,-1.6855
2013-01-04 22:10:00,0.0,-1.6855
2013-01-04 22:11:00,0.0,-1.6855
2013-01-04 22:12:00,0.0,-1.6855
2013-01-04 22:13:00,0.0,-1.6575
2013-01-04 22:14:00,0.0,-1.517
2013-01-04 22:15:00,0.0,-1.545
2013-01-04 22:16:00,0.0,-1.489
2013-01-04 22:17:00,0.0,-1.3765
2013-01-04 22:18:00,0.0,-1.3765
2013-01-04 22:19:00,0.0,-1.4045
2013-01-04 22:20:00,0.0,-1.4605
2013-01-04 22:21:00,0.0,-1.601
2013-01-04 22:22:00,0.0,-1.6575
2013-01-04 22:23:00,0.0,-1.6575
2013-01-04 22:24:00,0.0,-1.3765
2013-01-04 22:25:00,0.0,-1.3485
2013-01-04 22:26:00,0.0,-1.236
2013-01-04 22:27:00,0.0,-1.0675
2013-01-04 22:28:00,0.0,-1.0115
2013-01-04 22:29:00,0.0,-1.0395
2013-01-04 22:30:00,0.0,-1.0675
2013-01-04 22:31:00,0.0,-1.0675
2013-01-04 22:32:00,0.0,-1.0395
2013-01-04 22:33:00,0.0,-1.0115
2013-01-04 22:34:00,0.0,-1.0115
2013-01-04 22:35:00,0.0,-1.011
2013-01-04 22:36:00,0.0,-1.011
2013-01-04 22:37:00,0.0,-1.011
2013-01-04 22:38:00,0.0,-1.011
2013-01-04 22:39:00,0.0,-1.011
2013-01-04 22:40:00,0.0,-1.011
2013-01-04 22:41:00,0.0,-1.011
2013-01-04 22:42:00,0.0,-1.011
2013-01-04 22:43:00,0.0,-1.236
2013-01-04 22:44:00,0.0,-1.3485
2013-01-04 22:45:00,0.0,-1.32
2013-01-04 22:46:00,0.0,-1.18
2013-01-04 22:47:00,0.0,-1.0675
2013-01-04 22:48:00,0.0,-1.011
2013-01-04 22:49:00,0.0,-1.011
2013-01-04 22:50:00,0.0,-1.1235
2013-01-04 22:51:00,0.0,-1.011
2013-01-04 22:52:00,0.0,-1.1235
2013-01-04 22:53:00,0.0,-1.011
2013-01-04 22:54:00,0.0,-1.011
2013-01-04 22:55:00,0.0,-1.011
2013-01-04 22:56:00,0.0,-1.1515
2013-01-04 22:57:00,0.0,-1.011
2013-01-04 22:58:00,0.0,-1.011
2013-01-04 22:59:00,0.0,-1.011
2013-01-04 23:00:00,0.0,-1.011
2013-01-04 23:01:00,0.0,-1.011
2013-01-04 23:02:00,0.0,-1.0675
2013-01-04 23:03:00,0.0,-1.011
2013-01-04 23:04:00,0.0,-1.011
2013-01-04 23:05:00,0.0,-1.011
2013-01-04 23:06:00,0.0,-1.011
2013-01-04 23:07:00,0.0,-1.011
2013-01-04 23:08:00,0.0,-1.236
2013-01-04 23:09:00,0.0,-1.32
2013-01-04 23:10:00,0.0,-1.3485
2013-01-04 23:11:00,0.0,-1.208
2013-01-04 23:12:00,0.0,-1.3485
2013-01-04 23:13:00,0.0,-1.1235
2013-01-04 23:14:00,0.0,-1.011
2013-01-04 23:15:00,0.0,-1.011
2013-01-04 23:16:00,0.0,-1.011
2013-01-04 23:17:00,0.0,-1.011
2013-01-04 23:18:00,0.0,-1.011
2013-01-04 23:19:00,0.0,-1.011
2013-01-04 23:20:00,0.0,-1.011
2013-01-04 23:21:00,0.0,-1.011
2013-01-04 23:22:00,0.0,-1.011
2013-01-04 23:23:00,0.0,-1.011
2013-01-04 23:24:00,0.0,-1.011
2013-01-04 23:25:00,0.0,-1.011
2013-01-04 23:26:00,0.0,-1.011
2013-01-04 23:27:00,0.0,-1.011
2013-01-04 23:28:00,0.0,-1.264
2013-01-04 23:29:00,0.0,-1.264
2013-01-04 23:30:00,0.0,-1.3485
2013-01-04 23:31:00,0.0,-1.4045
2013-01-04 23:32:00,0.0,-1.6855
2013-01-04 23:33:00,0.0,-1.6855
2013-01-04 23:34:00,0.0,-1.6855
2013-01-04 23:35:00,0.0,-1.6855
2013-01-04 23:36:00,0.0,-1.6855
2013-01-04 23:37:00,0.0,-1.6855
2013-01-04 23:38:00,0.0,-1.6855
2013-01-04 23:39:00,0.0,-1.6855
2013-01-04 23:40:00,0.0,-1.6855
2013-01-04 23:41:00,0.0,-1.6855
2013-01-04 23:42:00,0.0,-1.6855
2013-01-04 23:43:00,0.0,-1.6855
2013-01-04 23:44:00,0.0,-1.6855
2013-01-04 23:45:00,0.0,-1.6855
2013-01-04 23:46:00,0.0,-1.6855
2013-01-04 23:47:00,0.0,-1.6855
2013-01-04 23:48:00,0.0,-1.7695
2013-01-04 23:49:00,0.0,-2.247
2013-01-04 23:50:00,0.0,-2.3595
2013-01-04 23:51:00,0.0,-2.3595
2013-01-04 23:52:00,0.0,-2.3595
2013-01-04 23:53:00,0.0,-2.3595
2013-01-04 23:54:00,0.0,-2.3595
2013-01-04 23:55:00,0.0,-2.3595
2013-01-04 23:56:00,0.0,-2.3595
2013-01-04 23:57:00,0.0,-2.3875
2013-01-04 23:58:00,0.0,-2.3595
2013-01-04 23:59:00,0.0,-2.3595
2013-01-05 00:00:00,0.0,-2.3595
2013-01-05 00:01:00,0.0,-2.3595
2013-01-05 00:02:00,0.0,-2.3595
2013-01-05 00:03:00,0.0,-2.3595
2013-01-05 00:04:00,0.0,-2.2755
2013-01-05 00:05:00,0.0,-1.882
2013-01-05 00:06:00,0.0,-1.6855
2013-01-05 00:07:00,0.0,-1.6855
2013-01-05 00:08:00,0.0,-1.6855
2013-01-05 00:09:00,0.0,-1.4045
2013-01-05 00:10:00,0.0,-1.292
2013-01-05 00:11:00,0.0,-1.152
2013-01-05 00:12:00,0.0,-1.236
2013-01-05 00:13:00,0.0,-1.3205
2013-01-05 00:14:00,0.0,-1.3205
2013-01-05 00:15:00,0.0,-1.208
2013-01-05 00:16:00,0.0,-1.0675
2013-01-05 00:17:00,0.0,-1.0115
2013-01-05 00:18:00,0.0,-1.0115
2013-01-05 00:19:00,0.0,-1.0115
2013-01-05 00:20:00,0.0,-1.0115
2013-01-05 00:21:00,0.0,-1.0115
2013-01-05 00:22:00,0.0,-1.0115
2013-01-05 00:23:00,0.0,-1.0115
2013-01-05 00:24:00,0.0,-1.0115
2013-01-05 00:25:00,0.0,-1.0115
2013-01-05 00:26:00,0.0,-1.0115
2013-01-05 00:27:00,0.0,-1.0115
2013-01-05 00:28:00,0.0,-1.0955
2013-01-05 00:29:00,0.0,-1.0675
2013-01-05 00:30:00,0.0,-1.0115
2013-01-05 00:31:00,0.0,-1.0115
2013-01-05 00:32:00,0.0,-1.0115
2013-01-05 00:33:00,0.0,-1.0115
2013-01-05 00:34:00,0.0,-1.0115
2013-01-05 00:35:00,0.0,-1.0115
2013-01-05 00:36:00,0.0,-1.0115
2013-01-05 00:37:00,0.0,-1.0115
2013-01-05 00:38:00,0.0,-1.0115
2013-01-05 00:39:00,0.0,-1.0115
2013-01-05 00:40:00,0.0,-1.0115
2013-01-05 00:41:00,0.0,-1.0115
2013-01-05 00:42:00,0.0,-1.0115
2013-01-05 00:43:00,0.0,-1.0115
2013-01-05 00:44:00,0.0,-1.0115
2013-01-05 00:45:00,0.0,-1.0115
2013-01-05 00:46:00,0.0,-1.0115
2013-01-05 00:47:00,0.0,-1.0115
2013-01-05 00:48:00,0.0,-1.0115
2013-01-05 00:49:00,0.0,-1.2925
2013-01-05 00:50:00,0.0,-1.5735
2013-01-05 00:51:00,0.0,-1.686
2013-01-05 00:52:00,0.0,-1.686
2013-01-05 00:53:00,0.0,-1.686
2013-01-05 00:54:00,0.0,-1.686
2013-01-05 00:55:00,0.0,-1.686
2013-01-05 00:56:00,0.0,-1.686
2013-01-05 00:57:00,0.0,-1.686
2013-01-05 00:58:00,0.0,-1.5455
2013-01-05 00:59:00,0.0,-1.3485
2013-01-05 01:00:00,0.0,-1.2645
2013-01-05 01:01:00,0.0,-1.096
2013-01-05 01:02:00,0.0,-1.068
2013-01-05 01:03:00,0.0,-1.0395
2013-01-05 01:04:00,0.0,-1.0115
2013-01-05 01:05:00,0.0,-1.0115
2013-01-05 01:06:00,0.0,-1.0115
2013-01-05 01:07:00,0.0,-1.0115
2013-01-05 01:08:00,0.0,-1.3205
2013-01-05 01:09:00,0.0,-1.686
2013-01-05 01:10:00,0.0,-1.658
2013-01-05 01:11:00,0.0,-1.3485
2013-01-05 01:12:00,0.0,-1.405
2013-01-05 01:13:00,0.0,-1.686
2013-01-05 01:14:00,0.0,-1.686
2013-01-05 01:15:00,0.0,-1.686
2013-01-05 01:16:00,0.0,-1.686
2013-01-05 01:17:00,0.0,-1.686
2013-01-05 01:18:00,0.0,-1.686
2013-01-05 01:19:00,0.0,-1.686
2013-01-05 01:20:00,0.0,-1.686
2013-01-05 01:21:00,0.0,-1.686
2013-01-05 01:22:00,0.0,-1.658
2013-01-05 01:23:00,0.0,-1.686
2013-01-05 01:24:00,0.0,-1.5175
2013-01-05 01:25:00,0.0,-1.3485
2013-01-05 01:26:00,0.0,-1.3485
2013-01-05 01:27:00,0.0,-1.3485
2013-01-05 01:28:00,0.0,-1.124
2013-01-05 01:29:00,0.0,-1.0115
2013-01-05 01:30:00,0.0,-1.0115
2013-01-05 01:31:00,0.0,-1.0115
2013-01-05 01:32:00,0.0,-1.0115
2013-01-05 01:33:00,0.0,-1.0115
2013-01-05 01:34:00,0.0,-1.0115
2013-01-05 01:35:00,0.0,-1.0115
2013-01-05 01:36:00,0.0,-1.0115
2013-01-05 01:37:00,0.0,-1.0115
2013-01-05 01:38:00,0.0,-1.0115
2013-01-05 01:39:00,0.0,-1.0115
2013-01-05 01:40:00,0.0,-1.0115
2013-01-05 01:41:00,0.0,-1.0115
2013-01-05 01:42:00,0.0,-1.0115
2013-01-05 01:43:00,0.0,-1.0115
2013-01-05 01:44:00,0.0,-1.0115
2013-01-05 01:45:00,0.0,-1.0115
2013-01-05 01:46:00,0.0,-1.0115
2013-01-05 01:47:00,0.0,-1.0115
2013-01-05 01:48:00,0.0,-1.0115
2013-01-05 01:49:00,0.0,-1.0115
2013-01-05 01:50:00,0.0,-1.0115
2013-01-05 01:51:00,0.0,-1.0115
2013-01-05 01:52:00,0.0,-1.2365
2013-01-05 01:53:00,0.0,-1.3485
2013-01-05 01:54:00,0.0,-1.3205
2013-01-05 01:55:00,0.0,-1.3485
2013-01-05 01:56:00,0.0,-1.2925
2013-01-05 01:57:00,0.0,-1.0115
2013-01-05 01:58:00,0.0,-1.0115
2013-01-05 01:59:00,0.0,-1.0115
2013-01-05 02:00:00,0.0,-1.0115
2013-01-05 02:01:00,0.0,-1.0115
2013-01-05 02:02:00,0.0,-1.0115
2013-01-05 02:03:00,0.0,-1.0115
2013-01-05 02:04:00,0.0,-1.0115
2013-01-05 02:05:00,0.0,-1.0115
2013-01-05 02:06:00,0.0,-1.0115
2013-01-05 02:07:00,0.0,-1.0115
2013-01-05 02:08:00,0.0,-1.0115
2013-01-05 02:09:00,0.0,-1.0115
2013-01-05 02:10:00,0.0,-1.0115
2013-01-05 02:11:00,0.0,-1.0115
2013-01-05 02:12:00,0.0,-1.0115
2013-01-05 02:13:00,0.0,-1.0115
2013-01-05 02:14:00,0.0,-1.0115
2013-01-05 02:15:00,0.0,-1.0115
2013-01-05 02:16:00,0.0,-1.0115
2013-01-05 02:17:00,0.0,-1.0115
2013-01-05 02:18:00,0.0,-1.0115
2013-01-05 02:19:00,0.0,-1.0115
2013-01-05 02:20:00,0.0,-1.0115
2013-01-05 02:21:00,0.0,-1.0115
2013-01-05 02:22:00,0.0,-1.0115
2013-01-05 02:23:00,0.0,-1.0115
2013-01-05 02:24:00,0.0,-1.0115
2013-01-05 02:25:00,0.0,-1.0115
2013-01-05 02:26:00,0.0,-1.068
2013-01-05 02:27:00,0.0,-1.0115
2013-01-05 02:28:00,0.0,-1.096
2013-01-05 02:29:00,0.0,-1.096
2013-01-05 02:30:00,0.0,-1.0115
2013-01-05 02:31:00,0.0,-1.0115
2013-01-05 02:32:00,0.0,-1.0115
2013-01-05 02:33:00,0.0,-1.0115
2013-01-05 02:34:00,0.0,-1.0115
2013-01-05 02:35:00,0.0,-1.0115
2013-01-05 02:36:00,0.0,-1.0115
2013-01-05 02:37:00,0.0,-1.0115
2013-01-05 02:38:00,0.0,-1.0115
2013-01-05 02:39:00,0.0,-1.0115
2013-01-05 02:40:00,0.0,-1.0115
2013-01-05 02:41:00,0.0,-1.0115
2013-01-05 02:42:00,0.0,-1.0115
2013-01-05 02:43:00,0.0,-1.068
2013-01-05 02:44:00,0.0,-1.0115
2013-01-05 02:45:00,0.0,-1.0115
2013-01-05 02:46:00,0.0,-1.0115
2013-01-05 02:47:00,0.0,-1.0115
2013-01-05 02:48:00,0.0,-1.0115
2013-01-05 02:49:00,0.0,-1.0115
2013-01-05 02:50:00,0.0,-1.0115
2013-01-05 02:51:00,0.0,-1.0115
2013-01-05 02:52:00,0.0,-1.0115
2013-01-05 02:53:00,0.0,-1.0115
2013-01-05 02:54:00,0.0,-1.0115
2013-01-05 02:55:00,0.0,-1.0115
2013-01-05 02:56:00,0.0,-1.0115
2013-01-05 02:57:00,0.0,-1.0115
2013-01-05 02:58:00,0.0,-1.0115
2013-01-05 02:59:00,0.0,-1.068
2013-01-05 03:00:00,0.0,-1.0115
2013-01-05 03:01:00,0.0,-1.0115
2013-01-05 03:02:00,0.0,-1.0115
2013-01-05 03:03:00,0.0,-1.0115
2013-01-05 03:04:00,0.0,-1.0115
2013-01-05 03:05:00,0.0,-1.0115
2013-01-05 03:06:00,0.0,-1.0115
2013-01-05 03:07:00,0.0,-1.0115
2013-01-05 03:08:00,0.0,-1.0115
2013-01-05 03:09:00,0.0,-1.0115
2013-01-05 03:10:00,0.0,-1.0115
2013-01-05 03:11:00,0.0,-1.0115
2013-01-05 03:12:00,0.0,-1.0115
2013-01-05 03:13:00,0.0,-1.068
2013-01-05 03:14:00,0.0,-1.0115
2013-01-05 03:15:00,0.0,-1.0115
2013-01-05 03:16:00,0.0,-1.0115
2013-01-05 03:17:00,0.0,-1.18
2013-01-05 03:18:00,0.0,-1.068
2013-01-05 03:19:00,0.0,-1.2645
2013-01-05 03:20:00,0.0,-1.349
2013-01-05 03:21:00,0.0,-1.2365
2013-01-05 03:22:00,0.0,-1.152
2013-01-05 03:23:00,0.0,-1.18
2013-01-05 03:24:00,0.0,-1.3485
2013-01-05 03:25:00,0.0,-1.3485
2013-01-05 03:26:00,0.0,-1.3485
2013-01-05 03:27:00,0.0,-1.3485
2013-01-05 03:28:00,0.0,-1.3485
2013-01-05 03:29:00,0.0,-1.377
2013-01-05 03:30:00,0.0,-1.377
2013-01-05 03:31:00,0.0,-1.405
2013-01-05 03:32:00,0.0,-1.5175
2013-01-05 03:33:00,0.0,-1.658
2013-01-05 03:34:00,0.0,-1.686
2013-01-05 03:35:00,0.0,-1.6015
2013-01-05 03:36:00,0.0,-1.5455
2013-01-05 03:37:00,0.0,-1.5175
2013-01-05 03:38:00,0.0,-1.405
2013-01-05 03:39:00,0.0,-1.461
2013-01-05 03:40:00,0.0,-1.377
2013-01-05 03:41:00,0.0,-1.405
2013-01-05 03:42:00,0.0,-1.377
2013-01-05 03:43:00,0.0,-1.377
2013-01-05 03:44:00,0.0,-1.3485
2013-01-05 03:45:00,0.0,-1.3485
2013-01-05 03:46:00,0.0,-1.3485
2013-01-05 03:47:00,0.0,-1.3485
2013-01-05 03:48:00,0.0,-1.3485
2013-01-05 03:49:00,0.0,-1.405
2013-01-05 03:50:00,0.0,-1.686
2013-01-05 03:51:00,0.0,-1.686
2013-01-05 03:52:00,0.0,-1.686
2013-01-05 03:53:00,0.0,-1.686
2013-01-05 03:54:00,0.0,-1.5175
2013-01-05 03:55:00,0.0,-1.6015
2013-01-05 03:56:00,0.0,-1.5175
2013-01-05 03:57:00,0.0,-1.5735
2013-01-05 03:58:00,0.0,-1.405
2013-01-05 03:59:00,0.0,-1.3485
2013-01-05 04:00:00,0.0,-1.3485
2013-01-05 04:01:00,0.0,-1.124
2013-01-05 04:02:00,0.0,-1.0115
2013-01-05 04:03:00,0.0,-1.0115
2013-01-05 04:04:00,0.0,-1.0115
2013-01-05 04:05:00,0.0,-1.0115
2013-01-05 04:06:00,0.0,-1.0115
2013-01-05 04:07:00,0.0,-1.0115
2013-01-05 04:08:00,0.0,-1.0115
2013-01-05 04:09:00,0.0,-1.0115
2013-01-05 04:10:00,0.0,-1.0115
2013-01-05 04:11:00,0.0,-1.0115
2013-01-05 04:12:00,0.0,-1.3205
2013-01-05 04:13:00,0.0,-1.686
2013-01-05 04:14:00,0.0,-1.686
2013-01-05 04:15:00,0.0,-1.77
2013-01-05 04:16:00,0.0,-2.023
2013-01-05 04:17:00,0.0,-2.023
2013-01-05 04:18:00,0.0,-2.023
2013-01-05 04:19:00,0.0,-1.8825
2013-01-05 04:20:00,0.0,-1.686
2013-01-05 04:21:00,0.0,-1.686
2013-01-05 04:22:00,0.0,-1.686
2013-01-05 04:23:00,0.0,-1.686
2013-01-05 04:24:00,0.0,-1.686
2013-01-05 04:25:00,0.0,-1.686
2013-01-05 04:26:00,0.0,-1.5175
2013-01-05 04:27:00,0.0,-1.3485
2013-01-05 04:28:00,0.0,-1.3485
2013-01-05 04:29:00,0.0,-1.0395
2013-01-05 04:30:00,0.0,-1.0115
2013-01-05 04:31:00,0.0,-1.0115
2013-01-05 04:32:00,0.0,-1.0115
2013-01-05 04:33:00,0.0,-1.0115
2013-01-05 04:34:00,0.0,-1.0115
2013-01-05 04:35:00,0.0,-1.0115
2013-01-05 04:36:00,0.0,-1.0115
2013-01-05 04:37:00,0.0,-1.0115
2013-01-05 04:38:00,0.0,-1.0115
2013-01-05 04:39:00,0.0,-1.0115
2013-01-05 04:40:00,0.0,-1.0115
2013-01-05 04:41:00,0.0,-1.0115
2013-01-05 04:42:00,0.0,-1.0115
2013-01-05 04:43:00,0.0,-1.0115
2013-01-05 04:44:00,0.0,-1.0115
2013-01-05 04:45:00,0.0,-1.0115
2013-01-05 04:46:00,0.0,-1.0115
2013-01-05 04:47:00,0.0,-1.2085
2013-01-05 04:48:00,0.0,-1.6015
2013-01-05 04:49:00,0.0,-1.686
2013-01-05 04:50:00,0.0,-1.686
2013-01-05 04:51:00,0.0,-1.714
2013-01-05 04:52:00,0.0,-1.686
2013-01-05 04:53:00,0.0,-1.686
2013-01-05 04:54:00,0.0,-1.686
2013-01-05 04:55:00,0.0,-1.686
2013-01-05 04:56:00,0.0,-1.686
2013-01-05 04:57:00,0.0,-1.686
2013-01-05 04:58:00,0.0,-1.686
2013-01-05 04:59:00,0.0,-1.686
2013-01-05 05:00:00,0.0,-1.5175
2013-01-05 05:01:00,0.0,-1.489
2013-01-05 05:02:00,0.0,-1.349
2013-01-05 05:03:00,0.0,-1.349
2013-01-05 05:04:00,0.0,-1.068
2013-01-05 05:05:00,0.0,-1.0115
2013-01-05 05:06:00,0.0,-1.0115
2013-01-05 05:07:00,0.0,-1.0115
2013-01-05 05:08:00,0.0,-1.0115
2013-01-05 05:09:00,0.0,-1.0115
2013-01-05 05:10:00,0.0,-1.0115
2013-01-05 05:11:00,0.0,-1.0115
2013-01-05 05:12:00,0.0,-1.0115
2013-01-05 05:13:00,0.0,-1.0115
2013-01-05 05:14:00,0.0,-1.0115
2013-01-05 05:15:00,0.0,-1.0115
2013-01-05 05:16:00,0.0,-1.152
2013-01-05 05:17:00,0.0,-1.0395
2013-01-05 05:18:00,0.0,-1.2365
2013-01-05 05:19:00,0.0,-1.096
2013-01-05 05:20:00,0.0,-1.0115
2013-01-05 05:21:00,0.0,-1.0115
2013-01-05 05:22:00,0.0,-1.0115
2013-01-05 05:23:00,0.0,-1.0115
2013-01-05 05:24:00,0.0,-1.0115
2013-01-05 05:25:00,0.0,-1.0115
2013-01-05 05:26:00,0.0,-1.0115
2013-01-05 05:27:00,0.0,-1.0115
2013-01-05 05:28:00,0.0,-1.0115
2013-01-05 05:29:00,0.0,-1.0115
2013-01-05 05:30:00,0.0,-1.0115
2013-01-05 05:31:00,0.0,-1.0115
2013-01-05 05:32:00,0.0,-1.0115
2013-01-05 05:33:00,0.0,-1.0115
2013-01-05 05:34:00,0.0,-1.0115
2013-01-05 05:35:00,0.0,-1.0115
2013-01-05 05:36:00,0.0,-1.0115
2013-01-05 05:37:00,0.0,-1.0115
2013-01-05 05:38:00,0.0,-1.0115
2013-01-05 05:39:00,0.0,-1.0115
2013-01-05 05:40:00,0.0,-1.0115
2013-01-05 05:41:00,0.0,-1.0115
2013-01-05 05:42:00,0.0,-1.0115
2013-01-05 05:43:00,0.0,-1.0115
2013-01-05 05:44:00,0.0,-1.0115
2013-01-05 05:45:00,0.0,-1.068
2013-01-05 05:46:00,0.0,-1.349
2013-01-05 05:47:00,0.0,-1.321
2013-01-05 05:48:00,0.0,-1.1805
2013-01-05 05:49:00,0.0,-1.2645
2013-01-05 05:50:00,0.0,-1.349
2013-01-05 05:51:00,0.0,-1.293
2013-01-05 05:52:00,0.0,-1.1525
2013-01-05 05:53:00,0.0,-1.04
2013-01-05 05:54:00,0.0,-1.012
2013-01-05 05:55:00,0.0,-1.04
2013-01-05 05:56:00,0.0,-1.265
2013-01-05 05:57:00,0.0,-1.012
2013-01-05 05:58:00,0.0,-1.012
2013-01-05 05:59:00,0.0,-1.012
2013-01-05 06:00:00,0.0,-1.012
2013-01-05 06:01:00,0.0,-1.012
2013-01-05 06:02:00,0.0,-1.012
2013-01-05 06:03:00,0.0,-1.012
2013-01-05 06:04:00,0.0,-1.012
2013-01-05 06:05:00,0.0,-1.012
2013-01-05 06:06:00,0.0,-1.012
2013-01-05 06:07:00,0.0,-1.012
2013-01-05 06:08:00,0.0,-1.012
2013-01-05 06:09:00,0.0,-1.012
2013-01-05 06:10:00,0.0,-1.012
2013-01-05 06:11:00,0.0,-1.012
2013-01-05 06:12:00,0.0,-1.012
2013-01-05 06:13:00,0.0,-1.012
2013-01-05 06:14:00,0.0,-1.012
2013-01-05 06:15:00,0.0,-1.012
2013-01-05 06:16:00,0.0,-1.012
2013-01-05 06:17:00,0.0,-1.012
2013-01-05 06:18:00,0.0,-1.012
2013-01-05 06:19:00,0.0,-1.293
2013-01-05 06:20:00,0.0,-1.349
2013-01-05 06:21:00,0.0,-1.349
2013-01-05 06:22:00,0.0,-1.349
2013-01-05 06:23:00,0.0,-1.349
2013-01-05 06:24:00,0.0,-1.096
2013-01-05 06:25:00,0.0,-1.012
2013-01-05 06:26:00,0.0,-1.012
2013-01-05 06:27:00,0.0,-1.012
2013-01-05 06:28:00,0.0,-1.012
2013-01-05 06:29:00,0.0,-1.012
2013-01-05 06:30:00,0.0,-1.012
2013-01-05 06:31:00,0.0,-1.012
2013-01-05 06:32:00,0.0,-1.012
2013-01-05 06:33:00,0.0,-1.012
2013-01-05 06:34:00,0.0,-1.012
2013-01-05 06:35:00,0.0,-1.012
2013-01-05 06:36:00,0.0,-1.012
2013-01-05 06:37:00,0.0,-1.012
2013-01-05 06:38:00,0.0,-1.012
2013-01-05 06:39:00,0.0,-1.012
2013-01-05 06:40:00,0.0,-1.012
2013-01-05 06:41:00,0.0,-1.012
2013-01-05 06:42:00,0.0,-1.012
2013-01-05 06:43:00,0.0,-1.012
2013-01-05 06:44:00,0.0,-1.012
2013-01-05 06:45:00,0.0,-1.012
2013-01-05 06:46:00,0.0,-1.012
2013-01-05 06:47:00,0.0,-1.012
2013-01-05 06:48:00,0.0,-1.012
2013-01-05 06:49:00,0.0,-1.012
2013-01-05 06:50:00,0.0,-1.012
2013-01-05 06:51:00,0.0,-1.2085
2013-01-05 06:52:00,0.0,-1.377
2013-01-05 06:53:00,0.0,-1.349
2013-01-05 06:54:00,0.0,-1.349
2013-01-05 06:55:00,0.0,-1.3385
2013-01-05 06:56:00,0.0,-1.216
2013-01-05 06:57:00,0.0,-1.0895
2013-01-05 06:58:00,0.0,-0.8720000000000001
2013-01-05 06:59:00,0.0,-0.76
2013-01-05 07:00:00,0.0,-0.76
2013-01-05 07:01:00,0.0,-0.7595000000000001
2013-01-05 07:02:00,0.0,-0.7595000000000001
2013-01-05 07:03:00,0.0,-0.6965000000000001
2013-01-05 07:04:00,0.0,-0.6335000000000001
2013-01-05 07:05:00,0.0,-0.6335000000000001
2013-01-05 07:06:00,0.0,-0.5705
2013-01-05 07:07:00,0.0,-0.38150000000000006
2013-01-05 07:08:00,0.0,-0.07250000000000001
2013-01-05 07:09:00,0.0,0.16549999999999998
2013-01-05 07:10:00,0.0,0.20750000000000002
2013-01-05 07:11:00,0.0,0.667
2013-01-05 07:12:00,0.0,1.1059999999999999
2013-01-05 07:13:00,0.0,1.3545
2013-01-05 07:14:00,0.0,1.579
2013-01-05 07:15:00,0.0,2.2845
2013-01-05 07:16:00,0.0,2.47
2013-01-05 07:17:00,0.0,2.6165
2013-01-05 07:18:00,0.0,2.8160000000000003
2013-01-05 07:19:00,0.0,3.198
2013-01-05 07:20:00,0.0,3.5940000000000003
2013-01-05 07:21:00,0.0,3.8145
2013-01-05 07:22:00,0.0,4.186
2013-01-05 07:23:00,0.0,5.382
2013-01-05 07:24:00,10.44,13.305
2013-01-05 07:25:00,3.252,34.82
2013-01-05 07:26:00,3.265,59.97
2013-01-05 07:27:00,6.525,73.96000000000001
2013-01-05 07:28:00,12.02,81.19999999999999
2013-01-05 07:29:00,90.4,86.1
2013-01-05 07:30:00,98.9,95.65
2013-01-05 07:31:00,122.4,105.4
2013-01-05 07:32:00,126.6,113.4
2013-01-05 07:33:00,129.8,120.25
2013-01-05 07:34:00,155.6,128.45
2013-01-05 07:35:00,163.1,137.15
2013-01-05 07:36:00,167.7,146.4
2013-01-05 07:37:00,191.1,156.60000000000002
2013-01-05 07:38:00,199.0,165.2
2013-01-05 07:39:00,207.0,172.05
2013-01-05 07:40:00,217.4,179.9
2013-01-05 07:41:00,217.2,186.9
2013-01-05 07:42:00,222.7,193.7
2013-01-05 07:43:00,239.7,201.0
2013-01-05 07:44:00,253.8,207.75
2013-01-05 07:45:00,253.6,214.95
2013-01-05 07:46:00,274.4,222.85000000000002
2013-01-05 07:47:00,290.5,229.8
2013-01-05 07:48:00,290.0,236.55
2013-01-05 07:49:00,307.1,242.35
2013-01-05 07:50:00,323.6,249.4
2013-01-05 07:51:00,325.6,256.5
2013-01-05 07:52:00,338.1,263.4
2013-01-05 07:53:00,357.2,269.9
2013-01-05 07:54:00,362.3,275.05
2013-01-05 07:55:00,364.7,280.85
2013-01-05 07:56:00,382.5,286.29999999999995
2013-01-05 07:57:00,397.9,293.65
2013-01-05 07:58:00,400.3,299.35
2013-01-05 07:59:00,417.0,304.25
2013-01-05 08:00:00,432.5,309.75
2013-01-05 08:01:00,434.3,314.75
2013-01-05 08:02:00,441.9,320.1
2013-01-05 08:03:00,455.6,325.3
2013-01-05 08:04:00,470.9,330.55
2013-01-05 08:05:00,472.2,336.75
2013-01-05 08:06:00,488.9,342.25
2013-01-05 08:07:00,502.6,348.0
2013-01-05 08:08:00,506.4,355.2
2013-01-05 08:09:00,522.6,360.45
2013-01-05 08:10:00,537.4,366.1
2013-01-05 08:11:00,542.9,371.95000000000005
2013-01-05 08:12:00,548.2,377.25
2013-01-05 08:13:00,562.3,382.35
2013-01-05 08:14:00,578.3,387.75
2013-01-05 08:15:00,579.2,392.29999999999995
2013-01-05 08:16:00,580.6,397.95000000000005
2013-01-05 08:17:00,596.0,403.2
2013-01-05 08:18:00,599.3,408.7
2013-01-05 08:19:00,608.2,413.6
2013-01-05 08:20:00,615.4,419.3
2013-01-05 08:21:00,618.7,424.4
2013-01-05 08:22:00,633.3,429.15
2013-01-05 08:23:00,647.5,435.35
2013-01-05 08:24:00,651.8,439.70000000000005
2013-01-05 08:25:00,655.0,444.9
2013-01-05 08:26:00,672.4,449.8
2013-01-05 08:27:00,685.9,454.6
2013-01-05 08:28:00,689.1,460.0
2013-01-05 08:29:00,703.8,465.0
2013-01-05 08:30:00,711.7,469.75
2013-01-05 08:31:00,708.5,474.7
2013-01-05 08:32:00,711.3,479.65
2013-01-05 08:33:00,724.5,483.3
2013-01-05 08:34:00,726.0,488.0
2013-01-05 08:35:00,744.3,493.1
2013-01-05 08:36:00,745.1,497.4
2013-01-05 08:37:00,762.6,502.35
2013-01-05 08:38:00,763.4,506.29999999999995
2013-01-05 08:39:00,772.0,510.9
2013-01-05 08:40:00,793.4,515.25
2013-01-05 08:41:00,794.8,519.8
2013-01-05 08:42:00,803.0,524.65
2013-01-05 08:43:00,808.0,529.0
2013-01-05 08:44:00,823.0,533.95
2013-01-05 08:45:00,834.0,539.0
2013-01-05 08:46:00,834.0,543.85
2013-01-05 08:47:00,851.0,547.5
2013-01-05 08:48:00,856.0,552.0
2013-01-05 08:49:00,864.0,556.4000000000001
2013-01-05 08:50:00,870.0,560.45
2013-01-05 08:51:00,873.0,564.35
2013-01-05 08:52:00,888.0,567.8
2013-01-05 08:53:00,895.0,571.55
2013-01-05 08:54:00,901.0,575.6500000000001
2013-01-05 08:55:00,906.0,579.6
2013-01-05 08:56:00,907.0,583.45
2013-01-05 08:57:00,917.0,587.0
2013-01-05 08:58:00,932.0,590.0
2013-01-05 08:59:00,943.0,593.7
2013-01-05 09:00:00,943.0,598.45
2013-01-05 09:01:00,969.0,603.2
2013-01-05 09:02:00,962.0,605.1500000000001
2013-01-05 09:03:00,977.0,609.15
2013-01-05 09:04:00,987.0,612.9
2013-01-05 09:05:00,996.0,616.95
2013-01-05 09:06:00,1010.0,620.85
2013-01-05 09:07:00,1012.0,624.65
2013-01-05 09:08:00,1021.0,628.4000000000001
2013-01-05 09:09:00,1037.0,631.95
2013-01-05 09:10:00,1048.0,635.2
2013-01-05 09:11:00,1055.0,638.3
2013-01-05 09:12:00,1056.0,642.3499999999999
2013-01-05 09:13:00,1062.0,646.0
2013-01-05 09:14:00,1067.0,650.0999999999999
2013-01-05 09:15:00,1075.0,653.0999999999999
2013-01-05 09:16:00,1085.0,656.65
2013-01-05 09:17:00,1087.0,659.6500000000001
2013-01-05 09:18:00,1090.0,662.35
2013-01-05 09:19:00,1108.0,665.3
2013-01-05 09:20:00,1109.0,668.45
2013-01-05 09:21:00,1121.0,671.95
2013-01-05 09:22:00,1125.0,675.4000000000001
2013-01-05 09:23:00,1142.0,678.6
2013-01-05 09:24:00,1136.0,681.9
2013-01-05 09:25:00,1150.0,685.55
2013-01-05 09:26:00,1154.0,688.05
2013-01-05 09:27:00,1157.0,693.4000000000001
2013-01-05 09:28:00,1158.0,695.8
2013-01-05 09:29:00,1170.0,699.15
2013-01-05 09:30:00,1179.0,703.15
2013-01-05 09:31:00,1187.0,706.3
2013-01-05 09:32:00,1190.0,708.95
2013-01-05 09:33:00,1194.0,712.25
2013-01-05 09:34:00,1197.0,715.0999999999999
2013-01-05 09:35:00,1202.0,718.55
2013-01-05 09:36:00,1212.0,721.9000000000001
2013-01-05 09:37:00,1220.0,725.3
2013-01-05 09:38:00,1222.0,728.55
2013-01-05 09:39:00,1227.0,732.4
2013-01-05 09:40:00,1232.0,735.4
2013-01-05 09:41:00,1234.0,738.3
2013-01-05 09:42:00,1234.0,741.45
2013-01-05 09:43:00,1239.0,744.8
2013-01-05 09:44:00,1243.0,747.85
2013-01-05 09:45:00,1246.0,750.4000000000001
2013-01-05 09:46:00,1250.0,753.4
2013-01-05 09:47:00,1257.0,756.7
2013-01-05 09:48:00,1261.0,759.5
2013-01-05 09:49:00,1267.0,763.2
2013-01-05 09:50:00,1266.0,765.65
2013-01-05 09:51:00,1271.0,769.3
2013-01-05 09:52:00,1262.0,771.0
2013-01-05 09:53:00,1280.0,773.75
2013-01-05 09:54:00,1284.0,776.65
2013-01-05 09:55:00,1297.0,780.8
2013-01-05 09:56:00,1295.0,782.85
2013-01-05 09:57:00,1295.0,786.1
2013-01-05 09:58:00,1299.0,788.65
2013-01-05 09:59:00,1311.0,791.25
2013-01-05 10:00:00,1306.0,793.1
2013-01-05 10:01:00,1317.0,796.75
2013-01-05 10:02:00,1323.0,799.2
2013-01-05 10:03:00,1329.0,802.25
2013-01-05 10:04:00,1334.0,804.9
2013-01-05 10:05:00,1334.0,807.45
2013-01-05 10:06:00,1338.0,809.75
2013-01-05 10:07:00,1346.0,812.95
2013-01-05 10:08:00,1355.0,815.6
2013-01-05 10:09:00,1364.0,819.4
2013-01-05 10:10:00,1376.0,822.45
2013-01-05 10:11:00,1381.0,825.3
2013-01-05 10:12:00,1383.0,827.6
2013-01-05 10:13:00,1387.0,828.75
2013-01-05 10:14:00,1395.0,831.55
2013-01-05 10:15:00,1396.0,834.25
2013-01-05 10:16:00,1398.0,836.2
2013-01-05 10:17:00,1401.0,838.0
2013-01-05 10:18:00,1405.0,840.55
2013-01-05 10:19:00,1407.0,842.4
2013-01-05 10:20:00,1412.0,845.85
2013-01-05 10:21:00,1417.0,849.35
2013-01-05 10:22:00,1420.0,851.7
2013-01-05 10:23:00,1438.0,854.4
2013-01-05 10:24:00,1432.0,855.35
2013-01-05 10:25:00,1435.0,858.0
2013-01-05 10:26:00,1439.0,860.0
2013-01-05 10:27:00,1448.0,862.0
2013-01-05 10:28:00,1455.0,864.5
2013-01-05 10:29:00,1456.0,867.5
2013-01-05 10:30:00,1464.0,869.5
2013-01-05 10:31:00,1464.0,871.5
2013-01-05 10:32:00,1476.0,873.5
2013-01-05 10:33:00,1486.0,875.0
2013-01-05 10:34:00,1492.0,877.5
2013-01-05 10:35:00,1483.0,878.5
2013-01-05 10:36:00,1487.0,881.5
2013-01-05 10:37:00,1489.0,884.0
2013-01-05 10:38:00,1498.0,885.5
2013-01-05 10:39:00,1498.0,887.0
2013-01-05 10:40:00,1491.0,890.0
2013-01-05 10:41:00,1501.0,891.5
2013-01-05 10:42:00,1498.0,893.0
2013-01-05 10:43:00,1498.0,894.5
2013-01-05 10:44:00,1503.0,896.5
2013-01-05 10:45:00,1505.0,898.0
2013-01-05 10:46:00,1505.0,900.0
2013-01-05 10:47:00,1509.0,901.5
2013-01-05 10:48:00,1507.0,902.5
2013-01-05 10:49:00,1511.0,904.0
2013-01-05 10:50:00,1515.0,906.5
2013-01-05 10:51:00,1517.0,908.0
2013-01-05 10:52:00,1517.0,910.5
2013-01-05 10:53:00,1535.0,912.0
2013-01-05 10:54:00,1542.0,913.5
2013-01-05 10:55:00,1542.0,915.5
2013-01-05 10:56:00,1534.0,916.5
2013-01-05 10:57:00,1531.0,918.5
2013-01-05 10:58:00,1536.0,920.5
2013-01-05 10:59:00,1538.0,921.0
2013-01-05 11:00:00,1540.0,923.5
2013-01-05 11:01:00,1541.0,925.0
2013-01-05 11:02:00,1546.0,926.0
2013-01-05 11:03:00,1553.0,927.0
2013-01-05 11:04:00,1554.0,928.0
2013-01-05 11:05:00,1546.0,928.5
2013-01-05 11:06:00,1551.0,930.0
2013-01-05 11:07:00,1553.0,931.5
2013-01-05 11:08:00,1557.0,933.0
2013-01-05 11:09:00,1560.0,934.0
2013-01-05 11:10:00,1555.0,933.5
2013-01-05 11:11:00,1552.0,935.5
2013-01-05 11:12:00,1548.0,936.5
2013-01-05 11:13:00,1549.0,937.0
2013-01-05 11:14:00,1547.0,937.0
2013-01-05 11:15:00,1548.0,940.0
2013-01-05 11:16:00,1549.0,941.0
2013-01-05 11:17:00,1552.0,941.5
2013-01-05 11:18:00,1556.0,942.5
2013-01-05 11:19:00,1556.0,943.5
2013-01-05 11:20:00,1558.0,944.5
2013-01-05 11:21:00,1569.0,947.5
2013-01-05 11:22:00,1572.0,948.5
2013-01-05 11:23:00,1576.0,948.0
2013-01-05 11:24:00,1562.0,948.0
2013-01-05 11:25:00,1565.0,948.5
2013-01-05 11:26:00,1568.0,950.0
2013-01-05 11:27:00,1574.0,951.5
2013-01-05 11:28:00,1571.0,953.0
2013-01-05 11:29:00,1581.0,953.0
2013-01-05 11:30:00,1586.0,953.5
2013-01-05 11:31:00,1583.0,954.5
2013-01-05 11:32:00,1583.0,956.0
2013-01-05 11:33:00,1590.0,956.5
2013-01-05 11:34:00,1593.0,958.0
2013-01-05 11:35:00,1580.0,959.5
2013-01-05 11:36:00,1579.0,959.5
2013-01-05 11:37:00,1582.0,960.5
2013-01-05 11:38:00,1586.0,961.0
2013-01-05 11:39:00,1597.0,962.5
2013-01-05 11:40:00,1598.0,963.5
2013-01-05 11:41:00,1585.0,964.0
2013-01-05 11:42:00,1598.0,965.0
2013-01-05 11:43:00,1598.0,964.5
2013-01-05 11:44:00,1595.0,965.5
2013-01-05 11:45:00,1598.0,967.0
2013-01-05 11:46:00,1597.0,967.5
2013-01-05 11:47:00,1599.0,966.5
2013-01-05 11:48:00,1594.0,967.0
2013-01-05 11:49:00,1599.0,968.5
2013-01-05 11:50:00,1599.0,968.5
2013-01-05 11:51:00,1599.0,969.0
2013-01-05 11:52:00,1607.0,969.5
2013-01-05 11:53:00,1609.0,970.5
2013-01-05 11:54:00,1609.0,969.5
2013-01-05 11:55:00,1618.0,970.5
2013-01-05 11:56:00,1614.0,971.0
2013-01-05 11:57:00,1610.0,972.0
2013-01-05 11:58:00,1607.0,971.5
2013-01-05 11:59:00,1601.0,972.5
2013-01-05 12:00:00,1609.0,973.0
2013-01-05 12:01:00,1615.0,972.5
2013-01-05 12:02:00,1612.0,971.5
2013-01-05 12:03:00,1614.0,971.5
2013-01-05 12:04:00,1614.0,971.5
2013-01-05 12:05:00,1620.0,973.0
2013-01-05 12:06:00,1618.0,972.0
2013-01-05 12:07:00,1622.0,973.0
2013-01-05 12:08:00,1630.0,972.0
2013-01-05 12:09:00,1632.0,973.0
2013-01-05 12:10:00,1641.0,974.0
2013-01-05 12:11:00,1649.0,974.5
2013-01-05 12:12:00,1654.0,974.0
2013-01-05 12:13:00,1647.0,974.0
2013-01-05 12:14:00,1655.0,975.0
2013-01-05 12:15:00,1653.0,973.0
2013-01-05 12:16:00,1647.0,973.0
2013-01-05 12:17:00,1651.0,972.5
2013-01-05 12:18:00,1655.0,973.5
2013-01-05 12:19:00,1659.0,974.5
2013-01-05 12:20:00,1656.0,973.0
2013-01-05 12:21:00,1647.0,972.5
2013-01-05 12:22:00,1645.0,971.5
2013-01-05 12:23:00,1644.0,971.5
2013-01-05 12:24:00,1653.0,971.0
2013-01-05 12:25:00,1650.0,970.5
2013-01-05 12:26:00,1649.0,970.5
2013-01-05 12:27:00,1644.0,969.5
2013-01-05 12:28:00,1633.0,969.5
2013-01-05 12:29:00,1644.0,969.0
2013-01-05 12:30:00,1638.0,968.0
2013-01-05 12:31:00,1629.0,968.0
2013-01-05 12:32:00,1634.0,968.0
2013-01-05 12:33:00,1649.0,968.0
2013-01-05 12:34:00,1644.0,967.5
2013-01-05 12:35:00,1637.0,967.0
2013-01-05 12:36:00,1632.0,965.5
2013-01-05 12:37:00,1621.0,964.0
2013-01-05 12:38:00,1626.0,962.5
2013-01-05 12:39:00,1634.0,963.0
2013-01-05 12:40:00,1630.0,963.5
2013-01-05 12:41:00,1639.0,962.5
2013-01-05 12:42:00,1644.0,963.5
2013-01-05 12:43:00,1635.0,961.5
2013-01-05 12:44:00,1630.0,960.0
2013-01-05 12:45:00,1619.0,959.0
2013-01-05 12:46:00,1626.0,960.0
2013-01-05 12:47:00,1621.0,959.0
2013-01-05 12:48:00,1614.0,957.5
2013-01-05 12:49:00,1615.0,956.0
2013-01-05 12:50:00,1611.0,955.0
2013-01-05 12:51:00,1609.0,955.0
2013-01-05 12:52:00,1608.0,953.5
2013-01-05 12:53:00,1612.0,952.5
2013-01-05 12:54:00,1605.0,952.0
2013-01-05 12:55:00,1596.0,949.5
2013-01-05 12:56:00,1602.0,948.5
2013-01-05 12:57:00,1598.0,949.0
2013-01-05 12:58:00,1600.0,948.0
2013-01-05 12:59:00,1582.0,946.5
2013-01-05 13:00:00,1584.0,946.0
2013-01-05 13:01:00,1580.0,944.5
2013-01-05 13:02:00,1574.0,943.5
2013-01-05 13:03:00,1577.0,942.5
2013-01-05 13:04:00,1567.0,941.0
2013-01-05 13:05:00,1576.0,940.5
2013-01-05 13:06:00,1576.0,940.0
2013-01-05 13:07:00,1574.0,938.0
2013-01-05 13:08:00,1559.0,937.0
2013-01-05 13:09:00,1575.0,935.5
2013-01-05 13:10:00,1560.0,933.5
2013-01-05 13:11:00,1559.0,933.0
2013-01-05 13:12:00,1554.0,932.0
2013-01-05 13:13:00,1545.0,927.5
2013-01-05 13:14:00,1549.0,926.5
2013-01-05 13:15:00,1545.0,926.0
2013-01-05 13:16:00,1549.0,924.0
2013-01-05 13:17:00,1550.0,924.0
2013-01-05 13:18:00,1542.0,922.5
2013-01-05 13:19:00,1540.0,921.5
2013-01-05 13:20:00,1540.0,919.5
2013-01-05 13:21:00,1533.0,919.0
2013-01-05 13:22:00,1530.0,917.0
2013-01-05 13:23:00,1531.0,914.5
2013-01-05 13:24:00,1518.0,913.0
2013-01-05 13:25:00,1518.0,912.5
2013-01-05 13:26:00,1510.0,911.5
2013-01-05 13:27:00,1519.0,909.5
2013-01-05 13:28:00,1506.0,908.0
2013-01-05 13:29:00,1498.0,906.5
2013-01-05 13:30:00,1497.0,902.5
2013-01-05 13:31:00,1481.0,899.0
2013-01-05 13:32:00,1483.0,896.5
2013-01-05 13:33:00,1475.0,895.0
2013-01-05 13:34:00,1467.0,894.5
2013-01-05 13:35:00,1468.0,893.0
2013-01-05 13:36:00,1469.0,891.0
2013-01-05 13:37:00,1455.0,888.5
2013-01-05 13:38:00,1459.0,886.5
2013-01-05 13:39:00,1446.0,884.0
2013-01-05 13:40:00,1433.0,881.0
2013-01-05 13:41:00,1433.0,879.0
2013-01-05 13:42:00,1429.0,876.0
2013-01-05 13:43:00,1421.0,874.0
2013-01-05 13:44:00,1409.0,872.5
2013-01-05 13:45:00,1420.0,870.5
2013-01-05 13:46:00,1411.0,868.5
2013-01-05 13:47:00,1417.0,865.5
2013-01-05 13:48:00,1408.0,861.85
2013-01-05 13:49:00,1405.0,859.1
2013-01-05 13:50:00,1396.0,856.0
2013-01-05 13:51:00,1382.0,852.65
2013-01-05 13:52:00,1391.0,850.1
2013-01-05 13:53:00,1375.0,847.5
2013-01-05 13:54:00,1387.0,844.05
2013-01-05 13:55:00,1372.0,841.15
2013-01-05 13:56:00,1373.0,839.15
2013-01-05 13:57:00,1370.0,837.55
2013-01-05 13:58:00,1367.0,837.3
2013-01-05 13:59:00,1360.0,833.7
2013-01-05 14:00:00,1346.0,831.2
2013-01-05 14:01:00,1335.0,829.15
2013-01-05 14:02:00,1337.0,826.3
2013-01-05 14:03:00,1333.0,823.15
2013-01-05 14:04:00,1332.0,820.9
2013-01-05 14:05:00,1336.0,818.2
2013-01-05 14:06:00,1323.0,814.55
2013-01-05 14:07:00,1313.0,810.45
2013-01-05 14:08:00,1310.0,806.8
2013-01-05 14:09:00,1299.0,803.3
2013-01-05 14:10:00,1305.0,800.55
2013-01-05 14:11:00,1307.0,796.65
2013-01-05 14:12:00,1309.0,793.4
2013-01-05 14:13:00,1312.0,790.5
2013-01-05 14:14:00,1303.0,788.6
2013-01-05 14:15:00,1294.0,785.0
2013-01-05 14:16:00,1299.0,782.85
2013-01-05 14:17:00,1289.0,779.55
2013-01-05 14:18:00,1284.0,778.4
2013-01-05 14:19:00,1284.0,774.3
2013-01-05 14:20:00,1286.0,771.6
2013-01-05 14:21:00,1268.0,767.7
2013-01-05 14:22:00,1264.0,764.0
2013-01-05 14:23:00,1260.0,761.0
2013-01-05 14:24:00,1258.0,758.45
2013-01-05 14:25:00,1247.0,755.85
2013-01-05 14:26:00,1232.0,751.4
2013-01-05 14:27:00,1227.0,746.95
2013-01-05 14:28:00,1225.0,744.25
2013-01-05 14:29:00,1220.0,742.05
2013-01-05 14:30:00,1211.0,739.25
2013-01-05 14:31:00,1196.0,736.45
2013-01-05 14:32:00,1194.0,732.25
2013-01-05 14:33:00,1185.0,729.4000000000001
2013-01-05 14:34:00,1175.0,726.2
2013-01-05 14:35:00,1171.0,723.25
2013-01-05 14:36:00,1166.0,719.75
2013-01-05 14:37:00,1160.0,717.3
2013-01-05 14:38:00,1151.0,714.55
2013-01-05 14:39:00,1139.0,711.05
2013-01-05 14:40:00,1124.0,707.6
2013-01-05 14:41:00,1119.0,703.75
2013-01-05 14:42:00,1113.0,700.1
2013-01-05 14:43:00,1098.0,695.75
2013-01-05 14:44:00,1081.0,692.2
2013-01-05 14:45:00,1080.0,688.8
2013-01-05 14:46:00,1064.0,684.25
2013-01-05 14:47:00,1050.0,680.6500000000001
2013-01-05 14:48:00,1046.0,678.05
2013-01-05 14:49:00,1033.0,674.6
2013-01-05 14:50:00,1030.0,673.5
2013-01-05 14:51:00,1016.0,668.9
2013-01-05 14:52:00,1010.0,664.5
2013-01-05 14:53:00,994.0,660.8
2013-01-05 14:54:00,981.0,656.05
2013-01-05 14:55:00,972.0,645.0
2013-01-05 14:56:00,965.0,601.95
2013-01-05 14:57:00,944.0,515.65
2013-01-05 14:58:00,938.0,406.55
2013-01-05 14:59:00,935.0,290.8
2013-01-05 15:00:00,923.0,182.95
2013-01-05 15:01:00,917.0,97.4
2013-01-05 15:02:00,900.0,53.405
2013-01-05 15:03:00,901.0,45.4
2013-01-05 15:04:00,901.0,44.97
2013-01-05 15:05:00,885.0,44.97
2013-01-05 15:06:00,875.0,44.97
2013-01-05 15:07:00,867.0,44.96
2013-01-05 15:08:00,851.0,44.79
2013-01-05 15:09:00,854.0,44.625
2013-01-05 15:10:00,845.0,50.905
2013-01-05 15:11:00,830.0,90.70500000000001
2013-01-05 15:12:00,825.0,147.02
2013-01-05 15:13:00,812.0,205.73499999999999
2013-01-05 15:14:00,810.0,263.54
2013-01-05 15:15:00,799.8,350.75
2013-01-05 15:16:00,779.9,477.05
2013-01-05 15:17:00,772.4,557.4
2013-01-05 15:18:00,754.7,564.45
2013-01-05 15:19:00,740.9,561.0
2013-01-05 15:20:00,730.2,554.9000000000001
2013-01-05 15:21:00,717.2,550.2
2013-01-05 15:22:00,701.0,546.4000000000001
2013-01-05 15:23:00,668.6,541.5999999999999
2013-01-05 15:24:00,636.9,538.05
2013-01-05 15:25:00,610.7,534.1500000000001
2013-01-05 15:26:00,613.8,530.6500000000001
2013-01-05 15:27:00,587.1,520.45
2013-01-05 15:28:00,577.2,477.1
2013-01-05 15:29:00,568.1,463.85
2013-01-05 15:30:00,548.2,490.05
2013-01-05 15:31:00,538.9,507.1
2013-01-05 15:32:00,528.2,479.4
2013-01-05 15:33:00,504.4,360.55
2013-01-05 15:34:00,511.8,277.05
2013-01-05 15:35:00,485.6,358.4
2013-01-05 15:36:00,485.9,404.70000000000005
2013-01-05 15:37:00,469.0,310.85
2013-01-05 15:38:00,454.9,288.2
2013-01-05 15:39:00,450.6,390.5
2013-01-05 15:40:00,401.6,434.65
2013-01-05 15:41:00,414.5,460.65
2013-01-05 15:42:00,394.6,452.54999999999995
2013-01-05 15:43:00,361.2,407.4
2013-01-05 15:44:00,395.3,455.55
2013-01-05 15:45:00,366.1,436.9
2013-01-05 15:46:00,361.0,421.85
2013-01-05 15:47:00,303.0,362.05
2013-01-05 15:48:00,160.9,170.8
2013-01-05 15:49:00,96.3,89.8
2013-01-05 15:50:00,124.8,122.65
2013-01-05 15:51:00,97.0,83.2
2013-01-05 15:52:00,82.7,59.7
2013-01-05 15:53:00,93.9,61.925
2013-01-05 15:54:00,90.3,66.01
2013-01-05 15:55:00,113.6,82.455
2013-01-05 15:56:00,139.9,79.595
2013-01-05 15:57:00,196.3,106.80000000000001
2013-01-05 15:58:00,216.2,138.60000000000002
2013-01-05 15:59:00,210.7,242.35
2013-01-05 16:00:00,198.5,357.05
2013-01-05 16:01:00,198.4,353.1
2013-01-05 16:02:00,185.3,352.35
2013-01-05 16:03:00,171.4,329.04999999999995
2013-01-05 16:04:00,135.3,247.05
2013-01-05 16:05:00,107.5,168.2
2013-01-05 16:06:00,104.6,118.725
2013-01-05 16:07:00,156.4,148.165
2013-01-05 16:08:00,152.2,82.02000000000001
2013-01-05 16:09:00,130.7,32.81
2013-01-05 16:10:00,126.4,28.674999999999997
2013-01-05 16:11:00,126.1,27.18
2013-01-05 16:12:00,126.2,26.055
2013-01-05 16:13:00,126.4,25.215
2013-01-05 16:14:00,126.3,24.53
2013-01-05 16:15:00,126.4,23.56
2013-01-05 16:16:00,115.7,23.025
2013-01-05 16:17:00,116.1,22.25
2013-01-05 16:18:00,87.3,21.365000000000002
2013-01-05 16:19:00,51.2,19.905
2013-01-05 16:20:00,23.31,18.805
2013-01-05 16:21:00,15.02,18.27
2013-01-05 16:22:00,5.623,18.115000000000002
2013-01-05 16:23:00,2.281,17.84
2013-01-05 16:24:00,3.032,17.134999999999998
2013-01-05 16:25:00,5.557,16.935
2013-01-05 16:26:00,0.0,16.049999999999997
2013-01-05 16:27:00,6.469,15.594999999999999
2013-01-05 16:28:00,1.631,14.815000000000001
2013-01-05 16:29:00,3.885,14.415
2013-01-05 16:30:00,2.289,13.625
2013-01-05 16:31:00,2.345,13.265
2013-01-05 16:32:00,1.462,12.465
2013-01-05 16:33:00,3.037,11.925
2013-01-05 16:34:00,3.16,11.32
2013-01-05 16:35:00,5.155,10.469999999999999
2013-01-05 16:36:00,3.091,9.765
2013-01-05 16:37:00,5.195,9.0185
2013-01-05 16:38:00,3.057,8.134
2013-01-05 16:39:00,6.389,7.596500000000001
2013-01-05 16:40:00,3.791,6.8315
2013-01-05 16:41:00,0.0,6.6114999999999995
2013-01-05 16:42:00,8.06,5.8485000000000005
2013-01-05 16:43:00,4.056,5.52
2013-01-05 16:44:00,1.392,5.310499999999999
2013-01-05 16:45:00,0.9,4.6165
2013-01-05 16:46:00,0.0,4.3015
2013-01-05 16:47:00,0.0,4.134
2013-01-05 16:48:00,0.0,3.8505000000000003
2013-01-05 16:49:00,0.0,3.4935
2013-01-05 16:50:00,0.0,3.3465
2013-01-05 16:51:00,0.0,3.263
2013-01-05 16:52:00,0.0,3.074
2013-01-05 16:53:00,0.0,2.759
2013-01-05 16:54:00,0.0,2.17
2013-01-05 16:55:00,0.0,2.1075
2013-01-05 16:56:00,0.0,1.929
2013-01-05 16:57:00,0.0,1.8555
2013-01-05 16:58:00,0.0,1.6775
2013-01-05 16:59:00,0.0,1.5094999999999998
2013-01-05 17:00:00,0.0,0.742
2013-01-05 17:01:00,0.0,0.637
2013-01-05 17:02:00,0.0,0.4590000000000001
2013-01-05 17:03:00,0.0,0.20999999999999996
2013-01-05 17:04:00,0.0,-0.16099999999999992
2013-01-05 17:05:00,0.0,-0.371
2013-01-05 17:06:00,0.0,-0.5489999999999999
2013-01-05 17:07:00,0.0,-0.6890000000000001
2013-01-05 17:08:00,0.0,-1.215
2013-01-05 17:09:00,0.0,-1.4044999999999999
2013-01-05 17:10:00,0.0,-1.4044999999999999
2013-01-05 17:11:00,0.0,-1.4044999999999999
2013-01-05 17:12:00,0.0,-1.443
2013-01-05 17:13:00,0.0,-1.5265
2013-01-05 17:14:00,0.0,-1.5579999999999998
2013-01-05 17:15:00,0.0,-1.5579999999999998
2013-01-05 17:16:00,0.0,-1.684
2013-01-05 17:17:00,0.0,-1.684
2013-01-05 17:18:00,0.0,-1.684
2013-01-05 17:19:00,0.0,-1.684
2013-01-05 17:20:00,0.0,-1.684
2013-01-05 17:21:00,0.0,-1.6845
2013-01-05 17:22:00,0.0,-1.6845
2013-01-05 17:23:00,0.0,-1.6845
2013-01-05 17:24:00,0.0,-1.6845
2013-01-05 17:25:00,0.0,-1.6845
2013-01-05 17:26:00,0.0,-1.6845
2013-01-05 17:27:00,0.0,-1.6845
2013-01-05 17:28:00,0.0,-1.6845
2013-01-05 17:29:00,0.0,-1.6845
2013-01-05 17:30:00,0.0,-1.6845
2013-01-05 17:31:00,0.0,-1.6845
2013-01-05 17:32:00,0.0,-1.6845
2013-01-05 17:33:00,0.0,-1.6845
2013-01-05 17:34:00,0.0,-1.6845
2013-01-05 17:35:00,0.0,-1.6845
2013-01-05 17:36:00,0.0,-1.6845
2013-01-05 17:37:00,0.0,-1.6845
2013-01-05 17:38:00,0.0,-1.6845
2013-01-05 17:39:00,0.0,-1.6845
2013-01-05 17:40:00,0.0,-1.6845
2013-01-05 17:41:00,0.0,-1.6845
2013-01-05 17:42:00,0.0,-1.6845
2013-01-05 17:43:00,0.0,-1.6845
2013-01-05 17:44:00,0.0,-1.6845
2013-01-05 17:45:00,0.0,-1.6845
2013-01-05 17:46:00,0.0,-1.6845
2013-01-05 17:47:00,0.0,-1.685
2013-01-05 17:48:00,0.0,-1.685
2013-01-05 17:49:00,0.0,-1.685
2013-01-05 17:50:00,0.0,-1.685
2013-01-05 17:51:00,0.0,-1.685
2013-01-05 17:52:00,0.0,-1.685
2013-01-05 17:53:00,0.0,-1.685
2013-01-05 17:54:00,0.0,-1.629
2013-01-05 17:55:00,0.0,-1.685
2013-01-05 17:56:00,0.0,-1.685
2013-01-05 17:57:00,0.0,-1.685
2013-01-05 17:58:00,0.0,-1.685
2013-01-05 17:59:00,0.0,-1.685
2013-01-05 18:00:00,0.0,-1.685
2013-01-05 18:01:00,0.0,-1.685
2013-01-05 18:02:00,0.0,-1.685
2013-01-05 18:03:00,0.0,-1.685
2013-01-05 18:04:00,0.0,-1.685
2013-01-05 18:05:00,0.0,-1.685
2013-01-05 18:06:00,0.0,-1.685
2013-01-05 18:07:00,0.0,-1.685
2013-01-05 18:08:00,0.0,-1.685
2013-01-05 18:09:00,0.0,-1.685
2013-01-05 18:10:00,0.0,-1.685
2013-01-05 18:11:00,0.0,-1.685
2013-01-05 18:12:00,0.0,-1.685
2013-01-05 18:13:00,0.0,-1.685
2013-01-05 18:14:00,0.0,-1.685
2013-01-05 18:15:00,0.0,-1.6855
2013-01-05 18:16:00,0.0,-1.657
2013-01-05 18:17:00,0.0,-1.657
2013-01-05 18:18:00,0.0,-1.657
2013-01-05 18:19:00,0.0,-1.6855
2013-01-05 18:20:00,0.0,-1.545
2013-01-05 18:21:00,0.0,-1.3765
2013-01-05 18:22:00,0.0,-1.348
2013-01-05 18:23:00,0.0,-1.3765
2013-01-05 18:24:00,0.0,-1.348
2013-01-05 18:25:00,0.0,-1.348
2013-01-05 18:26:00,0.0,-1.348
2013-01-05 18:27:00,0.0,-1.348
2013-01-05 18:28:00,0.0,-1.3485
2013-01-05 18:29:00,0.0,-1.3485
2013-01-05 18:30:00,0.0,-1.3485
2013-01-05 18:31:00,0.0,-1.3485
2013-01-05 18:32:00,0.0,-1.3485
2013-01-05 18:33:00,0.0,-1.3485
2013-01-05 18:34:00,0.0,-1.3765
2013-01-05 18:35:00,0.0,-1.3485
2013-01-05 18:36:00,0.0,-1.3485
2013-01-05 18:37:00,0.0,-1.4045
2013-01-05 18:38:00,0.0,-1.3485
2013-01-05 18:39:00,0.0,-1.3485
2013-01-05 18:40:00,0.0,-1.3485
2013-01-05 18:41:00,0.0,-1.3485
2013-01-05 18:42:00,0.0,-1.3485
2013-01-05 18:43:00,0.0,-1.3485
2013-01-05 18:44:00,0.0,-1.3485
2013-01-05 18:45:00,0.0,-1.3485
2013-01-05 18:46:00,0.0,-1.3765
2013-01-05 18:47:00,0.0,-1.517
2013-01-05 18:48:00,0.0,-1.6015
2013-01-05 18:49:00,0.0,-1.6855
2013-01-05 18:50:00,0.0,-1.6295
2013-01-05 18:51:00,0.0,-1.6575
2013-01-05 18:52:00,0.0,-1.6855
2013-01-05 18:53:00,0.0,-1.6855
2013-01-05 18:54:00,0.0,-1.6855
2013-01-05 18:55:00,0.0,-1.6855
2013-01-05 18:56:00,0.0,-1.6855
2013-01-05 18:57:00,0.0,-1.6855
2013-01-05 18:58:00,0.0,-1.6855
2013-01-05 18:59:00,0.0,-1.6855
2013-01-05 19:00:00,0.0,-1.6855
2013-01-05 19:01:00,0.0,-1.6855
2013-01-05 19:02:00,0.0,-1.6855
2013-01-05 19:03:00,0.0,-1.6855
2013-01-05 19:04:00,0.0,-1.6855
2013-01-05 19:05:00,0.0,-1.686
2013-01-05 19:06:00,0.0,-1.6295
2013-01-05 19:07:00,0.0,-1.461
2013-01-05 19:08:00,0.0,-1.3485
2013-01-05 19:09:00,0.0,-1.3485
2013-01-05 19:10:00,0.0,-1.3485
2013-01-05 19:11:00,0.0,-1.3205
2013-01-05 19:12:00,0.0,-1.18
2013-01-05 19:13:00,0.0,-1.0115
2013-01-05 19:14:00,0.0,-1.124
2013-01-05 19:15:00,0.0,-1.2645
2013-01-05 19:16:00,0.0,-1.236
2013-01-05 19:17:00,0.0,-1.18
2013-01-05 19:18:00,0.0,-1.0395
2013-01-05 19:19:00,0.0,-1.152
2013-01-05 19:20:00,0.0,-1.3485
2013-01-05 19:21:00,0.0,-1.3485
2013-01-05 19:22:00,0.0,-1.3485
2013-01-05 19:23:00,0.0,-1.405
2013-01-05 19:24:00,0.0,-1.461
2013-01-05 19:25:00,0.0,-1.3485
2013-01-05 19:26:00,0.0,-1.6575
2013-01-05 19:27:00,0.0,-1.517
2013-01-05 19:28:00,0.0,-1.3765
2013-01-05 19:29:00,0.0,-1.6575
2013-01-05 19:30:00,0.0,-1.686
2013-01-05 19:31:00,0.0,-1.686
2013-01-05 19:32:00,0.0,-1.686
2013-01-05 19:33:00,0.0,-1.686
2013-01-05 19:34:00,0.0,-1.686
2013-01-05 19:35:00,0.0,-1.686
2013-01-05 19:36:00,0.0,-1.686
2013-01-05 19:37:00,0.0,-1.686
2013-01-05 19:38:00,0.0,-1.77
2013-01-05 19:39:00,0.0,-2.107
2013-01-05 19:40:00,0.0,-2.36
2013-01-05 19:41:00,0.0,-2.36
2013-01-05 19:42:00,0.0,-2.36
2013-01-05 19:43:00,0.0,-2.36
2013-01-05 19:44:00,0.0,-2.36
2013-01-05 19:45:00,0.0,-2.36
2013-01-05 19:46:00,0.0,-2.36
2013-01-05 19:47:00,0.0,-2.36
2013-01-05 19:48:00,0.0,-2.36
2013-01-05 19:49:00,0.0,-2.304
2013-01-05 19:50:00,0.0,-2.023
2013-01-05 19:51:00,0.0,-2.023
2013-01-05 19:52:00,0.0,-2.051
2013-01-05 19:53:00,0.0,-2.2195
2013-01-05 19:54:00,0.0,-2.304
2013-01-05 19:55:00,0.0,-2.276
2013-01-05 19:56:00,0.0,-2.051
2013-01-05 19:57:00,0.0,-2.023
2013-01-05 19:58:00,0.0,-1.9105
2013-01-05 19:59:00,0.0,-1.686
2013-01-05 20:00:00,0.0,-1.686
2013-01-05 20:01:00,0.0,-1.686
2013-01-05 20:02:00,0.0,-1.686
2013-01-05 20:03:00,0.0,-1.686
2013-01-05 20:04:00,0.0,-1.686
2013-01-05 20:05:00,0.0,-1.686
2013-01-05 20:06:00,0.0,-1.686
2013-01-05 20:07:00,0.0,-1.686
2013-01-05 20:08:00,0.0,-1.686
2013-01-05 20:09:00,0.0,-1.686
2013-01-05 20:10:00,0.0,-1.686
2013-01-05 20:11:00,0.0,-1.714
2013-01-05 20:12:00,0.0,-1.9105
2013-01-05 20:13:00,0.0,-1.686
2013-01-05 20:14:00,0.0,-1.686
2013-01-05 20:15:00,0.0,-1.686
2013-01-05 20:16:00,0.0,-1.686
2013-01-05 20:17:00,0.0,-1.686
2013-01-05 20:18:00,0.0,-1.686
2013-01-05 20:19:00,0.0,-1.686
2013-01-05 20:20:00,0.0,-1.686
2013-01-05 20:21:00,0.0,-1.686
2013-01-05 20:22:00,0.0,-1.686
2013-01-05 20:23:00,0.0,-1.686
2013-01-05 20:24:00,0.0,-1.686
2013-01-05 20:25:00,0.0,-1.686
2013-01-05 20:26:00,0.0,-1.686
2013-01-05 20:27:00,0.0,-1.686
2013-01-05 20:28:00,0.0,-1.5455
2013-01-05 20:29:00,0.0,-1.349
2013-01-05 20:30:00,0.0,-1.349
2013-01-05 20:31:00,0.0,-1.349
2013-01-05 20:32:00,0.0,-1.349
2013-01-05 20:33:00,0.0,-1.6295
2013-01-05 20:34:00,0.0,-1.686
2013-01-05 20:35:00,0.0,-1.686
2013-01-05 20:36:00,0.0,-1.686
2013-01-05 20:37:00,0.0,-1.686
2013-01-05 20:38:00,0.0,-1.686
2013-01-05 20:39:00,0.0,-1.686
2013-01-05 20:40:00,0.0,-1.686
2013-01-05 20:41:00,0.0,-1.686
2013-01-05 20:42:00,0.0,-1.686
2013-01-05 20:43:00,0.0,-1.686
2013-01-05 20:44:00,0.0,-1.686
2013-01-05 20:45:00,0.0,-1.686
2013-01-05 20:46:00,0.0,-1.686
2013-01-05 20:47:00,0.0,-1.686
2013-01-05 20:48:00,0.0,-1.686
2013-01-05 20:49:00,0.0,-1.686
2013-01-05 20:50:00,0.0,-1.686
2013-01-05 20:51:00,0.0,-1.686
2013-01-05 20:52:00,0.0,-1.686
2013-01-05 20:53:00,0.0,-1.686
2013-01-05 20:54:00,0.0,-1.686
2013-01-05 20:55:00,0.0,-1.686
2013-01-05 20:56:00,0.0,-1.686
2013-01-05 20:57:00,0.0,-1.686
2013-01-05 20:58:00,0.0,-1.686
2013-01-05 20:59:00,0.0,-1.686
2013-01-05 21:00:00,0.0,-1.686
2013-01-05 21:01:00,0.0,-1.5455
2013-01-05 21:02:00,0.0,-1.6295
2013-01-05 21:03:00,0.0,-1.686
2013-01-05 21:04:00,0.0,-1.686
2013-01-05 21:05:00,0.0,-1.686
2013-01-05 21:06:00,0.0,-1.686
2013-01-05 21:07:00,0.0,-1.686
2013-01-05 21:08:00,0.0,-1.686
2013-01-05 21:09:00,0.0,-1.686
2013-01-05 21:10:00,0.0,-1.686
2013-01-05 21:11:00,0.0,-1.658
2013-01-05 21:12:00,0.0,-1.658
2013-01-05 21:13:00,0.0,-1.5175
2013-01-05 21:14:00,0.0,-1.349
2013-01-05 21:15:00,0.0,-1.2365
2013-01-05 21:16:00,0.0,-1.0115
2013-01-05 21:17:00,0.0,-1.0115
2013-01-05 21:18:00,0.0,-1.0115
2013-01-05 21:19:00,0.0,-1.0115
2013-01-05 21:20:00,0.0,-1.0395
2013-01-05 21:21:00,0.0,-1.2645
2013-01-05 21:22:00,0.0,-1.096
2013-01-05 21:23:00,0.0,-1.2925
2013-01-05 21:24:00,0.0,-1.349
2013-01-05 21:25:00,0.0,-1.5175
2013-01-05 21:26:00,0.0,-1.686
2013-01-05 21:27:00,0.0,-1.4895
2013-01-05 21:28:00,0.0,-1.349
2013-01-05 21:29:00,0.0,-1.349
2013-01-05 21:30:00,0.0,-1.349
2013-01-05 21:31:00,0.0,-1.4335
2013-01-05 21:32:00,0.0,-1.377
2013-01-05 21:33:00,0.0,-1.349
2013-01-05 21:34:00,0.0,-1.321
2013-01-05 21:35:00,0.0,-1.349
2013-01-05 21:36:00,0.0,-1.1525
2013-01-05 21:37:00,0.0,-1.012
2013-01-05 21:38:00,0.0,-1.012
2013-01-05 21:39:00,0.0,-1.012
2013-01-05 21:40:00,0.0,-1.012
2013-01-05 21:41:00,0.0,-1.012
2013-01-05 21:42:00,0.0,-1.012
2013-01-05 21:43:00,0.0,-1.012
2013-01-05 21:44:00,0.0,-1.012
2013-01-05 21:45:00,0.0,-1.012
2013-01-05 21:46:00,0.0,-1.012
2013-01-05 21:47:00,0.0,-1.012
2013-01-05 21:48:00,0.0,-1.068
2013-01-05 21:49:00,0.0,-1.349
2013-01-05 21:50:00,0.0,-1.6585
2013-01-05 21:51:00,0.0,-1.6865
2013-01-05 21:52:00,0.0,-1.6865
2013-01-05 21:53:00,0.0,-1.883
2013-01-05 21:54:00,0.0,-2.0235
2013-01-05 21:55:00,0.0,-2.0235
2013-01-05 21:56:00,0.0,-2.0235
2013-01-05 21:57:00,0.0,-2.0235
2013-01-05 21:58:00,0.0,-2.0235
2013-01-05 21:59:00,0.0,-1.9115
2013-01-05 22:00:00,0.0,-1.7145
2013-01-05 22:01:00,0.0,-1.6865
2013-01-05 22:02:00,0.0,-1.6865
2013-01-05 22:03:00,0.0,-1.7145
2013-01-05 22:04:00,0.0,-1.883
2013-01-05 22:05:00,0.0,-1.7145
2013-01-05 22:06:00,0.0,-1.6865
2013-01-05 22:07:00,0.0,-1.6865
2013-01-05 22:08:00,0.0,-1.6865
2013-01-05 22:09:00,0.0,-1.6865
2013-01-05 22:10:00,0.0,-1.6865
2013-01-05 22:11:00,0.0,-1.6865
2013-01-05 22:12:00,0.0,-1.6865
2013-01-05 22:13:00,0.0,-1.6865
2013-01-05 22:14:00,0.0,-1.6585
2013-01-05 22:15:00,0.0,-1.6865
2013-01-05 22:16:00,0.0,-1.6865
2013-01-05 22:17:00,0.0,-1.6865
2013-01-05 22:18:00,0.0,-1.6865
2013-01-05 22:19:00,0.0,-1.6865
2013-01-05 22:20:00,0.0,-1.6865
2013-01-05 22:21:00,0.0,-1.6865
2013-01-05 22:22:00,0.0,-1.6865
2013-01-05 22:23:00,0.0,-1.6865
2013-01-05 22:24:00,0.0,-1.6865
2013-01-05 22:25:00,0.0,-1.6865
2013-01-05 22:26:00,0.0,-1.6865
2013-01-05 22:27:00,0.0,-1.6865
2013-01-05 22:28:00,0.0,-1.6865
2013-01-05 22:29:00,0.0,-1.6865
2013-01-05 22:30:00,0.0,-1.6865
2013-01-05 22:31:00,0.0,-1.6865
2013-01-05 22:32:00,0.0,-1.602
2013-01-05 22:33:00,0.0,-1.349
2013-01-05 22:34:00,0.0,-1.349
2013-01-05 22:35:00,0.0,-1.1805
2013-01-05 22:36:00,0.0,-1.265
2013-01-05 22:37:00,0.0,-1.349
2013-01-05 22:38:00,0.0,-1.349
2013-01-05 22:39:00,0.0,-1.349
2013-01-05 22:40:00,0.0,-1.4615
2013-01-05 22:41:00,0.0,-1.4895
2013-01-05 22:42:00,0.0,-1.6305
2013-01-05 22:43:00,0.0,-1.6865
2013-01-05 22:44:00,0.0,-1.6585
2013-01-05 22:45:00,0.0,-1.4615
2013-01-05 22:46:00,0.0,-1.6305
2013-01-05 22:47:00,0.0,-1.6865
2013-01-05 22:48:00,0.0,-1.6865
2013-01-05 22:49:00,0.0,-1.6865
2013-01-05 22:50:00,0.0,-1.6865
2013-01-05 22:51:00,0.0,-1.4895
2013-01-05 22:52:00,0.0,-1.4055
2013-01-05 22:53:00,0.0,-1.349
2013-01-05 22:54:00,0.0,-1.349
2013-01-05 22:55:00,0.0,-1.4615
2013-01-05 22:56:00,0.0,-1.602
2013-01-05 22:57:00,0.0,-1.6305
2013-01-05 22:58:00,0.0,-1.6865
2013-01-05 22:59:00,0.0,-1.6865
2013-01-05 23:00:00,0.0,-1.6865
2013-01-05 23:01:00,0.0,-1.6865
2013-01-05 23:02:00,0.0,-1.4615
2013-01-05 23:03:00,0.0,-1.349
2013-01-05 23:04:00,0.0,-1.349
2013-01-05 23:05:00,0.0,-1.237
2013-01-05 23:06:00,0.0,-1.068
2013-01-05 23:07:00,0.0,-1.012
2013-01-05 23:08:00,0.0,-1.293
2013-01-05 23:09:00,0.0,-1.349
2013-01-05 23:10:00,0.0,-1.349
2013-01-05 23:11:00,0.0,-1.349
2013-01-05 23:12:00,0.0,-1.349
2013-01-05 23:13:00,0.0,-1.349
2013-01-05 23:14:00,0.0,-1.4895
2013-01-05 23:15:00,0.0,-1.6865
2013-01-05 23:16:00,0.0,-1.6865
2013-01-05 23:17:00,0.0,-1.6865
2013-01-05 23:18:00,0.0,-1.6865
2013-01-05 23:19:00,0.0,-1.6865
2013-01-05 23:20:00,0.0,-1.6865
2013-01-05 23:21:00,0.0,-1.6865
2013-01-05 23:22:00,0.0,-1.6865
2013-01-05 23:23:00,0.0,-1.6865
2013-01-05 23:24:00,0.0,-1.6865
2013-01-05 23:25:00,0.0,-1.6865
2013-01-05 23:26:00,0.0,-1.6865
2013-01-05 23:27:00,0.0,-1.546
2013-01-05 23:28:00,0.0,-1.2085
2013-01-05 23:29:00,0.0,-1.04
2013-01-05 23:30:00,0.0,-1.1525
2013-01-05 23:31:00,0.0,-1.349
2013-01-05 23:32:00,0.0,-1.3775
2013-01-05 23:33:00,0.0,-1.4895
2013-01-05 23:34:00,0.0,-1.349
2013-01-05 23:35:00,0.0,-1.1525
2013-01-05 23:36:00,0.0,-1.1525
2013-01-05 23:37:00,0.0,-1.293
2013-01-05 23:38:00,0.0,-1.012
2013-01-05 23:39:00,0.0,-1.012
2013-01-05 23:40:00,0.0,-1.012
2013-01-05 23:41:00,0.0,-1.349
2013-01-05 23:42:00,0.0,-1.546
2013-01-05 23:43:00,0.0,-1.6865
2013-01-05 23:44:00,0.0,-1.6865
2013-01-05 23:45:00,0.0,-1.6865
2013-01-05 23:46:00,0.0,-1.8835
2013-01-05 23:47:00,0.0,-2.024
2013-01-05 23:48:00,0.0,-2.024
2013-01-05 23:49:00,0.0,-2.024
2013-01-05 23:50:00,0.0,-1.7425
2013-01-05 23:51:00,0.0,-1.6865
2013-01-05 23:52:00,0.0,-1.6865
2013-01-05 23:53:00,0.0,-1.6865
2013-01-05 23:54:00,0.0,-1.6865
2013-01-05 23:55:00,0.0,-1.6865
2013-01-05 23:56:00,0.0,-1.574
2013-01-05 23:57:00,0.0,-1.349
2013-01-05 23:58:00,0.0,-1.1525
2013-01-05 23:59:00,0.0,-1.012
2013-01-06 00:00:00,0.0,-1.012
2013-01-06 00:01:00,0.0,-1.012
2013-01-06 00:02:00,0.0,-1.012
2013-01-06 00:03:00,0.0,-1.012
2013-01-06 00:04:00,0.0,-1.012
2013-01-06 00:05:00,0.0,-1.012
2013-01-06 00:06:00,0.0,-1.012
2013-01-06 00:07:00,0.0,-1.012
2013-01-06 00:08:00,0.0,-1.012
2013-01-06 00:09:00,0.0,-1.012
2013-01-06 00:10:00,0.0,-1.096
2013-01-06 00:11:00,0.0,-1.096
2013-01-06 00:12:00,0.0,-1.377
2013-01-06 00:13:00,0.0,-1.1805
2013-01-06 00:14:00,0.0,-1.4055
2013-01-06 00:15:00,0.0,-1.6865
2013-01-06 00:16:00,0.0,-1.6865
2013-01-06 00:17:00,0.0,-1.6865
2013-01-06 00:18:00,0.0,-1.827
2013-01-06 00:19:00,0.0,-2.0235
2013-01-06 00:20:00,0.0,-2.0235
2013-01-06 00:21:00,0.0,-2.1075
2013-01-06 00:22:00,0.0,-2.0515
2013-01-06 00:23:00,0.0,-2.164
2013-01-06 00:24:00,0.0,-1.8545
2013-01-06 00:25:00,0.0,-1.686
2013-01-06 00:26:00,0.0,-1.686
2013-01-06 00:27:00,0.0,-1.686
2013-01-06 00:28:00,0.0,-1.686
2013-01-06 00:29:00,0.0,-1.686
2013-01-06 00:30:00,0.0,-1.686
2013-01-06 00:31:00,0.0,-1.686
2013-01-06 00:32:00,0.0,-1.686
2013-01-06 00:33:00,0.0,-1.686
2013-01-06 00:34:00,0.0,-1.686
2013-01-06 00:35:00,0.0,-1.686
2013-01-06 00:36:00,0.0,-1.686
2013-01-06 00:37:00,0.0,-1.686
2013-01-06 00:38:00,0.0,-1.686
2013-01-06 00:39:00,0.0,-1.686
2013-01-06 00:40:00,0.0,-1.686
2013-01-06 00:41:00,0.0,-1.686
2013-01-06 00:42:00,0.0,-1.714
2013-01-06 00:43:00,0.0,-2.1075
2013-01-06 00:44:00,0.0,-2.3605
2013-01-06 00:45:00,0.0,-2.3605
2013-01-06 00:46:00,0.0,-2.3605
2013-01-06 00:47:00,0.0,-2.6975
2013-01-06 00:48:00,0.0,-3.0065
2013-01-06 00:49:00,0.0,-3.0345
2013-01-06 00:50:00,0.0,-3.0345
2013-01-06 00:51:00,0.0,-3.0345
2013-01-06 00:52:00,0.0,-3.0345
2013-01-06 00:53:00,0.0,-3.0345
2013-01-06 00:54:00,0.0,-3.0345
2013-01-06 00:55:00,0.0,-3.0345
2013-01-06 00:56:00,0.0,-3.0345
2013-01-06 00:57:00,0.0,-3.0345
2013-01-06 00:58:00,0.0,-3.0345
2013-01-06 00:59:00,0.0,-3.0345
2013-01-06 01:00:00,0.0,-2.9785
2013-01-06 01:01:00,0.0,-2.6975
2013-01-06 01:02:00,0.0,-2.557
2013-01-06 01:03:00,0.0,-2.3605
2013-01-06 01:04:00,0.0,-2.3605
2013-01-06 01:05:00,0.0,-2.3605
2013-01-06 01:06:00,0.0,-2.3605
2013-01-06 01:07:00,0.0,-2.276
2013-01-06 01:08:00,0.0,-2.023
2013-01-06 01:09:00,0.0,-1.8545
2013-01-06 01:10:00,0.0,-1.686
2013-01-06 01:11:00,0.0,-1.686
2013-01-06 01:12:00,0.0,-1.686
2013-01-06 01:13:00,0.0,-1.686
2013-01-06 01:14:00,0.0,-1.686
2013-01-06 01:15:00,0.0,-1.686
2013-01-06 01:16:00,0.0,-1.686
2013-01-06 01:17:00,0.0,-1.686
2013-01-06 01:18:00,0.0,-1.686
2013-01-06 01:19:00,0.0,-1.686
2013-01-06 01:20:00,0.0,-1.686
2013-01-06 01:21:00,0.0,-1.686
2013-01-06 01:22:00,0.0,-1.686
2013-01-06 01:23:00,0.0,-1.686
2013-01-06 01:24:00,0.0,-1.686
2013-01-06 01:25:00,0.0,-1.686
2013-01-06 01:26:00,0.0,-1.686
2013-01-06 01:27:00,0.0,-1.686
2013-01-06 01:28:00,0.0,-1.686
2013-01-06 01:29:00,0.0,-1.686
2013-01-06 01:30:00,0.0,-1.686
2013-01-06 01:31:00,0.0,-1.686
2013-01-06 01:32:00,0.0,-1.686
2013-01-06 01:33:00,0.0,-1.686
2013-01-06 01:34:00,0.0,-1.686
2013-01-06 01:35:00,0.0,-1.686
2013-01-06 01:36:00,0.0,-1.686
2013-01-06 01:37:00,0.0,-1.686
2013-01-06 01:38:00,0.0,-1.686
2013-01-06 01:39:00,0.0,-1.686
2013-01-06 01:40:00,0.0,-1.686
2013-01-06 01:41:00,0.0,-1.686
2013-01-06 01:42:00,0.0,-1.686
2013-01-06 01:43:00,0.0,-1.686
2013-01-06 01:44:00,0.0,-1.686
2013-01-06 01:45:00,0.0,-1.686
2013-01-06 01:46:00,0.0,-1.686
2013-01-06 01:47:00,0.0,-1.686
2013-01-06 01:48:00,0.0,-1.686
2013-01-06 01:49:00,0.0,-1.686
2013-01-06 01:50:00,0.0,-1.686
2013-01-06 01:51:00,0.0,-1.686
2013-01-06 01:52:00,0.0,-1.686
2013-01-06 01:53:00,0.0,-1.686
2013-01-06 01:54:00,0.0,-1.686
2013-01-06 01:55:00,0.0,-1.686
2013-01-06 01:56:00,0.0,-1.686
2013-01-06 01:57:00,0.0,-1.686
2013-01-06 01:58:00,0.0,-1.686
2013-01-06 01:59:00,0.0,-1.686
2013-01-06 02:00:00,0.0,-1.686
2013-01-06 02:01:00,0.0,-1.686
2013-01-06 02:02:00,0.0,-1.686
2013-01-06 02:03:00,0.0,-1.686
2013-01-06 02:04:00,0.0,-1.686
2013-01-06 02:05:00,0.0,-1.686
2013-01-06 02:06:00,0.0,-1.686
2013-01-06 02:07:00,0.0,-1.686
2013-01-06 02:08:00,0.0,-1.686
2013-01-06 02:09:00,0.0,-1.686
2013-01-06 02:10:00,0.0,-1.686
2013-01-06 02:11:00,0.0,-1.686
2013-01-06 02:12:00,0.0,-1.686
2013-01-06 02:13:00,0.0,-1.686
2013-01-06 02:14:00,0.0,-1.686
2013-01-06 02:15:00,0.0,-1.686
2013-01-06 02:16:00,0.0,-1.686
2013-01-06 02:17:00,0.0,-1.686
2013-01-06 02:18:00,0.0,-1.686
2013-01-06 02:19:00,0.0,-1.686
2013-01-06 02:20:00,0.0,-1.686
2013-01-06 02:21:00,0.0,-1.686
2013-01-06 02:22:00,0.0,-1.686
2013-01-06 02:23:00,0.0,-1.686
2013-01-06 02:24:00,0.0,-1.686
2013-01-06 02:25:00,0.0,-1.686
2013-01-06 02:26:00,0.0,-1.686
2013-01-06 02:27:00,0.0,-1.658
2013-01-06 02:28:00,0.0,-1.5455
2013-01-06 02:29:00,0.0,-1.461
2013-01-06 02:30:00,0.0,-1.377
2013-01-06 02:31:00,0.0,-1.405
2013-01-06 02:32:00,0.0,-1.405
2013-01-06 02:33:00,0.0,-1.377
2013-01-06 02:34:00,0.0,-1.433
2013-01-06 02:35:00,0.0,-1.3485
2013-01-06 02:36:00,0.0,-1.405
2013-01-06 02:37:00,0.0,-1.433
2013-01-06 02:38:00,0.0,-1.658
2013-01-06 02:39:00,0.0,-1.6295
2013-01-06 02:40:00,0.0,-1.686
2013-01-06 02:41:00,0.0,-1.686
2013-01-06 02:42:00,0.0,-1.686
2013-01-06 02:43:00,0.0,-1.686
2013-01-06 02:44:00,0.0,-1.686
2013-01-06 02:45:00,0.0,-1.686
2013-01-06 02:46:00,0.0,-1.686
2013-01-06 02:47:00,0.0,-1.714
2013-01-06 02:48:00,0.0,-1.77
2013-01-06 02:49:00,0.0,-1.77
2013-01-06 02:50:00,0.0,-1.995
2013-01-06 02:51:00,0.0,-2.023
2013-01-06 02:52:00,0.0,-2.023
2013-01-06 02:53:00,0.0,-2.023
2013-01-06 02:54:00,0.0,-2.023
2013-01-06 02:55:00,0.0,-2.023
2013-01-06 02:56:00,0.0,-2.023
2013-01-06 02:57:00,0.0,-2.023
2013-01-06 02:58:00,0.0,-1.967
2013-01-06 02:59:00,0.0,-2.023
2013-01-06 03:00:00,0.0,-1.77
2013-01-06 03:01:00,0.0,-1.686
2013-01-06 03:02:00,0.0,-1.686
2013-01-06 03:03:00,0.0,-1.686
2013-01-06 03:04:00,0.0,-1.686
2013-01-06 03:05:00,0.0,-1.686
2013-01-06 03:06:00,0.0,-1.686
2013-01-06 03:07:00,0.0,-1.686
2013-01-06 03:08:00,0.0,-1.686
2013-01-06 03:09:00,0.0,-1.686
2013-01-06 03:10:00,0.0,-1.686
2013-01-06 03:11:00,0.0,-1.8265
2013-01-06 03:12:00,0.0,-1.8545
2013-01-06 03:13:00,0.0,-1.714
2013-01-06 03:14:00,0.0,-1.686
2013-01-06 03:15:00,0.0,-1.686
2013-01-06 03:16:00,0.0,-1.686
2013-01-06 03:17:00,0.0,-1.686
2013-01-06 03:18:00,0.0,-1.686
2013-01-06 03:19:00,0.0,-1.686
2013-01-06 03:20:00,0.0,-1.939
2013-01-06 03:21:00,0.0,-2.1355
2013-01-06 03:22:00,0.0,-2.332
2013-01-06 03:23:00,0.0,-2.3605
2013-01-06 03:24:00,0.0,-2.248
2013-01-06 03:25:00,0.0,-2.023
2013-01-06 03:26:00,0.0,-1.9105
2013-01-06 03:27:00,0.0,-1.686
2013-01-06 03:28:00,0.0,-1.686
2013-01-06 03:29:00,0.0,-1.686
2013-01-06 03:30:00,0.0,-1.686
2013-01-06 03:31:00,0.0,-1.686
2013-01-06 03:32:00,0.0,-1.686
2013-01-06 03:33:00,0.0,-1.686
2013-01-06 03:34:00,0.0,-1.686
2013-01-06 03:35:00,0.0,-1.686
2013-01-06 03:36:00,0.0,-1.686
2013-01-06 03:37:00,0.0,-1.686
2013-01-06 03:38:00,0.0,-2.0795
2013-01-06 03:39:00,0.0,-2.3605
2013-01-06 03:40:00,0.0,-2.501
2013-01-06 03:41:00,0.0,-2.6975
2013-01-06 03:42:00,0.0,-2.866
2013-01-06 03:43:00,0.0,-2.894
2013-01-06 03:44:00,0.0,-2.81
2013-01-06 03:45:00,0.0,-2.6975
2013-01-06 03:46:00,0.0,-2.501
2013-01-06 03:47:00,0.0,-2.3885
2013-01-06 03:48:00,0.0,-2.3605
2013-01-06 03:49:00,0.0,-2.3605
2013-01-06 03:50:00,0.0,-2.3605
2013-01-06 03:51:00,0.0,-2.3605
2013-01-06 03:52:00,0.0,-2.3605
2013-01-06 03:53:00,0.0,-2.3605
2013-01-06 03:54:00,0.0,-2.3605
2013-01-06 03:55:00,0.0,-2.3605
2013-01-06 03:56:00,0.0,-2.332
2013-01-06 03:57:00,0.0,-2.1915
2013-01-06 03:58:00,0.0,-2.1355
2013-01-06 03:59:00,0.0,-2.1355
2013-01-06 04:00:00,0.0,-2.304
2013-01-06 04:01:00,0.0,-2.3605
2013-01-06 04:02:00,0.0,-2.3605
2013-01-06 04:03:00,0.0,-1.995
2013-01-06 04:04:00,0.0,-1.686
2013-01-06 04:05:00,0.0,-1.686
2013-01-06 04:06:00,0.0,-1.461
2013-01-06 04:07:00,0.0,-1.152
2013-01-06 04:08:00,0.0,-1.0115
2013-01-06 04:09:00,0.0,-1.0115
2013-01-06 04:10:00,0.0,-1.0115
2013-01-06 04:11:00,0.0,-1.0115
2013-01-06 04:12:00,0.0,-1.0115
2013-01-06 04:13:00,0.0,-1.0115
2013-01-06 04:14:00,0.0,-1.0115
2013-01-06 04:15:00,0.0,-1.0395
2013-01-06 04:16:00,0.0,-1.152
2013-01-06 04:17:00,0.0,-1.124
2013-01-06 04:18:00,0.0,-1.124
2013-01-06 04:19:00,0.0,-1.2365
2013-01-06 04:20:00,0.0,-1.349
2013-01-06 04:21:00,0.0,-1.349
2013-01-06 04:22:00,0.0,-1.349
2013-01-06 04:23:00,0.0,-1.349
2013-01-06 04:24:00,0.0,-1.349
2013-01-06 04:25:00,0.0,-1.461
2013-01-06 04:26:00,0.0,-1.686
2013-01-06 04:27:00,0.0,-1.7705
2013-01-06 04:28:00,0.0,-2.304
2013-01-06 04:29:00,0.0,-2.501
2013-01-06 04:30:00,0.0,-2.866
2013-01-06 04:31:00,0.0,-3.035
2013-01-06 04:32:00,0.0,-3.035
2013-01-06 04:33:00,0.0,-3.035
2013-01-06 04:34:00,0.0,-3.035
2013-01-06 04:35:00,0.0,-3.035
2013-01-06 04:36:00,0.0,-3.035
2013-01-06 04:37:00,0.0,-3.035
2013-01-06 04:38:00,0.0,-3.0065
2013-01-06 04:39:00,0.0,-2.782
2013-01-06 04:40:00,0.0,-2.726
2013-01-06 04:41:00,0.0,-2.6975
2013-01-06 04:42:00,0.0,-2.5855
2013-01-06 04:43:00,0.0,-2.3605
2013-01-06 04:44:00,0.0,-2.3605
2013-01-06 04:45:00,0.0,-2.3605
2013-01-06 04:46:00,0.0,-2.3605
2013-01-06 04:47:00,0.0,-2.3605
2013-01-06 04:48:00,0.0,-2.3605
2013-01-06 04:49:00,0.0,-2.3605
2013-01-06 04:50:00,0.0,-2.3605
2013-01-06 04:51:00,0.0,-2.3605
2013-01-06 04:52:00,0.0,-2.3325
2013-01-06 04:53:00,0.0,-2.3605
2013-01-06 04:54:00,0.0,-2.2765
2013-01-06 04:55:00,0.0,-2.0235
2013-01-06 04:56:00,0.0,-2.0235
2013-01-06 04:57:00,0.0,-2.0235
2013-01-06 04:58:00,0.0,-2.0235
2013-01-06 04:59:00,0.0,-2.0515
2013-01-06 05:00:00,0.0,-2.0235
2013-01-06 05:01:00,0.0,-2.0515
2013-01-06 05:02:00,0.0,-2.2765
2013-01-06 05:03:00,0.0,-2.3045
2013-01-06 05:04:00,0.0,-2.2485
2013-01-06 05:05:00,0.0,-2.0795
2013-01-06 05:06:00,0.0,-2.0235
2013-01-06 05:07:00,0.0,-2.0235
2013-01-06 05:08:00,0.0,-1.883
2013-01-06 05:09:00,0.0,-1.6865
2013-01-06 05:10:00,0.0,-1.6865
2013-01-06 05:11:00,0.0,-1.6865
2013-01-06 05:12:00,0.0,-1.6865
2013-01-06 05:13:00,0.0,-1.6865
2013-01-06 05:14:00,0.0,-1.6585
2013-01-06 05:15:00,0.0,-1.4895
2013-01-06 05:16:00,0.0,-1.6865
2013-01-06 05:17:00,0.0,-1.6865
2013-01-06 05:18:00,0.0,-1.6585
2013-01-06 05:19:00,0.0,-1.4895
2013-01-06 05:20:00,0.0,-1.546
2013-01-06 05:21:00,0.0,-1.3775
2013-01-06 05:22:00,0.0,-1.349
2013-01-06 05:23:00,0.0,-1.349
2013-01-06 05:24:00,0.0,-1.068
2013-01-06 05:25:00,0.0,-1.012
2013-01-06 05:26:00,0.0,-1.012
2013-01-06 05:27:00,0.0,-1.012
2013-01-06 05:28:00,0.0,-1.012
2013-01-06 05:29:00,0.0,-1.012
2013-01-06 05:30:00,0.0,-1.068
2013-01-06 05:31:00,0.0,-1.2365
2013-01-06 05:32:00,0.0,-1.349
2013-01-06 05:33:00,0.0,-1.349
2013-01-06 05:34:00,0.0,-1.349
2013-01-06 05:35:00,0.0,-1.349
2013-01-06 05:36:00,0.0,-1.293
2013-01-06 05:37:00,0.0,-1.349
2013-01-06 05:38:00,0.0,-1.349
2013-01-06 05:39:00,0.0,-1.349
2013-01-06 05:40:00,0.0,-1.518
2013-01-06 05:41:00,0.0,-1.6865
2013-01-06 05:42:00,0.0,-1.6865
2013-01-06 05:43:00,0.0,-1.6865
2013-01-06 05:44:00,0.0,-1.6865
2013-01-06 05:45:00,0.0,-1.855
2013-01-06 05:46:00,0.0,-2.1645
2013-01-06 05:47:00,0.0,-2.361
2013-01-06 05:48:00,0.0,-2.361
2013-01-06 05:49:00,0.0,-2.5295
2013-01-06 05:50:00,0.0,-2.6985
2013-01-06 05:51:00,0.0,-2.6985
2013-01-06 05:52:00,0.0,-2.6985
2013-01-06 05:53:00,0.0,-2.6985
2013-01-06 05:54:00,0.0,-2.6985
2013-01-06 05:55:00,0.0,-2.6985
2013-01-06 05:56:00,0.0,-2.5015
2013-01-06 05:57:00,0.0,-2.361
2013-01-06 05:58:00,0.0,-2.361
2013-01-06 05:59:00,0.0,-2.361
2013-01-06 06:00:00,0.0,-2.361
2013-01-06 06:01:00,0.0,-2.052
2013-01-06 06:02:00,0.0,-2.024
2013-01-06 06:03:00,0.0,-2.024
2013-01-06 06:04:00,0.0,-1.771
2013-01-06 06:05:00,0.0,-1.6865
2013-01-06 06:06:00,0.0,-1.6865
2013-01-06 06:07:00,0.0,-1.6865
2013-01-06 06:08:00,0.0,-1.6865
2013-01-06 06:09:00,0.0,-1.6865
2013-01-06 06:10:00,0.0,-1.6865
2013-01-06 06:11:00,0.0,-1.6865
2013-01-06 06:12:00,0.0,-1.6865
2013-01-06 06:13:00,0.0,-1.6865
2013-01-06 06:14:00,0.0,-1.6865
2013-01-06 06:15:00,0.0,-1.6865
2013-01-06 06:16:00,0.0,-1.518
2013-01-06 06:17:00,0.0,-1.4055
2013-01-06 06:18:00,0.0,-1.349
2013-01-06 06:19:00,0.0,-1.349
2013-01-06 06:20:00,0.0,-1.349
2013-01-06 06:21:00,0.0,-1.349
2013-01-06 06:22:00,0.0,-1.349
2013-01-06 06:23:00,0.0,-1.349
2013-01-06 06:24:00,0.0,-1.349
2013-01-06 06:25:00,0.0,-1.4055
2013-01-06 06:26:00,0.0,-1.6305
2013-01-06 06:27:00,0.0,-1.602
2013-01-06 06:28:00,0.0,-1.3775
2013-01-06 06:29:00,0.0,-1.349
2013-01-06 06:30:00,0.0,-1.349
2013-01-06 06:31:00,0.0,-1.349
2013-01-06 06:32:00,0.0,-1.349
2013-01-06 06:33:00,0.0,-1.349
2013-01-06 06:34:00,0.0,-1.349
2013-01-06 06:35:00,0.0,-1.349
2013-01-06 06:36:00,0.0,-1.349
2013-01-06 06:37:00,0.0,-1.4335
2013-01-06 06:38:00,0.0,-1.349
2013-01-06 06:39:00,0.0,-1.349
2013-01-06 06:40:00,0.0,-1.349
2013-01-06 06:41:00,0.0,-1.349
2013-01-06 06:42:00,0.0,-1.321
2013-01-06 06:43:00,0.0,-1.349
2013-01-06 06:44:00,0.0,-1.349
2013-01-06 06:45:00,0.0,-1.349
2013-01-06 06:46:00,0.0,-1.349
2013-01-06 06:47:00,0.0,-1.349
2013-01-06 06:48:00,0.0,-1.4895
2013-01-06 06:49:00,0.0,-1.6865
2013-01-06 06:50:00,0.0,-1.6865
2013-01-06 06:51:00,0.0,-1.6865
2013-01-06 06:52:00,0.0,-1.6865
2013-01-06 06:53:00,0.0,-1.6865
2013-01-06 06:54:00,0.0,-1.6865
2013-01-06 06:55:00,0.0,-1.6655000000000002
2013-01-06 06:56:00,0.0,-1.4975
2013-01-06 06:57:00,0.0,-1.4345
2013-01-06 06:58:00,0.0,-1.4345
2013-01-06 06:59:00,0.0,-1.4345
2013-01-06 07:00:00,0.0,-1.4345
2013-01-06 07:01:00,0.0,-1.4345
2013-01-06 07:02:00,0.0,-1.2485
2013-01-06 07:03:00,0.0,-0.971
2013-01-06 07:04:00,0.0,-0.971
2013-01-06 07:05:00,0.0,-0.7745000000000001
2013-01-06 07:06:00,0.0,-0.44500000000000006
2013-01-06 07:07:00,0.0,-0.382
2013-01-06 07:08:00,0.0,-0.35050000000000003
2013-01-06 07:09:00,0.0,-0.13
2013-01-06 07:10:00,0.0,-0.11950000000000005
2013-01-06 07:11:00,0.0,0.12199999999999989
2013-01-06 07:12:00,0.0,0.35050000000000003
2013-01-06 07:13:00,0.0,0.7114999999999999
2013-01-06 07:14:00,0.0,0.7955
2013-01-06 07:15:00,0.0,1.2165
2013-01-06 07:16:00,0.0,1.7425
2013-01-06 07:17:00,0.0,1.9425
2013-01-06 07:18:00,0.0,2.142
2013-01-06 07:19:00,0.0,2.812
2013-01-06 07:20:00,0.0,3.1945
2013-01-06 07:21:00,0.0,3.475
2013-01-06 07:22:00,0.0,3.91
2013-01-06 07:23:00,6.726,7.5655
2013-01-06 07:24:00,10.33,22.990000000000002
2013-01-06 07:25:00,4.058,49.230000000000004
2013-01-06 07:26:00,5.72,79.215
2013-01-06 07:27:00,5.693,96.85
2013-01-06 07:28:00,37.95,107.15
2013-01-06 07:29:00,127.0,114.35
2013-01-06 07:30:00,132.9,124.4
2013-01-06 07:31:00,154.6,136.65
2013-01-06 07:32:00,162.7,145.14999999999998
2013-01-06 07:33:00,166.0,150.55
2013-01-06 07:34:00,184.2,156.5
2013-01-06 07:35:00,199.4,163.8
2013-01-06 07:36:00,199.1,173.95
2013-01-06 07:37:00,214.4,184.60000000000002
2013-01-06 07:38:00,217.4,192.7
2013-01-06 07:39:00,219.0,200.2
2013-01-06 07:40:00,236.9,208.3
2013-01-06 07:41:00,253.5,214.85000000000002
2013-01-06 07:42:00,253.2,221.3
2013-01-06 07:43:00,268.3,228.6
2013-01-06 07:44:00,286.7,234.45
2013-01-06 07:45:00,289.9,240.8
2013-01-06 07:46:00,299.4,247.95
2013-01-06 07:47:00,319.5,255.5
2013-01-06 07:48:00,326.4,262.05
2013-01-06 07:49:00,330.3,267.75
2013-01-06 07:50:00,345.2,273.15
2013-01-06 07:51:00,362.1,280.05
2013-01-06 07:52:00,363.2,287.6
2013-01-06 07:53:00,379.0,293.20000000000005
2013-01-06 07:54:00,393.8,299.95000000000005
2013-01-06 07:55:00,398.6,306.4
2013-01-06 07:56:00,412.0,313.15
2013-01-06 07:57:00,428.1,319.55
2013-01-06 07:58:00,434.3,326.04999999999995
2013-01-06 07:59:00,444.3,331.35
2013-01-06 08:00:00,460.1,338.1
2013-01-06 08:01:00,470.2,343.15
2013-01-06 08:02:00,474.4,349.1
2013-01-06 08:03:00,490.6,355.35
2013-01-06 08:04:00,506.4,361.54999999999995
2013-01-06 08:05:00,508.4,367.35
2013-01-06 08:06:00,524.2,372.35
2013-01-06 08:07:00,537.7,378.05
2013-01-06 08:08:00,543.6,384.25
2013-01-06 08:09:00,552.2,390.29999999999995
2013-01-06 08:10:00,560.4,394.6
2013-01-06 08:11:00,580.7,399.85
2013-01-06 08:12:00,579.4,405.25
2013-01-06 08:13:00,588.2,410.7
2013-01-06 08:14:00,604.1,416.6
2013-01-06 08:15:00,616.6,421.55
2013-01-06 08:16:00,614.9,426.70000000000005
2013-01-06 08:17:00,617.5,432.0
2013-01-06 08:18:00,632.7,436.8
2013-01-06 08:19:00,641.8,442.7
2013-01-06 08:20:00,647.8,447.15
2013-01-06 08:21:00,653.1,452.4
2013-01-06 08:22:00,659.3,458.04999999999995
2013-01-06 08:23:00,667.5,463.29999999999995
2013-01-06 08:24:00,683.2,468.25
2013-01-06 08:25:00,688.0,473.8
2013-01-06 08:26:00,699.8,479.05
2013-01-06 08:27:00,712.9,484.15
2013-01-06 08:28:00,725.1,489.6
2013-01-06 08:29:00,727.7,494.4
2013-01-06 08:30:00,739.1,499.3
2013-01-06 08:31:00,743.8,504.0
2013-01-06 08:32:00,742.8,509.25
2013-01-06 08:33:00,752.2,513.3
2013-01-06 08:34:00,760.3,518.85
2013-01-06 08:35:00,762.3,522.35
2013-01-06 08:36:00,782.4,527.5
2013-01-06 08:37:00,786.7,531.6500000000001
2013-01-06 08:38:00,795.8,536.1
2013-01-06 08:39:00,795.6,540.1500000000001
2013-01-06 08:40:00,813.0,545.3
2013-01-06 08:41:00,821.0,548.4000000000001
2013-01-06 08:42:00,829.0,553.4000000000001
2013-01-06 08:43:00,835.0,557.5
2013-01-06 08:44:00,836.0,561.8
2013-01-06 08:45:00,859.0,566.15
2013-01-06 08:46:00,855.0,569.55
2013-01-06 08:47:00,868.0,574.05
2013-01-06 08:48:00,877.0,577.95
2013-01-06 08:49:00,881.0,582.5999999999999
2013-01-06 08:50:00,897.0,586.65
2013-01-06 08:51:00,905.0,591.3
2013-01-06 08:52:00,907.0,595.75
2013-01-06 08:53:00,925.0,599.5
2013-01-06 08:54:00,926.0,604.05
2013-01-06 08:55:00,940.0,608.5999999999999
2013-01-06 08:56:00,942.0,612.6
2013-01-06 08:57:00,947.0,616.25
2013-01-06 08:58:00,963.0,620.5
2013-01-06 08:59:00,975.0,624.65
2013-01-06 09:00:00,977.0,628.3499999999999
2013-01-06 09:01:00,982.0,632.2
2013-01-06 09:02:00,989.0,635.8
2013-01-06 09:03:00,996.0,639.6
2013-01-06 09:04:00,1011.0,643.15
2013-01-06 09:05:00,1010.0,646.5
2013-01-06 09:06:00,1015.0,650.6
2013-01-06 09:07:00,1022.0,654.75
2013-01-06 09:08:00,1032.0,658.55
2013-01-06 09:09:00,1035.0,662.05
2013-01-06 09:10:00,1045.0,665.6
2013-01-06 09:11:00,1049.0,670.2
2013-01-06 09:12:00,1059.0,673.5999999999999
2013-01-06 09:13:00,1077.0,677.5
2013-01-06 09:14:00,1065.0,677.15
2013-01-06 09:15:00,1082.0,684.65
2013-01-06 09:16:00,1091.0,688.5
2013-01-06 09:17:00,1096.0,692.25
2013-01-06 09:18:00,1103.0,695.2
2013-01-06 09:19:00,1115.0,698.75
2013-01-06 09:20:00,1119.0,701.9
2013-01-06 09:21:00,1123.0,705.15
2013-01-06 09:22:00,1120.0,707.1500000000001
2013-01-06 09:23:00,1120.0,699.95
2013-01-06 09:24:00,1130.0,710.5
2013-01-06 09:25:00,1148.0,718.5999999999999
2013-01-06 09:26:00,1158.0,722.45
2013-01-06 09:27:00,1161.0,725.9
2013-01-06 09:28:00,1168.0,729.3
2013-01-06 09:29:00,1170.0,732.4
2013-01-06 09:30:00,1180.0,735.45
2013-01-06 09:31:00,1192.0,738.6
2013-01-06 09:32:00,1182.0,741.95
2013-01-06 09:33:00,1187.0,744.65
2013-01-06 09:34:00,1191.0,747.0999999999999
2013-01-06 09:35:00,1198.0,750.85
2013-01-06 09:36:00,1203.0,754.55
2013-01-06 09:37:00,1212.0,757.9
2013-01-06 09:38:00,1222.0,760.6
2013-01-06 09:39:00,1227.0,763.3
2013-01-06 09:40:00,1229.0,766.8
2013-01-06 09:41:00,1237.0,770.35
2013-01-06 09:42:00,1237.0,773.2
2013-01-06 09:43:00,1238.0,776.9
2013-01-06 09:44:00,1252.0,779.75
2013-01-06 09:45:00,1255.0,782.8
2013-01-06 09:46:00,1262.0,785.25
2013-01-06 09:47:00,1263.0,788.3
2013-01-06 09:48:00,1267.0,790.85
2013-01-06 09:49:00,1264.0,794.4
2013-01-06 09:50:00,1274.0,797.35
2013-01-06 09:51:00,1281.0,800.8
2013-01-06 09:52:00,1287.0,803.55
2013-01-06 09:53:00,1296.0,807.25
2013-01-06 09:54:00,1301.0,810.15
2013-01-06 09:55:00,1300.0,812.75
2013-01-06 09:56:00,1316.0,815.8
2013-01-06 09:57:00,1322.0,818.75
2013-01-06 09:58:00,1318.0,821.35
2013-01-06 09:59:00,1313.0,824.2
2013-01-06 10:00:00,1324.0,827.7
2013-01-06 10:01:00,1333.0,829.9
2013-01-06 10:02:00,1336.0,832.35
2013-01-06 10:03:00,1336.0,835.15
2013-01-06 10:04:00,1349.0,838.15
2013-01-06 10:05:00,1342.0,841.35
2013-01-06 10:06:00,1351.0,843.25
2013-01-06 10:07:00,1341.0,846.05
2013-01-06 10:08:00,1349.0,849.5
2013-01-06 10:09:00,1369.0,852.25
2013-01-06 10:10:00,1364.0,854.95
2013-01-06 10:11:00,1370.0,857.6
2013-01-06 10:12:00,1378.0,860.5
2013-01-06 10:13:00,1382.0,863.0
2013-01-06 10:14:00,1385.0,866.0
2013-01-06 10:15:00,1393.0,869.0
2013-01-06 10:16:00,1401.0,871.0
2013-01-06 10:17:00,1401.0,872.0
2013-01-06 10:18:00,1402.0,870.0
2013-01-06 10:19:00,1408.0,873.5
2013-01-06 10:20:00,1406.0,877.0
2013-01-06 10:21:00,1414.0,881.5
2013-01-06 10:22:00,1413.0,884.0
2013-01-06 10:23:00,1416.0,885.5
2013-01-06 10:24:00,1415.0,885.5
2013-01-06 10:25:00,1424.0,887.0
2013-01-06 10:26:00,1424.0,890.0
2013-01-06 10:27:00,1434.0,893.5
2013-01-06 10:28:00,1439.0,896.0
2013-01-06 10:29:00,1442.0,897.0
2013-01-06 10:30:00,1447.0,899.0
2013-01-06 10:31:00,1449.0,901.5
2013-01-06 10:32:00,1452.0,905.0
2013-01-06 10:33:00,1459.0,908.0
2013-01-06 10:34:00,1464.0,909.5
2013-01-06 10:35:00,1472.0,911.0
2013-01-06 10:36:00,1468.0,913.5
2013-01-06 10:37:00,1476.0,917.0
2013-01-06 10:38:00,1476.0,919.0
2013-01-06 10:39:00,1483.0,922.0
2013-01-06 10:40:00,1488.0,923.0
2013-01-06 10:41:00,1496.0,923.0
2013-01-06 10:42:00,1506.0,928.5
2013-01-06 10:43:00,1506.0,931.5
2013-01-06 10:44:00,1513.0,934.0
2013-01-06 10:45:00,1510.0,936.5
2013-01-06 10:46:00,1513.0,936.0
2013-01-06 10:47:00,1514.0,936.0
2013-01-06 10:48:00,1500.0,925.5
2013-01-06 10:49:00,1495.0,921.5
2013-01-06 10:50:00,1490.0,921.0
2013-01-06 10:51:00,1511.0,932.0
2013-01-06 10:52:00,1516.0,940.0
2013-01-06 10:53:00,1509.0,934.0
2013-01-06 10:54:00,1522.0,936.5
2013-01-06 10:55:00,1541.0,950.5
2013-01-06 10:56:00,1528.0,946.0
2013-01-06 10:57:00,1522.0,937.5
2013-01-06 10:58:00,1506.0,928.0
2013-01-06 10:59:00,1513.0,931.5
2013-01-06 11:00:00,1503.0,927.5
2013-01-06 11:01:00,1491.0,917.5
2013-01-06 11:02:00,1510.0,930.5
2013-01-06 11:03:00,1510.0,935.5
2013-01-06 11:04:00,1515.0,939.5
2013-01-06 11:05:00,1538.0,951.5
2013-01-06 11:06:00,1538.0,957.5
2013-01-06 11:07:00,1564.0,971.0
2013-01-06 11:08:00,1577.0,974.5
2013-01-06 11:09:00,1558.0,963.5
2013-01-06 11:10:00,1549.0,955.0
2013-01-06 11:11:00,1559.0,963.0
2013-01-06 11:12:00,1558.0,965.5
2013-01-06 11:13:00,1573.0,977.0
2013-01-06 11:14:00,1552.0,958.0
2013-01-06 11:15:00,1551.0,959.0
2013-01-06 11:16:00,1564.0,969.0
2013-01-06 11:17:00,1575.0,974.5
2013-01-06 11:18:00,1592.0,988.5
2013-01-06 11:19:00,1607.0,996.5
2013-01-06 11:20:00,1602.0,998.0
2013-01-06 11:21:00,1617.0,999.0
2013-01-06 11:22:00,1624.0,1000.5
2013-01-06 11:23:00,1616.0,998.0
2013-01-06 11:24:00,1610.0,999.0
2013-01-06 11:25:00,1616.0,998.0
2013-01-06 11:26:00,1610.0,995.0
2013-01-06 11:27:00,1622.0,1001.0
2013-01-06 11:28:00,1619.0,1003.5
2013-01-06 11:29:00,1612.0,1006.5
2013-01-06 11:30:00,1625.0,1007.0
2013-01-06 11:31:00,1618.0,1009.0
2013-01-06 11:32:00,1620.0,1009.5
2013-01-06 11:33:00,1623.0,1013.0
2013-01-06 11:34:00,1613.0,1007.5
2013-01-06 11:35:00,1608.0,998.5
2013-01-06 11:36:00,1604.0,999.5
2013-01-06 11:37:00,1597.0,576.585
2013-01-06 11:38:00,1592.0,747.25
2013-01-06 11:39:00,1546.0,919.5
2013-01-06 11:40:00,1510.0,504.0
2013-01-06 11:41:00,1527.0,512.0
2013-01-06 11:42:00,1509.0,864.7
2013-01-06 11:43:00,1503.0,932.5
2013-01-06 11:44:00,1514.0,592.95
2013-01-06 11:45:00,1530.0,508.0
2013-01-06 11:46:00,1501.0,775.4
2013-01-06 11:47:00,1477.0,897.5
2013-01-06 11:48:00,1508.0,921.0
2013-01-06 11:49:00,1540.0,947.5
2013-01-06 11:50:00,1548.0,960.5
2013-01-06 11:51:00,1536.0,589.15
2013-01-06 11:52:00,1561.0,521.542
2013-01-06 11:53:00,1570.0,527.021
2013-01-06 11:54:00,1603.0,539.0
2013-01-06 11:55:00,1588.0,536.0105
2013-01-06 11:56:00,1572.0,529.5105
2013-01-06 11:57:00,1589.0,533.5
2013-01-06 11:58:00,1591.0,534.0
2013-01-06 11:59:00,1558.0,525.0
2013-01-06 12:00:00,1536.0,523.0
2013-01-06 12:01:00,1343.0,452.5
2013-01-06 12:02:00,1302.0,431.5
2013-01-06 12:03:00,1390.0,459.5
2013-01-06 12:04:00,1451.0,487.5
2013-01-06 12:05:00,1362.0,451.0
2013-01-06 12:06:00,1399.0,465.5
2013-01-06 12:07:00,1442.0,482.0
2013-01-06 12:08:00,1508.0,500.0
2013-01-06 12:09:00,1611.0,543.5
2013-01-06 12:10:00,1635.0,551.0
2013-01-06 12:11:00,1611.0,551.042
2013-01-06 12:12:00,1380.0,468.5
2013-01-06 12:13:00,1450.0,488.0
2013-01-06 12:14:00,1441.0,483.0
2013-01-06 12:15:00,1519.0,514.5
2013-01-06 12:16:00,1424.0,478.0
2013-01-06 12:17:00,1520.0,515.5
2013-01-06 12:18:00,1479.0,499.9895
2013-01-06 12:19:00,1455.0,488.5
2013-01-06 12:20:00,1479.0,498.0
2013-01-06 12:21:00,1494.0,504.0
2013-01-06 12:22:00,1456.0,492.0
2013-01-06 12:23:00,1431.0,484.0
2013-01-06 12:24:00,1352.0,452.5
2013-01-06 12:25:00,1326.0,443.0
2013-01-06 12:26:00,1295.0,430.5
2013-01-06 12:27:00,1264.0,419.5
2013-01-06 12:28:00,1295.0,427.5105
2013-01-06 12:29:00,1253.0,414.0
2013-01-06 12:30:00,1267.0,418.5
2013-01-06 12:31:00,1276.0,421.0
2013-01-06 12:32:00,1338.0,436.0
2013-01-06 12:33:00,1302.0,428.5
2013-01-06 12:34:00,1329.0,435.5
2013-01-06 12:35:00,1369.0,452.0
2013-01-06 12:36:00,1417.0,469.9895
2013-01-06 12:37:00,1328.0,438.5
2013-01-06 12:38:00,1408.0,463.0105
2013-01-06 12:39:00,1334.0,444.0105
2013-01-06 12:40:00,1275.0,421.0
2013-01-06 12:41:00,1231.0,406.0
2013-01-06 12:42:00,1268.0,413.5
2013-01-06 12:43:00,1444.0,479.0
2013-01-06 12:44:00,1416.0,475.0
2013-01-06 12:45:00,1407.0,468.0
2013-01-06 12:46:00,1455.0,488.5
2013-01-06 12:47:00,1440.0,482.5
2013-01-06 12:48:00,1440.0,479.5
2013-01-06 12:49:00,1449.0,488.0
2013-01-06 12:50:00,1381.0,464.5
2013-01-06 12:51:00,1454.0,492.5
2013-01-06 12:52:00,1422.0,483.5
2013-01-06 12:53:00,1379.0,465.0
2013-01-06 12:54:00,1382.0,467.5
2013-01-06 12:55:00,1300.0,441.0
2013-01-06 12:56:00,1335.0,447.5
2013-01-06 12:57:00,1325.0,446.5
2013-01-06 12:58:00,1307.0,441.0
2013-01-06 12:59:00,1188.0,400.5
2013-01-06 13:00:00,1209.0,405.5
2013-01-06 13:01:00,1289.0,433.5
2013-01-06 13:02:00,1366.0,462.0
2013-01-06 13:03:00,1367.0,462.5
2013-01-06 13:04:00,1363.0,465.0
2013-01-06 13:05:00,1351.0,459.0
2013-01-06 13:06:00,1486.0,505.5
2013-01-06 13:07:00,1475.0,507.0
2013-01-06 13:08:00,1431.0,493.0
2013-01-06 13:09:00,1285.0,441.0
2013-01-06 13:10:00,1245.0,425.0
2013-01-06 13:11:00,1052.0,361.35
2013-01-06 13:12:00,1072.0,354.55
2013-01-06 13:13:00,1259.0,424.5
2013-01-06 13:14:00,1153.0,391.7
2013-01-06 13:15:00,1007.0,338.7
2013-01-06 13:16:00,1085.0,360.08950000000004
2013-01-06 13:17:00,1228.0,406.9895
2013-01-06 13:18:00,1190.0,404.5
2013-01-06 13:19:00,951.0,316.0
2013-01-06 13:20:00,1114.0,362.6475
2013-01-06 13:21:00,1263.0,419.0
2013-01-06 13:22:00,1219.0,409.5
2013-01-06 13:23:00,1158.0,385.3
2013-01-06 13:24:00,1123.0,375.45
2013-01-06 13:25:00,1090.0,362.0
2013-01-06 13:26:00,1090.0,360.95
2013-01-06 13:27:00,1075.0,355.35
2013-01-06 13:28:00,1072.0,352.15
2013-01-06 13:29:00,992.0,330.6
2013-01-06 13:30:00,919.0,301.95
2013-01-06 13:31:00,962.0,313.65
2013-01-06 13:32:00,1029.0,334.1
2013-01-06 13:33:00,974.0,319.65
2013-01-06 13:34:00,905.0,298.35
2013-01-06 13:35:00,918.0,297.65
2013-01-06 13:36:00,853.0,278.6
2013-01-06 13:37:00,798.9,261.15
2013-01-06 13:38:00,768.3,250.1395
2013-01-06 13:39:00,860.0,276.95
2013-01-06 13:40:00,871.0,284.4
2013-01-06 13:41:00,938.0,303.85
2013-01-06 13:42:00,911.0,296.75
2013-01-06 13:43:00,885.0,286.31649999999996
2013-01-06 13:44:00,930.0,300.458
2013-01-06 13:45:00,903.0,292.779
2013-01-06 13:46:00,748.8,325.0
2013-01-06 13:47:00,709.9,429.20000000000005
2013-01-06 13:48:00,711.4,427.95
2013-01-06 13:49:00,702.8,423.75
2013-01-06 13:50:00,613.9,372.4
2013-01-06 13:51:00,643.9,384.85
2013-01-06 13:52:00,649.6,387.4
2013-01-06 13:53:00,669.5,397.6
2013-01-06 13:54:00,635.5,379.75
2013-01-06 13:55:00,620.4,370.5
2013-01-06 13:56:00,727.4,427.05
2013-01-06 13:57:00,814.0,479.4
2013-01-06 13:58:00,907.0,538.65
2013-01-06 13:59:00,845.0,502.75
2013-01-06 14:00:00,823.0,489.55
2013-01-06 14:01:00,918.0,543.2
2013-01-06 14:02:00,960.0,572.6
2013-01-06 14:03:00,1017.0,610.1500000000001
2013-01-06 14:04:00,1072.0,645.8
2013-01-06 14:05:00,1167.0,708.7
2013-01-06 14:06:00,1304.0,804.25
2013-01-06 14:07:00,1271.0,582.4
2013-01-06 14:08:00,1227.0,410.5
2013-01-06 14:09:00,1245.0,415.5
2013-01-06 14:10:00,1205.0,405.0
2013-01-06 14:11:00,1168.0,391.75
2013-01-06 14:12:00,1086.0,365.55
2013-01-06 14:13:00,1031.0,348.15
2013-01-06 14:14:00,1025.0,344.5
2013-01-06 14:15:00,1035.0,349.75
2013-01-06 14:16:00,1025.0,346.45
2013-01-06 14:17:00,1028.0,345.2
2013-01-06 14:18:00,1057.0,354.35
2013-01-06 14:19:00,1106.0,374.8
2013-01-06 14:20:00,1092.0,372.1
2013-01-06 14:21:00,1103.0,375.9
2013-01-06 14:22:00,1164.0,397.6
2013-01-06 14:23:00,1171.0,402.5
2013-01-06 14:24:00,1136.0,391.856
2013-01-06 14:25:00,1081.0,369.62899999999996
2013-01-06 14:26:00,1142.0,392.15
2013-01-06 14:27:00,1123.0,387.25
2013-01-06 14:28:00,1134.0,392.55
2013-01-06 14:29:00,1153.0,398.53950000000003
2013-01-06 14:30:00,1113.0,387.95
2013-01-06 14:31:00,1060.0,366.55
2013-01-06 14:32:00,1081.0,375.1
2013-01-06 14:33:00,1060.0,370.4
2013-01-06 14:34:00,1010.0,352.4
2013-01-06 14:35:00,975.0,338.2
2013-01-06 14:36:00,981.0,341.4
2013-01-06 14:37:00,974.0,340.55
2013-01-06 14:38:00,907.0,319.05
2013-01-06 14:39:00,885.0,307.4
2013-01-06 14:40:00,893.0,311.35
2013-01-06 14:41:00,918.0,318.6
2013-01-06 14:42:00,945.0,329.05
2013-01-06 14:43:00,872.0,304.45
2013-01-06 14:44:00,822.0,286.45
2013-01-06 14:45:00,734.5,258.2
2013-01-06 14:46:00,629.0,218.7
2013-01-06 14:47:00,624.5,215.6
2013-01-06 14:48:00,559.2,193.75
2013-01-06 14:49:00,499.6,172.7
2013-01-06 14:50:00,473.7,161.5
2013-01-06 14:51:00,494.9,165.787
2013-01-06 14:52:00,507.2,169.035
2013-01-06 14:53:00,536.7,175.02450000000002
2013-01-06 14:54:00,559.4,180.935
2013-01-06 14:55:00,583.8,186.67450000000002
2013-01-06 14:56:00,629.1,200.17450000000002
2013-01-06 14:57:00,662.9,206.0745
2013-01-06 14:58:00,772.1,231.4745
2013-01-06 14:59:00,739.4,208.17450000000002
2013-01-06 15:00:00,675.3,169.77450000000002
2013-01-06 15:01:00,628.4,143.7245
2013-01-06 15:02:00,568.9,120.5245
2013-01-06 15:03:00,607.6,110.1745
2013-01-06 15:04:00,553.4,102.6745
2013-01-06 15:05:00,489.2,97.2745
2013-01-06 15:06:00,453.5,93.5245
2013-01-06 15:07:00,402.2,90.7745
2013-01-06 15:08:00,471.5,88.72449999999999
2013-01-06 15:09:00,494.5,88.3245
2013-01-06 15:10:00,500.1,88.5745
2013-01-06 15:11:00,485.5,90.1745
2013-01-06 15:12:00,455.8,94.4245
2013-01-06 15:13:00,480.0,107.5745
2013-01-06 15:14:00,510.3,121.8745
2013-01-06 15:15:00,456.1,122.5745
2013-01-06 15:16:00,453.2,135.535
2013-01-06 15:17:00,438.4,139.27450000000002
2013-01-06 15:18:00,409.7,134.92450000000002
2013-01-06 15:19:00,342.8,113.1745
2013-01-06 15:20:00,329.0,108.8245
2013-01-06 15:21:00,345.9,116.3245
2013-01-06 15:22:00,288.2,96.635
2013-01-06 15:23:00,272.2,170.3
2013-01-06 15:24:00,268.8,172.0
2013-01-06 15:25:00,250.4,157.35
2013-01-06 15:26:00,226.8,144.55
2013-01-06 15:27:00,216.4,134.75
2013-01-06 15:28:00,216.8,129.6
2013-01-06 15:29:00,216.4,125.65
2013-01-06 15:30:00,216.3,122.60000000000001
2013-01-06 15:31:00,206.3,119.95
2013-01-06 15:32:00,198.5,117.95
2013-01-06 15:33:00,198.2,116.1
2013-01-06 15:34:00,198.3,114.3
2013-01-06 15:35:00,198.2,113.0
2013-01-06 15:36:00,198.5,112.85
2013-01-06 15:37:00,198.3,114.65
2013-01-06 15:38:00,198.2,118.65
2013-01-06 15:39:00,206.2,130.75
2013-01-06 15:40:00,234.1,171.45
2013-01-06 15:41:00,336.8,276.95
2013-01-06 15:42:00,437.4,391.1
2013-01-06 15:43:00,405.8,365.45000000000005
2013-01-06 15:44:00,415.2,370.9
2013-01-06 15:45:00,394.5,367.25
2013-01-06 15:46:00,368.5,345.9
2013-01-06 15:47:00,351.5,325.4
2013-01-06 15:48:00,290.6,256.25
2013-01-06 15:49:00,254.0,222.7
2013-01-06 15:50:00,252.4,221.55
2013-01-06 15:51:00,250.9,210.95
2013-01-06 15:52:00,232.8,177.8
2013-01-06 15:53:00,216.3,148.39999999999998
2013-01-06 15:54:00,216.3,151.6
2013-01-06 15:55:00,216.5,149.55
2013-01-06 15:56:00,216.3,140.85
2013-01-06 15:57:00,216.5,136.3
2013-01-06 15:58:00,214.6,150.4
2013-01-06 15:59:00,212.5,176.3
2013-01-06 16:00:00,189.7,173.7
2013-01-06 16:01:00,157.6,139.8
2013-01-06 16:02:00,132.8,108.1
2013-01-06 16:03:00,121.9,84.30000000000001
2013-01-06 16:04:00,106.7,76.215
2013-01-06 16:05:00,108.3,72.02000000000001
2013-01-06 16:06:00,108.1,68.53
2013-01-06 16:07:00,108.1,67.12
2013-01-06 16:08:00,108.2,63.629999999999995
2013-01-06 16:09:00,108.1,59.82
2013-01-06 16:10:00,108.0,57.325
2013-01-06 16:11:00,107.4,55.185
2013-01-06 16:12:00,91.7,52.84
2013-01-06 16:13:00,89.9,50.71
2013-01-06 16:14:00,90.2,48.57
2013-01-06 16:15:00,87.2,46.64
2013-01-06 16:16:00,72.25,44.739999999999995
2013-01-06 16:17:00,72.1,42.974999999999994
2013-01-06 16:18:00,57.74,41.185
2013-01-06 16:19:00,54.0,39.644999999999996
2013-01-06 16:20:00,54.12,38.07
2013-01-06 16:21:00,54.15,36.480000000000004
2013-01-06 16:22:00,54.09,34.86
2013-01-06 16:23:00,54.02,33.28
2013-01-06 16:24:00,54.14,31.560000000000002
2013-01-06 16:25:00,54.17,29.955
2013-01-06 16:26:00,45.76,28.435
2013-01-06 16:27:00,36.02,26.884999999999998
2013-01-06 16:28:00,18.02,25.205
2013-01-06 16:29:00,1.505,23.59
2013-01-06 16:30:00,4.029,21.939999999999998
2013-01-06 16:31:00,7.945,20.185000000000002
2013-01-06 16:32:00,0.0,18.66
2013-01-06 16:33:00,3.855,17.14
2013-01-06 16:34:00,0.0,15.665
2013-01-06 16:35:00,1.452,14.2
2013-01-06 16:36:00,5.469,12.865
2013-01-06 16:37:00,0.0,11.555
2013-01-06 16:38:00,4.624,10.315000000000001
2013-01-06 16:39:00,0.0,9.068
2013-01-06 16:40:00,2.916,7.906000000000001
2013-01-06 16:41:00,1.491,6.756
2013-01-06 16:42:00,1.183,5.6785
2013-01-06 16:43:00,0.899,4.66
2013-01-06 16:44:00,0.0,4.048
2013-01-06 16:45:00,0.0,3.439
2013-01-06 16:46:00,0.0,2.8445
2013-01-06 16:47:00,0.0,2.127
2013-01-06 16:48:00,0.0,1.732
2013-01-06 16:49:00,0.0,0.909
2013-01-06 16:50:00,0.0,0.6890000000000001
2013-01-06 16:51:00,0.0,0.19900000000000007
2013-01-06 16:52:00,0.0,-0.04600000000000004
2013-01-06 16:53:00,0.0,-0.1925
2013-01-06 16:54:00,0.0,-0.35
2013-01-06 16:55:00,0.0,-0.914
2013-01-06 16:56:00,0.0,-1.0750000000000002
2013-01-06 16:57:00,0.0,-1.1800000000000002
2013-01-06 16:58:00,0.0,-1.264
2013-01-06 16:59:00,0.0,-1.3055
2013-01-06 17:00:00,0.0,-1.3055
2013-01-06 17:01:00,0.0,-1.3055
2013-01-06 17:02:00,0.0,-1.4315
2013-01-06 17:03:00,0.0,-1.4315
2013-01-06 17:04:00,0.0,-1.4315
2013-01-06 17:05:00,0.0,-1.4315
2013-01-06 17:06:00,0.0,-1.4315
2013-01-06 17:07:00,0.0,-1.432
2013-01-06 17:08:00,0.0,-1.4635
2013-01-06 17:09:00,0.0,-1.5575
2013-01-06 17:10:00,0.0,-1.5575
2013-01-06 17:11:00,0.0,-1.5575
2013-01-06 17:12:00,0.0,-1.5995
2013-01-06 17:13:00,0.0,-1.6835
2013-01-06 17:14:00,0.0,-1.6835
2013-01-06 17:15:00,0.0,-1.6835
2013-01-06 17:16:00,0.0,-1.6835
2013-01-06 17:17:00,0.0,-1.6835
2013-01-06 17:18:00,0.0,-1.6835
2013-01-06 17:19:00,0.0,-1.6835
2013-01-06 17:20:00,0.0,-1.6835
2013-01-06 17:21:00,0.0,-1.684
2013-01-06 17:22:00,0.0,-1.684
2013-01-06 17:23:00,0.0,-1.684
2013-01-06 17:24:00,0.0,-1.684
2013-01-06 17:25:00,0.0,-1.684
2013-01-06 17:26:00,0.0,-1.684
2013-01-06 17:27:00,0.0,-1.684
2013-01-06 17:28:00,0.0,-1.684
2013-01-06 17:29:00,0.0,-1.684
2013-01-06 17:30:00,0.0,-1.684
2013-01-06 17:31:00,0.0,-1.684
2013-01-06 17:32:00,0.0,-1.684
2013-01-06 17:33:00,0.0,-1.684
2013-01-06 17:34:00,0.0,-2.021
2013-01-06 17:35:00,0.0,-2.133
2013-01-06 17:36:00,0.0,-1.8805
2013-01-06 17:37:00,0.0,-1.684
2013-01-06 17:38:00,0.0,-1.684
2013-01-06 17:39:00,0.0,-1.684
2013-01-06 17:40:00,0.0,-1.684
2013-01-06 17:41:00,0.0,-1.684
2013-01-06 17:42:00,0.0,-1.684
2013-01-06 17:43:00,0.0,-1.684
2013-01-06 17:44:00,0.0,-1.684
2013-01-06 17:45:00,0.0,-1.684
2013-01-06 17:46:00,0.0,-1.684
2013-01-06 17:47:00,0.0,-1.684
2013-01-06 17:48:00,0.0,-1.684
2013-01-06 17:49:00,0.0,-1.7405
2013-01-06 17:50:00,0.0,-2.049
2013-01-06 17:51:00,0.0,-2.33
2013-01-06 17:52:00,0.0,-2.358
2013-01-06 17:53:00,0.0,-2.358
2013-01-06 17:54:00,0.0,-2.358
2013-01-06 17:55:00,0.0,-2.358
2013-01-06 17:56:00,0.0,-2.358
2013-01-06 17:57:00,0.0,-2.358
2013-01-06 17:58:00,0.0,-2.358
2013-01-06 17:59:00,0.0,-2.358
2013-01-06 18:00:00,0.0,-2.1615
2013-01-06 18:01:00,0.0,-1.7965
2013-01-06 18:02:00,0.0,-1.6845
2013-01-06 18:03:00,0.0,-1.6845
2013-01-06 18:04:00,0.0,-1.6845
2013-01-06 18:05:00,0.0,-1.6845
2013-01-06 18:06:00,0.0,-1.6845
2013-01-06 18:07:00,0.0,-1.6845
2013-01-06 18:08:00,0.0,-1.6845
2013-01-06 18:09:00,0.0,-1.6845
2013-01-06 18:10:00,0.0,-1.6845
2013-01-06 18:11:00,0.0,-1.544
2013-01-06 18:12:00,0.0,-1.4035
2013-01-06 18:13:00,0.0,-1.6
2013-01-06 18:14:00,0.0,-1.516
2013-01-06 18:15:00,0.0,-1.151
2013-01-06 18:16:00,0.0,-1.2635
2013-01-06 18:17:00,0.0,-1.067
2013-01-06 18:18:00,0.0,-1.0105
2013-01-06 18:19:00,0.0,-1.0105
2013-01-06 18:20:00,0.0,-1.0105
2013-01-06 18:21:00,0.0,-1.0105
2013-01-06 18:22:00,0.0,-1.0105
2013-01-06 18:23:00,0.0,-1.0105
2013-01-06 18:24:00,0.0,-1.0105
2013-01-06 18:25:00,0.0,-1.0105
2013-01-06 18:26:00,0.0,-1.0105
2013-01-06 18:27:00,0.0,-1.0105
2013-01-06 18:28:00,0.0,-1.0105
2013-01-06 18:29:00,0.0,-1.0105
2013-01-06 18:30:00,0.0,-1.0105
2013-01-06 18:31:00,0.0,-1.0105
2013-01-06 18:32:00,0.0,-1.0105
2013-01-06 18:33:00,0.0,-1.011
2013-01-06 18:34:00,0.0,-1.011
2013-01-06 18:35:00,0.0,-1.011
2013-01-06 18:36:00,0.0,-1.011
2013-01-06 18:37:00,0.0,-1.011
2013-01-06 18:38:00,0.0,-1.011
2013-01-06 18:39:00,0.0,-1.011
2013-01-06 18:40:00,0.0,-1.011
2013-01-06 18:41:00,0.0,-1.011
2013-01-06 18:42:00,0.0,-1.011
2013-01-06 18:43:00,0.0,-1.488
2013-01-06 18:44:00,0.0,-1.6845
2013-01-06 18:45:00,0.0,-1.6845
2013-01-06 18:46:00,0.0,-1.6845
2013-01-06 18:47:00,0.0,-1.6845
2013-01-06 18:48:00,0.0,-1.3475
2013-01-06 18:49:00,0.0,-1.067
2013-01-06 18:50:00,0.0,-1.011
2013-01-06 18:51:00,0.0,-1.011
2013-01-06 18:52:00,0.0,-1.011
2013-01-06 18:53:00,0.0,-1.011
2013-01-06 18:54:00,0.0,-1.011
2013-01-06 18:55:00,0.0,-1.011
2013-01-06 18:56:00,0.0,-1.011
2013-01-06 18:57:00,0.0,-1.1515
2013-01-06 18:58:00,0.0,-1.5165
2013-01-06 18:59:00,0.0,-1.685
2013-01-06 19:00:00,0.0,-1.685
2013-01-06 19:01:00,0.0,-1.685
2013-01-06 19:02:00,0.0,-1.685
2013-01-06 19:03:00,0.0,-1.685
2013-01-06 19:04:00,0.0,-1.685
2013-01-06 19:05:00,0.0,-1.404
2013-01-06 19:06:00,0.0,-1.2635
2013-01-06 19:07:00,0.0,-1.011
2013-01-06 19:08:00,0.0,-1.011
2013-01-06 19:09:00,0.0,-1.011
2013-01-06 19:10:00,0.0,-1.011
2013-01-06 19:11:00,0.0,-1.011
2013-01-06 19:12:00,0.0,-1.011
2013-01-06 19:13:00,0.0,-1.011
2013-01-06 19:14:00,0.0,-1.011
2013-01-06 19:15:00,0.0,-1.011
2013-01-06 19:16:00,0.0,-1.011
2013-01-06 19:17:00,0.0,-1.011
2013-01-06 19:18:00,0.0,-0.955
2013-01-06 19:19:00,0.0,-0.73
2013-01-06 19:20:00,0.0,-1.011
2013-01-06 19:21:00,0.0,-1.011
2013-01-06 19:22:00,0.0,-1.011
2013-01-06 19:23:00,0.0,-1.011
2013-01-06 19:24:00,0.0,-1.011
2013-01-06 19:25:00,0.0,-1.011
2013-01-06 19:26:00,0.0,-1.011
2013-01-06 19:27:00,0.0,-1.011
2013-01-06 19:28:00,0.0,-1.0675
2013-01-06 19:29:00,0.0,-1.2075
2013-01-06 19:30:00,0.0,-1.348
2013-01-06 19:31:00,0.0,-1.236
2013-01-06 19:32:00,0.0,-1.039
2013-01-06 19:33:00,0.0,-1.0675
2013-01-06 19:34:00,0.0,-1.011
2013-01-06 19:35:00,0.0,-1.011
2013-01-06 19:36:00,0.0,-1.011
2013-01-06 19:37:00,0.0,-1.011
2013-01-06 19:38:00,0.0,-1.011
2013-01-06 19:39:00,0.0,-1.011
2013-01-06 19:40:00,0.0,-1.011
2013-01-06 19:41:00,0.0,-1.011
2013-01-06 19:42:00,0.0,-1.011
2013-01-06 19:43:00,0.0,-1.011
2013-01-06 19:44:00,0.0,-1.011
2013-01-06 19:45:00,0.0,-1.011
2013-01-06 19:46:00,0.0,-1.011
2013-01-06 19:47:00,0.0,-1.011
2013-01-06 19:48:00,0.0,-1.011
2013-01-06 19:49:00,0.0,-1.011
2013-01-06 19:50:00,0.0,-1.011
2013-01-06 19:51:00,0.0,-1.011
2013-01-06 19:52:00,0.0,-1.011
2013-01-06 19:53:00,0.0,-1.011
2013-01-06 19:54:00,0.0,-1.011
2013-01-06 19:55:00,0.0,-1.011
2013-01-06 19:56:00,0.0,-0.702
2013-01-06 19:57:00,0.0,-0.674
2013-01-06 19:58:00,0.0,-0.7305
2013-01-06 19:59:00,0.0,-0.927
2013-01-06 20:00:00,0.0,-0.983
2013-01-06 20:01:00,0.0,-1.011
2013-01-06 20:02:00,0.0,-1.011
2013-01-06 20:03:00,0.0,-1.011
2013-01-06 20:04:00,0.0,-1.011
2013-01-06 20:05:00,0.0,-1.011
2013-01-06 20:06:00,0.0,-1.011
2013-01-06 20:07:00,0.0,-1.011
2013-01-06 20:08:00,0.0,-1.011
2013-01-06 20:09:00,0.0,-1.011
2013-01-06 20:10:00,0.0,-0.955
2013-01-06 20:11:00,0.0,-0.674
2013-01-06 20:12:00,0.0,-0.7305
2013-01-06 20:13:00,0.0,-1.011
2013-01-06 20:14:00,0.0,-1.011
2013-01-06 20:15:00,0.0,-0.983
2013-01-06 20:16:00,0.0,-0.702
2013-01-06 20:17:00,0.0,-0.674
2013-01-06 20:18:00,0.0,-0.674
2013-01-06 20:19:00,0.0,-0.674
2013-01-06 20:20:00,0.0,-0.674
2013-01-06 20:21:00,0.0,-0.674
2013-01-06 20:22:00,0.0,-0.646
2013-01-06 20:23:00,0.0,-0.4215
2013-01-06 20:24:00,0.0,-0.674
2013-01-06 20:25:00,0.0,-0.674
2013-01-06 20:26:00,0.0,-0.674
2013-01-06 20:27:00,0.0,-0.674
2013-01-06 20:28:00,0.0,-0.674
2013-01-06 20:29:00,0.0,-0.674
2013-01-06 20:30:00,0.0,-0.674
2013-01-06 20:31:00,0.0,-0.674
2013-01-06 20:32:00,0.0,-0.674
2013-01-06 20:33:00,0.0,-0.674
2013-01-06 20:34:00,0.0,-0.674
2013-01-06 20:35:00,0.0,-0.674
2013-01-06 20:36:00,0.0,-0.674
2013-01-06 20:37:00,0.0,-0.674
2013-01-06 20:38:00,0.0,-0.674
2013-01-06 20:39:00,0.0,-0.674
2013-01-06 20:40:00,0.0,-0.674
2013-01-06 20:41:00,0.0,-0.674
2013-01-06 20:42:00,0.0,-0.674
2013-01-06 20:43:00,0.0,-0.7585
2013-01-06 20:44:00,0.0,-0.7585
2013-01-06 20:45:00,0.0,-0.927
2013-01-06 20:46:00,0.0,-0.8705
2013-01-06 20:47:00,0.0,-1.011
2013-01-06 20:48:00,0.0,-1.011
2013-01-06 20:49:00,0.0,-0.983
2013-01-06 20:50:00,0.0,-0.983
2013-01-06 20:51:00,0.0,-0.955
2013-01-06 20:52:00,0.0,-1.011
2013-01-06 20:53:00,0.0,-0.7585
2013-01-06 20:54:00,0.0,-0.7865
2013-01-06 20:55:00,0.0,-0.674
2013-01-06 20:56:00,0.0,-0.8145
2013-01-06 20:57:00,0.0,-0.674
2013-01-06 20:58:00,0.0,-0.674
2013-01-06 20:59:00,0.0,-0.674
2013-01-06 21:00:00,0.0,-0.674
2013-01-06 21:01:00,0.0,-0.674
2013-01-06 21:02:00,0.0,-0.674
2013-01-06 21:03:00,0.0,-0.674
2013-01-06 21:04:00,0.0,-0.674
2013-01-06 21:05:00,0.0,-0.674
2013-01-06 21:06:00,0.0,-0.674
2013-01-06 21:07:00,0.0,-0.702
2013-01-06 21:08:00,0.0,-0.8145
2013-01-06 21:09:00,0.0,-0.8145
2013-01-06 21:10:00,0.0,-0.983
2013-01-06 21:11:00,0.0,-1.011
2013-01-06 21:12:00,0.0,-0.8985
2013-01-06 21:13:00,0.0,-0.73
2013-01-06 21:14:00,0.0,-0.674
2013-01-06 21:15:00,0.0,-0.8425
2013-01-06 21:16:00,0.0,-1.011
2013-01-06 21:17:00,0.0,-1.039
2013-01-06 21:18:00,0.0,-1.6285
2013-01-06 21:19:00,0.0,-1.6845
2013-01-06 21:20:00,0.0,-1.6845
2013-01-06 21:21:00,0.0,-1.6845
2013-01-06 21:22:00,0.0,-1.6845
2013-01-06 21:23:00,0.0,-1.6845
2013-01-06 21:24:00,0.0,-1.6845
2013-01-06 21:25:00,0.0,-1.6845
2013-01-06 21:26:00,0.0,-1.6845
2013-01-06 21:27:00,0.0,-1.6845
2013-01-06 21:28:00,0.0,-1.6845
2013-01-06 21:29:00,0.0,-1.6845
2013-01-06 21:30:00,0.0,-1.6845
2013-01-06 21:31:00,0.0,-1.6845
2013-01-06 21:32:00,0.0,-1.6845
2013-01-06 21:33:00,0.0,-1.6285
2013-01-06 21:34:00,0.0,-1.151
2013-01-06 21:35:00,0.0,-1.0105
2013-01-06 21:36:00,0.0,-1.0105
2013-01-06 21:37:00,0.0,-1.0105
2013-01-06 21:38:00,0.0,-1.0105
2013-01-06 21:39:00,0.0,-1.0105
2013-01-06 21:40:00,0.0,-1.0105
2013-01-06 21:41:00,0.0,-1.0105
2013-01-06 21:42:00,0.0,-1.0105
2013-01-06 21:43:00,0.0,-1.0105
2013-01-06 21:44:00,0.0,-1.0105
2013-01-06 21:45:00,0.0,-1.0105
2013-01-06 21:46:00,0.0,-1.0105
2013-01-06 21:47:00,0.0,-1.0105
2013-01-06 21:48:00,0.0,-1.0105
2013-01-06 21:49:00,0.0,-1.0105
2013-01-06 21:50:00,0.0,-1.0105
2013-01-06 21:51:00,0.0,-1.0105
2013-01-06 21:52:00,0.0,-1.0105
2013-01-06 21:53:00,0.0,-0.8985
2013-01-06 21:54:00,0.0,-0.674
2013-01-06 21:55:00,0.0,-0.842
2013-01-06 21:56:00,0.0,-1.0105
2013-01-06 21:57:00,0.0,-1.0105
2013-01-06 21:58:00,0.0,-1.0105
2013-01-06 21:59:00,0.0,-1.0105
2013-01-06 22:00:00,0.0,-1.0105
2013-01-06 22:01:00,0.0,-0.9545
2013-01-06 22:02:00,0.0,-0.786
2013-01-06 22:03:00,0.0,-0.758
2013-01-06 22:04:00,0.0,-0.674
2013-01-06 22:05:00,0.0,-0.674
2013-01-06 22:06:00,0.0,-0.674
2013-01-06 22:07:00,0.0,-0.674
2013-01-06 22:08:00,0.0,-0.674
2013-01-06 22:09:00,0.0,-0.674
2013-01-06 22:10:00,0.0,-0.674
2013-01-06 22:11:00,0.0,-0.674
2013-01-06 22:12:00,0.0,-0.9265
2013-01-06 22:13:00,0.0,-1.0105
2013-01-06 22:14:00,0.0,-1.0105
2013-01-06 22:15:00,0.0,-1.0105
2013-01-06 22:16:00,0.0,-1.0105
2013-01-06 22:17:00,0.0,-1.0105
2013-01-06 22:18:00,0.0,-1.0105
2013-01-06 22:19:00,0.0,-1.0105
2013-01-06 22:20:00,0.0,-1.0105
2013-01-06 22:21:00,0.0,-1.0105
2013-01-06 22:22:00,0.0,-1.0105
2013-01-06 22:23:00,0.0,-1.0105
2013-01-06 22:24:00,0.0,-1.0105
2013-01-06 22:25:00,0.0,-1.0105
2013-01-06 22:26:00,0.0,-1.0105
2013-01-06 22:27:00,0.0,-1.0105
2013-01-06 22:28:00,0.0,-1.0105
2013-01-06 22:29:00,0.0,-1.0105
2013-01-06 22:30:00,0.0,-1.0665
2013-01-06 22:31:00,0.0,-1.6
2013-01-06 22:32:00,0.0,-1.6845
2013-01-06 22:33:00,0.0,-1.628
2013-01-06 22:34:00,0.0,-1.516
2013-01-06 22:35:00,0.0,-1.151
2013-01-06 22:36:00,0.0,-1.0105
2013-01-06 22:37:00,0.0,-1.0105
2013-01-06 22:38:00,0.0,-1.0105
2013-01-06 22:39:00,0.0,-1.0105
2013-01-06 22:40:00,0.0,-1.0105
2013-01-06 22:41:00,0.0,-1.0105
2013-01-06 22:42:00,0.0,-1.0105
2013-01-06 22:43:00,0.0,-1.0105
2013-01-06 22:44:00,0.0,-1.0105
2013-01-06 22:45:00,0.0,-1.0105
2013-01-06 22:46:00,0.0,-1.0105
2013-01-06 22:47:00,0.0,-1.0105
2013-01-06 22:48:00,0.0,-1.0105
2013-01-06 22:49:00,0.0,-1.0105
2013-01-06 22:50:00,0.0,-1.0105
2013-01-06 22:51:00,0.0,-1.0105
2013-01-06 22:52:00,0.0,-1.0105
2013-01-06 22:53:00,0.0,-1.0105
2013-01-06 22:54:00,0.0,-1.0105
2013-01-06 22:55:00,0.0,-1.0105
2013-01-06 22:56:00,0.0,-1.0105
2013-01-06 22:57:00,0.0,-1.0105
2013-01-06 22:58:00,0.0,-1.0105
2013-01-06 22:59:00,0.0,-1.0105
2013-01-06 23:00:00,0.0,-1.0105
2013-01-06 23:01:00,0.0,-0.9265
2013-01-06 23:02:00,0.0,-0.9545
2013-01-06 23:03:00,0.0,-0.842
2013-01-06 23:04:00,0.0,-0.758
2013-01-06 23:05:00,0.0,-0.842
2013-01-06 23:06:00,0.0,-0.758
2013-01-06 23:07:00,0.0,-0.842
2013-01-06 23:08:00,0.0,-0.9545
2013-01-06 23:09:00,0.0,-0.9825
2013-01-06 23:10:00,0.0,-0.87
2013-01-06 23:11:00,0.0,-1.0105
2013-01-06 23:12:00,0.0,-1.0105
2013-01-06 23:13:00,0.0,-1.0105
2013-01-06 23:14:00,0.0,-1.0105
2013-01-06 23:15:00,0.0,-1.0105
2013-01-06 23:16:00,0.0,-1.0105
2013-01-06 23:17:00,0.0,-1.0105
2013-01-06 23:18:00,0.0,-1.0105
2013-01-06 23:19:00,0.0,-1.0105
2013-01-06 23:20:00,0.0,-1.0105
2013-01-06 23:21:00,0.0,-1.0105
2013-01-06 23:22:00,0.0,-1.0105
2013-01-06 23:23:00,0.0,-1.0105
2013-01-06 23:24:00,0.0,-1.0105
2013-01-06 23:25:00,0.0,-1.0105
2013-01-06 23:26:00,0.0,-1.0105
2013-01-06 23:27:00,0.0,-1.0945
2013-01-06 23:28:00,0.0,-1.684
2013-01-06 23:29:00,0.0,-1.684
2013-01-06 23:30:00,0.0,-1.684
2013-01-06 23:31:00,0.0,-1.684
2013-01-06 23:32:00,0.0,-1.684
2013-01-06 23:33:00,0.0,-1.4035
2013-01-06 23:34:00,0.0,-1.0665
2013-01-06 23:35:00,0.0,-1.0105
2013-01-06 23:36:00,0.0,-1.0105
2013-01-06 23:37:00,0.0,-1.0105
2013-01-06 23:38:00,0.0,-1.0105
2013-01-06 23:39:00,0.0,-1.0105
2013-01-06 23:40:00,0.0,-1.0105
2013-01-06 23:41:00,0.0,-1.0105
2013-01-06 23:42:00,0.0,-1.0105
2013-01-06 23:43:00,0.0,-1.0105
2013-01-06 23:44:00,0.0,-1.0105
2013-01-06 23:45:00,0.0,-1.0105
2013-01-06 23:46:00,0.0,-1.0105
2013-01-06 23:47:00,0.0,-1.0105
2013-01-06 23:48:00,0.0,-1.3755
2013-01-06 23:49:00,0.0,-1.684
2013-01-06 23:50:00,0.0,-1.684
2013-01-06 23:51:00,0.0,-1.656
2013-01-06 23:52:00,0.0,-1.572
2013-01-06 23:53:00,0.0,-1.5155
2013-01-06 23:54:00,0.0,-1.4595
2013-01-06 23:55:00,0.0,-1.151
2013-01-06 23:56:00,0.0,-1.0105
2013-01-06 23:57:00,0.0,-1.0105
2013-01-06 23:58:00,0.0,-1.0105
2013-01-06 23:59:00,0.0,-1.0105
2013-01-07 00:00:00,0.0,-1.0105
2013-01-07 00:01:00,0.0,-1.0105
2013-01-07 00:02:00,0.0,-1.0105
2013-01-07 00:03:00,0.0,-1.0105
2013-01-07 00:04:00,0.0,-1.0105
2013-01-07 00:05:00,0.0,-1.0105
2013-01-07 00:06:00,0.0,-1.0105
2013-01-07 00:07:00,0.0,-1.0105
2013-01-07 00:08:00,0.0,-1.0105
2013-01-07 00:09:00,0.0,-1.0105
2013-01-07 00:10:00,0.0,-1.0105
2013-01-07 00:11:00,0.0,-1.0105
2013-01-07 00:12:00,0.0,-1.0105
2013-01-07 00:13:00,0.0,-1.0105
2013-01-07 00:14:00,0.0,-0.8985
2013-01-07 00:15:00,0.0,-0.786
2013-01-07 00:16:00,0.0,-0.702
2013-01-07 00:17:00,0.0,-0.814
2013-01-07 00:18:00,0.0,-0.842
2013-01-07 00:19:00,0.0,-0.8985
2013-01-07 00:20:00,0.0,-0.702
2013-01-07 00:21:00,0.0,-0.758
2013-01-07 00:22:00,0.0,-1.0105
2013-01-07 00:23:00,0.0,-1.0105
2013-01-07 00:24:00,0.0,-1.0105
2013-01-07 00:25:00,0.0,-1.46
2013-01-07 00:26:00,0.0,-1.6845
2013-01-07 00:27:00,0.0,-1.6845
2013-01-07 00:28:00,0.0,-1.6845
2013-01-07 00:29:00,0.0,-1.6
2013-01-07 00:30:00,0.0,-1.095
2013-01-07 00:31:00,0.0,-1.0105
2013-01-07 00:32:00,0.0,-1.0105
2013-01-07 00:33:00,0.0,-1.0105
2013-01-07 00:34:00,0.0,-1.0105
2013-01-07 00:35:00,0.0,-1.095
2013-01-07 00:36:00,0.0,-1.2915
2013-01-07 00:37:00,0.0,-1.3755
2013-01-07 00:38:00,0.0,-1.544
2013-01-07 00:39:00,0.0,-1.3755
2013-01-07 00:40:00,0.0,-1.2915
2013-01-07 00:41:00,0.0,-1.3195
2013-01-07 00:42:00,0.0,-1.095
2013-01-07 00:43:00,0.0,-1.0105
2013-01-07 00:44:00,0.0,-1.0105
2013-01-07 00:45:00,0.0,-1.0105
2013-01-07 00:46:00,0.0,-1.0105
2013-01-07 00:47:00,0.0,-1.0105
2013-01-07 00:48:00,0.0,-1.0105
2013-01-07 00:49:00,0.0,-1.235
2013-01-07 00:50:00,0.0,-1.6845
2013-01-07 00:51:00,0.0,-1.6845
2013-01-07 00:52:00,0.0,-1.6845
2013-01-07 00:53:00,0.0,-1.6845
2013-01-07 00:54:00,0.0,-1.6845
2013-01-07 00:55:00,0.0,-1.6845
2013-01-07 00:56:00,0.0,-1.6845
2013-01-07 00:57:00,0.0,-1.6845
2013-01-07 00:58:00,0.0,-1.6845
2013-01-07 00:59:00,0.0,-1.572
2013-01-07 01:00:00,0.0,-1.2635
2013-01-07 01:01:00,0.0,-1.095
2013-01-07 01:02:00,0.0,-1.0105
2013-01-07 01:03:00,0.0,-1.0105
2013-01-07 01:04:00,0.0,-1.0105
2013-01-07 01:05:00,0.0,-1.0105
2013-01-07 01:06:00,0.0,-1.0105
2013-01-07 01:07:00,0.0,-1.0105
2013-01-07 01:08:00,0.0,-1.0105
2013-01-07 01:09:00,0.0,-1.0105
2013-01-07 01:10:00,0.0,-1.0105
2013-01-07 01:11:00,0.0,-1.0105
2013-01-07 01:12:00,0.0,-1.0105
2013-01-07 01:13:00,0.0,-1.0105
2013-01-07 01:14:00,0.0,-1.0105
2013-01-07 01:15:00,0.0,-1.0105
2013-01-07 01:16:00,0.0,-1.0105
2013-01-07 01:17:00,0.0,-1.0105
2013-01-07 01:18:00,0.0,-1.235
2013-01-07 01:19:00,0.0,-1.6845
2013-01-07 01:20:00,0.0,-1.6845
2013-01-07 01:21:00,0.0,-1.6845
2013-01-07 01:22:00,0.0,-1.6845
2013-01-07 01:23:00,0.0,-1.6845
2013-01-07 01:24:00,0.0,-1.6845
2013-01-07 01:25:00,0.0,-1.6845
2013-01-07 01:26:00,0.0,-1.6845
2013-01-07 01:27:00,0.0,-1.6845
2013-01-07 01:28:00,0.0,-1.6845
2013-01-07 01:29:00,0.0,-1.6845
2013-01-07 01:30:00,0.0,-1.6845
2013-01-07 01:31:00,0.0,-1.6845
2013-01-07 01:32:00,0.0,-1.6845
2013-01-07 01:33:00,0.0,-1.6845
2013-01-07 01:34:00,0.0,-1.6845
2013-01-07 01:35:00,0.0,-1.6845
2013-01-07 01:36:00,0.0,-1.488
2013-01-07 01:37:00,0.0,-1.572
2013-01-07 01:38:00,0.0,-1.4315
2013-01-07 01:39:00,0.0,-1.46
2013-01-07 01:40:00,0.0,-1.3755
2013-01-07 01:41:00,0.0,-1.123
2013-01-07 01:42:00,0.0,-1.544
2013-01-07 01:43:00,0.0,-1.6845
2013-01-07 01:44:00,0.0,-1.6845
2013-01-07 01:45:00,0.0,-1.6845
2013-01-07 01:46:00,0.0,-1.628
2013-01-07 01:47:00,0.0,-1.6565
2013-01-07 01:48:00,0.0,-1.6845
2013-01-07 01:49:00,0.0,-1.6
2013-01-07 01:50:00,0.0,-1.4315
2013-01-07 01:51:00,0.0,-1.235
2013-01-07 01:52:00,0.0,-1.0385
2013-01-07 01:53:00,0.0,-1.095
2013-01-07 01:54:00,0.0,-1.0105
2013-01-07 01:55:00,0.0,-1.0105
2013-01-07 01:56:00,0.0,-1.544
2013-01-07 01:57:00,0.0,-1.516
2013-01-07 01:58:00,0.0,-1.3475
2013-01-07 01:59:00,0.0,-1.095
2013-01-07 02:00:00,0.0,-1.0105
2013-01-07 02:01:00,0.0,-1.0105
2013-01-07 02:02:00,0.0,-1.0105
2013-01-07 02:03:00,0.0,-1.0105
2013-01-07 02:04:00,0.0,-1.0105
2013-01-07 02:05:00,0.0,-1.0105
2013-01-07 02:06:00,0.0,-1.0105
2013-01-07 02:07:00,0.0,-1.0105
2013-01-07 02:08:00,0.0,-1.0105
2013-01-07 02:09:00,0.0,-1.0385
2013-01-07 02:10:00,0.0,-1.0385
2013-01-07 02:11:00,0.0,-1.095
2013-01-07 02:12:00,0.0,-1.0105
2013-01-07 02:13:00,0.0,-1.0385
2013-01-07 02:14:00,0.0,-1.0105
2013-01-07 02:15:00,0.0,-1.0105
2013-01-07 02:16:00,0.0,-1.0105
2013-01-07 02:17:00,0.0,-1.0105
2013-01-07 02:18:00,0.0,-1.0105
2013-01-07 02:19:00,0.0,-1.0105
2013-01-07 02:20:00,0.0,-1.0105
2013-01-07 02:21:00,0.0,-1.0105
2013-01-07 02:22:00,0.0,-1.0105
2013-01-07 02:23:00,0.0,-1.0105
2013-01-07 02:24:00,0.0,-1.0105
2013-01-07 02:25:00,0.0,-1.0105
2013-01-07 02:26:00,0.0,-1.0105
2013-01-07 02:27:00,0.0,-1.0105
2013-01-07 02:28:00,0.0,-1.0105
2013-01-07 02:29:00,0.0,-1.0105
2013-01-07 02:30:00,0.0,-1.0385
2013-01-07 02:31:00,0.0,-1.3195
2013-01-07 02:32:00,0.0,-1.3195
2013-01-07 02:33:00,0.0,-1.46
2013-01-07 02:34:00,0.0,-1.6845
2013-01-07 02:35:00,0.0,-1.6845
2013-01-07 02:36:00,0.0,-1.6845
2013-01-07 02:37:00,0.0,-1.6845
2013-01-07 02:38:00,0.0,-1.6845
2013-01-07 02:39:00,0.0,-1.6845
2013-01-07 02:40:00,0.0,-1.6845
2013-01-07 02:41:00,0.0,-1.6845
2013-01-07 02:42:00,0.0,-1.6845
2013-01-07 02:43:00,0.0,-1.6845
2013-01-07 02:44:00,0.0,-1.6845
2013-01-07 02:45:00,0.0,-1.6845
2013-01-07 02:46:00,0.0,-1.6845
2013-01-07 02:47:00,0.0,-1.6845
2013-01-07 02:48:00,0.0,-1.6845
2013-01-07 02:49:00,0.0,-1.6845
2013-01-07 02:50:00,0.0,-1.6845
2013-01-07 02:51:00,0.0,-1.6845
2013-01-07 02:52:00,0.0,-1.6845
2013-01-07 02:53:00,0.0,-1.6845
2013-01-07 02:54:00,0.0,-1.6845
2013-01-07 02:55:00,0.0,-1.6845
2013-01-07 02:56:00,0.0,-1.6845
2013-01-07 02:57:00,0.0,-1.6845
2013-01-07 02:58:00,0.0,-1.6845
2013-01-07 02:59:00,0.0,-1.6845
2013-01-07 03:00:00,0.0,-1.6845
2013-01-07 03:01:00,0.0,-1.6845
2013-01-07 03:02:00,0.0,-1.6845
2013-01-07 03:03:00,0.0,-1.6845
2013-01-07 03:04:00,0.0,-1.6845
2013-01-07 03:05:00,0.0,-1.6845
2013-01-07 03:06:00,0.0,-1.6845
2013-01-07 03:07:00,0.0,-1.488
2013-01-07 03:08:00,0.0,-1.3195
2013-01-07 03:09:00,0.0,-1.067
2013-01-07 03:10:00,0.0,-1.0385
2013-01-07 03:11:00,0.0,-1.067
2013-01-07 03:12:00,0.0,-1.3195
2013-01-07 03:13:00,0.0,-1.572
2013-01-07 03:14:00,0.0,-1.6565
2013-01-07 03:15:00,0.0,-1.6845
2013-01-07 03:16:00,0.0,-1.965
2013-01-07 03:17:00,0.0,-2.33
2013-01-07 03:18:00,0.0,-2.358
2013-01-07 03:19:00,0.0,-2.358
2013-01-07 03:20:00,0.0,-2.0775
2013-01-07 03:21:00,0.0,-1.7405
2013-01-07 03:22:00,0.0,-1.6845
2013-01-07 03:23:00,0.0,-1.6845
2013-01-07 03:24:00,0.0,-1.6845
2013-01-07 03:25:00,0.0,-1.6845
2013-01-07 03:26:00,0.0,-1.6
2013-01-07 03:27:00,0.0,-1.095
2013-01-07 03:28:00,0.0,-1.0105
2013-01-07 03:29:00,0.0,-1.0105
2013-01-07 03:30:00,0.0,-1.0105
2013-01-07 03:31:00,0.0,-1.0105
2013-01-07 03:32:00,0.0,-1.0105
2013-01-07 03:33:00,0.0,-1.0105
2013-01-07 03:34:00,0.0,-1.0105
2013-01-07 03:35:00,0.0,-1.0105
2013-01-07 03:36:00,0.0,-1.0105
2013-01-07 03:37:00,0.0,-1.0105
2013-01-07 03:38:00,0.0,-1.0105
2013-01-07 03:39:00,0.0,-1.0105
2013-01-07 03:40:00,0.0,-1.0105
2013-01-07 03:41:00,0.0,-1.0105
2013-01-07 03:42:00,0.0,-1.095
2013-01-07 03:43:00,0.0,-1.5725
2013-01-07 03:44:00,0.0,-1.011
2013-01-07 03:45:00,0.0,-1.011
2013-01-07 03:46:00,0.0,-1.011
2013-01-07 03:47:00,0.0,-1.011
2013-01-07 03:48:00,0.0,-1.011
2013-01-07 03:49:00,0.0,-1.011
2013-01-07 03:50:00,0.0,-1.011
2013-01-07 03:51:00,0.0,-1.011
2013-01-07 03:52:00,0.0,-1.011
2013-01-07 03:53:00,0.0,-1.011
2013-01-07 03:54:00,0.0,-0.73
2013-01-07 03:55:00,0.0,-0.758
2013-01-07 03:56:00,0.0,-0.8425
2013-01-07 03:57:00,0.0,-1.011
2013-01-07 03:58:00,0.0,-1.011
2013-01-07 03:59:00,0.0,-1.011
2013-01-07 04:00:00,0.0,-1.011
2013-01-07 04:01:00,0.0,-1.516
2013-01-07 04:02:00,0.0,-1.6845
2013-01-07 04:03:00,0.0,-1.6845
2013-01-07 04:04:00,0.0,-1.9375
2013-01-07 04:05:00,0.0,-2.0215
2013-01-07 04:06:00,0.0,-1.909
2013-01-07 04:07:00,0.0,-1.741
2013-01-07 04:08:00,0.0,-1.6845
2013-01-07 04:09:00,0.0,-1.6845
2013-01-07 04:10:00,0.0,-1.6845
2013-01-07 04:11:00,0.0,-1.6845
2013-01-07 04:12:00,0.0,-1.6845
2013-01-07 04:13:00,0.0,-1.6845
2013-01-07 04:14:00,0.0,-1.6845
2013-01-07 04:15:00,0.0,-1.6845
2013-01-07 04:16:00,0.0,-1.6845
2013-01-07 04:17:00,0.0,-1.6845
2013-01-07 04:18:00,0.0,-1.6565
2013-01-07 04:19:00,0.0,-1.6845
2013-01-07 04:20:00,0.0,-1.6845
2013-01-07 04:21:00,0.0,-1.6845
2013-01-07 04:22:00,0.0,-1.6845
2013-01-07 04:23:00,0.0,-1.6845
2013-01-07 04:24:00,0.0,-1.6845
2013-01-07 04:25:00,0.0,-1.6565
2013-01-07 04:26:00,0.0,-1.376
2013-01-07 04:27:00,0.0,-1.2355
2013-01-07 04:28:00,0.0,-1.2915
2013-01-07 04:29:00,0.0,-1.011
2013-01-07 04:30:00,0.0,-1.011
2013-01-07 04:31:00,0.0,-1.011
2013-01-07 04:32:00,0.0,-1.011
2013-01-07 04:33:00,0.0,-1.011
2013-01-07 04:34:00,0.0,-1.011
2013-01-07 04:35:00,0.0,-1.011
2013-01-07 04:36:00,0.0,-1.011
2013-01-07 04:37:00,0.0,-1.011
2013-01-07 04:38:00,0.0,-1.011
2013-01-07 04:39:00,0.0,-1.011
2013-01-07 04:40:00,0.0,-1.011
2013-01-07 04:41:00,0.0,-1.3195
2013-01-07 04:42:00,0.0,-1.6565
2013-01-07 04:43:00,0.0,-1.6845
2013-01-07 04:44:00,0.0,-1.6845
2013-01-07 04:45:00,0.0,-1.6845
2013-01-07 04:46:00,0.0,-1.6845
2013-01-07 04:47:00,0.0,-1.46
2013-01-07 04:48:00,0.0,-1.179
2013-01-07 04:49:00,0.0,-1.011
2013-01-07 04:50:00,0.0,-1.011
2013-01-07 04:51:00,0.0,-1.011
2013-01-07 04:52:00,0.0,-1.011
2013-01-07 04:53:00,0.0,-1.011
2013-01-07 04:54:00,0.0,-1.011
2013-01-07 04:55:00,0.0,-1.011
2013-01-07 04:56:00,0.0,-1.011
2013-01-07 04:57:00,0.0,-1.011
2013-01-07 04:58:00,0.0,-1.011
2013-01-07 04:59:00,0.0,-1.011
2013-01-07 05:00:00,0.0,-1.011
2013-01-07 05:01:00,0.0,-1.011
2013-01-07 05:02:00,0.0,-1.516
2013-01-07 05:03:00,0.0,-1.6845
2013-01-07 05:04:00,0.0,-1.6845
2013-01-07 05:05:00,0.0,-1.6845
2013-01-07 05:06:00,0.0,-1.6845
2013-01-07 05:07:00,0.0,-1.6845
2013-01-07 05:08:00,0.0,-1.6845
2013-01-07 05:09:00,0.0,-1.404
2013-01-07 05:10:00,0.0,-1.3475
2013-01-07 05:11:00,0.0,-1.432
2013-01-07 05:12:00,0.0,-1.2075
2013-01-07 05:13:00,0.0,-1.095
2013-01-07 05:14:00,0.0,-1.011
2013-01-07 05:15:00,0.0,-1.011
2013-01-07 05:16:00,0.0,-1.011
2013-01-07 05:17:00,0.0,-1.011
2013-01-07 05:18:00,0.0,-1.067
2013-01-07 05:19:00,0.0,-1.095
2013-01-07 05:20:00,0.0,-1.011
2013-01-07 05:21:00,0.0,-1.151
2013-01-07 05:22:00,0.0,-1.404
2013-01-07 05:23:00,0.0,-1.011
2013-01-07 05:24:00,0.0,-1.011
2013-01-07 05:25:00,0.0,-1.011
2013-01-07 05:26:00,0.0,-1.011
2013-01-07 05:27:00,0.0,-1.011
2013-01-07 05:28:00,0.0,-1.011
2013-01-07 05:29:00,0.0,-1.011
2013-01-07 05:30:00,0.0,-1.011
2013-01-07 05:31:00,0.0,-1.011
2013-01-07 05:32:00,0.0,-1.488
2013-01-07 05:33:00,0.0,-1.6845
2013-01-07 05:34:00,0.0,-1.6845
2013-01-07 05:35:00,0.0,-1.123
2013-01-07 05:36:00,0.0,-1.011
2013-01-07 05:37:00,0.0,-1.011
2013-01-07 05:38:00,0.0,-1.011
2013-01-07 05:39:00,0.0,-1.011
2013-01-07 05:40:00,0.0,-1.011
2013-01-07 05:41:00,0.0,-1.011
2013-01-07 05:42:00,0.0,-1.011
2013-01-07 05:43:00,0.0,-1.011
2013-01-07 05:44:00,0.0,-1.011
2013-01-07 05:45:00,0.0,-1.011
2013-01-07 05:46:00,0.0,-1.011
2013-01-07 05:47:00,0.0,-1.011
2013-01-07 05:48:00,0.0,-1.011
2013-01-07 05:49:00,0.0,-1.011
2013-01-07 05:50:00,0.0,-1.011
2013-01-07 05:51:00,0.0,-1.011
2013-01-07 05:52:00,0.0,-1.011
2013-01-07 05:53:00,0.0,-1.011
2013-01-07 05:54:00,0.0,-1.011
2013-01-07 05:55:00,0.0,-1.2075
2013-01-07 05:56:00,0.0,-1.6285
2013-01-07 05:57:00,0.0,-1.6845
2013-01-07 05:58:00,0.0,-1.6845
2013-01-07 05:59:00,0.0,-1.6845
2013-01-07 06:00:00,0.0,-1.6845
2013-01-07 06:01:00,0.0,-1.6845
2013-01-07 06:02:00,0.0,-1.6845
2013-01-07 06:03:00,0.0,-1.6845
2013-01-07 06:04:00,0.0,-1.6845
2013-01-07 06:05:00,0.0,-1.6845
2013-01-07 06:06:00,0.0,-1.6845
2013-01-07 06:07:00,0.0,-1.376
2013-01-07 06:08:00,0.0,-1.011
2013-01-07 06:09:00,0.0,-1.011
2013-01-07 06:10:00,0.0,-1.011
2013-01-07 06:11:00,0.0,-1.011
2013-01-07 06:12:00,0.0,-1.011
2013-01-07 06:13:00,0.0,-1.011
2013-01-07 06:14:00,0.0,-1.011
2013-01-07 06:15:00,0.0,-1.011
2013-01-07 06:16:00,0.0,-1.011
2013-01-07 06:17:00,0.0,-1.011
2013-01-07 06:18:00,0.0,-1.011
2013-01-07 06:19:00,0.0,-1.011
2013-01-07 06:20:00,0.0,-1.011
2013-01-07 06:21:00,0.0,-1.011
2013-01-07 06:22:00,0.0,-0.9265
2013-01-07 06:23:00,0.0,-0.674
2013-01-07 06:24:00,0.0,-0.674
2013-01-07 06:25:00,0.0,-0.674
2013-01-07 06:26:00,0.0,-0.674
2013-01-07 06:27:00,0.0,-0.674
2013-01-07 06:28:00,0.0,-0.674
2013-01-07 06:29:00,0.0,-0.674
2013-01-07 06:30:00,0.0,-0.674
2013-01-07 06:31:00,0.0,-0.674
2013-01-07 06:32:00,0.0,-0.674
2013-01-07 06:33:00,0.0,-0.674
2013-01-07 06:34:00,0.0,-0.8705
2013-01-07 06:35:00,0.0,-0.702
2013-01-07 06:36:00,0.0,-0.674
2013-01-07 06:37:00,0.0,-0.674
2013-01-07 06:38:00,0.0,-0.674
2013-01-07 06:39:00,0.0,-0.674
2013-01-07 06:40:00,0.0,-0.7865
2013-01-07 06:41:00,0.0,-0.8425
2013-01-07 06:42:00,0.0,-0.7865
2013-01-07 06:43:00,0.0,-0.73
2013-01-07 06:44:00,0.0,-0.674
2013-01-07 06:45:00,0.0,-0.674
2013-01-07 06:46:00,0.0,-0.702
2013-01-07 06:47:00,0.0,-0.674
2013-01-07 06:48:00,0.0,-0.674
2013-01-07 06:49:00,0.0,-0.674
2013-01-07 06:50:00,0.0,-0.674
2013-01-07 06:51:00,0.0,-0.674
2013-01-07 06:52:00,0.0,-0.674
2013-01-07 06:53:00,0.0,-0.674
2013-01-07 06:54:00,0.0,-0.674
2013-01-07 06:55:00,0.0,-0.674
2013-01-07 06:56:00,0.0,-0.674
2013-01-07 06:57:00,0.0,-0.702
2013-01-07 06:58:00,0.0,-0.674
2013-01-07 06:59:00,0.0,-0.674
2013-01-07 07:00:00,0.0,-0.674
2013-01-07 07:01:00,0.0,-0.674
2013-01-07 07:02:00,0.0,-0.674
2013-01-07 07:03:00,0.0,-0.674
2013-01-07 07:04:00,0.0,-0.674
2013-01-07 07:05:00,0.0,-0.5900000000000001
2013-01-07 07:06:00,0.0,-0.548
2013-01-07 07:07:00,0.0,-0.506
2013-01-07 07:08:00,0.0,-0.43250000000000005
2013-01-07 07:09:00,0.0,-0.42200000000000004
2013-01-07 07:10:00,0.0,-0.42200000000000004
2013-01-07 07:11:00,0.0,-0.44999999999999996
2013-01-07 07:12:00,0.0,-0.675
2013-01-07 07:13:00,0.0,-0.7484999999999999
2013-01-07 07:14:00,0.0,-0.6335
2013-01-07 07:15:00,0.0,-0.49300000000000005
2013-01-07 07:16:00,0.0,-0.29650000000000004
2013-01-07 07:17:00,0.0,-0.374
2013-01-07 07:18:00,0.0,-0.07600000000000007
2013-01-07 07:19:00,0.0,-0.044500000000000095
2013-01-07 07:20:00,0.0,-0.023500000000000076
2013-01-07 07:21:00,0.0,0.14449999999999996
2013-01-07 07:22:00,0.0,0.2074999999999999
2013-01-07 07:23:00,0.0,0.5934999999999999
2013-01-07 07:24:00,0.0,1.0805
2013-01-07 07:25:00,0.0,1.133
2013-01-07 07:26:00,0.0,1.217
2013-01-07 07:27:00,0.0,1.441
2013-01-07 07:28:00,0.0,2.2095
2013-01-07 07:29:00,0.0,2.468
2013-01-07 07:30:00,0.0,2.994
2013-01-07 07:31:00,0.0,3.4414999999999996
2013-01-07 07:32:00,0.0,4.399
2013-01-07 07:33:00,1.005,5.275
2013-01-07 07:34:00,5.872,6.112
2013-01-07 07:35:00,8.3,7.0095
2013-01-07 07:36:00,8.79,7.9015
2013-01-07 07:37:00,3.896,8.6435
2013-01-07 07:38:00,1.627,9.425
2013-01-07 07:39:00,0.814,10.094999999999999
2013-01-07 07:40:00,3.004,10.635
2013-01-07 07:41:00,6.217,10.75
2013-01-07 07:42:00,4.776,11.355
2013-01-07 07:43:00,6.144,11.7
2013-01-07 07:44:00,4.708,11.9
2013-01-07 07:45:00,8.54,12.27
2013-01-07 07:46:00,2.274,12.92
2013-01-07 07:47:00,4.59,13.14
2013-01-07 07:48:00,4.82,14.004999999999999
2013-01-07 07:49:00,6.225,14.475000000000001
2013-01-07 07:50:00,4.808,15.26
2013-01-07 07:51:00,6.261,15.93
2013-01-07 07:52:00,7.185,16.78
2013-01-07 07:53:00,11.17,17.799999999999997
2013-01-07 07:54:00,3.088,18.96
2013-01-07 07:55:00,4.021,20.455
2013-01-07 07:56:00,3.147,22.08
2013-01-07 07:57:00,11.35,24.07
2013-01-07 07:58:00,12.92,27.435000000000002
2013-01-07 07:59:00,14.62,31.445
2013-01-07 08:00:00,48.97,33.894999999999996
2013-01-07 08:01:00,64.81,45.07
2013-01-07 08:02:00,65.59,45.97
2013-01-07 08:03:00,58.76,43.57
2013-01-07 08:04:00,75.45,47.705
2013-01-07 08:05:00,90.4,51.42
2013-01-07 08:06:00,90.6,50.355000000000004
2013-01-07 08:07:00,90.6,51.485
2013-01-07 08:08:00,90.5,52.22
2013-01-07 08:09:00,90.4,55.97
2013-01-07 08:10:00,90.4,59.535
2013-01-07 08:11:00,98.0,61.765
2013-01-07 08:12:00,102.7,62.385
2013-01-07 08:13:00,101.7,62.23
2013-01-07 08:14:00,110.7,64.995
2013-01-07 08:15:00,125.2,71.42500000000001
2013-01-07 08:16:00,126.7,75.81
2013-01-07 08:17:00,126.8,73.695
2013-01-07 08:18:00,134.3,80.72
2013-01-07 08:19:00,146.8,84.7
2013-01-07 08:20:00,126.7,76.92
2013-01-07 08:21:00,129.0,77.305
2013-01-07 08:22:00,141.0,77.87
2013-01-07 08:23:00,150.7,82.14
2013-01-07 08:24:00,162.7,91.5
2013-01-07 08:25:00,163.4,94.5
2013-01-07 08:26:00,174.9,97.55
2013-01-07 08:27:00,180.0,97.4
2013-01-07 08:28:00,196.2,103.25
2013-01-07 08:29:00,198.7,108.1
2013-01-07 08:30:00,212.2,122.5
2013-01-07 08:31:00,237.7,137.55
2013-01-07 08:32:00,302.8,178.45
2013-01-07 08:33:00,351.0,210.2
2013-01-07 08:34:00,375.2,223.2
2013-01-07 08:35:00,472.0,283.55
2013-01-07 08:36:00,515.7,313.55
2013-01-07 08:37:00,523.4,320.1
2013-01-07 08:38:00,543.3,333.7
2013-01-07 08:39:00,565.3,349.70000000000005
2013-01-07 08:40:00,544.2,336.05
2013-01-07 08:41:00,576.8,356.54999999999995
2013-01-07 08:42:00,594.2,369.0
2013-01-07 08:43:00,624.9,386.45
2013-01-07 08:44:00,662.2,409.70000000000005
2013-01-07 08:45:00,657.5,404.95000000000005
2013-01-07 08:46:00,686.5,423.79999999999995
2013-01-07 08:47:00,696.1,431.1
2013-01-07 08:48:00,715.2,440.35
2013-01-07 08:49:00,719.8,445.7
2013-01-07 08:50:00,725.6,446.75
2013-01-07 08:51:00,766.7,472.2
2013-01-07 08:52:00,690.4,427.4
2013-01-07 08:53:00,561.0,346.3
2013-01-07 08:54:00,416.5,262.0
2013-01-07 08:55:00,476.0,291.2
2013-01-07 08:56:00,706.2,428.0
2013-01-07 08:57:00,801.0,491.6
2013-01-07 08:58:00,774.1,478.3
2013-01-07 08:59:00,720.3,445.1
2013-01-07 09:00:00,666.7,413.85
2013-01-07 09:01:00,671.7,414.25
2013-01-07 09:02:00,707.4,435.95
2013-01-07 09:03:00,740.9,458.5
2013-01-07 09:04:00,741.5,455.0
2013-01-07 09:05:00,790.2,483.6
2013-01-07 09:06:00,840.0,514.25
2013-01-07 09:07:00,822.0,505.8
2013-01-07 09:08:00,853.0,521.75
2013-01-07 09:09:00,888.0,543.75
2013-01-07 09:10:00,907.0,555.1
2013-01-07 09:11:00,954.0,585.35
2013-01-07 09:12:00,959.0,585.5999999999999
2013-01-07 09:13:00,1008.0,613.55
2013-01-07 09:14:00,1035.0,635.5
2013-01-07 09:15:00,1050.0,648.7
2013-01-07 09:16:00,1055.0,649.05
2013-01-07 09:17:00,1080.0,660.25
2013-01-07 09:18:00,1083.0,664.05
2013-01-07 09:19:00,1068.0,656.15
2013-01-07 09:20:00,1073.0,657.15
2013-01-07 09:21:00,1073.0,655.6500000000001
2013-01-07 09:22:00,1123.0,685.75
2013-01-07 09:23:00,1129.0,692.75
2013-01-07 09:24:00,1142.0,695.55
2013-01-07 09:25:00,1129.0,690.3
2013-01-07 09:26:00,1144.0,699.1
2013-01-07 09:27:00,1149.0,699.7
2013-01-07 09:28:00,1143.0,694.95
2013-01-07 09:29:00,1158.0,707.05
2013-01-07 09:30:00,1152.0,699.8499999999999
2013-01-07 09:31:00,1154.0,702.85
2013-01-07 09:32:00,1172.0,715.3
2013-01-07 09:33:00,1185.0,719.5
2013-01-07 09:34:00,1180.0,716.65
2013-01-07 09:35:00,1161.0,709.9000000000001
2013-01-07 09:36:00,1166.0,710.0
2013-01-07 09:37:00,1178.0,714.0999999999999
2013-01-07 09:38:00,1200.0,728.8
2013-01-07 09:39:00,1191.0,723.05
2013-01-07 09:40:00,1197.0,730.25
2013-01-07 09:41:00,1193.0,725.8
2013-01-07 09:42:00,1217.0,738.85
2013-01-07 09:43:00,1225.0,748.95
2013-01-07 09:44:00,1231.0,752.4
2013-01-07 09:45:00,1231.0,755.95
2013-01-07 09:46:00,1238.0,759.4
2013-01-07 09:47:00,1238.0,762.15
2013-01-07 09:48:00,1245.0,764.5
2013-01-07 09:49:00,1246.0,765.75
2013-01-07 09:50:00,1256.0,769.95
2013-01-07 09:51:00,1262.0,774.85
2013-01-07 09:52:00,1267.0,778.15
2013-01-07 09:53:00,1272.0,780.75
2013-01-07 09:54:00,1266.0,782.0
2013-01-07 09:55:00,1273.0,784.75
2013-01-07 09:56:00,1283.0,789.95
2013-01-07 09:57:00,1296.0,793.75
2013-01-07 09:58:00,1294.0,796.35
2013-01-07 09:59:00,1292.0,797.35
2013-01-07 10:00:00,1298.0,799.95
2013-01-07 10:01:00,1302.0,802.85
2013-01-07 10:02:00,1310.0,807.95
2013-01-07 10:03:00,1321.0,811.7
2013-01-07 10:04:00,1320.0,814.6
2013-01-07 10:05:00,1331.0,817.2
2013-01-07 10:06:00,1330.0,820.65
2013-01-07 10:07:00,1343.0,824.45
2013-01-07 10:08:00,1345.0,828.1
2013-01-07 10:09:00,1349.0,827.65
2013-01-07 10:10:00,1322.0,799.9
2013-01-07 10:11:00,1342.0,441.83
2013-01-07 10:12:00,1366.0,446.0
2013-01-07 10:13:00,1373.0,450.5
2013-01-07 10:14:00,1379.0,451.5
2013-01-07 10:15:00,1378.0,453.0
2013-01-07 10:16:00,1374.0,453.0
2013-01-07 10:17:00,1356.0,447.5
2013-01-07 10:18:00,1376.0,452.5
2013-01-07 10:19:00,1382.0,456.5
2013-01-07 10:20:00,1382.0,457.0
2013-01-07 10:21:00,1388.0,458.5
2013-01-07 10:22:00,1399.0,460.0
2013-01-07 10:23:00,1403.0,461.0
2013-01-07 10:24:00,1403.0,462.0
2013-01-07 10:25:00,1407.0,463.0
2013-01-07 10:26:00,1405.0,464.0
2013-01-07 10:27:00,1405.0,465.5
2013-01-07 10:28:00,1412.0,467.0
2013-01-07 10:29:00,1411.0,467.5105
2013-01-07 10:30:00,1423.0,470.5
2013-01-07 10:31:00,1421.0,472.0
2013-01-07 10:32:00,1431.0,474.5
2013-01-07 10:33:00,1434.0,476.5
2013-01-07 10:34:00,1408.0,469.0
2013-01-07 10:35:00,1346.0,443.5
2013-01-07 10:36:00,1374.0,452.5
2013-01-07 10:37:00,1374.0,456.0
2013-01-07 10:38:00,1329.0,437.5
2013-01-07 10:39:00,1414.0,467.0
2013-01-07 10:40:00,1330.0,442.5
2013-01-07 10:41:00,1032.0,342.25
2013-01-07 10:42:00,1128.0,358.4
2013-01-07 10:43:00,1335.0,433.0
2013-01-07 10:44:00,1449.0,470.5
2013-01-07 10:45:00,1499.0,491.0
2013-01-07 10:46:00,1489.0,490.0
2013-01-07 10:47:00,1360.0,449.0
2013-01-07 10:48:00,1415.0,458.5
2013-01-07 10:49:00,1448.0,476.5
2013-01-07 10:50:00,1487.0,487.5
2013-01-07 10:51:00,1502.0,496.0
2013-01-07 10:52:00,1497.0,496.0
2013-01-07 10:53:00,1505.0,497.0
2013-01-07 10:54:00,1495.0,498.5105
2013-01-07 10:55:00,1470.0,491.0
2013-01-07 10:56:00,1369.0,451.0
2013-01-07 10:57:00,1503.0,495.0
2013-01-07 10:58:00,1509.0,503.0
2013-01-07 10:59:00,1507.0,503.0
2013-01-07 11:00:00,1506.0,502.0
2013-01-07 11:01:00,1511.0,504.5
2013-01-07 11:02:00,1516.0,507.0
2013-01-07 11:03:00,1519.0,508.0
2013-01-07 11:04:00,1521.0,509.5
2013-01-07 11:05:00,1516.0,509.0
2013-01-07 11:06:00,1510.0,507.0
2013-01-07 11:07:00,1507.0,506.0
2013-01-07 11:08:00,1506.0,506.0
2013-01-07 11:09:00,1510.0,506.5
2013-01-07 11:10:00,1503.0,505.5
2013-01-07 11:11:00,1495.0,501.5
2013-01-07 11:12:00,1491.0,500.5
2013-01-07 11:13:00,1485.0,498.0
2013-01-07 11:14:00,1504.0,504.5
2013-01-07 11:15:00,1520.0,511.0
2013-01-07 11:16:00,1507.0,501.0
2013-01-07 11:17:00,1530.0,513.0
2013-01-07 11:18:00,1537.0,513.5
2013-01-07 11:19:00,1537.0,514.0
2013-01-07 11:20:00,1545.0,516.0
2013-01-07 11:21:00,1545.0,517.0
2013-01-07 11:22:00,1534.0,511.0
2013-01-07 11:23:00,1501.0,499.0
2013-01-07 11:24:00,1511.0,504.5
2013-01-07 11:25:00,1490.0,494.5
2013-01-07 11:26:00,1468.0,483.0
2013-01-07 11:27:00,1501.0,493.0
2013-01-07 11:28:00,1525.0,503.0
2013-01-07 11:29:00,1532.0,503.5
2013-01-07 11:30:00,1531.0,502.0
2013-01-07 11:31:00,1533.0,503.0
2013-01-07 11:32:00,1543.0,505.0
2013-01-07 11:33:00,1548.0,506.5
2013-01-07 11:34:00,1565.0,514.0
2013-01-07 11:35:00,1566.0,514.0
2013-01-07 11:36:00,1560.0,513.5
2013-01-07 11:37:00,1575.0,515.5
2013-01-07 11:38:00,1563.0,511.5
2013-01-07 11:39:00,1555.0,509.0
2013-01-07 11:40:00,1538.0,503.0
2013-01-07 11:41:00,1530.0,499.0
2013-01-07 11:42:00,1545.0,503.0
2013-01-07 11:43:00,1577.0,512.0
2013-01-07 11:44:00,1586.0,518.5
2013-01-07 11:45:00,1596.0,524.521
2013-01-07 11:46:00,1512.0,498.594
2013-01-07 11:47:00,1539.0,505.021
2013-01-07 11:48:00,1593.0,524.0
2013-01-07 11:49:00,1590.0,527.0
2013-01-07 11:50:00,1586.0,528.0
2013-01-07 11:51:00,1567.0,520.0
2013-01-07 11:52:00,1577.0,523.5
2013-01-07 11:53:00,1580.0,526.5315
2013-01-07 11:54:00,1601.0,534.5
2013-01-07 11:55:00,1600.0,535.5
2013-01-07 11:56:00,1600.0,534.0
2013-01-07 11:57:00,1607.0,536.5
2013-01-07 11:58:00,1610.0,539.0
2013-01-07 11:59:00,1613.0,540.0
2013-01-07 12:00:00,1612.0,541.0
2013-01-07 12:01:00,1596.0,535.5
2013-01-07 12:02:00,1565.0,523.5
2013-01-07 12:03:00,1529.0,509.0
2013-01-07 12:04:00,1468.0,483.5
2013-01-07 12:05:00,1474.0,483.5
2013-01-07 12:06:00,1454.0,480.0
2013-01-07 12:07:00,1463.0,480.0
2013-01-07 12:08:00,1438.0,472.0
2013-01-07 12:09:00,1291.0,425.5
2013-01-07 12:10:00,1230.0,388.6
2013-01-07 12:11:00,1313.0,420.0
2013-01-07 12:12:00,1346.0,430.5
2013-01-07 12:13:00,1237.0,394.5
2013-01-07 12:14:00,1350.0,429.5
2013-01-07 12:15:00,1347.0,432.0
2013-01-07 12:16:00,1392.0,444.5
2013-01-07 12:17:00,1263.0,400.0
2013-01-07 12:18:00,1474.0,474.0
2013-01-07 12:19:00,1218.0,387.95
2013-01-07 12:20:00,1358.0,434.5
2013-01-07 12:21:00,1122.0,360.85
2013-01-07 12:22:00,1150.0,356.3
2013-01-07 12:23:00,1334.0,419.0
2013-01-07 12:24:00,1329.0,694.95
2013-01-07 12:25:00,1342.0,788.55
2013-01-07 12:26:00,1118.0,660.2
2013-01-07 12:27:00,897.0,522.45
2013-01-07 12:28:00,881.0,510.9
2013-01-07 12:29:00,746.4,432.2
2013-01-07 12:30:00,882.0,500.25
2013-01-07 12:31:00,1155.0,658.05
2013-01-07 12:32:00,1272.0,725.5999999999999
2013-01-07 12:33:00,1222.0,694.1500000000001
2013-01-07 12:34:00,1383.0,797.75
2013-01-07 12:35:00,1383.0,800.3
2013-01-07 12:36:00,1484.0,861.15
2013-01-07 12:37:00,1630.0,961.0
2013-01-07 12:38:00,1571.0,935.0
2013-01-07 12:39:00,1411.0,835.6
2013-01-07 12:40:00,1445.0,856.55
2013-01-07 12:41:00,1426.0,844.95
2013-01-07 12:42:00,1483.0,884.0
2013-01-07 12:43:00,1408.0,843.4
2013-01-07 12:44:00,1503.0,898.5
2013-01-07 12:45:00,1465.0,881.5
2013-01-07 12:46:00,1432.0,862.75
2013-01-07 12:47:00,1466.0,817.55
2013-01-07 12:48:00,1430.0,465.5
2013-01-07 12:49:00,1397.0,453.0
2013-01-07 12:50:00,1379.0,450.0
2013-01-07 12:51:00,1266.0,410.0
2013-01-07 12:52:00,1395.0,446.5
2013-01-07 12:53:00,1580.0,515.0
2013-01-07 12:54:00,1620.0,533.5
2013-01-07 12:55:00,1650.0,545.5
2013-01-07 12:56:00,1638.0,546.0
2013-01-07 12:57:00,1642.0,546.0
2013-01-07 12:58:00,1619.0,541.5
2013-01-07 12:59:00,1498.0,502.0
2013-01-07 13:00:00,1468.0,484.0
2013-01-07 13:01:00,1503.0,497.0
2013-01-07 13:02:00,1582.0,527.5
2013-01-07 13:03:00,1586.0,531.5
2013-01-07 13:04:00,1563.0,527.5
2013-01-07 13:05:00,1496.0,506.5
2013-01-07 13:06:00,1384.0,461.5
2013-01-07 13:07:00,1484.0,494.0
2013-01-07 13:08:00,1477.0,494.5
2013-01-07 13:09:00,1506.0,506.5
2013-01-07 13:10:00,1515.0,512.5
2013-01-07 13:11:00,1533.0,514.0
2013-01-07 13:12:00,1557.0,528.5
2013-01-07 13:13:00,1546.0,526.0
2013-01-07 13:14:00,1559.0,532.0
2013-01-07 13:15:00,1524.0,522.5
2013-01-07 13:16:00,1517.0,519.0
2013-01-07 13:17:00,1456.0,498.0
2013-01-07 13:18:00,1483.0,506.0
2013-01-07 13:19:00,1525.0,526.5
2013-01-07 13:20:00,1508.0,516.5
2013-01-07 13:21:00,1509.0,517.5
2013-01-07 13:22:00,1441.0,496.0
2013-01-07 13:23:00,1463.0,499.0
2013-01-07 13:24:00,1461.0,497.5
2013-01-07 13:25:00,1467.0,502.5
2013-01-07 13:26:00,1485.0,509.5
2013-01-07 13:27:00,1474.0,506.0
2013-01-07 13:28:00,1437.0,489.5
2013-01-07 13:29:00,1448.0,496.0
2013-01-07 13:30:00,1433.0,493.0
2013-01-07 13:31:00,1409.0,484.0
2013-01-07 13:32:00,1418.0,488.5
2013-01-07 13:33:00,1407.0,486.5
2013-01-07 13:34:00,1344.0,461.5
2013-01-07 13:35:00,1327.0,453.5
2013-01-07 13:36:00,1346.0,467.5
2013-01-07 13:37:00,1325.0,456.0
2013-01-07 13:38:00,1341.0,462.0
2013-01-07 13:39:00,1313.0,452.5
2013-01-07 13:40:00,1290.0,446.0
2013-01-07 13:41:00,1271.0,438.5
2013-01-07 13:42:00,1211.0,418.5
2013-01-07 13:43:00,1155.0,396.95
2013-01-07 13:44:00,1197.0,407.8955
2013-01-07 13:45:00,1196.0,411.8745
2013-01-07 13:46:00,1055.0,355.435
2013-01-07 13:47:00,906.0,305.579
2013-01-07 13:48:00,795.3,265.6
2013-01-07 13:49:00,838.0,272.75
2013-01-07 13:50:00,995.0,325.55
2013-01-07 13:51:00,938.0,310.25
2013-01-07 13:52:00,890.0,286.45
2013-01-07 13:53:00,1133.0,365.1
2013-01-07 13:54:00,1175.0,386.4
2013-01-07 13:55:00,1244.0,414.0
2013-01-07 13:56:00,1228.0,410.0
2013-01-07 13:57:00,1210.0,405.0
2013-01-07 13:58:00,1215.0,408.0
2013-01-07 13:59:00,1171.0,392.4
2013-01-07 14:00:00,1183.0,396.75
2013-01-07 14:01:00,1214.0,407.5
2013-01-07 14:02:00,1228.0,416.0
2013-01-07 14:03:00,1222.0,414.5
2013-01-07 14:04:00,1210.0,410.5
2013-01-07 14:05:00,1178.0,401.5
2013-01-07 14:06:00,1087.0,371.1
2013-01-07 14:07:00,1103.0,375.35
2013-01-07 14:08:00,1126.0,384.1
2013-01-07 14:09:00,1166.0,397.15
2013-01-07 14:10:00,1164.0,397.1
2013-01-07 14:11:00,1156.0,396.78950000000003
2013-01-07 14:12:00,1086.0,374.4685
2013-01-07 14:13:00,1014.0,345.8
2013-01-07 14:14:00,1078.0,365.7
2013-01-07 14:15:00,1111.0,377.7
2013-01-07 14:16:00,1105.0,377.3
2013-01-07 14:17:00,1069.0,361.35
2013-01-07 14:18:00,1060.0,357.35
2013-01-07 14:19:00,1096.0,367.479
2013-01-07 14:20:00,1091.0,366.3
2013-01-07 14:21:00,1038.0,349.3
2013-01-07 14:22:00,1099.0,367.25
2013-01-07 14:23:00,1091.0,367.65
2013-01-07 14:24:00,1089.0,367.05
2013-01-07 14:25:00,1076.0,362.2395
2013-01-07 14:26:00,1036.0,346.8
2013-01-07 14:27:00,1082.0,362.5
2013-01-07 14:28:00,1070.0,359.7
2013-01-07 14:29:00,1082.0,364.45
2013-01-07 14:30:00,1123.0,377.75
2013-01-07 14:31:00,1144.0,386.7
2013-01-07 14:32:00,1158.0,392.6
2013-01-07 14:33:00,1136.0,383.9
2013-01-07 14:34:00,1076.0,366.3895
2013-01-07 14:35:00,1073.0,361.95
2013-01-07 14:36:00,1016.0,347.05
2013-01-07 14:37:00,947.0,321.4
2013-01-07 14:38:00,915.0,310.75
2013-01-07 14:39:00,875.0,296.05
2013-01-07 14:40:00,892.0,302.6
2013-01-07 14:41:00,795.1,270.25
2013-01-07 14:42:00,863.0,287.9
2013-01-07 14:43:00,942.0,319.53950000000003
2013-01-07 14:44:00,926.0,314.0
2013-01-07 14:45:00,947.0,321.3895
2013-01-07 14:46:00,906.0,309.15
2013-01-07 14:47:00,915.0,309.75
2013-01-07 14:48:00,900.0,308.9
2013-01-07 14:49:00,893.0,305.429
2013-01-07 14:50:00,838.0,289.09749999999997
2013-01-07 14:51:00,685.5,237.408
2013-01-07 14:52:00,667.8,227.29749999999999
2013-01-07 14:53:00,626.4,214.106
2013-01-07 14:54:00,625.7,212.685
2013-01-07 14:55:00,600.9,204.935
2013-01-07 14:56:00,552.4,188.0745
2013-01-07 14:57:00,542.9,178.92450000000002
2013-01-07 14:58:00,607.8,203.42450000000002
2013-01-07 14:59:00,603.2,193.77450000000002
2013-01-07 15:00:00,725.9,221.42450000000002
2013-01-07 15:01:00,777.7,211.7245
2013-01-07 15:02:00,761.5,176.77450000000002
2013-01-07 15:03:00,777.8,144.42450000000002
2013-01-07 15:04:00,790.2,112.0245
2013-01-07 15:05:00,834.0,87.72449999999999
2013-01-07 15:06:00,861.0,75.5245
2013-01-07 15:07:00,816.0,71.4245
2013-01-07 15:08:00,784.7,69.47449999999999
2013-01-07 15:09:00,753.4,67.8245
2013-01-07 15:10:00,741.7,66.9245
2013-01-07 15:11:00,809.0,67.8245
2013-01-07 15:12:00,749.9,69.2745
2013-01-07 15:13:00,663.0,73.6245
2013-01-07 15:14:00,691.9,91.6245
2013-01-07 15:15:00,688.0,119.2745
2013-01-07 15:16:00,769.0,171.6245
2013-01-07 15:17:00,808.0,231.67450000000002
2013-01-07 15:18:00,837.0,285.5245
2013-01-07 15:19:00,799.0,305.8745
2013-01-07 15:20:00,738.2,284.1745
2013-01-07 15:21:00,790.9,308.8745
2013-01-07 15:22:00,777.3,312.1745
2013-01-07 15:23:00,749.5,307.97450000000003
2013-01-07 15:24:00,706.1,296.97450000000003
2013-01-07 15:25:00,716.7,312.0245
2013-01-07 15:26:00,669.4,299.4245
2013-01-07 15:27:00,645.1,285.3245
2013-01-07 15:28:00,617.6,277.5245
2013-01-07 15:29:00,592.6,269.8245
2013-01-07 15:30:00,616.8,276.1745
2013-01-07 15:31:00,614.4,285.0245
2013-01-07 15:32:00,610.1,282.1245
2013-01-07 15:33:00,576.4,225.3245
2013-01-07 15:34:00,573.6,108.7665
2013-01-07 15:35:00,568.7,72.5245
2013-01-07 15:36:00,539.7,183.42450000000002
2013-01-07 15:37:00,538.3,264.706
2013-01-07 15:38:00,513.3,269.2395
2013-01-07 15:39:00,504.5,259.15
2013-01-07 15:40:00,481.1,250.3395
2013-01-07 15:41:00,456.4,243.85
2013-01-07 15:42:00,458.7,254.45
2013-01-07 15:43:00,431.1,250.035
2013-01-07 15:44:00,432.3,249.4745
2013-01-07 15:45:00,428.7,255.02450000000002
2013-01-07 15:46:00,404.2,257.0245
2013-01-07 15:47:00,399.0,251.8245
2013-01-07 15:48:00,389.1,240.42450000000002
2013-01-07 15:49:00,367.2,229.9745
2013-01-07 15:50:00,342.3,221.27450000000002
2013-01-07 15:51:00,336.7,215.02450000000002
2013-01-07 15:52:00,315.5,153.8745
2013-01-07 15:53:00,312.9,62.024499999999996
2013-01-07 15:54:00,295.3,84.03500000000001
2013-01-07 15:55:00,299.7,180.4975
2013-01-07 15:56:00,288.7,176.0685
2013-01-07 15:57:00,266.5,113.0245
2013-01-07 15:58:00,252.4,110.1245
2013-01-07 15:59:00,221.4,142.9745
2013-01-07 16:00:00,208.7,154.48499999999999
2013-01-07 16:01:00,199.0,166.77450000000002
2013-01-07 16:02:00,201.0,185.92450000000002
2013-01-07 16:03:00,208.1,191.687
2013-01-07 16:04:00,203.0,364.7
2013-01-07 16:05:00,206.5,346.7
2013-01-07 16:06:00,198.0,266.25
2013-01-07 16:07:00,182.3,184.185
2013-01-07 16:08:00,162.6,130.03
2013-01-07 16:09:00,162.1,64.525
2013-01-07 16:10:00,161.9,40.335
2013-01-07 16:11:00,162.3,38.540000000000006
2013-01-07 16:12:00,162.5,37.405
2013-01-07 16:13:00,146.9,36.2
2013-01-07 16:14:00,131.6,34.85
2013-01-07 16:15:00,126.0,33.379999999999995
2013-01-07 16:16:00,126.1,32.620000000000005
2013-01-07 16:17:00,126.4,32.364999999999995
2013-01-07 16:18:00,126.1,31.560000000000002
2013-01-07 16:19:00,114.8,30.62
2013-01-07 16:20:00,83.4,29.13
2013-01-07 16:21:00,54.0,27.705
2013-01-07 16:22:00,54.11,26.805
2013-01-07 16:23:00,44.28,25.9
2013-01-07 16:24:00,36.01,24.865000000000002
2013-01-07 16:25:00,36.12,23.994999999999997
2013-01-07 16:26:00,9.01,23.189999999999998
2013-01-07 16:27:00,3.015,22.38
2013-01-07 16:28:00,1.591,21.505000000000003
2013-01-07 16:29:00,8.07,20.924999999999997
2013-01-07 16:30:00,9.57,20.155
2013-01-07 16:31:00,4.067,19.799999999999997
2013-01-07 16:32:00,4.718,19.0
2013-01-07 16:33:00,4.843,18.59
2013-01-07 16:34:00,2.308,17.72
2013-01-07 16:35:00,1.537,17.240000000000002
2013-01-07 16:36:00,1.454,16.305
2013-01-07 16:37:00,4.792,15.775
2013-01-07 16:38:00,2.259,14.870000000000001
2013-01-07 16:39:00,2.713,14.13
2013-01-07 16:40:00,2.433,13.395
2013-01-07 16:41:00,1.513,12.365
2013-01-07 16:42:00,1.445,11.54
2013-01-07 16:43:00,0.0,10.71
2013-01-07 16:44:00,4.402,9.7845
2013-01-07 16:45:00,0.0,8.87
2013-01-07 16:46:00,3.854,8.058
2013-01-07 16:47:00,1.513,7.1515
2013-01-07 16:48:00,0.0,6.1295
2013-01-07 16:49:00,0.0,5.3095
2013-01-07 16:50:00,0.0,4.6945
2013-01-07 16:51:00,0.0,4.1000000000000005
2013-01-07 16:52:00,0.0,3.7405
2013-01-07 16:53:00,0.0,3.051
2013-01-07 16:54:00,0.0,2.7015
2013-01-07 16:55:00,0.0,2.639
2013-01-07 16:56:00,0.0,2.576
2013-01-07 16:57:00,0.0,2.377
2013-01-07 16:58:00,0.0,1.93
2013-01-07 16:59:00,0.0,1.2435
2013-01-07 17:00:00,0.0,1.1075
2013-01-07 17:01:00,0.0,1.0865
2013-01-07 17:02:00,0.0,1.1804999999999999
2013-01-07 17:03:00,0.0,1.1075
2013-01-07 17:04:00,0.0,0.9295
2013-01-07 17:05:00,0.0,0.7095
2013-01-07 17:06:00,0.0,0.1675000000000001
2013-01-07 17:07:00,0.0,-0.1715000000000001
2013-01-07 17:08:00,0.0,-0.8714999999999999
2013-01-07 17:09:00,0.0,-1.2734999999999999
2013-01-07 17:10:00,0.0,-1.3995000000000002
2013-01-07 17:11:00,0.0,-1.431
2013-01-07 17:12:00,0.0,-1.431
2013-01-07 17:13:00,0.0,-1.5465
2013-01-07 17:14:00,0.0,-1.5570000000000002
2013-01-07 17:15:00,0.0,-1.5570000000000002
2013-01-07 17:16:00,0.0,-1.5570000000000002
2013-01-07 17:17:00,0.0,-1.5675000000000001
2013-01-07 17:18:00,0.0,-1.6720000000000002
2013-01-07 17:19:00,0.0,-1.6825
2013-01-07 17:20:00,0.0,-1.6825
2013-01-07 17:21:00,0.0,-1.6825
2013-01-07 17:22:00,0.0,-1.6825
2013-01-07 17:23:00,0.0,-1.6825
2013-01-07 17:24:00,0.0,-1.6825
2013-01-07 17:25:00,0.0,-1.6825
2013-01-07 17:26:00,0.0,-1.711
2013-01-07 17:27:00,0.0,-2.1315
2013-01-07 17:28:00,0.0,-2.356
2013-01-07 17:29:00,0.0,-2.356
2013-01-07 17:30:00,0.0,-2.356
2013-01-07 17:31:00,0.0,-2.356
2013-01-07 17:32:00,0.0,-2.356
2013-01-07 17:33:00,0.0,-2.356
2013-01-07 17:34:00,0.0,-2.356
2013-01-07 17:35:00,0.0,-2.356
2013-01-07 17:36:00,0.0,-2.356
2013-01-07 17:37:00,0.0,-2.356
2013-01-07 17:38:00,0.0,-2.244
2013-01-07 17:39:00,0.0,-1.767
2013-01-07 17:40:00,0.0,-1.683
2013-01-07 17:41:00,0.0,-1.683
2013-01-07 17:42:00,0.0,-1.683
2013-01-07 17:43:00,0.0,-1.683
2013-01-07 17:44:00,0.0,-1.683
2013-01-07 17:45:00,0.0,-1.683
2013-01-07 17:46:00,0.0,-1.683
2013-01-07 17:47:00,0.0,-1.683
2013-01-07 17:48:00,0.0,-1.6835
2013-01-07 17:49:00,0.0,-1.6835
2013-01-07 17:50:00,0.0,-1.6835
2013-01-07 17:51:00,0.0,-1.6835
2013-01-07 17:52:00,0.0,-1.6835
2013-01-07 17:53:00,0.0,-1.6835
2013-01-07 17:54:00,0.0,-1.6835
2013-01-07 17:55:00,0.0,-1.6835
2013-01-07 17:56:00,0.0,-1.6835
2013-01-07 17:57:00,0.0,-1.6835
2013-01-07 17:58:00,0.0,-1.6835
2013-01-07 17:59:00,0.0,-1.6835
2013-01-07 18:00:00,0.0,-1.6835
2013-01-07 18:01:00,0.0,-1.684
2013-01-07 18:02:00,0.0,-1.684
2013-01-07 18:03:00,0.0,-1.684
2013-01-07 18:04:00,0.0,-1.684
2013-01-07 18:05:00,0.0,-1.684
2013-01-07 18:06:00,0.0,-1.684
2013-01-07 18:07:00,0.0,-1.684
2013-01-07 18:08:00,0.0,-1.684
2013-01-07 18:09:00,0.0,-1.4035
2013-01-07 18:10:00,0.0,-1.179
2013-01-07 18:11:00,0.0,-1.0105
2013-01-07 18:12:00,0.0,-1.1225
2013-01-07 18:13:00,0.0,-1.0105
2013-01-07 18:14:00,0.0,-1.291
2013-01-07 18:15:00,0.0,-1.656
2013-01-07 18:16:00,0.0,-1.684
2013-01-07 18:17:00,0.0,-1.684
2013-01-07 18:18:00,0.0,-1.684
2013-01-07 18:19:00,0.0,-1.684
2013-01-07 18:20:00,0.0,-1.684
2013-01-07 18:21:00,0.0,-1.656
2013-01-07 18:22:00,0.0,-1.6
2013-01-07 18:23:00,0.0,-1.656
2013-01-07 18:24:00,0.0,-1.684
2013-01-07 18:25:00,0.0,-1.684
2013-01-07 18:26:00,0.0,-1.684
2013-01-07 18:27:00,0.0,-1.684
2013-01-07 18:28:00,0.0,-1.684
2013-01-07 18:29:00,0.0,-1.684
2013-01-07 18:30:00,0.0,-1.684
2013-01-07 18:31:00,0.0,-1.684
2013-01-07 18:32:00,0.0,-1.684
2013-01-07 18:33:00,0.0,-1.684
2013-01-07 18:34:00,0.0,-1.684
2013-01-07 18:35:00,0.0,-1.684
2013-01-07 18:36:00,0.0,-1.684
2013-01-07 18:37:00,0.0,-1.684
2013-01-07 18:38:00,0.0,-1.684
2013-01-07 18:39:00,0.0,-1.684
2013-01-07 18:40:00,0.0,-1.684
2013-01-07 18:41:00,0.0,-1.684
2013-01-07 18:42:00,0.0,-1.684
2013-01-07 18:43:00,0.0,-1.684
2013-01-07 18:44:00,0.0,-1.656
2013-01-07 18:45:00,0.0,-1.179
2013-01-07 18:46:00,0.0,-1.0385
2013-01-07 18:47:00,0.0,-1.0385
2013-01-07 18:48:00,0.0,-1.095
2013-01-07 18:49:00,0.0,-1.3195
2013-01-07 18:50:00,0.0,-1.628
2013-01-07 18:51:00,0.0,-1.6845
2013-01-07 18:52:00,0.0,-1.6845
2013-01-07 18:53:00,0.0,-1.6845
2013-01-07 18:54:00,0.0,-1.6845
2013-01-07 18:55:00,0.0,-1.6
2013-01-07 18:56:00,0.0,-1.3755
2013-01-07 18:57:00,0.0,-1.179
2013-01-07 18:58:00,0.0,-1.3755
2013-01-07 18:59:00,0.0,-1.656
2013-01-07 19:00:00,0.0,-1.6845
2013-01-07 19:01:00,0.0,-1.6845
2013-01-07 19:02:00,0.0,-1.6845
2013-01-07 19:03:00,0.0,-1.6845
2013-01-07 19:04:00,0.0,-1.6845
2013-01-07 19:05:00,0.0,-1.6845
2013-01-07 19:06:00,0.0,-1.6845
2013-01-07 19:07:00,0.0,-1.6845
2013-01-07 19:08:00,0.0,-1.6845
2013-01-07 19:09:00,0.0,-1.6845
2013-01-07 19:10:00,0.0,-1.6845
2013-01-07 19:11:00,0.0,-1.6845
2013-01-07 19:12:00,0.0,-1.6845
2013-01-07 19:13:00,0.0,-1.6845
2013-01-07 19:14:00,0.0,-1.6845
2013-01-07 19:15:00,0.0,-1.6845
2013-01-07 19:16:00,0.0,-1.6845
2013-01-07 19:17:00,0.0,-1.6845
2013-01-07 19:18:00,0.0,-1.6845
2013-01-07 19:19:00,0.0,-1.6845
2013-01-07 19:20:00,0.0,-1.6565
2013-01-07 19:21:00,0.0,-1.572
2013-01-07 19:22:00,0.0,-1.6845
2013-01-07 19:23:00,0.0,-1.6845
2013-01-07 19:24:00,0.0,-1.6845
2013-01-07 19:25:00,0.0,-1.6845
2013-01-07 19:26:00,0.0,-1.6845
2013-01-07 19:27:00,0.0,-1.6845
2013-01-07 19:28:00,0.0,-1.6285
2013-01-07 19:29:00,0.0,-1.6285
2013-01-07 19:30:00,0.0,-1.6845
2013-01-07 19:31:00,0.0,-1.6845
2013-01-07 19:32:00,0.0,-1.6845
2013-01-07 19:33:00,0.0,-1.6845
2013-01-07 19:34:00,0.0,-1.6845
2013-01-07 19:35:00,0.0,-1.6845
2013-01-07 19:36:00,0.0,-1.6845
2013-01-07 19:37:00,0.0,-1.6845
2013-01-07 19:38:00,0.0,-1.6845
2013-01-07 19:39:00,0.0,-1.6845
2013-01-07 19:40:00,0.0,-1.6845
2013-01-07 19:41:00,0.0,-1.6845
2013-01-07 19:42:00,0.0,-1.6845
2013-01-07 19:43:00,0.0,-1.6845
2013-01-07 19:44:00,0.0,-1.6845
2013-01-07 19:45:00,0.0,-1.6845
2013-01-07 19:46:00,0.0,-1.6845
2013-01-07 19:47:00,0.0,-1.6845
2013-01-07 19:48:00,0.0,-1.6845
2013-01-07 19:49:00,0.0,-1.6845
2013-01-07 19:50:00,0.0,-1.6845
2013-01-07 19:51:00,0.0,-1.6845
2013-01-07 19:52:00,0.0,-1.6845
2013-01-07 19:53:00,0.0,-1.6845
2013-01-07 19:54:00,0.0,-1.6845
2013-01-07 19:55:00,0.0,-1.488
2013-01-07 19:56:00,0.0,-1.404
2013-01-07 19:57:00,0.0,-1.3195
2013-01-07 19:58:00,0.0,-1.179
2013-01-07 19:59:00,0.0,-1.3475
2013-01-07 20:00:00,0.0,-1.6845
2013-01-07 20:01:00,0.0,-1.6285
2013-01-07 20:02:00,0.0,-1.6565
2013-01-07 20:03:00,0.0,-1.6845
2013-01-07 20:04:00,0.0,-1.6845
2013-01-07 20:05:00,0.0,-1.6285
2013-01-07 20:06:00,0.0,-1.6845
2013-01-07 20:07:00,0.0,-1.6845
2013-01-07 20:08:00,0.0,-1.6845
2013-01-07 20:09:00,0.0,-1.6845
2013-01-07 20:10:00,0.0,-1.6845
2013-01-07 20:11:00,0.0,-1.6845
2013-01-07 20:12:00,0.0,-1.6845
2013-01-07 20:13:00,0.0,-1.6845
2013-01-07 20:14:00,0.0,-1.6845
2013-01-07 20:15:00,0.0,-1.6845
2013-01-07 20:16:00,0.0,-1.5725
2013-01-07 20:17:00,0.0,-1.488
2013-01-07 20:18:00,0.0,-1.5725
2013-01-07 20:19:00,0.0,-1.6845
2013-01-07 20:20:00,0.0,-1.6845
2013-01-07 20:21:00,0.0,-1.6845
2013-01-07 20:22:00,0.0,-1.769
2013-01-07 20:23:00,0.0,-1.769
2013-01-07 20:24:00,0.0,-1.7125
2013-01-07 20:25:00,0.0,-1.6845
2013-01-07 20:26:00,0.0,-1.6845
2013-01-07 20:27:00,0.0,-1.6845
2013-01-07 20:28:00,0.0,-1.6845
2013-01-07 20:29:00,0.0,-1.6845
2013-01-07 20:30:00,0.0,-1.6845
2013-01-07 20:31:00,0.0,-1.6845
2013-01-07 20:32:00,0.0,-1.6845
2013-01-07 20:33:00,0.0,-1.6845
2013-01-07 20:34:00,0.0,-1.6845
2013-01-07 20:35:00,0.0,-1.6845
2013-01-07 20:36:00,0.0,-1.5445
2013-01-07 20:37:00,0.0,-1.151
2013-01-07 20:38:00,0.0,-1.011
2013-01-07 20:39:00,0.0,-1.011
2013-01-07 20:40:00,0.0,-1.123
2013-01-07 20:41:00,0.0,-1.2635
2013-01-07 20:42:00,0.0,-1.3195
2013-01-07 20:43:00,0.0,-1.067
2013-01-07 20:44:00,0.0,-1.011
2013-01-07 20:45:00,0.0,-1.011
2013-01-07 20:46:00,0.0,-1.011
2013-01-07 20:47:00,0.0,-1.011
2013-01-07 20:48:00,0.0,-1.011
2013-01-07 20:49:00,0.0,-1.011
2013-01-07 20:50:00,0.0,-1.179
2013-01-07 20:51:00,0.0,-1.123
2013-01-07 20:52:00,0.0,-1.376
2013-01-07 20:53:00,0.0,-1.6845
2013-01-07 20:54:00,0.0,-1.6845
2013-01-07 20:55:00,0.0,-1.6845
2013-01-07 20:56:00,0.0,-1.6845
2013-01-07 20:57:00,0.0,-1.6845
2013-01-07 20:58:00,0.0,-1.6565
2013-01-07 20:59:00,0.0,-1.3475
2013-01-07 21:00:00,0.0,-1.6005
2013-01-07 21:01:00,0.0,-1.6845
2013-01-07 21:02:00,0.0,-1.6845
2013-01-07 21:03:00,0.0,-1.6845
2013-01-07 21:04:00,0.0,-1.6845
2013-01-07 21:05:00,0.0,-1.6845
2013-01-07 21:06:00,0.0,-1.179
2013-01-07 21:07:00,0.0,-1.404
2013-01-07 21:08:00,0.0,-1.6845
2013-01-07 21:09:00,0.0,-1.6845
2013-01-07 21:10:00,0.0,-1.6845
2013-01-07 21:11:00,0.0,-1.6845
2013-01-07 21:12:00,0.0,-1.6845
2013-01-07 21:13:00,0.0,-1.432
2013-01-07 21:14:00,0.0,-1.011
2013-01-07 21:15:00,0.0,-1.011
2013-01-07 21:16:00,0.0,-1.011
2013-01-07 21:17:00,0.0,-1.011
2013-01-07 21:18:00,0.0,-1.011
2013-01-07 21:19:00,0.0,-1.3475
2013-01-07 21:20:00,0.0,-1.6845
2013-01-07 21:21:00,0.0,-1.6845
2013-01-07 21:22:00,0.0,-1.7405
2013-01-07 21:23:00,0.0,-2.274
2013-01-07 21:24:00,0.0,-2.3585
2013-01-07 21:25:00,0.0,-2.3585
2013-01-07 21:26:00,0.0,-2.3585
2013-01-07 21:27:00,0.0,-2.3585
2013-01-07 21:28:00,0.0,-2.3585
2013-01-07 21:29:00,0.0,-2.3585
2013-01-07 21:30:00,0.0,-2.3585
2013-01-07 21:31:00,0.0,-2.3585
2013-01-07 21:32:00,0.0,-2.3585
2013-01-07 21:33:00,0.0,-2.3585
2013-01-07 21:34:00,0.0,-2.3585
2013-01-07 21:35:00,0.0,-2.3585
2013-01-07 21:36:00,0.0,-2.3585
2013-01-07 21:37:00,0.0,-2.106
2013-01-07 21:38:00,0.0,-2.0215
2013-01-07 21:39:00,0.0,-2.3305
2013-01-07 21:40:00,0.0,-2.162
2013-01-07 21:41:00,0.0,-1.741
2013-01-07 21:42:00,0.0,-1.6845
2013-01-07 21:43:00,0.0,-1.6845
2013-01-07 21:44:00,0.0,-1.6845
2013-01-07 21:45:00,0.0,-1.6845
2013-01-07 21:46:00,0.0,-1.6845
2013-01-07 21:47:00,0.0,-1.6845
2013-01-07 21:48:00,0.0,-1.6845
2013-01-07 21:49:00,0.0,-1.6845
2013-01-07 21:50:00,0.0,-1.6845
2013-01-07 21:51:00,0.0,-1.6845
2013-01-07 21:52:00,0.0,-1.769
2013-01-07 21:53:00,0.0,-1.9655
2013-01-07 21:54:00,0.0,-2.0215
2013-01-07 21:55:00,0.0,-1.741
2013-01-07 21:56:00,0.0,-1.685
2013-01-07 21:57:00,0.0,-1.685
2013-01-07 21:58:00,0.0,-1.685
2013-01-07 21:59:00,0.0,-1.685
2013-01-07 22:00:00,0.0,-1.685
2013-01-07 22:01:00,0.0,-1.685
2013-01-07 22:02:00,0.0,-1.685
2013-01-07 22:03:00,0.0,-1.685
2013-01-07 22:04:00,0.0,-1.685
2013-01-07 22:05:00,0.0,-1.685
2013-01-07 22:06:00,0.0,-1.685
2013-01-07 22:07:00,0.0,-1.685
2013-01-07 22:08:00,0.0,-1.685
2013-01-07 22:09:00,0.0,-1.685
2013-01-07 22:10:00,0.0,-1.685
2013-01-07 22:11:00,0.0,-1.685
2013-01-07 22:12:00,0.0,-1.685
2013-01-07 22:13:00,0.0,-1.685
2013-01-07 22:14:00,0.0,-1.685
2013-01-07 22:15:00,0.0,-1.685
2013-01-07 22:16:00,0.0,-1.685
2013-01-07 22:17:00,0.0,-1.685
2013-01-07 22:18:00,0.0,-1.685
2013-01-07 22:19:00,0.0,-1.685
2013-01-07 22:20:00,0.0,-1.657
2013-01-07 22:21:00,0.0,-1.4885
2013-01-07 22:22:00,0.0,-1.32
2013-01-07 22:23:00,0.0,-1.1795
2013-01-07 22:24:00,0.0,-1.1795
2013-01-07 22:25:00,0.0,-1.348
2013-01-07 22:26:00,0.0,-1.2075
2013-01-07 22:27:00,0.0,-1.011
2013-01-07 22:28:00,0.0,-1.011
2013-01-07 22:29:00,0.0,-1.011
2013-01-07 22:30:00,0.0,-1.011
2013-01-07 22:31:00,0.0,-1.011
2013-01-07 22:32:00,0.0,-1.011
2013-01-07 22:33:00,0.0,-1.011
2013-01-07 22:34:00,0.0,-1.011
2013-01-07 22:35:00,0.0,-1.011
2013-01-07 22:36:00,0.0,-1.011
2013-01-07 22:37:00,0.0,-1.011
2013-01-07 22:38:00,0.0,-1.011
2013-01-07 22:39:00,0.0,-1.011
2013-01-07 22:40:00,0.0,-1.011
2013-01-07 22:41:00,0.0,-1.011
2013-01-07 22:42:00,0.0,-1.208
2013-01-07 22:43:00,0.0,-1.685
2013-01-07 22:44:00,0.0,-1.685
2013-01-07 22:45:00,0.0,-1.6855
2013-01-07 22:46:00,0.0,-1.6855
2013-01-07 22:47:00,0.0,-1.685
2013-01-07 22:48:00,0.0,-1.6855
2013-01-07 22:49:00,0.0,-1.6855
2013-01-07 22:50:00,0.0,-1.6855
2013-01-07 22:51:00,0.0,-1.6855
2013-01-07 22:52:00,0.0,-1.4045
2013-01-07 22:53:00,0.0,-1.4045
2013-01-07 22:54:00,0.0,-1.6855
2013-01-07 22:55:00,0.0,-1.6855
2013-01-07 22:56:00,0.0,-1.6855
2013-01-07 22:57:00,0.0,-1.6855
2013-01-07 22:58:00,0.0,-1.6855
2013-01-07 22:59:00,0.0,-1.6855
2013-01-07 23:00:00,0.0,-1.6855
2013-01-07 23:01:00,0.0,-1.6855
2013-01-07 23:02:00,0.0,-1.6855
2013-01-07 23:03:00,0.0,-1.6855
2013-01-07 23:04:00,0.0,-1.6855
2013-01-07 23:05:00,0.0,-1.6855
2013-01-07 23:06:00,0.0,-1.7135
2013-01-07 23:07:00,0.0,-2.191
2013-01-07 23:08:00,0.0,-2.3595
2013-01-07 23:09:00,0.0,-2.3595
2013-01-07 23:10:00,0.0,-2.3595
2013-01-07 23:11:00,0.0,-2.3595
2013-01-07 23:12:00,0.0,-2.3595
2013-01-07 23:13:00,0.0,-2.3595
2013-01-07 23:14:00,0.0,-2.3595
2013-01-07 23:15:00,0.0,-2.0225
2013-01-07 23:16:00,0.0,-1.6855
2013-01-07 23:17:00,0.0,-1.685
2013-01-07 23:18:00,0.0,-1.6855
2013-01-07 23:19:00,0.0,-1.6855
2013-01-07 23:20:00,0.0,-1.6855
2013-01-07 23:21:00,0.0,-1.6855
2013-01-07 23:22:00,0.0,-1.573
2013-01-07 23:23:00,0.0,-1.3765
2013-01-07 23:24:00,0.0,-1.348
2013-01-07 23:25:00,0.0,-1.348
2013-01-07 23:26:00,0.0,-1.1795
2013-01-07 23:27:00,0.0,-1.0675
2013-01-07 23:28:00,0.0,-1.039
2013-01-07 23:29:00,0.0,-1.011
2013-01-07 23:30:00,0.0,-1.011
2013-01-07 23:31:00,0.0,-1.011
2013-01-07 23:32:00,0.0,-1.011
2013-01-07 23:33:00,0.0,-1.011
2013-01-07 23:34:00,0.0,-1.011
2013-01-07 23:35:00,0.0,-1.011
2013-01-07 23:36:00,0.0,-1.011
2013-01-07 23:37:00,0.0,-1.011
2013-01-07 23:38:00,0.0,-1.573
2013-01-07 23:39:00,0.0,-1.6855
2013-01-07 23:40:00,0.0,-1.6855
2013-01-07 23:41:00,0.0,-1.6855
2013-01-07 23:42:00,0.0,-1.6855
2013-01-07 23:43:00,0.0,-1.657
2013-01-07 23:44:00,0.0,-1.657
2013-01-07 23:45:00,0.0,-1.3765
2013-01-07 23:46:00,0.0,-1.4605
2013-01-07 23:47:00,0.0,-1.601
2013-01-07 23:48:00,0.0,-1.4885
2013-01-07 23:49:00,0.0,-1.292
2013-01-07 23:50:00,0.0,-1.1235
2013-01-07 23:51:00,0.0,-1.011
2013-01-07 23:52:00,0.0,-1.011
2013-01-07 23:53:00,0.0,-1.236
2013-01-07 23:54:00,0.0,-1.208
2013-01-07 23:55:00,0.0,-1.4605
2013-01-07 23:56:00,0.0,-1.0395
2013-01-07 23:57:00,0.0,-1.32
2013-01-07 23:58:00,0.0,-1.4325
2013-01-07 23:59:00,0.0,-1.6855
2013-01-08 00:00:00,0.0,-1.629
2013-01-08 00:01:00,0.0,-1.657
2013-01-08 00:02:00,0.0,-1.348
2013-01-08 00:03:00,0.0,-1.0955
2013-01-08 00:04:00,0.0,-1.348
2013-01-08 00:05:00,0.0,-1.348
2013-01-08 00:06:00,0.0,-1.292
2013-01-08 00:07:00,0.0,-1.0955
2013-01-08 00:08:00,0.0,-1.011
2013-01-08 00:09:00,0.0,-1.011
2013-01-08 00:10:00,0.0,-1.011
2013-01-08 00:11:00,0.0,-1.011
2013-01-08 00:12:00,0.0,-1.011
2013-01-08 00:13:00,0.0,-1.011
2013-01-08 00:14:00,0.0,-1.011
2013-01-08 00:15:00,0.0,-1.011
2013-01-08 00:16:00,0.0,-0.7305
2013-01-08 00:17:00,0.0,-0.7585
2013-01-08 00:18:00,0.0,-0.674
2013-01-08 00:19:00,0.0,-0.674
2013-01-08 00:20:00,0.0,-0.674
2013-01-08 00:21:00,0.0,-0.674
2013-01-08 00:22:00,0.0,-0.674
2013-01-08 00:23:00,0.0,-0.674
2013-01-08 00:24:00,0.0,-0.702
2013-01-08 00:25:00,0.0,-0.674
2013-01-08 00:26:00,0.0,-0.674
2013-01-08 00:27:00,0.0,-0.674
2013-01-08 00:28:00,0.0,-0.674
2013-01-08 00:29:00,0.0,-0.674
2013-01-08 00:30:00,0.0,-0.7585
2013-01-08 00:31:00,0.0,-0.674
2013-01-08 00:32:00,0.0,-0.674
2013-01-08 00:33:00,0.0,-0.674
2013-01-08 00:34:00,0.0,-0.674
2013-01-08 00:35:00,0.0,-0.674
2013-01-08 00:36:00,0.0,-0.955
2013-01-08 00:37:00,0.0,-1.011
2013-01-08 00:38:00,0.0,-1.011
2013-01-08 00:39:00,0.0,-1.011
2013-01-08 00:40:00,0.0,-1.011
2013-01-08 00:41:00,0.0,-1.011
2013-01-08 00:42:00,0.0,-1.011
2013-01-08 00:43:00,0.0,-1.011
2013-01-08 00:44:00,0.0,-1.011
2013-01-08 00:45:00,0.0,-1.011
2013-01-08 00:46:00,0.0,-0.983
2013-01-08 00:47:00,0.0,-0.955
2013-01-08 00:48:00,0.0,-0.674
2013-01-08 00:49:00,0.0,-0.955
2013-01-08 00:50:00,0.0,-1.011
2013-01-08 00:51:00,0.0,-1.011
2013-01-08 00:52:00,0.0,-1.011
2013-01-08 00:53:00,0.0,-1.011
2013-01-08 00:54:00,0.0,-1.011
2013-01-08 00:55:00,0.0,-0.899
2013-01-08 00:56:00,0.0,-0.674
2013-01-08 00:57:00,0.0,-0.674
2013-01-08 00:58:00,0.0,-0.674
2013-01-08 00:59:00,0.0,-0.674
2013-01-08 01:00:00,0.0,-0.674
2013-01-08 01:01:00,0.0,-0.674
2013-01-08 01:02:00,0.0,-0.674
2013-01-08 01:03:00,0.0,-0.674
2013-01-08 01:04:00,0.0,-0.674
2013-01-08 01:05:00,0.0,-0.674
2013-01-08 01:06:00,0.0,-0.674
2013-01-08 01:07:00,0.0,-0.674
2013-01-08 01:08:00,0.0,-0.674
2013-01-08 01:09:00,0.0,-0.674
2013-01-08 01:10:00,0.0,-0.674
2013-01-08 01:11:00,0.0,-0.674
2013-01-08 01:12:00,0.0,-0.674
2013-01-08 01:13:00,0.0,-0.674
2013-01-08 01:14:00,0.0,-0.674
2013-01-08 01:15:00,0.0,-0.674
2013-01-08 01:16:00,0.0,-0.674
2013-01-08 01:17:00,0.0,-0.674
2013-01-08 01:18:00,0.0,-0.702
2013-01-08 01:19:00,0.0,-0.674
2013-01-08 01:20:00,0.0,-0.674
2013-01-08 01:21:00,0.0,-0.674
2013-01-08 01:22:00,0.0,-0.674
2013-01-08 01:23:00,0.0,-0.674
2013-01-08 01:24:00,0.0,-0.674
2013-01-08 01:25:00,0.0,-0.8985
2013-01-08 01:26:00,0.0,-1.011
2013-01-08 01:27:00,0.0,-1.011
2013-01-08 01:28:00,0.0,-1.011
2013-01-08 01:29:00,0.0,-1.011
2013-01-08 01:30:00,0.0,-1.011
2013-01-08 01:31:00,0.0,-1.011
2013-01-08 01:32:00,0.0,-1.011
2013-01-08 01:33:00,0.0,-1.011
2013-01-08 01:34:00,0.0,-1.011
2013-01-08 01:35:00,0.0,-1.011
2013-01-08 01:36:00,0.0,-1.011
2013-01-08 01:37:00,0.0,-1.011
2013-01-08 01:38:00,0.0,-1.067
2013-01-08 01:39:00,0.0,-1.151
2013-01-08 01:40:00,0.0,-1.151
2013-01-08 01:41:00,0.0,-1.123
2013-01-08 01:42:00,0.0,-1.011
2013-01-08 01:43:00,0.0,-1.011
2013-01-08 01:44:00,0.0,-1.011
2013-01-08 01:45:00,0.0,-1.011
2013-01-08 01:46:00,0.0,-0.674
2013-01-08 01:47:00,0.0,-0.674
2013-01-08 01:48:00,0.0,-0.674
2013-01-08 01:49:00,0.0,-0.674
2013-01-08 01:50:00,0.0,-0.674
2013-01-08 01:51:00,0.0,-0.309
2013-01-08 01:52:00,0.0,-0.1125
2013-01-08 01:53:00,0.0,0.0
2013-01-08 01:54:00,0.0,-0.1685
2013-01-08 01:55:00,0.0,-0.028
2013-01-08 01:56:00,0.0,0.0
2013-01-08 01:57:00,0.0,-0.028
2013-01-08 01:58:00,0.0,-0.5055
2013-01-08 01:59:00,0.0,-0.674
2013-01-08 02:00:00,0.0,-0.674
2013-01-08 02:01:00,0.0,-0.674
2013-01-08 02:02:00,0.0,-0.674
2013-01-08 02:03:00,0.0,-0.674
2013-01-08 02:04:00,0.0,-0.674
2013-01-08 02:05:00,0.0,-0.674
2013-01-08 02:06:00,0.0,-0.674
2013-01-08 02:07:00,0.0,-0.674
2013-01-08 02:08:00,0.0,-0.674
2013-01-08 02:09:00,0.0,-0.674
2013-01-08 02:10:00,0.0,-0.674
2013-01-08 02:11:00,0.0,-0.674
2013-01-08 02:12:00,0.0,-0.674
2013-01-08 02:13:00,0.0,-0.674
2013-01-08 02:14:00,0.0,-0.674
2013-01-08 02:15:00,0.0,-0.674
2013-01-08 02:16:00,0.0,-0.674
2013-01-08 02:17:00,0.0,-0.674
2013-01-08 02:18:00,0.0,-0.674
2013-01-08 02:19:00,0.0,-0.674
2013-01-08 02:20:00,0.0,-0.674
2013-01-08 02:21:00,0.0,-0.674
2013-01-08 02:22:00,0.0,-0.674
2013-01-08 02:23:00,0.0,-0.674
2013-01-08 02:24:00,0.0,-0.674
2013-01-08 02:25:00,0.0,-0.674
2013-01-08 02:26:00,0.0,-0.674
2013-01-08 02:27:00,0.0,-0.674
2013-01-08 02:28:00,0.0,-0.674
2013-01-08 02:29:00,0.0,-0.674
2013-01-08 02:30:00,0.0,-0.674
2013-01-08 02:31:00,0.0,-0.674
2013-01-08 02:32:00,0.0,-0.674
2013-01-08 02:33:00,0.0,-0.674
2013-01-08 02:34:00,0.0,-0.674
2013-01-08 02:35:00,0.0,-0.674
2013-01-08 02:36:00,0.0,-0.674
2013-01-08 02:37:00,0.0,-0.674
2013-01-08 02:38:00,0.0,-0.702
2013-01-08 02:39:00,0.0,-0.674
2013-01-08 02:40:00,0.0,-0.674
2013-01-08 02:41:00,0.0,-0.674
2013-01-08 02:42:00,0.0,-0.674
2013-01-08 02:43:00,0.0,-0.674
2013-01-08 02:44:00,0.0,-0.674
2013-01-08 02:45:00,0.0,-0.674
2013-01-08 02:46:00,0.0,-0.674
2013-01-08 02:47:00,0.0,-0.674
2013-01-08 02:48:00,0.0,-0.674
2013-01-08 02:49:00,0.0,-0.6735
2013-01-08 02:50:00,0.0,-0.6735
2013-01-08 02:51:00,0.0,-0.6735
2013-01-08 02:52:00,0.0,-0.6735
2013-01-08 02:53:00,0.0,-0.842
2013-01-08 02:54:00,0.0,-1.0105
2013-01-08 02:55:00,0.0,-1.0105
2013-01-08 02:56:00,0.0,-1.0105
2013-01-08 02:57:00,0.0,-1.0105
2013-01-08 02:58:00,0.0,-1.0105
2013-01-08 02:59:00,0.0,-1.0105
2013-01-08 03:00:00,0.0,-1.0105
2013-01-08 03:01:00,0.0,-1.0105
2013-01-08 03:02:00,0.0,-1.0105
2013-01-08 03:03:00,0.0,-1.0105
2013-01-08 03:04:00,0.0,-1.0105
2013-01-08 03:05:00,0.0,-1.0105
2013-01-08 03:06:00,0.0,-1.0105
2013-01-08 03:07:00,0.0,-1.0105
2013-01-08 03:08:00,0.0,-1.0105
2013-01-08 03:09:00,0.0,-1.0105
2013-01-08 03:10:00,0.0,-1.0105
2013-01-08 03:11:00,0.0,-1.0105
2013-01-08 03:12:00,0.0,-1.0105
2013-01-08 03:13:00,0.0,-1.0105
2013-01-08 03:14:00,0.0,-1.0105
2013-01-08 03:15:00,0.0,-1.0105
2013-01-08 03:16:00,0.0,-1.0105
2013-01-08 03:17:00,0.0,-0.73
2013-01-08 03:18:00,0.0,-0.814
2013-01-08 03:19:00,0.0,-0.842
2013-01-08 03:20:00,0.0,-0.6735
2013-01-08 03:21:00,0.0,-0.758
2013-01-08 03:22:00,0.0,-0.7015
2013-01-08 03:23:00,0.0,-0.6735
2013-01-08 03:24:00,0.0,-0.6735
2013-01-08 03:25:00,0.0,-0.6735
2013-01-08 03:26:00,0.0,-0.898
2013-01-08 03:27:00,0.0,-1.0105
2013-01-08 03:28:00,0.0,-1.0105
2013-01-08 03:29:00,0.0,-1.0105
2013-01-08 03:30:00,0.0,-1.0105
2013-01-08 03:31:00,0.0,-1.0105
2013-01-08 03:32:00,0.0,-1.0105
2013-01-08 03:33:00,0.0,-1.0105
2013-01-08 03:34:00,0.0,-1.0105
2013-01-08 03:35:00,0.0,-1.0105
2013-01-08 03:36:00,0.0,-1.0105
2013-01-08 03:37:00,0.0,-1.0105
2013-01-08 03:38:00,0.0,-1.0105
2013-01-08 03:39:00,0.0,-1.0105
2013-01-08 03:40:00,0.0,-1.0105
2013-01-08 03:41:00,0.0,-1.0105
2013-01-08 03:42:00,0.0,-1.0105
2013-01-08 03:43:00,0.0,-1.0105
2013-01-08 03:44:00,0.0,-1.0105
2013-01-08 03:45:00,0.0,-1.263
2013-01-08 03:46:00,0.0,-1.4035
2013-01-08 03:47:00,0.0,-1.4035
2013-01-08 03:48:00,0.0,-1.0385
2013-01-08 03:49:00,0.0,-1.0105
2013-01-08 03:50:00,0.0,-1.0105
2013-01-08 03:51:00,0.0,-1.0945
2013-01-08 03:52:00,0.0,-1.0105
2013-01-08 03:53:00,0.0,-1.0105
2013-01-08 03:54:00,0.0,-1.0105
2013-01-08 03:55:00,0.0,-1.0105
2013-01-08 03:56:00,0.0,-1.0105
2013-01-08 03:57:00,0.0,-1.0105
2013-01-08 03:58:00,0.0,-1.0105
2013-01-08 03:59:00,0.0,-1.0105
2013-01-08 04:00:00,0.0,-1.0105
2013-01-08 04:01:00,0.0,-1.0105
2013-01-08 04:02:00,0.0,-1.0105
2013-01-08 04:03:00,0.0,-1.0105
2013-01-08 04:04:00,0.0,-1.0665
2013-01-08 04:05:00,0.0,-1.179
2013-01-08 04:06:00,0.0,-1.319
2013-01-08 04:07:00,0.0,-1.0385
2013-01-08 04:08:00,0.0,-1.0105
2013-01-08 04:09:00,0.0,-1.0105
2013-01-08 04:10:00,0.0,-1.0105
2013-01-08 04:11:00,0.0,-1.0105
2013-01-08 04:12:00,0.0,-1.0105
2013-01-08 04:13:00,0.0,-1.0105
2013-01-08 04:14:00,0.0,-1.0105
2013-01-08 04:15:00,0.0,-1.0105
2013-01-08 04:16:00,0.0,-1.0105
2013-01-08 04:17:00,0.0,-1.0105
2013-01-08 04:18:00,0.0,-1.0105
2013-01-08 04:19:00,0.0,-1.0105
2013-01-08 04:20:00,0.0,-1.0105
2013-01-08 04:21:00,0.0,-1.0105
2013-01-08 04:22:00,0.0,-1.0105
2013-01-08 04:23:00,0.0,-1.0105
2013-01-08 04:24:00,0.0,-1.235
2013-01-08 04:25:00,0.0,-1.684
2013-01-08 04:26:00,0.0,-1.684
2013-01-08 04:27:00,0.0,-1.684
2013-01-08 04:28:00,0.0,-1.684
2013-01-08 04:29:00,0.0,-1.684
2013-01-08 04:30:00,0.0,-1.684
2013-01-08 04:31:00,0.0,-1.684
2013-01-08 04:32:00,0.0,-1.684
2013-01-08 04:33:00,0.0,-1.684
2013-01-08 04:34:00,0.0,-1.684
2013-01-08 04:35:00,0.0,-1.684
2013-01-08 04:36:00,0.0,-1.684
2013-01-08 04:37:00,0.0,-1.684
2013-01-08 04:38:00,0.0,-1.3475
2013-01-08 04:39:00,0.0,-1.0105
2013-01-08 04:40:00,0.0,-1.0105
2013-01-08 04:41:00,0.0,-1.0105
2013-01-08 04:42:00,0.0,-1.0105
2013-01-08 04:43:00,0.0,-1.0105
2013-01-08 04:44:00,0.0,-1.0105
2013-01-08 04:45:00,0.0,-1.0105
2013-01-08 04:46:00,0.0,-1.0105
2013-01-08 04:47:00,0.0,-1.0105
2013-01-08 04:48:00,0.0,-1.0105
2013-01-08 04:49:00,0.0,-1.0105
2013-01-08 04:50:00,0.0,-1.0105
2013-01-08 04:51:00,0.0,-1.0105
2013-01-08 04:52:00,0.0,-1.0105
2013-01-08 04:53:00,0.0,-1.0105
2013-01-08 04:54:00,0.0,-1.0105
2013-01-08 04:55:00,0.0,-1.0105
2013-01-08 04:56:00,0.0,-1.0105
2013-01-08 04:57:00,0.0,-1.0105
2013-01-08 04:58:00,0.0,-1.0105
2013-01-08 04:59:00,0.0,-1.0105
2013-01-08 05:00:00,0.0,-1.207
2013-01-08 05:01:00,0.0,-1.684
2013-01-08 05:02:00,0.0,-1.684
2013-01-08 05:03:00,0.0,-1.684
2013-01-08 05:04:00,0.0,-1.684
2013-01-08 05:05:00,0.0,-1.684
2013-01-08 05:06:00,0.0,-1.684
2013-01-08 05:07:00,0.0,-1.684
2013-01-08 05:08:00,0.0,-1.684
2013-01-08 05:09:00,0.0,-1.684
2013-01-08 05:10:00,0.0,-1.319
2013-01-08 05:11:00,0.0,-1.0105
2013-01-08 05:12:00,0.0,-1.0105
2013-01-08 05:13:00,0.0,-1.0105
2013-01-08 05:14:00,0.0,-1.0105
2013-01-08 05:15:00,0.0,-1.291
2013-01-08 05:16:00,0.0,-1.684
2013-01-08 05:17:00,0.0,-1.684
2013-01-08 05:18:00,0.0,-1.684
2013-01-08 05:19:00,0.0,-1.684
2013-01-08 05:20:00,0.0,-1.684
2013-01-08 05:21:00,0.0,-1.684
2013-01-08 05:22:00,0.0,-1.684
2013-01-08 05:23:00,0.0,-1.6
2013-01-08 05:24:00,0.0,-1.0105
2013-01-08 05:25:00,0.0,-1.0105
2013-01-08 05:26:00,0.0,-1.0105
2013-01-08 05:27:00,0.0,-1.0105
2013-01-08 05:28:00,0.0,-1.0105
2013-01-08 05:29:00,0.0,-1.0105
2013-01-08 05:30:00,0.0,-1.0105
2013-01-08 05:31:00,0.0,-1.0105
2013-01-08 05:32:00,0.0,-1.0105
2013-01-08 05:33:00,0.0,-1.0105
2013-01-08 05:34:00,0.0,-1.0105
2013-01-08 05:35:00,0.0,-1.0105
2013-01-08 05:36:00,0.0,-1.0105
2013-01-08 05:37:00,0.0,-1.0105
2013-01-08 05:38:00,0.0,-1.0105
2013-01-08 05:39:00,0.0,-1.0105
2013-01-08 05:40:00,0.0,-1.0105
2013-01-08 05:41:00,0.0,-1.0105
2013-01-08 05:42:00,0.0,-1.0105
2013-01-08 05:43:00,0.0,-1.0105
2013-01-08 05:44:00,0.0,-1.0105
2013-01-08 05:45:00,0.0,-1.0105
2013-01-08 05:46:00,0.0,-1.0105
2013-01-08 05:47:00,0.0,-1.0105
2013-01-08 05:48:00,0.0,-1.0105
2013-01-08 05:49:00,0.0,-1.0105
2013-01-08 05:50:00,0.0,-1.0105
2013-01-08 05:51:00,0.0,-1.0105
2013-01-08 05:52:00,0.0,-1.0105
2013-01-08 05:53:00,0.0,-1.0105
2013-01-08 05:54:00,0.0,-0.786
2013-01-08 05:55:00,0.0,-0.6735
2013-01-08 05:56:00,0.0,-0.6735
2013-01-08 05:57:00,0.0,-0.6735
2013-01-08 05:58:00,0.0,-0.6735
2013-01-08 05:59:00,0.0,-0.6735
2013-01-08 06:00:00,0.0,-0.842
2013-01-08 06:01:00,0.0,-1.0105
2013-01-08 06:02:00,0.0,-1.0105
2013-01-08 06:03:00,0.0,-1.0105
2013-01-08 06:04:00,0.0,-1.0105
2013-01-08 06:05:00,0.0,-1.0105
2013-01-08 06:06:00,0.0,-1.0105
2013-01-08 06:07:00,0.0,-1.0385
2013-01-08 06:08:00,0.0,-1.179
2013-01-08 06:09:00,0.0,-1.0665
2013-01-08 06:10:00,0.0,-1.0105
2013-01-08 06:11:00,0.0,-1.0105
2013-01-08 06:12:00,0.0,-1.0105
2013-01-08 06:13:00,0.0,-1.0105
2013-01-08 06:14:00,0.0,-1.0105
2013-01-08 06:15:00,0.0,-1.0105
2013-01-08 06:16:00,0.0,-1.0105
2013-01-08 06:17:00,0.0,-1.0105
2013-01-08 06:18:00,0.0,-1.0105
2013-01-08 06:19:00,0.0,-1.0105
2013-01-08 06:20:00,0.0,-1.0105
2013-01-08 06:21:00,0.0,-1.0105
2013-01-08 06:22:00,0.0,-1.0105
2013-01-08 06:23:00,0.0,-1.0105
2013-01-08 06:24:00,0.0,-1.0105
2013-01-08 06:25:00,0.0,-1.0105
2013-01-08 06:26:00,0.0,-1.0105
2013-01-08 06:27:00,0.0,-1.0105
2013-01-08 06:28:00,0.0,-1.0105
2013-01-08 06:29:00,0.0,-1.0105
2013-01-08 06:30:00,0.0,-1.0105
2013-01-08 06:31:00,0.0,-1.0105
2013-01-08 06:32:00,0.0,-1.0105
2013-01-08 06:33:00,0.0,-1.0105
2013-01-08 06:34:00,0.0,-1.0105
2013-01-08 06:35:00,0.0,-1.0105
2013-01-08 06:36:00,0.0,-1.0105
2013-01-08 06:37:00,0.0,-1.3755
2013-01-08 06:38:00,0.0,-1.684
2013-01-08 06:39:00,0.0,-1.684
2013-01-08 06:40:00,0.0,-1.684
2013-01-08 06:41:00,0.0,-1.684
2013-01-08 06:42:00,0.0,-1.684
2013-01-08 06:43:00,0.0,-1.684
2013-01-08 06:44:00,0.0,-1.3755
2013-01-08 06:45:00,0.0,-1.3195
2013-01-08 06:46:00,0.0,-1.0105
2013-01-08 06:47:00,0.0,-1.0105
2013-01-08 06:48:00,0.0,-1.0105
2013-01-08 06:49:00,0.0,-1.0105
2013-01-08 06:50:00,0.0,-0.9825
2013-01-08 06:51:00,0.0,-1.0105
2013-01-08 06:52:00,0.0,-1.0105
2013-01-08 06:53:00,0.0,-0.8985
2013-01-08 06:54:00,0.0,-0.9545
2013-01-08 06:55:00,0.0,-1.0105
2013-01-08 06:56:00,0.0,-1.0105
2013-01-08 06:57:00,0.0,-1.0105
2013-01-08 06:58:00,0.0,-1.0105
2013-01-08 06:59:00,0.0,-1.0105
2013-01-08 07:00:00,0.0,-0.979
2013-01-08 07:01:00,0.0,-0.8845
2013-01-08 07:02:00,0.0,-0.8845
2013-01-08 07:03:00,0.0,-0.8845
2013-01-08 07:04:00,0.0,-0.8214999999999999
2013-01-08 07:05:00,0.0,-0.7869999999999999
2013-01-08 07:06:00,0.0,-0.8434999999999999
2013-01-08 07:07:00,0.0,-0.7589999999999999
2013-01-08 07:08:00,0.0,-0.6645
2013-01-08 07:09:00,0.0,-0.21250000000000002
2013-01-08 07:10:00,0.0,0.34750000000000003
2013-01-08 07:11:00,0.0,1.227
2013-01-08 07:12:00,0.0,2.117
2013-01-08 07:13:00,0.0,2.887
2013-01-08 07:14:00,0.0,3.4539999999999997
2013-01-08 07:15:00,0.0,3.7975000000000003
2013-01-08 07:16:00,0.0,4.5685
2013-01-08 07:17:00,0.0,4.621
2013-01-08 07:18:00,0.0,4.684
2013-01-08 07:19:00,0.0,4.5895
2013-01-08 07:20:00,0.0,4.5265
2013-01-08 07:21:00,0.0,4.338
2013-01-08 07:22:00,0.0,4.4110000000000005
2013-01-08 07:23:00,0.0,5.391500000000001
2013-01-08 07:24:00,8.74,13.695
2013-01-08 07:25:00,4.872,28.939999999999998
2013-01-08 07:26:00,6.492,40.015
2013-01-08 07:27:00,5.682,34.349999999999994
2013-01-08 07:28:00,4.867,21.545
2013-01-08 07:29:00,1.528,14.530000000000001
2013-01-08 07:30:00,2.313,13.825
2013-01-08 07:31:00,5.596,14.41
2013-01-08 07:32:00,1.513,15.23
2013-01-08 07:33:00,4.548,16.095
2013-01-08 07:34:00,6.242,16.96
2013-01-08 07:35:00,2.304,17.66
2013-01-08 07:36:00,3.099,18.66
2013-01-08 07:37:00,3.178,19.32
2013-01-08 07:38:00,3.932,20.174999999999997
2013-01-08 07:39:00,6.384,21.034999999999997
2013-01-08 07:40:00,6.477,21.585
2013-01-08 07:41:00,7.168,22.68
2013-01-08 07:42:00,9.76,23.72
2013-01-08 07:43:00,4.793,25.095
2013-01-08 07:44:00,5.608,27.005000000000003
2013-01-08 07:45:00,43.8,29.145
2013-01-08 07:46:00,54.32,31.595
2013-01-08 07:47:00,54.07,34.075
2013-01-08 07:48:00,54.24,36.325
2013-01-08 07:49:00,54.26,38.510000000000005
2013-01-08 07:50:00,55.72,40.67
2013-01-08 07:51:00,70.12,43.1
2013-01-08 07:52:00,74.48,46.675
2013-01-08 07:53:00,90.4,51.980000000000004
2013-01-08 07:54:00,90.3,53.885000000000005
2013-01-08 07:55:00,90.3,52.22
2013-01-08 07:56:00,90.4,54.465
2013-01-08 07:57:00,97.1,63.82
2013-01-08 07:58:00,132.6,83.45
2013-01-08 07:59:00,196.1,128.0
2013-01-08 08:00:00,231.4,163.45
2013-01-08 08:01:00,243.9,172.05
2013-01-08 08:02:00,190.3,127.80000000000001
2013-01-08 08:03:00,162.4,104.44999999999999
2013-01-08 08:04:00,162.6,104.3
2013-01-08 08:05:00,174.7,112.7
2013-01-08 08:06:00,162.5,103.45
2013-01-08 08:07:00,159.3,97.05
2013-01-08 08:08:00,144.6,91.4
2013-01-08 08:09:00,130.5,85.75
2013-01-08 08:10:00,135.5,86.55
2013-01-08 08:11:00,172.6,105.15
2013-01-08 08:12:00,197.2,121.95
2013-01-08 08:13:00,165.6,104.6
2013-01-08 08:14:00,159.7,98.1
2013-01-08 08:15:00,130.1,79.97
2013-01-08 08:16:00,126.5,71.99000000000001
2013-01-08 08:17:00,126.5,71.325
2013-01-08 08:18:00,126.4,72.1
2013-01-08 08:19:00,126.5,71.555
2013-01-08 08:20:00,126.3,68.21000000000001
2013-01-08 08:21:00,125.0,67.22
2013-01-08 08:22:00,126.4,67.845
2013-01-08 08:23:00,126.2,68.92
2013-01-08 08:24:00,126.5,70.69
2013-01-08 08:25:00,126.5,72.39500000000001
2013-01-08 08:26:00,126.3,74.05000000000001
2013-01-08 08:27:00,126.7,76.51
2013-01-08 08:28:00,142.3,78.955
2013-01-08 08:29:00,144.6,80.985
2013-01-08 08:30:00,149.6,83.1
2013-01-08 08:31:00,160.3,84.92
2013-01-08 08:32:00,162.5,86.55
2013-01-08 08:33:00,162.7,87.95
2013-01-08 08:34:00,162.7,89.15
2013-01-08 08:35:00,162.4,91.15
2013-01-08 08:36:00,162.6,94.0
2013-01-08 08:37:00,173.1,97.35
2013-01-08 08:38:00,181.5,100.75
2013-01-08 08:39:00,195.9,104.35
2013-01-08 08:40:00,198.8,107.9
2013-01-08 08:41:00,198.9,110.80000000000001
2013-01-08 08:42:00,200.1,114.0
2013-01-08 08:43:00,216.2,117.80000000000001
2013-01-08 08:44:00,216.6,122.5
2013-01-08 08:45:00,217.0,126.6
2013-01-08 08:46:00,216.4,128.65
2013-01-08 08:47:00,216.8,131.95
2013-01-08 08:48:00,231.1,137.8
2013-01-08 08:49:00,248.6,145.75
2013-01-08 08:50:00,276.6,161.35000000000002
2013-01-08 08:51:00,296.4,174.55
2013-01-08 08:52:00,325.4,186.4
2013-01-08 08:53:00,325.2,192.64999999999998
2013-01-08 08:54:00,343.7,200.39999999999998
2013-01-08 08:55:00,373.3,219.35
2013-01-08 08:56:00,380.8,221.60000000000002
2013-01-08 08:57:00,402.6,235.5
2013-01-08 08:58:00,425.3,248.10000000000002
2013-01-08 08:59:00,506.0,291.85
2013-01-08 09:00:00,513.1,300.4
2013-01-08 09:01:00,560.6,325.05
2013-01-08 09:02:00,530.6,312.9
2013-01-08 09:03:00,505.2,298.29999999999995
2013-01-08 09:04:00,536.9,314.75
2013-01-08 09:05:00,594.1,345.0
2013-01-08 09:06:00,657.0,386.95
2013-01-08 09:07:00,624.4,370.2
2013-01-08 09:08:00,665.7,390.3
2013-01-08 09:09:00,772.1,453.04999999999995
2013-01-08 09:10:00,775.2,459.15
2013-01-08 09:11:00,798.9,471.15
2013-01-08 09:12:00,763.1,449.0
2013-01-08 09:13:00,739.5,433.2
2013-01-08 09:14:00,755.0,441.75
2013-01-08 09:15:00,739.3,438.20000000000005
2013-01-08 09:16:00,750.3,442.9
2013-01-08 09:17:00,784.2,462.1
2013-01-08 09:18:00,823.0,485.7
2013-01-08 09:19:00,885.0,523.6
2013-01-08 09:20:00,914.0,538.6500000000001
2013-01-08 09:21:00,972.0,574.1
2013-01-08 09:22:00,1037.0,612.95
2013-01-08 09:23:00,1085.0,642.35
2013-01-08 09:24:00,1065.0,635.3
2013-01-08 09:25:00,955.0,565.15
2013-01-08 09:26:00,1085.0,644.5
2013-01-08 09:27:00,1148.0,678.75
2013-01-08 09:28:00,1145.0,684.9
2013-01-08 09:29:00,1183.0,706.15
2013-01-08 09:30:00,1198.0,715.5
2013-01-08 09:31:00,1221.0,727.5999999999999
2013-01-08 09:32:00,1227.0,732.55
2013-01-08 09:33:00,1097.0,647.15
2013-01-08 09:34:00,1299.0,764.75
2013-01-08 09:35:00,1356.0,799.8
2013-01-08 09:36:00,1373.0,813.15
2013-01-08 09:37:00,1390.0,826.8
2013-01-08 09:38:00,1311.0,779.5
2013-01-08 09:39:00,1173.0,688.8
2013-01-08 09:40:00,994.0,588.6
2013-01-08 09:41:00,778.6,453.25
2013-01-08 09:42:00,807.0,467.75
2013-01-08 09:43:00,892.0,521.1
2013-01-08 09:44:00,715.6,417.65
2013-01-08 09:45:00,630.7,365.4
2013-01-08 09:46:00,446.9,264.75
2013-01-08 09:47:00,446.2,260.9
2013-01-08 09:48:00,516.9,296.9
2013-01-08 09:49:00,508.2,290.4
2013-01-08 09:50:00,542.6,307.65
2013-01-08 09:51:00,547.6,309.85
2013-01-08 09:52:00,502.5,284.95000000000005
2013-01-08 09:53:00,531.1,301.55
2013-01-08 09:54:00,570.7,323.2
2013-01-08 09:55:00,546.1,313.4
2013-01-08 09:56:00,533.7,301.55
2013-01-08 09:57:00,517.0,296.5
2013-01-08 09:58:00,497.9,286.75
2013-01-08 09:59:00,529.2,303.9
2013-01-08 10:00:00,602.4,339.25
2013-01-08 10:01:00,702.4,394.4
2013-01-08 10:02:00,719.7,403.25
2013-01-08 10:03:00,745.8,417.1
2013-01-08 10:04:00,841.0,470.04999999999995
2013-01-08 10:05:00,987.0,554.5
2013-01-08 10:06:00,942.0,533.85
2013-01-08 10:07:00,790.2,448.15
2013-01-08 10:08:00,745.4,422.25
2013-01-08 10:09:00,677.2,385.75
2013-01-08 10:10:00,707.2,397.85
2013-01-08 10:11:00,1009.0,557.5
2013-01-08 10:12:00,1052.0,593.8499999999999
2013-01-08 10:13:00,951.0,538.65
2013-01-08 10:14:00,920.0,517.45
2013-01-08 10:15:00,874.0,492.85
2013-01-08 10:16:00,719.7,411.20000000000005
2013-01-08 10:17:00,826.0,463.65
2013-01-08 10:18:00,1009.0,567.0999999999999
2013-01-08 10:19:00,1113.0,627.4000000000001
2013-01-08 10:20:00,1058.0,598.6
2013-01-08 10:21:00,1088.0,620.05
2013-01-08 10:22:00,1111.0,632.4000000000001
2013-01-08 10:23:00,1050.0,598.0
2013-01-08 10:24:00,969.0,553.6
2013-01-08 10:25:00,930.0,527.95
2013-01-08 10:26:00,902.0,511.05
2013-01-08 10:27:00,904.0,512.05
2013-01-08 10:28:00,937.0,531.1
2013-01-08 10:29:00,972.0,552.75
2013-01-08 10:30:00,912.0,518.4
2013-01-08 10:31:00,871.0,494.1
2013-01-08 10:32:00,818.0,463.75
2013-01-08 10:33:00,813.0,459.79999999999995
2013-01-08 10:34:00,851.0,480.29999999999995
2013-01-08 10:35:00,878.0,494.7
2013-01-08 10:36:00,917.0,518.0
2013-01-08 10:37:00,866.0,490.65
2013-01-08 10:38:00,830.0,471.15
2013-01-08 10:39:00,792.5,449.4
2013-01-08 10:40:00,807.0,454.79999999999995
2013-01-08 10:41:00,848.0,476.95
2013-01-08 10:42:00,873.0,490.25
2013-01-08 10:43:00,840.0,469.85
2013-01-08 10:44:00,854.0,477.04999999999995
2013-01-08 10:45:00,876.0,491.75
2013-01-08 10:46:00,870.0,486.25
2013-01-08 10:47:00,889.0,495.54999999999995
2013-01-08 10:48:00,874.0,488.9
2013-01-08 10:49:00,867.0,485.5
2013-01-08 10:50:00,875.0,488.0
2013-01-08 10:51:00,873.0,485.95
2013-01-08 10:52:00,851.0,474.95
2013-01-08 10:53:00,819.0,456.3
2013-01-08 10:54:00,803.0,449.15
2013-01-08 10:55:00,784.5,436.79999999999995
2013-01-08 10:56:00,758.4,424.2
2013-01-08 10:57:00,737.6,411.29999999999995
2013-01-08 10:58:00,708.8,395.35
2013-01-08 10:59:00,683.4,380.5
2013-01-08 11:00:00,682.9,377.4
2013-01-08 11:01:00,680.4,376.4
2013-01-08 11:02:00,667.5,372.55
2013-01-08 11:03:00,669.5,370.7
2013-01-08 11:04:00,672.5,370.9
2013-01-08 11:05:00,685.5,378.29999999999995
2013-01-08 11:06:00,690.0,381.3
2013-01-08 11:07:00,700.1,384.9
2013-01-08 11:08:00,710.1,389.85
2013-01-08 11:09:00,711.4,391.4
2013-01-08 11:10:00,718.1,393.04999999999995
2013-01-08 11:11:00,721.1,395.29999999999995
2013-01-08 11:12:00,713.8,392.45000000000005
2013-01-08 11:13:00,705.2,387.25
2013-01-08 11:14:00,690.1,382.3
2013-01-08 11:15:00,685.8,377.25
2013-01-08 11:16:00,680.9,375.9
2013-01-08 11:17:00,675.2,374.04999999999995
2013-01-08 11:18:00,685.6,378.8
2013-01-08 11:19:00,707.6,389.95000000000005
2013-01-08 11:20:00,736.9,405.55
2013-01-08 11:21:00,743.1,410.65
2013-01-08 11:22:00,769.8,423.20000000000005
2013-01-08 11:23:00,775.4,428.5
2013-01-08 11:24:00,790.1,434.25
2013-01-08 11:25:00,812.0,448.05
2013-01-08 11:26:00,812.0,449.70000000000005
2013-01-08 11:27:00,791.5,440.35
2013-01-08 11:28:00,822.0,453.54999999999995
2013-01-08 11:29:00,844.0,466.2
2013-01-08 11:30:00,841.0,465.15
2013-01-08 11:31:00,814.0,452.45
2013-01-08 11:32:00,789.8,440.15
2013-01-08 11:33:00,748.0,418.05
2013-01-08 11:34:00,722.6,402.95
2013-01-08 11:35:00,708.3,396.2
2013-01-08 11:36:00,730.3,406.85
2013-01-08 11:37:00,751.7,415.25
2013-01-08 11:38:00,712.5,397.0
2013-01-08 11:39:00,670.7,375.05
2013-01-08 11:40:00,653.0,365.55
2013-01-08 11:41:00,648.8,367.4
2013-01-08 11:42:00,661.9,369.95
2013-01-08 11:43:00,650.3,366.5
2013-01-08 11:44:00,648.8,365.0
2013-01-08 11:45:00,657.6,368.20000000000005
2013-01-08 11:46:00,680.5,379.0
2013-01-08 11:47:00,703.1,389.54999999999995
2013-01-08 11:48:00,716.8,395.1
2013-01-08 11:49:00,715.3,393.6
2013-01-08 11:50:00,702.3,387.29999999999995
2013-01-08 11:51:00,715.8,392.55
2013-01-08 11:52:00,722.1,398.65
2013-01-08 11:53:00,741.3,407.9
2013-01-08 11:54:00,769.8,421.25
2013-01-08 11:55:00,789.9,435.1
2013-01-08 11:56:00,796.0,435.4
2013-01-08 11:57:00,777.0,426.75
2013-01-08 11:58:00,768.7,421.45
2013-01-08 11:59:00,735.6,406.70000000000005
2013-01-08 12:00:00,720.9,397.54999999999995
2013-01-08 12:01:00,726.6,400.85
2013-01-08 12:02:00,751.4,411.45
2013-01-08 12:03:00,750.2,411.6
2013-01-08 12:04:00,740.3,407.4
2013-01-08 12:05:00,743.4,409.1
2013-01-08 12:06:00,754.1,415.3
2013-01-08 12:07:00,767.0,423.04999999999995
2013-01-08 12:08:00,764.3,422.75
2013-01-08 12:09:00,741.5,411.7
2013-01-08 12:10:00,782.1,430.6
2013-01-08 12:11:00,813.0,448.20000000000005
2013-01-08 12:12:00,831.0,456.95000000000005
2013-01-08 12:13:00,921.0,505.4
2013-01-08 12:14:00,899.0,495.95
2013-01-08 12:15:00,939.0,518.15
2013-01-08 12:16:00,937.0,521.7
2013-01-08 12:17:00,900.0,501.15
2013-01-08 12:18:00,883.0,491.6
2013-01-08 12:19:00,869.0,484.25
2013-01-08 12:20:00,872.0,487.4
2013-01-08 12:21:00,865.0,480.79999999999995
2013-01-08 12:22:00,827.0,460.6
2013-01-08 12:23:00,813.0,453.25
2013-01-08 12:24:00,796.1,443.8
2013-01-08 12:25:00,779.3,433.7
2013-01-08 12:26:00,782.2,433.1
2013-01-08 12:27:00,776.1,428.2
2013-01-08 12:28:00,778.7,428.54999999999995
2013-01-08 12:29:00,774.6,427.75
2013-01-08 12:30:00,733.2,407.79999999999995
2013-01-08 12:31:00,689.6,385.9
2013-01-08 12:32:00,675.7,377.25
2013-01-08 12:33:00,685.3,382.5
2013-01-08 12:34:00,704.0,392.45000000000005
2013-01-08 12:35:00,730.5,404.15
2013-01-08 12:36:00,701.0,389.9
2013-01-08 12:37:00,693.9,386.65
2013-01-08 12:38:00,656.7,365.65
2013-01-08 12:39:00,627.5,351.45
2013-01-08 12:40:00,592.4,334.35
2013-01-08 12:41:00,560.2,314.70000000000005
2013-01-08 12:42:00,535.6,303.25
2013-01-08 12:43:00,507.9,289.6
2013-01-08 12:44:00,490.7,279.5
2013-01-08 12:45:00,485.1,274.6
2013-01-08 12:46:00,485.8,274.2
2013-01-08 12:47:00,486.5,275.35
2013-01-08 12:48:00,488.7,277.7
2013-01-08 12:49:00,496.5,279.20000000000005
2013-01-08 12:50:00,505.1,281.5
2013-01-08 12:51:00,503.2,285.2
2013-01-08 12:52:00,506.1,288.5
2013-01-08 12:53:00,529.2,295.65
2013-01-08 12:54:00,556.9,311.05
2013-01-08 12:55:00,585.8,326.0
2013-01-08 12:56:00,587.9,326.45
2013-01-08 12:57:00,617.7,340.45
2013-01-08 12:58:00,613.2,337.25
2013-01-08 12:59:00,620.9,343.0
2013-01-08 13:00:00,609.5,336.35
2013-01-08 13:01:00,588.0,327.4
2013-01-08 13:02:00,552.8,310.0
2013-01-08 13:03:00,541.3,301.05
2013-01-08 13:04:00,560.4,309.29999999999995
2013-01-08 13:05:00,568.4,314.15
2013-01-08 13:06:00,577.9,320.0
2013-01-08 13:07:00,576.9,321.15
2013-01-08 13:08:00,594.6,327.95
2013-01-08 13:09:00,589.6,325.29999999999995
2013-01-08 13:10:00,551.2,308.0
2013-01-08 13:11:00,539.4,301.8
2013-01-08 13:12:00,500.7,281.75
2013-01-08 13:13:00,471.2,266.85
2013-01-08 13:14:00,469.1,267.25
2013-01-08 13:15:00,468.8,259.25
2013-01-08 13:16:00,462.9,257.2
2013-01-08 13:17:00,450.6,252.14999999999998
2013-01-08 13:18:00,433.5,245.15
2013-01-08 13:19:00,431.7,239.15
2013-01-08 13:20:00,419.9,235.75
2013-01-08 13:21:00,415.6,233.95
2013-01-08 13:22:00,418.9,236.4
2013-01-08 13:23:00,414.7,234.4
2013-01-08 13:24:00,415.6,232.4
2013-01-08 13:25:00,415.5,233.9
2013-01-08 13:26:00,417.6,235.7
2013-01-08 13:27:00,431.1,239.54999999999998
2013-01-08 13:28:00,445.0,249.9
2013-01-08 13:29:00,450.8,251.8
2013-01-08 13:30:00,450.3,251.35
2013-01-08 13:31:00,442.0,248.5
2013-01-08 13:32:00,430.0,239.9
2013-01-08 13:33:00,415.2,233.9
2013-01-08 13:34:00,413.5,231.64999999999998
2013-01-08 13:35:00,410.2,229.45
2013-01-08 13:36:00,396.3,224.4
2013-01-08 13:37:00,395.0,221.2
2013-01-08 13:38:00,396.5,219.35000000000002
2013-01-08 13:39:00,393.2,218.35
2013-01-08 13:40:00,394.0,219.05
2013-01-08 13:41:00,394.6,220.25
2013-01-08 13:42:00,380.7,216.1
2013-01-08 13:43:00,378.9,214.10000000000002
2013-01-08 13:44:00,368.4,209.75
2013-01-08 13:45:00,361.0,203.75
2013-01-08 13:46:00,350.1,198.85000000000002
2013-01-08 13:47:00,343.1,194.75
2013-01-08 13:48:00,332.5,190.89999999999998
2013-01-08 13:49:00,324.5,187.95
2013-01-08 13:50:00,324.6,186.10000000000002
2013-01-08 13:51:00,324.6,185.05
2013-01-08 13:52:00,325.2,185.60000000000002
2013-01-08 13:53:00,324.5,186.45
2013-01-08 13:54:00,324.8,187.39999999999998
2013-01-08 13:55:00,324.7,188.3
2013-01-08 13:56:00,333.7,190.95
2013-01-08 13:57:00,343.7,195.39999999999998
2013-01-08 13:58:00,359.2,200.0
2013-01-08 13:59:00,360.1,203.05
2013-01-08 14:00:00,361.0,205.75
2013-01-08 14:01:00,365.7,208.65
2013-01-08 14:02:00,380.5,213.5
2013-01-08 14:03:00,394.4,218.55
2013-01-08 14:04:00,397.2,220.9
2013-01-08 14:05:00,397.3,221.0
2013-01-08 14:06:00,395.5,220.7
2013-01-08 14:07:00,396.6,219.5
2013-01-08 14:08:00,388.2,218.7
2013-01-08 14:09:00,374.4,212.55
2013-01-08 14:10:00,355.0,201.75
2013-01-08 14:11:00,333.0,193.35
2013-01-08 14:12:00,324.9,188.2
2013-01-08 14:13:00,324.7,185.39999999999998
2013-01-08 14:14:00,324.7,184.35000000000002
2013-01-08 14:15:00,324.9,186.2
2013-01-08 14:16:00,324.5,189.15
2013-01-08 14:17:00,324.5,186.65
2013-01-08 14:18:00,317.0,181.39999999999998
2013-01-08 14:19:00,309.3,179.8
2013-01-08 14:20:00,320.1,181.4
2013-01-08 14:21:00,317.5,180.64999999999998
2013-01-08 14:22:00,307.3,178.75
2013-01-08 14:23:00,307.5,178.45
2013-01-08 14:24:00,306.5,177.5
2013-01-08 14:25:00,305.8,176.75
2013-01-08 14:26:00,306.4,174.89999999999998
2013-01-08 14:27:00,300.2,173.8
2013-01-08 14:28:00,292.8,173.35000000000002
2013-01-08 14:29:00,288.6,172.5
2013-01-08 14:30:00,289.0,173.2
2013-01-08 14:31:00,300.1,174.55
2013-01-08 14:32:00,306.8,174.9
2013-01-08 14:33:00,307.0,174.64999999999998
2013-01-08 14:34:00,307.0,175.45
2013-01-08 14:35:00,306.6,175.7
2013-01-08 14:36:00,305.6,175.4
2013-01-08 14:37:00,307.0,176.1
2013-01-08 14:38:00,306.6,176.1
2013-01-08 14:39:00,302.6,175.0
2013-01-08 14:40:00,288.5,172.10000000000002
2013-01-08 14:41:00,289.1,168.7
2013-01-08 14:42:00,289.0,166.60000000000002
2013-01-08 14:43:00,289.1,165.85
2013-01-08 14:44:00,276.1,164.39999999999998
2013-01-08 14:45:00,270.3,161.45
2013-01-08 14:46:00,268.4,158.45
2013-01-08 14:47:00,254.1,155.75
2013-01-08 14:48:00,252.3,151.95
2013-01-08 14:49:00,247.6,147.35000000000002
2013-01-08 14:50:00,231.4,142.6
2013-01-08 14:51:00,229.4,138.25
2013-01-08 14:52:00,216.5,134.75
2013-01-08 14:53:00,216.2,132.05
2013-01-08 14:54:00,216.8,129.7
2013-01-08 14:55:00,216.6,127.65
2013-01-08 14:56:00,216.4,125.89999999999999
2013-01-08 14:57:00,216.4,124.89999999999999
2013-01-08 14:58:00,216.4,123.9
2013-01-08 14:59:00,216.6,124.65
2013-01-08 15:00:00,216.8,124.95
2013-01-08 15:01:00,216.6,124.05000000000001
2013-01-08 15:02:00,216.4,123.25
2013-01-08 15:03:00,216.2,122.30000000000001
2013-01-08 15:04:00,216.3,120.95
2013-01-08 15:05:00,216.4,119.65
2013-01-08 15:06:00,211.7,118.44999999999999
2013-01-08 15:07:00,198.7,116.8
2013-01-08 15:08:00,198.4,115.0
2013-01-08 15:09:00,198.2,113.65
2013-01-08 15:10:00,198.4,112.55000000000001
2013-01-08 15:11:00,198.7,111.2
2013-01-08 15:12:00,198.3,109.75
2013-01-08 15:13:00,198.8,108.8
2013-01-08 15:14:00,198.7,108.55
2013-01-08 15:15:00,198.6,107.9
2013-01-08 15:16:00,198.4,107.65
2013-01-08 15:17:00,198.4,107.2
2013-01-08 15:18:00,199.0,106.2
2013-01-08 15:19:00,187.8,104.95
2013-01-08 15:20:00,180.2,103.0
2013-01-08 15:21:00,180.3,100.8
2013-01-08 15:22:00,169.8,98.69999999999999
2013-01-08 15:23:00,162.6,96.8
2013-01-08 15:24:00,162.2,94.95
2013-01-08 15:25:00,162.2,93.3
2013-01-08 15:26:00,162.1,91.80000000000001
2013-01-08 15:27:00,162.3,90.65
2013-01-08 15:28:00,162.3,90.4
2013-01-08 15:29:00,161.0,90.44999999999999
2013-01-08 15:30:00,162.2,90.6
2013-01-08 15:31:00,162.3,90.55
2013-01-08 15:32:00,162.2,90.5
2013-01-08 15:33:00,162.7,90.35
2013-01-08 15:34:00,162.4,89.7
2013-01-08 15:35:00,162.4,88.8
2013-01-08 15:36:00,158.0,87.75
2013-01-08 15:37:00,148.3,86.77000000000001
2013-01-08 15:38:00,144.2,85.965
2013-01-08 15:39:00,144.2,85.42
2013-01-08 15:40:00,144.2,84.71000000000001
2013-01-08 15:41:00,144.2,83.765
2013-01-08 15:42:00,144.0,82.36500000000001
2013-01-08 15:43:00,131.4,80.84
2013-01-08 15:44:00,126.5,79.33
2013-01-08 15:45:00,126.5,77.91
2013-01-08 15:46:00,126.5,76.80000000000001
2013-01-08 15:47:00,126.2,76.13499999999999
2013-01-08 15:48:00,126.2,75.225
2013-01-08 15:49:00,126.4,73.96
2013-01-08 15:50:00,126.1,72.485
2013-01-08 15:51:00,126.4,70.9
2013-01-08 15:52:00,123.4,69.3
2013-01-08 15:53:00,108.3,67.805
2013-01-08 15:54:00,108.3,66.39999999999999
2013-01-08 15:55:00,108.2,65.15
2013-01-08 15:56:00,108.1,63.879999999999995
2013-01-08 15:57:00,102.1,62.565
2013-01-08 15:58:00,91.0,61.385
2013-01-08 15:59:00,90.1,59.84
2013-01-08 16:00:00,90.3,58.055
2013-01-08 16:01:00,90.2,56.09
2013-01-08 16:02:00,90.3,53.965
2013-01-08 16:03:00,90.2,51.945
2013-01-08 16:04:00,90.0,50.33
2013-01-08 16:05:00,82.7,48.895
2013-01-08 16:06:00,72.96,47.644999999999996
2013-01-08 16:07:00,72.27,46.445
2013-01-08 16:08:00,72.23,45.385000000000005
2013-01-08 16:09:00,72.2,44.525
2013-01-08 16:10:00,72.31,43.54
2013-01-08 16:11:00,79.73,42.625
2013-01-08 16:12:00,90.0,41.55
2013-01-08 16:13:00,81.3,40.15
2013-01-08 16:14:00,81.3,38.81
2013-01-08 16:15:00,90.3,37.43
2013-01-08 16:16:00,90.3,36.13
2013-01-08 16:17:00,90.2,34.835
2013-01-08 16:18:00,90.3,33.599999999999994
2013-01-08 16:19:00,90.2,32.485
2013-01-08 16:20:00,75.24,31.1
2013-01-08 16:21:00,56.3,29.615000000000002
2013-01-08 16:22:00,54.12,28.22
2013-01-08 16:23:00,54.14,27.0
2013-01-08 16:24:00,51.1,25.775
2013-01-08 16:25:00,36.88,24.535
2013-01-08 16:26:00,10.64,23.375
2013-01-08 16:27:00,4.493,22.165
2013-01-08 16:28:00,1.623,20.975
2013-01-08 16:29:00,7.239,19.945
2013-01-08 16:30:00,3.085,18.91
2013-01-08 16:31:00,1.574,17.79
2013-01-08 16:32:00,1.501,16.675
2013-01-08 16:33:00,4.811,15.605
2013-01-08 16:34:00,3.149,14.685
2013-01-08 16:35:00,5.432,13.735
2013-01-08 16:36:00,1.525,12.64
2013-01-08 16:37:00,3.022,11.629999999999999
2013-01-08 16:38:00,3.789,10.515
2013-01-08 16:39:00,4.713,9.493
2013-01-08 16:40:00,0.0,8.624
2013-01-08 16:41:00,7.275,7.849500000000001
2013-01-08 16:42:00,1.481,6.9415000000000004
2013-01-08 16:43:00,2.22,6.395
2013-01-08 16:44:00,1.242,5.445
2013-01-08 16:45:00,1.885,4.955
2013-01-08 16:46:00,0.0,4.175
2013-01-08 16:47:00,0.0,3.8920000000000003
2013-01-08 16:48:00,0.0,3.293
2013-01-08 16:49:00,0.0,3.0629999999999997
2013-01-08 16:50:00,0.0,2.713
2013-01-08 16:51:00,0.0,1.991
2013-01-08 16:52:00,0.0,1.876
2013-01-08 16:53:00,0.0,1.7815
2013-01-08 16:54:00,0.0,1.7605
2013-01-08 16:55:00,0.0,1.7605
2013-01-08 16:56:00,0.0,1.656
2013-01-08 16:57:00,0.0,1.551
2013-01-08 16:58:00,0.0,1.3835
2013-01-08 16:59:00,0.0,1.3415
2013-01-08 17:00:00,0.0,1.268
2013-01-08 17:01:00,0.0,0.981
2013-01-08 17:02:00,0.0,0.4730000000000001
2013-01-08 17:03:00,0.0,0.536
2013-01-08 17:04:00,0.0,0.8595
2013-01-08 17:05:00,0.0,0.5870000000000001
2013-01-08 17:06:00,0.0,-0.0475000000000001
2013-01-08 17:07:00,0.0,-0.296
2013-01-08 17:08:00,0.0,-0.5515
2013-01-08 17:09:00,0.0,-0.7585
2013-01-08 17:10:00,0.0,-0.7585
2013-01-08 17:11:00,0.0,-0.8635
2013-01-08 17:12:00,0.0,-0.884
2013-01-08 17:13:00,0.0,-0.884
2013-01-08 17:14:00,0.0,-0.8945
2013-01-08 17:15:00,0.0,-0.989
2013-01-08 17:16:00,0.0,-1.2345
2013-01-08 17:17:00,0.0,-1.6835
2013-01-08 17:18:00,0.0,-1.6835
2013-01-08 17:19:00,0.0,-1.6835
2013-01-08 17:20:00,0.0,-1.6835
2013-01-08 17:21:00,0.0,-1.5715
2013-01-08 17:22:00,0.0,-1.375
2013-01-08 17:23:00,0.0,-1.01
2013-01-08 17:24:00,0.0,-1.01
2013-01-08 17:25:00,0.0,-1.01
2013-01-08 17:26:00,0.0,-1.01
2013-01-08 17:27:00,0.0,-1.01
2013-01-08 17:28:00,0.0,-1.01
2013-01-08 17:29:00,0.0,-1.0105
2013-01-08 17:30:00,0.0,-1.0105
2013-01-08 17:31:00,0.0,-1.0105
2013-01-08 17:32:00,0.0,-1.0105
2013-01-08 17:33:00,0.0,-1.0105
2013-01-08 17:34:00,0.0,-1.0105
2013-01-08 17:35:00,0.0,-1.0105
2013-01-08 17:36:00,0.0,-1.4875
2013-01-08 17:37:00,0.0,-1.684
2013-01-08 17:38:00,0.0,-1.684
2013-01-08 17:39:00,0.0,-1.684
2013-01-08 17:40:00,0.0,-1.684
2013-01-08 17:41:00,0.0,-1.656
2013-01-08 17:42:00,0.0,-1.656
2013-01-08 17:43:00,0.0,-1.4595
2013-01-08 17:44:00,0.0,-1.1225
2013-01-08 17:45:00,0.0,-1.0105
2013-01-08 17:46:00,0.0,-1.4875
2013-01-08 17:47:00,0.0,-1.0945
2013-01-08 17:48:00,0.0,-1.5435
2013-01-08 17:49:00,0.0,-1.684
2013-01-08 17:50:00,0.0,-1.684
2013-01-08 17:51:00,0.0,-1.656
2013-01-08 17:52:00,0.0,-1.6
2013-01-08 17:53:00,0.0,-1.684
2013-01-08 17:54:00,0.0,-1.684
2013-01-08 17:55:00,0.0,-1.684
2013-01-08 17:56:00,0.0,-1.684
2013-01-08 17:57:00,0.0,-1.684
2013-01-08 17:58:00,0.0,-1.684
2013-01-08 17:59:00,0.0,-1.684
2013-01-08 18:00:00,0.0,-1.684
2013-01-08 18:01:00,0.0,-1.684
2013-01-08 18:02:00,0.0,-1.684
2013-01-08 18:03:00,0.0,-1.684
2013-01-08 18:04:00,0.0,-1.684
2013-01-08 18:05:00,0.0,-1.684
2013-01-08 18:06:00,0.0,-1.684
2013-01-08 18:07:00,0.0,-1.684
2013-01-08 18:08:00,0.0,-1.684
2013-01-08 18:09:00,0.0,-1.684
2013-01-08 18:10:00,0.0,-1.684
2013-01-08 18:11:00,0.0,-1.8245
2013-01-08 18:12:00,0.0,-2.3295
2013-01-08 18:13:00,0.0,-2.161
2013-01-08 18:14:00,0.0,-1.684
2013-01-08 18:15:00,0.0,-1.684
2013-01-08 18:16:00,0.0,-1.684
2013-01-08 18:17:00,0.0,-1.684
2013-01-08 18:18:00,0.0,-1.684
2013-01-08 18:19:00,0.0,-1.684
2013-01-08 18:20:00,0.0,-1.0665
2013-01-08 18:21:00,0.0,-1.0105
2013-01-08 18:22:00,0.0,-1.0105
2013-01-08 18:23:00,0.0,-1.263
2013-01-08 18:24:00,0.0,-1.628
2013-01-08 18:25:00,0.0,-1.684
2013-01-08 18:26:00,0.0,-1.319
2013-01-08 18:27:00,0.0,-1.0385
2013-01-08 18:28:00,0.0,-1.0105
2013-01-08 18:29:00,0.0,-1.0105
2013-01-08 18:30:00,0.0,-1.0665
2013-01-08 18:31:00,0.0,-1.4035
2013-01-08 18:32:00,0.0,-1.6
2013-01-08 18:33:00,0.0,-1.684
2013-01-08 18:34:00,0.0,-1.684
2013-01-08 18:35:00,0.0,-1.684
2013-01-08 18:36:00,0.0,-1.684
2013-01-08 18:37:00,0.0,-1.684
2013-01-08 18:38:00,0.0,-1.684
2013-01-08 18:39:00,0.0,-1.684
2013-01-08 18:40:00,0.0,-1.684
2013-01-08 18:41:00,0.0,-1.684
2013-01-08 18:42:00,0.0,-1.684
2013-01-08 18:43:00,0.0,-1.684
2013-01-08 18:44:00,0.0,-1.684
2013-01-08 18:45:00,0.0,-1.684
2013-01-08 18:46:00,0.0,-1.684
2013-01-08 18:47:00,0.0,-1.684
2013-01-08 18:48:00,0.0,-1.684
2013-01-08 18:49:00,0.0,-1.684
2013-01-08 18:50:00,0.0,-1.684
2013-01-08 18:51:00,0.0,-1.684
2013-01-08 18:52:00,0.0,-1.684
2013-01-08 18:53:00,0.0,-1.684
2013-01-08 18:54:00,0.0,-1.684
2013-01-08 18:55:00,0.0,-1.684
2013-01-08 18:56:00,0.0,-1.9365
2013-01-08 18:57:00,0.0,-2.3575
2013-01-08 18:58:00,0.0,-2.3575
2013-01-08 18:59:00,0.0,-2.3575
2013-01-08 19:00:00,0.0,-2.3575
2013-01-08 19:01:00,0.0,-2.3575
2013-01-08 19:02:00,0.0,-2.077
2013-01-08 19:03:00,0.0,-1.684
2013-01-08 19:04:00,0.0,-1.684
2013-01-08 19:05:00,0.0,-1.684
2013-01-08 19:06:00,0.0,-1.684
2013-01-08 19:07:00,0.0,-1.684
2013-01-08 19:08:00,0.0,-1.712
2013-01-08 19:09:00,0.0,-1.684
2013-01-08 19:10:00,0.0,-1.684
2013-01-08 19:11:00,0.0,-1.684
2013-01-08 19:12:00,0.0,-1.684
2013-01-08 19:13:00,0.0,-1.684
2013-01-08 19:14:00,0.0,-1.684
2013-01-08 19:15:00,0.0,-1.684
2013-01-08 19:16:00,0.0,-1.684
2013-01-08 19:17:00,0.0,-1.684
2013-01-08 19:18:00,0.0,-1.684
2013-01-08 19:19:00,0.0,-1.684
2013-01-08 19:20:00,0.0,-1.684
2013-01-08 19:21:00,0.0,-1.684
2013-01-08 19:22:00,0.0,-1.684
2013-01-08 19:23:00,0.0,-1.684
2013-01-08 19:24:00,0.0,-1.684
2013-01-08 19:25:00,0.0,-1.684
2013-01-08 19:26:00,0.0,-1.684
2013-01-08 19:27:00,0.0,-1.684
2013-01-08 19:28:00,0.0,-1.684
2013-01-08 19:29:00,0.0,-1.684
2013-01-08 19:30:00,0.0,-1.684
2013-01-08 19:31:00,0.0,-1.684
2013-01-08 19:32:00,0.0,-1.684
2013-01-08 19:33:00,0.0,-1.684
2013-01-08 19:34:00,0.0,-1.684
2013-01-08 19:35:00,0.0,-1.684
2013-01-08 19:36:00,0.0,-1.684
2013-01-08 19:37:00,0.0,-1.684
2013-01-08 19:38:00,0.0,-1.684
2013-01-08 19:39:00,0.0,-1.684
2013-01-08 19:40:00,0.0,-1.684
2013-01-08 19:41:00,0.0,-1.684
2013-01-08 19:42:00,0.0,-1.684
2013-01-08 19:43:00,0.0,-1.684
2013-01-08 19:44:00,0.0,-1.684
2013-01-08 19:45:00,0.0,-1.684
2013-01-08 19:46:00,0.0,-1.684
2013-01-08 19:47:00,0.0,-1.684
2013-01-08 19:48:00,0.0,-1.684
2013-01-08 19:49:00,0.0,-1.684
2013-01-08 19:50:00,0.0,-1.684
2013-01-08 19:51:00,0.0,-1.684
2013-01-08 19:52:00,0.0,-1.684
2013-01-08 19:53:00,0.0,-1.684
2013-01-08 19:54:00,0.0,-1.684
2013-01-08 19:55:00,0.0,-1.684
2013-01-08 19:56:00,0.0,-1.6845
2013-01-08 19:57:00,0.0,-1.6845
2013-01-08 19:58:00,0.0,-1.6845
2013-01-08 19:59:00,0.0,-1.6845
2013-01-08 20:00:00,0.0,-1.6845
2013-01-08 20:01:00,0.0,-1.6845
2013-01-08 20:02:00,0.0,-1.6845
2013-01-08 20:03:00,0.0,-1.6845
2013-01-08 20:04:00,0.0,-1.6845
2013-01-08 20:05:00,0.0,-1.6845
2013-01-08 20:06:00,0.0,-1.6845
2013-01-08 20:07:00,0.0,-1.6845
2013-01-08 20:08:00,0.0,-1.6845
2013-01-08 20:09:00,0.0,-1.6845
2013-01-08 20:10:00,0.0,-1.6565
2013-01-08 20:11:00,0.0,-1.6
2013-01-08 20:12:00,0.0,-1.2635
2013-01-08 20:13:00,0.0,-1.151
2013-01-08 20:14:00,0.0,-1.123
2013-01-08 20:15:00,0.0,-1.4035
2013-01-08 20:16:00,0.0,-1.123
2013-01-08 20:17:00,0.0,-1.3475
2013-01-08 20:18:00,0.0,-1.4315
2013-01-08 20:19:00,0.0,-1.6
2013-01-08 20:20:00,0.0,-1.516
2013-01-08 20:21:00,0.0,-1.6845
2013-01-08 20:22:00,0.0,-1.6845
2013-01-08 20:23:00,0.0,-1.6845
2013-01-08 20:24:00,0.0,-1.6845
2013-01-08 20:25:00,0.0,-1.6845
2013-01-08 20:26:00,0.0,-1.6845
2013-01-08 20:27:00,0.0,-1.6845
2013-01-08 20:28:00,0.0,-1.6845
2013-01-08 20:29:00,0.0,-1.6845
2013-01-08 20:30:00,0.0,-1.6845
2013-01-08 20:31:00,0.0,-1.6845
2013-01-08 20:32:00,0.0,-1.6845
2013-01-08 20:33:00,0.0,-1.6845
2013-01-08 20:34:00,0.0,-1.6845
2013-01-08 20:35:00,0.0,-1.6845
2013-01-08 20:36:00,0.0,-1.6845
2013-01-08 20:37:00,0.0,-1.6845
2013-01-08 20:38:00,0.0,-1.6845
2013-01-08 20:39:00,0.0,-1.6845
2013-01-08 20:40:00,0.0,-1.6845
2013-01-08 20:41:00,0.0,-1.6845
2013-01-08 20:42:00,0.0,-1.6845
2013-01-08 20:43:00,0.0,-1.6845
2013-01-08 20:44:00,0.0,-1.6845
2013-01-08 20:45:00,0.0,-1.6845
2013-01-08 20:46:00,0.0,-1.6845
2013-01-08 20:47:00,0.0,-1.6845
2013-01-08 20:48:00,0.0,-1.6845
2013-01-08 20:49:00,0.0,-1.6845
2013-01-08 20:50:00,0.0,-1.6845
2013-01-08 20:51:00,0.0,-1.6845
2013-01-08 20:52:00,0.0,-1.6845
2013-01-08 20:53:00,0.0,-1.6845
2013-01-08 20:54:00,0.0,-1.6845
2013-01-08 20:55:00,0.0,-1.6845
2013-01-08 20:56:00,0.0,-1.6845
2013-01-08 20:57:00,0.0,-1.6845
2013-01-08 20:58:00,0.0,-1.6845
2013-01-08 20:59:00,0.0,-1.6845
2013-01-08 21:00:00,0.0,-1.6845
2013-01-08 21:01:00,0.0,-1.6845
2013-01-08 21:02:00,0.0,-1.6845
2013-01-08 21:03:00,0.0,-1.6845
2013-01-08 21:04:00,0.0,-1.6845
2013-01-08 21:05:00,0.0,-1.6845
2013-01-08 21:06:00,0.0,-1.6845
2013-01-08 21:07:00,0.0,-1.6845
2013-01-08 21:08:00,0.0,-1.6845
2013-01-08 21:09:00,0.0,-1.6845
2013-01-08 21:10:00,0.0,-1.6845
2013-01-08 21:11:00,0.0,-1.6845
2013-01-08 21:12:00,0.0,-1.6845
2013-01-08 21:13:00,0.0,-1.6845
2013-01-08 21:14:00,0.0,-1.6845
2013-01-08 21:15:00,0.0,-1.6845
2013-01-08 21:16:00,0.0,-1.3195
2013-01-08 21:17:00,0.0,-1.0105
2013-01-08 21:18:00,0.0,-1.067
2013-01-08 21:19:00,0.0,-1.0105
2013-01-08 21:20:00,0.0,-1.0105
2013-01-08 21:21:00,0.0,-1.0105
2013-01-08 21:22:00,0.0,-1.0105
2013-01-08 21:23:00,0.0,-1.0105
2013-01-08 21:24:00,0.0,-1.0105
2013-01-08 21:25:00,0.0,-1.0105
2013-01-08 21:26:00,0.0,-1.0105
2013-01-08 21:27:00,0.0,-1.0105
2013-01-08 21:28:00,0.0,-1.3475
2013-01-08 21:29:00,0.0,-1.6845
2013-01-08 21:30:00,0.0,-1.6845
2013-01-08 21:31:00,0.0,-1.6845
2013-01-08 21:32:00,0.0,-1.6845
2013-01-08 21:33:00,0.0,-1.6845
2013-01-08 21:34:00,0.0,-1.6845
2013-01-08 21:35:00,0.0,-1.6845
2013-01-08 21:36:00,0.0,-1.6845
2013-01-08 21:37:00,0.0,-1.6845
2013-01-08 21:38:00,0.0,-1.6845
2013-01-08 21:39:00,0.0,-1.6845
2013-01-08 21:40:00,0.0,-1.6845
2013-01-08 21:41:00,0.0,-1.6845
2013-01-08 21:42:00,0.0,-1.6845
2013-01-08 21:43:00,0.0,-1.6845
2013-01-08 21:44:00,0.0,-1.6845
2013-01-08 21:45:00,0.0,-1.6845
2013-01-08 21:46:00,0.0,-1.6845
2013-01-08 21:47:00,0.0,-1.6845
2013-01-08 21:48:00,0.0,-1.6845
2013-01-08 21:49:00,0.0,-1.6845
2013-01-08 21:50:00,0.0,-1.6845
2013-01-08 21:51:00,0.0,-1.6845
2013-01-08 21:52:00,0.0,-1.6845
2013-01-08 21:53:00,0.0,-1.6845
2013-01-08 21:54:00,0.0,-1.6845
2013-01-08 21:55:00,0.0,-1.6845
2013-01-08 21:56:00,0.0,-1.6845
2013-01-08 21:57:00,0.0,-1.6845
2013-01-08 21:58:00,0.0,-1.6845
2013-01-08 21:59:00,0.0,-1.6845
2013-01-08 22:00:00,0.0,-1.6845
2013-01-08 22:01:00,0.0,-1.6285
2013-01-08 22:02:00,0.0,-1.46
2013-01-08 22:03:00,0.0,-1.5725
2013-01-08 22:04:00,0.0,-1.516
2013-01-08 22:05:00,0.0,-1.6565
2013-01-08 22:06:00,0.0,-1.404
2013-01-08 22:07:00,0.0,-1.2075
2013-01-08 22:08:00,0.0,-1.039
2013-01-08 22:09:00,0.0,-1.011
2013-01-08 22:10:00,0.0,-1.011
2013-01-08 22:11:00,0.0,-1.123
2013-01-08 22:12:00,0.0,-1.179
2013-01-08 22:13:00,0.0,-1.46
2013-01-08 22:14:00,0.0,-1.6565
2013-01-08 22:15:00,0.0,-1.6845
2013-01-08 22:16:00,0.0,-1.6845
2013-01-08 22:17:00,0.0,-1.6845
2013-01-08 22:18:00,0.0,-1.6845
2013-01-08 22:19:00,0.0,-1.6845
2013-01-08 22:20:00,0.0,-1.6845
2013-01-08 22:21:00,0.0,-1.6845
2013-01-08 22:22:00,0.0,-1.6845
2013-01-08 22:23:00,0.0,-1.6845
2013-01-08 22:24:00,0.0,-1.6845
2013-01-08 22:25:00,0.0,-1.6845
2013-01-08 22:26:00,0.0,-1.6845
2013-01-08 22:27:00,0.0,-1.6845
2013-01-08 22:28:00,0.0,-1.6845
2013-01-08 22:29:00,0.0,-1.6845
2013-01-08 22:30:00,0.0,-1.6845
2013-01-08 22:31:00,0.0,-1.6845
2013-01-08 22:32:00,0.0,-1.6845
2013-01-08 22:33:00,0.0,-1.6845
2013-01-08 22:34:00,0.0,-1.6845
2013-01-08 22:35:00,0.0,-1.6845
2013-01-08 22:36:00,0.0,-1.6845
2013-01-08 22:37:00,0.0,-1.6845
2013-01-08 22:38:00,0.0,-1.6845
2013-01-08 22:39:00,0.0,-1.6845
2013-01-08 22:40:00,0.0,-1.6845
2013-01-08 22:41:00,0.0,-1.6845
2013-01-08 22:42:00,0.0,-1.6845
2013-01-08 22:43:00,0.0,-1.6845
2013-01-08 22:44:00,0.0,-1.6845
2013-01-08 22:45:00,0.0,-1.6845
2013-01-08 22:46:00,0.0,-1.6845
2013-01-08 22:47:00,0.0,-1.6845
2013-01-08 22:48:00,0.0,-1.6845
2013-01-08 22:49:00,0.0,-1.6845
2013-01-08 22:50:00,0.0,-1.6845
2013-01-08 22:51:00,0.0,-1.6845
2013-01-08 22:52:00,0.0,-1.6845
2013-01-08 22:53:00,0.0,-1.6845
2013-01-08 22:54:00,0.0,-1.6845
2013-01-08 22:55:00,0.0,-1.6845
2013-01-08 22:56:00,0.0,-1.6845
2013-01-08 22:57:00,0.0,-1.7125
2013-01-08 22:58:00,0.0,-1.9655
2013-01-08 22:59:00,0.0,-2.106
2013-01-08 23:00:00,0.0,-2.0775
2013-01-08 23:01:00,0.0,-1.9655
2013-01-08 23:02:00,0.0,-1.741
2013-01-08 23:03:00,0.0,-1.741
2013-01-08 23:04:00,0.0,-1.6845
2013-01-08 23:05:00,0.0,-1.6845
2013-01-08 23:06:00,0.0,-1.6845
2013-01-08 23:07:00,0.0,-1.5725
2013-01-08 23:08:00,0.0,-1.123
2013-01-08 23:09:00,0.0,-1.011
2013-01-08 23:10:00,0.0,-1.011
2013-01-08 23:11:00,0.0,-1.011
2013-01-08 23:12:00,0.0,-1.011
2013-01-08 23:13:00,0.0,-1.011
2013-01-08 23:14:00,0.0,-1.011
2013-01-08 23:15:00,0.0,-1.011
2013-01-08 23:16:00,0.0,-1.011
2013-01-08 23:17:00,0.0,-1.011
2013-01-08 23:18:00,0.0,-1.011
2013-01-08 23:19:00,0.0,-1.011
2013-01-08 23:20:00,0.0,-1.039
2013-01-08 23:21:00,0.0,-1.6285
2013-01-08 23:22:00,0.0,-1.6845
2013-01-08 23:23:00,0.0,-1.6845
2013-01-08 23:24:00,0.0,-1.7125
2013-01-08 23:25:00,0.0,-2.274
2013-01-08 23:26:00,0.0,-2.3585
2013-01-08 23:27:00,0.0,-2.3585
2013-01-08 23:28:00,0.0,-2.3585
2013-01-08 23:29:00,0.0,-2.3585
2013-01-08 23:30:00,0.0,-2.3585
2013-01-08 23:31:00,0.0,-2.3585
2013-01-08 23:32:00,0.0,-2.3585
2013-01-08 23:33:00,0.0,-2.3585
2013-01-08 23:34:00,0.0,-2.3585
2013-01-08 23:35:00,0.0,-2.3025
2013-01-08 23:36:00,0.0,-2.162
2013-01-08 23:37:00,0.0,-2.0215
2013-01-08 23:38:00,0.0,-1.7125
2013-01-08 23:39:00,0.0,-1.6845
2013-01-08 23:40:00,0.0,-1.6845
2013-01-08 23:41:00,0.0,-1.6845
2013-01-08 23:42:00,0.0,-1.6845
2013-01-08 23:43:00,0.0,-1.6845
2013-01-08 23:44:00,0.0,-1.6845
2013-01-08 23:45:00,0.0,-1.6845
2013-01-08 23:46:00,0.0,-1.6845
2013-01-08 23:47:00,0.0,-1.6845
2013-01-08 23:48:00,0.0,-1.6845
2013-01-08 23:49:00,0.0,-1.6845
2013-01-08 23:50:00,0.0,-1.6845
2013-01-08 23:51:00,0.0,-1.6845
2013-01-08 23:52:00,0.0,-1.6565
2013-01-08 23:53:00,0.0,-1.488
2013-01-08 23:54:00,0.0,-1.376
2013-01-08 23:55:00,0.0,-1.2915
2013-01-08 23:56:00,0.0,-1.2355
2013-01-08 23:57:00,0.0,-1.039
2013-01-08 23:58:00,0.0,-1.011
2013-01-08 23:59:00,0.0,-1.011
2013-01-09 00:00:00,0.0,-1.011
2013-01-09 00:01:00,0.0,-1.151
2013-01-09 00:02:00,0.0,-1.011
2013-01-09 00:03:00,0.0,-1.011
2013-01-09 00:04:00,0.0,-1.011
2013-01-09 00:05:00,0.0,-1.011
2013-01-09 00:06:00,0.0,-1.011
2013-01-09 00:07:00,0.0,-1.011
2013-01-09 00:08:00,0.0,-1.011
2013-01-09 00:09:00,0.0,-1.011
2013-01-09 00:10:00,0.0,-1.011
2013-01-09 00:11:00,0.0,-1.011
2013-01-09 00:12:00,0.0,-1.011
2013-01-09 00:13:00,0.0,-1.1795
2013-01-09 00:14:00,0.0,-1.2915
2013-01-09 00:15:00,0.0,-1.2355
2013-01-09 00:16:00,0.0,-1.011
2013-01-09 00:17:00,0.0,-1.067
2013-01-09 00:18:00,0.0,-1.011
2013-01-09 00:19:00,0.0,-1.039
2013-01-09 00:20:00,0.0,-1.011
2013-01-09 00:21:00,0.0,-1.011
2013-01-09 00:22:00,0.0,-1.011
2013-01-09 00:23:00,0.0,-1.011
2013-01-09 00:24:00,0.0,-1.011
2013-01-09 00:25:00,0.0,-1.039
2013-01-09 00:26:00,0.0,-1.011
2013-01-09 00:27:00,0.0,-1.011
2013-01-09 00:28:00,0.0,-1.011
2013-01-09 00:29:00,0.0,-1.011
2013-01-09 00:30:00,0.0,-1.011
2013-01-09 00:31:00,0.0,-1.011
2013-01-09 00:32:00,0.0,-1.011
2013-01-09 00:33:00,0.0,-1.011
2013-01-09 00:34:00,0.0,-1.1515
2013-01-09 00:35:00,0.0,-1.5725
2013-01-09 00:36:00,0.0,-1.685
2013-01-09 00:37:00,0.0,-1.685
2013-01-09 00:38:00,0.0,-1.685
2013-01-09 00:39:00,0.0,-1.685
2013-01-09 00:40:00,0.0,-1.685
2013-01-09 00:41:00,0.0,-1.685
2013-01-09 00:42:00,0.0,-1.685
2013-01-09 00:43:00,0.0,-1.685
2013-01-09 00:44:00,0.0,-1.5445
2013-01-09 00:45:00,0.0,-1.348
2013-01-09 00:46:00,0.0,-1.011
2013-01-09 00:47:00,0.0,-1.039
2013-01-09 00:48:00,0.0,-1.095
2013-01-09 00:49:00,0.0,-1.1235
2013-01-09 00:50:00,0.0,-1.011
2013-01-09 00:51:00,0.0,-1.011
2013-01-09 00:52:00,0.0,-1.1795
2013-01-09 00:53:00,0.0,-1.432
2013-01-09 00:54:00,0.0,-1.1795
2013-01-09 00:55:00,0.0,-1.1515
2013-01-09 00:56:00,0.0,-1.039
2013-01-09 00:57:00,0.0,-1.32
2013-01-09 00:58:00,0.0,-1.376
2013-01-09 00:59:00,0.0,-1.2635
2013-01-09 01:00:00,0.0,-1.2915
2013-01-09 01:01:00,0.0,-1.348
2013-01-09 01:02:00,0.0,-1.348
2013-01-09 01:03:00,0.0,-1.6005
2013-01-09 01:04:00,0.0,-1.685
2013-01-09 01:05:00,0.0,-1.685
2013-01-09 01:06:00,0.0,-1.685
2013-01-09 01:07:00,0.0,-1.685
2013-01-09 01:08:00,0.0,-1.685
2013-01-09 01:09:00,0.0,-1.6845
2013-01-09 01:10:00,0.0,-1.6845
2013-01-09 01:11:00,0.0,-1.6845
2013-01-09 01:12:00,0.0,-1.6845
2013-01-09 01:13:00,0.0,-1.6845
2013-01-09 01:14:00,0.0,-1.6845
2013-01-09 01:15:00,0.0,-1.6845
2013-01-09 01:16:00,0.0,-1.6845
2013-01-09 01:17:00,0.0,-1.6845
2013-01-09 01:18:00,0.0,-1.9935
2013-01-09 01:19:00,0.0,-2.3585
2013-01-09 01:20:00,0.0,-2.3585
2013-01-09 01:21:00,0.0,-2.3585
2013-01-09 01:22:00,0.0,-2.3585
2013-01-09 01:23:00,0.0,-2.3585
2013-01-09 01:24:00,0.0,-2.3585
2013-01-09 01:25:00,0.0,-2.3585
2013-01-09 01:26:00,0.0,-2.3585
2013-01-09 01:27:00,0.0,-2.3585
2013-01-09 01:28:00,0.0,-2.3585
2013-01-09 01:29:00,0.0,-2.3585
2013-01-09 01:30:00,0.0,-2.3585
2013-01-09 01:31:00,0.0,-2.3585
2013-01-09 01:32:00,0.0,-2.3585
2013-01-09 01:33:00,0.0,-2.3585
2013-01-09 01:34:00,0.0,-2.3585
2013-01-09 01:35:00,0.0,-2.3585
2013-01-09 01:36:00,0.0,-2.3585
2013-01-09 01:37:00,0.0,-2.274
2013-01-09 01:38:00,0.0,-2.0215
2013-01-09 01:39:00,0.0,-1.881
2013-01-09 01:40:00,0.0,-1.741
2013-01-09 01:41:00,0.0,-1.7125
2013-01-09 01:42:00,0.0,-1.6845
2013-01-09 01:43:00,0.0,-1.6845
2013-01-09 01:44:00,0.0,-1.6845
2013-01-09 01:45:00,0.0,-1.6845
2013-01-09 01:46:00,0.0,-1.6845
2013-01-09 01:47:00,0.0,-1.6565
2013-01-09 01:48:00,0.0,-1.46
2013-01-09 01:49:00,0.0,-1.348
2013-01-09 01:50:00,0.0,-1.067
2013-01-09 01:51:00,0.0,-1.011
2013-01-09 01:52:00,0.0,-1.011
2013-01-09 01:53:00,0.0,-1.011
2013-01-09 01:54:00,0.0,-1.011
2013-01-09 01:55:00,0.0,-1.011
2013-01-09 01:56:00,0.0,-1.011
2013-01-09 01:57:00,0.0,-1.011
2013-01-09 01:58:00,0.0,-1.011
2013-01-09 01:59:00,0.0,-1.011
2013-01-09 02:00:00,0.0,-1.011
2013-01-09 02:01:00,0.0,-1.011
2013-01-09 02:02:00,0.0,-1.011
2013-01-09 02:03:00,0.0,-1.011
2013-01-09 02:04:00,0.0,-1.011
2013-01-09 02:05:00,0.0,-1.011
2013-01-09 02:06:00,0.0,-1.039
2013-01-09 02:07:00,0.0,-1.2355
2013-01-09 02:08:00,0.0,-1.5165
2013-01-09 02:09:00,0.0,-1.264
2013-01-09 02:10:00,0.0,-1.011
2013-01-09 02:11:00,0.0,-1.011
2013-01-09 02:12:00,0.0,-1.011
2013-01-09 02:13:00,0.0,-1.011
2013-01-09 02:14:00,0.0,-1.011
2013-01-09 02:15:00,0.0,-1.011
2013-01-09 02:16:00,0.0,-1.011
2013-01-09 02:17:00,0.0,-1.011
2013-01-09 02:18:00,0.0,-1.011
2013-01-09 02:19:00,0.0,-1.011
2013-01-09 02:20:00,0.0,-1.5445
2013-01-09 02:21:00,0.0,-1.685
2013-01-09 02:22:00,0.0,-1.685
2013-01-09 02:23:00,0.0,-1.685
2013-01-09 02:24:00,0.0,-1.685
2013-01-09 02:25:00,0.0,-1.685
2013-01-09 02:26:00,0.0,-1.685
2013-01-09 02:27:00,0.0,-1.685
2013-01-09 02:28:00,0.0,-1.685
2013-01-09 02:29:00,0.0,-1.685
2013-01-09 02:30:00,0.0,-1.685
2013-01-09 02:31:00,0.0,-1.685
2013-01-09 02:32:00,0.0,-1.601
2013-01-09 02:33:00,0.0,-1.2075
2013-01-09 02:34:00,0.0,-1.264
2013-01-09 02:35:00,0.0,-1.011
2013-01-09 02:36:00,0.0,-1.1515
2013-01-09 02:37:00,0.0,-1.039
2013-01-09 02:38:00,0.0,-1.011
2013-01-09 02:39:00,0.0,-1.011
2013-01-09 02:40:00,0.0,-1.011
2013-01-09 02:41:00,0.0,-1.011
2013-01-09 02:42:00,0.0,-1.011
2013-01-09 02:43:00,0.0,-1.011
2013-01-09 02:44:00,0.0,-1.011
2013-01-09 02:45:00,0.0,-1.011
2013-01-09 02:46:00,0.0,-1.011
2013-01-09 02:47:00,0.0,-1.011
2013-01-09 02:48:00,0.0,-1.011
2013-01-09 02:49:00,0.0,-1.011
2013-01-09 02:50:00,0.0,-1.011
2013-01-09 02:51:00,0.0,-1.011
2013-01-09 02:52:00,0.0,-1.0955
2013-01-09 02:53:00,0.0,-1.011
2013-01-09 02:54:00,0.0,-1.011
2013-01-09 02:55:00,0.0,-1.292
2013-01-09 02:56:00,0.0,-1.4605
2013-01-09 02:57:00,0.0,-1.5165
2013-01-09 02:58:00,0.0,-1.4885
2013-01-09 02:59:00,0.0,-1.264
2013-01-09 03:00:00,0.0,-1.1235
2013-01-09 03:01:00,0.0,-1.292
2013-01-09 03:02:00,0.0,-1.0675
2013-01-09 03:03:00,0.0,-1.011
2013-01-09 03:04:00,0.0,-1.011
2013-01-09 03:05:00,0.0,-1.011
2013-01-09 03:06:00,0.0,-1.011
2013-01-09 03:07:00,0.0,-1.011
2013-01-09 03:08:00,0.0,-1.011
2013-01-09 03:09:00,0.0,-1.011
2013-01-09 03:10:00,0.0,-1.011
2013-01-09 03:11:00,0.0,-1.011
2013-01-09 03:12:00,0.0,-1.011
2013-01-09 03:13:00,0.0,-1.011
2013-01-09 03:14:00,0.0,-1.011
2013-01-09 03:15:00,0.0,-1.011
2013-01-09 03:16:00,0.0,-1.011
2013-01-09 03:17:00,0.0,-1.011
2013-01-09 03:18:00,0.0,-1.011
2013-01-09 03:19:00,0.0,-1.011
2013-01-09 03:20:00,0.0,-1.0675
2013-01-09 03:21:00,0.0,-1.4885
2013-01-09 03:22:00,0.0,-1.545
2013-01-09 03:23:00,0.0,-1.685
2013-01-09 03:24:00,0.0,-1.629
2013-01-09 03:25:00,0.0,-1.3765
2013-01-09 03:26:00,0.0,-1.4045
2013-01-09 03:27:00,0.0,-1.629
2013-01-09 03:28:00,0.0,-1.0955
2013-01-09 03:29:00,0.0,-1.601
2013-01-09 03:30:00,0.0,-1.685
2013-01-09 03:31:00,0.0,-1.685
2013-01-09 03:32:00,0.0,-1.685
2013-01-09 03:33:00,0.0,-1.685
2013-01-09 03:34:00,0.0,-1.685
2013-01-09 03:35:00,0.0,-1.685
2013-01-09 03:36:00,0.0,-1.685
2013-01-09 03:37:00,0.0,-1.685
2013-01-09 03:38:00,0.0,-1.685
2013-01-09 03:39:00,0.0,-1.685
2013-01-09 03:40:00,0.0,-1.685
2013-01-09 03:41:00,0.0,-1.685
2013-01-09 03:42:00,0.0,-1.685
2013-01-09 03:43:00,0.0,-1.685
2013-01-09 03:44:00,0.0,-1.6855
2013-01-09 03:45:00,0.0,-1.685
2013-01-09 03:46:00,0.0,-1.685
2013-01-09 03:47:00,0.0,-1.685
2013-01-09 03:48:00,0.0,-1.685
2013-01-09 03:49:00,0.0,-1.685
2013-01-09 03:50:00,0.0,-1.685
2013-01-09 03:51:00,0.0,-1.685
2013-01-09 03:52:00,0.0,-1.685
2013-01-09 03:53:00,0.0,-1.685
2013-01-09 03:54:00,0.0,-1.685
2013-01-09 03:55:00,0.0,-1.685
2013-01-09 03:56:00,0.0,-1.685
2013-01-09 03:57:00,0.0,-1.685
2013-01-09 03:58:00,0.0,-1.657
2013-01-09 03:59:00,0.0,-1.5165
2013-01-09 04:00:00,0.0,-1.292
2013-01-09 04:01:00,0.0,-1.039
2013-01-09 04:02:00,0.0,-1.011
2013-01-09 04:03:00,0.0,-1.011
2013-01-09 04:04:00,0.0,-1.011
2013-01-09 04:05:00,0.0,-1.011
2013-01-09 04:06:00,0.0,-1.011
2013-01-09 04:07:00,0.0,-1.011
2013-01-09 04:08:00,0.0,-1.011
2013-01-09 04:09:00,0.0,-1.208
2013-01-09 04:10:00,0.0,-1.657
2013-01-09 04:11:00,0.0,-1.6855
2013-01-09 04:12:00,0.0,-1.6855
2013-01-09 04:13:00,0.0,-1.6855
2013-01-09 04:14:00,0.0,-1.685
2013-01-09 04:15:00,0.0,-1.685
2013-01-09 04:16:00,0.0,-1.6855
2013-01-09 04:17:00,0.0,-1.7695
2013-01-09 04:18:00,0.0,-1.91
2013-01-09 04:19:00,0.0,-1.7135
2013-01-09 04:20:00,0.0,-1.6855
2013-01-09 04:21:00,0.0,-1.6855
2013-01-09 04:22:00,0.0,-1.6855
2013-01-09 04:23:00,0.0,-1.6855
2013-01-09 04:24:00,0.0,-1.6855
2013-01-09 04:25:00,0.0,-1.6855
2013-01-09 04:26:00,0.0,-1.6855
2013-01-09 04:27:00,0.0,-1.6855
2013-01-09 04:28:00,0.0,-1.6855
2013-01-09 04:29:00,0.0,-1.6855
2013-01-09 04:30:00,0.0,-1.6855
2013-01-09 04:31:00,0.0,-1.4885
2013-01-09 04:32:00,0.0,-1.32
2013-01-09 04:33:00,0.0,-1.011
2013-01-09 04:34:00,0.0,-1.011
2013-01-09 04:35:00,0.0,-1.011
2013-01-09 04:36:00,0.0,-1.011
2013-01-09 04:37:00,0.0,-1.011
2013-01-09 04:38:00,0.0,-1.011
2013-01-09 04:39:00,0.0,-1.011
2013-01-09 04:40:00,0.0,-1.011
2013-01-09 04:41:00,0.0,-1.011
2013-01-09 04:42:00,0.0,-1.011
2013-01-09 04:43:00,0.0,-1.011
2013-01-09 04:44:00,0.0,-1.011
2013-01-09 04:45:00,0.0,-1.011
2013-01-09 04:46:00,0.0,-1.011
2013-01-09 04:47:00,0.0,-1.011
2013-01-09 04:48:00,0.0,-1.011
2013-01-09 04:49:00,0.0,-1.0675
2013-01-09 04:50:00,0.0,-1.573
2013-01-09 04:51:00,0.0,-1.6855
2013-01-09 04:52:00,0.0,-1.6855
2013-01-09 04:53:00,0.0,-1.6855
2013-01-09 04:54:00,0.0,-1.6855
2013-01-09 04:55:00,0.0,-1.6855
2013-01-09 04:56:00,0.0,-1.6855
2013-01-09 04:57:00,0.0,-1.685
2013-01-09 04:58:00,0.0,-1.685
2013-01-09 04:59:00,0.0,-1.685
2013-01-09 05:00:00,0.0,-1.6855
2013-01-09 05:01:00,0.0,-1.6855
2013-01-09 05:02:00,0.0,-1.685
2013-01-09 05:03:00,0.0,-1.685
2013-01-09 05:04:00,0.0,-1.7415
2013-01-09 05:05:00,0.0,-2.219
2013-01-09 05:06:00,0.0,-2.3595
2013-01-09 05:07:00,0.0,-2.3595
2013-01-09 05:08:00,0.0,-2.3595
2013-01-09 05:09:00,0.0,-2.3595
2013-01-09 05:10:00,0.0,-2.3595
2013-01-09 05:11:00,0.0,-2.3595
2013-01-09 05:12:00,0.0,-2.219
2013-01-09 05:13:00,0.0,-1.882
2013-01-09 05:14:00,0.0,-1.6855
2013-01-09 05:15:00,0.0,-1.6855
2013-01-09 05:16:00,0.0,-1.6855
2013-01-09 05:17:00,0.0,-1.6855
2013-01-09 05:18:00,0.0,-1.6855
2013-01-09 05:19:00,0.0,-1.6855
2013-01-09 05:20:00,0.0,-1.6855
2013-01-09 05:21:00,0.0,-1.6855
2013-01-09 05:22:00,0.0,-1.6855
2013-01-09 05:23:00,0.0,-1.6855
2013-01-09 05:24:00,0.0,-1.657
2013-01-09 05:25:00,0.0,-1.5165
2013-01-09 05:26:00,0.0,-1.348
2013-01-09 05:27:00,0.0,-1.348
2013-01-09 05:28:00,0.0,-1.545
2013-01-09 05:29:00,0.0,-1.6855
2013-01-09 05:30:00,0.0,-1.6855
2013-01-09 05:31:00,0.0,-1.6855
2013-01-09 05:32:00,0.0,-1.6855
2013-01-09 05:33:00,0.0,-1.6855
2013-01-09 05:34:00,0.0,-1.6855
2013-01-09 05:35:00,0.0,-1.6855
2013-01-09 05:36:00,0.0,-1.6855
2013-01-09 05:37:00,0.0,-1.6855
2013-01-09 05:38:00,0.0,-1.6855
2013-01-09 05:39:00,0.0,-1.657
2013-01-09 05:40:00,0.0,-1.6855
2013-01-09 05:41:00,0.0,-1.601
2013-01-09 05:42:00,0.0,-1.3485
2013-01-09 05:43:00,0.0,-1.4885
2013-01-09 05:44:00,0.0,-1.4325
2013-01-09 05:45:00,0.0,-1.3485
2013-01-09 05:46:00,0.0,-1.3485
2013-01-09 05:47:00,0.0,-1.4325
2013-01-09 05:48:00,0.0,-1.3485
2013-01-09 05:49:00,0.0,-1.3485
2013-01-09 05:50:00,0.0,-1.3485
2013-01-09 05:51:00,0.0,-1.3485
2013-01-09 05:52:00,0.0,-1.264
2013-01-09 05:53:00,0.0,-1.1235
2013-01-09 05:54:00,0.0,-1.011
2013-01-09 05:55:00,0.0,-1.011
2013-01-09 05:56:00,0.0,-1.011
2013-01-09 05:57:00,0.0,-1.011
2013-01-09 05:58:00,0.0,-1.011
2013-01-09 05:59:00,0.0,-1.011
2013-01-09 06:00:00,0.0,-1.011
2013-01-09 06:01:00,0.0,-1.011
2013-01-09 06:02:00,0.0,-1.011
2013-01-09 06:03:00,0.0,-1.0395
2013-01-09 06:04:00,0.0,-1.3485
2013-01-09 06:05:00,0.0,-1.489
2013-01-09 06:06:00,0.0,-1.6855
2013-01-09 06:07:00,0.0,-1.6855
2013-01-09 06:08:00,0.0,-1.6855
2013-01-09 06:09:00,0.0,-1.517
2013-01-09 06:10:00,0.0,-1.3485
2013-01-09 06:11:00,0.0,-1.152
2013-01-09 06:12:00,0.0,-1.0115
2013-01-09 06:13:00,0.0,-1.0115
2013-01-09 06:14:00,0.0,-1.0115
2013-01-09 06:15:00,0.0,-1.0115
2013-01-09 06:16:00,0.0,-1.0115
2013-01-09 06:17:00,0.0,-1.0115
2013-01-09 06:18:00,0.0,-1.0115
2013-01-09 06:19:00,0.0,-1.0115
2013-01-09 06:20:00,0.0,-1.0115
2013-01-09 06:21:00,0.0,-1.0115
2013-01-09 06:22:00,0.0,-1.0115
2013-01-09 06:23:00,0.0,-1.0115
2013-01-09 06:24:00,0.0,-1.0115
2013-01-09 06:25:00,0.0,-1.0115
2013-01-09 06:26:00,0.0,-1.0115
2013-01-09 06:27:00,0.0,-1.0115
2013-01-09 06:28:00,0.0,-1.0115
2013-01-09 06:29:00,0.0,-1.0115
2013-01-09 06:30:00,0.0,-1.0115
2013-01-09 06:31:00,0.0,-1.0115
2013-01-09 06:32:00,0.0,-1.0115
2013-01-09 06:33:00,0.0,-1.0115
2013-01-09 06:34:00,0.0,-1.0115
2013-01-09 06:35:00,0.0,-1.0115
2013-01-09 06:36:00,0.0,-1.0115
2013-01-09 06:37:00,0.0,-1.208
2013-01-09 06:38:00,0.0,-1.5455
2013-01-09 06:39:00,0.0,-1.686
2013-01-09 06:40:00,0.0,-1.686
2013-01-09 06:41:00,0.0,-1.686
2013-01-09 06:42:00,0.0,-1.686
2013-01-09 06:43:00,0.0,-1.686
2013-01-09 06:44:00,0.0,-1.686
2013-01-09 06:45:00,0.0,-1.686
2013-01-09 06:46:00,0.0,-1.686
2013-01-09 06:47:00,0.0,-1.686
2013-01-09 06:48:00,0.0,-1.686
2013-01-09 06:49:00,0.0,-1.686
2013-01-09 06:50:00,0.0,-1.658
2013-01-09 06:51:00,0.0,-1.433
2013-01-09 06:52:00,0.0,-1.405
2013-01-09 06:53:00,0.0,-1.3485
2013-01-09 06:54:00,0.0,-1.3485
2013-01-09 06:55:00,0.0,-1.3485
2013-01-09 06:56:00,0.0,-1.18
2013-01-09 06:57:00,0.0,-1.0115
2013-01-09 06:58:00,0.0,-1.0115
2013-01-09 06:59:00,0.0,-1.0115
2013-01-09 07:00:00,0.0,-1.0115
2013-01-09 07:01:00,0.0,-0.8855000000000001
2013-01-09 07:02:00,0.0,-0.8855000000000001
2013-01-09 07:03:00,0.0,-0.7595000000000001
2013-01-09 07:04:00,0.0,-0.7595000000000001
2013-01-09 07:05:00,0.0,-0.647
2013-01-09 07:06:00,0.0,-0.4225
2013-01-09 07:07:00,0.0,-0.4225
2013-01-09 07:08:00,0.0,-0.2965
2013-01-09 07:09:00,0.0,-0.2965
2013-01-09 07:10:00,0.0,-0.139
2013-01-09 07:11:00,0.0,0.01200000000000001
2013-01-09 07:12:00,0.0,0.6819999999999999
2013-01-09 07:13:00,0.0,0.8815
2013-01-09 07:14:00,0.0,1.0915
2013-01-09 07:15:00,0.0,1.2385
2013-01-09 07:16:00,0.0,1.459
2013-01-09 07:17:00,0.0,1.732
2013-01-09 07:18:00,0.0,2.402
2013-01-09 07:19:00,0.0,3.005
2013-01-09 07:20:00,0.0,3.3335000000000004
2013-01-09 07:21:00,0.0,3.8034999999999997
2013-01-09 07:22:00,0.0,4.0345
2013-01-09 07:23:00,0.0,5.041
2013-01-09 07:24:00,0.51,6.286
2013-01-09 07:25:00,10.09,8.488
2013-01-09 07:26:00,7.894,23.16
2013-01-09 07:27:00,5.71,51.18
2013-01-09 07:28:00,8.98,79.555
2013-01-09 07:29:00,17.93,91.65
2013-01-09 07:30:00,91.4,94.5
2013-01-09 07:31:00,91.3,92.75
2013-01-09 07:32:00,90.6,86.7
2013-01-09 07:33:00,90.6,78.425
2013-01-09 07:34:00,90.4,72.275
2013-01-09 07:35:00,94.4,81.505
2013-01-09 07:36:00,128.3,107.85
2013-01-09 07:37:00,162.6,136.3
2013-01-09 07:38:00,188.6,152.45
2013-01-09 07:39:00,199.4,155.45
2013-01-09 07:40:00,198.3,152.89999999999998
2013-01-09 07:41:00,198.7,155.15
2013-01-09 07:42:00,202.3,163.9
2013-01-09 07:43:00,217.2,176.25
2013-01-09 07:44:00,220.1,188.39999999999998
2013-01-09 07:45:00,236.2,196.2
2013-01-09 07:46:00,236.9,197.64999999999998
2013-01-09 07:47:00,247.4,197.1
2013-01-09 07:48:00,239.8,194.35000000000002
2013-01-09 07:49:00,236.1,190.95
2013-01-09 07:50:00,251.3,196.95
2013-01-09 07:51:00,264.2,209.55
2013-01-09 07:52:00,291.3,225.85
2013-01-09 07:53:00,316.5,239.55
2013-01-09 07:54:00,326.5,249.3
2013-01-09 07:55:00,342.2,259.70000000000005
2013-01-09 07:56:00,362.5,269.5
2013-01-09 07:57:00,364.3,275.75
2013-01-09 07:58:00,378.8,281.0
2013-01-09 07:59:00,386.3,284.1
2013-01-09 08:00:00,397.8,290.0
2013-01-09 08:01:00,403.1,296.3
2013-01-09 08:02:00,418.7,301.95
2013-01-09 08:03:00,433.5,306.75
2013-01-09 08:04:00,434.9,312.25
2013-01-09 08:05:00,450.7,318.9
2013-01-09 08:06:00,465.9,324.9
2013-01-09 08:07:00,470.4,329.65
2013-01-09 08:08:00,479.2,336.15
2013-01-09 08:09:00,498.7,343.25
2013-01-09 08:10:00,506.8,347.29999999999995
2013-01-09 08:11:00,505.7,351.1
2013-01-09 08:12:00,512.3,355.5
2013-01-09 08:13:00,529.5,362.20000000000005
2013-01-09 08:14:00,543.4,367.15
2013-01-09 08:15:00,542.1,369.3
2013-01-09 08:16:00,553.2,377.29999999999995
2013-01-09 08:17:00,576.3,383.85
2013-01-09 08:18:00,578.5,389.5
2013-01-09 08:19:00,579.3,391.54999999999995
2013-01-09 08:20:00,579.0,396.5
2013-01-09 08:21:00,588.4,402.9
2013-01-09 08:22:00,604.7,408.7
2013-01-09 08:23:00,615.6,413.79999999999995
2013-01-09 08:24:00,618.3,418.75
2013-01-09 08:25:00,628.7,421.75
2013-01-09 08:26:00,632.7,426.45000000000005
2013-01-09 08:27:00,649.2,432.4
2013-01-09 08:28:00,651.6,436.1
2013-01-09 08:29:00,655.9,439.45000000000005
2013-01-09 08:30:00,659.3,438.9
2013-01-09 08:31:00,668.9,443.20000000000005
2013-01-09 08:32:00,689.0,452.7
2013-01-09 08:33:00,688.0,461.7
2013-01-09 08:34:00,698.0,469.85
2013-01-09 08:35:00,722.9,475.25
2013-01-09 08:36:00,724.6,479.95000000000005
2013-01-09 08:37:00,736.6,484.1
2013-01-09 08:38:00,742.9,487.7
2013-01-09 08:39:00,747.9,491.35
2013-01-09 08:40:00,756.8,495.4
2013-01-09 08:41:00,759.9,499.6
2013-01-09 08:42:00,771.3,503.45
2013-01-09 08:43:00,772.8,507.2
2013-01-09 08:44:00,794.1,510.70000000000005
2013-01-09 08:45:00,793.9,511.35
2013-01-09 08:46:00,802.0,515.9
2013-01-09 08:47:00,813.0,519.1500000000001
2013-01-09 08:48:00,813.0,519.95
2013-01-09 08:49:00,830.0,526.25
2013-01-09 08:50:00,833.0,533.8
2013-01-09 08:51:00,845.0,537.0
2013-01-09 08:52:00,857.0,540.4
2013-01-09 08:53:00,868.0,545.9000000000001
2013-01-09 08:54:00,873.0,549.4000000000001
2013-01-09 08:55:00,873.0,552.8499999999999
2013-01-09 08:56:00,885.0,556.7
2013-01-09 08:57:00,898.0,560.85
2013-01-09 08:58:00,904.0,565.05
2013-01-09 08:59:00,902.0,567.8499999999999
2013-01-09 09:00:00,905.0,571.85
2013-01-09 09:01:00,916.0,576.25
2013-01-09 09:02:00,929.0,581.2
2013-01-09 09:03:00,939.0,585.5
2013-01-09 09:04:00,939.0,589.0
2013-01-09 09:05:00,939.0,592.9
2013-01-09 09:06:00,956.0,598.1
2013-01-09 09:07:00,962.0,601.0999999999999
2013-01-09 09:08:00,976.0,604.45
2013-01-09 09:09:00,979.0,608.45
2013-01-09 09:10:00,982.0,612.45
2013-01-09 09:11:00,991.0,617.15
2013-01-09 09:12:00,1011.0,620.85
2013-01-09 09:13:00,1017.0,625.0
2013-01-09 09:14:00,1012.0,627.55
2013-01-09 09:15:00,1021.0,630.3499999999999
2013-01-09 09:16:00,1027.0,635.15
2013-01-09 09:17:00,1043.0,638.8
2013-01-09 09:18:00,1049.0,642.35
2013-01-09 09:19:00,1055.0,646.05
2013-01-09 09:20:00,1064.0,650.5
2013-01-09 09:21:00,1077.0,654.3
2013-01-09 09:22:00,1084.0,658.0999999999999
2013-01-09 09:23:00,1084.0,662.0
2013-01-09 09:24:00,1089.0,665.5
2013-01-09 09:25:00,1091.0,669.45
2013-01-09 09:26:00,1109.0,674.15
2013-01-09 09:27:00,1116.0,678.2
2013-01-09 09:28:00,1121.0,681.95
2013-01-09 09:29:00,1127.0,685.8499999999999
2013-01-09 09:30:00,1137.0,689.6
2013-01-09 09:31:00,1145.0,692.95
2013-01-09 09:32:00,1149.0,696.55
2013-01-09 09:33:00,1156.0,699.7
2013-01-09 09:34:00,1159.0,703.25
2013-01-09 09:35:00,1161.0,706.5999999999999
2013-01-09 09:36:00,1171.0,709.5
2013-01-09 09:37:00,1181.0,712.95
2013-01-09 09:38:00,1186.0,716.95
2013-01-09 09:39:00,1192.0,720.9000000000001
2013-01-09 09:40:00,1197.0,724.2
2013-01-09 09:41:00,1201.0,727.8499999999999
2013-01-09 09:42:00,1213.0,731.0
2013-01-09 09:43:00,1219.0,733.95
2013-01-09 09:44:00,1221.0,737.3
2013-01-09 09:45:00,1226.0,741.05
2013-01-09 09:46:00,1234.0,744.45
2013-01-09 09:47:00,1237.0,747.1500000000001
2013-01-09 09:48:00,1235.0,751.05
2013-01-09 09:49:00,1246.0,754.5
2013-01-09 09:50:00,1258.0,758.15
2013-01-09 09:51:00,1260.0,760.6
2013-01-09 09:52:00,1262.0,762.8
2013-01-09 09:53:00,1269.0,765.9
2013-01-09 09:54:00,1273.0,769.55
2013-01-09 09:55:00,1279.0,772.15
2013-01-09 09:56:00,1279.0,774.95
2013-01-09 09:57:00,1280.0,774.25
2013-01-09 09:58:00,1287.0,778.85
2013-01-09 09:59:00,1290.0,782.35
2013-01-09 10:00:00,1295.0,785.1
2013-01-09 10:01:00,1300.0,787.85
2013-01-09 10:02:00,1303.0,791.3
2013-01-09 10:03:00,1303.0,790.45
2013-01-09 10:04:00,1306.0,792.95
2013-01-09 10:05:00,1307.0,796.4
2013-01-09 10:06:00,1307.0,797.9
2013-01-09 10:07:00,1311.0,801.45
2013-01-09 10:08:00,1314.0,805.4
2013-01-09 10:09:00,1316.0,808.1
2013-01-09 10:10:00,1316.0,810.45
2013-01-09 10:11:00,1328.0,817.45
2013-01-09 10:12:00,1328.0,661.15
2013-01-09 10:13:00,1333.0,438.542
2013-01-09 10:14:00,1333.0,440.0
2013-01-09 10:15:00,1339.0,442.021
2013-01-09 10:16:00,1351.0,445.063
2013-01-09 10:17:00,1359.0,447.0315
2013-01-09 10:18:00,1362.0,448.0
2013-01-09 10:19:00,1312.0,434.0
2013-01-09 10:20:00,1181.0,385.2
2013-01-09 10:21:00,1278.0,417.5
2013-01-09 10:22:00,1287.0,423.0
2013-01-09 10:23:00,1318.0,431.5
2013-01-09 10:24:00,1308.0,430.5
2013-01-09 10:25:00,1319.0,432.5
2013-01-09 10:26:00,1304.0,430.0
2013-01-09 10:27:00,1338.0,439.5
2013-01-09 10:28:00,1279.0,420.5
2013-01-09 10:29:00,1264.0,415.5
2013-01-09 10:30:00,1258.0,410.0
2013-01-09 10:31:00,1248.0,402.5
2013-01-09 10:32:00,1336.0,426.5
2013-01-09 10:33:00,1312.0,566.15
2013-01-09 10:34:00,1284.0,762.3
2013-01-09 10:35:00,1307.0,767.15
2013-01-09 10:36:00,1371.0,797.05
2013-01-09 10:37:00,1418.0,826.35
2013-01-09 10:38:00,1441.0,841.8
2013-01-09 10:39:00,1465.0,859.0
2013-01-09 10:40:00,1461.0,853.05
2013-01-09 10:41:00,1457.0,857.45
2013-01-09 10:42:00,1465.0,863.0
2013-01-09 10:43:00,1505.0,884.0
2013-01-09 10:44:00,1489.0,878.5
2013-01-09 10:45:00,1504.0,893.0
2013-01-09 10:46:00,1376.0,816.75
2013-01-09 10:47:00,1455.0,854.0
2013-01-09 10:48:00,1509.0,897.5
2013-01-09 10:49:00,1534.0,908.0
2013-01-09 10:50:00,1539.0,914.5
2013-01-09 10:51:00,1517.0,907.5
2013-01-09 10:52:00,1483.0,885.5
2013-01-09 10:53:00,1493.0,891.5
2013-01-09 10:54:00,1514.0,906.0
2013-01-09 10:55:00,1510.0,649.45
2013-01-09 10:56:00,1522.0,486.0
2013-01-09 10:57:00,1529.0,490.5
2013-01-09 10:58:00,1518.0,489.5
2013-01-09 10:59:00,1533.0,742.3
2013-01-09 11:00:00,1541.0,924.0
2013-01-09 11:01:00,1539.0,926.0
2013-01-09 11:02:00,1542.0,926.0
2013-01-09 11:03:00,1546.0,926.5
2013-01-09 11:04:00,1545.0,928.0
2013-01-09 11:05:00,1545.0,928.5
2013-01-09 11:06:00,1549.0,928.0
2013-01-09 11:07:00,1531.0,920.5
2013-01-09 11:08:00,1528.0,912.5
2013-01-09 11:09:00,1517.0,908.0
2013-01-09 11:10:00,1522.0,906.5
2013-01-09 11:11:00,1502.0,896.5
2013-01-09 11:12:00,1498.0,891.5
2013-01-09 11:13:00,1466.0,874.0
2013-01-09 11:14:00,1463.0,869.5
2013-01-09 11:15:00,1447.0,857.55
2013-01-09 11:16:00,1411.0,840.45
2013-01-09 11:17:00,1459.0,866.0
2013-01-09 11:18:00,1384.0,817.5
2013-01-09 11:19:00,1444.0,853.8
2013-01-09 11:20:00,1477.0,883.5
2013-01-09 11:21:00,1513.0,901.5
2013-01-09 11:22:00,1520.0,907.0
2013-01-09 11:23:00,1510.0,902.0
2013-01-09 11:24:00,1509.0,902.5
2013-01-09 11:25:00,1547.0,921.5
2013-01-09 11:26:00,1570.0,937.5
2013-01-09 11:27:00,1551.0,928.0
2013-01-09 11:28:00,1529.0,914.5
2013-01-09 11:29:00,1560.0,940.0
2013-01-09 11:30:00,1570.0,735.4
2013-01-09 11:31:00,1566.0,508.0
2013-01-09 11:32:00,1533.0,493.5
2013-01-09 11:33:00,1558.0,787.05
2013-01-09 11:34:00,1551.0,934.5
2013-01-09 11:35:00,1557.0,940.5
2013-01-09 11:36:00,1561.0,940.0
2013-01-09 11:37:00,1568.0,949.0
2013-01-09 11:38:00,1579.0,856.35
2013-01-09 11:39:00,1565.0,511.021
2013-01-09 11:40:00,1559.0,509.0315
2013-01-09 11:41:00,1567.0,511.0
2013-01-09 11:42:00,1562.0,510.5
2013-01-09 11:43:00,1560.0,511.0
2013-01-09 11:44:00,1567.0,515.0
2013-01-09 11:45:00,1560.0,514.5
2013-01-09 11:46:00,1565.0,514.5
2013-01-09 11:47:00,1557.0,512.5
2013-01-09 11:48:00,1518.0,499.5
2013-01-09 11:49:00,1550.0,509.5105
2013-01-09 11:50:00,1546.0,511.0105
2013-01-09 11:51:00,1530.0,505.0
2013-01-09 11:52:00,1547.0,511.5
2013-01-09 11:53:00,1554.0,514.521
2013-01-09 11:54:00,1559.0,516.5
2013-01-09 11:55:00,1556.0,518.5
2013-01-09 11:56:00,1550.0,516.0
2013-01-09 11:57:00,1540.0,512.0
2013-01-09 11:58:00,1547.0,512.0
2013-01-09 11:59:00,1537.0,511.0
2013-01-09 12:00:00,1547.0,513.521
2013-01-09 12:01:00,1543.0,512.5105
2013-01-09 12:02:00,1550.0,513.5
2013-01-09 12:03:00,1547.0,511.5
2013-01-09 12:04:00,1540.0,510.5
2013-01-09 12:05:00,1537.0,510.0
2013-01-09 12:06:00,1541.0,511.5
2013-01-09 12:07:00,1545.0,512.5
2013-01-09 12:08:00,1543.0,513.0
2013-01-09 12:09:00,1540.0,513.0
2013-01-09 12:10:00,1544.0,513.5
2013-01-09 12:11:00,1543.0,514.0
2013-01-09 12:12:00,1545.0,514.0
2013-01-09 12:13:00,1546.0,513.5
2013-01-09 12:14:00,1543.0,512.0
2013-01-09 12:15:00,1549.0,513.0
2013-01-09 12:16:00,1526.0,507.0
2013-01-09 12:17:00,1530.0,506.5
2013-01-09 12:18:00,1518.0,504.5105
2013-01-09 12:19:00,1517.0,505.563
2013-01-09 12:20:00,1523.0,506.542
2013-01-09 12:21:00,1511.0,503.0105
2013-01-09 12:22:00,1522.0,511.0105
2013-01-09 12:23:00,1518.0,510.6045
2013-01-09 12:24:00,1514.0,511.563
2013-01-09 12:25:00,1515.0,508.5
2013-01-09 12:26:00,1529.0,512.0
2013-01-09 12:27:00,1535.0,512.979
2013-01-09 12:28:00,1536.0,513.5
2013-01-09 12:29:00,1533.0,513.0105
2013-01-09 12:30:00,1533.0,512.5
2013-01-09 12:31:00,1543.0,512.5
2013-01-09 12:32:00,1540.0,512.5105
2013-01-09 12:33:00,1536.0,512.5105
2013-01-09 12:34:00,1532.0,511.5315
2013-01-09 12:35:00,1536.0,512.0
2013-01-09 12:36:00,1540.0,512.0
2013-01-09 12:37:00,1534.0,511.5
2013-01-09 12:38:00,1537.0,511.0
2013-01-09 12:39:00,1546.0,510.5
2013-01-09 12:40:00,1539.0,510.0
2013-01-09 12:41:00,1533.0,509.5
2013-01-09 12:42:00,1533.0,509.5105
2013-01-09 12:43:00,1533.0,509.0315
2013-01-09 12:44:00,1531.0,509.0
2013-01-09 12:45:00,1521.0,507.542
2013-01-09 12:46:00,1521.0,507.563
2013-01-09 12:47:00,1516.0,507.063
2013-01-09 12:48:00,1504.0,505.573
2013-01-09 12:49:00,1506.0,505.0525
2013-01-09 12:50:00,1499.0,504.063
2013-01-09 12:51:00,1496.0,505.115
2013-01-09 12:52:00,1493.0,504.542
2013-01-09 12:53:00,1484.0,503.063
2013-01-09 12:54:00,1479.0,502.5525
2013-01-09 12:55:00,1469.0,501.5315
2013-01-09 12:56:00,1469.0,500.5105
2013-01-09 12:57:00,1470.0,501.5105
2013-01-09 12:58:00,1468.0,501.5
2013-01-09 12:59:00,1465.0,500.9895
2013-01-09 13:00:00,1463.0,500.458
2013-01-09 13:01:00,1470.0,498.885
2013-01-09 13:02:00,1476.0,498.9685
2013-01-09 13:03:00,1472.0,497.4895
2013-01-09 13:04:00,1469.0,498.0105
2013-01-09 13:05:00,1468.0,497.5
2013-01-09 13:06:00,1464.0,496.5
2013-01-09 13:07:00,1457.0,496.0105
2013-01-09 13:08:00,1451.0,495.063
2013-01-09 13:09:00,1434.0,494.094
2013-01-09 13:10:00,1434.0,493.0835
2013-01-09 13:11:00,1432.0,492.615
2013-01-09 13:12:00,1427.0,492.073
2013-01-09 13:13:00,1428.0,490.5835
2013-01-09 13:14:00,1429.0,489.6045
2013-01-09 13:15:00,1410.0,487.9895
2013-01-09 13:16:00,1420.0,487.5
2013-01-09 13:17:00,1405.0,486.4895
2013-01-09 13:18:00,1412.0,484.9895
2013-01-09 13:19:00,1401.0,483.5
2013-01-09 13:20:00,1400.0,483.0105
2013-01-09 13:21:00,1401.0,482.5315
2013-01-09 13:22:00,1397.0,482.0
2013-01-09 13:23:00,1397.0,481.0
2013-01-09 13:24:00,1394.0,480.5
2013-01-09 13:25:00,1400.0,480.0
2013-01-09 13:26:00,1386.0,479.0
2013-01-09 13:27:00,1376.0,477.5
2013-01-09 13:28:00,1366.0,477.0
2013-01-09 13:29:00,1378.0,475.521
2013-01-09 13:30:00,1388.0,474.885
2013-01-09 13:31:00,1388.0,473.8745
2013-01-09 13:32:00,1391.0,472.885
2013-01-09 13:33:00,1390.0,471.9475
2013-01-09 13:34:00,1392.0,471.0105
2013-01-09 13:35:00,1385.0,469.5315
2013-01-09 13:36:00,1381.0,468.5105
2013-01-09 13:37:00,1379.0,467.5
2013-01-09 13:38:00,1371.0,466.5
2013-01-09 13:39:00,1373.0,465.0
2013-01-09 13:40:00,1364.0,464.0
2013-01-09 13:41:00,1356.0,463.0
2013-01-09 13:42:00,1360.0,461.5
2013-01-09 13:43:00,1343.0,460.4895
2013-01-09 13:44:00,1350.0,460.479
2013-01-09 13:45:00,1341.0,459.3955
2013-01-09 13:46:00,1340.0,458.4685
2013-01-09 13:47:00,1342.0,457.958
2013-01-09 13:48:00,1336.0,457.0
2013-01-09 13:49:00,1330.0,457.0
2013-01-09 13:50:00,1324.0,455.5
2013-01-09 13:51:00,1324.0,454.0
2013-01-09 13:52:00,1313.0,453.0
2013-01-09 13:53:00,1308.0,451.5
2013-01-09 13:54:00,1307.0,450.4895
2013-01-09 13:55:00,1306.0,448.9895
2013-01-09 13:56:00,1304.0,447.9685
2013-01-09 13:57:00,1303.0,447.4685
2013-01-09 13:58:00,1295.0,446.906
2013-01-09 13:59:00,1291.0,445.4165
2013-01-09 14:00:00,1282.0,443.9685
2013-01-09 14:01:00,1274.0,442.979
2013-01-09 14:02:00,1268.0,441.958
2013-01-09 14:03:00,1269.0,440.5
2013-01-09 14:04:00,1262.0,439.0
2013-01-09 14:05:00,1258.0,437.5
2013-01-09 14:06:00,1253.0,436.5
2013-01-09 14:07:00,1253.0,435.0
2013-01-09 14:08:00,1245.0,433.479
2013-01-09 14:09:00,1240.0,431.5
2013-01-09 14:10:00,1227.0,430.0
2013-01-09 14:11:00,1227.0,428.479
2013-01-09 14:12:00,1223.0,426.4895
2013-01-09 14:13:00,1225.0,424.4685
2013-01-09 14:14:00,1217.0,423.5
2013-01-09 14:15:00,1209.0,421.5
2013-01-09 14:16:00,1202.0,420.0
2013-01-09 14:17:00,1197.0,418.5
2013-01-09 14:18:00,1190.0,417.0
2013-01-09 14:19:00,1187.0,415.5
2013-01-09 14:20:00,1180.0,414.0
2013-01-09 14:21:00,1176.0,412.0
2013-01-09 14:22:00,1179.0,410.4895
2013-01-09 14:23:00,1167.0,409.0
2013-01-09 14:24:00,1155.0,407.5
2013-01-09 14:25:00,1162.0,405.5
2013-01-09 14:26:00,1156.0,404.4895
2013-01-09 14:27:00,1150.0,402.4895
2013-01-09 14:28:00,1146.0,401.0
2013-01-09 14:29:00,1134.0,399.33950000000004
2013-01-09 14:30:00,1138.0,397.779
2013-01-09 14:31:00,1129.0,395.929
2013-01-09 14:32:00,1133.0,394.6895
2013-01-09 14:33:00,1118.0,393.05
2013-01-09 14:34:00,1108.0,390.9895
2013-01-09 14:35:00,1098.0,388.95
2013-01-09 14:36:00,1091.0,387.1
2013-01-09 14:37:00,1088.0,384.9
2013-01-09 14:38:00,1083.0,382.8
2013-01-09 14:39:00,1081.0,380.8665
2013-01-09 14:40:00,1079.0,379.52700000000004
2013-01-09 14:41:00,1071.0,378.187
2013-01-09 14:42:00,1065.0,376.908
2013-01-09 14:43:00,1062.0,375.437
2013-01-09 14:44:00,1049.0,373.5
2013-01-09 14:45:00,1044.0,371.95
2013-01-09 14:46:00,1038.0,370.03950000000003
2013-01-09 14:47:00,1029.0,367.8975
2013-01-09 14:48:00,1024.0,365.935
2013-01-09 14:49:00,1018.0,364.19550000000004
2013-01-09 14:50:00,1010.0,362.3245
2013-01-09 14:51:00,1001.0,360.5245
2013-01-09 14:52:00,991.0,358.4245
2013-01-09 14:53:00,974.0,355.8745
2013-01-09 14:54:00,969.0,353.8245
2013-01-09 14:55:00,963.0,352.1745
2013-01-09 14:56:00,950.0,349.9245
2013-01-09 14:57:00,936.0,348.4245
2013-01-09 14:58:00,934.0,346.1245
2013-01-09 14:59:00,929.0,344.3745
2013-01-09 15:00:00,906.0,341.9245
2013-01-09 15:01:00,901.0,339.9245
2013-01-09 15:02:00,891.0,337.4245
2013-01-09 15:03:00,880.0,327.9245
2013-01-09 15:04:00,868.0,298.0245
2013-01-09 15:05:00,865.0,248.8745
2013-01-09 15:06:00,857.0,190.27450000000002
2013-01-09 15:07:00,848.0,130.5745
2013-01-09 15:08:00,834.0,77.6745
2013-01-09 15:09:00,831.0,41.424499999999995
2013-01-09 15:10:00,826.0,28.154500000000002
2013-01-09 15:11:00,815.0,26.419500000000003
2013-01-09 15:12:00,808.0,25.974500000000003
2013-01-09 15:13:00,800.0,25.7495
2013-01-09 15:14:00,787.8,25.6945
2013-01-09 15:15:00,781.0,25.2745
2013-01-09 15:16:00,774.9,25.5545
2013-01-09 15:17:00,759.4,34.7695
2013-01-09 15:18:00,751.8,67.47449999999999
2013-01-09 15:19:00,742.2,118.4245
2013-01-09 15:20:00,720.1,176.0745
2013-01-09 15:21:00,720.5,230.8745
2013-01-09 15:22:00,704.4,271.97450000000003
2013-01-09 15:23:00,686.0,288.5245
2013-01-09 15:24:00,674.8,288.2745
2013-01-09 15:25:00,641.2,286.0745
2013-01-09 15:26:00,627.7,283.5245
2013-01-09 15:27:00,613.4,290.34
2013-01-09 15:28:00,608.0,355.3
2013-01-09 15:29:00,595.1,509.3
2013-01-09 15:30:00,587.4,518.55
2013-01-09 15:31:00,574.8,514.0
2013-01-09 15:32:00,549.4,507.85
2013-01-09 15:33:00,545.2,489.1
2013-01-09 15:34:00,523.9,400.45
2013-01-09 15:35:00,512.4,282.4
2013-01-09 15:36:00,508.4,306.45
2013-01-09 15:37:00,485.9,409.75
2013-01-09 15:38:00,480.9,364.4
2013-01-09 15:39:00,460.0,285.83500000000004
2013-01-09 15:40:00,458.4,351.75
2013-01-09 15:41:00,435.0,437.6
2013-01-09 15:42:00,432.3,438.85
2013-01-09 15:43:00,414.1,431.70000000000005
2013-01-09 15:44:00,401.2,433.4
2013-01-09 15:45:00,400.2,444.5
2013-01-09 15:46:00,377.8,443.65
2013-01-09 15:47:00,359.7,438.4
2013-01-09 15:48:00,357.2,432.79999999999995
2013-01-09 15:49:00,334.7,427.1
2013-01-09 15:50:00,330.4,418.15
2013-01-09 15:51:00,307.9,399.45
2013-01-09 15:52:00,299.3,381.0
2013-01-09 15:53:00,286.4,299.45
2013-01-09 15:54:00,284.9,222.0
2013-01-09 15:55:00,270.3,269.4
2013-01-09 15:56:00,260.6,229.35
2013-01-09 15:57:00,249.2,128.91500000000002
2013-01-09 15:58:00,223.6,193.05
2013-01-09 15:59:00,218.5,326.95
2013-01-09 16:00:00,212.4,368.4
2013-01-09 16:01:00,189.3,351.05
2013-01-09 16:02:00,178.3,342.5
2013-01-09 16:03:00,164.2,338.20000000000005
2013-01-09 16:04:00,178.6,337.75
2013-01-09 16:05:00,168.5,342.29999999999995
2013-01-09 16:06:00,169.5,309.1
2013-01-09 16:07:00,162.0,221.85000000000002
2013-01-09 16:08:00,148.5,164.45999999999998
2013-01-09 16:09:00,145.7,101.545
2013-01-09 16:10:00,143.9,37.185
2013-01-09 16:11:00,160.6,25.615000000000002
2013-01-09 16:12:00,160.6,24.729999999999997
2013-01-09 16:13:00,134.2,24.009999999999998
2013-01-09 16:14:00,126.3,23.57
2013-01-09 16:15:00,126.1,23.174999999999997
2013-01-09 16:16:00,126.1,22.64
2013-01-09 16:17:00,125.2,22.375
2013-01-09 16:18:00,125.4,21.825
2013-01-09 16:19:00,110.2,21.21
2013-01-09 16:20:00,110.2,20.98
2013-01-09 16:21:00,97.6,20.105
2013-01-09 16:22:00,64.45,19.0
2013-01-09 16:23:00,43.49,17.810000000000002
2013-01-09 16:24:00,22.51,16.715
2013-01-09 16:25:00,11.33,15.815000000000001
2013-01-09 16:26:00,3.174,15.2
2013-01-09 16:27:00,1.463,14.370000000000001
2013-01-09 16:28:00,1.541,13.675
2013-01-09 16:29:00,1.492,13.17
2013-01-09 16:30:00,3.82,12.41
2013-01-09 16:31:00,1.541,12.11
2013-01-09 16:32:00,4.664,11.57
2013-01-09 16:33:00,1.565,10.995000000000001
2013-01-09 16:34:00,2.955,10.74
2013-01-09 16:35:00,1.443,10.0505
2013-01-09 16:36:00,0.0,9.7385
2013-01-09 16:37:00,3.067,9.088
2013-01-09 16:38:00,0.0,8.626
2013-01-09 16:39:00,4.555,7.8995
2013-01-09 16:40:00,1.536,7.4535
2013-01-09 16:41:00,2.219,7.1345
2013-01-09 16:42:00,3.826,6.4995
2013-01-09 16:43:00,3.475,6.131
2013-01-09 16:44:00,0.0,5.931
2013-01-09 16:45:00,0.0,5.711
2013-01-09 16:46:00,0.0,5.5125
2013-01-09 16:47:00,0.585,5.2085
2013-01-09 16:48:00,0.527,4.789
2013-01-09 16:49:00,0.0,4.261
2013-01-09 16:50:00,0.0,4.0555
2013-01-09 16:51:00,0.0,3.8565
2013-01-09 16:52:00,0.0,3.6050000000000004
2013-01-09 16:53:00,0.0,3.1534999999999997
2013-01-09 16:54:00,0.0,2.9859999999999998
2013-01-09 16:55:00,0.0,2.7245
2013-01-09 16:56:00,0.0,2.126
2013-01-09 16:57:00,0.0,1.801
2013-01-09 16:58:00,0.0,1.3175
2013-01-09 16:59:00,0.0,0.8245000000000001
2013-01-09 17:00:00,0.0,0.6885
2013-01-09 17:01:00,0.0,0.2789999999999999
2013-01-09 17:02:00,0.0,0.05900000000000016
2013-01-09 17:03:00,0.0,-0.3680000000000001
2013-01-09 17:04:00,0.0,-0.8855
2013-01-09 17:05:00,0.0,-1.001
2013-01-09 17:06:00,0.0,-1.6665
2013-01-09 17:07:00,0.0,-1.8729999999999998
2013-01-09 17:08:00,0.0,-1.9774999999999998
2013-01-09 17:09:00,0.0,-2.0614999999999997
2013-01-09 17:10:00,0.0,-2.1029999999999998
2013-01-09 17:11:00,0.0,-2.1029999999999998
2013-01-09 17:12:00,0.0,-2.1029999999999998
2013-01-09 17:13:00,0.0,-2.1975
2013-01-09 17:14:00,0.0,-2.2289999999999996
2013-01-09 17:15:00,0.0,-2.2295
2013-01-09 17:16:00,0.0,-2.2295
2013-01-09 17:17:00,0.0,-2.271
2013-01-09 17:18:00,0.0,-2.3024999999999998
2013-01-09 17:19:00,0.0,-2.355
2013-01-09 17:20:00,0.0,-2.355
2013-01-09 17:21:00,0.0,-2.355
2013-01-09 17:22:00,0.0,-2.327
2013-01-09 17:23:00,0.0,-2.047
2013-01-09 17:24:00,0.0,-1.6825
2013-01-09 17:25:00,0.0,-1.6825
2013-01-09 17:26:00,0.0,-1.6825
2013-01-09 17:27:00,0.0,-1.7385
2013-01-09 17:28:00,0.0,-1.963
2013-01-09 17:29:00,0.0,-2.2715
2013-01-09 17:30:00,0.0,-2.3555
2013-01-09 17:31:00,0.0,-2.3555
2013-01-09 17:32:00,0.0,-2.3555
2013-01-09 17:33:00,0.0,-2.3555
2013-01-09 17:34:00,0.0,-2.3555
2013-01-09 17:35:00,0.0,-2.58
2013-01-09 17:36:00,0.0,-2.8605
2013-01-09 17:37:00,0.0,-2.44
2013-01-09 17:38:00,0.0,-2.384
2013-01-09 17:39:00,0.0,-2.356
2013-01-09 17:40:00,0.0,-2.356
2013-01-09 17:41:00,0.0,-2.356
2013-01-09 17:42:00,0.0,-2.356
2013-01-09 17:43:00,0.0,-2.356
2013-01-09 17:44:00,0.0,-2.356
2013-01-09 17:45:00,0.0,-2.328
2013-01-09 17:46:00,0.0,-1.851
2013-01-09 17:47:00,0.0,-1.711
2013-01-09 17:48:00,0.0,-1.683
2013-01-09 17:49:00,0.0,-1.711
2013-01-09 17:50:00,0.0,-1.683
2013-01-09 17:51:00,0.0,-1.683
2013-01-09 17:52:00,0.0,-1.683
2013-01-09 17:53:00,0.0,-1.683
2013-01-09 17:54:00,0.0,-1.683
2013-01-09 17:55:00,0.0,-1.683
2013-01-09 17:56:00,0.0,-1.711
2013-01-09 17:57:00,0.0,-1.711
2013-01-09 17:58:00,0.0,-2.2445
2013-01-09 17:59:00,0.0,-2.3565
2013-01-09 18:00:00,0.0,-2.3565
2013-01-09 18:01:00,0.0,-2.3565
2013-01-09 18:02:00,0.0,-2.3565
2013-01-09 18:03:00,0.0,-1.8795
2013-01-09 18:04:00,0.0,-1.6835
2013-01-09 18:05:00,0.0,-1.6835
2013-01-09 18:06:00,0.0,-1.6835
2013-01-09 18:07:00,0.0,-1.6835
2013-01-09 18:08:00,0.0,-1.6835
2013-01-09 18:09:00,0.0,-1.6835
2013-01-09 18:10:00,0.0,-1.6835
2013-01-09 18:11:00,0.0,-1.6835
2013-01-09 18:12:00,0.0,-1.936
2013-01-09 18:13:00,0.0,-2.357
2013-01-09 18:14:00,0.0,-2.357
2013-01-09 18:15:00,0.0,-2.357
2013-01-09 18:16:00,0.0,-2.357
2013-01-09 18:17:00,0.0,-2.357
2013-01-09 18:18:00,0.0,-2.357
2013-01-09 18:19:00,0.0,-2.357
2013-01-09 18:20:00,0.0,-2.3575
2013-01-09 18:21:00,0.0,-2.3575
2013-01-09 18:22:00,0.0,-2.3575
2013-01-09 18:23:00,0.0,-2.3575
2013-01-09 18:24:00,0.0,-2.3575
2013-01-09 18:25:00,0.0,-1.796
2013-01-09 18:26:00,0.0,-1.684
2013-01-09 18:27:00,0.0,-1.684
2013-01-09 18:28:00,0.0,-1.684
2013-01-09 18:29:00,0.0,-1.684
2013-01-09 18:30:00,0.0,-1.684
2013-01-09 18:31:00,0.0,-1.712
2013-01-09 18:32:00,0.0,-1.8245
2013-01-09 18:33:00,0.0,-1.684
2013-01-09 18:34:00,0.0,-1.684
2013-01-09 18:35:00,0.0,-1.684
2013-01-09 18:36:00,0.0,-1.684
2013-01-09 18:37:00,0.0,-1.684
2013-01-09 18:38:00,0.0,-1.684
2013-01-09 18:39:00,0.0,-1.684
2013-01-09 18:40:00,0.0,-1.684
2013-01-09 18:41:00,0.0,-1.684
2013-01-09 18:42:00,0.0,-1.684
2013-01-09 18:43:00,0.0,-1.684
2013-01-09 18:44:00,0.0,-1.684
2013-01-09 18:45:00,0.0,-1.684
2013-01-09 18:46:00,0.0,-1.684
2013-01-09 18:47:00,0.0,-1.684
2013-01-09 18:48:00,0.0,-1.684
2013-01-09 18:49:00,0.0,-1.684
2013-01-09 18:50:00,0.0,-1.684
2013-01-09 18:51:00,0.0,-1.684
2013-01-09 18:52:00,0.0,-1.684
2013-01-09 18:53:00,0.0,-1.684
2013-01-09 18:54:00,0.0,-1.684
2013-01-09 18:55:00,0.0,-1.684
2013-01-09 18:56:00,0.0,-1.684
2013-01-09 18:57:00,0.0,-1.684
2013-01-09 18:58:00,0.0,-1.684
2013-01-09 18:59:00,0.0,-1.684
2013-01-09 19:00:00,0.0,-1.684
2013-01-09 19:01:00,0.0,-1.684
2013-01-09 19:02:00,0.0,-1.684
2013-01-09 19:03:00,0.0,-1.684
2013-01-09 19:04:00,0.0,-1.684
2013-01-09 19:05:00,0.0,-1.684
2013-01-09 19:06:00,0.0,-1.684
2013-01-09 19:07:00,0.0,-1.684
2013-01-09 19:08:00,0.0,-1.684
2013-01-09 19:09:00,0.0,-1.684
2013-01-09 19:10:00,0.0,-1.684
2013-01-09 19:11:00,0.0,-1.684
2013-01-09 19:12:00,0.0,-1.684
2013-01-09 19:13:00,0.0,-1.684
2013-01-09 19:14:00,0.0,-1.684
2013-01-09 19:15:00,0.0,-1.684
2013-01-09 19:16:00,0.0,-1.684
2013-01-09 19:17:00,0.0,-1.684
2013-01-09 19:18:00,0.0,-1.684
2013-01-09 19:19:00,0.0,-1.684
2013-01-09 19:20:00,0.0,-1.6845
2013-01-09 19:21:00,0.0,-1.6845
2013-01-09 19:22:00,0.0,-1.6845
2013-01-09 19:23:00,0.0,-1.6845
2013-01-09 19:24:00,0.0,-1.6845
2013-01-09 19:25:00,0.0,-1.6845
2013-01-09 19:26:00,0.0,-1.6845
2013-01-09 19:27:00,0.0,-1.6845
2013-01-09 19:28:00,0.0,-1.6845
2013-01-09 19:29:00,0.0,-1.6845
2013-01-09 19:30:00,0.0,-1.6845
2013-01-09 19:31:00,0.0,-1.6845
2013-01-09 19:32:00,0.0,-1.6845
2013-01-09 19:33:00,0.0,-1.6845
2013-01-09 19:34:00,0.0,-1.6845
2013-01-09 19:35:00,0.0,-1.6845
2013-01-09 19:36:00,0.0,-1.6845
2013-01-09 19:37:00,0.0,-1.6845
2013-01-09 19:38:00,0.0,-1.6845
2013-01-09 19:39:00,0.0,-1.6845
2013-01-09 19:40:00,0.0,-1.6845
2013-01-09 19:41:00,0.0,-1.6845
2013-01-09 19:42:00,0.0,-1.6845
2013-01-09 19:43:00,0.0,-1.6845
2013-01-09 19:44:00,0.0,-1.6845
2013-01-09 19:45:00,0.0,-1.6845
2013-01-09 19:46:00,0.0,-1.6845
2013-01-09 19:47:00,0.0,-1.6845
2013-01-09 19:48:00,0.0,-1.6845
2013-01-09 19:49:00,0.0,-1.6845
2013-01-09 19:50:00,0.0,-1.6845
2013-01-09 19:51:00,0.0,-1.6845
2013-01-09 19:52:00,0.0,-1.6845
2013-01-09 19:53:00,0.0,-1.6845
2013-01-09 19:54:00,0.0,-1.6845
2013-01-09 19:55:00,0.0,-1.6845
2013-01-09 19:56:00,0.0,-1.6845
2013-01-09 19:57:00,0.0,-1.6845
2013-01-09 19:58:00,0.0,-1.6845
2013-01-09 19:59:00,0.0,-1.6845
2013-01-09 20:00:00,0.0,-1.6845
2013-01-09 20:01:00,0.0,-1.6845
2013-01-09 20:02:00,0.0,-1.6845
2013-01-09 20:03:00,0.0,-1.6845
2013-01-09 20:04:00,0.0,-1.6845
2013-01-09 20:05:00,0.0,-1.6845
2013-01-09 20:06:00,0.0,-1.6845
2013-01-09 20:07:00,0.0,-1.6845
2013-01-09 20:08:00,0.0,-1.6845
2013-01-09 20:09:00,0.0,-1.6845
2013-01-09 20:10:00,0.0,-1.488
2013-01-09 20:11:00,0.0,-1.067
2013-01-09 20:12:00,0.0,-1.0105
2013-01-09 20:13:00,0.0,-1.0105
2013-01-09 20:14:00,0.0,-1.0105
2013-01-09 20:15:00,0.0,-1.0105
2013-01-09 20:16:00,0.0,-1.0105
2013-01-09 20:17:00,0.0,-1.0105
2013-01-09 20:18:00,0.0,-1.095
2013-01-09 20:19:00,0.0,-1.0105
2013-01-09 20:20:00,0.0,-1.235
2013-01-09 20:21:00,0.0,-1.6565
2013-01-09 20:22:00,0.0,-1.6845
2013-01-09 20:23:00,0.0,-1.6845
2013-01-09 20:24:00,0.0,-1.516
2013-01-09 20:25:00,0.0,-1.6845
2013-01-09 20:26:00,0.0,-2.1335
2013-01-09 20:27:00,0.0,-2.358
2013-01-09 20:28:00,0.0,-2.358
2013-01-09 20:29:00,0.0,-2.358
2013-01-09 20:30:00,0.0,-2.358
2013-01-09 20:31:00,0.0,-2.358
2013-01-09 20:32:00,0.0,-2.218
2013-01-09 20:33:00,0.0,-1.6845
2013-01-09 20:34:00,0.0,-1.6845
2013-01-09 20:35:00,0.0,-1.6845
2013-01-09 20:36:00,0.0,-1.6845
2013-01-09 20:37:00,0.0,-1.572
2013-01-09 20:38:00,0.0,-1.151
2013-01-09 20:39:00,0.0,-1.2915
2013-01-09 20:40:00,0.0,-1.207
2013-01-09 20:41:00,0.0,-1.2635
2013-01-09 20:42:00,0.0,-1.3195
2013-01-09 20:43:00,0.0,-1.2915
2013-01-09 20:44:00,0.0,-1.4035
2013-01-09 20:45:00,0.0,-1.6
2013-01-09 20:46:00,0.0,-1.572
2013-01-09 20:47:00,0.0,-1.179
2013-01-09 20:48:00,0.0,-1.0105
2013-01-09 20:49:00,0.0,-1.095
2013-01-09 20:50:00,0.0,-1.3195
2013-01-09 20:51:00,0.0,-1.179
2013-01-09 20:52:00,0.0,-1.3475
2013-01-09 20:53:00,0.0,-1.572
2013-01-09 20:54:00,0.0,-1.6285
2013-01-09 20:55:00,0.0,-1.572
2013-01-09 20:56:00,0.0,-1.6845
2013-01-09 20:57:00,0.0,-1.6845
2013-01-09 20:58:00,0.0,-1.6565
2013-01-09 20:59:00,0.0,-1.6565
2013-01-09 21:00:00,0.0,-1.6845
2013-01-09 21:01:00,0.0,-1.6845
2013-01-09 21:02:00,0.0,-1.6845
2013-01-09 21:03:00,0.0,-1.6845
2013-01-09 21:04:00,0.0,-1.6845
2013-01-09 21:05:00,0.0,-1.6845
2013-01-09 21:06:00,0.0,-1.6845
2013-01-09 21:07:00,0.0,-1.6845
2013-01-09 21:08:00,0.0,-1.6845
2013-01-09 21:09:00,0.0,-1.6845
2013-01-09 21:10:00,0.0,-1.6845
2013-01-09 21:11:00,0.0,-1.6845
2013-01-09 21:12:00,0.0,-1.6845
2013-01-09 21:13:00,0.0,-1.6845
2013-01-09 21:14:00,0.0,-1.6845
2013-01-09 21:15:00,0.0,-1.6845
2013-01-09 21:16:00,0.0,-1.6845
2013-01-09 21:17:00,0.0,-1.6845
2013-01-09 21:18:00,0.0,-1.6845
2013-01-09 21:19:00,0.0,-1.6845
2013-01-09 21:20:00,0.0,-1.6845
2013-01-09 21:21:00,0.0,-1.6845
2013-01-09 21:22:00,0.0,-1.6845
2013-01-09 21:23:00,0.0,-1.6845
2013-01-09 21:24:00,0.0,-1.6845
2013-01-09 21:25:00,0.0,-1.6845
2013-01-09 21:26:00,0.0,-1.6845
2013-01-09 21:27:00,0.0,-1.6845
2013-01-09 21:28:00,0.0,-1.6845
2013-01-09 21:29:00,0.0,-1.6845
2013-01-09 21:30:00,0.0,-1.6845
2013-01-09 21:31:00,0.0,-1.6565
2013-01-09 21:32:00,0.0,-1.6845
2013-01-09 21:33:00,0.0,-1.3195
2013-01-09 21:34:00,0.0,-1.0105
2013-01-09 21:35:00,0.0,-1.0105
2013-01-09 21:36:00,0.0,-1.0105
2013-01-09 21:37:00,0.0,-1.0105
2013-01-09 21:38:00,0.0,-1.0105
2013-01-09 21:39:00,0.0,-1.0105
2013-01-09 21:40:00,0.0,-1.0105
2013-01-09 21:41:00,0.0,-1.0105
2013-01-09 21:42:00,0.0,-1.0105
2013-01-09 21:43:00,0.0,-1.0105
2013-01-09 21:44:00,0.0,-1.0105
2013-01-09 21:45:00,0.0,-1.0105
2013-01-09 21:46:00,0.0,-1.0105
2013-01-09 21:47:00,0.0,-1.235
2013-01-09 21:48:00,0.0,-1.6845
2013-01-09 21:49:00,0.0,-1.6845
2013-01-09 21:50:00,0.0,-1.6845
2013-01-09 21:51:00,0.0,-1.6845
2013-01-09 21:52:00,0.0,-1.6845
2013-01-09 21:53:00,0.0,-1.6565
2013-01-09 21:54:00,0.0,-1.207
2013-01-09 21:55:00,0.0,-1.432
2013-01-09 21:56:00,0.0,-1.0105
2013-01-09 21:57:00,0.0,-1.0105
2013-01-09 21:58:00,0.0,-1.0105
2013-01-09 21:59:00,0.0,-1.404
2013-01-09 22:00:00,0.0,-1.6845
2013-01-09 22:01:00,0.0,-1.6845
2013-01-09 22:02:00,0.0,-1.6845
2013-01-09 22:03:00,0.0,-1.544
2013-01-09 22:04:00,0.0,-1.2355
2013-01-09 22:05:00,0.0,-1.6845
2013-01-09 22:06:00,0.0,-1.6845
2013-01-09 22:07:00,0.0,-1.6845
2013-01-09 22:08:00,0.0,-2.0215
2013-01-09 22:09:00,0.0,-2.3305
2013-01-09 22:10:00,0.0,-2.134
2013-01-09 22:11:00,0.0,-2.0775
2013-01-09 22:12:00,0.0,-1.853
2013-01-09 22:13:00,0.0,-1.6845
2013-01-09 22:14:00,0.0,-1.544
2013-01-09 22:15:00,0.0,-1.432
2013-01-09 22:16:00,0.0,-1.3475
2013-01-09 22:17:00,0.0,-1.011
2013-01-09 22:18:00,0.0,-1.011
2013-01-09 22:19:00,0.0,-1.011
2013-01-09 22:20:00,0.0,-1.011
2013-01-09 22:21:00,0.0,-1.011
2013-01-09 22:22:00,0.0,-1.011
2013-01-09 22:23:00,0.0,-1.011
2013-01-09 22:24:00,0.0,-1.011
2013-01-09 22:25:00,0.0,-1.011
2013-01-09 22:26:00,0.0,-1.011
2013-01-09 22:27:00,0.0,-1.488
2013-01-09 22:28:00,0.0,-1.6845
2013-01-09 22:29:00,0.0,-1.6845
2013-01-09 22:30:00,0.0,-1.6845
2013-01-09 22:31:00,0.0,-1.6845
2013-01-09 22:32:00,0.0,-1.6845
2013-01-09 22:33:00,0.0,-1.6845
2013-01-09 22:34:00,0.0,-1.6845
2013-01-09 22:35:00,0.0,-1.6845
2013-01-09 22:36:00,0.0,-1.6845
2013-01-09 22:37:00,0.0,-1.6845
2013-01-09 22:38:00,0.0,-1.881
2013-01-09 22:39:00,0.0,-2.3585
2013-01-09 22:40:00,0.0,-2.3585
2013-01-09 22:41:00,0.0,-2.3585
2013-01-09 22:42:00,0.0,-2.3585
2013-01-09 22:43:00,0.0,-2.3585
2013-01-09 22:44:00,0.0,-2.3585
2013-01-09 22:45:00,0.0,-2.3585
2013-01-09 22:46:00,0.0,-2.3025
2013-01-09 22:47:00,0.0,-1.741
2013-01-09 22:48:00,0.0,-1.6845
2013-01-09 22:49:00,0.0,-1.6845
2013-01-09 22:50:00,0.0,-1.6565
2013-01-09 22:51:00,0.0,-1.011
2013-01-09 22:52:00,0.0,-1.011
2013-01-09 22:53:00,0.0,-1.011
2013-01-09 22:54:00,0.0,-1.011
2013-01-09 22:55:00,0.0,-1.011
2013-01-09 22:56:00,0.0,-1.2075
2013-01-09 22:57:00,0.0,-1.6845
2013-01-09 22:58:00,0.0,-1.6845
2013-01-09 22:59:00,0.0,-1.6845
2013-01-09 23:00:00,0.0,-1.6845
2013-01-09 23:01:00,0.0,-1.6845
2013-01-09 23:02:00,0.0,-1.6845
2013-01-09 23:03:00,0.0,-1.6845
2013-01-09 23:04:00,0.0,-1.6845
2013-01-09 23:05:00,0.0,-1.6845
2013-01-09 23:06:00,0.0,-1.6845
2013-01-09 23:07:00,0.0,-1.6845
2013-01-09 23:08:00,0.0,-2.162
2013-01-09 23:09:00,0.0,-2.3585
2013-01-09 23:10:00,0.0,-2.555
2013-01-09 23:11:00,0.0,-3.0325
2013-01-09 23:12:00,0.0,-3.0325
2013-01-09 23:13:00,0.0,-3.0325
2013-01-09 23:14:00,0.0,-3.0325
2013-01-09 23:15:00,0.0,-2.892
2013-01-09 23:16:00,0.0,-2.3585
2013-01-09 23:17:00,0.0,-2.3585
2013-01-09 23:18:00,0.0,-2.3585
2013-01-09 23:19:00,0.0,-2.3585
2013-01-09 23:20:00,0.0,-2.0215
2013-01-09 23:21:00,0.0,-1.6845
2013-01-09 23:22:00,0.0,-1.6845
2013-01-09 23:23:00,0.0,-1.6845
2013-01-09 23:24:00,0.0,-1.6845
2013-01-09 23:25:00,0.0,-1.6845
2013-01-09 23:26:00,0.0,-1.095
2013-01-09 23:27:00,0.0,-1.011
2013-01-09 23:28:00,0.0,-1.46
2013-01-09 23:29:00,0.0,-1.46
2013-01-09 23:30:00,0.0,-1.2635
2013-01-09 23:31:00,0.0,-1.6285
2013-01-09 23:32:00,0.0,-1.6565
2013-01-09 23:33:00,0.0,-1.6005
2013-01-09 23:34:00,0.0,-1.2635
2013-01-09 23:35:00,0.0,-1.46
2013-01-09 23:36:00,0.0,-1.6005
2013-01-09 23:37:00,0.0,-1.544
2013-01-09 23:38:00,0.0,-1.432
2013-01-09 23:39:00,0.0,-1.432
2013-01-09 23:40:00,0.0,-1.404
2013-01-09 23:41:00,0.0,-1.011
2013-01-09 23:42:00,0.0,-1.067
2013-01-09 23:43:00,0.0,-1.011
2013-01-09 23:44:00,0.0,-1.039
2013-01-09 23:45:00,0.0,-1.011
2013-01-09 23:46:00,0.0,-1.095
2013-01-09 23:47:00,0.0,-1.3475
2013-01-09 23:48:00,0.0,-1.516
2013-01-09 23:49:00,0.0,-1.6565
2013-01-09 23:50:00,0.0,-1.6845
2013-01-09 23:51:00,0.0,-1.6565
2013-01-09 23:52:00,0.0,-1.5445
2013-01-09 23:53:00,0.0,-1.5725
2013-01-09 23:54:00,0.0,-1.6565
2013-01-09 23:55:00,0.0,-1.6845
2013-01-09 23:56:00,0.0,-1.6845
2013-01-09 23:57:00,0.0,-1.6845
2013-01-09 23:58:00,0.0,-1.6845
2013-01-09 23:59:00,0.0,-1.825
2013-01-10 00:00:00,0.0,-2.3585
2013-01-10 00:01:00,0.0,-2.3585
2013-01-10 00:02:00,0.0,-2.3585
2013-01-10 00:03:00,0.0,-2.3585
2013-01-10 00:04:00,0.0,-2.2745
2013-01-10 00:05:00,0.0,-1.9935
2013-01-10 00:06:00,0.0,-1.6845
2013-01-10 00:07:00,0.0,-1.6845
2013-01-10 00:08:00,0.0,-1.6845
2013-01-10 00:09:00,0.0,-1.6845
2013-01-10 00:10:00,0.0,-1.6845
2013-01-10 00:11:00,0.0,-1.6845
2013-01-10 00:12:00,0.0,-1.6845
2013-01-10 00:13:00,0.0,-1.6845
2013-01-10 00:14:00,0.0,-1.6845
2013-01-10 00:15:00,0.0,-1.6845
2013-01-10 00:16:00,0.0,-1.6845
2013-01-10 00:17:00,0.0,-1.6845
2013-01-10 00:18:00,0.0,-1.6845
2013-01-10 00:19:00,0.0,-1.6845
2013-01-10 00:20:00,0.0,-1.6845
2013-01-10 00:21:00,0.0,-1.6845
2013-01-10 00:22:00,0.0,-1.6845
2013-01-10 00:23:00,0.0,-1.6845
2013-01-10 00:24:00,0.0,-1.6565
2013-01-10 00:25:00,0.0,-1.6845
2013-01-10 00:26:00,0.0,-1.6845
2013-01-10 00:27:00,0.0,-2.2745
2013-01-10 00:28:00,0.0,-2.3585
2013-01-10 00:29:00,0.0,-2.3585
2013-01-10 00:30:00,0.0,-2.443
2013-01-10 00:31:00,0.0,-3.0325
2013-01-10 00:32:00,0.0,-3.0325
2013-01-10 00:33:00,0.0,-3.0325
2013-01-10 00:34:00,0.0,-3.0325
2013-01-10 00:35:00,0.0,-2.892
2013-01-10 00:36:00,0.0,-2.3585
2013-01-10 00:37:00,0.0,-2.3585
2013-01-10 00:38:00,0.0,-2.3585
2013-01-10 00:39:00,0.0,-2.3585
2013-01-10 00:40:00,0.0,-2.19
2013-01-10 00:41:00,0.0,-1.685
2013-01-10 00:42:00,0.0,-1.685
2013-01-10 00:43:00,0.0,-1.685
2013-01-10 00:44:00,0.0,-1.685
2013-01-10 00:45:00,0.0,-1.685
2013-01-10 00:46:00,0.0,-1.685
2013-01-10 00:47:00,0.0,-1.5445
2013-01-10 00:48:00,0.0,-1.011
2013-01-10 00:49:00,0.0,-1.011
2013-01-10 00:50:00,0.0,-1.011
2013-01-10 00:51:00,0.0,-1.011
2013-01-10 00:52:00,0.0,-1.011
2013-01-10 00:53:00,0.0,-1.011
2013-01-10 00:54:00,0.0,-1.6285
2013-01-10 00:55:00,0.0,-1.685
2013-01-10 00:56:00,0.0,-1.8255
2013-01-10 00:57:00,0.0,-2.359
2013-01-10 00:58:00,0.0,-2.359
2013-01-10 00:59:00,0.0,-2.134
2013-01-10 01:00:00,0.0,-1.685
2013-01-10 01:01:00,0.0,-1.685
2013-01-10 01:02:00,0.0,-1.685
2013-01-10 01:03:00,0.0,-1.685
2013-01-10 01:04:00,0.0,-1.685
2013-01-10 01:05:00,0.0,-1.685
2013-01-10 01:06:00,0.0,-1.657
2013-01-10 01:07:00,0.0,-1.4885
2013-01-10 01:08:00,0.0,-1.376
2013-01-10 01:09:00,0.0,-1.685
2013-01-10 01:10:00,0.0,-1.7695
2013-01-10 01:11:00,0.0,-2.275
2013-01-10 01:12:00,0.0,-2.331
2013-01-10 01:13:00,0.0,-2.1905
2013-01-10 01:14:00,0.0,-1.7975
2013-01-10 01:15:00,0.0,-1.685
2013-01-10 01:16:00,0.0,-1.657
2013-01-10 01:17:00,0.0,-1.2075
2013-01-10 01:18:00,0.0,-1.011
2013-01-10 01:19:00,0.0,-1.011
2013-01-10 01:20:00,0.0,-1.011
2013-01-10 01:21:00,0.0,-1.011
2013-01-10 01:22:00,0.0,-1.011
2013-01-10 01:23:00,0.0,-1.011
2013-01-10 01:24:00,0.0,-1.011
2013-01-10 01:25:00,0.0,-1.011
2013-01-10 01:26:00,0.0,-1.011
2013-01-10 01:27:00,0.0,-1.011
2013-01-10 01:28:00,0.0,-1.011
2013-01-10 01:29:00,0.0,-1.32
2013-01-10 01:30:00,0.0,-1.685
2013-01-10 01:31:00,0.0,-1.685
2013-01-10 01:32:00,0.0,-1.685
2013-01-10 01:33:00,0.0,-1.685
2013-01-10 01:34:00,0.0,-1.685
2013-01-10 01:35:00,0.0,-1.685
2013-01-10 01:36:00,0.0,-1.685
2013-01-10 01:37:00,0.0,-1.685
2013-01-10 01:38:00,0.0,-1.685
2013-01-10 01:39:00,0.0,-1.685
2013-01-10 01:40:00,0.0,-1.685
2013-01-10 01:41:00,0.0,-1.685
2013-01-10 01:42:00,0.0,-1.685
2013-01-10 01:43:00,0.0,-1.685
2013-01-10 01:44:00,0.0,-1.685
2013-01-10 01:45:00,0.0,-1.685
2013-01-10 01:46:00,0.0,-1.685
2013-01-10 01:47:00,0.0,-1.685
2013-01-10 01:48:00,0.0,-1.685
2013-01-10 01:49:00,0.0,-1.685
2013-01-10 01:50:00,0.0,-1.685
2013-01-10 01:51:00,0.0,-1.685
2013-01-10 01:52:00,0.0,-1.685
2013-01-10 01:53:00,0.0,-1.685
2013-01-10 01:54:00,0.0,-1.685
2013-01-10 01:55:00,0.0,-1.685
2013-01-10 01:56:00,0.0,-1.685
2013-01-10 01:57:00,0.0,-1.685
2013-01-10 01:58:00,0.0,-1.685
2013-01-10 01:59:00,0.0,-1.685
2013-01-10 02:00:00,0.0,-1.685
2013-01-10 02:01:00,0.0,-1.685
2013-01-10 02:02:00,0.0,-1.685
2013-01-10 02:03:00,0.0,-1.685
2013-01-10 02:04:00,0.0,-1.685
2013-01-10 02:05:00,0.0,-1.685
2013-01-10 02:06:00,0.0,-1.685
2013-01-10 02:07:00,0.0,-1.685
2013-01-10 02:08:00,0.0,-1.685
2013-01-10 02:09:00,0.0,-1.685
2013-01-10 02:10:00,0.0,-1.685
2013-01-10 02:11:00,0.0,-1.685
2013-01-10 02:12:00,0.0,-1.685
2013-01-10 02:13:00,0.0,-1.685
2013-01-10 02:14:00,0.0,-1.685
2013-01-10 02:15:00,0.0,-1.685
2013-01-10 02:16:00,0.0,-1.685
2013-01-10 02:17:00,0.0,-1.685
2013-01-10 02:18:00,0.0,-1.685
2013-01-10 02:19:00,0.0,-1.9095
2013-01-10 02:20:00,0.0,-2.359
2013-01-10 02:21:00,0.0,-2.359
2013-01-10 02:22:00,0.0,-2.359
2013-01-10 02:23:00,0.0,-2.359
2013-01-10 02:24:00,0.0,-2.359
2013-01-10 02:25:00,0.0,-2.2185
2013-01-10 02:26:00,0.0,-1.769
2013-01-10 02:27:00,0.0,-1.685
2013-01-10 02:28:00,0.0,-1.685
2013-01-10 02:29:00,0.0,-1.685
2013-01-10 02:30:00,0.0,-1.685
2013-01-10 02:31:00,0.0,-1.685
2013-01-10 02:32:00,0.0,-2.078
2013-01-10 02:33:00,0.0,-2.359
2013-01-10 02:34:00,0.0,-2.359
2013-01-10 02:35:00,0.0,-2.359
2013-01-10 02:36:00,0.0,-2.359
2013-01-10 02:37:00,0.0,-2.359
2013-01-10 02:38:00,0.0,-2.359
2013-01-10 02:39:00,0.0,-2.359
2013-01-10 02:40:00,0.0,-2.359
2013-01-10 02:41:00,0.0,-2.1345
2013-01-10 02:42:00,0.0,-1.685
2013-01-10 02:43:00,0.0,-1.685
2013-01-10 02:44:00,0.0,-1.685
2013-01-10 02:45:00,0.0,-1.685
2013-01-10 02:46:00,0.0,-1.685
2013-01-10 02:47:00,0.0,-1.685
2013-01-10 02:48:00,0.0,-1.685
2013-01-10 02:49:00,0.0,-1.685
2013-01-10 02:50:00,0.0,-1.685
2013-01-10 02:51:00,0.0,-1.2075
2013-01-10 02:52:00,0.0,-1.011
2013-01-10 02:53:00,0.0,-1.011
2013-01-10 02:54:00,0.0,-1.011
2013-01-10 02:55:00,0.0,-1.011
2013-01-10 02:56:00,0.0,-1.011
2013-01-10 02:57:00,0.0,-1.011
2013-01-10 02:58:00,0.0,-1.011
2013-01-10 02:59:00,0.0,-1.011
2013-01-10 03:00:00,0.0,-1.011
2013-01-10 03:01:00,0.0,-1.011
2013-01-10 03:02:00,0.0,-1.011
2013-01-10 03:03:00,0.0,-1.011
2013-01-10 03:04:00,0.0,-1.011
2013-01-10 03:05:00,0.0,-1.376
2013-01-10 03:06:00,0.0,-1.601
2013-01-10 03:07:00,0.0,-1.3765
2013-01-10 03:08:00,0.0,-1.657
2013-01-10 03:09:00,0.0,-1.5165
2013-01-10 03:10:00,0.0,-1.0675
2013-01-10 03:11:00,0.0,-1.011
2013-01-10 03:12:00,0.0,-1.208
2013-01-10 03:13:00,0.0,-1.1235
2013-01-10 03:14:00,0.0,-1.4885
2013-01-10 03:15:00,0.0,-1.685
2013-01-10 03:16:00,0.0,-1.685
2013-01-10 03:17:00,0.0,-1.685
2013-01-10 03:18:00,0.0,-1.657
2013-01-10 03:19:00,0.0,-1.264
2013-01-10 03:20:00,0.0,-1.1235
2013-01-10 03:21:00,0.0,-1.011
2013-01-10 03:22:00,0.0,-1.011
2013-01-10 03:23:00,0.0,-1.011
2013-01-10 03:24:00,0.0,-1.011
2013-01-10 03:25:00,0.0,-1.011
2013-01-10 03:26:00,0.0,-1.011
2013-01-10 03:27:00,0.0,-1.039
2013-01-10 03:28:00,0.0,-1.32
2013-01-10 03:29:00,0.0,-1.236
2013-01-10 03:30:00,0.0,-1.657
2013-01-10 03:31:00,0.0,-1.685
2013-01-10 03:32:00,0.0,-1.685
2013-01-10 03:33:00,0.0,-1.685
2013-01-10 03:34:00,0.0,-1.685
2013-01-10 03:35:00,0.0,-1.685
2013-01-10 03:36:00,0.0,-1.685
2013-01-10 03:37:00,0.0,-1.685
2013-01-10 03:38:00,0.0,-1.685
2013-01-10 03:39:00,0.0,-1.685
2013-01-10 03:40:00,0.0,-1.685
2013-01-10 03:41:00,0.0,-1.685
2013-01-10 03:42:00,0.0,-1.685
2013-01-10 03:43:00,0.0,-1.685
2013-01-10 03:44:00,0.0,-1.685
2013-01-10 03:45:00,0.0,-1.685
2013-01-10 03:46:00,0.0,-1.685
2013-01-10 03:47:00,0.0,-1.685
2013-01-10 03:48:00,0.0,-1.685
2013-01-10 03:49:00,0.0,-1.685
2013-01-10 03:50:00,0.0,-1.685
2013-01-10 03:51:00,0.0,-1.685
2013-01-10 03:52:00,0.0,-1.4605
2013-01-10 03:53:00,0.0,-1.292
2013-01-10 03:54:00,0.0,-1.4325
2013-01-10 03:55:00,0.0,-1.039
2013-01-10 03:56:00,0.0,-1.011
2013-01-10 03:57:00,0.0,-1.011
2013-01-10 03:58:00,0.0,-1.011
2013-01-10 03:59:00,0.0,-1.4045
2013-01-10 04:00:00,0.0,-1.7975
2013-01-10 04:01:00,0.0,-1.8255
2013-01-10 04:02:00,0.0,-1.685
2013-01-10 04:03:00,0.0,-1.685
2013-01-10 04:04:00,0.0,-1.685
2013-01-10 04:05:00,0.0,-1.685
2013-01-10 04:06:00,0.0,-2.275
2013-01-10 04:07:00,0.0,-2.3595
2013-01-10 04:08:00,0.0,-2.584
2013-01-10 04:09:00,0.0,-3.0055
2013-01-10 04:10:00,0.0,-2.949
2013-01-10 04:11:00,0.0,-2.3595
2013-01-10 04:12:00,0.0,-2.3595
2013-01-10 04:13:00,0.0,-1.882
2013-01-10 04:14:00,0.0,-1.685
2013-01-10 04:15:00,0.0,-1.685
2013-01-10 04:16:00,0.0,-1.685
2013-01-10 04:17:00,0.0,-1.685
2013-01-10 04:18:00,0.0,-1.685
2013-01-10 04:19:00,0.0,-1.685
2013-01-10 04:20:00,0.0,-1.685
2013-01-10 04:21:00,0.0,-1.685
2013-01-10 04:22:00,0.0,-1.685
2013-01-10 04:23:00,0.0,-1.685
2013-01-10 04:24:00,0.0,-1.7135
2013-01-10 04:25:00,0.0,-2.191
2013-01-10 04:26:00,0.0,-2.3595
2013-01-10 04:27:00,0.0,-2.303
2013-01-10 04:28:00,0.0,-2.219
2013-01-10 04:29:00,0.0,-2.1345
2013-01-10 04:30:00,0.0,-1.685
2013-01-10 04:31:00,0.0,-1.685
2013-01-10 04:32:00,0.0,-1.685
2013-01-10 04:33:00,0.0,-1.685
2013-01-10 04:34:00,0.0,-1.685
2013-01-10 04:35:00,0.0,-1.685
2013-01-10 04:36:00,0.0,-1.685
2013-01-10 04:37:00,0.0,-1.601
2013-01-10 04:38:00,0.0,-1.4605
2013-01-10 04:39:00,0.0,-1.1795
2013-01-10 04:40:00,0.0,-1.011
2013-01-10 04:41:00,0.0,-1.629
2013-01-10 04:42:00,0.0,-1.685
2013-01-10 04:43:00,0.0,-1.685
2013-01-10 04:44:00,0.0,-1.685
2013-01-10 04:45:00,0.0,-1.685
2013-01-10 04:46:00,0.0,-1.685
2013-01-10 04:47:00,0.0,-2.191
2013-01-10 04:48:00,0.0,-2.3595
2013-01-10 04:49:00,0.0,-2.3595
2013-01-10 04:50:00,0.0,-2.3595
2013-01-10 04:51:00,0.0,-2.3595
2013-01-10 04:52:00,0.0,-2.556
2013-01-10 04:53:00,0.0,-2.8085
2013-01-10 04:54:00,0.0,-2.949
2013-01-10 04:55:00,0.0,-2.7245
2013-01-10 04:56:00,0.0,-2.6965
2013-01-10 04:57:00,0.0,-2.4715
2013-01-10 04:58:00,0.0,-2.3595
2013-01-10 04:59:00,0.0,-2.3595
2013-01-10 05:00:00,0.0,-2.3595
2013-01-10 05:01:00,0.0,-2.3595
2013-01-10 05:02:00,0.0,-2.3595
2013-01-10 05:03:00,0.0,-2.3595
2013-01-10 05:04:00,0.0,-2.3595
2013-01-10 05:05:00,0.0,-2.3595
2013-01-10 05:06:00,0.0,-2.3315
2013-01-10 05:07:00,0.0,-2.1345
2013-01-10 05:08:00,0.0,-1.685
2013-01-10 05:09:00,0.0,-1.6855
2013-01-10 05:10:00,0.0,-1.6855
2013-01-10 05:11:00,0.0,-1.6855
2013-01-10 05:12:00,0.0,-1.6855
2013-01-10 05:13:00,0.0,-1.6855
2013-01-10 05:14:00,0.0,-1.6855
2013-01-10 05:15:00,0.0,-1.6855
2013-01-10 05:16:00,0.0,-1.657
2013-01-10 05:17:00,0.0,-1.545
2013-01-10 05:18:00,0.0,-1.1795
2013-01-10 05:19:00,0.0,-1.208
2013-01-10 05:20:00,0.0,-1.236
2013-01-10 05:21:00,0.0,-1.3765
2013-01-10 05:22:00,0.0,-1.208
2013-01-10 05:23:00,0.0,-1.011
2013-01-10 05:24:00,0.0,-1.011
2013-01-10 05:25:00,0.0,-1.011
2013-01-10 05:26:00,0.0,-1.011
2013-01-10 05:27:00,0.0,-1.011
2013-01-10 05:28:00,0.0,-1.011
2013-01-10 05:29:00,0.0,-1.0395
2013-01-10 05:30:00,0.0,-1.601
2013-01-10 05:31:00,0.0,-1.6855
2013-01-10 05:32:00,0.0,-1.6855
2013-01-10 05:33:00,0.0,-1.6855
2013-01-10 05:34:00,0.0,-1.6855
2013-01-10 05:35:00,0.0,-1.6855
2013-01-10 05:36:00,0.0,-1.7415
2013-01-10 05:37:00,0.0,-1.7695
2013-01-10 05:38:00,0.0,-1.6855
2013-01-10 05:39:00,0.0,-1.545
2013-01-10 05:40:00,0.0,-1.348
2013-01-10 05:41:00,0.0,-1.4605
2013-01-10 05:42:00,0.0,-1.545
2013-01-10 05:43:00,0.0,-1.517
2013-01-10 05:44:00,0.0,-1.629
2013-01-10 05:45:00,0.0,-1.0675
2013-01-10 05:46:00,0.0,-1.011
2013-01-10 05:47:00,0.0,-1.011
2013-01-10 05:48:00,0.0,-1.011
2013-01-10 05:49:00,0.0,-1.011
2013-01-10 05:50:00,0.0,-1.011
2013-01-10 05:51:00,0.0,-1.011
2013-01-10 05:52:00,0.0,-1.011
2013-01-10 05:53:00,0.0,-1.545
2013-01-10 05:54:00,0.0,-1.6855
2013-01-10 05:55:00,0.0,-1.6855
2013-01-10 05:56:00,0.0,-1.6855
2013-01-10 05:57:00,0.0,-1.6855
2013-01-10 05:58:00,0.0,-1.7135
2013-01-10 05:59:00,0.0,-1.826
2013-01-10 06:00:00,0.0,-1.91
2013-01-10 06:01:00,0.0,-1.6855
2013-01-10 06:02:00,0.0,-1.6855
2013-01-10 06:03:00,0.0,-1.6855
2013-01-10 06:04:00,0.0,-1.6855
2013-01-10 06:05:00,0.0,-1.6855
2013-01-10 06:06:00,0.0,-2.0785
2013-01-10 06:07:00,0.0,-2.3595
2013-01-10 06:08:00,0.0,-2.3595
2013-01-10 06:09:00,0.0,-2.3595
2013-01-10 06:10:00,0.0,-2.3595
2013-01-10 06:11:00,0.0,-2.3595
2013-01-10 06:12:00,0.0,-2.275
2013-01-10 06:13:00,0.0,-1.7695
2013-01-10 06:14:00,0.0,-1.6855
2013-01-10 06:15:00,0.0,-1.6855
2013-01-10 06:16:00,0.0,-1.6855
2013-01-10 06:17:00,0.0,-1.4885
2013-01-10 06:18:00,0.0,-1.0955
2013-01-10 06:19:00,0.0,-1.011
2013-01-10 06:20:00,0.0,-1.011
2013-01-10 06:21:00,0.0,-1.3485
2013-01-10 06:22:00,0.0,-1.6855
2013-01-10 06:23:00,0.0,-1.6855
2013-01-10 06:24:00,0.0,-1.6855
2013-01-10 06:25:00,0.0,-1.6855
2013-01-10 06:26:00,0.0,-1.6855
2013-01-10 06:27:00,0.0,-1.6855
2013-01-10 06:28:00,0.0,-1.6855
2013-01-10 06:29:00,0.0,-1.6855
2013-01-10 06:30:00,0.0,-1.6855
2013-01-10 06:31:00,0.0,-1.6855
2013-01-10 06:32:00,0.0,-1.6855
2013-01-10 06:33:00,0.0,-1.6855
2013-01-10 06:34:00,0.0,-1.6855
2013-01-10 06:35:00,0.0,-1.6855
2013-01-10 06:36:00,0.0,-1.6855
2013-01-10 06:37:00,0.0,-1.6855
2013-01-10 06:38:00,0.0,-1.6855
2013-01-10 06:39:00,0.0,-1.657
2013-01-10 06:40:00,0.0,-1.6575
2013-01-10 06:41:00,0.0,-1.6855
2013-01-10 06:42:00,0.0,-1.6855
2013-01-10 06:43:00,0.0,-1.6855
2013-01-10 06:44:00,0.0,-1.6855
2013-01-10 06:45:00,0.0,-1.6855
2013-01-10 06:46:00,0.0,-1.6855
2013-01-10 06:47:00,0.0,-1.6855
2013-01-10 06:48:00,0.0,-1.6855
2013-01-10 06:49:00,0.0,-1.573
2013-01-10 06:50:00,0.0,-1.32
2013-01-10 06:51:00,0.0,-1.264
2013-01-10 06:52:00,0.0,-1.0675
2013-01-10 06:53:00,0.0,-1.0675
2013-01-10 06:54:00,0.0,-1.0115
2013-01-10 06:55:00,0.0,-1.0115
2013-01-10 06:56:00,0.0,-1.0115
2013-01-10 06:57:00,0.0,-0.9485000000000001
2013-01-10 06:58:00,0.0,-0.896
2013-01-10 06:59:00,0.0,-0.8855000000000001
2013-01-10 07:00:00,0.0,-0.8225
2013-01-10 07:01:00,0.0,-0.7595000000000001
2013-01-10 07:02:00,0.0,-0.7595000000000001
2013-01-10 07:03:00,0.0,-0.7595000000000001
2013-01-10 07:04:00,0.0,-0.686
2013-01-10 07:05:00,0.0,-0.4155
2013-01-10 07:06:00,0.0,-0.055499999999999994
2013-01-10 07:07:00,0.0,0.4285
2013-01-10 07:08:00,0.0,1.06
2013-01-10 07:09:00,0.0,1.165
2013-01-10 07:10:00,0.0,1.9295
2013-01-10 07:11:00,0.0,2.928
2013-01-10 07:12:00,0.0,4.712
2013-01-10 07:13:00,0.412,7.0295
2013-01-10 07:14:00,12.96,9.1935
2013-01-10 07:15:00,6.257,10.530000000000001
2013-01-10 07:16:00,6.488,11.425
2013-01-10 07:17:00,2.436,12.05
2013-01-10 07:18:00,5.683,12.655000000000001
2013-01-10 07:19:00,6.385,12.655000000000001
2013-01-10 07:20:00,8.4,12.079999999999998
2013-01-10 07:21:00,6.4,11.39
2013-01-10 07:22:00,6.169,11.135
2013-01-10 07:23:00,9.57,15.82
2013-01-10 07:24:00,9.74,29.39
2013-01-10 07:25:00,40.81,52.285
2013-01-10 07:26:00,69.41,73.58000000000001
2013-01-10 07:27:00,90.5,91.55000000000001
2013-01-10 07:28:00,106.4,101.65
2013-01-10 07:29:00,126.0,110.55000000000001
2013-01-10 07:30:00,126.8,120.15
2013-01-10 07:31:00,148.6,130.14999999999998
2013-01-10 07:32:00,163.1,134.0
2013-01-10 07:33:00,152.4,126.15
2013-01-10 07:34:00,127.4,111.35
2013-01-10 07:35:00,120.7,97.8
2013-01-10 07:36:00,93.5,79.35
2013-01-10 07:37:00,75.39,59.66
2013-01-10 07:38:00,79.87,59.504999999999995
2013-01-10 07:39:00,90.4,70.305
2013-01-10 07:40:00,105.7,80.16
2013-01-10 07:41:00,135.8,101.05
2013-01-10 07:42:00,162.9,117.2
2013-01-10 07:43:00,162.9,118.35
2013-01-10 07:44:00,165.2,123.25
2013-01-10 07:45:00,189.4,133.75
2013-01-10 07:46:00,203.0,147.55
2013-01-10 07:47:00,200.1,149.0
2013-01-10 07:48:00,199.1,145.35000000000002
2013-01-10 07:49:00,199.3,136.95
2013-01-10 07:50:00,198.6,135.89999999999998
2013-01-10 07:51:00,212.5,150.8
2013-01-10 07:52:00,217.3,162.60000000000002
2013-01-10 07:53:00,230.7,168.39999999999998
2013-01-10 07:54:00,286.6,206.10000000000002
2013-01-10 07:55:00,326.2,232.60000000000002
2013-01-10 07:56:00,365.5,259.70000000000005
2013-01-10 07:57:00,394.5,274.20000000000005
2013-01-10 07:58:00,398.0,278.65
2013-01-10 07:59:00,436.4,303.1
2013-01-10 08:00:00,514.4,357.65
2013-01-10 08:01:00,554.8,386.4
2013-01-10 08:02:00,557.9,385.20000000000005
2013-01-10 08:03:00,503.2,345.9
2013-01-10 08:04:00,479.4,327.29999999999995
2013-01-10 08:05:00,391.9,267.04999999999995
2013-01-10 08:06:00,377.4,255.8
2013-01-10 08:07:00,315.9,214.64999999999998
2013-01-10 08:08:00,284.5,190.75
2013-01-10 08:09:00,292.8,193.6
2013-01-10 08:10:00,317.9,207.0
2013-01-10 08:11:00,302.8,199.55
2013-01-10 08:12:00,289.6,190.75
2013-01-10 08:13:00,273.0,178.4
2013-01-10 08:14:00,253.1,165.4
2013-01-10 08:15:00,239.8,154.60000000000002
2013-01-10 08:16:00,224.8,147.85000000000002
2013-01-10 08:17:00,235.6,150.8
2013-01-10 08:18:00,250.9,158.75
2013-01-10 08:19:00,262.4,167.15
2013-01-10 08:20:00,253.2,161.55
2013-01-10 08:21:00,253.3,158.5
2013-01-10 08:22:00,243.9,151.75
2013-01-10 08:23:00,219.3,141.6
2013-01-10 08:24:00,217.0,137.8
2013-01-10 08:25:00,216.6,137.8
2013-01-10 08:26:00,216.8,136.60000000000002
2013-01-10 08:27:00,223.0,139.9
2013-01-10 08:28:00,235.1,143.85000000000002
2013-01-10 08:29:00,250.3,150.05
2013-01-10 08:30:00,253.4,153.1
2013-01-10 08:31:00,253.6,154.7
2013-01-10 08:32:00,253.0,157.5
2013-01-10 08:33:00,261.8,160.89999999999998
2013-01-10 08:34:00,283.0,168.0
2013-01-10 08:35:00,290.0,171.0
2013-01-10 08:36:00,289.3,171.95
2013-01-10 08:37:00,276.7,165.85
2013-01-10 08:38:00,259.5,159.35000000000002
2013-01-10 08:39:00,256.2,158.85000000000002
2013-01-10 08:40:00,281.1,166.14999999999998
2013-01-10 08:41:00,287.3,168.45
2013-01-10 08:42:00,292.1,175.2
2013-01-10 08:43:00,298.9,179.4
2013-01-10 08:44:00,289.2,173.4
2013-01-10 08:45:00,286.7,166.39999999999998
2013-01-10 08:46:00,271.7,162.0
2013-01-10 08:47:00,271.4,158.64999999999998
2013-01-10 08:48:00,271.4,160.6
2013-01-10 08:49:00,286.4,165.05
2013-01-10 08:50:00,289.5,169.05
2013-01-10 08:51:00,299.2,175.5
2013-01-10 08:52:00,316.9,182.39999999999998
2013-01-10 08:53:00,324.3,186.7
2013-01-10 08:54:00,296.6,174.65
2013-01-10 08:55:00,288.9,167.75
2013-01-10 08:56:00,289.1,168.05
2013-01-10 08:57:00,289.3,167.05
2013-01-10 08:58:00,289.6,164.89999999999998
2013-01-10 08:59:00,289.4,165.45
2013-01-10 09:00:00,289.8,166.14999999999998
2013-01-10 09:01:00,289.5,165.45
2013-01-10 09:02:00,289.7,162.85000000000002
2013-01-10 09:03:00,289.3,162.0
2013-01-10 09:04:00,289.7,162.75
2013-01-10 09:05:00,289.2,163.8
2013-01-10 09:06:00,289.0,164.25
2013-01-10 09:07:00,289.1,163.85000000000002
2013-01-10 09:08:00,289.4,164.15
2013-01-10 09:09:00,288.6,161.45
2013-01-10 09:10:00,272.6,158.35000000000002
2013-01-10 09:11:00,271.2,156.05
2013-01-10 09:12:00,266.7,153.45
2013-01-10 09:13:00,253.2,149.65
2013-01-10 09:14:00,253.2,146.9
2013-01-10 09:15:00,252.9,148.3
2013-01-10 09:16:00,253.1,149.8
2013-01-10 09:17:00,253.2,148.3
2013-01-10 09:18:00,253.9,150.5
2013-01-10 09:19:00,254.6,151.3
2013-01-10 09:20:00,254.0,151.10000000000002
2013-01-10 09:21:00,253.0,149.55
2013-01-10 09:22:00,263.6,151.25
2013-01-10 09:23:00,254.1,150.25
2013-01-10 09:24:00,252.7,146.89999999999998
2013-01-10 09:25:00,253.3,146.5
2013-01-10 09:26:00,252.9,144.25
2013-01-10 09:27:00,250.0,141.65
2013-01-10 09:28:00,235.2,136.85
2013-01-10 09:29:00,225.9,133.35
2013-01-10 09:30:00,217.1,130.7
2013-01-10 09:31:00,216.9,128.7
2013-01-10 09:32:00,216.6,127.0
2013-01-10 09:33:00,217.3,125.44999999999999
2013-01-10 09:34:00,216.9,124.30000000000001
2013-01-10 09:35:00,217.1,123.69999999999999
2013-01-10 09:36:00,216.9,124.05
2013-01-10 09:37:00,217.1,124.3
2013-01-10 09:38:00,216.9,124.4
2013-01-10 09:39:00,216.9,124.44999999999999
2013-01-10 09:40:00,216.6,124.4
2013-01-10 09:41:00,216.8,124.3
2013-01-10 09:42:00,217.0,124.2
2013-01-10 09:43:00,217.0,123.85
2013-01-10 09:44:00,217.0,123.35
2013-01-10 09:45:00,216.9,123.80000000000001
2013-01-10 09:46:00,216.8,124.3
2013-01-10 09:47:00,217.0,125.0
2013-01-10 09:48:00,216.9,125.6
2013-01-10 09:49:00,216.4,126.55
2013-01-10 09:50:00,216.5,126.8
2013-01-10 09:51:00,217.2,127.05000000000001
2013-01-10 09:52:00,216.6,127.75
2013-01-10 09:53:00,217.0,127.85
2013-01-10 09:54:00,216.8,127.75
2013-01-10 09:55:00,216.6,126.85000000000001
2013-01-10 09:56:00,216.7,126.05000000000001
2013-01-10 09:57:00,216.3,125.4
2013-01-10 09:58:00,216.9,124.8
2013-01-10 09:59:00,217.0,124.2
2013-01-10 10:00:00,217.2,123.3
2013-01-10 10:01:00,216.8,121.95
2013-01-10 10:02:00,217.5,120.75
2013-01-10 10:03:00,217.2,120.45
2013-01-10 10:04:00,216.9,120.8
2013-01-10 10:05:00,217.0,121.95
2013-01-10 10:06:00,216.4,123.7
2013-01-10 10:07:00,216.6,125.44999999999999
2013-01-10 10:08:00,216.6,127.0
2013-01-10 10:09:00,217.2,128.15
2013-01-10 10:10:00,218.5,128.5
2013-01-10 10:11:00,219.1,128.6
2013-01-10 10:12:00,220.3,128.5
2013-01-10 10:13:00,217.5,127.6
2013-01-10 10:14:00,216.8,126.65
2013-01-10 10:15:00,216.7,125.9
2013-01-10 10:16:00,216.8,125.05
2013-01-10 10:17:00,216.8,125.65
2013-01-10 10:18:00,216.5,126.35
2013-01-10 10:19:00,216.8,127.39999999999999
2013-01-10 10:20:00,228.7,128.6
2013-01-10 10:21:00,234.7,129.7
2013-01-10 10:22:00,234.9,130.9
2013-01-10 10:23:00,234.9,132.65
2013-01-10 10:24:00,238.4,134.25
2013-01-10 10:25:00,251.7,135.7
2013-01-10 10:26:00,253.2,136.8
2013-01-10 10:27:00,252.9,137.65
2013-01-10 10:28:00,252.6,138.55
2013-01-10 10:29:00,252.6,139.15
2013-01-10 10:30:00,252.9,139.25
2013-01-10 10:31:00,252.8,138.55
2013-01-10 10:32:00,252.8,137.5
2013-01-10 10:33:00,253.1,136.45
2013-01-10 10:34:00,251.2,135.5
2013-01-10 10:35:00,245.5,134.95
2013-01-10 10:36:00,236.2,134.25
2013-01-10 10:37:00,236.0,133.7
2013-01-10 10:38:00,234.4,133.25
2013-01-10 10:39:00,234.8,133.7
2013-01-10 10:40:00,237.9,135.0
2013-01-10 10:41:00,252.8,136.75
2013-01-10 10:42:00,253.1,139.35000000000002
2013-01-10 10:43:00,252.6,142.15
2013-01-10 10:44:00,261.6,145.25
2013-01-10 10:45:00,271.0,147.75
2013-01-10 10:46:00,270.7,149.6
2013-01-10 10:47:00,272.1,151.0
2013-01-10 10:48:00,279.8,151.89999999999998
2013-01-10 10:49:00,276.0,152.64999999999998
2013-01-10 10:50:00,288.8,153.4
2013-01-10 10:51:00,289.4,153.9
2013-01-10 10:52:00,289.1,154.35000000000002
2013-01-10 10:53:00,289.3,155.15
2013-01-10 10:54:00,289.1,155.65
2013-01-10 10:55:00,289.2,157.75
2013-01-10 10:56:00,288.1,160.14999999999998
2013-01-10 10:57:00,297.0,163.05
2013-01-10 10:58:00,306.8,166.2
2013-01-10 10:59:00,309.3,168.55
2013-01-10 11:00:00,320.4,169.9
2013-01-10 11:01:00,324.7,170.1
2013-01-10 11:02:00,324.3,170.15
2013-01-10 11:03:00,321.1,169.95
2013-01-10 11:04:00,317.7,168.8
2013-01-10 11:05:00,308.0,167.85000000000002
2013-01-10 11:06:00,307.8,167.4
2013-01-10 11:07:00,307.5,165.55
2013-01-10 11:08:00,306.5,164.65
2013-01-10 11:09:00,306.0,163.45
2013-01-10 11:10:00,293.0,161.4
2013-01-10 11:11:00,290.8,160.2
2013-01-10 11:12:00,288.6,159.0
2013-01-10 11:13:00,288.9,157.6
2013-01-10 11:14:00,288.9,157.2
2013-01-10 11:15:00,289.3,157.14999999999998
2013-01-10 11:16:00,288.8,156.35000000000002
2013-01-10 11:17:00,288.4,155.4
2013-01-10 11:18:00,286.2,153.1
2013-01-10 11:19:00,272.3,149.85
2013-01-10 11:20:00,263.4,146.5
2013-01-10 11:21:00,252.7,143.85000000000002
2013-01-10 11:22:00,252.3,142.9
2013-01-10 11:23:00,252.8,143.14999999999998
2013-01-10 11:24:00,258.2,145.15
2013-01-10 11:25:00,270.7,149.15
2013-01-10 11:26:00,287.1,155.39999999999998
2013-01-10 11:27:00,295.5,162.2
2013-01-10 11:28:00,316.2,169.8
2013-01-10 11:29:00,330.9,178.85
2013-01-10 11:30:00,342.9,184.14999999999998
2013-01-10 11:31:00,355.9,186.8
2013-01-10 11:32:00,361.1,188.75
2013-01-10 11:33:00,361.5,188.65
2013-01-10 11:34:00,356.1,187.89999999999998
2013-01-10 11:35:00,343.6,184.10000000000002
2013-01-10 11:36:00,330.6,179.8
2013-01-10 11:37:00,324.5,175.0
2013-01-10 11:38:00,316.4,169.75
2013-01-10 11:39:00,300.5,164.65
2013-01-10 11:40:00,289.2,160.39999999999998
2013-01-10 11:41:00,288.7,157.5
2013-01-10 11:42:00,289.3,155.89999999999998
2013-01-10 11:43:00,288.5,155.5
2013-01-10 11:44:00,289.3,154.95
2013-01-10 11:45:00,288.5,154.95
2013-01-10 11:46:00,289.0,154.8
2013-01-10 11:47:00,288.6,154.7
2013-01-10 11:48:00,288.4,154.5
2013-01-10 11:49:00,288.9,153.64999999999998
2013-01-10 11:50:00,287.1,153.0
2013-01-10 11:51:00,279.8,151.55
2013-01-10 11:52:00,270.2,150.05
2013-01-10 11:53:00,270.6,148.75
2013-01-10 11:54:00,270.6,148.25
2013-01-10 11:55:00,270.8,147.3
2013-01-10 11:56:00,271.1,146.15
2013-01-10 11:57:00,257.4,143.8
2013-01-10 11:58:00,252.8,140.85
2013-01-10 11:59:00,252.8,138.60000000000002
2013-01-10 12:00:00,253.0,137.2
2013-01-10 12:01:00,253.1,136.25
2013-01-10 12:02:00,252.7,135.39999999999998
2013-01-10 12:03:00,252.8,134.14999999999998
2013-01-10 12:04:00,242.1,132.95
2013-01-10 12:05:00,236.1,132.39999999999998
2013-01-10 12:06:00,234.6,132.35
2013-01-10 12:07:00,239.2,132.5
2013-01-10 12:08:00,245.9,133.3
2013-01-10 12:09:00,253.0,133.95
2013-01-10 12:10:00,251.2,134.8
2013-01-10 12:11:00,252.9,134.2
2013-01-10 12:12:00,248.8,133.25
2013-01-10 12:13:00,236.1,131.45
2013-01-10 12:14:00,234.6,129.6
2013-01-10 12:15:00,234.6,127.75
2013-01-10 12:16:00,225.8,126.0
2013-01-10 12:17:00,216.8,124.35
2013-01-10 12:18:00,216.3,122.85
2013-01-10 12:19:00,216.6,121.35
2013-01-10 12:20:00,216.5,120.1
2013-01-10 12:21:00,216.8,119.85
2013-01-10 12:22:00,216.7,120.25
2013-01-10 12:23:00,216.4,121.25
2013-01-10 12:24:00,216.4,122.6
2013-01-10 12:25:00,216.6,124.35
2013-01-10 12:26:00,229.6,126.6
2013-01-10 12:27:00,234.6,128.5
2013-01-10 12:28:00,234.8,129.45
2013-01-10 12:29:00,234.9,128.35
2013-01-10 12:30:00,220.0,126.80000000000001
2013-01-10 12:31:00,216.4,124.9
2013-01-10 12:32:00,216.6,123.15
2013-01-10 12:33:00,216.9,121.55000000000001
2013-01-10 12:34:00,216.9,120.1
2013-01-10 12:35:00,216.6,119.1
2013-01-10 12:36:00,216.7,118.8
2013-01-10 12:37:00,216.8,119.6
2013-01-10 12:38:00,216.4,120.65
2013-01-10 12:39:00,216.3,122.1
2013-01-10 12:40:00,216.0,123.8
2013-01-10 12:41:00,216.7,125.2
2013-01-10 12:42:00,216.8,126.7
2013-01-10 12:43:00,228.3,128.85000000000002
2013-01-10 12:44:00,234.9,130.64999999999998
2013-01-10 12:45:00,234.6,131.95
2013-01-10 12:46:00,234.4,132.95
2013-01-10 12:47:00,234.7,132.85
2013-01-10 12:48:00,234.4,133.05
2013-01-10 12:49:00,234.5,133.85
2013-01-10 12:50:00,243.6,136.85000000000002
2013-01-10 12:51:00,252.7,142.0
2013-01-10 12:52:00,265.3,148.39999999999998
2013-01-10 12:53:00,286.3,157.14999999999998
2013-01-10 12:54:00,305.0,166.8
2013-01-10 12:55:00,325.1,176.0
2013-01-10 12:56:00,338.8,184.9
2013-01-10 12:57:00,361.5,194.85000000000002
2013-01-10 12:58:00,373.5,200.6
2013-01-10 12:59:00,379.3,203.1
2013-01-10 13:00:00,379.2,204.60000000000002
2013-01-10 13:01:00,383.6,206.25
2013-01-10 13:02:00,379.1,206.25
2013-01-10 13:03:00,380.0,206.7
2013-01-10 13:04:00,396.1,215.2
2013-01-10 13:05:00,399.9,219.45
2013-01-10 13:06:00,397.5,214.64999999999998
2013-01-10 13:07:00,397.5,214.55
2013-01-10 13:08:00,379.8,208.85
2013-01-10 13:09:00,370.3,205.25
2013-01-10 13:10:00,362.8,202.4
2013-01-10 13:11:00,362.2,203.5
2013-01-10 13:12:00,358.4,197.5
2013-01-10 13:13:00,348.6,192.2
2013-01-10 13:14:00,334.2,186.6
2013-01-10 13:15:00,325.9,182.05
2013-01-10 13:16:00,325.3,179.5
2013-01-10 13:17:00,325.1,180.65
2013-01-10 13:18:00,324.2,177.85000000000002
2013-01-10 13:19:00,325.6,176.2
2013-01-10 13:20:00,325.8,176.25
2013-01-10 13:21:00,324.8,179.05
2013-01-10 13:22:00,334.2,184.55
2013-01-10 13:23:00,324.4,177.60000000000002
2013-01-10 13:24:00,305.4,169.9
2013-01-10 13:25:00,295.0,167.15
2013-01-10 13:26:00,290.3,166.6
2013-01-10 13:27:00,288.2,166.6
2013-01-10 13:28:00,289.0,166.45
2013-01-10 13:29:00,288.2,163.10000000000002
2013-01-10 13:30:00,288.2,159.3
2013-01-10 13:31:00,275.4,155.1
2013-01-10 13:32:00,270.5,152.75
2013-01-10 13:33:00,270.9,152.3
2013-01-10 13:34:00,271.2,151.39999999999998
2013-01-10 13:35:00,264.7,148.85
2013-01-10 13:36:00,252.7,144.60000000000002
2013-01-10 13:37:00,252.5,140.4
2013-01-10 13:38:00,244.8,137.4
2013-01-10 13:39:00,234.3,135.65
2013-01-10 13:40:00,234.5,134.45
2013-01-10 13:41:00,234.7,134.35
2013-01-10 13:42:00,234.5,134.75
2013-01-10 13:43:00,247.8,136.0
2013-01-10 13:44:00,252.9,137.25
2013-01-10 13:45:00,252.8,138.75
2013-01-10 13:46:00,252.7,140.3
2013-01-10 13:47:00,252.6,141.15
2013-01-10 13:48:00,252.2,140.75
2013-01-10 13:49:00,252.9,139.3
2013-01-10 13:50:00,252.7,138.25
2013-01-10 13:51:00,252.4,138.15
2013-01-10 13:52:00,252.9,138.85
2013-01-10 13:53:00,252.4,140.1
2013-01-10 13:54:00,252.9,140.64999999999998
2013-01-10 13:55:00,252.4,141.75
2013-01-10 13:56:00,252.9,142.75
2013-01-10 13:57:00,252.7,142.85
2013-01-10 13:58:00,252.8,142.95
2013-01-10 13:59:00,252.8,143.2
2013-01-10 14:00:00,253.3,144.0
2013-01-10 14:01:00,252.8,143.85
2013-01-10 14:02:00,252.3,143.05
2013-01-10 14:03:00,252.8,140.5
2013-01-10 14:04:00,252.8,138.75
2013-01-10 14:05:00,252.8,137.7
2013-01-10 14:06:00,251.4,136.3
2013-01-10 14:07:00,237.2,134.35
2013-01-10 14:08:00,234.7,131.85
2013-01-10 14:09:00,228.6,129.35000000000002
2013-01-10 14:10:00,217.1,127.55000000000001
2013-01-10 14:11:00,216.3,125.35
2013-01-10 14:12:00,216.7,123.15
2013-01-10 14:13:00,216.3,121.6
2013-01-10 14:14:00,216.6,121.05000000000001
2013-01-10 14:15:00,216.4,121.25
2013-01-10 14:16:00,216.6,122.1
2013-01-10 14:17:00,216.6,123.95
2013-01-10 14:18:00,216.6,126.4
2013-01-10 14:19:00,226.8,129.35000000000002
2013-01-10 14:20:00,234.7,131.5
2013-01-10 14:21:00,234.8,132.45
2013-01-10 14:22:00,234.9,133.5
2013-01-10 14:23:00,239.9,136.2
2013-01-10 14:24:00,252.4,141.2
2013-01-10 14:25:00,252.7,146.05
2013-01-10 14:26:00,252.8,146.85
2013-01-10 14:27:00,263.8,149.9
2013-01-10 14:28:00,281.1,157.25
2013-01-10 14:29:00,313.7,176.25
2013-01-10 14:30:00,378.2,211.0
2013-01-10 14:31:00,363.3,205.6
2013-01-10 14:32:00,405.0,225.4
2013-01-10 14:33:00,447.5,248.14999999999998
2013-01-10 14:34:00,457.7,254.25
2013-01-10 14:35:00,450.7,250.6
2013-01-10 14:36:00,431.4,240.6
2013-01-10 14:37:00,438.5,245.95
2013-01-10 14:38:00,467.6,261.54999999999995
2013-01-10 14:39:00,444.1,249.9
2013-01-10 14:40:00,397.7,223.14999999999998
2013-01-10 14:41:00,386.8,216.8
2013-01-10 14:42:00,395.5,223.7
2013-01-10 14:43:00,409.1,230.7
2013-01-10 14:44:00,437.8,247.05
2013-01-10 14:45:00,424.3,239.0
2013-01-10 14:46:00,426.8,240.25
2013-01-10 14:47:00,420.1,237.89999999999998
2013-01-10 14:48:00,397.7,224.95
2013-01-10 14:49:00,413.6,236.8
2013-01-10 14:50:00,377.1,216.1
2013-01-10 14:51:00,352.0,201.65
2013-01-10 14:52:00,307.6,178.35
2013-01-10 14:53:00,280.3,160.2
2013-01-10 14:54:00,262.6,152.25
2013-01-10 14:55:00,252.3,146.89999999999998
2013-01-10 14:56:00,253.1,143.2
2013-01-10 14:57:00,235.9,138.10000000000002
2013-01-10 14:58:00,234.5,135.10000000000002
2013-01-10 14:59:00,217.7,133.15
2013-01-10 15:00:00,216.6,130.64999999999998
2013-01-10 15:01:00,216.1,128.85
2013-01-10 15:02:00,216.5,130.1
2013-01-10 15:03:00,216.4,128.5
2013-01-10 15:04:00,216.4,127.45
2013-01-10 15:05:00,216.6,125.75
2013-01-10 15:06:00,216.5,124.7
2013-01-10 15:07:00,216.7,124.80000000000001
2013-01-10 15:08:00,216.6,124.10000000000001
2013-01-10 15:09:00,216.8,123.25
2013-01-10 15:10:00,216.3,123.2
2013-01-10 15:11:00,216.4,123.85000000000001
2013-01-10 15:12:00,216.3,125.14999999999999
2013-01-10 15:13:00,233.0,127.35
2013-01-10 15:14:00,235.0,127.95
2013-01-10 15:15:00,250.1,129.2
2013-01-10 15:16:00,237.7,131.05
2013-01-10 15:17:00,235.5,131.55
2013-01-10 15:18:00,251.8,131.60000000000002
2013-01-10 15:19:00,252.5,133.55
2013-01-10 15:20:00,241.1,131.7
2013-01-10 15:21:00,234.8,130.1
2013-01-10 15:22:00,221.9,129.1
2013-01-10 15:23:00,216.6,129.85
2013-01-10 15:24:00,234.0,137.45
2013-01-10 15:25:00,240.8,138.45
2013-01-10 15:26:00,220.2,130.35
2013-01-10 15:27:00,216.8,131.25
2013-01-10 15:28:00,216.3,135.8
2013-01-10 15:29:00,216.2,128.35
2013-01-10 15:30:00,216.4,122.05
2013-01-10 15:31:00,215.3,117.3
2013-01-10 15:32:00,199.2,114.80000000000001
2013-01-10 15:33:00,198.6,114.6
2013-01-10 15:34:00,198.7,115.25
2013-01-10 15:35:00,198.7,113.5
2013-01-10 15:36:00,198.5,109.75
2013-01-10 15:37:00,198.6,107.05
2013-01-10 15:38:00,198.7,105.15
2013-01-10 15:39:00,192.3,104.25
2013-01-10 15:40:00,180.3,103.85
2013-01-10 15:41:00,183.5,105.30000000000001
2013-01-10 15:42:00,198.6,109.9
2013-01-10 15:43:00,198.8,117.85
2013-01-10 15:44:00,209.4,123.69999999999999
2013-01-10 15:45:00,216.5,133.55
2013-01-10 15:46:00,216.4,143.89999999999998
2013-01-10 15:47:00,216.6,136.7
2013-01-10 15:48:00,212.0,128.0
2013-01-10 15:49:00,210.4,128.95
2013-01-10 15:50:00,216.5,133.9
2013-01-10 15:51:00,215.3,132.65
2013-01-10 15:52:00,208.2,131.25
2013-01-10 15:53:00,216.3,136.5
2013-01-10 15:54:00,216.9,140.15
2013-01-10 15:55:00,214.9,129.3
2013-01-10 15:56:00,198.4,120.45
2013-01-10 15:57:00,198.7,116.65
2013-01-10 15:58:00,198.7,116.1
2013-01-10 15:59:00,179.8,109.9
2013-01-10 16:00:00,162.9,106.05
2013-01-10 16:01:00,162.4,106.5
2013-01-10 16:02:00,162.5,108.5
2013-01-10 16:03:00,162.3,109.65
2013-01-10 16:04:00,162.6,109.95
2013-01-10 16:05:00,162.5,105.35
2013-01-10 16:06:00,162.5,99.19999999999999
2013-01-10 16:07:00,153.8,92.65
2013-01-10 16:08:00,155.9,90.15
2013-01-10 16:09:00,162.5,87.62
2013-01-10 16:10:00,162.3,79.975
2013-01-10 16:11:00,162.4,73.44
2013-01-10 16:12:00,151.1,69.23
2013-01-10 16:13:00,143.7,66.015
2013-01-10 16:14:00,142.9,63.334999999999994
2013-01-10 16:15:00,126.3,60.834999999999994
2013-01-10 16:16:00,119.5,58.245000000000005
2013-01-10 16:17:00,98.5,55.69
2013-01-10 16:18:00,90.3,53.345
2013-01-10 16:19:00,90.2,51.11
2013-01-10 16:20:00,90.2,48.815
2013-01-10 16:21:00,90.2,46.585
2013-01-10 16:22:00,85.6,44.629999999999995
2013-01-10 16:23:00,72.94,42.7
2013-01-10 16:24:00,72.21,41.04
2013-01-10 16:25:00,69.83,39.715
2013-01-10 16:26:00,54.14,38.59
2013-01-10 16:27:00,54.08,37.125
2013-01-10 16:28:00,54.17,35.66
2013-01-10 16:29:00,54.15,34.215
2013-01-10 16:30:00,54.02,32.83
2013-01-10 16:31:00,54.08,31.630000000000003
2013-01-10 16:32:00,54.26,30.549999999999997
2013-01-10 16:33:00,54.21,29.485
2013-01-10 16:34:00,48.13,28.424999999999997
2013-01-10 16:35:00,36.13,26.51
2013-01-10 16:36:00,19.0,24.645
2013-01-10 16:37:00,4.699,22.990000000000002
2013-01-10 16:38:00,1.609,21.189999999999998
2013-01-10 16:39:00,2.318,19.575
2013-01-10 16:40:00,1.579,18.005
2013-01-10 16:41:00,2.993,16.34
2013-01-10 16:42:00,1.579,14.780000000000001
2013-01-10 16:43:00,3.039,13.434999999999999
2013-01-10 16:44:00,3.853,12.26
2013-01-10 16:45:00,3.032,11.23
2013-01-10 16:46:00,3.041,10.129999999999999
2013-01-10 16:47:00,2.103,9.1665
2013-01-10 16:48:00,3.051,8.2425
2013-01-10 16:49:00,0.724,7.266
2013-01-10 16:50:00,0.0,6.182
2013-01-10 16:51:00,0.0,5.167
2013-01-10 16:52:00,0.0,4.2775
2013-01-10 16:53:00,0.0,3.5149999999999997
2013-01-10 16:54:00,0.0,2.871
2013-01-10 16:55:00,0.0,2.4135
2013-01-10 16:56:00,0.0,1.58
2013-01-10 16:57:00,0.0,1.1005
2013-01-10 16:58:00,0.0,0.891
2013-01-10 16:59:00,0.0,0.2985
2013-01-10 17:00:00,0.0,-0.023499999999999965
2013-01-10 17:01:00,0.0,-0.044499999999999984
2013-01-10 17:02:00,0.0,-0.118
2013-01-10 17:03:00,0.0,-0.26499999999999996
2013-01-10 17:04:00,0.0,-0.6325000000000001
2013-01-10 17:05:00,0.0,-0.6325000000000001
2013-01-10 17:06:00,0.0,-0.8570000000000001
2013-01-10 17:07:00,0.0,-1.404
2013-01-10 17:08:00,0.0,-1.432
2013-01-10 17:09:00,0.0,-1.432
2013-01-10 17:10:00,0.0,-1.432
2013-01-10 17:11:00,0.0,-1.432
2013-01-10 17:12:00,0.0,-1.5055
2013-01-10 17:13:00,0.0,-1.5575
2013-01-10 17:14:00,0.0,-1.5575
2013-01-10 17:15:00,0.0,-1.5295
2013-01-10 17:16:00,0.0,-1.589
2013-01-10 17:17:00,0.0,-1.6625
2013-01-10 17:18:00,0.0,-1.684
2013-01-10 17:19:00,0.0,-1.5435
2013-01-10 17:20:00,0.0,-1.235
2013-01-10 17:21:00,0.0,-1.0105
2013-01-10 17:22:00,0.0,-1.0105
2013-01-10 17:23:00,0.0,-1.0105
2013-01-10 17:24:00,0.0,-1.0105
2013-01-10 17:25:00,0.0,-1.0105
2013-01-10 17:26:00,0.0,-1.0105
2013-01-10 17:27:00,0.0,-1.0105
2013-01-10 17:28:00,0.0,-1.0105
2013-01-10 17:29:00,0.0,-1.0105
2013-01-10 17:30:00,0.0,-1.0105
2013-01-10 17:31:00,0.0,-1.0105
2013-01-10 17:32:00,0.0,-1.0105
2013-01-10 17:33:00,0.0,-1.0105
2013-01-10 17:34:00,0.0,-1.0105
2013-01-10 17:35:00,0.0,-1.0105
2013-01-10 17:36:00,0.0,-1.0385
2013-01-10 17:37:00,0.0,-1.0105
2013-01-10 17:38:00,0.0,-1.0105
2013-01-10 17:39:00,0.0,-1.0105
2013-01-10 17:40:00,0.0,-1.0105
2013-01-10 17:41:00,0.0,-1.0105
2013-01-10 17:42:00,0.0,-1.0105
2013-01-10 17:43:00,0.0,-1.0105
2013-01-10 17:44:00,0.0,-1.0105
2013-01-10 17:45:00,0.0,-1.0105
2013-01-10 17:46:00,0.0,-1.0105
2013-01-10 17:47:00,0.0,-1.0105
2013-01-10 17:48:00,0.0,-1.0105
2013-01-10 17:49:00,0.0,-1.0105
2013-01-10 17:50:00,0.0,-1.0105
2013-01-10 17:51:00,0.0,-1.0105
2013-01-10 17:52:00,0.0,-1.0105
2013-01-10 17:53:00,0.0,-1.0105
2013-01-10 17:54:00,0.0,-1.0105
2013-01-10 17:55:00,0.0,-1.0105
2013-01-10 17:56:00,0.0,-0.758
2013-01-10 17:57:00,0.0,-1.0105
2013-01-10 17:58:00,0.0,-1.0105
2013-01-10 17:59:00,0.0,-1.179
2013-01-10 18:00:00,0.0,-1.684
2013-01-10 18:01:00,0.0,-1.8805
2013-01-10 18:02:00,0.0,-2.358
2013-01-10 18:03:00,0.0,-2.358
2013-01-10 18:04:00,0.0,-2.358
2013-01-10 18:05:00,0.0,-2.133
2013-01-10 18:06:00,0.0,-1.684
2013-01-10 18:07:00,0.0,-1.684
2013-01-10 18:08:00,0.0,-1.4315
2013-01-10 18:09:00,0.0,-1.0105
2013-01-10 18:10:00,0.0,-1.0105
2013-01-10 18:11:00,0.0,-1.0105
2013-01-10 18:12:00,0.0,-0.9825
2013-01-10 18:13:00,0.0,-0.7015
2013-01-10 18:14:00,0.0,-0.6735
2013-01-10 18:15:00,0.0,-0.6735
2013-01-10 18:16:00,0.0,-0.6735
2013-01-10 18:17:00,0.0,-0.6735
2013-01-10 18:18:00,0.0,-0.898
2013-01-10 18:19:00,0.0,-1.0105
2013-01-10 18:20:00,0.0,-1.0105
2013-01-10 18:21:00,0.0,-1.0105
2013-01-10 18:22:00,0.0,-1.0105
2013-01-10 18:23:00,0.0,-1.0105
2013-01-10 18:24:00,0.0,-1.0105
2013-01-10 18:25:00,0.0,-1.0105
2013-01-10 18:26:00,0.0,-1.0105
2013-01-10 18:27:00,0.0,-1.0105
2013-01-10 18:28:00,0.0,-1.0105
2013-01-10 18:29:00,0.0,-1.0385
2013-01-10 18:30:00,0.0,-1.0945
2013-01-10 18:31:00,0.0,-1.4595
2013-01-10 18:32:00,0.0,-1.684
2013-01-10 18:33:00,0.0,-1.684
2013-01-10 18:34:00,0.0,-1.684
2013-01-10 18:35:00,0.0,-1.684
2013-01-10 18:36:00,0.0,-1.684
2013-01-10 18:37:00,0.0,-1.684
2013-01-10 18:38:00,0.0,-1.684
2013-01-10 18:39:00,0.0,-1.684
2013-01-10 18:40:00,0.0,-1.684
2013-01-10 18:41:00,0.0,-1.684
2013-01-10 18:42:00,0.0,-1.684
2013-01-10 18:43:00,0.0,-1.684
2013-01-10 18:44:00,0.0,-1.684
2013-01-10 18:45:00,0.0,-1.684
2013-01-10 18:46:00,0.0,-1.684
2013-01-10 18:47:00,0.0,-1.684
2013-01-10 18:48:00,0.0,-1.684
2013-01-10 18:49:00,0.0,-1.684
2013-01-10 18:50:00,0.0,-1.684
2013-01-10 18:51:00,0.0,-1.684
2013-01-10 18:52:00,0.0,-1.684
2013-01-10 18:53:00,0.0,-1.684
2013-01-10 18:54:00,0.0,-1.684
2013-01-10 18:55:00,0.0,-1.684
2013-01-10 18:56:00,0.0,-1.684
2013-01-10 18:57:00,0.0,-1.684
2013-01-10 18:58:00,0.0,-1.684
2013-01-10 18:59:00,0.0,-1.684
2013-01-10 19:00:00,0.0,-1.684
2013-01-10 19:01:00,0.0,-1.712
2013-01-10 19:02:00,0.0,-1.7965
2013-01-10 19:03:00,0.0,-1.74
2013-01-10 19:04:00,0.0,-1.684
2013-01-10 19:05:00,0.0,-1.684
2013-01-10 19:06:00,0.0,-1.684
2013-01-10 19:07:00,0.0,-1.684
2013-01-10 19:08:00,0.0,-1.684
2013-01-10 19:09:00,0.0,-1.684
2013-01-10 19:10:00,0.0,-1.684
2013-01-10 19:11:00,0.0,-1.684
2013-01-10 19:12:00,0.0,-1.684
2013-01-10 19:13:00,0.0,-1.684
2013-01-10 19:14:00,0.0,-1.684
2013-01-10 19:15:00,0.0,-1.684
2013-01-10 19:16:00,0.0,-1.684
2013-01-10 19:17:00,0.0,-1.684
2013-01-10 19:18:00,0.0,-1.684
2013-01-10 19:19:00,0.0,-1.684
2013-01-10 19:20:00,0.0,-1.684
2013-01-10 19:21:00,0.0,-1.684
2013-01-10 19:22:00,0.0,-1.684
2013-01-10 19:23:00,0.0,-1.684
2013-01-10 19:24:00,0.0,-1.684
2013-01-10 19:25:00,0.0,-1.684
2013-01-10 19:26:00,0.0,-1.684
2013-01-10 19:27:00,0.0,-1.684
2013-01-10 19:28:00,0.0,-1.684
2013-01-10 19:29:00,0.0,-1.684
2013-01-10 19:30:00,0.0,-1.684
2013-01-10 19:31:00,0.0,-1.684
2013-01-10 19:32:00,0.0,-1.684
2013-01-10 19:33:00,0.0,-1.684
2013-01-10 19:34:00,0.0,-1.684
2013-01-10 19:35:00,0.0,-1.684
2013-01-10 19:36:00,0.0,-1.684
2013-01-10 19:37:00,0.0,-1.684
2013-01-10 19:38:00,0.0,-1.684
2013-01-10 19:39:00,0.0,-1.684
2013-01-10 19:40:00,0.0,-1.684
2013-01-10 19:41:00,0.0,-1.684
2013-01-10 19:42:00,0.0,-1.544
2013-01-10 19:43:00,0.0,-1.3475
2013-01-10 19:44:00,0.0,-1.0385
2013-01-10 19:45:00,0.0,-1.0385
2013-01-10 19:46:00,0.0,-1.0105
2013-01-10 19:47:00,0.0,-1.0105
2013-01-10 19:48:00,0.0,-1.0105
2013-01-10 19:49:00,0.0,-1.0105
2013-01-10 19:50:00,0.0,-1.0105
2013-01-10 19:51:00,0.0,-1.0105
2013-01-10 19:52:00,0.0,-1.0105
2013-01-10 19:53:00,0.0,-1.0105
2013-01-10 19:54:00,0.0,-1.0105
2013-01-10 19:55:00,0.0,-1.319
2013-01-10 19:56:00,0.0,-1.0665
2013-01-10 19:57:00,0.0,-1.1225
2013-01-10 19:58:00,0.0,-1.0105
2013-01-10 19:59:00,0.0,-1.0105
2013-01-10 20:00:00,0.0,-1.0105
2013-01-10 20:01:00,0.0,-1.0105
2013-01-10 20:02:00,0.0,-1.0105
2013-01-10 20:03:00,0.0,-1.263
2013-01-10 20:04:00,0.0,-1.656
2013-01-10 20:05:00,0.0,-1.684
2013-01-10 20:06:00,0.0,-1.4875
2013-01-10 20:07:00,0.0,-1.0105
2013-01-10 20:08:00,0.0,-1.0105
2013-01-10 20:09:00,0.0,-1.0105
2013-01-10 20:10:00,0.0,-1.0105
2013-01-10 20:11:00,0.0,-1.0105
2013-01-10 20:12:00,0.0,-1.0945
2013-01-10 20:13:00,0.0,-1.684
2013-01-10 20:14:00,0.0,-1.684
2013-01-10 20:15:00,0.0,-1.684
2013-01-10 20:16:00,0.0,-1.684
2013-01-10 20:17:00,0.0,-1.684
2013-01-10 20:18:00,0.0,-1.684
2013-01-10 20:19:00,0.0,-1.684
2013-01-10 20:20:00,0.0,-1.4875
2013-01-10 20:21:00,0.0,-1.628
2013-01-10 20:22:00,0.0,-1.207
2013-01-10 20:23:00,0.0,-1.0105
2013-01-10 20:24:00,0.0,-0.9265
2013-01-10 20:25:00,0.0,-0.6735
2013-01-10 20:26:00,0.0,-0.6735
2013-01-10 20:27:00,0.0,-0.6735
2013-01-10 20:28:00,0.0,-0.6735
2013-01-10 20:29:00,0.0,-0.6735
2013-01-10 20:30:00,0.0,-0.6735
2013-01-10 20:31:00,0.0,-0.6735
2013-01-10 20:32:00,0.0,-0.6735
2013-01-10 20:33:00,0.0,-0.6735
2013-01-10 20:34:00,0.0,-0.6735
2013-01-10 20:35:00,0.0,-0.6735
2013-01-10 20:36:00,0.0,-1.0105
2013-01-10 20:37:00,0.0,-1.0105
2013-01-10 20:38:00,0.0,-1.0105
2013-01-10 20:39:00,0.0,-1.0105
2013-01-10 20:40:00,0.0,-1.0105
2013-01-10 20:41:00,0.0,-1.0105
2013-01-10 20:42:00,0.0,-1.0105
2013-01-10 20:43:00,0.0,-1.0105
2013-01-10 20:44:00,0.0,-1.0105
2013-01-10 20:45:00,0.0,-1.0105
2013-01-10 20:46:00,0.0,-1.0105
2013-01-10 20:47:00,0.0,-1.0105
2013-01-10 20:48:00,0.0,-1.0105
2013-01-10 20:49:00,0.0,-1.0105
2013-01-10 20:50:00,0.0,-1.0105
2013-01-10 20:51:00,0.0,-1.0105
2013-01-10 20:52:00,0.0,-1.0945
2013-01-10 20:53:00,0.0,-1.5155
2013-01-10 20:54:00,0.0,-1.684
2013-01-10 20:55:00,0.0,-1.684
2013-01-10 20:56:00,0.0,-1.684
2013-01-10 20:57:00,0.0,-1.684
2013-01-10 20:58:00,0.0,-1.684
2013-01-10 20:59:00,0.0,-1.4035
2013-01-10 21:00:00,0.0,-1.0105
2013-01-10 21:01:00,0.0,-1.0105
2013-01-10 21:02:00,0.0,-1.0105
2013-01-10 21:03:00,0.0,-1.0105
2013-01-10 21:04:00,0.0,-1.0105
2013-01-10 21:05:00,0.0,-1.0105
2013-01-10 21:06:00,0.0,-1.0105
2013-01-10 21:07:00,0.0,-1.0105
2013-01-10 21:08:00,0.0,-1.0105
2013-01-10 21:09:00,0.0,-1.0105
2013-01-10 21:10:00,0.0,-1.0105
2013-01-10 21:11:00,0.0,-1.0105
2013-01-10 21:12:00,0.0,-1.0105
2013-01-10 21:13:00,0.0,-1.0105
2013-01-10 21:14:00,0.0,-1.0105
2013-01-10 21:15:00,0.0,-1.0105
2013-01-10 21:16:00,0.0,-1.0105
2013-01-10 21:17:00,0.0,-1.179
2013-01-10 21:18:00,0.0,-1.0945
2013-01-10 21:19:00,0.0,-1.0105
2013-01-10 21:20:00,0.0,-1.4315
2013-01-10 21:21:00,0.0,-1.684
2013-01-10 21:22:00,0.0,-1.684
2013-01-10 21:23:00,0.0,-1.684
2013-01-10 21:24:00,0.0,-1.684
2013-01-10 21:25:00,0.0,-1.684
2013-01-10 21:26:00,0.0,-1.684
2013-01-10 21:27:00,0.0,-1.684
2013-01-10 21:28:00,0.0,-1.684
2013-01-10 21:29:00,0.0,-1.684
2013-01-10 21:30:00,0.0,-1.684
2013-01-10 21:31:00,0.0,-1.684
2013-01-10 21:32:00,0.0,-1.684
2013-01-10 21:33:00,0.0,-1.684
2013-01-10 21:34:00,0.0,-1.684
2013-01-10 21:35:00,0.0,-1.684
2013-01-10 21:36:00,0.0,-1.684
2013-01-10 21:37:00,0.0,-1.684
2013-01-10 21:38:00,0.0,-1.572
2013-01-10 21:39:00,0.0,-1.0665
2013-01-10 21:40:00,0.0,-1.0105
2013-01-10 21:41:00,0.0,-1.0105
2013-01-10 21:42:00,0.0,-1.0105
2013-01-10 21:43:00,0.0,-1.0105
2013-01-10 21:44:00,0.0,-1.0105
2013-01-10 21:45:00,0.0,-1.0105
2013-01-10 21:46:00,0.0,-1.0105
2013-01-10 21:47:00,0.0,-1.0105
2013-01-10 21:48:00,0.0,-1.0105
2013-01-10 21:49:00,0.0,-1.0105
2013-01-10 21:50:00,0.0,-1.0105
2013-01-10 21:51:00,0.0,-1.0105
2013-01-10 21:52:00,0.0,-1.0105
2013-01-10 21:53:00,0.0,-1.0105
2013-01-10 21:54:00,0.0,-1.0105
2013-01-10 21:55:00,0.0,-1.0105
2013-01-10 21:56:00,0.0,-1.0105
2013-01-10 21:57:00,0.0,-1.0385
2013-01-10 21:58:00,0.0,-1.4035
2013-01-10 21:59:00,0.0,-1.0105
2013-01-10 22:00:00,0.0,-1.0105
2013-01-10 22:01:00,0.0,-1.0105
2013-01-10 22:02:00,0.0,-1.0105
2013-01-10 22:03:00,0.0,-1.0105
2013-01-10 22:04:00,0.0,-1.0105
2013-01-10 22:05:00,0.0,-1.0105
2013-01-10 22:06:00,0.0,-1.0105
2013-01-10 22:07:00,0.0,-1.0105
2013-01-10 22:08:00,0.0,-1.0105
2013-01-10 22:09:00,0.0,-1.0105
2013-01-10 22:10:00,0.0,-1.0105
2013-01-10 22:11:00,0.0,-1.0105
2013-01-10 22:12:00,0.0,-1.0105
2013-01-10 22:13:00,0.0,-1.0105
2013-01-10 22:14:00,0.0,-1.0105
2013-01-10 22:15:00,0.0,-1.0105
2013-01-10 22:16:00,0.0,-1.0105
2013-01-10 22:17:00,0.0,-1.0105
2013-01-10 22:18:00,0.0,-1.0105
2013-01-10 22:19:00,0.0,-1.0105
2013-01-10 22:20:00,0.0,-1.0105
2013-01-10 22:21:00,0.0,-1.0105
2013-01-10 22:22:00,0.0,-1.0105
2013-01-10 22:23:00,0.0,-1.0105
2013-01-10 22:24:00,0.0,-1.0105
2013-01-10 22:25:00,0.0,-1.0105
2013-01-10 22:26:00,0.0,-1.0105
2013-01-10 22:27:00,0.0,-1.0105
2013-01-10 22:28:00,0.0,-1.0105
2013-01-10 22:29:00,0.0,-1.0105
2013-01-10 22:30:00,0.0,-1.0105
2013-01-10 22:31:00,0.0,-1.0105
2013-01-10 22:32:00,0.0,-1.0105
2013-01-10 22:33:00,0.0,-1.0105
2013-01-10 22:34:00,0.0,-1.0105
2013-01-10 22:35:00,0.0,-1.0105
2013-01-10 22:36:00,0.0,-1.0105
2013-01-10 22:37:00,0.0,-1.0105
2013-01-10 22:38:00,0.0,-1.0105
2013-01-10 22:39:00,0.0,-1.0105
2013-01-10 22:40:00,0.0,-1.0105
2013-01-10 22:41:00,0.0,-1.0105
2013-01-10 22:42:00,0.0,-1.0105
2013-01-10 22:43:00,0.0,-1.0105
2013-01-10 22:44:00,0.0,-1.0105
2013-01-10 22:45:00,0.0,-1.0105
2013-01-10 22:46:00,0.0,-1.0105
2013-01-10 22:47:00,0.0,-1.0105
2013-01-10 22:48:00,0.0,-1.0105
2013-01-10 22:49:00,0.0,-1.0105
2013-01-10 22:50:00,0.0,-1.0105
2013-01-10 22:51:00,0.0,-1.0105
2013-01-10 22:52:00,0.0,-1.0105
2013-01-10 22:53:00,0.0,-1.0105
2013-01-10 22:54:00,0.0,-1.0105
2013-01-10 22:55:00,0.0,-1.0105
2013-01-10 22:56:00,0.0,-1.0105
2013-01-10 22:57:00,0.0,-1.0105
2013-01-10 22:58:00,0.0,-1.0105
2013-01-10 22:59:00,0.0,-1.0105
2013-01-10 23:00:00,0.0,-1.0105
2013-01-10 23:01:00,0.0,-1.0105
2013-01-10 23:02:00,0.0,-1.0105
2013-01-10 23:03:00,0.0,-1.0105
2013-01-10 23:04:00,0.0,-1.0105
2013-01-10 23:05:00,0.0,-1.0105
2013-01-10 23:06:00,0.0,-1.0105
2013-01-10 23:07:00,0.0,-1.0105
2013-01-10 23:08:00,0.0,-1.0105
2013-01-10 23:09:00,0.0,-1.0105
2013-01-10 23:10:00,0.0,-1.0105
2013-01-10 23:11:00,0.0,-1.0105
2013-01-10 23:12:00,0.0,-1.0105
2013-01-10 23:13:00,0.0,-1.0105
2013-01-10 23:14:00,0.0,-1.0105
2013-01-10 23:15:00,0.0,-1.0105
2013-01-10 23:16:00,0.0,-1.0105
2013-01-10 23:17:00,0.0,-1.0105
2013-01-10 23:18:00,0.0,-1.0105
2013-01-10 23:19:00,0.0,-1.0105
2013-01-10 23:20:00,0.0,-1.0105
2013-01-10 23:21:00,0.0,-1.0105
2013-01-10 23:22:00,0.0,-1.0105
2013-01-10 23:23:00,0.0,-1.0105
2013-01-10 23:24:00,0.0,-1.0105
2013-01-10 23:25:00,0.0,-1.0105
2013-01-10 23:26:00,0.0,-1.0105
2013-01-10 23:27:00,0.0,-1.0105
2013-01-10 23:28:00,0.0,-1.0105
2013-01-10 23:29:00,0.0,-1.0105
2013-01-10 23:30:00,0.0,-1.0105
2013-01-10 23:31:00,0.0,-1.0105
2013-01-10 23:32:00,0.0,-1.0105
2013-01-10 23:33:00,0.0,-1.0945
2013-01-10 23:34:00,0.0,-1.179
2013-01-10 23:35:00,0.0,-1.0945
2013-01-10 23:36:00,0.0,-1.656
2013-01-10 23:37:00,0.0,-1.684
2013-01-10 23:38:00,0.0,-1.684
2013-01-10 23:39:00,0.0,-1.684
2013-01-10 23:40:00,0.0,-1.684
2013-01-10 23:41:00,0.0,-1.684
2013-01-10 23:42:00,0.0,-1.6
2013-01-10 23:43:00,0.0,-1.291
2013-01-10 23:44:00,0.0,-1.0385
2013-01-10 23:45:00,0.0,-1.0105
2013-01-10 23:46:00,0.0,-1.1225
2013-01-10 23:47:00,0.0,-1.5435
2013-01-10 23:48:00,0.0,-1.656
2013-01-10 23:49:00,0.0,-1.4315
2013-01-10 23:50:00,0.0,-1.0105
2013-01-10 23:51:00,0.0,-1.0105
2013-01-10 23:52:00,0.0,-1.0105
2013-01-10 23:53:00,0.0,-1.0105
2013-01-10 23:54:00,0.0,-1.0105
2013-01-10 23:55:00,0.0,-1.0105
2013-01-10 23:56:00,0.0,-1.0105
2013-01-10 23:57:00,0.0,-1.0105
2013-01-10 23:58:00,0.0,-1.0105
2013-01-10 23:59:00,0.0,-1.0105
2013-01-11 00:00:00,0.0,-1.0105
2013-01-11 00:01:00,0.0,-1.0105
2013-01-11 00:02:00,0.0,-1.0105
2013-01-11 00:03:00,0.0,-1.0105
2013-01-11 00:04:00,0.0,-1.0105
2013-01-11 00:05:00,0.0,-1.0105
2013-01-11 00:06:00,0.0,-1.0105
2013-01-11 00:07:00,0.0,-1.0105
2013-01-11 00:08:00,0.0,-1.0105
2013-01-11 00:09:00,0.0,-1.0105
2013-01-11 00:10:00,0.0,-1.0105
2013-01-11 00:11:00,0.0,-1.0105
2013-01-11 00:12:00,0.0,-1.0105
2013-01-11 00:13:00,0.0,-1.0105
2013-01-11 00:14:00,0.0,-1.0105
2013-01-11 00:15:00,0.0,-1.0105
2013-01-11 00:16:00,0.0,-1.0105
2013-01-11 00:17:00,0.0,-1.0105
2013-01-11 00:18:00,0.0,-1.0105
2013-01-11 00:19:00,0.0,-1.0105
2013-01-11 00:20:00,0.0,-1.0105
2013-01-11 00:21:00,0.0,-1.0105
2013-01-11 00:22:00,0.0,-1.0105
2013-01-11 00:23:00,0.0,-1.0105
2013-01-11 00:24:00,0.0,-1.0105
2013-01-11 00:25:00,0.0,-1.0105
2013-01-11 00:26:00,0.0,-1.0105
2013-01-11 00:27:00,0.0,-1.0105
2013-01-11 00:28:00,0.0,-1.0105
2013-01-11 00:29:00,0.0,-1.0105
2013-01-11 00:30:00,0.0,-1.0105
2013-01-11 00:31:00,0.0,-1.0105
2013-01-11 00:32:00,0.0,-1.0105
2013-01-11 00:33:00,0.0,-1.0105
2013-01-11 00:34:00,0.0,-1.0105
2013-01-11 00:35:00,0.0,-1.0105
2013-01-11 00:36:00,0.0,-1.0105
2013-01-11 00:37:00,0.0,-1.0105
2013-01-11 00:38:00,0.0,-1.0105
2013-01-11 00:39:00,0.0,-1.0105
2013-01-11 00:40:00,0.0,-1.0105
2013-01-11 00:41:00,0.0,-1.0105
2013-01-11 00:42:00,0.0,-1.0105
2013-01-11 00:43:00,0.0,-1.0105
2013-01-11 00:44:00,0.0,-1.0105
2013-01-11 00:45:00,0.0,-1.0105
2013-01-11 00:46:00,0.0,-1.0105
2013-01-11 00:47:00,0.0,-1.0105
2013-01-11 00:48:00,0.0,-1.0105
2013-01-11 00:49:00,0.0,-1.0105
2013-01-11 00:50:00,0.0,-1.0105
2013-01-11 00:51:00,0.0,-1.0105
2013-01-11 00:52:00,0.0,-1.0105
2013-01-11 00:53:00,0.0,-1.0105
2013-01-11 00:54:00,0.0,-1.0105
2013-01-11 00:55:00,0.0,-1.0105
2013-01-11 00:56:00,0.0,-1.0105
2013-01-11 00:57:00,0.0,-1.0105
2013-01-11 00:58:00,0.0,-1.0105
2013-01-11 00:59:00,0.0,-1.0105
2013-01-11 01:00:00,0.0,-1.0105
2013-01-11 01:01:00,0.0,-1.0105
2013-01-11 01:02:00,0.0,-1.263
2013-01-11 01:03:00,0.0,-1.0385
2013-01-11 01:04:00,0.0,-1.3755
2013-01-11 01:05:00,0.0,-1.684
2013-01-11 01:06:00,0.0,-1.684
2013-01-11 01:07:00,0.0,-1.4035
2013-01-11 01:08:00,0.0,-1.0665
2013-01-11 01:09:00,0.0,-1.0105
2013-01-11 01:10:00,0.0,-1.0105
2013-01-11 01:11:00,0.0,-1.0105
2013-01-11 01:12:00,0.0,-1.0385
2013-01-11 01:13:00,0.0,-1.263
2013-01-11 01:14:00,0.0,-1.235
2013-01-11 01:15:00,0.0,-1.0385
2013-01-11 01:16:00,0.0,-1.0105
2013-01-11 01:17:00,0.0,-1.0105
2013-01-11 01:18:00,0.0,-1.0105
2013-01-11 01:19:00,0.0,-1.0105
2013-01-11 01:20:00,0.0,-1.0105
2013-01-11 01:21:00,0.0,-1.0105
2013-01-11 01:22:00,0.0,-1.0105
2013-01-11 01:23:00,0.0,-1.0105
2013-01-11 01:24:00,0.0,-1.0105
2013-01-11 01:25:00,0.0,-1.0105
2013-01-11 01:26:00,0.0,-1.0105
2013-01-11 01:27:00,0.0,-1.0105
2013-01-11 01:28:00,0.0,-1.0105
2013-01-11 01:29:00,0.0,-1.0105
2013-01-11 01:30:00,0.0,-1.0105
2013-01-11 01:31:00,0.0,-1.0105
2013-01-11 01:32:00,0.0,-1.0105
2013-01-11 01:33:00,0.0,-1.0105
2013-01-11 01:34:00,0.0,-1.0105
2013-01-11 01:35:00,0.0,-1.0105
2013-01-11 01:36:00,0.0,-1.0385
2013-01-11 01:37:00,0.0,-1.0105
2013-01-11 01:38:00,0.0,-1.0105
2013-01-11 01:39:00,0.0,-1.0105
2013-01-11 01:40:00,0.0,-1.0105
2013-01-11 01:41:00,0.0,-1.0105
2013-01-11 01:42:00,0.0,-1.0105
2013-01-11 01:43:00,0.0,-1.0105
2013-01-11 01:44:00,0.0,-1.0105
2013-01-11 01:45:00,0.0,-1.0105
2013-01-11 01:46:00,0.0,-1.0105
2013-01-11 01:47:00,0.0,-1.0105
2013-01-11 01:48:00,0.0,-1.0105
2013-01-11 01:49:00,0.0,-1.0105
2013-01-11 01:50:00,0.0,-1.0105
2013-01-11 01:51:00,0.0,-1.0105
2013-01-11 01:52:00,0.0,-1.0105
2013-01-11 01:53:00,0.0,-1.0105
2013-01-11 01:54:00,0.0,-1.0105
2013-01-11 01:55:00,0.0,-1.0665
2013-01-11 01:56:00,0.0,-1.3475
2013-01-11 01:57:00,0.0,-1.684
2013-01-11 01:58:00,0.0,-1.684
2013-01-11 01:59:00,0.0,-1.684
2013-01-11 02:00:00,0.0,-1.684
2013-01-11 02:01:00,0.0,-1.6845
2013-01-11 02:02:00,0.0,-1.572
2013-01-11 02:03:00,0.0,-1.235
2013-01-11 02:04:00,0.0,-1.0105
2013-01-11 02:05:00,0.0,-1.0105
2013-01-11 02:06:00,0.0,-1.235
2013-01-11 02:07:00,0.0,-1.6845
2013-01-11 02:08:00,0.0,-1.6845
2013-01-11 02:09:00,0.0,-1.6845
2013-01-11 02:10:00,0.0,-1.6565
2013-01-11 02:11:00,0.0,-1.3755
2013-01-11 02:12:00,0.0,-1.235
2013-01-11 02:13:00,0.0,-1.6565
2013-01-11 02:14:00,0.0,-1.6845
2013-01-11 02:15:00,0.0,-1.6845
2013-01-11 02:16:00,0.0,-1.6845
2013-01-11 02:17:00,0.0,-1.6845
2013-01-11 02:18:00,0.0,-1.6845
2013-01-11 02:19:00,0.0,-1.6845
2013-01-11 02:20:00,0.0,-1.6845
2013-01-11 02:21:00,0.0,-1.6845
2013-01-11 02:22:00,0.0,-1.6845
2013-01-11 02:23:00,0.0,-1.6845
2013-01-11 02:24:00,0.0,-1.6845
2013-01-11 02:25:00,0.0,-1.6845
2013-01-11 02:26:00,0.0,-1.6845
2013-01-11 02:27:00,0.0,-1.6845
2013-01-11 02:28:00,0.0,-1.6565
2013-01-11 02:29:00,0.0,-1.6845
2013-01-11 02:30:00,0.0,-1.6845
2013-01-11 02:31:00,0.0,-1.6845
2013-01-11 02:32:00,0.0,-1.6845
2013-01-11 02:33:00,0.0,-1.6845
2013-01-11 02:34:00,0.0,-1.6845
2013-01-11 02:35:00,0.0,-1.6845
2013-01-11 02:36:00,0.0,-1.6845
2013-01-11 02:37:00,0.0,-1.6845
2013-01-11 02:38:00,0.0,-1.6845
2013-01-11 02:39:00,0.0,-1.6845
2013-01-11 02:40:00,0.0,-1.6845
2013-01-11 02:41:00,0.0,-1.6845
2013-01-11 02:42:00,0.0,-1.6845
2013-01-11 02:43:00,0.0,-1.6845
2013-01-11 02:44:00,0.0,-1.6845
2013-01-11 02:45:00,0.0,-1.6565
2013-01-11 02:46:00,0.0,-1.628
2013-01-11 02:47:00,0.0,-1.6845
2013-01-11 02:48:00,0.0,-1.6845
2013-01-11 02:49:00,0.0,-1.6845
2013-01-11 02:50:00,0.0,-1.6845
2013-01-11 02:51:00,0.0,-1.6845
2013-01-11 02:52:00,0.0,-1.6845
2013-01-11 02:53:00,0.0,-1.6845
2013-01-11 02:54:00,0.0,-1.6845
2013-01-11 02:55:00,0.0,-1.6845
2013-01-11 02:56:00,0.0,-1.6845
2013-01-11 02:57:00,0.0,-1.6845
2013-01-11 02:58:00,0.0,-1.6845
2013-01-11 02:59:00,0.0,-1.6845
2013-01-11 03:00:00,0.0,-1.6845
2013-01-11 03:01:00,0.0,-1.6845
2013-01-11 03:02:00,0.0,-1.6845
2013-01-11 03:03:00,0.0,-1.6845
2013-01-11 03:04:00,0.0,-1.6845
2013-01-11 03:05:00,0.0,-1.6845
2013-01-11 03:06:00,0.0,-1.6845
2013-01-11 03:07:00,0.0,-1.6845
2013-01-11 03:08:00,0.0,-1.6845
2013-01-11 03:09:00,0.0,-1.6845
2013-01-11 03:10:00,0.0,-1.6845
2013-01-11 03:11:00,0.0,-1.6845
2013-01-11 03:12:00,0.0,-1.6845
2013-01-11 03:13:00,0.0,-1.6845
2013-01-11 03:14:00,0.0,-1.6845
2013-01-11 03:15:00,0.0,-1.6845
2013-01-11 03:16:00,0.0,-1.6845
2013-01-11 03:17:00,0.0,-1.6565
2013-01-11 03:18:00,0.0,-1.516
2013-01-11 03:19:00,0.0,-1.46
2013-01-11 03:20:00,0.0,-1.488
2013-01-11 03:21:00,0.0,-1.3475
2013-01-11 03:22:00,0.0,-1.516
2013-01-11 03:23:00,0.0,-1.6005
2013-01-11 03:24:00,0.0,-1.6005
2013-01-11 03:25:00,0.0,-1.5725
2013-01-11 03:26:00,0.0,-1.544
2013-01-11 03:27:00,0.0,-1.6845
2013-01-11 03:28:00,0.0,-1.6565
2013-01-11 03:29:00,0.0,-1.6565
2013-01-11 03:30:00,0.0,-1.6845
2013-01-11 03:31:00,0.0,-1.544
2013-01-11 03:32:00,0.0,-1.6005
2013-01-11 03:33:00,0.0,-1.46
2013-01-11 03:34:00,0.0,-1.488
2013-01-11 03:35:00,0.0,-1.6285
2013-01-11 03:36:00,0.0,-1.6845
2013-01-11 03:37:00,0.0,-1.6845
2013-01-11 03:38:00,0.0,-1.6845
2013-01-11 03:39:00,0.0,-1.6845
2013-01-11 03:40:00,0.0,-1.6845
2013-01-11 03:41:00,0.0,-1.6845
2013-01-11 03:42:00,0.0,-1.6845
2013-01-11 03:43:00,0.0,-1.6845
2013-01-11 03:44:00,0.0,-1.6845
2013-01-11 03:45:00,0.0,-1.6845
2013-01-11 03:46:00,0.0,-1.6845
2013-01-11 03:47:00,0.0,-1.6845
2013-01-11 03:48:00,0.0,-1.6845
2013-01-11 03:49:00,0.0,-1.6285
2013-01-11 03:50:00,0.0,-1.6005
2013-01-11 03:51:00,0.0,-1.6285
2013-01-11 03:52:00,0.0,-1.6285
2013-01-11 03:53:00,0.0,-1.6845
2013-01-11 03:54:00,0.0,-1.6845
2013-01-11 03:55:00,0.0,-1.6845
2013-01-11 03:56:00,0.0,-1.6565
2013-01-11 03:57:00,0.0,-1.6285
2013-01-11 03:58:00,0.0,-1.6845
2013-01-11 03:59:00,0.0,-1.6845
2013-01-11 04:00:00,0.0,-1.6845
2013-01-11 04:01:00,0.0,-1.6845
2013-01-11 04:02:00,0.0,-1.6845
2013-01-11 04:03:00,0.0,-1.6845
2013-01-11 04:04:00,0.0,-1.516
2013-01-11 04:05:00,0.0,-1.2635
2013-01-11 04:06:00,0.0,-1.2075
2013-01-11 04:07:00,0.0,-1.46
2013-01-11 04:08:00,0.0,-1.6565
2013-01-11 04:09:00,0.0,-1.6845
2013-01-11 04:10:00,0.0,-1.6845
2013-01-11 04:11:00,0.0,-1.6845
2013-01-11 04:12:00,0.0,-1.6845
2013-01-11 04:13:00,0.0,-1.6845
2013-01-11 04:14:00,0.0,-1.6845
2013-01-11 04:15:00,0.0,-1.6845
2013-01-11 04:16:00,0.0,-1.6845
2013-01-11 04:17:00,0.0,-1.6845
2013-01-11 04:18:00,0.0,-1.6845
2013-01-11 04:19:00,0.0,-1.6845
2013-01-11 04:20:00,0.0,-1.6285
2013-01-11 04:21:00,0.0,-1.2915
2013-01-11 04:22:00,0.0,-1.151
2013-01-11 04:23:00,0.0,-1.011
2013-01-11 04:24:00,0.0,-1.011
2013-01-11 04:25:00,0.0,-1.011
2013-01-11 04:26:00,0.0,-1.011
2013-01-11 04:27:00,0.0,-1.011
2013-01-11 04:28:00,0.0,-1.011
2013-01-11 04:29:00,0.0,-1.011
2013-01-11 04:30:00,0.0,-1.011
2013-01-11 04:31:00,0.0,-1.011
2013-01-11 04:32:00,0.0,-1.011
2013-01-11 04:33:00,0.0,-1.011
2013-01-11 04:34:00,0.0,-1.011
2013-01-11 04:35:00,0.0,-1.011
2013-01-11 04:36:00,0.0,-1.011
2013-01-11 04:37:00,0.0,-1.011
2013-01-11 04:38:00,0.0,-1.011
2013-01-11 04:39:00,0.0,-1.011
2013-01-11 04:40:00,0.0,-1.011
2013-01-11 04:41:00,0.0,-1.011
2013-01-11 04:42:00,0.0,-1.011
2013-01-11 04:43:00,0.0,-1.011
2013-01-11 04:44:00,0.0,-1.011
2013-01-11 04:45:00,0.0,-1.011
2013-01-11 04:46:00,0.0,-1.011
2013-01-11 04:47:00,0.0,-1.011
2013-01-11 04:48:00,0.0,-1.039
2013-01-11 04:49:00,0.0,-1.011
2013-01-11 04:50:00,0.0,-1.011
2013-01-11 04:51:00,0.0,-1.011
2013-01-11 04:52:00,0.0,-1.011
2013-01-11 04:53:00,0.0,-1.011
2013-01-11 04:54:00,0.0,-1.011
2013-01-11 04:55:00,0.0,-1.011
2013-01-11 04:56:00,0.0,-1.011
2013-01-11 04:57:00,0.0,-1.011
2013-01-11 04:58:00,0.0,-1.011
2013-01-11 04:59:00,0.0,-1.011
2013-01-11 05:00:00,0.0,-1.011
2013-01-11 05:01:00,0.0,-1.011
2013-01-11 05:02:00,0.0,-1.011
2013-01-11 05:03:00,0.0,-1.011
2013-01-11 05:04:00,0.0,-1.011
2013-01-11 05:05:00,0.0,-1.011
2013-01-11 05:06:00,0.0,-1.011
2013-01-11 05:07:00,0.0,-1.011
2013-01-11 05:08:00,0.0,-1.011
2013-01-11 05:09:00,0.0,-1.011
2013-01-11 05:10:00,0.0,-1.011
2013-01-11 05:11:00,0.0,-1.011
2013-01-11 05:12:00,0.0,-1.011
2013-01-11 05:13:00,0.0,-1.011
2013-01-11 05:14:00,0.0,-1.011
2013-01-11 05:15:00,0.0,-1.011
2013-01-11 05:16:00,0.0,-1.011
2013-01-11 05:17:00,0.0,-1.011
2013-01-11 05:18:00,0.0,-1.011
2013-01-11 05:19:00,0.0,-1.011
2013-01-11 05:20:00,0.0,-1.011
2013-01-11 05:21:00,0.0,-1.011
2013-01-11 05:22:00,0.0,-1.011
2013-01-11 05:23:00,0.0,-1.011
2013-01-11 05:24:00,0.0,-1.011
2013-01-11 05:25:00,0.0,-1.011
2013-01-11 05:26:00,0.0,-1.011
2013-01-11 05:27:00,0.0,-1.011
2013-01-11 05:28:00,0.0,-1.011
2013-01-11 05:29:00,0.0,-1.011
2013-01-11 05:30:00,0.0,-1.011
2013-01-11 05:31:00,0.0,-1.011
2013-01-11 05:32:00,0.0,-1.011
2013-01-11 05:33:00,0.0,-1.011
2013-01-11 05:34:00,0.0,-1.011
2013-01-11 05:35:00,0.0,-1.011
2013-01-11 05:36:00,0.0,-1.011
2013-01-11 05:37:00,0.0,-1.011
2013-01-11 05:38:00,0.0,-1.011
2013-01-11 05:39:00,0.0,-1.011
2013-01-11 05:40:00,0.0,-1.011
2013-01-11 05:41:00,0.0,-1.011
2013-01-11 05:42:00,0.0,-1.011
2013-01-11 05:43:00,0.0,-1.011
2013-01-11 05:44:00,0.0,-1.011
2013-01-11 05:45:00,0.0,-1.011
2013-01-11 05:46:00,0.0,-1.011
2013-01-11 05:47:00,0.0,-0.983
2013-01-11 05:48:00,0.0,-0.702
2013-01-11 05:49:00,0.0,-0.983
2013-01-11 05:50:00,0.0,-1.011
2013-01-11 05:51:00,0.0,-1.011
2013-01-11 05:52:00,0.0,-1.011
2013-01-11 05:53:00,0.0,-1.011
2013-01-11 05:54:00,0.0,-1.011
2013-01-11 05:55:00,0.0,-1.011
2013-01-11 05:56:00,0.0,-1.011
2013-01-11 05:57:00,0.0,-1.011
2013-01-11 05:58:00,0.0,-1.011
2013-01-11 05:59:00,0.0,-1.011
2013-01-11 06:00:00,0.0,-1.011
2013-01-11 06:01:00,0.0,-1.011
2013-01-11 06:02:00,0.0,-1.011
2013-01-11 06:03:00,0.0,-1.011
2013-01-11 06:04:00,0.0,-1.011
2013-01-11 06:05:00,0.0,-1.011
2013-01-11 06:06:00,0.0,-1.011
2013-01-11 06:07:00,0.0,-1.011
2013-01-11 06:08:00,0.0,-1.011
2013-01-11 06:09:00,0.0,-1.011
2013-01-11 06:10:00,0.0,-1.011
2013-01-11 06:11:00,0.0,-1.011
2013-01-11 06:12:00,0.0,-1.011
2013-01-11 06:13:00,0.0,-1.011
2013-01-11 06:14:00,0.0,-1.011
2013-01-11 06:15:00,0.0,-1.011
2013-01-11 06:16:00,0.0,-1.011
2013-01-11 06:17:00,0.0,-1.011
2013-01-11 06:18:00,0.0,-1.011
2013-01-11 06:19:00,0.0,-1.011
2013-01-11 06:20:00,0.0,-1.011
2013-01-11 06:21:00,0.0,-1.011
2013-01-11 06:22:00,0.0,-1.011
2013-01-11 06:23:00,0.0,-1.011
2013-01-11 06:24:00,0.0,-1.011
2013-01-11 06:25:00,0.0,-1.011
2013-01-11 06:26:00,0.0,-1.011
2013-01-11 06:27:00,0.0,-1.011
2013-01-11 06:28:00,0.0,-1.011
2013-01-11 06:29:00,0.0,-1.011
2013-01-11 06:30:00,0.0,-1.011
2013-01-11 06:31:00,0.0,-1.011
2013-01-11 06:32:00,0.0,-1.011
2013-01-11 06:33:00,0.0,-1.011
2013-01-11 06:34:00,0.0,-1.011
2013-01-11 06:35:00,0.0,-1.011
2013-01-11 06:36:00,0.0,-1.011
2013-01-11 06:37:00,0.0,-1.011
2013-01-11 06:38:00,0.0,-1.011
2013-01-11 06:39:00,0.0,-1.011
2013-01-11 06:40:00,0.0,-1.011
2013-01-11 06:41:00,0.0,-1.011
2013-01-11 06:42:00,0.0,-1.011
2013-01-11 06:43:00,0.0,-1.011
2013-01-11 06:44:00,0.0,-1.011
2013-01-11 06:45:00,0.0,-1.011
2013-01-11 06:46:00,0.0,-1.011
2013-01-11 06:47:00,0.0,-1.011
2013-01-11 06:48:00,0.0,-1.011
2013-01-11 06:49:00,0.0,-1.011
2013-01-11 06:50:00,0.0,-1.011
2013-01-11 06:51:00,0.0,-1.011
2013-01-11 06:52:00,0.0,-1.011
2013-01-11 06:53:00,0.0,-1.011
2013-01-11 06:54:00,0.0,-1.011
2013-01-11 06:55:00,0.0,-1.011
2013-01-11 06:56:00,0.0,-1.011
2013-01-11 06:57:00,0.0,-1.011
2013-01-11 06:58:00,0.0,-1.011
2013-01-11 06:59:00,0.0,-0.9899999999999999
2013-01-11 07:00:00,0.0,-0.8954999999999999
2013-01-11 07:01:00,0.0,-0.8954999999999999
2013-01-11 07:02:00,0.0,-0.8744999999999998
2013-01-11 07:03:00,0.0,-0.7589999999999999
2013-01-11 07:04:00,0.0,-0.7589999999999999
2013-01-11 07:05:00,0.0,-0.7589999999999999
2013-01-11 07:06:00,0.0,-0.7589999999999999
2013-01-11 07:07:00,0.0,-0.6185
2013-01-11 07:08:00,0.0,-0.41150000000000003
2013-01-11 07:09:00,0.0,-0.29650000000000004
2013-01-11 07:10:00,0.0,-0.29650000000000004
2013-01-11 07:11:00,0.0,-0.25450000000000006
2013-01-11 07:12:00,0.0,-0.08650000000000002
2013-01-11 07:13:00,0.0,-0.044500000000000095
2013-01-11 07:14:00,0.0,0.4325
2013-01-11 07:15:00,0.0,0.8815
2013-01-11 07:16:00,0.0,0.965
2013-01-11 07:17:00,0.0,1.133
2013-01-11 07:18:00,0.0,1.5185
2013-01-11 07:19:00,0.0,2.2685
2013-01-11 07:20:00,0.0,3.3575
2013-01-11 07:21:00,0.468,6.0695
2013-01-11 07:22:00,10.99,9.844999999999999
2013-01-11 07:23:00,3.247,13.38
2013-01-11 07:24:00,3.262,16.06
2013-01-11 07:25:00,12.21,18.58
2013-01-11 07:26:00,4.065,25.71
2013-01-11 07:27:00,52.58,46.535
2013-01-11 07:28:00,87.3,74.81
2013-01-11 07:29:00,110.5,94.3
2013-01-11 07:30:00,126.6,103.65
2013-01-11 07:31:00,131.2,111.75
2013-01-11 07:32:00,149.1,118.25
2013-01-11 07:33:00,162.8,124.75
2013-01-11 07:34:00,163.0,131.85
2013-01-11 07:35:00,178.5,140.75
2013-01-11 07:36:00,198.1,148.9
2013-01-11 07:37:00,200.4,156.7
2013-01-11 07:38:00,217.0,164.2
2013-01-11 07:39:00,217.4,170.65
2013-01-11 07:40:00,217.0,177.14999999999998
2013-01-11 07:41:00,226.2,183.2
2013-01-11 07:42:00,234.8,187.4
2013-01-11 07:43:00,243.3,191.3
2013-01-11 07:44:00,252.9,196.45
2013-01-11 07:45:00,253.3,200.85000000000002
2013-01-11 07:46:00,252.9,201.9
2013-01-11 07:47:00,268.6,210.15
2013-01-11 07:48:00,280.1,216.25
2013-01-11 07:49:00,289.2,224.8
2013-01-11 07:50:00,305.3,232.8
2013-01-11 07:51:00,323.4,239.55
2013-01-11 07:52:00,325.8,241.45
2013-01-11 07:53:00,275.8,209.89999999999998
2013-01-11 07:54:00,195.5,144.55
2013-01-11 07:55:00,104.0,74.215
2013-01-11 07:56:00,90.4,56.650000000000006
2013-01-11 07:57:00,93.3,65.565
2013-01-11 07:58:00,90.3,60.45
2013-01-11 07:59:00,86.0,56.935
2013-01-11 08:00:00,57.97,43.584999999999994
2013-01-11 08:01:00,54.2,37.56
2013-01-11 08:02:00,54.24,33.5
2013-01-11 08:03:00,54.21,31.645
2013-01-11 08:04:00,54.36,30.15
2013-01-11 08:05:00,53.5,29.255000000000003
2013-01-11 08:06:00,54.25,28.85
2013-01-11 08:07:00,4.891,28.275
2013-01-11 08:08:00,45.45,27.585
2013-01-11 08:09:00,8.4,26.310000000000002
2013-01-11 08:10:00,14.35,24.985
2013-01-11 08:11:00,4.729,23.4
2013-01-11 08:12:00,8.01,21.565
2013-01-11 08:13:00,5.655,19.675
2013-01-11 08:14:00,8.8,18.065
2013-01-11 08:15:00,3.19,16.855
2013-01-11 08:16:00,6.331,15.9
2013-01-11 08:17:00,4.006,15.425
2013-01-11 08:18:00,4.67,14.48
2013-01-11 08:19:00,5.486,13.885
2013-01-11 08:20:00,3.871,13.31
2013-01-11 08:21:00,3.829,13.23
2013-01-11 08:22:00,4.772,13.43
2013-01-11 08:23:00,5.468,14.27
2013-01-11 08:24:00,4.743,14.545
2013-01-11 08:25:00,6.401,15.395
2013-01-11 08:26:00,3.856,16.005
2013-01-11 08:27:00,3.244,16.86
2013-01-11 08:28:00,2.374,16.86
2013-01-11 08:29:00,3.952,16.47
2013-01-11 08:30:00,5.534,15.57
2013-01-11 08:31:00,1.534,14.344999999999999
2013-01-11 08:32:00,6.198,13.91
2013-01-11 08:33:00,2.398,13.22
2013-01-11 08:34:00,5.468,12.945
2013-01-11 08:35:00,3.06,12.82
2013-01-11 08:36:00,6.955,12.82
2013-01-11 08:37:00,3.927,12.84
2013-01-11 08:38:00,6.994,13.135000000000002
2013-01-11 08:39:00,3.214,14.715
2013-01-11 08:40:00,2.281,17.785
2013-01-11 08:41:00,8.12,20.415
2013-01-11 08:42:00,8.12,23.165
2013-01-11 08:43:00,26.02,26.36
2013-01-11 08:44:00,54.24,29.990000000000002
2013-01-11 08:45:00,25.89,34.004999999999995
2013-01-11 08:46:00,43.16,38.629999999999995
2013-01-11 08:47:00,83.0,44.540000000000006
2013-01-11 08:48:00,90.5,51.915000000000006
2013-01-11 08:49:00,114.5,60.105000000000004
2013-01-11 08:50:00,126.5,68.22
2013-01-11 08:51:00,140.1,73.915
2013-01-11 08:52:00,151.0,79.08
2013-01-11 08:53:00,130.9,72.83500000000001
2013-01-11 08:54:00,126.3,68.785
2013-01-11 08:55:00,115.5,62.89
2013-01-11 08:56:00,108.2,59.82
2013-01-11 08:57:00,95.1,58.974999999999994
2013-01-11 08:58:00,108.4,61.41
2013-01-11 08:59:00,121.4,66.285
2013-01-11 09:00:00,129.3,74.28999999999999
2013-01-11 09:01:00,172.7,95.9
2013-01-11 09:02:00,234.0,139.10000000000002
2013-01-11 09:03:00,249.6,143.2
2013-01-11 09:04:00,554.3,302.95000000000005
2013-01-11 09:05:00,716.1,395.15
2013-01-11 09:06:00,1074.0,605.6
2013-01-11 09:07:00,1166.0,673.7
2013-01-11 09:08:00,1111.0,650.2
2013-01-11 09:09:00,1104.0,649.65
2013-01-11 09:10:00,1095.0,649.6
2013-01-11 09:11:00,1080.0,643.9000000000001
2013-01-11 09:12:00,1071.0,641.3
2013-01-11 09:13:00,1083.0,644.3
2013-01-11 09:14:00,1087.0,654.25
2013-01-11 09:15:00,1087.0,656.0999999999999
2013-01-11 09:16:00,1086.0,657.75
2013-01-11 09:17:00,1088.0,661.55
2013-01-11 09:18:00,1100.0,665.45
2013-01-11 09:19:00,1114.0,670.15
2013-01-11 09:20:00,1113.0,674.0
2013-01-11 09:21:00,1120.0,677.35
2013-01-11 09:22:00,1126.0,682.0999999999999
2013-01-11 09:23:00,1131.0,686.1
2013-01-11 09:24:00,1132.0,689.4000000000001
2013-01-11 09:25:00,1145.0,693.0
2013-01-11 09:26:00,1153.0,699.95
2013-01-11 09:27:00,1157.0,706.05
2013-01-11 09:28:00,1175.0,712.9
2013-01-11 09:29:00,1195.0,721.7
2013-01-11 09:30:00,1200.0,729.75
2013-01-11 09:31:00,1234.0,743.5
2013-01-11 09:32:00,1273.0,765.6
2013-01-11 09:33:00,1305.0,784.9
2013-01-11 09:34:00,1326.0,796.95
2013-01-11 09:35:00,1337.0,803.4
2013-01-11 09:36:00,886.0,551.65
2013-01-11 09:37:00,1160.0,687.05
2013-01-11 09:38:00,1343.0,818.8
2013-01-11 09:39:00,1359.0,827.25
2013-01-11 09:40:00,1312.0,803.95
2013-01-11 09:41:00,831.0,517.9
2013-01-11 09:42:00,874.0,522.15
2013-01-11 09:43:00,1206.0,742.25
2013-01-11 09:44:00,1075.0,632.35
2013-01-11 09:45:00,1382.0,841.85
2013-01-11 09:46:00,1403.0,857.0
2013-01-11 09:47:00,1440.0,883.0
2013-01-11 09:48:00,1347.0,838.25
2013-01-11 09:49:00,397.8,252.25
2013-01-11 09:50:00,369.2,230.2
2013-01-11 09:51:00,384.2,233.6
2013-01-11 09:52:00,682.6,406.95
2013-01-11 09:53:00,822.0,468.15
2013-01-11 09:54:00,723.1,445.0
2013-01-11 09:55:00,244.1,152.95
2013-01-11 09:56:00,210.2,123.95
2013-01-11 09:57:00,198.7,112.35
2013-01-11 09:58:00,180.5,104.45
2013-01-11 09:59:00,180.2,100.45
2013-01-11 10:00:00,180.6,101.25
2013-01-11 10:01:00,165.0,91.45
2013-01-11 10:02:00,151.6,82.08500000000001
2013-01-11 10:03:00,137.1,76.485
2013-01-11 10:04:00,125.7,72.28
2013-01-11 10:05:00,126.3,68.66
2013-01-11 10:06:00,126.4,66.44999999999999
2013-01-11 10:07:00,126.6,65.965
2013-01-11 10:08:00,126.3,65.045
2013-01-11 10:09:00,118.2,63.385000000000005
2013-01-11 10:10:00,108.5,60.995000000000005
2013-01-11 10:11:00,106.1,58.875
2013-01-11 10:12:00,91.9,57.235
2013-01-11 10:13:00,90.1,55.96
2013-01-11 10:14:00,90.1,54.635
2013-01-11 10:15:00,90.3,53.425
2013-01-11 10:16:00,90.3,52.465
2013-01-11 10:17:00,90.3,51.05
2013-01-11 10:18:00,90.4,49.335
2013-01-11 10:19:00,90.4,47.665
2013-01-11 10:20:00,90.1,46.22
2013-01-11 10:21:00,83.7,44.065
2013-01-11 10:22:00,72.25,41.44
2013-01-11 10:23:00,63.88,38.86
2013-01-11 10:24:00,54.2,36.42
2013-01-11 10:25:00,54.14,34.71
2013-01-11 10:26:00,54.16,33.095
2013-01-11 10:27:00,54.2,31.384999999999998
2013-01-11 10:28:00,54.2,30.495
2013-01-11 10:29:00,54.22,30.6
2013-01-11 10:30:00,54.19,30.37
2013-01-11 10:31:00,54.22,29.924999999999997
2013-01-11 10:32:00,53.99,29.055
2013-01-11 10:33:00,54.27,28.95
2013-01-11 10:34:00,54.2,28.955
2013-01-11 10:35:00,54.01,28.85
2013-01-11 10:36:00,54.2,27.59
2013-01-11 10:37:00,46.67,26.21
2013-01-11 10:38:00,15.34,25.04
2013-01-11 10:39:00,10.27,24.185000000000002
2013-01-11 10:40:00,7.941,22.009999999999998
2013-01-11 10:41:00,5.566,21.775
2013-01-11 10:42:00,8.8,22.56
2013-01-11 10:43:00,10.36,23.560000000000002
2013-01-11 10:44:00,9.53,23.505000000000003
2013-01-11 10:45:00,5.696,23.725
2013-01-11 10:46:00,9.69,23.665
2013-01-11 10:47:00,9.39,23.305
2013-01-11 10:48:00,5.584,22.285
2013-01-11 10:49:00,11.35,20.84
2013-01-11 10:50:00,11.23,20.744999999999997
2013-01-11 10:51:00,3.225,20.685000000000002
2013-01-11 10:52:00,10.4,19.485
2013-01-11 10:53:00,5.69,18.77
2013-01-11 10:54:00,4.694,19.525
2013-01-11 10:55:00,5.695,18.9
2013-01-11 10:56:00,7.152,18.345
2013-01-11 10:57:00,5.691,18.155
2013-01-11 10:58:00,2.311,17.365000000000002
2013-01-11 10:59:00,5.613,17.05
2013-01-11 11:00:00,1.522,17.1
2013-01-11 11:01:00,2.25,17.134999999999998
2013-01-11 11:02:00,4.002,16.975
2013-01-11 11:03:00,5.557,17.165
2013-01-11 11:04:00,2.377,16.86
2013-01-11 11:05:00,5.65,18.29
2013-01-11 11:06:00,8.02,19.53
2013-01-11 11:07:00,9.73,19.965
2013-01-11 11:08:00,7.246,20.735
2013-01-11 11:09:00,5.625,21.925
2013-01-11 11:10:00,10.47,22.42
2013-01-11 11:11:00,5.66,23.595
2013-01-11 11:12:00,11.07,24.384999999999998
2013-01-11 11:13:00,7.917,25.605
2013-01-11 11:14:00,25.31,26.455
2013-01-11 11:15:00,53.53,27.015
2013-01-11 11:16:00,30.93,26.560000000000002
2013-01-11 11:17:00,22.31,26.8
2013-01-11 11:18:00,54.25,28.34
2013-01-11 11:19:00,53.53,26.775
2013-01-11 11:20:00,39.91,26.485
2013-01-11 11:21:00,4.798,26.6
2013-01-11 11:22:00,16.65,27.175
2013-01-11 11:23:00,5.687,25.865
2013-01-11 11:24:00,10.3,24.615000000000002
2013-01-11 11:25:00,7.834,23.915
2013-01-11 11:26:00,11.21,22.48
2013-01-11 11:27:00,4.818,22.645
2013-01-11 11:28:00,16.71,23.034999999999997
2013-01-11 11:29:00,7.987,25.165
2013-01-11 11:30:00,19.8,27.42
2013-01-11 11:31:00,51.97,27.005000000000003
2013-01-11 11:32:00,29.66,26.73
2013-01-11 11:33:00,9.55,25.73
2013-01-11 11:34:00,10.34,25.22
2013-01-11 11:35:00,16.37,26.810000000000002
2013-01-11 11:36:00,54.2,29.39
2013-01-11 11:37:00,54.26,29.015
2013-01-11 11:38:00,54.24,28.575
2013-01-11 11:39:00,54.27,31.555
2013-01-11 11:40:00,54.14,32.78
2013-01-11 11:41:00,54.14,33.59
2013-01-11 11:42:00,54.25,36.235
2013-01-11 11:43:00,63.37,39.825
2013-01-11 11:44:00,76.81,43.599999999999994
2013-01-11 11:45:00,90.6,47.22
2013-01-11 11:46:00,90.5,50.17
2013-01-11 11:47:00,90.5,53.035
2013-01-11 11:48:00,90.6,55.115
2013-01-11 11:49:00,90.3,56.735
2013-01-11 11:50:00,106.9,59.055
2013-01-11 11:51:00,110.6,62.31
2013-01-11 11:52:00,126.5,67.35499999999999
2013-01-11 11:53:00,126.7,72.66
2013-01-11 11:54:00,141.7,79.10499999999999
2013-01-11 11:55:00,162.7,86.4
2013-01-11 11:56:00,162.5,93.1
2013-01-11 11:57:00,177.8,100.1
2013-01-11 11:58:00,198.7,108.35
2013-01-11 11:59:00,209.5,118.85
2013-01-11 12:00:00,217.1,130.95
2013-01-11 12:01:00,247.6,145.5
2013-01-11 12:02:00,286.0,164.2
2013-01-11 12:03:00,336.2,189.89999999999998
2013-01-11 12:04:00,418.2,230.3
2013-01-11 12:05:00,531.9,287.1
2013-01-11 12:06:00,632.5,336.35
2013-01-11 12:07:00,812.0,429.6
2013-01-11 12:08:00,960.0,504.34999999999997
2013-01-11 12:09:00,1132.0,598.1
2013-01-11 12:10:00,1266.0,671.65
2013-01-11 12:11:00,1372.0,739.05
2013-01-11 12:12:00,810.0,450.55
2013-01-11 12:13:00,865.0,462.4
2013-01-11 12:14:00,1464.0,795.15
2013-01-11 12:15:00,757.6,422.4
2013-01-11 12:16:00,755.2,411.45
2013-01-11 12:17:00,1224.0,647.45
2013-01-11 12:18:00,1330.0,740.3499999999999
2013-01-11 12:19:00,699.6,394.3
2013-01-11 12:20:00,792.0,431.8
2013-01-11 12:21:00,1545.0,851.0
2013-01-11 12:22:00,2015.0,1151.0
2013-01-11 12:23:00,2059.0,1193.0
2013-01-11 12:24:00,2013.0,1175.0
2013-01-11 12:25:00,2022.0,1178.0
2013-01-11 12:26:00,2024.0,1188.0
2013-01-11 12:27:00,1998.0,1180.5
2013-01-11 12:28:00,1959.0,1151.5
2013-01-11 12:29:00,1709.0,1003.5
2013-01-11 12:30:00,1329.0,765.75
2013-01-11 12:31:00,1219.0,688.9
2013-01-11 12:32:00,1838.0,1082.5
2013-01-11 12:33:00,1746.0,1041.5
2013-01-11 12:34:00,1740.0,1033.5
2013-01-11 12:35:00,1820.0,1076.5
2013-01-11 12:36:00,1321.0,779.7
2013-01-11 12:37:00,777.6,446.79999999999995
2013-01-11 12:38:00,643.6,366.85
2013-01-11 12:39:00,1261.0,687.4
2013-01-11 12:40:00,1079.0,613.9
2013-01-11 12:41:00,668.1,387.9
2013-01-11 12:42:00,534.3,307.6
2013-01-11 12:43:00,677.8,375.7
2013-01-11 12:44:00,1037.0,567.05
2013-01-11 12:45:00,1386.0,761.3
2013-01-11 12:46:00,1552.0,858.5
2013-01-11 12:47:00,2033.0,1163.5
2013-01-11 12:48:00,2062.0,1202.0
2013-01-11 12:49:00,1887.0,1096.0
2013-01-11 12:50:00,2004.0,1167.5
2013-01-11 12:51:00,1650.0,958.0
2013-01-11 12:52:00,1312.0,739.45
2013-01-11 12:53:00,1171.0,663.95
2013-01-11 12:54:00,1103.0,609.25
2013-01-11 12:55:00,984.0,551.1
2013-01-11 12:56:00,983.0,532.45
2013-01-11 12:57:00,1447.0,807.7
2013-01-11 12:58:00,1188.0,667.3499999999999
2013-01-11 12:59:00,1311.0,736.45
2013-01-11 13:00:00,1220.0,681.15
2013-01-11 13:01:00,1117.0,620.8
2013-01-11 13:02:00,1175.0,654.7
2013-01-11 13:03:00,1244.0,703.2
2013-01-11 13:04:00,1426.0,806.85
2013-01-11 13:05:00,1653.0,950.5
2013-01-11 13:06:00,1734.0,1004.5
2013-01-11 13:07:00,1738.0,1006.5
2013-01-11 13:08:00,986.0,571.8
2013-01-11 13:09:00,682.0,384.4
2013-01-11 13:10:00,562.6,317.65
2013-01-11 13:11:00,532.8,298.9
2013-01-11 13:12:00,541.6,297.70000000000005
2013-01-11 13:13:00,542.1,298.6
2013-01-11 13:14:00,535.9,296.8
2013-01-11 13:15:00,541.9,300.5
2013-01-11 13:16:00,559.7,308.25
2013-01-11 13:17:00,582.3,317.45
2013-01-11 13:18:00,614.9,329.54999999999995
2013-01-11 13:19:00,661.8,351.85
2013-01-11 13:20:00,1192.0,629.85
2013-01-11 13:21:00,838.0,470.25
2013-01-11 13:22:00,820.0,434.75
2013-01-11 13:23:00,1644.0,911.0
2013-01-11 13:24:00,1670.0,943.5
2013-01-11 13:25:00,1339.0,752.75
2013-01-11 13:26:00,1150.0,642.6500000000001
2013-01-11 13:27:00,1341.0,749.55
2013-01-11 13:28:00,1174.0,659.95
2013-01-11 13:29:00,1315.0,757.6
2013-01-11 13:30:00,1206.0,681.25
2013-01-11 13:31:00,1206.0,688.65
2013-01-11 13:32:00,1205.0,691.65
2013-01-11 13:33:00,1225.0,690.1
2013-01-11 13:34:00,1314.0,755.45
2013-01-11 13:35:00,976.0,553.55
2013-01-11 13:36:00,892.0,502.0
2013-01-11 13:37:00,1029.0,580.45
2013-01-11 13:38:00,1201.0,665.55
2013-01-11 13:39:00,1650.0,955.5
2013-01-11 13:40:00,1465.0,851.65
2013-01-11 13:41:00,1382.0,802.05
2013-01-11 13:42:00,1220.0,709.45
2013-01-11 13:43:00,1136.0,651.8
2013-01-11 13:44:00,1100.0,638.45
2013-01-11 13:45:00,1047.0,600.5999999999999
2013-01-11 13:46:00,1077.0,625.65
2013-01-11 13:47:00,755.5,430.54999999999995
2013-01-11 13:48:00,710.4,405.5
2013-01-11 13:49:00,631.5,359.35
2013-01-11 13:50:00,608.7,350.25
2013-01-11 13:51:00,467.1,270.15
2013-01-11 13:52:00,445.8,254.9
2013-01-11 13:53:00,442.8,251.75
2013-01-11 13:54:00,411.1,237.85000000000002
2013-01-11 13:55:00,339.0,200.0
2013-01-11 13:56:00,326.1,191.10000000000002
2013-01-11 13:57:00,301.2,177.89999999999998
2013-01-11 13:58:00,320.5,181.7
2013-01-11 13:59:00,341.6,190.4
2013-01-11 14:00:00,300.2,171.7
2013-01-11 14:01:00,251.2,146.4
2013-01-11 14:02:00,216.9,120.25
2013-01-11 14:03:00,216.5,117.05
2013-01-11 14:04:00,216.7,118.4
2013-01-11 14:05:00,216.5,114.9
2013-01-11 14:06:00,216.9,116.35
2013-01-11 14:07:00,210.6,114.35
2013-01-11 14:08:00,216.7,115.6
2013-01-11 14:09:00,216.8,118.05
2013-01-11 14:10:00,216.9,119.5
2013-01-11 14:11:00,216.8,122.85
2013-01-11 14:12:00,224.1,129.75
2013-01-11 14:13:00,219.9,128.95
2013-01-11 14:14:00,217.0,125.39999999999999
2013-01-11 14:15:00,216.6,125.94999999999999
2013-01-11 14:16:00,216.9,127.4
2013-01-11 14:17:00,216.5,124.89999999999999
2013-01-11 14:18:00,219.0,126.35
2013-01-11 14:19:00,236.4,132.2
2013-01-11 14:20:00,252.6,138.25
2013-01-11 14:21:00,253.3,144.0
2013-01-11 14:22:00,276.9,150.0
2013-01-11 14:23:00,286.7,155.3
2013-01-11 14:24:00,270.9,151.89999999999998
2013-01-11 14:25:00,267.3,148.65
2013-01-11 14:26:00,252.5,143.35000000000002
2013-01-11 14:27:00,242.4,136.3
2013-01-11 14:28:00,220.0,129.2
2013-01-11 14:29:00,216.6,123.45
2013-01-11 14:30:00,212.3,117.35
2013-01-11 14:31:00,198.7,110.65
2013-01-11 14:32:00,199.1,106.0
2013-01-11 14:33:00,198.6,102.19999999999999
2013-01-11 14:34:00,191.5,100.05000000000001
2013-01-11 14:35:00,170.6,93.55
2013-01-11 14:36:00,145.3,79.695
2013-01-11 14:37:00,104.7,60.05
2013-01-11 14:38:00,84.5,47.620000000000005
2013-01-11 14:39:00,72.23,42.55
2013-01-11 14:40:00,72.27,41.34
2013-01-11 14:41:00,72.31,41.925
2013-01-11 14:42:00,72.23,41.285
2013-01-11 14:43:00,58.01,39.31
2013-01-11 14:44:00,66.07,39.69
2013-01-11 14:45:00,72.22,41.24
2013-01-11 14:46:00,66.28,40.084999999999994
2013-01-11 14:47:00,54.99,38.67
2013-01-11 14:48:00,67.66,39.724999999999994
2013-01-11 14:49:00,54.18,37.43
2013-01-11 14:50:00,54.12,34.14
2013-01-11 14:51:00,54.27,31.335
2013-01-11 14:52:00,52.74,28.555
2013-01-11 14:53:00,24.15,25.845
2013-01-11 14:54:00,12.64,23.775
2013-01-11 14:55:00,4.049,21.91
2013-01-11 14:56:00,8.78,20.265
2013-01-11 14:57:00,6.472,19.085
2013-01-11 14:58:00,1.459,17.945
2013-01-11 14:59:00,3.122,16.515
2013-01-11 15:00:00,4.748,15.379999999999999
2013-01-11 15:01:00,2.816,14.785
2013-01-11 15:02:00,4.79,14.615
2013-01-11 15:03:00,0.0,13.915
2013-01-11 15:04:00,5.498,13.5
2013-01-11 15:05:00,1.44,13.31
2013-01-11 15:06:00,4.614,12.61
2013-01-11 15:07:00,2.341,12.155
2013-01-11 15:08:00,2.295,12.09
2013-01-11 15:09:00,5.56,12.05
2013-01-11 15:10:00,10.34,12.145
2013-01-11 15:11:00,3.868,12.36
2013-01-11 15:12:00,7.745,13.16
2013-01-11 15:13:00,4.732,13.715
2013-01-11 15:14:00,5.516,14.645
2013-01-11 15:15:00,3.184,15.585
2013-01-11 15:16:00,7.119,15.94
2013-01-11 15:17:00,5.691,16.68
2013-01-11 15:18:00,6.259,16.415
2013-01-11 15:19:00,2.435,15.81
2013-01-11 15:20:00,5.539,15.094999999999999
2013-01-11 15:21:00,4.719,14.385
2013-01-11 15:22:00,6.064,12.91
2013-01-11 15:23:00,6.054,11.635
2013-01-11 15:24:00,7.98,10.395
2013-01-11 15:25:00,1.492,9.08
2013-01-11 15:26:00,10.15,8.0525
2013-01-11 15:27:00,1.279,7.159000000000001
2013-01-11 15:28:00,3.68,6.5465
2013-01-11 15:29:00,1.806,6.431
2013-01-11 15:30:00,5.413,6.431
2013-01-11 15:31:00,11.15,6.721500000000001
2013-01-11 15:32:00,14.99,8.107
2013-01-11 15:33:00,7.269,10.25
2013-01-11 15:34:00,2.441,13.245000000000001
2013-01-11 15:35:00,7.331,17.255
2013-01-11 15:36:00,11.33,19.42
2013-01-11 15:37:00,7.209,20.62
2013-01-11 15:38:00,8.86,22.665
2013-01-11 15:39:00,5.62,24.06
2013-01-11 15:40:00,11.01,23.045
2013-01-11 15:41:00,8.04,19.37
2013-01-11 15:42:00,5.532,15.555
2013-01-11 15:43:00,7.008,13.48
2013-01-11 15:44:00,5.645,13.08
2013-01-11 15:45:00,2.944,13.08
2013-01-11 15:46:00,6.332,13.254999999999999
2013-01-11 15:47:00,6.138,13.035
2013-01-11 15:48:00,3.939,12.57
2013-01-11 15:49:00,7.141,13.015
2013-01-11 15:50:00,7.295,14.16
2013-01-11 15:51:00,6.92,15.915000000000001
2013-01-11 15:52:00,4.846,17.880000000000003
2013-01-11 15:53:00,7.967,19.22
2013-01-11 15:54:00,8.08,19.66
2013-01-11 15:55:00,13.74,20.28
2013-01-11 15:56:00,8.87,20.28
2013-01-11 15:57:00,9.61,19.4
2013-01-11 15:58:00,9.76,18.43
2013-01-11 15:59:00,1.628,16.735
2013-01-11 16:00:00,6.029,15.11
2013-01-11 16:01:00,8.05,14.254999999999999
2013-01-11 16:02:00,3.943,13.89
2013-01-11 16:03:00,5.536,13.135
2013-01-11 16:04:00,5.438,13.08
2013-01-11 16:05:00,5.301,13.08
2013-01-11 16:06:00,6.383,13.08
2013-01-11 16:07:00,11.7,13.025
2013-01-11 16:08:00,3.163,12.25
2013-01-11 16:09:00,7.81,11.825
2013-01-11 16:10:00,4.681,10.955
2013-01-11 16:11:00,8.03,10.67
2013-01-11 16:12:00,11.18,10.719999999999999
2013-01-11 16:13:00,7.026,11.125
2013-01-11 16:14:00,7.835,11.93
2013-01-11 16:15:00,8.65,12.31
2013-01-11 16:16:00,7.139,12.56
2013-01-11 16:17:00,7.753,12.34
2013-01-11 16:18:00,5.548,11.895
2013-01-11 16:19:00,5.212,11.715
2013-01-11 16:20:00,5.506,12.045
2013-01-11 16:21:00,3.912,12.155000000000001
2013-01-11 16:22:00,8.8,12.155000000000001
2013-01-11 16:23:00,6.863,12.440000000000001
2013-01-11 16:24:00,8.91,13.274999999999999
2013-01-11 16:25:00,5.396,12.969999999999999
2013-01-11 16:26:00,9.55,12.120000000000001
2013-01-11 16:27:00,1.222,11.03
2013-01-11 16:28:00,11.45,10.08
2013-01-11 16:29:00,0.714,9.58
2013-01-11 16:30:00,15.25,9.33
2013-01-11 16:31:00,5.455,9.18
2013-01-11 16:32:00,9.15,9.295
2013-01-11 16:33:00,9.83,9.145
2013-01-11 16:34:00,6.208,8.301
2013-01-11 16:35:00,7.148,7.8435
2013-01-11 16:36:00,7.315,7.125500000000001
2013-01-11 16:37:00,3.618,6.425
2013-01-11 16:38:00,0.0,5.4815000000000005
2013-01-11 16:39:00,0.0,4.777
2013-01-11 16:40:00,0.0,3.8835
2013-01-11 16:41:00,0.0,3.263
2013-01-11 16:42:00,0.0,2.5125
2013-01-11 16:43:00,0.0,2.3970000000000002
2013-01-11 16:44:00,0.0,2.2815000000000003
2013-01-11 16:45:00,0.0,2.1345
2013-01-11 16:46:00,0.0,1.6505
2013-01-11 16:47:00,0.0,1.4195
2013-01-11 16:48:00,0.0,1.3045
2013-01-11 16:49:00,0.0,1.248
2013-01-11 16:50:00,0.0,0.946
2013-01-11 16:51:00,0.0,0.7464999999999999
2013-01-11 16:52:00,0.0,0.7645
2013-01-11 16:53:00,0.0,0.799
2013-01-11 16:54:00,0.0,0.7885
2013-01-11 16:55:00,0.0,0.817
2013-01-11 16:56:00,0.0,0.7885
2013-01-11 16:57:00,0.0,0.8240000000000001
2013-01-11 16:58:00,0.0,0.7150000000000001
2013-01-11 16:59:00,0.0,0.4625
2013-01-11 17:00:00,0.0,0.378
2013-01-11 17:01:00,0.0,0.378
2013-01-11 17:02:00,0.0,0.378
2013-01-11 17:03:00,0.0,0.2835
2013-01-11 17:04:00,0.0,0.252
2013-01-11 17:05:00,0.0,0.252
2013-01-11 17:06:00,0.0,0.252
2013-01-11 17:07:00,0.0,0.252
2013-01-11 17:08:00,0.0,0.252
2013-01-11 17:09:00,0.0,0.252
2013-01-11 17:10:00,0.0,0.1575
2013-01-11 17:11:00,0.0,0.1155
2013-01-11 17:12:00,0.0,0.0945
2013-01-11 17:13:00,0.0,0.0105
2013-01-11 17:14:00,0.0,0.0
2013-01-11 17:15:00,0.0,0.0
2013-01-11 17:16:00,0.0,0.0
2013-01-11 17:17:00,0.0,0.0
2013-01-11 17:18:00,0.0,0.0
2013-01-11 17:19:00,0.0,0.0
2013-01-11 17:20:00,0.0,0.0
2013-01-11 17:21:00,0.0,0.0
2013-01-11 17:22:00,0.0,0.0
2013-01-11 17:23:00,0.0,0.0
2013-01-11 17:24:00,0.0,0.0
2013-01-11 17:25:00,0.0,0.0
2013-01-11 17:26:00,0.0,0.0
2013-01-11 17:27:00,0.0,0.0
2013-01-11 17:28:00,0.0,0.0
2013-01-11 17:29:00,0.0,0.0
2013-01-11 17:30:00,0.0,0.0
2013-01-11 17:31:00,0.0,0.0
2013-01-11 17:32:00,0.0,0.0
2013-01-11 17:33:00,0.0,0.0
2013-01-11 17:34:00,0.0,0.0
2013-01-11 17:35:00,0.0,-0.309
2013-01-11 17:36:00,0.0,-0.59
2013-01-11 17:37:00,0.0,-0.6745
2013-01-11 17:38:00,0.0,-0.6745
2013-01-11 17:39:00,0.0,-0.6745
2013-01-11 17:40:00,0.0,-0.6745
2013-01-11 17:41:00,0.0,-0.6745
2013-01-11 17:42:00,0.0,-0.6745
2013-01-11 17:43:00,0.0,-0.6745
2013-01-11 17:44:00,0.0,-0.6745
2013-01-11 17:45:00,0.0,-0.6465
2013-01-11 17:46:00,0.0,-0.3655
2013-01-11 17:47:00,0.0,-0.337
2013-01-11 17:48:00,0.0,-0.1405
2013-01-11 17:49:00,0.0,0.0
2013-01-11 17:50:00,0.0,0.0
2013-01-11 17:51:00,0.0,0.0
2013-01-11 17:52:00,0.0,0.0
2013-01-11 17:53:00,0.0,0.0
2013-01-11 17:54:00,0.0,0.0
2013-01-11 17:55:00,0.0,0.0
2013-01-11 17:56:00,0.0,0.0
2013-01-11 17:57:00,0.0,0.0
2013-01-11 17:58:00,0.0,0.0
2013-01-11 17:59:00,0.0,0.0
2013-01-11 18:00:00,0.0,-0.028
2013-01-11 18:01:00,0.0,-0.337
2013-01-11 18:02:00,0.0,-0.337
2013-01-11 18:03:00,0.0,-0.534
2013-01-11 18:04:00,0.0,-0.6745
2013-01-11 18:05:00,0.0,-0.6745
2013-01-11 18:06:00,0.0,-0.6745
2013-01-11 18:07:00,0.0,-0.6745
2013-01-11 18:08:00,0.0,-0.6745
2013-01-11 18:09:00,0.0,-0.9555
2013-01-11 18:10:00,0.0,-1.0115
2013-01-11 18:11:00,0.0,-1.0115
2013-01-11 18:12:00,0.0,-1.0115
2013-01-11 18:13:00,0.0,-1.012
2013-01-11 18:14:00,0.0,-1.012
2013-01-11 18:15:00,0.0,-1.321
2013-01-11 18:16:00,0.0,-1.349
2013-01-11 18:17:00,0.0,-1.349
2013-01-11 18:18:00,0.0,-1.349
2013-01-11 18:19:00,0.0,-1.349
2013-01-11 18:20:00,0.0,-1.349
2013-01-11 18:21:00,0.0,-1.2365
2013-01-11 18:22:00,0.0,-1.349
2013-01-11 18:23:00,0.0,-1.349
2013-01-11 18:24:00,0.0,-1.04
2013-01-11 18:25:00,0.0,-1.012
2013-01-11 18:26:00,0.0,-1.012
2013-01-11 18:27:00,0.0,-1.012
2013-01-11 18:28:00,0.0,-1.012
2013-01-11 18:29:00,0.0,-1.012
2013-01-11 18:30:00,0.0,-1.012
2013-01-11 18:31:00,0.0,-1.012
2013-01-11 18:32:00,0.0,-1.012
2013-01-11 18:33:00,0.0,-1.012
2013-01-11 18:34:00,0.0,-1.012
2013-01-11 18:35:00,0.0,-1.012
2013-01-11 18:36:00,0.0,-1.012
2013-01-11 18:37:00,0.0,-1.012
2013-01-11 18:38:00,0.0,-1.012
2013-01-11 18:39:00,0.0,-1.012
2013-01-11 18:40:00,0.0,-1.012
2013-01-11 18:41:00,0.0,-1.012
2013-01-11 18:42:00,0.0,-1.012
2013-01-11 18:43:00,0.0,-1.012
2013-01-11 18:44:00,0.0,-1.012
2013-01-11 18:45:00,0.0,-1.012
2013-01-11 18:46:00,0.0,-1.012
2013-01-11 18:47:00,0.0,-1.012
2013-01-11 18:48:00,0.0,-0.984
2013-01-11 18:49:00,0.0,-0.6745
2013-01-11 18:50:00,0.0,-0.6745
2013-01-11 18:51:00,0.0,-0.6745
2013-01-11 18:52:00,0.0,-0.6745
2013-01-11 18:53:00,0.0,-0.6745
2013-01-11 18:54:00,0.0,-0.6745
2013-01-11 18:55:00,0.0,-0.4495
2013-01-11 18:56:00,0.0,-0.3375
2013-01-11 18:57:00,0.0,-0.3375
2013-01-11 18:58:00,0.0,-0.3375
2013-01-11 18:59:00,0.0,-0.3935
2013-01-11 19:00:00,0.0,-0.6745
2013-01-11 19:01:00,0.0,-0.6745
2013-01-11 19:02:00,0.0,-0.6745
2013-01-11 19:03:00,0.0,-0.6745
2013-01-11 19:04:00,0.0,-0.843
2013-01-11 19:05:00,0.0,-1.012
2013-01-11 19:06:00,0.0,-1.012
2013-01-11 19:07:00,0.0,-1.012
2013-01-11 19:08:00,0.0,-1.012
2013-01-11 19:09:00,0.0,-1.012
2013-01-11 19:10:00,0.0,-1.012
2013-01-11 19:11:00,0.0,-1.012
2013-01-11 19:12:00,0.0,-0.9555
2013-01-11 19:13:00,0.0,-0.6745
2013-01-11 19:14:00,0.0,-0.6745
2013-01-11 19:15:00,0.0,-0.6745
2013-01-11 19:16:00,0.0,-0.731
2013-01-11 19:17:00,0.0,-0.984
2013-01-11 19:18:00,0.0,-1.012
2013-01-11 19:19:00,0.0,-1.012
2013-01-11 19:20:00,0.0,-1.012
2013-01-11 19:21:00,0.0,-1.012
2013-01-11 19:22:00,0.0,-1.012
2013-01-11 19:23:00,0.0,-1.012
2013-01-11 19:24:00,0.0,-1.012
2013-01-11 19:25:00,0.0,-1.012
2013-01-11 19:26:00,0.0,-1.321
2013-01-11 19:27:00,0.0,-1.349
2013-01-11 19:28:00,0.0,-1.349
2013-01-11 19:29:00,0.0,-1.293
2013-01-11 19:30:00,0.0,-1.1245
2013-01-11 19:31:00,0.0,-1.237
2013-01-11 19:32:00,0.0,-1.349
2013-01-11 19:33:00,0.0,-1.321
2013-01-11 19:34:00,0.0,-1.096
2013-01-11 19:35:00,0.0,-1.1805
2013-01-11 19:36:00,0.0,-1.321
2013-01-11 19:37:00,0.0,-1.349
2013-01-11 19:38:00,0.0,-1.349
2013-01-11 19:39:00,0.0,-1.349
2013-01-11 19:40:00,0.0,-1.349
2013-01-11 19:41:00,0.0,-1.293
2013-01-11 19:42:00,0.0,-1.04
2013-01-11 19:43:00,0.0,-1.012
2013-01-11 19:44:00,0.0,-1.04
2013-01-11 19:45:00,0.0,-1.349
2013-01-11 19:46:00,0.0,-1.6305
2013-01-11 19:47:00,0.0,-1.6865
2013-01-11 19:48:00,0.0,-1.6865
2013-01-11 19:49:00,0.0,-1.6865
2013-01-11 19:50:00,0.0,-1.6865
2013-01-11 19:51:00,0.0,-1.6865
2013-01-11 19:52:00,0.0,-1.6865
2013-01-11 19:53:00,0.0,-1.6865
2013-01-11 19:54:00,0.0,-1.6865
2013-01-11 19:55:00,0.0,-1.6865
2013-01-11 19:56:00,0.0,-1.4615
2013-01-11 19:57:00,0.0,-1.3495
2013-01-11 19:58:00,0.0,-1.3495
2013-01-11 19:59:00,0.0,-1.3495
2013-01-11 20:00:00,0.0,-1.321
2013-01-11 20:01:00,0.0,-1.012
2013-01-11 20:02:00,0.0,-1.012
2013-01-11 20:03:00,0.0,-1.068
2013-01-11 20:04:00,0.0,-1.012
2013-01-11 20:05:00,0.0,-1.012
2013-01-11 20:06:00,0.0,-1.012
2013-01-11 20:07:00,0.0,-1.012
2013-01-11 20:08:00,0.0,-1.012
2013-01-11 20:09:00,0.0,-1.012
2013-01-11 20:10:00,0.0,-1.012
2013-01-11 20:11:00,0.0,-1.012
2013-01-11 20:12:00,0.0,-1.012
2013-01-11 20:13:00,0.0,-1.012
2013-01-11 20:14:00,0.0,-1.012
2013-01-11 20:15:00,0.0,-1.181
2013-01-11 20:16:00,0.0,-1.3495
2013-01-11 20:17:00,0.0,-1.3495
2013-01-11 20:18:00,0.0,-1.3495
2013-01-11 20:19:00,0.0,-1.3495
2013-01-11 20:20:00,0.0,-1.3495
2013-01-11 20:21:00,0.0,-1.2935
2013-01-11 20:22:00,0.0,-1.3215
2013-01-11 20:23:00,0.0,-1.2935
2013-01-11 20:24:00,0.0,-1.3495
2013-01-11 20:25:00,0.0,-1.3495
2013-01-11 20:26:00,0.0,-1.6305
2013-01-11 20:27:00,0.0,-1.659
2013-01-11 20:28:00,0.0,-1.687
2013-01-11 20:29:00,0.0,-1.687
2013-01-11 20:30:00,0.0,-1.743
2013-01-11 20:31:00,0.0,-1.687
2013-01-11 20:32:00,0.0,-1.743
2013-01-11 20:33:00,0.0,-1.7995
2013-01-11 20:34:00,0.0,-1.715
2013-01-11 20:35:00,0.0,-1.7715
2013-01-11 20:36:00,0.0,-1.912
2013-01-11 20:37:00,0.0,-1.856
2013-01-11 20:38:00,0.0,-2.0245
2013-01-11 20:39:00,0.0,-2.0245
2013-01-11 20:40:00,0.0,-1.9965
2013-01-11 20:41:00,0.0,-1.715
2013-01-11 20:42:00,0.0,-1.687
2013-01-11 20:43:00,0.0,-1.7435
2013-01-11 20:44:00,0.0,-1.715
2013-01-11 20:45:00,0.0,-1.7435
2013-01-11 20:46:00,0.0,-1.687
2013-01-11 20:47:00,0.0,-1.687
2013-01-11 20:48:00,0.0,-1.687
2013-01-11 20:49:00,0.0,-1.687
2013-01-11 20:50:00,0.0,-1.687
2013-01-11 20:51:00,0.0,-1.687
2013-01-11 20:52:00,0.0,-1.687
2013-01-11 20:53:00,0.0,-1.687
2013-01-11 20:54:00,0.0,-1.884
2013-01-11 20:55:00,0.0,-2.0245
2013-01-11 20:56:00,0.0,-2.137
2013-01-11 20:57:00,0.0,-2.0245
2013-01-11 20:58:00,0.0,-2.0245
2013-01-11 20:59:00,0.0,-1.7715
2013-01-11 21:00:00,0.0,-1.687
2013-01-11 21:01:00,0.0,-1.687
2013-01-11 21:02:00,0.0,-1.687
2013-01-11 21:03:00,0.0,-1.687
2013-01-11 21:04:00,0.0,-1.687
2013-01-11 21:05:00,0.0,-1.687
2013-01-11 21:06:00,0.0,-1.687
2013-01-11 21:07:00,0.0,-1.687
2013-01-11 21:08:00,0.0,-1.687
2013-01-11 21:09:00,0.0,-1.687
2013-01-11 21:10:00,0.0,-1.687
2013-01-11 21:11:00,0.0,-1.687
2013-01-11 21:12:00,0.0,-1.687
2013-01-11 21:13:00,0.0,-1.687
2013-01-11 21:14:00,0.0,-1.687
2013-01-11 21:15:00,0.0,-1.687
2013-01-11 21:16:00,0.0,-1.6025
2013-01-11 21:17:00,0.0,-1.3495
2013-01-11 21:18:00,0.0,-1.3495
2013-01-11 21:19:00,0.0,-1.2935
2013-01-11 21:20:00,0.0,-1.3215
2013-01-11 21:21:00,0.0,-1.0965
2013-01-11 21:22:00,0.0,-1.0125
2013-01-11 21:23:00,0.0,-1.0125
2013-01-11 21:24:00,0.0,-1.0125
2013-01-11 21:25:00,0.0,-1.0125
2013-01-11 21:26:00,0.0,-1.0125
2013-01-11 21:27:00,0.0,-1.0125
2013-01-11 21:28:00,0.0,-1.012
2013-01-11 21:29:00,0.0,-1.012
2013-01-11 21:30:00,0.0,-1.012
2013-01-11 21:31:00,0.0,-1.0405
2013-01-11 21:32:00,0.0,-1.012
2013-01-11 21:33:00,0.0,-1.012
2013-01-11 21:34:00,0.0,-1.012
2013-01-11 21:35:00,0.0,-1.012
2013-01-11 21:36:00,0.0,-1.012
2013-01-11 21:37:00,0.0,-1.0405
2013-01-11 21:38:00,0.0,-1.3495
2013-01-11 21:39:00,0.0,-1.3495
2013-01-11 21:40:00,0.0,-1.3495
2013-01-11 21:41:00,0.0,-1.3495
2013-01-11 21:42:00,0.0,-1.3495
2013-01-11 21:43:00,0.0,-1.3775
2013-01-11 21:44:00,0.0,-1.3775
2013-01-11 21:45:00,0.0,-1.2935
2013-01-11 21:46:00,0.0,-1.012
2013-01-11 21:47:00,0.0,-1.012
2013-01-11 21:48:00,0.0,-1.012
2013-01-11 21:49:00,0.0,-1.012
2013-01-11 21:50:00,0.0,-1.0685
2013-01-11 21:51:00,0.0,-1.012
2013-01-11 21:52:00,0.0,-1.181
2013-01-11 21:53:00,0.0,-1.3495
2013-01-11 21:54:00,0.0,-1.3495
2013-01-11 21:55:00,0.0,-1.6305
2013-01-11 21:56:00,0.0,-1.687
2013-01-11 21:57:00,0.0,-1.687
2013-01-11 21:58:00,0.0,-1.687
2013-01-11 21:59:00,0.0,-1.687
2013-01-11 22:00:00,0.0,-1.687
2013-01-11 22:01:00,0.0,-1.6585
2013-01-11 22:02:00,0.0,-1.3775
2013-01-11 22:03:00,0.0,-1.3495
2013-01-11 22:04:00,0.0,-1.3495
2013-01-11 22:05:00,0.0,-1.3495
2013-01-11 22:06:00,0.0,-1.3495
2013-01-11 22:07:00,0.0,-1.3495
2013-01-11 22:08:00,0.0,-1.3495
2013-01-11 22:09:00,0.0,-1.3495
2013-01-11 22:10:00,0.0,-1.3495
2013-01-11 22:11:00,0.0,-1.3495
2013-01-11 22:12:00,0.0,-1.3215
2013-01-11 22:13:00,0.0,-1.3495
2013-01-11 22:14:00,0.0,-1.3495
2013-01-11 22:15:00,0.0,-1.293
2013-01-11 22:16:00,0.0,-1.3215
2013-01-11 22:17:00,0.0,-1.237
2013-01-11 22:18:00,0.0,-1.0685
2013-01-11 22:19:00,0.0,-1.012
2013-01-11 22:20:00,0.0,-1.012
2013-01-11 22:21:00,0.0,-1.012
2013-01-11 22:22:00,0.0,-1.012
2013-01-11 22:23:00,0.0,-1.04
2013-01-11 22:24:00,0.0,-1.012
2013-01-11 22:25:00,0.0,-1.012
2013-01-11 22:26:00,0.0,-1.012
2013-01-11 22:27:00,0.0,-1.0685
2013-01-11 22:28:00,0.0,-1.237
2013-01-11 22:29:00,0.0,-1.3495
2013-01-11 22:30:00,0.0,-1.3495
2013-01-11 22:31:00,0.0,-1.3495
2013-01-11 22:32:00,0.0,-1.3495
2013-01-11 22:33:00,0.0,-1.3495
2013-01-11 22:34:00,0.0,-1.5745
2013-01-11 22:35:00,0.0,-1.6865
2013-01-11 22:36:00,0.0,-1.6865
2013-01-11 22:37:00,0.0,-1.6865
2013-01-11 22:38:00,0.0,-1.799
2013-01-11 22:39:00,0.0,-2.024
2013-01-11 22:40:00,0.0,-1.715
2013-01-11 22:41:00,0.0,-1.687
2013-01-11 22:42:00,0.0,-1.687
2013-01-11 22:43:00,0.0,-1.687
2013-01-11 22:44:00,0.0,-1.687
2013-01-11 22:45:00,0.0,-1.49
2013-01-11 22:46:00,0.0,-1.3495
2013-01-11 22:47:00,0.0,-1.3495
2013-01-11 22:48:00,0.0,-1.1525
2013-01-11 22:49:00,0.0,-1.012
2013-01-11 22:50:00,0.0,-1.012
2013-01-11 22:51:00,0.0,-1.012
2013-01-11 22:52:00,0.0,-1.012
2013-01-11 22:53:00,0.0,-1.012
2013-01-11 22:54:00,0.0,-1.237
2013-01-11 22:55:00,0.0,-1.3775
2013-01-11 22:56:00,0.0,-1.6025
2013-01-11 22:57:00,0.0,-1.687
2013-01-11 22:58:00,0.0,-1.687
2013-01-11 22:59:00,0.0,-1.687
2013-01-11 23:00:00,0.0,-1.687
2013-01-11 23:01:00,0.0,-1.687
2013-01-11 23:02:00,0.0,-1.687
2013-01-11 23:03:00,0.0,-1.687
2013-01-11 23:04:00,0.0,-1.687
2013-01-11 23:05:00,0.0,-1.687
2013-01-11 23:06:00,0.0,-1.687
2013-01-11 23:07:00,0.0,-1.518
2013-01-11 23:08:00,0.0,-1.434
2013-01-11 23:09:00,0.0,-1.3495
2013-01-11 23:10:00,0.0,-1.3495
2013-01-11 23:11:00,0.0,-1.0965
2013-01-11 23:12:00,0.0,-1.012
2013-01-11 23:13:00,0.0,-1.012
2013-01-11 23:14:00,0.0,-1.012
