datetime,dc_power,poa_irradiance
2015-01-01 00:00:00,-1.0,0.0
2015-01-01 00:15:00,-1.0,0.0
2015-01-01 00:30:00,-1.0,0.0
2015-01-01 00:45:00,-1.0,0.0
2015-01-01 01:00:00,-1.0,0.0
2015-01-01 01:15:00,-1.0,0.0
2015-01-01 01:30:00,-1.0,0.0
2015-01-01 01:45:00,-1.0,0.0
2015-01-01 02:00:00,-1.0,0.0
2015-01-01 02:15:00,-1.0,0.0
2015-01-01 02:30:00,-1.0,0.0
2015-01-01 02:45:00,-1.0,0.0
2015-01-01 03:00:00,-1.0,0.0
2015-01-01 03:15:00,-1.0,0.0
2015-01-01 03:30:00,0.0,0.0
2015-01-01 03:45:00,-1.0,0.0
2015-01-01 04:00:00,-1.0,0.0
2015-01-01 04:15:00,-1.0,0.0
2015-01-01 04:30:00,-1.0,0.0
2015-01-01 04:45:00,-1.0,0.0
2015-01-01 05:00:00,0.0,0.0
2015-01-01 05:15:00,0.0,0.0
2015-01-01 05:30:00,-1.0,0.0
2015-01-01 05:45:00,-1.0,0.0
2015-01-01 06:00:00,-1.0,0.0
2015-01-01 06:15:00,-1.0,0.0
2015-01-01 06:30:00,-1.0,0.0
2015-01-01 06:45:00,2.0,0.781
2015-01-01 07:00:00,8.0,7.715
2015-01-01 07:15:00,16.5,14.844
2015-01-01 07:30:00,39.5,18.555
2015-01-01 07:45:00,59.0,22.559
2015-01-01 08:00:00,84.0,27.637
2015-01-01 08:15:00,118.5,152.051
2015-01-01 08:30:00,168.5,397.363
2015-01-01 08:45:00,216.0,426.465
2015-01-01 09:00:00,263.5,478.027
2015-01-01 09:15:00,291.5,561.914
2015-01-01 09:30:00,309.5,661.426
2015-01-01 09:45:00,359.0,543.066
2015-01-01 10:00:00,367.5,686.328
2015-01-01 10:15:00,383.0,722.168
2015-01-01 10:30:00,398.0,751.953
2015-01-01 10:45:00,409.0,773.535
2015-01-01 11:00:00,417.0,794.141
2015-01-01 11:15:00,419.0,809.082
2015-01-01 11:30:00,423.0,819.727
2015-01-01 11:45:00,423.5,827.539
2015-01-01 12:00:00,425.0,827.051
2015-01-01 12:15:00,421.5,822.656
2015-01-01 12:30:00,411.5,810.449
2015-01-01 12:45:00,403.5,795.508
2015-01-01 13:00:00,391.5,774.121
2015-01-01 13:15:00,377.0,746.191
2015-01-01 13:30:00,359.0,713.672
2015-01-01 13:45:00,338.0,678.223
2015-01-01 14:00:00,313.5,636.621
2015-01-01 14:15:00,287.5,591.797
2015-01-01 14:30:00,258.5,541.992
2015-01-01 14:45:00,227.0,490.723
2015-01-01 15:00:00,184.0,436.621
2015-01-01 15:15:00,138.0,377.93
2015-01-01 15:30:00,89.5,317.188
2015-01-01 15:45:00,55.0,252.734
2015-01-01 16:00:00,29.0,65.332
2015-01-01 16:15:00,12.5,19.336
2015-01-01 16:30:00,4.5,12.305
2015-01-01 16:45:00,-1.0,5.078
2015-01-01 17:00:00,0.0,0.0
2015-01-01 17:15:00,-1.0,0.0
2015-01-01 17:30:00,0.0,0.0
2015-01-01 17:45:00,0.0,0.0
2015-01-01 18:00:00,0.0,0.0
2015-01-01 18:15:00,-1.0,0.0
2015-01-01 18:30:00,-1.0,0.0
2015-01-01 18:45:00,-1.0,0.0
2015-01-01 19:00:00,0.0,0.0
2015-01-01 19:15:00,-1.0,0.0
2015-01-01 19:30:00,0.0,0.0
2015-01-01 19:45:00,0.0,0.0
2015-01-01 20:00:00,0.0,0.0
2015-01-01 20:15:00,-1.0,0.0
2015-01-01 20:30:00,0.0,0.0
2015-01-01 20:45:00,0.0,0.0
2015-01-01 21:00:00,-1.0,0.0
2015-01-01 21:15:00,-1.0,0.0
2015-01-01 21:30:00,0.0,0.0
2015-01-01 21:45:00,-1.0,0.0
2015-01-01 22:00:00,0.0,0.0
2015-01-01 22:15:00,0.0,0.0
2015-01-01 22:30:00,0.0,0.0
2015-01-01 22:45:00,-1.0,0.0
2015-01-01 23:00:00,-1.0,0.0
2015-01-01 23:15:00,-1.0,0.0
2015-01-01 23:30:00,-1.0,0.0
2015-01-01 23:45:00,0.0,0.0
2015-01-02 00:00:00,-1.0,0.0
2015-01-02 00:15:00,-1.0,0.0
2015-01-02 00:30:00,-1.0,0.0
2015-01-02 00:45:00,-1.0,0.0
2015-01-02 01:00:00,-1.0,0.0
2015-01-02 01:15:00,-1.0,0.0
2015-01-02 01:30:00,-1.0,0.0
2015-01-02 01:45:00,-1.0,0.0
2015-01-02 02:00:00,-1.0,0.0
2015-01-02 02:15:00,-1.0,0.0
2015-01-02 02:30:00,-1.0,0.0
2015-01-02 02:45:00,-1.0,0.0
2015-01-02 03:00:00,-1.0,0.0
2015-01-02 03:15:00,-1.0,0.0
2015-01-02 03:30:00,-1.0,0.0
2015-01-02 03:45:00,-1.0,0.0
2015-01-02 04:00:00,-1.0,0.0
2015-01-02 04:15:00,-1.0,0.0
2015-01-02 04:30:00,-1.0,0.0
2015-01-02 04:45:00,-1.0,0.0
2015-01-02 05:00:00,-1.0,0.0
2015-01-02 05:15:00,-1.0,0.0
2015-01-02 05:30:00,-1.0,0.0
2015-01-02 05:45:00,-1.0,0.0
2015-01-02 06:00:00,0.0,0.0
2015-01-02 06:15:00,-1.0,0.0
2015-01-02 06:30:00,-1.0,0.0
2015-01-02 06:45:00,2.0,0.684
2015-01-02 07:00:00,6.0,5.273
2015-01-02 07:15:00,20.0,10.547
2015-01-02 07:30:00,44.5,13.867
2015-01-02 07:45:00,65.0,20.02
2015-01-02 08:00:00,91.0,21.582
2015-01-02 08:15:00,120.5,145.996
2015-01-02 08:30:00,169.0,400.195
2015-01-02 08:45:00,232.0,446.094
2015-01-02 09:00:00,266.5,506.348
2015-01-02 09:15:00,300.0,562.793
2015-01-02 09:30:00,327.0,612.207
2015-01-02 09:45:00,347.5,656.152
2015-01-02 10:00:00,367.5,695.02
2015-01-02 10:15:00,382.5,730.566
2015-01-02 10:30:00,395.5,760.254
2015-01-02 10:45:00,405.5,779.785
2015-01-02 11:00:00,415.0,800.879
2015-01-02 11:15:00,418.5,817.383
2015-01-02 11:30:00,422.5,825.488
2015-01-02 11:45:00,423.5,832.422
2015-01-02 12:00:00,421.0,828.418
2015-01-02 12:15:00,419.5,825.098
2015-01-02 12:30:00,413.5,815.918
2015-01-02 12:45:00,403.5,797.461
2015-01-02 13:00:00,391.5,777.441
2015-01-02 13:15:00,376.5,750.195
2015-01-02 13:30:00,360.0,719.824
2015-01-02 13:45:00,336.5,684.766
2015-01-02 14:00:00,311.5,643.848
2015-01-02 14:15:00,288.0,598.242
2015-01-02 14:30:00,259.5,550.586
2015-01-02 14:45:00,228.5,499.414
2015-01-02 15:00:00,185.5,443.555
2015-01-02 15:15:00,139.5,384.57
2015-01-02 15:30:00,88.0,324.316
2015-01-02 15:45:00,54.0,260.254
2015-01-02 16:00:00,29.0,78.516
2015-01-02 16:15:00,11.0,18.066
2015-01-02 16:30:00,5.0,12.109
2015-01-02 16:45:00,-1.0,5.469
2015-01-02 17:00:00,0.0,1.074
2015-01-02 17:15:00,-1.0,0.0
2015-01-02 17:30:00,-1.0,0.0
2015-01-02 17:45:00,0.0,0.0
2015-01-02 18:00:00,0.0,0.0
2015-01-02 18:15:00,0.0,0.0
2015-01-02 18:30:00,-1.0,0.0
2015-01-02 18:45:00,-1.0,0.0
2015-01-02 19:00:00,0.0,0.0
2015-01-02 19:15:00,-1.0,0.0
2015-01-02 19:30:00,0.0,0.0
2015-01-02 19:45:00,0.0,0.0
2015-01-02 20:00:00,-1.0,0.0
2015-01-02 20:15:00,-1.0,0.0
2015-01-02 20:30:00,-1.0,0.0
2015-01-02 20:45:00,0.0,0.0
2015-01-02 21:00:00,0.0,0.0
2015-01-02 21:15:00,0.0,0.0
2015-01-02 21:30:00,-1.0,0.0
2015-01-02 21:45:00,-1.0,0.0
2015-01-02 22:00:00,-1.0,0.0
2015-01-02 22:15:00,-1.0,0.0
2015-01-02 22:30:00,-1.0,0.0
2015-01-02 22:45:00,-1.0,0.0
2015-01-02 23:00:00,-1.0,0.0
2015-01-02 23:15:00,-1.0,0.0
2015-01-02 23:30:00,-1.0,0.0
2015-01-02 23:45:00,0.0,0.0
2015-01-03 00:00:00,-1.0,0.0
2015-01-03 00:15:00,-1.0,0.0
2015-01-03 00:30:00,-1.0,0.0
2015-01-03 00:45:00,0.0,0.0
2015-01-03 01:00:00,-1.0,0.0
2015-01-03 01:15:00,-1.0,0.0
2015-01-03 01:30:00,-1.0,0.0
2015-01-03 01:45:00,-1.0,0.0
2015-01-03 02:00:00,-1.0,0.0
2015-01-03 02:15:00,-1.0,0.0
2015-01-03 02:30:00,-1.0,0.0
2015-01-03 02:45:00,-1.0,0.0
2015-01-03 03:00:00,-1.0,0.0
2015-01-03 03:15:00,-1.0,0.0
2015-01-03 03:30:00,-1.0,0.0
2015-01-03 03:45:00,0.0,0.0
2015-01-03 04:00:00,-1.0,0.0
2015-01-03 04:15:00,-1.0,0.0
2015-01-03 04:30:00,-1.0,0.0
2015-01-03 04:45:00,-1.0,0.0
2015-01-03 05:00:00,-1.0,0.0
2015-01-03 05:15:00,0.0,0.0
2015-01-03 05:30:00,-1.0,0.0
2015-01-03 05:45:00,-1.0,0.0
2015-01-03 06:00:00,0.0,0.0
2015-01-03 06:15:00,-1.0,0.0
2015-01-03 06:30:00,-1.0,0.0
2015-01-03 06:45:00,2.0,0.879
2015-01-03 07:00:00,5.0,5.078
2015-01-03 07:15:00,18.0,10.547
2015-01-03 07:30:00,38.0,14.551
2015-01-03 07:45:00,60.0,16.797
2015-01-03 08:00:00,97.5,19.824
2015-01-03 08:15:00,139.5,139.16
2015-01-03 08:30:00,184.5,395.117
2015-01-03 08:45:00,228.0,443.457
2015-01-03 09:00:00,261.0,501.855
2015-01-03 09:15:00,292.0,554.59
2015-01-03 09:30:00,321.5,602.93
2015-01-03 09:45:00,342.0,645.605
2015-01-03 10:00:00,361.0,685.156
2015-01-03 10:15:00,376.0,720.996
2015-01-03 10:30:00,388.0,750.195
2015-01-03 10:45:00,403.0,774.023
2015-01-03 11:00:00,410.0,794.922
2015-01-03 11:15:00,417.0,810.938
2015-01-03 11:30:00,419.5,821.484
2015-01-03 11:45:00,420.5,825.977
2015-01-03 12:00:00,419.5,825.879
2015-01-03 12:15:00,412.0,818.359
2015-01-03 12:30:00,405.5,803.223
2015-01-03 12:45:00,397.5,790.527
2015-01-03 13:00:00,383.0,769.629
2015-01-03 13:15:00,361.0,743.75
2015-01-03 13:30:00,353.5,708.203
2015-01-03 13:45:00,321.0,674.121
2015-01-03 14:00:00,305.5,635.645
2015-01-03 14:15:00,279.0,591.895
2015-01-03 14:30:00,253.5,544.141
2015-01-03 14:45:00,221.0,488.086
2015-01-03 15:00:00,183.5,429.395
2015-01-03 15:15:00,139.5,376.855
2015-01-03 15:30:00,91.5,312.891
2015-01-03 15:45:00,56.0,254.199
2015-01-03 16:00:00,31.5,91.016
2015-01-03 16:15:00,13.5,20.898
2015-01-03 16:30:00,5.0,13.379
2015-01-03 16:45:00,0.0,5.762
2015-01-03 17:00:00,0.0,1.27
2015-01-03 17:15:00,-1.0,0.195
2015-01-03 17:30:00,0.0,0.195
2015-01-03 17:45:00,-1.0,0.098
2015-01-03 18:00:00,0.0,0.0
2015-01-03 18:15:00,0.0,0.0
2015-01-03 18:30:00,0.0,0.0
2015-01-03 18:45:00,0.0,0.0
2015-01-03 19:00:00,0.0,0.0
2015-01-03 19:15:00,0.0,0.0
2015-01-03 19:30:00,0.0,0.0
2015-01-03 19:45:00,0.0,0.0
2015-01-03 20:00:00,0.0,0.0
2015-01-03 20:15:00,-1.0,0.0
2015-01-03 20:30:00,-1.0,0.0
2015-01-03 20:45:00,0.0,0.0
2015-01-03 21:00:00,0.0,0.0
2015-01-03 21:15:00,0.0,0.0
2015-01-03 21:30:00,0.0,0.0
2015-01-03 21:45:00,0.0,0.0
2015-01-03 22:00:00,0.0,0.0
2015-01-03 22:15:00,-1.0,0.0
2015-01-03 22:30:00,-1.0,0.0
2015-01-03 22:45:00,-1.0,0.0
2015-01-03 23:00:00,-1.0,0.0
2015-01-03 23:15:00,-1.0,0.0
2015-01-03 23:30:00,-1.0,0.0
2015-01-03 23:45:00,-1.0,0.0
2015-01-04 00:00:00,-1.0,0.0
2015-01-04 00:15:00,-1.0,0.0
2015-01-04 00:30:00,-1.0,0.0
2015-01-04 00:45:00,-1.0,0.0
2015-01-04 01:00:00,-1.0,0.0
2015-01-04 01:15:00,-1.0,0.0
2015-01-04 01:30:00,-1.0,0.0
2015-01-04 01:45:00,-1.0,0.0
2015-01-04 02:00:00,-1.0,0.0
2015-01-04 02:15:00,-1.0,0.0
2015-01-04 02:30:00,-1.0,0.0
2015-01-04 02:45:00,-1.0,0.0
2015-01-04 03:00:00,-1.0,0.0
2015-01-04 03:15:00,-1.0,0.0
2015-01-04 03:30:00,-1.0,0.0
2015-01-04 03:45:00,-1.0,0.0
2015-01-04 04:00:00,-1.0,0.0
2015-01-04 04:15:00,-1.0,0.0
2015-01-04 04:30:00,-1.0,0.0
2015-01-04 04:45:00,0.0,0.0
2015-01-04 05:00:00,-1.0,0.0
2015-01-04 05:15:00,0.0,0.0
2015-01-04 05:30:00,-1.0,0.0
2015-01-04 05:45:00,-1.0,0.0
2015-01-04 06:00:00,-1.0,0.0
2015-01-04 06:15:00,-1.0,0.0
2015-01-04 06:30:00,-1.0,0.0
2015-01-04 06:45:00,2.0,1.27
2015-01-04 07:00:00,6.5,5.762
2015-01-04 07:15:00,16.5,12.402
2015-01-04 07:30:00,39.0,17.48
2015-01-04 07:45:00,64.0,20.898
2015-01-04 08:00:00,96.5,23.828
2015-01-04 08:15:00,137.0,133.887
2015-01-04 08:30:00,184.5,384.961
2015-01-04 08:45:00,220.0,432.422
2015-01-04 09:00:00,259.5,495.02
2015-01-04 09:15:00,291.5,551.758
2015-01-04 09:30:00,315.0,598.145
2015-01-04 09:45:00,342.0,636.23
2015-01-04 10:00:00,360.0,688.77
2015-01-04 10:15:00,346.5,729.98
2015-01-04 10:30:00,410.0,717.383
2015-01-04 10:45:00,412.0,794.727
2015-01-04 11:00:00,346.0,701.367
2015-01-04 11:15:00,240.0,560.156
2015-01-04 11:30:00,328.0,488.672
2015-01-04 11:45:00,216.0,480.371
2015-01-04 12:00:00,337.5,500.391
2015-01-04 12:15:00,303.0,538.574
2015-01-04 12:30:00,227.0,440.625
2015-01-04 12:45:00,214.5,435.254
2015-01-04 13:00:00,226.5,327.051
2015-01-04 13:15:00,306.0,455.859
2015-01-04 13:30:00,238.5,517.578
2015-01-04 13:45:00,172.0,353.223
2015-01-04 14:00:00,112.0,225.977
2015-01-04 14:15:00,101.0,167.969
2015-01-04 14:30:00,82.0,151.953
2015-01-04 14:45:00,83.5,131.152
2015-01-04 15:00:00,78.0,125.391
2015-01-04 15:15:00,180.0,347.266
2015-01-04 15:30:00,49.5,231.543
2015-01-04 15:45:00,53.0,83.301
2015-01-04 16:00:00,37.0,81.836
2015-01-04 16:15:00,14.5,40.332
2015-01-04 16:30:00,4.5,15.137
2015-01-04 16:45:00,-1.0,5.273
2015-01-04 17:00:00,0.0,1.953
2015-01-04 17:15:00,-1.0,0.098
2015-01-04 17:30:00,-1.0,0.098
2015-01-04 17:45:00,-1.0,0.098
2015-01-04 18:00:00,-1.0,0.098
2015-01-04 18:15:00,-1.0,0.0
2015-01-04 18:30:00,0.0,0.195
2015-01-04 18:45:00,0.0,0.098
2015-01-04 19:00:00,0.0,0.098
2015-01-04 19:15:00,-1.0,0.195
2015-01-04 19:30:00,0.0,0.098
2015-01-04 19:45:00,0.0,0.0
2015-01-04 20:00:00,-1.0,0.0
2015-01-04 20:15:00,-1.0,0.0
2015-01-04 20:30:00,-1.0,0.0
2015-01-04 20:45:00,-1.0,0.0
2015-01-04 21:00:00,0.0,0.0
2015-01-04 21:15:00,-1.0,0.0
2015-01-04 21:30:00,-1.0,0.0
2015-01-04 21:45:00,-1.0,0.0
2015-01-04 22:00:00,0.0,0.0
2015-01-04 22:15:00,-1.0,0.0
2015-01-04 22:30:00,-1.0,0.0
2015-01-04 22:45:00,-1.0,0.0
2015-01-04 23:00:00,-1.0,0.0
2015-01-04 23:15:00,-1.0,0.0
2015-01-04 23:30:00,0.0,0.0
2015-01-04 23:45:00,-1.0,0.0
2015-01-05 00:00:00,-1.0,0.0
2015-01-05 00:15:00,-1.0,0.0
2015-01-05 00:30:00,-1.0,0.0
2015-01-05 00:45:00,-1.0,0.0
2015-01-05 01:00:00,-1.0,0.0
2015-01-05 01:15:00,-1.0,0.0
2015-01-05 01:30:00,-1.0,0.0
2015-01-05 01:45:00,-1.0,0.0
2015-01-05 02:00:00,-1.0,0.0
2015-01-05 02:15:00,-1.0,0.0
2015-01-05 02:30:00,-1.0,0.0
2015-01-05 02:45:00,-1.0,0.0
2015-01-05 03:00:00,0.0,0.0
2015-01-05 03:15:00,0.0,0.0
2015-01-05 03:30:00,-1.0,0.0
2015-01-05 03:45:00,-1.0,0.0
2015-01-05 04:00:00,-1.0,0.0
2015-01-05 04:15:00,-1.0,0.0
2015-01-05 04:30:00,0.0,0.0
2015-01-05 04:45:00,-1.0,0.0
2015-01-05 05:00:00,-1.0,0.0
2015-01-05 05:15:00,-1.0,0.0
2015-01-05 05:30:00,0.0,0.0
2015-01-05 05:45:00,-1.0,0.0
2015-01-05 06:00:00,-1.0,0.0
2015-01-05 06:15:00,-1.0,0.0
2015-01-05 06:30:00,-1.0,0.0
2015-01-05 06:45:00,4.0,4.199
2015-01-05 07:00:00,7.0,8.496
2015-01-05 07:15:00,16.5,17.48
2015-01-05 07:30:00,47.5,25.488
2015-01-05 07:45:00,70.0,31.25
2015-01-05 08:00:00,109.0,38.77
2015-01-05 08:15:00,146.0,152.441
2015-01-05 08:30:00,184.0,405.566
2015-01-05 08:45:00,227.0,447.266
2015-01-05 09:00:00,257.0,483.789
2015-01-05 09:15:00,289.5,552.051
2015-01-05 09:30:00,324.5,608.301
2015-01-05 09:45:00,349.5,646.68
2015-01-05 10:00:00,357.5,704.59
2015-01-05 10:15:00,372.5,725.781
2015-01-05 10:30:00,385.0,754.395
2015-01-05 10:45:00,409.5,795.703
2015-01-05 11:00:00,389.5,770.313
2015-01-05 11:15:00,341.5,620.215
2015-01-05 11:30:00,279.0,594.629
2015-01-05 11:45:00,412.0,588.867
2015-01-05 12:00:00,387.0,822.168
2015-01-05 12:15:00,397.5,809.18
2015-01-05 12:30:00,394.5,792.969
2015-01-05 12:45:00,387.0,784.082
2015-01-05 13:00:00,346.0,645.313
2015-01-05 13:15:00,346.5,647.363
2015-01-05 13:30:00,277.0,555.566
2015-01-05 13:45:00,297.5,558.789
2015-01-05 14:00:00,211.5,433.008
2015-01-05 14:15:00,206.5,415.039
2015-01-05 14:30:00,228.5,374.707
2015-01-05 14:45:00,217.0,423.828
2015-01-05 15:00:00,202.5,466.504
2015-01-05 15:15:00,161.0,410.742
2015-01-05 15:30:00,102.5,350.293
2015-01-05 15:45:00,64.0,269.336
2015-01-05 16:00:00,36.0,124.609
2015-01-05 16:15:00,18.0,34.57
2015-01-05 16:30:00,6.5,21.484
2015-01-05 16:45:00,2.5,7.91
2015-01-05 17:00:00,0.0,0.0
2015-01-05 17:15:00,-1.0,0.098
2015-01-05 17:30:00,0.0,0.098
2015-01-05 17:45:00,-1.0,0.0
2015-01-05 18:00:00,0.0,0.0
2015-01-05 18:15:00,0.0,0.098
2015-01-05 18:30:00,-1.0,0.098
2015-01-05 18:45:00,0.0,0.098
2015-01-05 19:00:00,0.0,0.098
2015-01-05 19:15:00,-1.0,0.0
2015-01-05 19:30:00,0.0,0.0
2015-01-05 19:45:00,-1.0,0.0
2015-01-05 20:00:00,0.0,0.098
2015-01-05 20:15:00,-1.0,0.0
2015-01-05 20:30:00,-1.0,0.098
2015-01-05 20:45:00,-1.0,0.195
2015-01-05 21:00:00,-1.0,0.098
2015-01-05 21:15:00,-1.0,0.195
2015-01-05 21:30:00,-1.0,0.0
2015-01-05 21:45:00,-1.0,0.098
2015-01-05 22:00:00,-1.0,0.195
2015-01-05 22:15:00,0.0,0.098
2015-01-05 22:30:00,0.0,0.0
2015-01-05 22:45:00,-1.0,0.0
2015-01-05 23:00:00,-1.0,0.0
2015-01-05 23:15:00,-1.0,0.0
2015-01-05 23:30:00,-1.0,0.0
2015-01-05 23:45:00,-1.0,0.0
2015-01-06 00:00:00,-1.0,0.0
2015-01-06 00:15:00,-1.0,0.0
2015-01-06 00:30:00,-1.0,0.0
2015-01-06 00:45:00,-1.0,0.0
2015-01-06 01:00:00,-1.0,0.0
2015-01-06 01:15:00,-1.0,0.0
2015-01-06 01:30:00,-1.0,0.0
2015-01-06 01:45:00,-1.0,0.0
2015-01-06 02:00:00,-1.0,0.0
2015-01-06 02:15:00,-1.0,0.0
2015-01-06 02:30:00,0.0,0.0
2015-01-06 02:45:00,-1.0,0.0
2015-01-06 03:00:00,-1.0,0.0
2015-01-06 03:15:00,-1.0,0.0
2015-01-06 03:30:00,-1.0,0.0
2015-01-06 03:45:00,-1.0,0.0
2015-01-06 04:00:00,-1.0,0.0
2015-01-06 04:15:00,-1.0,0.0
2015-01-06 04:30:00,-1.0,0.0
2015-01-06 04:45:00,-1.0,0.0
2015-01-06 05:00:00,-1.0,0.0
2015-01-06 05:15:00,-1.0,0.0
2015-01-06 05:30:00,0.0,0.0
2015-01-06 05:45:00,-1.0,0.0
2015-01-06 06:00:00,-1.0,0.0
2015-01-06 06:15:00,-1.0,0.0
2015-01-06 06:30:00,-1.0,0.0
2015-01-06 06:45:00,2.0,0.781
2015-01-06 07:00:00,5.0,4.785
2015-01-06 07:15:00,16.5,9.961
2015-01-06 07:30:00,37.0,13.867
2015-01-06 07:45:00,58.0,14.551
2015-01-06 08:00:00,88.0,18.457
2015-01-06 08:15:00,114.5,132.227
2015-01-06 08:30:00,152.5,393.262
2015-01-06 08:45:00,185.5,439.746
2015-01-06 09:00:00,252.0,499.121
2015-01-06 09:15:00,286.0,558.398
2015-01-06 09:30:00,308.0,607.422
2015-01-06 09:45:00,331.0,651.758
2015-01-06 10:00:00,348.0,692.578
2015-01-06 10:15:00,365.5,728.125
2015-01-06 10:30:00,376.5,758.789
2015-01-06 10:45:00,386.5,783.398
2015-01-06 11:00:00,393.5,803.613
2015-01-06 11:15:00,398.5,817.578
2015-01-06 11:30:00,403.5,822.07
2015-01-06 11:45:00,406.0,824.902
2015-01-06 12:00:00,405.0,826.27
2015-01-06 12:15:00,398.0,815.43
2015-01-06 12:30:00,393.5,805.469
2015-01-06 12:45:00,381.0,784.668
2015-01-06 13:00:00,364.5,764.844
2015-01-06 13:15:00,346.0,749.512
2015-01-06 13:30:00,340.5,718.262
2015-01-06 13:45:00,315.5,686.133
2015-01-06 14:00:00,290.5,637.5
2015-01-06 14:15:00,275.0,585.449
2015-01-06 14:30:00,251.0,557.52
2015-01-06 14:45:00,221.0,505.273
2015-01-06 15:00:00,186.0,448.438
2015-01-06 15:15:00,142.0,385.547
2015-01-06 15:30:00,98.5,326.758
2015-01-06 15:45:00,55.0,254.492
2015-01-06 16:00:00,32.0,123.633
2015-01-06 16:15:00,13.5,20.703
2015-01-06 16:30:00,5.0,14.453
2015-01-06 16:45:00,2.0,6.934
2015-01-06 17:00:00,0.5,2.441
2015-01-06 17:15:00,-1.0,0.195
2015-01-06 17:30:00,0.0,0.0
2015-01-06 17:45:00,-1.0,0.0
2015-01-06 18:00:00,0.0,0.0
2015-01-06 18:15:00,0.0,0.0
2015-01-06 18:30:00,-1.0,0.0
2015-01-06 18:45:00,0.0,0.0
2015-01-06 19:00:00,-1.0,0.0
2015-01-06 19:15:00,0.0,0.0
2015-01-06 19:30:00,0.0,0.0
2015-01-06 19:45:00,-1.0,0.0
2015-01-06 20:00:00,0.0,0.0
2015-01-06 20:15:00,-1.0,0.0
2015-01-06 20:30:00,0.0,0.0
2015-01-06 20:45:00,0.0,0.098
2015-01-06 21:00:00,0.0,0.0
2015-01-06 21:15:00,0.0,0.098
2015-01-06 21:30:00,-1.0,0.0
2015-01-06 21:45:00,-1.0,0.0
2015-01-06 22:00:00,0.0,0.0
2015-01-06 22:15:00,0.0,0.0
2015-01-06 22:30:00,-1.0,0.0
2015-01-06 22:45:00,-1.0,0.098
2015-01-06 23:00:00,-1.0,0.098
2015-01-06 23:15:00,0.0,0.098
2015-01-06 23:30:00,-1.0,0.0
2015-01-06 23:45:00,-1.0,0.195
2015-01-07 00:00:00,-1.0,0.098
2015-01-07 00:15:00,-1.0,0.098
2015-01-07 00:30:00,-1.0,0.098
2015-01-07 00:45:00,-1.0,0.0
2015-01-07 01:00:00,-1.0,0.195
2015-01-07 01:15:00,-1.0,0.098
2015-01-07 01:30:00,-1.0,0.195
2015-01-07 01:45:00,0.0,0.098
2015-01-07 02:00:00,-1.0,0.195
2015-01-07 02:15:00,-1.0,0.098
2015-01-07 02:30:00,-1.0,0.195
2015-01-07 02:45:00,-1.0,0.195
2015-01-07 03:00:00,-1.0,0.098
2015-01-07 03:15:00,0.0,0.195
2015-01-07 03:30:00,-1.0,0.098
2015-01-07 03:45:00,-1.0,0.195
2015-01-07 04:00:00,-1.0,0.195
2015-01-07 04:15:00,0.0,0.195
2015-01-07 04:30:00,-1.0,0.195
2015-01-07 04:45:00,-1.0,0.195
2015-01-07 05:00:00,-1.0,0.098
2015-01-07 05:15:00,-1.0,0.098
2015-01-07 05:30:00,-1.0,0.0
2015-01-07 05:45:00,-1.0,0.0
2015-01-07 06:00:00,-1.0,0.0
2015-01-07 06:15:00,-1.0,0.0
2015-01-07 06:30:00,-1.0,0.0
2015-01-07 06:45:00,2.0,0.879
2015-01-07 07:00:00,-1.0,4.98
2015-01-07 07:15:00,15.5,9.961
2015-01-07 07:30:00,36.0,13.867
2015-01-07 07:45:00,56.5,16.113
2015-01-07 08:00:00,86.0,18.848
2015-01-07 08:15:00,114.0,130.273
2015-01-07 08:30:00,151.5,392.48
2015-01-07 08:45:00,186.5,441.602
2015-01-07 09:00:00,217.0,502.441
2015-01-07 09:15:00,280.0,558.008
2015-01-07 09:30:00,305.5,606.641
2015-01-07 09:45:00,319.0,650.293
2015-01-07 10:00:00,342.5,689.453
2015-01-07 10:15:00,355.0,724.219
2015-01-07 10:30:00,370.5,754.492
2015-01-07 10:45:00,379.0,776.953
2015-01-07 11:00:00,388.5,794.531
2015-01-07 11:15:00,392.5,809.18
2015-01-07 11:30:00,398.5,820.313
2015-01-07 11:45:00,396.0,825.879
2015-01-07 12:00:00,393.5,825.391
2015-01-07 12:15:00,390.5,820.313
2015-01-07 12:30:00,382.0,808.203
2015-01-07 12:45:00,373.5,793.359
2015-01-07 13:00:00,360.0,772.266
2015-01-07 13:15:00,349.0,748.73
2015-01-07 13:30:00,334.0,720.02
2015-01-07 13:45:00,315.0,684.18
2015-01-07 14:00:00,296.0,646.289
2015-01-07 14:15:00,273.0,602.832
2015-01-07 14:30:00,244.0,556.641
2015-01-07 14:45:00,218.0,506.25
2015-01-07 15:00:00,185.5,452.148
2015-01-07 15:15:00,145.0,394.824
2015-01-07 15:30:00,100.5,335.352
2015-01-07 15:45:00,60.5,274.707
2015-01-07 16:00:00,34.0,154.883
2015-01-07 16:15:00,12.5,16.602
2015-01-07 16:30:00,5.0,0.0
2015-01-07 16:45:00,0.0,5.859
2015-01-07 17:00:00,0.0,1.367
2015-01-07 17:15:00,-1.0,0.195
2015-01-07 17:30:00,-1.0,0.195
2015-01-07 17:45:00,0.0,0.195
2015-01-07 18:00:00,-1.0,0.0
2015-01-07 18:15:00,0.0,0.098
2015-01-07 18:30:00,-1.0,0.0
2015-01-07 18:45:00,0.0,0.0
2015-01-07 19:00:00,0.0,0.0
2015-01-07 19:15:00,-1.0,0.0
2015-01-07 19:30:00,0.0,0.0
2015-01-07 19:45:00,-1.0,0.0
2015-01-07 20:00:00,0.0,0.0
2015-01-07 20:15:00,0.0,0.0
2015-01-07 20:30:00,-1.0,0.0
2015-01-07 20:45:00,0.0,0.0
2015-01-07 21:00:00,0.0,0.0
2015-01-07 21:15:00,-1.0,0.0
2015-01-07 21:30:00,0.0,0.0
2015-01-07 21:45:00,-1.0,0.0
2015-01-07 22:00:00,-1.0,0.0
2015-01-07 22:15:00,0.0,0.0
2015-01-07 22:30:00,-1.0,0.0
2015-01-07 22:45:00,-1.0,0.0
2015-01-07 23:00:00,-1.0,0.0
2015-01-07 23:15:00,0.0,0.0
2015-01-07 23:30:00,-1.0,0.098
2015-01-07 23:45:00,-1.0,0.098
2015-01-08 00:00:00,0.0,0.098
2015-01-08 00:15:00,-1.0,0.098
2015-01-08 00:30:00,-1.0,0.0
2015-01-08 00:45:00,-1.0,0.0
2015-01-08 01:00:00,-1.0,0.0
2015-01-08 01:15:00,-1.0,0.0
2015-01-08 01:30:00,-1.0,0.0
2015-01-08 01:45:00,-1.0,0.0
2015-01-08 02:00:00,-1.0,0.0
2015-01-08 02:15:00,-1.0,0.098
2015-01-08 02:30:00,-1.0,0.195
2015-01-08 02:45:00,-1.0,0.195
2015-01-08 03:00:00,-1.0,0.293
2015-01-08 03:15:00,-1.0,0.293
2015-01-08 03:30:00,-1.0,0.293
2015-01-08 03:45:00,-1.0,0.195
2015-01-08 04:00:00,-1.0,0.293
2015-01-08 04:15:00,-1.0,0.195
2015-01-08 04:30:00,0.0,0.293
2015-01-08 04:45:00,0.0,0.195
2015-01-08 05:00:00,-1.0,0.098
2015-01-08 05:15:00,-1.0,0.195
2015-01-08 05:30:00,-1.0,0.195
2015-01-08 05:45:00,-1.0,0.195
2015-01-08 06:00:00,0.0,0.195
2015-01-08 06:15:00,-1.0,0.098
2015-01-08 06:30:00,-1.0,0.195
2015-01-08 06:45:00,1.0,0.684
2015-01-08 07:00:00,-1.0,4.785
2015-01-08 07:15:00,16.5,10.645
2015-01-08 07:30:00,35.5,14.746
2015-01-08 07:45:00,52.5,17.676
2015-01-08 08:00:00,83.5,20.801
2015-01-08 08:15:00,114.5,131.348
2015-01-08 08:30:00,152.5,390.039
2015-01-08 08:45:00,185.5,438.574
2015-01-08 09:00:00,249.0,497.656
2015-01-08 09:15:00,279.0,553.223
2015-01-08 09:30:00,303.0,600.879
2015-01-08 09:45:00,324.5,645.996
2015-01-08 10:00:00,342.0,685.449
2015-01-08 10:15:00,356.0,721.191
2015-01-08 10:30:00,370.5,745.605
2015-01-08 10:45:00,378.5,773.242
2015-01-08 11:00:00,386.0,789.063
2015-01-08 11:15:00,392.0,801.66
2015-01-08 11:30:00,393.5,815.039
2015-01-08 11:45:00,397.5,814.941
2015-01-08 12:00:00,397.5,823.047
2015-01-08 12:15:00,392.5,821.094
2015-01-08 12:30:00,386.5,811.816
2015-01-08 12:45:00,378.5,795.996
2015-01-08 13:00:00,367.0,775.684
2015-01-08 13:15:00,356.0,751.758
2015-01-08 13:30:00,340.0,722.656
2015-01-08 13:45:00,321.5,688.867
2015-01-08 14:00:00,301.0,649.316
2015-01-08 14:15:00,276.0,604.98
2015-01-08 14:30:00,249.0,558.105
2015-01-08 14:45:00,219.0,506.836
2015-01-08 15:00:00,189.5,452.832
2015-01-08 15:15:00,147.5,394.043
2015-01-08 15:30:00,103.0,334.277
2015-01-08 15:45:00,62.0,272.852
2015-01-08 16:00:00,35.5,168.066
2015-01-08 16:15:00,12.5,18.457
2015-01-08 16:30:00,4.5,13.77
2015-01-08 16:45:00,2.0,6.934
2015-01-08 17:00:00,0.0,1.758
2015-01-08 17:15:00,-1.0,0.293
2015-01-08 17:30:00,0.0,0.195
2015-01-08 17:45:00,-1.0,0.0
2015-01-08 18:00:00,-1.0,0.0
2015-01-08 18:15:00,-1.0,0.0
2015-01-08 18:30:00,-1.0,0.0
2015-01-08 18:45:00,0.0,0.0
2015-01-08 19:00:00,-1.0,0.0
2015-01-08 19:15:00,-1.0,0.0
2015-01-08 19:30:00,0.0,0.0
2015-01-08 19:45:00,-1.0,0.0
2015-01-08 20:00:00,0.0,0.0
2015-01-08 20:15:00,-1.0,0.0
2015-01-08 20:30:00,0.0,0.0
2015-01-08 20:45:00,0.0,0.098
2015-01-08 21:00:00,0.0,0.195
2015-01-08 21:15:00,0.0,0.098
2015-01-08 21:30:00,-1.0,0.195
2015-01-08 21:45:00,-1.0,0.098
2015-01-08 22:00:00,0.0,0.195
2015-01-08 22:15:00,-1.0,0.098
2015-01-08 22:30:00,0.0,0.098
2015-01-08 22:45:00,-1.0,0.0
2015-01-08 23:00:00,-1.0,0.0
2015-01-08 23:15:00,-1.0,0.098
2015-01-08 23:30:00,-1.0,0.195
2015-01-08 23:45:00,-1.0,0.098
2015-01-09 00:00:00,-1.0,0.195
2015-01-09 00:15:00,0.0,0.293
2015-01-09 00:30:00,0.0,0.293
2015-01-09 00:45:00,0.0,0.293
2015-01-09 01:00:00,-1.0,0.293
2015-01-09 01:15:00,-1.0,0.293
2015-01-09 01:30:00,-1.0,0.293
2015-01-09 01:45:00,-1.0,0.293
2015-01-09 02:00:00,-1.0,0.293
2015-01-09 02:15:00,-1.0,0.293
2015-01-09 02:30:00,-1.0,0.195
2015-01-09 02:45:00,-1.0,0.098
2015-01-09 03:00:00,-1.0,0.098
2015-01-09 03:15:00,0.0,0.195
2015-01-09 03:30:00,-1.0,0.195
2015-01-09 03:45:00,-1.0,0.098
2015-01-09 04:00:00,-1.0,0.0
2015-01-09 04:15:00,0.0,0.0
2015-01-09 04:30:00,-1.0,0.0
2015-01-09 04:45:00,-1.0,0.0
2015-01-09 05:00:00,-1.0,0.098
2015-01-09 05:15:00,-1.0,0.0
2015-01-09 05:30:00,-1.0,0.0
2015-01-09 05:45:00,-1.0,0.0
2015-01-09 06:00:00,-1.0,0.0
2015-01-09 06:15:00,-1.0,0.0
2015-01-09 06:30:00,-1.0,0.0
2015-01-09 06:45:00,2.0,0.879
2015-01-09 07:00:00,-1.0,5.469
2015-01-09 07:15:00,18.5,11.719
2015-01-09 07:30:00,39.0,17.09
2015-01-09 07:45:00,62.0,21.289
2015-01-09 08:00:00,93.5,26.074
2015-01-09 08:15:00,139.0,134.863
2015-01-09 08:30:00,180.0,386.621
2015-01-09 08:45:00,199.5,422.168
2015-01-09 09:00:00,251.0,474.121
2015-01-09 09:15:00,277.0,544.824
2015-01-09 09:30:00,302.0,590.234
2015-01-09 09:45:00,320.5,628.809
2015-01-09 10:00:00,339.5,667.578
2015-01-09 10:15:00,355.0,702.832
2015-01-09 10:30:00,373.0,738.867
2015-01-09 10:45:00,379.0,742.09
2015-01-09 11:00:00,395.5,789.941
2015-01-09 11:15:00,399.5,808.789
2015-01-09 11:30:00,359.0,802.93
2015-01-09 11:45:00,363.5,685.059
2015-01-09 12:00:00,405.5,841.797
2015-01-09 12:15:00,407.0,823.242
2015-01-09 12:30:00,403.5,818.066
2015-01-09 12:45:00,410.0,750.488
2015-01-09 13:00:00,388.0,713.77
2015-01-09 13:15:00,361.5,751.563
2015-01-09 13:30:00,235.5,599.023
2015-01-09 13:45:00,328.0,428.125
2015-01-09 14:00:00,93.0,593.164
2015-01-09 14:15:00,74.0,379.785
2015-01-09 14:30:00,57.0,97.266
2015-01-09 14:45:00,238.0,351.367
2015-01-09 15:00:00,78.0,143.945
2015-01-09 15:15:00,175.5,213.965
2015-01-09 15:30:00,66.0,319.922
2015-01-09 15:45:00,24.5,84.766
2015-01-09 16:00:00,12.0,28.125
2015-01-09 16:15:00,15.5,18.945
2015-01-09 16:30:00,4.5,16.113
2015-01-09 16:45:00,0.0,5.078
2015-01-09 17:00:00,0.5,0.0
2015-01-09 17:15:00,-1.0,0.195
2015-01-09 17:30:00,0.0,0.098
2015-01-09 17:45:00,0.0,0.098
2015-01-09 18:00:00,0.0,0.0
2015-01-09 18:15:00,0.0,0.0
2015-01-09 18:30:00,0.0,0.0
2015-01-09 18:45:00,-1.0,0.0
2015-01-09 19:00:00,0.0,0.0
2015-01-09 19:15:00,-1.0,0.0
2015-01-09 19:30:00,0.0,0.0
2015-01-09 19:45:00,-1.0,0.0
2015-01-09 20:00:00,0.0,0.0
2015-01-09 20:15:00,-1.0,0.0
2015-01-09 20:30:00,-1.0,0.0
2015-01-09 20:45:00,-1.0,0.0
2015-01-09 21:00:00,-1.0,0.0
2015-01-09 21:15:00,-1.0,0.0
2015-01-09 21:30:00,-1.0,0.0
2015-01-09 21:45:00,-1.0,0.0
2015-01-09 22:00:00,-1.0,0.0
2015-01-09 22:15:00,-1.0,0.098
2015-01-09 22:30:00,0.0,0.0
2015-01-09 22:45:00,-1.0,0.0
2015-01-09 23:00:00,-1.0,0.098
2015-01-09 23:15:00,-1.0,0.098
2015-01-09 23:30:00,-1.0,0.195
2015-01-09 23:45:00,-1.0,0.098
2015-01-10 00:00:00,0.0,0.098
2015-01-10 00:15:00,0.0,0.0
2015-01-10 00:30:00,-1.0,0.098
2015-01-10 00:45:00,-1.0,0.098
2015-01-10 01:00:00,0.0,0.0
2015-01-10 01:15:00,-1.0,0.0
2015-01-10 01:30:00,-1.0,0.098
2015-01-10 01:45:00,0.0,0.195
2015-01-10 02:00:00,-1.0,0.0
2015-01-10 02:15:00,-1.0,0.098
2015-01-10 02:30:00,-1.0,0.098
2015-01-10 02:45:00,-1.0,0.098
2015-01-10 03:00:00,-1.0,0.098
2015-01-10 03:15:00,-1.0,0.0
2015-01-10 03:30:00,-1.0,0.0
2015-01-10 03:45:00,-1.0,0.0
2015-01-10 04:00:00,-1.0,0.0
2015-01-10 04:15:00,-1.0,0.0
2015-01-10 04:30:00,0.0,0.0
2015-01-10 04:45:00,-1.0,0.0
2015-01-10 05:00:00,-1.0,0.098
2015-01-10 05:15:00,-1.0,0.0
2015-01-10 05:30:00,-1.0,0.098
2015-01-10 05:45:00,-1.0,0.098
2015-01-10 06:00:00,-1.0,0.195
2015-01-10 06:15:00,-1.0,0.098
2015-01-10 06:30:00,-1.0,0.0
2015-01-10 06:45:00,1.0,0.586
2015-01-10 07:00:00,-1.0,3.027
2015-01-10 07:15:00,6.5,7.227
2015-01-10 07:30:00,16.5,14.746
2015-01-10 07:45:00,36.0,36.23
2015-01-10 08:00:00,105.0,58.105
2015-01-10 08:15:00,127.5,113.281
2015-01-10 08:30:00,130.5,240.234
2015-01-10 08:45:00,89.5,321.484
2015-01-10 09:00:00,201.5,228.125
2015-01-10 09:15:00,332.5,433.496
2015-01-10 09:30:00,258.5,665.82
2015-01-10 09:45:00,327.0,672.461
2015-01-10 10:00:00,260.5,659.473
2015-01-10 10:15:00,190.0,371.777
2015-01-10 10:30:00,222.0,300.586
2015-01-10 10:45:00,384.5,553.906
2015-01-10 11:00:00,445.5,697.461
2015-01-10 11:15:00,488.0,789.551
2015-01-10 11:30:00,247.5,647.461
2015-01-10 11:45:00,168.5,349.512
2015-01-10 12:00:00,256.5,357.715
2015-01-10 12:15:00,338.0,676.66
2015-01-10 12:30:00,195.5,410.059
2015-01-10 12:45:00,400.5,619.727
2015-01-10 13:00:00,384.0,719.531
2015-01-10 13:15:00,378.5,733.105
2015-01-10 13:30:00,277.0,719.336
2015-01-10 13:45:00,257.5,381.348
2015-01-10 14:00:00,279.0,402.832
2015-01-10 14:15:00,275.0,580.273
2015-01-10 14:30:00,248.0,536.133
2015-01-10 14:45:00,222.0,486.523
2015-01-10 15:00:00,191.0,441.016
2015-01-10 15:15:00,147.0,375.781
2015-01-10 15:30:00,104.5,311.328
2015-01-10 15:45:00,62.5,241.406
2015-01-10 16:00:00,33.0,166.992
2015-01-10 16:15:00,16.0,24.902
2015-01-10 16:30:00,6.5,16.211
2015-01-10 16:45:00,2.0,6.25
2015-01-10 17:00:00,0.0,1.27
2015-01-10 17:15:00,-1.0,0.0
2015-01-10 17:30:00,-1.0,0.0
2015-01-10 17:45:00,0.0,0.0
2015-01-10 18:00:00,-1.0,0.0
2015-01-10 18:15:00,-1.0,0.0
2015-01-10 18:30:00,0.0,0.0
2015-01-10 18:45:00,-1.0,0.0
2015-01-10 19:00:00,0.0,0.0
2015-01-10 19:15:00,0.0,0.0
2015-01-10 19:30:00,0.0,0.0
2015-01-10 19:45:00,-1.0,0.0
2015-01-10 20:00:00,0.0,0.0
2015-01-10 20:15:00,0.0,0.0
2015-01-10 20:30:00,-1.0,0.0
2015-01-10 20:45:00,-1.0,0.0
2015-01-10 21:00:00,-1.0,0.0
2015-01-10 21:15:00,-1.0,0.0
2015-01-10 21:30:00,-1.0,0.0
2015-01-10 21:45:00,-1.0,0.0
2015-01-10 22:00:00,0.0,0.0
2015-01-10 22:15:00,0.0,0.0
2015-01-10 22:30:00,-1.0,0.0
2015-01-10 22:45:00,-1.0,0.0
2015-01-10 23:00:00,-1.0,0.0
2015-01-10 23:15:00,0.0,0.0
2015-01-10 23:30:00,-1.0,0.0
2015-01-10 23:45:00,-1.0,0.0
2015-01-11 00:00:00,-1.0,0.0
2015-01-11 00:15:00,0.0,0.0
2015-01-11 00:30:00,-1.0,0.0
2015-01-11 00:45:00,-1.0,0.0
2015-01-11 01:00:00,-1.0,0.0
2015-01-11 01:15:00,0.0,0.0
2015-01-11 01:30:00,-1.0,0.098
2015-01-11 01:45:00,-1.0,0.0
2015-01-11 02:00:00,-1.0,0.0
2015-01-11 02:15:00,0.0,0.0
2015-01-11 02:30:00,-1.0,0.0
2015-01-11 02:45:00,-1.0,0.0
2015-01-11 03:00:00,-1.0,0.195
2015-01-11 03:15:00,0.0,0.098
2015-01-11 03:30:00,-1.0,0.0
2015-01-11 03:45:00,-1.0,0.0
2015-01-11 04:00:00,-1.0,0.098
2015-01-11 04:15:00,-1.0,0.098
2015-01-11 04:30:00,0.0,0.0
2015-01-11 04:45:00,-1.0,0.098
2015-01-11 05:00:00,-1.0,0.0
2015-01-11 05:15:00,-1.0,0.0
2015-01-11 05:30:00,-1.0,0.0
2015-01-11 05:45:00,0.0,0.0
2015-01-11 06:00:00,-1.0,0.0
2015-01-11 06:15:00,-1.0,0.098
2015-01-11 06:30:00,-1.0,0.0
2015-01-11 06:45:00,-1.0,0.391
2015-01-11 07:00:00,-1.0,4.297
2015-01-11 07:15:00,12.5,19.238
2015-01-11 07:30:00,14.0,24.121
2015-01-11 07:45:00,11.0,19.141
2015-01-11 08:00:00,16.5,23.438
2015-01-11 08:15:00,18.0,27.734
2015-01-11 08:30:00,13.5,28.906
2015-01-11 08:45:00,10.5,21.973
2015-01-11 09:00:00,17.5,22.656
2015-01-11 09:15:00,21.5,29.102
2015-01-11 09:30:00,20.5,31.738
2015-01-11 09:45:00,22.0,31.152
2015-01-11 10:00:00,20.5,31.934
2015-01-11 10:15:00,21.5,30.469
2015-01-11 10:30:00,24.5,32.422
2015-01-11 10:45:00,29.0,37.695
2015-01-11 11:00:00,27.0,43.848
2015-01-11 11:15:00,26.0,39.453
2015-01-11 11:30:00,31.5,42.285
2015-01-11 11:45:00,54.5,76.66
2015-01-11 12:00:00,52.5,95.996
2015-01-11 12:15:00,45.0,74.902
2015-01-11 12:30:00,31.5,70.801
2015-01-11 12:45:00,39.0,58.105
2015-01-11 13:00:00,31.5,63.379
2015-01-11 13:15:00,27.0,44.238
2015-01-11 13:30:00,19.5,38.184
2015-01-11 13:45:00,19.5,28.418
2015-01-11 14:00:00,22.5,32.617
2015-01-11 14:15:00,31.0,39.551
2015-01-11 14:30:00,27.5,46.777
2015-01-11 14:45:00,20.5,35.938
2015-01-11 15:00:00,17.5,29.59
2015-01-11 15:15:00,20.0,29.785
2015-01-11 15:30:00,20.0,31.836
2015-01-11 15:45:00,14.5,28.418
2015-01-11 16:00:00,11.0,23.242
2015-01-11 16:15:00,6.5,14.844
2015-01-11 16:30:00,2.5,8.691
2015-01-11 16:45:00,-1.0,2.637
2015-01-11 17:00:00,-1.0,0.488
2015-01-11 17:15:00,-1.0,0.098
2015-01-11 17:30:00,-1.0,0.098
2015-01-11 17:45:00,-1.0,0.0
2015-01-11 18:00:00,-1.0,0.0
2015-01-11 18:15:00,0.0,0.098
2015-01-11 18:30:00,-1.0,0.0
2015-01-11 18:45:00,-1.0,0.0
2015-01-11 19:00:00,-1.0,0.098
2015-01-11 19:15:00,0.0,0.0
2015-01-11 19:30:00,-1.0,0.098
2015-01-11 19:45:00,0.0,0.0
2015-01-11 20:00:00,-1.0,0.098
2015-01-11 20:15:00,-1.0,0.098
2015-01-11 20:30:00,-1.0,0.0
2015-01-11 20:45:00,-1.0,0.098
2015-01-11 21:00:00,0.0,0.098
2015-01-11 21:15:00,-1.0,0.098
2015-01-11 21:30:00,-1.0,0.195
2015-01-11 21:45:00,-1.0,0.098
2015-01-11 22:00:00,-1.0,0.0
2015-01-11 22:15:00,-1.0,0.098
2015-01-11 22:30:00,-1.0,0.098
2015-01-11 22:45:00,-1.0,0.098
2015-01-11 23:00:00,-1.0,0.0
2015-01-11 23:15:00,-1.0,0.098
2015-01-11 23:30:00,-1.0,0.0
2015-01-11 23:45:00,-1.0,0.0
2015-01-12 00:00:00,0.0,0.098
2015-01-12 00:15:00,-1.0,0.098
2015-01-12 00:30:00,-1.0,0.0
2015-01-12 00:45:00,-1.0,0.098
2015-01-12 01:00:00,-1.0,0.098
2015-01-12 01:15:00,-1.0,0.098
2015-01-12 01:30:00,-1.0,0.098
2015-01-12 01:45:00,-1.0,0.293
2015-01-12 02:00:00,-1.0,0.195
2015-01-12 02:15:00,0.0,0.098
2015-01-12 02:30:00,-1.0,0.098
2015-01-12 02:45:00,-1.0,0.098
2015-01-12 03:00:00,-1.0,0.195
2015-01-12 03:15:00,-1.0,0.098
2015-01-12 03:30:00,-1.0,0.098
2015-01-12 03:45:00,-1.0,0.0
2015-01-12 04:00:00,-1.0,0.098
2015-01-12 04:15:00,-1.0,0.195
2015-01-12 04:30:00,-1.0,0.098
2015-01-12 04:45:00,-1.0,0.293
2015-01-12 05:00:00,-1.0,0.0
2015-01-12 05:15:00,-1.0,0.195
2015-01-12 05:30:00,-1.0,0.293
2015-01-12 05:45:00,-1.0,0.195
2015-01-12 06:00:00,-1.0,0.195
2015-01-12 06:15:00,-1.0,0.293
2015-01-12 06:30:00,-1.0,0.293
2015-01-12 06:45:00,2.0,0.977
2015-01-12 07:00:00,-1.0,3.418
2015-01-12 07:15:00,8.0,9.375
2015-01-12 07:30:00,14.0,16.797
2015-01-12 07:45:00,20.5,24.707
2015-01-12 08:00:00,60.5,37.109
2015-01-12 08:15:00,109.0,94.824
2015-01-12 08:30:00,186.5,326.66
2015-01-12 08:45:00,193.0,306.25
2015-01-12 09:00:00,236.0,440.918
2015-01-12 09:15:00,287.5,461.914
2015-01-12 09:30:00,334.0,438.965
2015-01-12 09:45:00,351.0,639.453
2015-01-12 10:00:00,388.0,636.328
2015-01-12 10:15:00,212.5,586.523
2015-01-12 10:30:00,421.0,562.402
2015-01-12 10:45:00,375.0,708.398
2015-01-12 11:00:00,407.5,725.879
2015-01-12 11:15:00,420.5,766.309
2015-01-12 11:30:00,328.5,737.402
2015-01-12 11:45:00,405.0,746.68
2015-01-12 12:00:00,421.0,785.352
2015-01-12 12:15:00,407.5,779.395
2015-01-12 12:30:00,386.0,779.98
2015-01-12 12:45:00,393.5,751.66
2015-01-12 13:00:00,400.5,791.211
2015-01-12 13:15:00,355.0,752.148
2015-01-12 13:30:00,330.0,632.617
2015-01-12 13:45:00,138.0,400.098
2015-01-12 14:00:00,140.0,203.223
2015-01-12 14:15:00,140.0,343.848
2015-01-12 14:30:00,112.0,199.219
2015-01-12 14:45:00,113.0,301.465
2015-01-12 15:00:00,95.0,175.195
2015-01-12 15:15:00,60.0,128.711
2015-01-12 15:30:00,54.0,94.531
2015-01-12 15:45:00,52.5,84.766
2015-01-12 16:00:00,34.0,75.488
2015-01-12 16:15:00,13.5,38.672
2015-01-12 16:30:00,5.0,15.137
2015-01-12 16:45:00,0.0,5.664
2015-01-12 17:00:00,0.5,2.539
2015-01-12 17:15:00,-1.0,0.195
2015-01-12 17:30:00,0.0,0.0
2015-01-12 17:45:00,0.0,0.0
2015-01-12 18:00:00,0.0,0.0
2015-01-12 18:15:00,0.0,0.0
2015-01-12 18:30:00,0.0,0.0
2015-01-12 18:45:00,0.0,0.0
2015-01-12 19:00:00,-1.0,0.0
2015-01-12 19:15:00,-1.0,0.0
2015-01-12 19:30:00,-1.0,0.0
2015-01-12 19:45:00,0.0,0.0
2015-01-12 20:00:00,-1.0,0.0
2015-01-12 20:15:00,-1.0,0.0
2015-01-12 20:30:00,-1.0,0.0
2015-01-12 20:45:00,-1.0,0.0
2015-01-12 21:00:00,0.0,0.0
2015-01-12 21:15:00,-1.0,0.0
2015-01-12 21:30:00,0.0,0.0
2015-01-12 21:45:00,-1.0,0.0
2015-01-12 22:00:00,-1.0,0.0
2015-01-12 22:15:00,-1.0,0.0
2015-01-12 22:30:00,-1.0,0.0
2015-01-12 22:45:00,-1.0,0.0
2015-01-12 23:00:00,-1.0,0.0
2015-01-12 23:15:00,0.0,0.0
2015-01-12 23:30:00,-1.0,0.098
2015-01-12 23:45:00,-1.0,0.098
2015-01-13 00:00:00,-1.0,0.098
2015-01-13 00:15:00,-1.0,0.098
2015-01-13 00:30:00,0.0,0.0
2015-01-13 00:45:00,-1.0,0.0
2015-01-13 01:00:00,-1.0,0.0
2015-01-13 01:15:00,-1.0,0.0
2015-01-13 01:30:00,-1.0,0.098
2015-01-13 01:45:00,-1.0,0.0
2015-01-13 02:00:00,-1.0,0.195
2015-01-13 02:15:00,0.0,0.293
2015-01-13 02:30:00,0.0,0.195
2015-01-13 02:45:00,-1.0,0.293
2015-01-13 03:00:00,-1.0,0.195
2015-01-13 03:15:00,-1.0,0.195
2015-01-13 03:30:00,-1.0,0.293
2015-01-13 03:45:00,-1.0,0.195
2015-01-13 04:00:00,-1.0,0.195
2015-01-13 04:15:00,-1.0,0.098
2015-01-13 04:30:00,-1.0,0.293
2015-01-13 04:45:00,-1.0,0.293
2015-01-13 05:00:00,-1.0,0.293
2015-01-13 05:15:00,-1.0,0.195
2015-01-13 05:30:00,-1.0,0.293
2015-01-13 05:45:00,-1.0,0.293
2015-01-13 06:00:00,0.0,0.195
2015-01-13 06:15:00,-1.0,0.195
2015-01-13 06:30:00,-1.0,0.098
2015-01-13 06:45:00,2.0,0.879
2015-01-13 07:00:00,-1.0,5.273
2015-01-13 07:15:00,16.5,11.035
2015-01-13 07:30:00,38.0,15.234
2015-01-13 07:45:00,62.0,18.066
2015-01-13 08:00:00,102.5,19.922
2015-01-13 08:15:00,151.0,157.227
2015-01-13 08:30:00,41.5,283.008
2015-01-13 08:45:00,241.5,238.965
2015-01-13 09:00:00,281.0,431.836
2015-01-13 09:15:00,309.5,578.516
2015-01-13 09:30:00,336.0,631.152
2015-01-13 09:45:00,360.0,674.121
2015-01-13 10:00:00,385.0,714.551
2015-01-13 10:15:00,406.0,750.0
2015-01-13 10:30:00,418.5,781.055
2015-01-13 10:45:00,430.5,806.934
2015-01-13 11:00:00,440.5,828.027
2015-01-13 11:15:00,449.5,845.996
2015-01-13 11:30:00,465.5,861.523
2015-01-13 11:45:00,468.0,862.402
2015-01-13 12:00:00,486.0,912.207
2015-01-13 12:15:00,504.5,992.188
2015-01-13 12:30:00,521.0,1008.984
2015-01-13 12:45:00,193.5,924.121
2015-01-13 13:00:00,184.5,825.488
2015-01-13 13:15:00,182.0,313.965
2015-01-13 13:30:00,119.0,244.238
2015-01-13 13:45:00,126.5,202.148
2015-01-13 14:00:00,119.0,212.402
2015-01-13 14:15:00,102.5,200.488
2015-01-13 14:30:00,83.0,149.414
2015-01-13 14:45:00,88.0,158.008
2015-01-13 15:00:00,297.5,415.234
2015-01-13 15:15:00,66.0,219.824
2015-01-13 15:30:00,118.5,161.035
2015-01-13 15:45:00,75.5,384.473
2015-01-13 16:00:00,72.0,267.773
2015-01-13 16:15:00,31.0,84.18
2015-01-13 16:30:00,13.5,27.637
2015-01-13 16:45:00,4.0,14.258
2015-01-13 17:00:00,-1.0,3.711
2015-01-13 17:15:00,0.0,0.0
2015-01-13 17:30:00,0.0,0.0
2015-01-13 17:45:00,-1.0,0.0
2015-01-13 18:00:00,-1.0,0.0
2015-01-13 18:15:00,0.0,0.0
2015-01-13 18:30:00,0.0,0.0
2015-01-13 18:45:00,-1.0,0.0
2015-01-13 19:00:00,0.0,0.0
2015-01-13 19:15:00,-1.0,0.0
2015-01-13 19:30:00,0.0,0.0
2015-01-13 19:45:00,-1.0,0.0
2015-01-13 20:00:00,-1.0,0.0
2015-01-13 20:15:00,-1.0,0.0
2015-01-13 20:30:00,-1.0,0.0
2015-01-13 20:45:00,0.0,0.098
2015-01-13 21:00:00,0.0,0.0
2015-01-13 21:15:00,-1.0,0.098
2015-01-13 21:30:00,0.0,0.195
2015-01-13 21:45:00,-1.0,0.098
2015-01-13 22:00:00,-1.0,0.195
2015-01-13 22:15:00,0.0,0.098
2015-01-13 22:30:00,-1.0,0.098
2015-01-13 22:45:00,-1.0,0.098
2015-01-13 23:00:00,-1.0,0.195
2015-01-13 23:15:00,0.0,0.195
2015-01-13 23:30:00,-1.0,0.098
2015-01-13 23:45:00,-1.0,0.098
2015-01-14 00:00:00,0.0,0.0
2015-01-14 00:15:00,-1.0,0.195
2015-01-14 00:30:00,-1.0,0.195
2015-01-14 00:45:00,0.0,0.195
2015-01-14 01:00:00,-1.0,0.195
2015-01-14 01:15:00,0.0,0.293
2015-01-14 01:30:00,-1.0,0.195
2015-01-14 01:45:00,-1.0,0.195
2015-01-14 02:00:00,0.0,0.293
2015-01-14 02:15:00,-1.0,0.195
2015-01-14 02:30:00,-1.0,0.195
2015-01-14 02:45:00,-1.0,0.098
2015-01-14 03:00:00,-1.0,0.098
2015-01-14 03:15:00,-1.0,0.195
2015-01-14 03:30:00,-1.0,0.195
2015-01-14 03:45:00,-1.0,0.195
2015-01-14 04:00:00,-1.0,0.195
2015-01-14 04:15:00,-1.0,0.195
2015-01-14 04:30:00,-1.0,0.195
2015-01-14 04:45:00,-1.0,0.195
2015-01-14 05:00:00,-1.0,0.098
2015-01-14 05:15:00,-1.0,0.098
2015-01-14 05:30:00,-1.0,0.098
2015-01-14 05:45:00,-1.0,0.098
2015-01-14 06:00:00,-1.0,0.0
2015-01-14 06:15:00,-1.0,0.098
2015-01-14 06:30:00,-1.0,0.098
2015-01-14 06:45:00,2.0,0.977
2015-01-14 07:00:00,-1.0,5.566
2015-01-14 07:15:00,17.5,10.938
2015-01-14 07:30:00,39.0,14.648
2015-01-14 07:45:00,64.0,16.992
2015-01-14 08:00:00,107.0,20.313
2015-01-14 08:15:00,151.5,179.492
2015-01-14 08:30:00,201.5,416.211
2015-01-14 08:45:00,241.5,467.48
2015-01-14 09:00:00,280.5,528.418
2015-01-14 09:15:00,311.0,586.719
2015-01-14 09:30:00,337.5,638.965
2015-01-14 09:45:00,359.0,685.254
2015-01-14 10:00:00,380.5,723.535
2015-01-14 10:15:00,392.0,761.426
2015-01-14 10:30:00,407.5,794.824
2015-01-14 10:45:00,417.0,820.996
2015-01-14 11:00:00,425.0,842.773
2015-01-14 11:15:00,432.0,860.254
2015-01-14 11:30:00,433.0,872.852
2015-01-14 11:45:00,436.0,878.516
2015-01-14 12:00:00,433.0,881.348
2015-01-14 12:15:00,432.0,878.613
2015-01-14 12:30:00,425.0,867.48
2015-01-14 12:45:00,416.5,850.488
2015-01-14 13:00:00,406.0,831.348
2015-01-14 13:15:00,394.0,805.273
2015-01-14 13:30:00,377.0,775.977
2015-01-14 13:45:00,359.0,740.918
2015-01-14 14:00:00,337.5,700.586
2015-01-14 14:15:00,312.5,655.469
2015-01-14 14:30:00,286.0,607.031
2015-01-14 14:45:00,258.5,555.762
2015-01-14 15:00:00,226.0,500.977
2015-01-14 15:15:00,187.5,442.871
2015-01-14 15:30:00,139.5,381.445
2015-01-14 15:45:00,86.0,318.066
2015-01-14 16:00:00,51.0,252.539
2015-01-14 16:15:00,21.5,73.828
2015-01-14 16:30:00,10.5,14.941
2015-01-14 16:45:00,3.0,9.277
2015-01-14 17:00:00,-1.0,2.93
2015-01-14 17:15:00,-1.0,0.391
2015-01-14 17:30:00,-1.0,0.0
2015-01-14 17:45:00,-1.0,0.098
2015-01-14 18:00:00,-1.0,0.098
2015-01-14 18:15:00,0.0,0.0
2015-01-14 18:30:00,-1.0,0.098
2015-01-14 18:45:00,0.0,0.195
2015-01-14 19:00:00,-1.0,0.098
2015-01-14 19:15:00,-1.0,0.098
2015-01-14 19:30:00,-1.0,0.098
2015-01-14 19:45:00,-1.0,0.098
2015-01-14 20:00:00,0.0,0.098
2015-01-14 20:15:00,-1.0,0.098
2015-01-14 20:30:00,-1.0,0.0
2015-01-14 20:45:00,-1.0,0.195
2015-01-14 21:00:00,-1.0,0.195
2015-01-14 21:15:00,0.0,0.195
2015-01-14 21:30:00,-1.0,0.195
2015-01-14 21:45:00,0.0,0.195
2015-01-14 22:00:00,-1.0,0.195
2015-01-14 22:15:00,0.0,0.195
2015-01-14 22:30:00,-1.0,0.098
2015-01-14 22:45:00,-1.0,0.098
2015-01-14 23:00:00,-1.0,0.195
2015-01-14 23:15:00,-1.0,0.098
2015-01-14 23:30:00,-1.0,0.0
2015-01-14 23:45:00,0.0,0.0
2015-01-15 00:00:00,-1.0,0.0
2015-01-15 00:15:00,0.0,0.0
2015-01-15 00:30:00,-1.0,0.0
2015-01-15 00:45:00,-1.0,0.0
2015-01-15 01:00:00,-1.0,0.0
2015-01-15 01:15:00,-1.0,0.0
2015-01-15 01:30:00,-1.0,0.0
2015-01-15 01:45:00,-1.0,0.0
2015-01-15 02:00:00,-1.0,0.0
2015-01-15 02:15:00,0.0,0.0
2015-01-15 02:30:00,-1.0,0.0
2015-01-15 02:45:00,-1.0,0.0
2015-01-15 03:00:00,-1.0,0.0
2015-01-15 03:15:00,-1.0,0.0
2015-01-15 03:30:00,-1.0,0.0
2015-01-15 03:45:00,0.0,0.0
2015-01-15 04:00:00,0.0,0.0
2015-01-15 04:15:00,-1.0,0.0
2015-01-15 04:30:00,-1.0,0.0
2015-01-15 04:45:00,-1.0,0.0
2015-01-15 05:00:00,-1.0,0.0
2015-01-15 05:15:00,-1.0,0.0
2015-01-15 05:30:00,-1.0,0.0
2015-01-15 05:45:00,-1.0,0.0
2015-01-15 06:00:00,-1.0,0.0
2015-01-15 06:15:00,-1.0,0.0
2015-01-15 06:30:00,-1.0,0.0
2015-01-15 06:45:00,2.5,0.977
2015-01-15 07:00:00,6.5,5.957
2015-01-15 07:15:00,26.0,12.012
2015-01-15 07:30:00,50.5,15.918
2015-01-15 07:45:00,76.0,19.238
2015-01-15 08:00:00,117.0,21.777
2015-01-15 08:15:00,161.0,197.949
2015-01-15 08:30:00,210.5,418.848
2015-01-15 08:45:00,248.0,473.34
2015-01-15 09:00:00,284.0,535.938
2015-01-15 09:15:00,312.5,593.652
2015-01-15 09:30:00,337.5,644.824
2015-01-15 09:45:00,355.5,684.277
2015-01-15 10:00:00,376.5,721.289
2015-01-15 10:15:00,392.0,756.543
2015-01-15 10:30:00,406.0,789.258
2015-01-15 10:45:00,417.0,820.703
2015-01-15 11:00:00,423.0,842.285
2015-01-15 11:15:00,434.0,861.133
2015-01-15 11:30:00,437.0,876.66
2015-01-15 11:45:00,438.0,883.398
2015-01-15 12:00:00,435.0,883.301
2015-01-15 12:15:00,430.5,876.758
2015-01-15 12:30:00,428.5,871.387
2015-01-15 12:45:00,420.5,859.18
2015-01-15 13:00:00,408.0,839.063
2015-01-15 13:15:00,396.0,814.453
2015-01-15 13:30:00,380.5,784.766
2015-01-15 13:45:00,360.0,750.879
2015-01-15 14:00:00,340.0,708.203
2015-01-15 14:15:00,314.5,660.547
2015-01-15 14:30:00,286.5,612.305
2015-01-15 14:45:00,257.0,558.984
2015-01-15 15:00:00,223.0,501.855
2015-01-15 15:15:00,188.0,442.871
2015-01-15 15:30:00,139.5,381.641
2015-01-15 15:45:00,88.0,317.773
2015-01-15 16:00:00,51.0,252.148
2015-01-15 16:15:00,24.0,92.09
2015-01-15 16:30:00,11.0,17.188
2015-01-15 16:45:00,3.0,10.059
2015-01-15 17:00:00,-1.0,3.711
2015-01-15 17:15:00,0.0,0.684
2015-01-15 17:30:00,0.0,0.098
2015-01-15 17:45:00,0.0,0.098
2015-01-15 18:00:00,-1.0,0.195
2015-01-15 18:15:00,0.0,0.098
2015-01-15 18:30:00,0.0,0.098
2015-01-15 18:45:00,-1.0,0.098
2015-01-15 19:00:00,-1.0,0.0
2015-01-15 19:15:00,0.0,0.0
2015-01-15 19:30:00,-1.0,0.195
2015-01-15 19:45:00,0.0,0.195
2015-01-15 20:00:00,0.0,0.195
2015-01-15 20:15:00,0.0,0.195
2015-01-15 20:30:00,-1.0,0.195
2015-01-15 20:45:00,0.0,0.195
2015-01-15 21:00:00,-1.0,0.195
2015-01-15 21:15:00,-1.0,0.195
2015-01-15 21:30:00,-1.0,0.293
2015-01-15 21:45:00,0.0,0.293
2015-01-15 22:00:00,0.0,0.195
2015-01-15 22:15:00,-1.0,0.195
2015-01-15 22:30:00,-1.0,0.195
2015-01-15 22:45:00,0.0,0.098
2015-01-15 23:00:00,0.0,0.0
2015-01-15 23:15:00,-1.0,0.0
2015-01-15 23:30:00,-1.0,0.0
2015-01-15 23:45:00,0.0,0.0
2015-01-16 00:00:00,0.0,0.098
2015-01-16 00:15:00,-1.0,0.0
2015-01-16 00:30:00,0.0,0.0
2015-01-16 00:45:00,-1.0,0.0
2015-01-16 01:00:00,-1.0,0.0
2015-01-16 01:15:00,-1.0,0.0
2015-01-16 01:30:00,-1.0,0.0
2015-01-16 01:45:00,0.0,0.0
2015-01-16 02:00:00,-1.0,0.0
2015-01-16 02:15:00,-1.0,0.0
2015-01-16 02:30:00,-1.0,0.0
2015-01-16 02:45:00,0.0,0.0
2015-01-16 03:00:00,-1.0,0.0
2015-01-16 03:15:00,-1.0,0.0
2015-01-16 03:30:00,0.0,0.0
2015-01-16 03:45:00,-1.0,0.0
2015-01-16 04:00:00,-1.0,0.0
2015-01-16 04:15:00,-1.0,0.0
2015-01-16 04:30:00,-1.0,0.0
2015-01-16 04:45:00,-1.0,0.0
2015-01-16 05:00:00,-1.0,0.0
2015-01-16 05:15:00,-1.0,0.0
2015-01-16 05:30:00,-1.0,0.0
2015-01-16 05:45:00,-1.0,0.0
2015-01-16 06:00:00,0.0,0.0
2015-01-16 06:15:00,-1.0,0.0
2015-01-16 06:30:00,-1.0,0.0
2015-01-16 06:45:00,8.0,6.641
2015-01-16 07:00:00,14.0,19.434
2015-01-16 07:15:00,29.5,20.117
2015-01-16 07:30:00,53.0,26.465
2015-01-16 07:45:00,73.5,34.473
2015-01-16 08:00:00,81.0,38.281
2015-01-16 08:15:00,127.5,151.66
2015-01-16 08:30:00,131.5,335.156
2015-01-16 08:45:00,284.0,364.648
2015-01-16 09:00:00,274.5,469.824
2015-01-16 09:15:00,329.0,481.348
2015-01-16 09:30:00,324.5,621.875
2015-01-16 09:45:00,374.5,678.418
2015-01-16 10:00:00,351.5,711.621
2015-01-16 10:15:00,370.5,711.621
2015-01-16 10:30:00,436.5,862.891
2015-01-16 10:45:00,326.5,742.285
2015-01-16 11:00:00,371.5,654.785
2015-01-16 11:15:00,394.5,684.57
2015-01-16 11:30:00,341.5,625.488
2015-01-16 11:45:00,190.0,502.344
2015-01-16 12:00:00,301.5,325.293
2015-01-16 12:15:00,408.0,759.668
2015-01-16 12:30:00,450.0,722.461
2015-01-16 12:45:00,365.0,826.953
2015-01-16 13:00:00,378.0,726.855
2015-01-16 13:15:00,396.5,792.188
2015-01-16 13:30:00,380.5,774.121
2015-01-16 13:45:00,361.0,734.961
2015-01-16 14:00:00,338.0,693.652
2015-01-16 14:15:00,313.5,649.707
2015-01-16 14:30:00,287.5,603.027
2015-01-16 14:45:00,259.0,554.395
2015-01-16 15:00:00,228.0,500.0
2015-01-16 15:15:00,193.0,442.188
2015-01-16 15:30:00,106.5,382.52
2015-01-16 15:45:00,72.5,203.906
2015-01-16 16:00:00,45.0,150.781
2015-01-16 16:15:00,31.0,106.641
2015-01-16 16:30:00,11.0,19.434
2015-01-16 16:45:00,4.0,10.156
2015-01-16 17:00:00,-1.0,4.199
2015-01-16 17:15:00,0.0,0.781
2015-01-16 17:30:00,0.0,0.0
2015-01-16 17:45:00,-1.0,0.098
2015-01-16 18:00:00,0.0,0.098
2015-01-16 18:15:00,0.0,0.098
2015-01-16 18:30:00,-1.0,0.0
2015-01-16 18:45:00,-1.0,0.098
2015-01-16 19:00:00,-1.0,0.098
2015-01-16 19:15:00,-1.0,0.098
2015-01-16 19:30:00,0.0,0.098
2015-01-16 19:45:00,0.0,0.098
2015-01-16 20:00:00,0.0,0.098
2015-01-16 20:15:00,-1.0,0.098
2015-01-16 20:30:00,0.0,0.098
2015-01-16 20:45:00,0.0,0.098
2015-01-16 21:00:00,0.0,0.098
2015-01-16 21:15:00,-1.0,0.0
2015-01-16 21:30:00,-1.0,0.098
2015-01-16 21:45:00,0.0,0.098
2015-01-16 22:00:00,-1.0,0.195
2015-01-16 22:15:00,0.0,0.195
2015-01-16 22:30:00,-1.0,0.195
2015-01-16 22:45:00,-1.0,0.195
2015-01-16 23:00:00,0.0,0.098
2015-01-16 23:15:00,-1.0,0.098
2015-01-16 23:30:00,-1.0,0.0
2015-01-16 23:45:00,-1.0,0.0
2015-01-17 00:00:00,0.0,0.0
2015-01-17 00:15:00,-1.0,0.0
2015-01-17 00:30:00,-1.0,0.0
2015-01-17 00:45:00,-1.0,0.0
2015-01-17 01:00:00,-1.0,0.0
2015-01-17 01:15:00,-1.0,0.0
2015-01-17 01:30:00,-1.0,0.0
2015-01-17 01:45:00,0.0,0.0
2015-01-17 02:00:00,-1.0,0.0
2015-01-17 02:15:00,-1.0,0.0
2015-01-17 02:30:00,-1.0,0.0
2015-01-17 02:45:00,-1.0,0.0
2015-01-17 03:00:00,-1.0,0.0
2015-01-17 03:15:00,-1.0,0.0
2015-01-17 03:30:00,-1.0,0.0
2015-01-17 03:45:00,-1.0,0.0
2015-01-17 04:00:00,-1.0,0.0
2015-01-17 04:15:00,-1.0,0.0
2015-01-17 04:30:00,-1.0,0.0
2015-01-17 04:45:00,-1.0,0.0
2015-01-17 05:00:00,-1.0,0.0
2015-01-17 05:15:00,-1.0,0.0
2015-01-17 05:30:00,-1.0,0.0
2015-01-17 05:45:00,0.0,0.0
2015-01-17 06:00:00,-1.0,0.0
2015-01-17 06:15:00,-1.0,0.0
2015-01-17 06:30:00,-1.0,0.0
2015-01-17 06:45:00,2.0,0.684
2015-01-17 07:00:00,4.5,4.395
2015-01-17 07:15:00,26.0,10.449
2015-01-17 07:30:00,45.5,14.844
2015-01-17 07:45:00,69.5,17.871
2015-01-17 08:00:00,113.0,20.41
2015-01-17 08:15:00,159.5,246.289
2015-01-17 08:30:00,205.5,406.543
2015-01-17 08:45:00,255.0,470.41
2015-01-17 09:00:00,259.5,515.723
2015-01-17 09:15:00,280.5,503.32
2015-01-17 09:30:00,369.5,616.602
2015-01-17 09:45:00,193.0,538.867
2015-01-17 10:00:00,318.5,696.875
2015-01-17 10:15:00,465.0,765.039
2015-01-17 10:30:00,222.5,532.031
2015-01-17 10:45:00,286.5,684.375
2015-01-17 11:00:00,351.0,502.539
2015-01-17 11:15:00,384.0,769.727
2015-01-17 11:30:00,432.5,790.43
2015-01-17 11:45:00,365.5,875.391
2015-01-17 12:00:00,457.0,648.535
2015-01-17 12:15:00,276.5,811.816
2015-01-17 12:30:00,367.0,931.25
2015-01-17 12:45:00,359.5,539.355
2015-01-17 13:00:00,479.0,905.273
2015-01-17 13:15:00,269.0,885.156
2015-01-17 13:30:00,292.0,642.383
2015-01-17 13:45:00,340.5,719.336
2015-01-17 14:00:00,245.5,588.281
2015-01-17 14:15:00,207.0,446.582
2015-01-17 14:30:00,280.0,390.137
2015-01-17 14:45:00,263.5,434.18
2015-01-17 15:00:00,188.0,394.531
2015-01-17 15:15:00,186.0,374.121
2015-01-17 15:30:00,102.5,287.891
2015-01-17 15:45:00,71.5,176.074
2015-01-17 16:00:00,28.0,140.723
2015-01-17 16:15:00,16.5,53.516
2015-01-17 16:30:00,11.0,24.219
2015-01-17 16:45:00,6.0,15.82
2015-01-17 17:00:00,0.0,7.324
2015-01-17 17:15:00,0.5,1.074
2015-01-17 17:30:00,0.0,0.0
2015-01-17 17:45:00,0.0,0.0
2015-01-17 18:00:00,0.0,0.0
2015-01-17 18:15:00,-1.0,0.0
2015-01-17 18:30:00,0.0,0.0
2015-01-17 18:45:00,-1.0,0.098
2015-01-17 19:00:00,-1.0,0.195
2015-01-17 19:15:00,0.0,0.098
2015-01-17 19:30:00,0.0,0.098
2015-01-17 19:45:00,0.0,0.098
2015-01-17 20:00:00,0.0,0.195
2015-01-17 20:15:00,0.0,0.098
2015-01-17 20:30:00,-1.0,0.098
2015-01-17 20:45:00,-1.0,0.098
2015-01-17 21:00:00,-1.0,0.195
2015-01-17 21:15:00,-1.0,0.0
2015-01-17 21:30:00,-1.0,0.098
2015-01-17 21:45:00,0.0,0.293
2015-01-17 22:00:00,0.0,0.195
2015-01-17 22:15:00,-1.0,0.293
2015-01-17 22:30:00,-1.0,0.293
2015-01-17 22:45:00,-1.0,0.293
2015-01-17 23:00:00,-1.0,0.195
2015-01-17 23:15:00,-1.0,0.195
2015-01-17 23:30:00,-1.0,0.293
2015-01-17 23:45:00,-1.0,0.195
2015-01-18 00:00:00,-1.0,0.293
2015-01-18 00:15:00,-1.0,0.195
2015-01-18 00:30:00,-1.0,0.293
2015-01-18 00:45:00,-1.0,0.293
2015-01-18 01:00:00,-1.0,0.293
2015-01-18 01:15:00,0.0,0.293
2015-01-18 01:30:00,-1.0,0.293
2015-01-18 01:45:00,-1.0,0.293
2015-01-18 02:00:00,-1.0,0.195
2015-01-18 02:15:00,-1.0,0.293
2015-01-18 02:30:00,0.0,0.293
2015-01-18 02:45:00,0.0,0.293
2015-01-18 03:00:00,-1.0,0.293
2015-01-18 03:15:00,-1.0,0.195
2015-01-18 03:30:00,-1.0,0.0
2015-01-18 03:45:00,-1.0,0.195
2015-01-18 04:00:00,-1.0,0.098
2015-01-18 04:15:00,-1.0,0.195
2015-01-18 04:30:00,-1.0,0.195
2015-01-18 04:45:00,-1.0,0.0
2015-01-18 05:00:00,0.0,0.0
2015-01-18 05:15:00,-1.0,0.0
2015-01-18 05:30:00,0.0,0.0
2015-01-18 05:45:00,-1.0,0.0
2015-01-18 06:00:00,0.0,0.0
2015-01-18 06:15:00,-1.0,0.098
2015-01-18 06:30:00,-1.0,0.098
2015-01-18 06:45:00,1.0,1.465
2015-01-18 07:00:00,-1.0,5.078
2015-01-18 07:15:00,20.0,21.191
2015-01-18 07:30:00,31.0,42.383
2015-01-18 07:45:00,53.0,56.836
2015-01-18 08:00:00,111.0,69.531
2015-01-18 08:15:00,122.5,175.977
2015-01-18 08:30:00,128.0,234.863
2015-01-18 08:45:00,186.0,374.902
2015-01-18 09:00:00,285.5,464.746
2015-01-18 09:15:00,303.5,571.094
2015-01-18 09:30:00,207.0,475.977
2015-01-18 09:45:00,215.0,397.266
2015-01-18 10:00:00,230.0,365.43
2015-01-18 10:15:00,457.0,558.887
2015-01-18 10:30:00,313.0,657.031
2015-01-18 10:45:00,440.5,525.391
2015-01-18 11:00:00,267.0,621.387
2015-01-18 11:15:00,438.0,829.199
2015-01-18 11:30:00,223.0,804.199
2015-01-18 11:45:00,454.0,701.953
2015-01-18 12:00:00,365.5,872.754
2015-01-18 12:15:00,261.5,794.434
2015-01-18 12:30:00,231.5,435.645
2015-01-18 12:45:00,224.5,434.668
2015-01-18 13:00:00,180.5,345.508
2015-01-18 13:15:00,226.5,352.832
2015-01-18 13:30:00,236.5,431.934
2015-01-18 13:45:00,301.0,555.371
2015-01-18 14:00:00,316.5,492.48
2015-01-18 14:15:00,220.5,416.797
2015-01-18 14:30:00,128.5,331.641
2015-01-18 14:45:00,118.0,212.5
2015-01-18 15:00:00,124.5,217.578
2015-01-18 15:15:00,99.0,189.941
2015-01-18 15:30:00,84.0,162.695
2015-01-18 15:45:00,73.5,137.012
2015-01-18 16:00:00,60.0,124.707
2015-01-18 16:15:00,28.0,74.121
2015-01-18 16:30:00,13.5,36.523
2015-01-18 16:45:00,2.0,11.816
2015-01-18 17:00:00,-1.0,2.344
2015-01-18 17:15:00,-1.0,0.977
2015-01-18 17:30:00,-1.0,0.0
2015-01-18 17:45:00,-1.0,0.0
2015-01-18 18:00:00,-1.0,0.0
2015-01-18 18:15:00,0.0,0.0
2015-01-18 18:30:00,0.0,0.0
2015-01-18 18:45:00,-1.0,0.098
2015-01-18 19:00:00,0.0,0.098
2015-01-18 19:15:00,0.0,0.195
2015-01-18 19:30:00,0.0,0.195
2015-01-18 19:45:00,0.0,0.0
2015-01-18 20:00:00,-1.0,0.098
2015-01-18 20:15:00,-1.0,0.098
2015-01-18 20:30:00,-1.0,0.195
2015-01-18 20:45:00,0.0,0.098
2015-01-18 21:00:00,0.0,0.0
2015-01-18 21:15:00,0.0,0.195
2015-01-18 21:30:00,-1.0,0.098
2015-01-18 21:45:00,0.0,0.195
2015-01-18 22:00:00,-1.0,0.098
2015-01-18 22:15:00,-1.0,0.195
2015-01-18 22:30:00,0.0,0.098
2015-01-18 22:45:00,0.0,0.0
2015-01-18 23:00:00,0.0,0.195
2015-01-18 23:15:00,-1.0,0.195
2015-01-18 23:30:00,0.0,0.195
2015-01-18 23:45:00,0.0,0.195
2015-01-19 00:00:00,0.0,0.098
2015-01-19 00:15:00,-1.0,0.098
2015-01-19 00:30:00,-1.0,0.293
2015-01-19 00:45:00,0.0,0.0
2015-01-19 01:00:00,-1.0,0.0
2015-01-19 01:15:00,-1.0,0.0
2015-01-19 01:30:00,-1.0,0.0
2015-01-19 01:45:00,-1.0,0.0
2015-01-19 02:00:00,-1.0,0.0
2015-01-19 02:15:00,-1.0,0.0
2015-01-19 02:30:00,-1.0,0.0
2015-01-19 02:45:00,0.0,0.0
2015-01-19 03:00:00,-1.0,0.0
2015-01-19 03:15:00,-1.0,0.195
2015-01-19 03:30:00,-1.0,0.098
2015-01-19 03:45:00,-1.0,0.098
2015-01-19 04:00:00,-1.0,0.195
2015-01-19 04:15:00,-1.0,0.195
2015-01-19 04:30:00,-1.0,0.195
2015-01-19 04:45:00,-1.0,0.098
2015-01-19 05:00:00,0.0,0.098
2015-01-19 05:15:00,-1.0,0.0
2015-01-19 05:30:00,-1.0,0.098
2015-01-19 05:45:00,-1.0,0.098
2015-01-19 06:00:00,-1.0,0.098
2015-01-19 06:15:00,-1.0,0.0
2015-01-19 06:30:00,-1.0,0.098
2015-01-19 06:45:00,2.5,2.539
2015-01-19 07:00:00,6.0,8.008
2015-01-19 07:15:00,16.5,18.164
2015-01-19 07:30:00,33.5,32.422
2015-01-19 07:45:00,61.0,77.441
2015-01-19 08:00:00,70.5,108.301
2015-01-19 08:15:00,68.5,129.395
2015-01-19 08:30:00,72.5,111.328
2015-01-19 08:45:00,89.0,145.117
2015-01-19 09:00:00,112.5,191.016
2015-01-19 09:15:00,90.0,203.32
2015-01-19 09:30:00,69.5,150.977
2015-01-19 09:45:00,90.0,133.398
2015-01-19 10:00:00,105.5,175.781
2015-01-19 10:15:00,172.5,271.973
2015-01-19 10:30:00,212.5,308.789
2015-01-19 10:45:00,192.0,352.344
2015-01-19 11:00:00,334.0,536.426
2015-01-19 11:15:00,458.0,804.688
2015-01-19 11:30:00,344.5,524.414
2015-01-19 11:45:00,297.0,605.664
2015-01-19 12:00:00,434.0,819.727
2015-01-19 12:15:00,427.5,866.797
2015-01-19 12:30:00,419.5,857.422
2015-01-19 12:45:00,411.0,841.504
2015-01-19 13:00:00,396.0,823.047
2015-01-19 13:15:00,385.0,794.922
2015-01-19 13:30:00,366.5,769.531
2015-01-19 13:45:00,351.0,732.422
2015-01-19 14:00:00,332.0,693.066
2015-01-19 14:15:00,308.0,649.512
2015-01-19 14:30:00,278.5,603.125
2015-01-19 14:45:00,253.5,548.438
2015-01-19 15:00:00,224.0,495.703
2015-01-19 15:15:00,189.5,437.598
2015-01-19 15:30:00,148.5,379.004
2015-01-19 15:45:00,99.5,315.234
2015-01-19 16:00:00,56.5,251.27
2015-01-19 16:15:00,31.5,156.738
2015-01-19 16:30:00,13.5,18.359
2015-01-19 16:45:00,4.0,11.23
2015-01-19 17:00:00,-1.0,4.688
2015-01-19 17:15:00,0.0,0.977
2015-01-19 17:30:00,0.0,0.098
2015-01-19 17:45:00,-1.0,0.0
2015-01-19 18:00:00,0.0,0.195
2015-01-19 18:15:00,0.0,0.195
2015-01-19 18:30:00,0.0,0.293
2015-01-19 18:45:00,0.0,0.195
2015-01-19 19:00:00,-1.0,0.293
2015-01-19 19:15:00,0.0,0.195
2015-01-19 19:30:00,-1.0,0.195
2015-01-19 19:45:00,0.0,0.098
2015-01-19 20:00:00,0.0,0.195
2015-01-19 20:15:00,0.0,0.195
2015-01-19 20:30:00,-1.0,0.293
2015-01-19 20:45:00,-1.0,0.293
2015-01-19 21:00:00,-1.0,0.098
2015-01-19 21:15:00,-1.0,0.195
2015-01-19 21:30:00,-1.0,0.293
2015-01-19 21:45:00,-1.0,0.293
2015-01-19 22:00:00,0.0,0.195
2015-01-19 22:15:00,-1.0,0.293
2015-01-19 22:30:00,-1.0,0.293
2015-01-19 22:45:00,-1.0,0.195
2015-01-19 23:00:00,0.0,0.195
2015-01-19 23:15:00,-1.0,0.195
2015-01-19 23:30:00,-1.0,0.293
2015-01-19 23:45:00,-1.0,0.293
2015-01-20 00:00:00,-1.0,0.195
2015-01-20 00:15:00,0.0,0.195
2015-01-20 00:30:00,-1.0,0.195
2015-01-20 00:45:00,-1.0,0.098
2015-01-20 01:00:00,0.0,0.098
2015-01-20 01:15:00,-1.0,0.098
2015-01-20 01:30:00,-1.0,0.0
2015-01-20 01:45:00,-1.0,0.098
2015-01-20 02:00:00,-1.0,0.098
2015-01-20 02:15:00,0.0,0.0
2015-01-20 02:30:00,0.0,0.0
2015-01-20 02:45:00,-1.0,0.0
2015-01-20 03:00:00,-1.0,0.0
2015-01-20 03:15:00,-1.0,0.0
2015-01-20 03:30:00,-1.0,0.0
2015-01-20 03:45:00,-1.0,0.0
2015-01-20 04:00:00,-1.0,0.0
2015-01-20 04:15:00,-1.0,0.0
2015-01-20 04:30:00,-1.0,0.0
2015-01-20 04:45:00,-1.0,0.0
2015-01-20 05:00:00,-1.0,0.0
2015-01-20 05:15:00,-1.0,0.0
2015-01-20 05:30:00,0.0,0.0
2015-01-20 05:45:00,-1.0,0.0
2015-01-20 06:00:00,-1.0,0.0
2015-01-20 06:15:00,-1.0,0.0
2015-01-20 06:30:00,-1.0,0.0
2015-01-20 06:45:00,3.0,2.441
2015-01-20 07:00:00,6.5,6.055
2015-01-20 07:15:00,17.5,20.605
2015-01-20 07:30:00,41.0,45.996
2015-01-20 07:45:00,63.0,78.906
2015-01-20 08:00:00,79.5,111.328
2015-01-20 08:15:00,99.0,139.453
2015-01-20 08:30:00,115.0,172.852
2015-01-20 08:45:00,124.5,191.113
2015-01-20 09:00:00,141.0,216.504
2015-01-20 09:15:00,159.0,249.316
2015-01-20 09:30:00,172.5,270.898
2015-01-20 09:45:00,173.0,288.867
2015-01-20 10:00:00,172.5,287.598
2015-01-20 10:15:00,192.0,296.289
2015-01-20 10:30:00,192.0,314.941
2015-01-20 10:45:00,207.5,346.094
2015-01-20 11:00:00,220.0,363.281
2015-01-20 11:15:00,231.5,375.098
2015-01-20 11:30:00,244.0,403.516
2015-01-20 11:45:00,298.0,454.785
2015-01-20 12:00:00,296.0,542.773
2015-01-20 12:15:00,201.5,403.809
2015-01-20 12:30:00,193.0,350.684
2015-01-20 12:45:00,162.0,305.176
2015-01-20 13:00:00,145.0,252.441
2015-01-20 13:15:00,139.5,242.676
2015-01-20 13:30:00,135.5,230.762
2015-01-20 13:45:00,130.0,217.773
2015-01-20 14:00:00,107.0,200.0
2015-01-20 14:15:00,99.0,174.609
2015-01-20 14:30:00,90.0,158.008
2015-01-20 14:45:00,79.5,139.648
2015-01-20 15:00:00,78.0,132.422
2015-01-20 15:15:00,61.0,115.723
2015-01-20 15:30:00,44.5,84.473
2015-01-20 15:45:00,48.5,79.883
2015-01-20 16:00:00,33.5,71.387
2015-01-20 16:15:00,16.5,40.332
2015-01-20 16:30:00,6.0,19.727
2015-01-20 16:45:00,3.0,8.398
2015-01-20 17:00:00,-1.0,2.441
2015-01-20 17:15:00,0.0,0.391
2015-01-20 17:30:00,-1.0,0.0
2015-01-20 17:45:00,0.0,0.0
2015-01-20 18:00:00,-1.0,0.195
2015-01-20 18:15:00,-1.0,0.0
2015-01-20 18:30:00,0.0,0.098
2015-01-20 18:45:00,0.0,0.195
2015-01-20 19:00:00,-1.0,0.0
2015-01-20 19:15:00,-1.0,0.195
2015-01-20 19:30:00,-1.0,0.293
2015-01-20 19:45:00,-1.0,0.098
2015-01-20 20:00:00,-1.0,0.098
2015-01-20 20:15:00,-1.0,0.0
2015-01-20 20:30:00,-1.0,0.195
2015-01-20 20:45:00,-1.0,0.195
2015-01-20 21:00:00,-1.0,0.195
2015-01-20 21:15:00,-1.0,0.098
2015-01-20 21:30:00,0.0,0.195
2015-01-20 21:45:00,-1.0,0.098
2015-01-20 22:00:00,-1.0,0.195
2015-01-20 22:15:00,-1.0,0.195
2015-01-20 22:30:00,0.0,0.195
2015-01-20 22:45:00,-1.0,0.195
2015-01-20 23:00:00,-1.0,0.098
2015-01-20 23:15:00,-1.0,0.0
2015-01-20 23:30:00,-1.0,0.098
2015-01-20 23:45:00,-1.0,0.098
2015-01-21 00:00:00,-1.0,0.098
2015-01-21 00:15:00,-1.0,0.195
2015-01-21 00:30:00,-1.0,0.0
2015-01-21 00:45:00,-1.0,0.098
2015-01-21 01:00:00,-1.0,0.195
2015-01-21 01:15:00,-1.0,0.195
2015-01-21 01:30:00,-1.0,0.0
2015-01-21 01:45:00,-1.0,0.195
2015-01-21 02:00:00,-1.0,0.195
2015-01-21 02:15:00,-1.0,0.098
2015-01-21 02:30:00,-1.0,0.098
2015-01-21 02:45:00,-1.0,0.195
2015-01-21 03:00:00,0.0,0.195
2015-01-21 03:15:00,-1.0,0.195
2015-01-21 03:30:00,-1.0,0.293
2015-01-21 03:45:00,-1.0,0.195
2015-01-21 04:00:00,0.0,0.293
2015-01-21 04:15:00,-1.0,0.195
2015-01-21 04:30:00,-1.0,0.195
2015-01-21 04:45:00,-1.0,0.293
2015-01-21 05:00:00,-1.0,0.098
2015-01-21 05:15:00,-1.0,0.293
2015-01-21 05:30:00,-1.0,0.293
2015-01-21 05:45:00,-1.0,0.293
2015-01-21 06:00:00,-1.0,0.293
2015-01-21 06:15:00,-1.0,0.293
2015-01-21 06:30:00,-1.0,0.391
2015-01-21 06:45:00,2.0,1.367
2015-01-21 07:00:00,-1.0,5.762
2015-01-21 07:15:00,18.5,12.988
2015-01-21 07:30:00,41.5,17.871
2015-01-21 07:45:00,73.5,21.191
2015-01-21 08:00:00,116.0,38.965
2015-01-21 08:15:00,162.0,344.043
2015-01-21 08:30:00,209.0,413.867
2015-01-21 08:45:00,251.5,478.418
2015-01-21 09:00:00,287.5,535.938
2015-01-21 09:15:00,315.5,593.457
2015-01-21 09:30:00,348.0,645.117
2015-01-21 09:45:00,373.5,691.016
2015-01-21 10:00:00,394.5,735.645
2015-01-21 10:15:00,417.5,772.559
2015-01-21 10:30:00,431.0,807.715
2015-01-21 10:45:00,448.5,837.5
2015-01-21 11:00:00,458.0,864.355
2015-01-21 11:15:00,465.5,882.617
2015-01-21 11:30:00,467.0,894.824
2015-01-21 11:45:00,471.0,904.883
2015-01-21 12:00:00,471.0,908.008
2015-01-21 12:15:00,470.5,904.492
2015-01-21 12:30:00,461.0,895.605
2015-01-21 12:45:00,451.5,883.398
2015-01-21 13:00:00,439.0,864.941
2015-01-21 13:15:00,425.5,839.453
2015-01-21 13:30:00,410.0,810.645
2015-01-21 13:45:00,390.5,777.637
2015-01-21 14:00:00,370.5,740.332
2015-01-21 14:15:00,344.0,696.973
2015-01-21 14:30:00,315.5,650.488
2015-01-21 14:45:00,284.5,598.633
2015-01-21 15:00:00,251.5,544.336
2015-01-21 15:15:00,216.0,485.449
2015-01-21 15:30:00,172.5,424.316
2015-01-21 15:45:00,120.0,360.156
2015-01-21 16:00:00,68.0,294.727
2015-01-21 16:15:00,39.0,222.266
2015-01-21 16:30:00,16.5,21.777
2015-01-21 16:45:00,6.0,12.695
2015-01-21 17:00:00,2.0,6.348
2015-01-21 17:15:00,0.5,1.563
2015-01-21 17:30:00,-1.0,0.0
2015-01-21 17:45:00,0.0,0.0
2015-01-21 18:00:00,0.0,0.0
2015-01-21 18:15:00,0.0,0.0
2015-01-21 18:30:00,0.0,0.0
2015-01-21 18:45:00,0.0,0.0
2015-01-21 19:00:00,0.0,0.0
2015-01-21 19:15:00,0.0,0.098
2015-01-21 19:30:00,0.0,0.098
2015-01-21 19:45:00,-1.0,0.098
2015-01-21 20:00:00,-1.0,0.0
2015-01-21 20:15:00,-1.0,0.0
2015-01-21 20:30:00,-1.0,0.098
2015-01-21 20:45:00,0.0,0.098
2015-01-21 21:00:00,-1.0,0.098
2015-01-21 21:15:00,0.0,0.0
2015-01-21 21:30:00,-1.0,0.098
2015-01-21 21:45:00,-1.0,0.195
2015-01-21 22:00:00,0.0,0.293
2015-01-21 22:15:00,0.0,0.195
2015-01-21 22:30:00,-1.0,0.098
2015-01-21 22:45:00,0.0,0.195
2015-01-21 23:00:00,-1.0,0.098
2015-01-21 23:15:00,-1.0,0.293
2015-01-21 23:30:00,0.0,0.195
2015-01-21 23:45:00,-1.0,0.195
2015-01-22 00:00:00,0.0,0.195
2015-01-22 00:15:00,-1.0,0.195
2015-01-22 00:30:00,0.0,0.195
2015-01-22 00:45:00,-1.0,0.293
2015-01-22 01:00:00,-1.0,0.195
2015-01-22 01:15:00,-1.0,0.195
2015-01-22 01:30:00,-1.0,0.293
2015-01-22 01:45:00,-1.0,0.098
2015-01-22 02:00:00,0.0,0.098
2015-01-22 02:15:00,-1.0,0.098
2015-01-22 02:30:00,0.0,0.098
2015-01-22 02:45:00,-1.0,0.098
2015-01-22 03:00:00,-1.0,0.0
2015-01-22 03:15:00,-1.0,0.0
2015-01-22 03:30:00,-1.0,0.0
2015-01-22 03:45:00,0.0,0.0
2015-01-22 04:00:00,-1.0,0.0
2015-01-22 04:15:00,0.0,0.0
2015-01-22 04:30:00,0.0,0.0
2015-01-22 04:45:00,0.0,0.0
2015-01-22 05:00:00,-1.0,0.0
2015-01-22 05:15:00,-1.0,0.0
2015-01-22 05:30:00,-1.0,0.0
2015-01-22 05:45:00,0.0,0.0
2015-01-22 06:00:00,0.0,0.0
2015-01-22 06:15:00,-1.0,0.0
2015-01-22 06:30:00,-1.0,0.0
2015-01-22 06:45:00,2.0,1.465
2015-01-22 07:00:00,6.5,6.641
2015-01-22 07:15:00,22.5,11.914
2015-01-22 07:30:00,45.0,16.113
2015-01-22 07:45:00,72.5,20.996
2015-01-22 08:00:00,127.5,63.379
2015-01-22 08:15:00,177.5,376.27
2015-01-22 08:30:00,216.5,441.602
2015-01-22 08:45:00,264.5,504.395
2015-01-22 09:00:00,298.0,564.258
2015-01-22 09:15:00,332.5,625.488
2015-01-22 09:30:00,351.0,675.0
2015-01-22 09:45:00,331.0,669.434
2015-01-22 10:00:00,403.0,746.777
2015-01-22 10:15:00,423.0,770.703
2015-01-22 10:30:00,401.5,823.047
2015-01-22 10:45:00,442.0,831.055
2015-01-22 11:00:00,344.5,839.16
2015-01-22 11:15:00,446.0,790.625
2015-01-22 11:30:00,445.5,911.133
2015-01-22 11:45:00,474.5,922.363
2015-01-22 12:00:00,390.5,876.953
2015-01-22 12:15:00,451.5,900.684
2015-01-22 12:30:00,443.5,671.289
2015-01-22 12:45:00,367.5,732.617
2015-01-22 13:00:00,429.0,845.313
2015-01-22 13:15:00,363.5,669.434
2015-01-22 13:30:00,338.0,623.828
2015-01-22 13:45:00,410.0,664.355
2015-01-22 14:00:00,346.0,704.883
2015-01-22 14:15:00,259.0,563.77
2015-01-22 14:30:00,290.5,496.68
2015-01-22 14:45:00,305.5,607.715
2015-01-22 15:00:00,247.0,572.363
2015-01-22 15:15:00,174.5,450.391
2015-01-22 15:30:00,166.5,345.508
2015-01-22 15:45:00,60.0,249.219
2015-01-22 16:00:00,103.5,194.336
2015-01-22 16:15:00,45.5,240.82
2015-01-22 16:30:00,35.0,64.355
2015-01-22 16:45:00,12.5,37.695
2015-01-22 17:00:00,1.0,11.523
2015-01-22 17:15:00,0.0,1.27
2015-01-22 17:30:00,-1.0,0.098
2015-01-22 17:45:00,0.0,0.195
2015-01-22 18:00:00,0.0,0.195
2015-01-22 18:15:00,0.0,0.195
2015-01-22 18:30:00,0.0,0.195
2015-01-22 18:45:00,0.0,0.293
2015-01-22 19:00:00,-1.0,0.293
2015-01-22 19:15:00,0.0,0.293
2015-01-22 19:30:00,0.0,0.293
2015-01-22 19:45:00,0.0,0.293
2015-01-22 20:00:00,0.0,0.195
2015-01-22 20:15:00,-1.0,0.293
2015-01-22 20:30:00,-1.0,0.293
2015-01-22 20:45:00,-1.0,0.098
2015-01-22 21:00:00,0.0,0.195
2015-01-22 21:15:00,0.0,0.0
2015-01-22 21:30:00,-1.0,0.0
2015-01-22 21:45:00,0.0,0.0
2015-01-22 22:00:00,0.0,0.0
2015-01-22 22:15:00,-1.0,0.0
2015-01-22 22:30:00,-1.0,0.0
2015-01-22 22:45:00,0.0,0.0
2015-01-22 23:00:00,-1.0,0.0
2015-01-22 23:15:00,-1.0,0.0
2015-01-22 23:30:00,-1.0,0.098
2015-01-22 23:45:00,-1.0,0.0
2015-01-23 00:00:00,0.0,0.0
2015-01-23 00:15:00,-1.0,0.0
2015-01-23 00:30:00,-1.0,0.0
2015-01-23 00:45:00,0.0,0.0
2015-01-23 01:00:00,-1.0,0.0
2015-01-23 01:15:00,-1.0,0.0
2015-01-23 01:30:00,-1.0,0.0
2015-01-23 01:45:00,-1.0,0.0
2015-01-23 02:00:00,-1.0,0.0
2015-01-23 02:15:00,-1.0,0.0
2015-01-23 02:30:00,-1.0,0.0
2015-01-23 02:45:00,-1.0,0.0
2015-01-23 03:00:00,-1.0,0.0
2015-01-23 03:15:00,0.0,0.0
2015-01-23 03:30:00,-1.0,0.0
2015-01-23 03:45:00,-1.0,0.0
2015-01-23 04:00:00,-1.0,0.0
2015-01-23 04:15:00,-1.0,0.0
2015-01-23 04:30:00,-1.0,0.0
2015-01-23 04:45:00,-1.0,0.0
2015-01-23 05:00:00,-1.0,0.0
2015-01-23 05:15:00,-1.0,0.0
2015-01-23 05:30:00,-1.0,0.0
2015-01-23 05:45:00,-1.0,0.0
2015-01-23 06:00:00,-1.0,0.0
2015-01-23 06:15:00,-1.0,0.0
2015-01-23 06:30:00,-1.0,0.0
2015-01-23 06:45:00,2.0,1.172
2015-01-23 07:00:00,6.5,6.055
2015-01-23 07:15:00,17.5,11.621
2015-01-23 07:30:00,27.5,17.383
2015-01-23 07:45:00,83.5,30.957
2015-01-23 08:00:00,128.0,91.309
2015-01-23 08:15:00,176.5,364.941
2015-01-23 08:30:00,220.0,430.762
2015-01-23 08:45:00,261.5,495.312
2015-01-23 09:00:00,300.0,564.355
2015-01-23 09:15:00,316.5,619.336
2015-01-23 09:30:00,349.0,655.469
2015-01-23 09:45:00,386.5,715.625
2015-01-23 10:00:00,165.0,680.957
2015-01-23 10:15:00,447.5,564.258
2015-01-23 10:30:00,444.0,859.375
2015-01-23 10:45:00,446.5,857.715
2015-01-23 11:00:00,442.0,880.762
2015-01-23 11:15:00,448.0,896.387
2015-01-23 11:30:00,449.5,905.371
2015-01-23 11:45:00,452.5,912.988
2015-01-23 12:00:00,450.5,916.797
2015-01-23 12:15:00,444.5,910.547
2015-01-23 12:30:00,436.5,900.781
2015-01-23 12:45:00,427.5,886.133
2015-01-23 13:00:00,417.5,866.113
2015-01-23 13:15:00,408.0,840.918
2015-01-23 13:30:00,393.5,811.719
2015-01-23 13:45:00,375.0,777.93
2015-01-23 14:00:00,354.0,738.672
2015-01-23 14:15:00,330.5,695.117
2015-01-23 14:30:00,305.0,646.973
2015-01-23 14:45:00,276.0,594.922
2015-01-23 15:00:00,245.0,539.258
2015-01-23 15:15:00,210.5,478.613
2015-01-23 15:30:00,174.0,416.504
2015-01-23 15:45:00,122.5,355.273
2015-01-23 16:00:00,72.5,290.625
2015-01-23 16:15:00,41.5,223.047
2015-01-23 16:30:00,18.0,53.32
2015-01-23 16:45:00,5.0,13.867
2015-01-23 17:00:00,2.0,7.031
2015-01-23 17:15:00,0.0,2.051
2015-01-23 17:30:00,-1.0,0.098
2015-01-23 17:45:00,0.0,0.195
2015-01-23 18:00:00,0.0,0.195
2015-01-23 18:15:00,0.0,0.195
2015-01-23 18:30:00,0.0,0.195
2015-01-23 18:45:00,0.0,0.098
2015-01-23 19:00:00,0.0,0.098
2015-01-23 19:15:00,0.0,0.098
2015-01-23 19:30:00,0.0,0.098
2015-01-23 19:45:00,0.0,0.195
2015-01-23 20:00:00,0.0,0.098
2015-01-23 20:15:00,0.0,0.098
2015-01-23 20:30:00,-1.0,0.293
2015-01-23 20:45:00,0.0,0.195
2015-01-23 21:00:00,0.0,0.293
2015-01-23 21:15:00,0.0,0.195
2015-01-23 21:30:00,-1.0,0.195
2015-01-23 21:45:00,0.0,0.195
2015-01-23 22:00:00,-1.0,0.195
2015-01-23 22:15:00,-1.0,0.195
2015-01-23 22:30:00,-1.0,0.195
2015-01-23 22:45:00,-1.0,0.098
2015-01-23 23:00:00,-1.0,0.098
2015-01-23 23:15:00,-1.0,0.098
2015-01-23 23:30:00,-1.0,0.098
2015-01-23 23:45:00,-1.0,0.098
2015-01-24 00:00:00,-1.0,0.195
2015-01-24 00:15:00,0.0,0.293
2015-01-24 00:30:00,-1.0,0.293
2015-01-24 00:45:00,-1.0,0.293
2015-01-24 01:00:00,-1.0,0.293
2015-01-24 01:15:00,0.0,0.391
2015-01-24 01:30:00,-1.0,0.391
2015-01-24 01:45:00,-1.0,0.293
2015-01-24 02:00:00,-1.0,0.293
2015-01-24 02:15:00,-1.0,0.293
2015-01-24 02:30:00,-1.0,0.195
2015-01-24 02:45:00,0.0,0.195
2015-01-24 03:00:00,-1.0,0.195
2015-01-24 03:15:00,-1.0,0.293
2015-01-24 03:30:00,-1.0,0.293
2015-01-24 03:45:00,-1.0,0.195
2015-01-24 04:00:00,-1.0,0.195
2015-01-24 04:15:00,0.0,0.098
2015-01-24 04:30:00,-1.0,0.0
2015-01-24 04:45:00,-1.0,0.098
2015-01-24 05:00:00,-1.0,0.0
2015-01-24 05:15:00,-1.0,0.098
2015-01-24 05:30:00,0.0,0.098
2015-01-24 05:45:00,-1.0,0.195
2015-01-24 06:00:00,-1.0,0.293
2015-01-24 06:15:00,-1.0,0.293
2015-01-24 06:30:00,-1.0,0.488
2015-01-24 06:45:00,2.5,2.148
2015-01-24 07:00:00,7.0,7.227
2015-01-24 07:15:00,22.5,12.207
2015-01-24 07:30:00,40.5,18.555
2015-01-24 07:45:00,77.5,55.078
2015-01-24 08:00:00,126.0,121.289
2015-01-24 08:15:00,172.5,368.555
2015-01-24 08:30:00,214.5,432.324
2015-01-24 08:45:00,255.0,494.824
2015-01-24 09:00:00,288.5,552.93
2015-01-24 09:15:00,319.0,611.621
2015-01-24 09:30:00,342.0,663.867
2015-01-24 09:45:00,365.5,710.938
2015-01-24 10:00:00,391.5,753.516
2015-01-24 10:15:00,413.0,791.797
2015-01-24 10:30:00,428.5,824.609
2015-01-24 10:45:00,440.5,852.051
2015-01-24 11:00:00,448.5,875.098
2015-01-24 11:15:00,454.5,894.824
2015-01-24 11:30:00,457.0,907.324
2015-01-24 11:45:00,454.5,914.844
2015-01-24 12:00:00,450.5,918.164
2015-01-24 12:15:00,444.5,914.258
2015-01-24 12:30:00,439.0,904.98
2015-01-24 12:45:00,431.0,889.258
2015-01-24 13:00:00,418.5,869.824
2015-01-24 13:15:00,408.0,846.973
2015-01-24 13:30:00,394.0,818.164
2015-01-24 13:45:00,376.0,783.887
2015-01-24 14:00:00,355.0,745.898
2015-01-24 14:15:00,330.5,702.734
2015-01-24 14:30:00,309.0,655.957
2015-01-24 14:45:00,279.0,605.664
2015-01-24 15:00:00,248.0,551.27
2015-01-24 15:15:00,213.0,492.773
2015-01-24 15:30:00,176.5,431.152
2015-01-24 15:45:00,130.5,367.09
2015-01-24 16:00:00,74.5,302.441
2015-01-24 16:15:00,42.5,235.547
2015-01-24 16:30:00,18.5,71.973
2015-01-24 16:45:00,6.5,13.184
2015-01-24 17:00:00,2.5,7.422
2015-01-24 17:15:00,0.0,2.539
2015-01-24 17:30:00,-1.0,0.293
2015-01-24 17:45:00,-1.0,0.0
2015-01-24 18:00:00,0.0,0.0
2015-01-24 18:15:00,0.0,0.0
2015-01-24 18:30:00,0.0,0.0
2015-01-24 18:45:00,-1.0,0.0
2015-01-24 19:00:00,-1.0,0.0
2015-01-24 19:15:00,-1.0,0.0
2015-01-24 19:30:00,-1.0,0.195
2015-01-24 19:45:00,0.0,0.195
2015-01-24 20:00:00,-1.0,0.195
2015-01-24 20:15:00,0.0,0.098
2015-01-24 20:30:00,-1.0,0.098
2015-01-24 20:45:00,0.0,0.195
2015-01-24 21:00:00,0.0,0.195
2015-01-24 21:15:00,-1.0,0.098
2015-01-24 21:30:00,-1.0,0.098
2015-01-24 21:45:00,-1.0,0.098
2015-01-24 22:00:00,0.0,0.098
2015-01-24 22:15:00,-1.0,0.098
2015-01-24 22:30:00,-1.0,0.098
2015-01-24 22:45:00,0.0,0.098
2015-01-24 23:00:00,-1.0,0.098
2015-01-24 23:15:00,-1.0,0.0
2015-01-24 23:30:00,-1.0,0.098
2015-01-24 23:45:00,0.0,0.098
2015-01-25 00:00:00,-1.0,0.098
2015-01-25 00:15:00,0.0,0.098
2015-01-25 00:30:00,-1.0,0.195
2015-01-25 00:45:00,-1.0,0.195
2015-01-25 01:00:00,0.0,0.098
2015-01-25 01:15:00,-1.0,0.195
2015-01-25 01:30:00,0.0,0.195
2015-01-25 01:45:00,0.0,0.0
2015-01-25 02:00:00,0.0,0.195
2015-01-25 02:15:00,-1.0,0.195
2015-01-25 02:30:00,0.0,0.195
2015-01-25 02:45:00,-1.0,0.195
2015-01-25 03:00:00,-1.0,0.195
2015-01-25 03:15:00,-1.0,0.195
2015-01-25 03:30:00,-1.0,0.195
2015-01-25 03:45:00,-1.0,0.195
2015-01-25 04:00:00,-1.0,0.098
2015-01-25 04:15:00,-1.0,0.098
2015-01-25 04:30:00,-1.0,0.195
2015-01-25 04:45:00,-1.0,0.0
2015-01-25 05:00:00,-1.0,0.195
2015-01-25 05:15:00,0.0,0.098
2015-01-25 05:30:00,-1.0,0.0
2015-01-25 05:45:00,0.0,0.0
2015-01-25 06:00:00,-1.0,0.0
2015-01-25 06:15:00,-1.0,0.195
2015-01-25 06:30:00,-1.0,0.195
2015-01-25 06:45:00,2.0,2.051
2015-01-25 07:00:00,7.0,7.031
2015-01-25 07:15:00,24.0,11.914
2015-01-25 07:30:00,44.5,21.777
2015-01-25 07:45:00,78.5,75.977
2015-01-25 08:00:00,127.5,150.098
2015-01-25 08:15:00,172.5,363.574
2015-01-25 08:30:00,213.0,426.855
2015-01-25 08:45:00,251.0,486.328
2015-01-25 09:00:00,282.5,546.387
2015-01-25 09:15:00,310.5,604.883
2015-01-25 09:30:00,336.5,657.227
2015-01-25 09:45:00,359.0,704.59
2015-01-25 10:00:00,377.0,747.949
2015-01-25 10:15:00,391.5,785.059
2015-01-25 10:30:00,405.0,817.676
2015-01-25 10:45:00,413.5,845.996
2015-01-25 11:00:00,425.0,870.703
2015-01-25 11:15:00,430.0,888.281
2015-01-25 11:30:00,434.0,899.902
2015-01-25 11:45:00,432.0,905.762
2015-01-25 12:00:00,433.0,909.277
2015-01-25 12:15:00,432.0,906.934
2015-01-25 12:30:00,424.5,899.219
2015-01-25 12:45:00,416.5,883.594
2015-01-25 13:00:00,410.0,864.063
2015-01-25 13:15:00,396.0,838.77
2015-01-25 13:30:00,382.0,809.473
2015-01-25 13:45:00,365.0,776.172
2015-01-25 14:00:00,342.5,738.672
2015-01-25 14:15:00,322.5,694.434
2015-01-25 14:30:00,297.5,646.582
2015-01-25 14:45:00,270.0,596.191
2015-01-25 15:00:00,239.5,541.797
2015-01-25 15:15:00,206.5,483.203
2015-01-25 15:30:00,170.5,421.973
2015-01-25 15:45:00,128.0,359.082
2015-01-25 16:00:00,77.5,294.922
2015-01-25 16:15:00,42.5,230.176
2015-01-25 16:30:00,19.5,86.426
2015-01-25 16:45:00,5.0,12.5
2015-01-25 17:00:00,-1.0,5.371
2015-01-25 17:15:00,0.0,1.465
2015-01-25 17:30:00,-1.0,0.293
2015-01-25 17:45:00,0.0,0.195
2015-01-25 18:00:00,0.0,0.098
2015-01-25 18:15:00,0.0,0.098
2015-01-25 18:30:00,0.0,0.098
2015-01-25 18:45:00,0.0,0.098
2015-01-25 19:00:00,0.0,0.098
2015-01-25 19:15:00,-1.0,0.0
2015-01-25 19:30:00,-1.0,0.098
2015-01-25 19:45:00,-1.0,0.0
2015-01-25 20:00:00,-1.0,0.0
2015-01-25 20:15:00,-1.0,0.098
2015-01-25 20:30:00,-1.0,0.098
2015-01-25 20:45:00,-1.0,0.0
2015-01-25 21:00:00,-1.0,0.098
2015-01-25 21:15:00,-1.0,0.098
2015-01-25 21:30:00,0.0,0.098
2015-01-25 21:45:00,0.0,0.195
2015-01-25 22:00:00,-1.0,0.098
2015-01-25 22:15:00,-1.0,0.195
2015-01-25 22:30:00,0.0,0.195
2015-01-25 22:45:00,0.0,0.195
2015-01-25 23:00:00,-1.0,0.195
2015-01-25 23:15:00,-1.0,0.195
2015-01-25 23:30:00,-1.0,0.0
2015-01-25 23:45:00,-1.0,0.195
2015-01-26 00:00:00,-1.0,0.195
2015-01-26 00:15:00,-1.0,0.293
2015-01-26 00:30:00,-1.0,0.195
2015-01-26 00:45:00,0.0,0.195
2015-01-26 01:00:00,-1.0,0.195
2015-01-26 01:15:00,-1.0,0.195
2015-01-26 01:30:00,0.0,0.195
2015-01-26 01:45:00,-1.0,0.293
2015-01-26 02:00:00,-1.0,0.195
2015-01-26 02:15:00,-1.0,0.195
2015-01-26 02:30:00,-1.0,0.293
2015-01-26 02:45:00,-1.0,0.293
2015-01-26 03:00:00,-1.0,0.293
2015-01-26 03:15:00,-1.0,0.293
2015-01-26 03:30:00,-1.0,0.0
2015-01-26 03:45:00,-1.0,0.293
2015-01-26 04:00:00,-1.0,0.0
2015-01-26 04:15:00,-1.0,0.391
2015-01-26 04:30:00,-1.0,0.293
2015-01-26 04:45:00,-1.0,0.293
2015-01-26 05:00:00,-1.0,0.195
2015-01-26 05:15:00,0.0,0.293
2015-01-26 05:30:00,-1.0,0.293
2015-01-26 05:45:00,-1.0,0.195
2015-01-26 06:00:00,-1.0,0.195
2015-01-26 06:15:00,-1.0,0.195
2015-01-26 06:30:00,-1.0,0.293
2015-01-26 06:45:00,1.0,1.074
2015-01-26 07:00:00,0.5,5.566
2015-01-26 07:15:00,18.0,22.461
2015-01-26 07:30:00,43.0,48.242
2015-01-26 07:45:00,59.0,88.867
2015-01-26 08:00:00,89.5,206.934
2015-01-26 08:15:00,92.0,158.496
2015-01-26 08:30:00,198.0,361.719
2015-01-26 08:45:00,149.5,332.031
2015-01-26 09:00:00,112.0,279.004
2015-01-26 09:15:00,220.5,393.457
2015-01-26 09:30:00,205.5,358.203
2015-01-26 09:45:00,266.5,434.863
2015-01-26 10:00:00,346.5,493.066
2015-01-26 10:15:00,302.0,691.016
2015-01-26 10:30:00,427.5,768.262
2015-01-26 10:45:00,249.5,792.285
2015-01-26 11:00:00,256.5,552.246
2015-01-26 11:15:00,253.0,439.551
2015-01-26 11:30:00,401.5,604.395
2015-01-26 11:45:00,164.0,600.586
2015-01-26 12:00:00,266.5,423.828
2015-01-26 12:15:00,353.0,425.977
2015-01-26 12:30:00,456.0,979.492
2015-01-26 12:45:00,436.0,909.18
2015-01-26 13:00:00,429.0,891.113
2015-01-26 13:15:00,431.0,735.254
2015-01-26 13:30:00,317.5,759.082
2015-01-26 13:45:00,119.0,541.797
2015-01-26 14:00:00,232.5,404.004
2015-01-26 14:15:00,157.0,629.59
2015-01-26 14:30:00,70.5,320.996
2015-01-26 14:45:00,118.0,179.98
2015-01-26 15:00:00,63.0,186.328
2015-01-26 15:15:00,80.0,108.594
2015-01-26 15:30:00,48.5,119.043
2015-01-26 15:45:00,27.0,55.762
2015-01-26 16:00:00,11.0,30.664
2015-01-26 16:15:00,10.0,22.07
2015-01-26 16:30:00,4.5,13.867
2015-01-26 16:45:00,-1.0,7.52
2015-01-26 17:00:00,0.5,3.809
2015-01-26 17:15:00,-1.0,0.488
2015-01-26 17:30:00,-1.0,0.0
2015-01-26 17:45:00,0.0,0.293
2015-01-26 18:00:00,0.0,0.195
2015-01-26 18:15:00,0.0,0.098
2015-01-26 18:30:00,0.0,0.098
2015-01-26 18:45:00,-1.0,0.0
2015-01-26 19:00:00,0.0,0.0
2015-01-26 19:15:00,0.0,0.0
2015-01-26 19:30:00,-1.0,0.098
2015-01-26 19:45:00,-1.0,0.0
2015-01-26 20:00:00,-1.0,0.0
2015-01-26 20:15:00,-1.0,0.0
2015-01-26 20:30:00,-1.0,0.0
2015-01-26 20:45:00,-1.0,0.0
2015-01-26 21:00:00,-1.0,0.0
2015-01-26 21:15:00,-1.0,0.0
2015-01-26 21:30:00,-1.0,0.0
2015-01-26 21:45:00,-1.0,0.0
2015-01-26 22:00:00,-1.0,0.0
2015-01-26 22:15:00,-1.0,0.0
2015-01-26 22:30:00,-1.0,0.0
2015-01-26 22:45:00,-1.0,0.0
2015-01-26 23:00:00,-1.0,0.0
2015-01-26 23:15:00,-1.0,0.0
2015-01-26 23:30:00,-1.0,0.098
2015-01-26 23:45:00,-1.0,0.0
2015-01-27 00:00:00,-1.0,0.0
2015-01-27 00:15:00,-1.0,0.0
2015-01-27 00:30:00,-1.0,0.098
2015-01-27 00:45:00,-1.0,0.0
2015-01-27 01:00:00,-1.0,0.0
2015-01-27 01:15:00,-1.0,0.195
2015-01-27 01:30:00,-1.0,0.195
2015-01-27 01:45:00,-1.0,0.195
2015-01-27 02:00:00,-1.0,0.098
2015-01-27 02:15:00,-1.0,0.0
2015-01-27 02:30:00,-1.0,0.098
2015-01-27 02:45:00,-1.0,0.098
2015-01-27 03:00:00,-1.0,0.195
2015-01-27 03:15:00,-1.0,0.195
2015-01-27 03:30:00,-1.0,0.098
2015-01-27 03:45:00,-1.0,0.098
2015-01-27 04:00:00,-1.0,0.098
2015-01-27 04:15:00,-1.0,0.195
2015-01-27 04:30:00,-1.0,0.195
2015-01-27 04:45:00,-1.0,0.0
2015-01-27 05:00:00,-1.0,0.195
2015-01-27 05:15:00,-1.0,0.098
2015-01-27 05:30:00,-1.0,0.293
2015-01-27 05:45:00,-1.0,0.195
2015-01-27 06:00:00,-1.0,0.195
2015-01-27 06:15:00,-1.0,0.195
2015-01-27 06:30:00,-1.0,0.0
2015-01-27 06:45:00,0.5,0.586
2015-01-27 07:00:00,-1.0,1.66
2015-01-27 07:15:00,0.0,5.176
2015-01-27 07:30:00,4.0,5.176
2015-01-27 07:45:00,10.5,9.473
2015-01-27 08:00:00,37.5,42.871
2015-01-27 08:15:00,66.0,131.836
2015-01-27 08:30:00,58.5,83.594
2015-01-27 08:45:00,37.0,72.168
2015-01-27 09:00:00,50.5,66.602
2015-01-27 09:15:00,95.5,106.836
2015-01-27 09:30:00,259.0,463.379
2015-01-27 09:45:00,178.5,492.969
2015-01-27 10:00:00,299.0,616.797
2015-01-27 10:15:00,124.0,270.313
2015-01-27 10:30:00,153.5,180.371
2015-01-27 10:45:00,79.5,186.035
2015-01-27 11:00:00,107.0,134.18
2015-01-27 11:15:00,204.5,305.078
2015-01-27 11:30:00,178.5,355.176
2015-01-27 11:45:00,203.5,284.961
2015-01-27 12:00:00,210.5,364.355
2015-01-27 12:15:00,525.5,709.57
2015-01-27 12:30:00,213.5,372.949
2015-01-27 12:45:00,147.0,525.098
2015-01-27 13:00:00,502.5,675.879
2015-01-27 13:15:00,142.0,877.344
2015-01-27 13:30:00,437.0,862.891
2015-01-27 13:45:00,429.0,488.086
2015-01-27 14:00:00,124.0,579.59
2015-01-27 14:15:00,369.5,247.07
2015-01-27 14:30:00,318.5,654.688
2015-01-27 14:45:00,282.0,580.078
2015-01-27 15:00:00,246.0,526.465
2015-01-27 15:15:00,203.5,432.91
2015-01-27 15:30:00,184.0,383.301
2015-01-27 15:45:00,139.5,353.516
2015-01-27 16:00:00,87.0,287.891
2015-01-27 16:15:00,49.5,223.438
2015-01-27 16:30:00,10.5,111.621
2015-01-27 16:45:00,7.0,14.551
2015-01-27 17:00:00,2.5,8.105
2015-01-27 17:15:00,-1.0,2.734
2015-01-27 17:30:00,-1.0,0.0
2015-01-27 17:45:00,-1.0,0.098
2015-01-27 18:00:00,0.0,0.0
2015-01-27 18:15:00,0.0,0.098
2015-01-27 18:30:00,0.0,0.098
2015-01-27 18:45:00,0.0,0.0
2015-01-27 19:00:00,-1.0,0.098
2015-01-27 19:15:00,-1.0,0.098
2015-01-27 19:30:00,0.0,0.293
2015-01-27 19:45:00,-1.0,0.195
2015-01-27 20:00:00,-1.0,0.195
2015-01-27 20:15:00,-1.0,0.195
2015-01-27 20:30:00,0.0,0.195
2015-01-27 20:45:00,0.0,0.098
2015-01-27 21:00:00,0.0,0.0
2015-01-27 21:15:00,-1.0,0.195
2015-01-27 21:30:00,-1.0,0.195
2015-01-27 21:45:00,-1.0,0.098
2015-01-27 22:00:00,-1.0,0.098
2015-01-27 22:15:00,-1.0,0.195
2015-01-27 22:30:00,0.0,0.098
2015-01-27 22:45:00,-1.0,0.098
2015-01-27 23:00:00,-1.0,0.098
2015-01-27 23:15:00,0.0,0.195
2015-01-27 23:30:00,-1.0,0.195
2015-01-27 23:45:00,0.0,0.098
2015-01-28 00:00:00,-1.0,0.195
2015-01-28 00:15:00,-1.0,0.195
2015-01-28 00:30:00,-1.0,0.195
2015-01-28 00:45:00,-1.0,0.098
2015-01-28 01:00:00,-1.0,0.098
2015-01-28 01:15:00,-1.0,0.195
2015-01-28 01:30:00,-1.0,0.098
2015-01-28 01:45:00,-1.0,0.195
2015-01-28 02:00:00,-1.0,0.098
2015-01-28 02:15:00,-1.0,0.098
2015-01-28 02:30:00,-1.0,0.195
2015-01-28 02:45:00,-1.0,0.195
2015-01-28 03:00:00,0.0,0.195
2015-01-28 03:15:00,-1.0,0.195
2015-01-28 03:30:00,-1.0,0.293
2015-01-28 03:45:00,-1.0,0.195
2015-01-28 04:00:00,-1.0,0.293
2015-01-28 04:15:00,-1.0,0.195
2015-01-28 04:30:00,-1.0,0.195
2015-01-28 04:45:00,-1.0,0.195
2015-01-28 05:00:00,-1.0,0.293
2015-01-28 05:15:00,0.0,0.293
2015-01-28 05:30:00,-1.0,0.195
2015-01-28 05:45:00,-1.0,0.293
2015-01-28 06:00:00,-1.0,0.293
2015-01-28 06:15:00,-1.0,0.293
2015-01-28 06:30:00,-1.0,0.586
2015-01-28 06:45:00,-1.0,2.539
2015-01-28 07:00:00,16.0,14.16
2015-01-28 07:15:00,33.0,36.914
2015-01-28 07:30:00,42.5,59.277
2015-01-28 07:45:00,65.0,84.668
2015-01-28 08:00:00,78.5,119.922
2015-01-28 08:15:00,180.5,176.563
2015-01-28 08:30:00,184.0,431.836
2015-01-28 08:45:00,105.0,217.578
2015-01-28 09:00:00,118.0,193.262
2015-01-28 09:15:00,188.0,227.539
2015-01-28 09:30:00,340.5,474.609
2015-01-28 09:45:00,311.0,616.895
2015-01-28 10:00:00,381.0,611.719
2015-01-28 10:15:00,357.0,556.25
2015-01-28 10:30:00,378.5,693.555
2015-01-28 10:45:00,405.5,676.66
2015-01-28 11:00:00,382.0,748.047
2015-01-28 11:15:00,439.0,751.563
2015-01-28 11:30:00,435.0,613.184
2015-01-28 11:45:00,378.0,741.406
2015-01-28 12:00:00,318.5,658.789
2015-01-28 12:15:00,405.0,638.281
2015-01-28 12:30:00,384.5,708.496
2015-01-28 12:45:00,339.5,740.039
2015-01-28 13:00:00,241.5,433.887
2015-01-28 13:15:00,286.5,554.883
2015-01-28 13:30:00,317.0,537.402
2015-01-28 13:45:00,265.0,530.566
2015-01-28 14:00:00,240.0,455.566
2015-01-28 14:15:00,257.5,435.449
2015-01-28 14:30:00,242.0,412.793
2015-01-28 14:45:00,193.5,409.766
2015-01-28 15:00:00,199.5,366.406
2015-01-28 15:15:00,140.0,295.41
2015-01-28 15:30:00,113.0,220.801
2015-01-28 15:45:00,101.5,216.602
2015-01-28 16:00:00,56.0,129.199
2015-01-28 16:15:00,43.0,82.227
2015-01-28 16:30:00,20.0,52.539
2015-01-28 16:45:00,6.5,23.633
2015-01-28 17:00:00,1.0,7.91
2015-01-28 17:15:00,0.0,1.172
2015-01-28 17:30:00,-1.0,0.195
2015-01-28 17:45:00,-1.0,0.098
2015-01-28 18:00:00,-1.0,0.0
2015-01-28 18:15:00,0.0,0.0
2015-01-28 18:30:00,0.0,0.0
2015-01-28 18:45:00,-1.0,0.0
2015-01-28 19:00:00,0.0,0.0
2015-01-28 19:15:00,0.0,0.0
2015-01-28 19:30:00,0.0,0.0
2015-01-28 19:45:00,0.0,0.0
2015-01-28 20:00:00,-1.0,0.0
2015-01-28 20:15:00,-1.0,0.0
2015-01-28 20:30:00,-1.0,0.0
2015-01-28 20:45:00,-1.0,0.0
2015-01-28 21:00:00,-1.0,0.0
2015-01-28 21:15:00,0.0,0.0
2015-01-28 21:30:00,-1.0,0.0
2015-01-28 21:45:00,-1.0,0.0
2015-01-28 22:00:00,-1.0,0.0
2015-01-28 22:15:00,0.0,0.0
2015-01-28 22:30:00,0.0,0.0
2015-01-28 22:45:00,-1.0,0.0
2015-01-28 23:00:00,-1.0,0.0
2015-01-28 23:15:00,-1.0,0.0
2015-01-28 23:30:00,-1.0,0.0
2015-01-28 23:45:00,0.0,0.0
2015-01-29 00:00:00,-1.0,0.0
2015-01-29 00:15:00,-1.0,0.0
2015-01-29 00:30:00,-1.0,0.098
2015-01-29 00:45:00,0.0,0.0
2015-01-29 01:00:00,-1.0,0.0
2015-01-29 01:15:00,-1.0,0.0
2015-01-29 01:30:00,-1.0,0.0
2015-01-29 01:45:00,-1.0,0.0
2015-01-29 02:00:00,-1.0,0.0
2015-01-29 02:15:00,-1.0,0.0
2015-01-29 02:30:00,-1.0,0.098
2015-01-29 02:45:00,-1.0,0.098
2015-01-29 03:00:00,-1.0,0.098
2015-01-29 03:15:00,-1.0,0.098
2015-01-29 03:30:00,-1.0,0.098
2015-01-29 03:45:00,-1.0,0.098
2015-01-29 04:00:00,-1.0,0.098
2015-01-29 04:15:00,-1.0,0.098
2015-01-29 04:30:00,-1.0,0.0
2015-01-29 04:45:00,-1.0,0.195
2015-01-29 05:00:00,-1.0,0.098
2015-01-29 05:15:00,-1.0,0.195
2015-01-29 05:30:00,-1.0,0.195
2015-01-29 05:45:00,-1.0,0.098
2015-01-29 06:00:00,-1.0,0.195
2015-01-29 06:15:00,-1.0,0.195
2015-01-29 06:30:00,-1.0,0.098
2015-01-29 06:45:00,0.5,0.684
2015-01-29 07:00:00,-1.0,4.395
2015-01-29 07:15:00,10.0,13.965
2015-01-29 07:30:00,19.5,27.93
2015-01-29 07:45:00,28.0,41.113
2015-01-29 08:00:00,51.0,69.141
2015-01-29 08:15:00,70.5,97.168
2015-01-29 08:30:00,76.5,120.117
2015-01-29 08:45:00,82.0,124.609
2015-01-29 09:00:00,78.5,133.301
2015-01-29 09:15:00,72.5,127.051
2015-01-29 09:30:00,76.5,138.184
2015-01-29 09:45:00,97.0,161.816
2015-01-29 10:00:00,128.5,222.754
2015-01-29 10:15:00,138.0,252.734
2015-01-29 10:30:00,162.0,250.391
2015-01-29 10:45:00,183.5,289.551
2015-01-29 11:00:00,170.5,299.512
2015-01-29 11:15:00,167.0,283.789
2015-01-29 11:30:00,162.5,272.949
2015-01-29 11:45:00,177.5,270.508
2015-01-29 12:00:00,164.5,300.098
2015-01-29 12:15:00,159.5,274.902
2015-01-29 12:30:00,197.0,303.32
2015-01-29 12:45:00,187.5,335.254
2015-01-29 13:00:00,166.0,283.594
2015-01-29 13:15:00,131.5,243.848
2015-01-29 13:30:00,132.5,235.059
2015-01-29 13:45:00,114.0,224.023
2015-01-29 14:00:00,124.5,188.672
2015-01-29 14:15:00,112.5,179.492
2015-01-29 14:30:00,108.5,175.293
2015-01-29 14:45:00,112.5,186.23
2015-01-29 15:00:00,114.5,198.145
2015-01-29 15:15:00,85.0,169.141
2015-01-29 15:30:00,76.0,138.477
2015-01-29 15:45:00,57.0,114.355
2015-01-29 16:00:00,43.5,96.777
2015-01-29 16:15:00,30.0,57.324
2015-01-29 16:30:00,14.0,37.598
2015-01-29 16:45:00,9.0,21.191
2015-01-29 17:00:00,3.0,11.133
2015-01-29 17:15:00,0.0,2.051
2015-01-29 17:30:00,-1.0,0.195
2015-01-29 17:45:00,0.0,0.0
2015-01-29 18:00:00,-1.0,0.0
2015-01-29 18:15:00,-1.0,0.0
2015-01-29 18:30:00,-1.0,0.0
2015-01-29 18:45:00,0.0,0.0
2015-01-29 19:00:00,-1.0,0.0
2015-01-29 19:15:00,-1.0,0.0
2015-01-29 19:30:00,-1.0,0.0
2015-01-29 19:45:00,-1.0,0.0
2015-01-29 20:00:00,-1.0,0.0
2015-01-29 20:15:00,-1.0,0.098
2015-01-29 20:30:00,-1.0,0.0
2015-01-29 20:45:00,-1.0,0.0
2015-01-29 21:00:00,0.0,0.0
2015-01-29 21:15:00,-1.0,0.0
2015-01-29 21:30:00,-1.0,0.0
2015-01-29 21:45:00,-1.0,0.0
2015-01-29 22:00:00,-1.0,0.0
2015-01-29 22:15:00,-1.0,0.0
2015-01-29 22:30:00,-1.0,0.0
2015-01-29 22:45:00,-1.0,0.0
2015-01-29 23:00:00,-1.0,0.0
2015-01-29 23:15:00,0.0,0.098
2015-01-29 23:30:00,-1.0,0.0
2015-01-29 23:45:00,-1.0,0.0
2015-01-30 00:00:00,-1.0,0.0
2015-01-30 00:15:00,-1.0,0.098
2015-01-30 00:30:00,-1.0,0.0
2015-01-30 00:45:00,-1.0,0.098
2015-01-30 01:00:00,-1.0,0.0
2015-01-30 01:15:00,-1.0,0.098
2015-01-30 01:30:00,-1.0,0.098
2015-01-30 01:45:00,-1.0,0.0
2015-01-30 02:00:00,-1.0,0.098
2015-01-30 02:15:00,-1.0,0.098
2015-01-30 02:30:00,-1.0,0.098
2015-01-30 02:45:00,-1.0,0.195
2015-01-30 03:00:00,-1.0,0.098
2015-01-30 03:15:00,0.0,0.0
2015-01-30 03:30:00,-1.0,0.195
2015-01-30 03:45:00,-1.0,0.195
2015-01-30 04:00:00,0.0,0.098
2015-01-30 04:15:00,-1.0,0.195
2015-01-30 04:30:00,-1.0,0.195
2015-01-30 04:45:00,-1.0,0.0
2015-01-30 05:00:00,-1.0,0.195
2015-01-30 05:15:00,-1.0,0.195
2015-01-30 05:30:00,-1.0,0.0
2015-01-30 05:45:00,-1.0,0.098
2015-01-30 06:00:00,-1.0,0.195
2015-01-30 06:15:00,-1.0,0.098
2015-01-30 06:30:00,-1.0,0.195
2015-01-30 06:45:00,-1.0,0.293
2015-01-30 07:00:00,0.0,1.074
2015-01-30 07:15:00,4.0,4.688
2015-01-30 07:30:00,5.0,8.691
2015-01-30 07:45:00,8.5,12.891
2015-01-30 08:00:00,14.5,19.531
2015-01-30 08:15:00,16.0,21.387
2015-01-30 08:30:00,22.5,30.762
2015-01-30 08:45:00,22.5,35.156
2015-01-30 09:00:00,20.5,35.547
2015-01-30 09:15:00,28.0,39.746
2015-01-30 09:30:00,29.0,45.996
2015-01-30 09:45:00,41.0,59.082
2015-01-30 10:00:00,43.5,66.113
2015-01-30 10:15:00,51.5,85.449
2015-01-30 10:30:00,50.5,83.301
2015-01-30 10:45:00,64.5,102.832
2015-01-30 11:00:00,63.0,108.887
2015-01-30 11:15:00,74.0,114.941
2015-01-30 11:30:00,63.0,118.945
2015-01-30 11:45:00,72.5,121.191
2015-01-30 12:00:00,62.0,107.422
2015-01-30 12:15:00,74.5,120.898
2015-01-30 12:30:00,93.0,137.305
2015-01-30 12:45:00,108.0,180.273
2015-01-30 13:00:00,102.5,192.871
2015-01-30 13:15:00,116.5,190.82
2015-01-30 13:30:00,160.5,201.465
2015-01-30 13:45:00,151.0,256.543
2015-01-30 14:00:00,100.5,173.242
2015-01-30 14:15:00,77.5,135.352
2015-01-30 14:30:00,64.0,111.328
2015-01-30 14:45:00,63.0,94.043
2015-01-30 15:00:00,73.5,106.543
2015-01-30 15:15:00,74.5,117.48
2015-01-30 15:30:00,48.5,95.996
2015-01-30 15:45:00,28.0,56.836
2015-01-30 16:00:00,21.5,40.137
2015-01-30 16:15:00,14.5,30.957
2015-01-30 16:30:00,8.5,19.434
2015-01-30 16:45:00,2.5,9.473
2015-01-30 17:00:00,-1.0,2.441
2015-01-30 17:15:00,-1.0,0.879
2015-01-30 17:30:00,-1.0,0.293
2015-01-30 17:45:00,-1.0,0.195
2015-01-30 18:00:00,0.0,0.098
2015-01-30 18:15:00,-1.0,0.098
2015-01-30 18:30:00,-1.0,0.098
2015-01-30 18:45:00,0.0,0.098
2015-01-30 19:00:00,-1.0,0.098
2015-01-30 19:15:00,-1.0,0.098
2015-01-30 19:30:00,-1.0,0.098
2015-01-30 19:45:00,-1.0,0.098
2015-01-30 20:00:00,-1.0,0.098
2015-01-30 20:15:00,-1.0,0.195
2015-01-30 20:30:00,-1.0,0.195
2015-01-30 20:45:00,-1.0,0.195
2015-01-30 21:00:00,-1.0,0.098
2015-01-30 21:15:00,-1.0,0.195
2015-01-30 21:30:00,-1.0,0.195
2015-01-30 21:45:00,-1.0,0.195
2015-01-30 22:00:00,-1.0,0.098
2015-01-30 22:15:00,-1.0,0.195
2015-01-30 22:30:00,-1.0,0.195
2015-01-30 22:45:00,-1.0,0.195
2015-01-30 23:00:00,-1.0,0.195
2015-01-30 23:15:00,0.0,0.293
2015-01-30 23:30:00,-1.0,0.195
2015-01-30 23:45:00,-1.0,0.293
2015-01-31 00:00:00,-1.0,0.098
2015-01-31 00:15:00,-1.0,0.195
2015-01-31 00:30:00,-1.0,0.195
2015-01-31 00:45:00,0.0,0.195
2015-01-31 01:00:00,-1.0,0.098
2015-01-31 01:15:00,-1.0,0.195
2015-01-31 01:30:00,-1.0,0.098
2015-01-31 01:45:00,-1.0,0.098
2015-01-31 02:00:00,-1.0,0.0
2015-01-31 02:15:00,-1.0,0.098
2015-01-31 02:30:00,-1.0,0.098
2015-01-31 02:45:00,-1.0,0.195
2015-01-31 03:00:00,-1.0,0.0
2015-01-31 03:15:00,-1.0,0.098
2015-01-31 03:30:00,-1.0,0.293
2015-01-31 03:45:00,0.0,0.098
2015-01-31 04:00:00,-1.0,0.098
2015-01-31 04:15:00,0.0,0.098
2015-01-31 04:30:00,-1.0,0.098
2015-01-31 04:45:00,-1.0,0.098
2015-01-31 05:00:00,-1.0,0.195
2015-01-31 05:15:00,-1.0,0.098
2015-01-31 05:30:00,-1.0,0.098
2015-01-31 05:45:00,-1.0,0.195
2015-01-31 06:00:00,-1.0,0.098
2015-01-31 06:15:00,-1.0,0.195
2015-01-31 06:30:00,-1.0,0.195
2015-01-31 06:45:00,1.0,0.781
2015-01-31 07:00:00,-1.0,2.637
2015-01-31 07:15:00,12.5,10.742
2015-01-31 07:30:00,24.0,31.934
2015-01-31 07:45:00,41.0,49.316
2015-01-31 08:00:00,36.0,62.402
2015-01-31 08:15:00,60.5,73.633
2015-01-31 08:30:00,72.5,104.297
2015-01-31 08:45:00,108.0,141.406
2015-01-31 09:00:00,163.0,220.703
2015-01-31 09:15:00,139.0,258.301
2015-01-31 09:30:00,133.5,229.883
2015-01-31 09:45:00,159.0,259.473
2015-01-31 10:00:00,182.0,266.992
2015-01-31 10:15:00,126.5,248.73
2015-01-31 10:30:00,236.0,458.594
2015-01-31 10:45:00,530.5,851.758
2015-01-31 11:00:00,494.0,743.262
2015-01-31 11:15:00,473.5,502.051
2015-01-31 11:30:00,182.0,673.73
2015-01-31 11:45:00,579.0,696.094
2015-01-31 12:00:00,417.0,910.645
2015-01-31 12:15:00,508.0,819.824
2015-01-31 12:30:00,492.0,879.785
2015-01-31 12:45:00,518.0,917.871
2015-01-31 13:00:00,535.0,827.246
2015-01-31 13:15:00,96.5,626.074
2015-01-31 13:30:00,108.0,748.145
2015-01-31 13:45:00,151.5,554.004
2015-01-31 14:00:00,430.0,544.434
2015-01-31 14:15:00,416.5,800.586
2015-01-31 14:30:00,301.5,684.961
2015-01-31 14:45:00,315.5,610.254
2015-01-31 15:00:00,75.5,323.73
2015-01-31 15:15:00,53.0,197.559
2015-01-31 15:30:00,223.0,200.098
2015-01-31 15:45:00,61.0,208.887
2015-01-31 16:00:00,122.5,282.031
2015-01-31 16:15:00,66.5,274.316
2015-01-31 16:30:00,31.5,187.402
2015-01-31 16:45:00,12.5,27.539
2015-01-31 17:00:00,4.0,10.645
2015-01-31 17:15:00,-1.0,4.59
2015-01-31 17:30:00,0.5,0.0
2015-01-31 17:45:00,-1.0,0.0
2015-01-31 18:00:00,0.0,0.0
2015-01-31 18:15:00,-1.0,0.0
2015-01-31 18:30:00,-1.0,0.0
2015-01-31 18:45:00,-1.0,0.0
2015-01-31 19:00:00,0.0,0.0
2015-01-31 19:15:00,-1.0,0.0
2015-01-31 19:30:00,0.0,0.0
2015-01-31 19:45:00,-1.0,0.098
2015-01-31 20:00:00,0.0,0.195
2015-01-31 20:15:00,0.0,0.098
2015-01-31 20:30:00,0.0,0.098
2015-01-31 20:45:00,-1.0,0.195
2015-01-31 21:00:00,0.0,0.098
2015-01-31 21:15:00,-1.0,0.098
2015-01-31 21:30:00,-1.0,0.098
2015-01-31 21:45:00,-1.0,0.098
2015-01-31 22:00:00,-1.0,0.098
2015-01-31 22:15:00,-1.0,0.098
2015-01-31 22:30:00,-1.0,0.098
2015-01-31 22:45:00,-1.0,0.098
2015-01-31 23:00:00,-1.0,0.0
2015-01-31 23:15:00,-1.0,0.098
2015-01-31 23:30:00,-1.0,0.0
2015-01-31 23:45:00,-1.0,0.098
2015-02-01 00:00:00,-1.0,0.195
2015-02-01 00:15:00,-1.0,0.098
2015-02-01 00:30:00,0.0,0.0
2015-02-01 00:45:00,0.0,0.195
2015-02-01 01:00:00,-1.0,0.195
2015-02-01 01:15:00,-1.0,0.293
2015-02-01 01:30:00,-1.0,0.293
2015-02-01 01:45:00,-1.0,0.195
2015-02-01 02:00:00,-1.0,0.098
2015-02-01 02:15:00,-1.0,0.195
2015-02-01 02:30:00,-1.0,0.195
2015-02-01 02:45:00,-1.0,0.0
2015-02-01 03:00:00,-1.0,0.0
2015-02-01 03:15:00,-1.0,0.098
2015-02-01 03:30:00,-1.0,0.098
2015-02-01 03:45:00,-1.0,0.098
2015-02-01 04:00:00,0.0,0.195
2015-02-01 04:15:00,-1.0,0.098
2015-02-01 04:30:00,-1.0,0.098
2015-02-01 04:45:00,-1.0,0.098
2015-02-01 05:00:00,-1.0,0.0
2015-02-01 05:15:00,-1.0,0.098
2015-02-01 05:30:00,-1.0,0.0
2015-02-01 05:45:00,-1.0,0.0
2015-02-01 06:00:00,-1.0,0.0
2015-02-01 06:15:00,-1.0,0.098
2015-02-01 06:30:00,-1.0,0.488
2015-02-01 06:45:00,-1.0,3.516
2015-02-01 07:00:00,12.5,9.375
2015-02-01 07:15:00,34.0,14.453
2015-02-01 07:30:00,64.5,84.473
2015-02-01 07:45:00,91.5,255.566
2015-02-01 08:00:00,130.5,321.484
2015-02-01 08:15:00,203.5,397.07
2015-02-01 08:30:00,244.0,455.664
2015-02-01 08:45:00,279.0,513.574
2015-02-01 09:00:00,311.5,582.52
2015-02-01 09:15:00,340.0,637.793
2015-02-01 09:30:00,363.5,690.039
2015-02-01 09:45:00,384.5,737.305
2015-02-01 10:00:00,403.0,778.906
2015-02-01 10:15:00,421.0,818.164
2015-02-01 10:30:00,436.0,855.762
2015-02-01 10:45:00,444.0,885.547
2015-02-01 11:00:00,452.5,908.496
2015-02-01 11:15:00,457.0,926.66
2015-02-01 11:30:00,464.0,939.746
2015-02-01 11:45:00,468.0,942.773
2015-02-01 12:00:00,466.0,939.063
2015-02-01 12:15:00,452.0,946.973
2015-02-01 12:30:00,439.0,930.762
2015-02-01 12:45:00,461.5,893.262
2015-02-01 13:00:00,446.0,876.66
2015-02-01 13:15:00,442.5,883.105
2015-02-01 13:30:00,411.0,776.367
2015-02-01 13:45:00,312.5,758.105
2015-02-01 14:00:00,278.0,581.934
2015-02-01 14:15:00,275.0,520.02
2015-02-01 14:30:00,236.0,485.84
2015-02-01 14:45:00,167.0,339.844
2015-02-01 15:00:00,137.5,240.332
2015-02-01 15:15:00,128.0,238.574
2015-02-01 15:30:00,95.5,187.5
2015-02-01 15:45:00,80.0,149.219
2015-02-01 16:00:00,65.0,122.363
2015-02-01 16:15:00,39.5,89.648
2015-02-01 16:30:00,38.0,69.531
2015-02-01 16:45:00,31.5,62.598
2015-02-01 17:00:00,8.0,29.688
2015-02-01 17:15:00,0.5,6.641
2015-02-01 17:30:00,-1.0,0.684
2015-02-01 17:45:00,0.0,0.0
2015-02-01 18:00:00,-1.0,0.0
2015-02-01 18:15:00,-1.0,0.0
2015-02-01 18:30:00,0.0,0.0
2015-02-01 18:45:00,0.0,0.0
2015-02-01 19:00:00,0.0,0.0
2015-02-01 19:15:00,-1.0,0.0
2015-02-01 19:30:00,0.0,0.098
2015-02-01 19:45:00,-1.0,0.098
2015-02-01 20:00:00,-1.0,0.195
2015-02-01 20:15:00,-1.0,0.098
2015-02-01 20:30:00,-1.0,0.293
2015-02-01 20:45:00,-1.0,0.195
2015-02-01 21:00:00,0.0,0.098
2015-02-01 21:15:00,0.0,0.195
2015-02-01 21:30:00,0.0,0.0
2015-02-01 21:45:00,-1.0,0.098
2015-02-01 22:00:00,0.0,0.098
2015-02-01 22:15:00,-1.0,0.098
2015-02-01 22:30:00,0.0,0.195
2015-02-01 22:45:00,-1.0,0.0
2015-02-01 23:00:00,-1.0,0.195
2015-02-01 23:15:00,0.0,0.098
2015-02-01 23:30:00,-1.0,0.098
2015-02-01 23:45:00,-1.0,0.0
2015-02-02 00:00:00,-1.0,0.0
2015-02-02 00:15:00,-1.0,0.195
2015-02-02 00:30:00,0.0,0.098
2015-02-02 00:45:00,-1.0,0.098
2015-02-02 01:00:00,-1.0,0.098
2015-02-02 01:15:00,-1.0,0.195
2015-02-02 01:30:00,-1.0,0.195
2015-02-02 01:45:00,-1.0,0.195
2015-02-02 02:00:00,-1.0,0.195
2015-02-02 02:15:00,-1.0,0.195
2015-02-02 02:30:00,-1.0,0.098
2015-02-02 02:45:00,-1.0,0.195
2015-02-02 03:00:00,-1.0,0.195
2015-02-02 03:15:00,-1.0,0.195
2015-02-02 03:30:00,-1.0,0.195
2015-02-02 03:45:00,-1.0,0.195
2015-02-02 04:00:00,-1.0,0.098
2015-02-02 04:15:00,-1.0,0.098
2015-02-02 04:30:00,0.0,0.0
2015-02-02 04:45:00,-1.0,0.0
2015-02-02 05:00:00,-1.0,0.0
2015-02-02 05:15:00,-1.0,0.0
2015-02-02 05:30:00,-1.0,0.0
2015-02-02 05:45:00,0.0,0.0
2015-02-02 06:00:00,-1.0,0.0
2015-02-02 06:15:00,-1.0,0.0
2015-02-02 06:30:00,-1.0,0.195
2015-02-02 06:45:00,-1.0,3.125
2015-02-02 07:00:00,9.0,9.18
2015-02-02 07:15:00,35.0,16.699
2015-02-02 07:30:00,61.0,88.965
2015-02-02 07:45:00,92.0,241.895
2015-02-02 08:00:00,122.0,308.594
2015-02-02 08:15:00,202.5,376.758
2015-02-02 08:30:00,238.0,436.914
2015-02-02 08:45:00,274.5,499.316
2015-02-02 09:00:00,303.0,566.211
2015-02-02 09:15:00,333.0,617.578
2015-02-02 09:30:00,359.0,669.824
2015-02-02 09:45:00,378.5,715.82
2015-02-02 10:00:00,397.5,759.961
2015-02-02 10:15:00,413.5,803.711
2015-02-02 10:30:00,426.5,838.086
2015-02-02 10:45:00,436.5,865.527
2015-02-02 11:00:00,450.0,888.379
2015-02-02 11:15:00,457.0,918.262
2015-02-02 11:30:00,461.0,929.395
2015-02-02 11:45:00,457.5,937.109
2015-02-02 12:00:00,458.0,940.625
2015-02-02 12:15:00,454.5,934.961
2015-02-02 12:30:00,448.0,923.34
2015-02-02 12:45:00,440.5,912.891
2015-02-02 13:00:00,430.5,894.238
2015-02-02 13:15:00,419.5,870.801
2015-02-02 13:30:00,405.0,839.16
2015-02-02 13:45:00,386.0,801.66
2015-02-02 14:00:00,369.0,761.426
2015-02-02 14:15:00,346.0,717.773
2015-02-02 14:30:00,320.5,669.238
2015-02-02 14:45:00,294.5,617.578
2015-02-02 15:00:00,269.0,569.238
2015-02-02 15:15:00,200.0,469.922
2015-02-02 15:30:00,70.0,207.422
2015-02-02 15:45:00,87.0,152.344
2015-02-02 16:00:00,67.5,132.715
2015-02-02 16:15:00,62.0,127.441
2015-02-02 16:30:00,33.0,95.41
2015-02-02 16:45:00,16.0,44.727
2015-02-02 17:00:00,3.0,16.406
2015-02-02 17:15:00,-1.0,4.004
2015-02-02 17:30:00,-1.0,2.539
2015-02-02 17:45:00,-1.0,0.195
2015-02-02 18:00:00,0.0,0.098
2015-02-02 18:15:00,0.0,0.098
2015-02-02 18:30:00,0.0,0.098
2015-02-02 18:45:00,-1.0,0.0
2015-02-02 19:00:00,-1.0,0.0
2015-02-02 19:15:00,-1.0,0.0
2015-02-02 19:30:00,-1.0,0.0
2015-02-02 19:45:00,0.0,0.0
2015-02-02 20:00:00,0.0,0.0
2015-02-02 20:15:00,-1.0,0.0
2015-02-02 20:30:00,-1.0,0.0
2015-02-02 20:45:00,-1.0,0.0
2015-02-02 21:00:00,-1.0,0.0
2015-02-02 21:15:00,-1.0,0.0
2015-02-02 21:30:00,-1.0,0.0
2015-02-02 21:45:00,0.0,0.0
2015-02-02 22:00:00,0.0,0.098
2015-02-02 22:15:00,0.0,0.098
2015-02-02 22:30:00,0.0,0.195
2015-02-02 22:45:00,-1.0,0.098
2015-02-02 23:00:00,-1.0,0.0
2015-02-02 23:15:00,0.0,0.195
2015-02-02 23:30:00,-1.0,0.195
2015-02-02 23:45:00,0.0,0.098
2015-02-03 00:00:00,-1.0,0.195
2015-02-03 00:15:00,-1.0,0.195
2015-02-03 00:30:00,-1.0,0.293
2015-02-03 00:45:00,-1.0,0.195
2015-02-03 01:00:00,-1.0,0.195
2015-02-03 01:15:00,-1.0,0.0
2015-02-03 01:30:00,-1.0,0.195
2015-02-03 01:45:00,-1.0,0.293
2015-02-03 02:00:00,-1.0,0.293
2015-02-03 02:15:00,-1.0,0.293
2015-02-03 02:30:00,-1.0,0.391
2015-02-03 02:45:00,-1.0,0.391
2015-02-03 03:00:00,-1.0,0.293
2015-02-03 03:15:00,-1.0,0.391
2015-02-03 03:30:00,-1.0,0.391
2015-02-03 03:45:00,-1.0,0.195
2015-02-03 04:00:00,-1.0,0.195
2015-02-03 04:15:00,0.0,0.195
2015-02-03 04:30:00,-1.0,0.0
2015-02-03 04:45:00,0.0,0.195
2015-02-03 05:00:00,-1.0,0.098
2015-02-03 05:15:00,-1.0,0.195
2015-02-03 05:30:00,-1.0,0.195
2015-02-03 05:45:00,-1.0,0.195
2015-02-03 06:00:00,-1.0,0.195
2015-02-03 06:15:00,-1.0,0.098
2015-02-03 06:30:00,-1.0,0.879
2015-02-03 06:45:00,-1.0,6.348
2015-02-03 07:00:00,24.0,16.211
2015-02-03 07:15:00,66.0,43.75
2015-02-03 07:30:00,99.5,147.461
2015-02-03 07:45:00,75.5,195.02
2015-02-03 08:00:00,123.5,150.293
2015-02-03 08:15:00,162.0,249.121
2015-02-03 08:30:00,221.0,310.059
2015-02-03 08:45:00,184.0,381.055
2015-02-03 09:00:00,199.5,416.992
2015-02-03 09:15:00,332.0,596.094
2015-02-03 09:30:00,335.0,675.0
2015-02-03 09:45:00,374.5,699.512
2015-02-03 10:00:00,386.0,743.75
2015-02-03 10:15:00,379.0,781.055
2015-02-03 10:30:00,438.5,806.934
2015-02-03 10:45:00,432.0,864.16
2015-02-03 11:00:00,447.5,840.137
2015-02-03 11:15:00,444.0,867.285
2015-02-03 11:30:00,447.5,918.848
2015-02-03 11:45:00,459.5,931.934
2015-02-03 12:00:00,481.5,975.195
2015-02-03 12:15:00,292.0,697.168
2015-02-03 12:30:00,363.5,595.117
2015-02-03 12:45:00,298.0,560.547
2015-02-03 13:00:00,403.5,583.594
2015-02-03 13:15:00,442.0,693.652
2015-02-03 13:30:00,179.5,542.969
2015-02-03 13:45:00,171.0,306.738
2015-02-03 14:00:00,146.0,312.988
2015-02-03 14:15:00,218.0,271.191
2015-02-03 14:30:00,181.5,303.809
2015-02-03 14:45:00,105.5,279.395
2015-02-03 15:00:00,122.5,220.02
2015-02-03 15:15:00,145.5,375.977
2015-02-03 15:30:00,181.5,346.973
2015-02-03 15:45:00,168.5,393.945
2015-02-03 16:00:00,123.5,311.523
2015-02-03 16:15:00,74.5,237.891
2015-02-03 16:30:00,30.0,185.059
2015-02-03 16:45:00,23.5,42.871
2015-02-03 17:00:00,8.5,28.516
2015-02-03 17:15:00,2.0,9.277
2015-02-03 17:30:00,-1.0,2.441
2015-02-03 17:45:00,-1.0,0.098
2015-02-03 18:00:00,0.0,0.098
2015-02-03 18:15:00,0.0,0.0
2015-02-03 18:30:00,0.0,0.0
2015-02-03 18:45:00,0.0,0.0
2015-02-03 19:00:00,0.0,0.0
2015-02-03 19:15:00,0.0,0.0
2015-02-03 19:30:00,-1.0,0.0
2015-02-03 19:45:00,0.0,0.0
2015-02-03 20:00:00,0.0,0.0
2015-02-03 20:15:00,0.0,0.0
2015-02-03 20:30:00,0.0,0.0
2015-02-03 20:45:00,-1.0,0.0
2015-02-03 21:00:00,0.0,0.0
2015-02-03 21:15:00,0.0,0.098
2015-02-03 21:30:00,-1.0,0.098
2015-02-03 21:45:00,-1.0,0.0
2015-02-03 22:00:00,0.0,0.098
2015-02-03 22:15:00,-1.0,0.098
2015-02-03 22:30:00,-1.0,0.098
2015-02-03 22:45:00,-1.0,0.098
2015-02-03 23:00:00,-1.0,0.098
2015-02-03 23:15:00,-1.0,0.0
2015-02-03 23:30:00,-1.0,0.098
2015-02-03 23:45:00,-1.0,0.195
2015-02-04 00:00:00,-1.0,0.195
2015-02-04 00:15:00,-1.0,0.195
2015-02-04 00:30:00,-1.0,0.098
2015-02-04 00:45:00,-1.0,0.098
2015-02-04 01:00:00,0.0,0.0
2015-02-04 01:15:00,-1.0,0.098
2015-02-04 01:30:00,-1.0,0.098
2015-02-04 01:45:00,-1.0,0.195
2015-02-04 02:00:00,-1.0,0.098
2015-02-04 02:15:00,-1.0,0.098
2015-02-04 02:30:00,-1.0,0.195
2015-02-04 02:45:00,-1.0,0.098
2015-02-04 03:00:00,-1.0,0.195
2015-02-04 03:15:00,0.0,0.195
2015-02-04 03:30:00,-1.0,0.195
2015-02-04 03:45:00,-1.0,0.293
2015-02-04 04:00:00,-1.0,0.098
2015-02-04 04:15:00,-1.0,0.195
2015-02-04 04:30:00,-1.0,0.195
2015-02-04 04:45:00,-1.0,0.195
2015-02-04 05:00:00,-1.0,0.195
2015-02-04 05:15:00,-1.0,0.195
2015-02-04 05:30:00,-1.0,0.195
2015-02-04 05:45:00,-1.0,0.098
2015-02-04 06:00:00,0.0,0.0
2015-02-04 06:15:00,-1.0,0.0
2015-02-04 06:30:00,-1.0,0.391
2015-02-04 06:45:00,-1.0,3.223
2015-02-04 07:00:00,18.0,11.035
2015-02-04 07:15:00,41.0,18.066
2015-02-04 07:30:00,79.5,123.145
2015-02-04 07:45:00,122.0,260.156
2015-02-04 08:00:00,166.0,306.836
2015-02-04 08:15:00,205.5,391.309
2015-02-04 08:30:00,244.0,447.754
2015-02-04 08:45:00,280.5,519.434
2015-02-04 09:00:00,309.5,582.324
2015-02-04 09:15:00,337.5,640.625
2015-02-04 09:30:00,363.5,695.605
2015-02-04 09:45:00,384.5,744.824
2015-02-04 10:00:00,398.0,789.063
2015-02-04 10:15:00,412.0,816.699
2015-02-04 10:30:00,432.5,852.93
2015-02-04 10:45:00,446.0,887.012
2015-02-04 11:00:00,450.5,910.059
2015-02-04 11:15:00,459.0,930.566
2015-02-04 11:30:00,467.5,947.363
2015-02-04 11:45:00,464.0,945.508
2015-02-04 12:00:00,455.5,955.957
2015-02-04 12:15:00,469.5,942.871
2015-02-04 12:30:00,438.5,934.473
2015-02-04 12:45:00,446.5,892.578
2015-02-04 13:00:00,445.5,894.824
2015-02-04 13:15:00,435.0,883.105
2015-02-04 13:30:00,415.0,841.699
2015-02-04 13:45:00,393.5,815.039
2015-02-04 14:00:00,369.0,773.926
2015-02-04 14:15:00,349.5,730.371
2015-02-04 14:30:00,329.0,684.473
2015-02-04 14:45:00,306.0,647.559
2015-02-04 15:00:00,274.0,595.02
2015-02-04 15:15:00,247.0,536.328
2015-02-04 15:30:00,211.5,476.27
2015-02-04 15:45:00,168.5,412.598
2015-02-04 16:00:00,124.5,338.672
2015-02-04 16:15:00,47.0,230.566
2015-02-04 16:30:00,33.0,158.594
2015-02-04 16:45:00,20.5,80.371
2015-02-04 17:00:00,8.0,24.609
2015-02-04 17:15:00,1.0,7.324
2015-02-04 17:30:00,0.0,0.879
2015-02-04 17:45:00,0.0,0.293
2015-02-04 18:00:00,-1.0,0.195
2015-02-04 18:15:00,0.0,0.195
2015-02-04 18:30:00,0.0,0.098
2015-02-04 18:45:00,-1.0,0.195
2015-02-04 19:00:00,-1.0,0.0
2015-02-04 19:15:00,-1.0,0.0
2015-02-04 19:30:00,-1.0,0.0
2015-02-04 19:45:00,0.0,0.0
2015-02-04 20:00:00,-1.0,0.0
2015-02-04 20:15:00,0.0,0.0
2015-02-04 20:30:00,0.0,0.0
2015-02-04 20:45:00,-1.0,0.0
2015-02-04 21:00:00,-1.0,0.0
2015-02-04 21:15:00,0.0,0.0
2015-02-04 21:30:00,-1.0,0.0
2015-02-04 21:45:00,-1.0,0.0
2015-02-04 22:00:00,-1.0,0.0
2015-02-04 22:15:00,-1.0,0.0
2015-02-04 22:30:00,0.0,0.098
2015-02-04 22:45:00,-1.0,0.195
2015-02-04 23:00:00,-1.0,0.098
2015-02-04 23:15:00,-1.0,0.098
2015-02-04 23:30:00,-1.0,0.098
2015-02-04 23:45:00,0.0,0.293
2015-02-05 00:00:00,0.0,0.195
2015-02-05 00:15:00,-1.0,0.098
2015-02-05 00:30:00,-1.0,0.098
2015-02-05 00:45:00,-1.0,0.195
2015-02-05 01:00:00,-1.0,0.098
2015-02-05 01:15:00,-1.0,0.0
2015-02-05 01:30:00,-1.0,0.195
2015-02-05 01:45:00,-1.0,0.195
2015-02-05 02:00:00,0.0,0.195
2015-02-05 02:15:00,-1.0,0.0
2015-02-05 02:30:00,-1.0,0.195
2015-02-05 02:45:00,-1.0,0.098
2015-02-05 03:00:00,0.0,0.195
2015-02-05 03:15:00,0.0,0.195
2015-02-05 03:30:00,-1.0,0.293
2015-02-05 03:45:00,-1.0,0.195
2015-02-05 04:00:00,-1.0,0.195
2015-02-05 04:15:00,-1.0,0.195
2015-02-05 04:30:00,-1.0,0.293
2015-02-05 04:45:00,-1.0,0.293
2015-02-05 05:00:00,-1.0,0.293
2015-02-05 05:15:00,-1.0,0.195
2015-02-05 05:30:00,-1.0,0.195
2015-02-05 05:45:00,-1.0,0.195
2015-02-05 06:00:00,-1.0,0.195
2015-02-05 06:15:00,-1.0,0.293
2015-02-05 06:30:00,-1.0,0.488
2015-02-05 06:45:00,-1.0,4.395
2015-02-05 07:00:00,20.0,21.68
2015-02-05 07:15:00,51.5,44.043
2015-02-05 07:30:00,91.0,148.828
2015-02-05 07:45:00,137.0,294.141
2015-02-05 08:00:00,193.5,353.613
2015-02-05 08:15:00,191.0,423.828
2015-02-05 08:30:00,274.0,483.301
2015-02-05 08:45:00,186.5,425.391
2015-02-05 09:00:00,202.5,366.406
2015-02-05 09:15:00,271.0,469.336
2015-02-05 09:30:00,371.5,609.375
2015-02-05 09:45:00,299.0,685.449
2015-02-05 10:00:00,368.5,583.789
2015-02-05 10:15:00,403.5,767.383
2015-02-05 10:30:00,382.0,793.75
2015-02-05 10:45:00,401.5,780.566
2015-02-05 11:00:00,363.5,795.02
2015-02-05 11:15:00,450.0,777.246
2015-02-05 11:30:00,432.0,797.266
2015-02-05 11:45:00,390.5,796.191
2015-02-05 12:00:00,418.5,834.375
2015-02-05 12:15:00,452.5,861.816
2015-02-05 12:30:00,457.5,920.117
2015-02-05 12:45:00,297.5,772.852
2015-02-05 13:00:00,356.0,713.965
2015-02-05 13:15:00,365.0,808.691
2015-02-05 13:30:00,400.5,845.605
2015-02-05 13:45:00,398.0,790.039
2015-02-05 14:00:00,342.5,793.75
2015-02-05 14:15:00,357.0,696.875
2015-02-05 14:30:00,339.5,694.531
2015-02-05 14:45:00,268.5,624.414
2015-02-05 15:00:00,276.5,577.832
2015-02-05 15:15:00,240.0,536.133
2015-02-05 15:30:00,207.0,470.996
2015-02-05 15:45:00,166.0,404.297
2015-02-05 16:00:00,120.5,335.742
2015-02-05 16:15:00,73.5,268.359
2015-02-05 16:30:00,37.5,200.977
2015-02-05 16:45:00,18.5,99.707
2015-02-05 17:00:00,5.0,14.063
2015-02-05 17:15:00,0.0,6.055
2015-02-05 17:30:00,0.0,1.27
2015-02-05 17:45:00,-1.0,0.195
2015-02-05 18:00:00,-1.0,0.195
2015-02-05 18:15:00,0.0,0.293
2015-02-05 18:30:00,0.0,0.195
2015-02-05 18:45:00,0.0,0.195
2015-02-05 19:00:00,0.0,0.098
2015-02-05 19:15:00,0.0,0.098
2015-02-05 19:30:00,0.0,0.0
2015-02-05 19:45:00,-1.0,0.098
2015-02-05 20:00:00,-1.0,0.0
2015-02-05 20:15:00,-1.0,0.0
2015-02-05 20:30:00,0.0,0.0
2015-02-05 20:45:00,0.0,0.098
2015-02-05 21:00:00,0.0,0.0
2015-02-05 21:15:00,-1.0,0.098
2015-02-05 21:30:00,0.0,0.0
2015-02-05 21:45:00,0.0,0.098
2015-02-05 22:00:00,-1.0,0.098
2015-02-05 22:15:00,-1.0,0.195
2015-02-05 22:30:00,0.0,0.195
2015-02-05 22:45:00,-1.0,0.195
2015-02-05 23:00:00,0.0,0.098
2015-02-05 23:15:00,-1.0,0.195
2015-02-05 23:30:00,-1.0,0.0
2015-02-05 23:45:00,-1.0,0.098
2015-02-06 00:00:00,-1.0,0.293
2015-02-06 00:15:00,-1.0,0.098
2015-02-06 00:30:00,-1.0,0.293
2015-02-06 00:45:00,-1.0,0.195
2015-02-06 01:00:00,-1.0,0.195
2015-02-06 01:15:00,-1.0,0.195
2015-02-06 01:30:00,-1.0,0.098
2015-02-06 01:45:00,-1.0,0.098
2015-02-06 02:00:00,-1.0,0.195
2015-02-06 02:15:00,0.0,0.0
2015-02-06 02:30:00,-1.0,0.098
2015-02-06 02:45:00,-1.0,0.195
2015-02-06 03:00:00,-1.0,0.098
2015-02-06 03:15:00,-1.0,0.293
2015-02-06 03:30:00,-1.0,0.293
2015-02-06 03:45:00,-1.0,0.195
2015-02-06 04:00:00,-1.0,0.293
2015-02-06 04:15:00,-1.0,0.293
2015-02-06 04:30:00,0.0,0.293
2015-02-06 04:45:00,-1.0,0.195
2015-02-06 05:00:00,-1.0,0.195
2015-02-06 05:15:00,-1.0,0.293
2015-02-06 05:30:00,-1.0,0.293
2015-02-06 05:45:00,0.0,0.293
2015-02-06 06:00:00,-1.0,0.293
2015-02-06 06:15:00,-1.0,0.391
2015-02-06 06:30:00,2.0,1.758
2015-02-06 06:45:00,8.5,8.105
2015-02-06 07:00:00,31.5,20.996
2015-02-06 07:15:00,59.0,38.184
2015-02-06 07:30:00,91.0,168.652
2015-02-06 07:45:00,145.5,265.332
2015-02-06 08:00:00,139.5,370.215
2015-02-06 08:15:00,245.0,454.199
2015-02-06 08:30:00,119.0,362.5
2015-02-06 08:45:00,105.5,175.391
2015-02-06 09:00:00,255.0,312.5
2015-02-06 09:15:00,386.0,584.473
2015-02-06 09:30:00,226.5,609.375
2015-02-06 09:45:00,351.0,852.637
2015-02-06 10:00:00,452.0,877.637
2015-02-06 10:15:00,286.5,581.055
2015-02-06 10:30:00,461.0,775.879
2015-02-06 10:45:00,293.5,627.441
2015-02-06 11:00:00,494.0,1026.855
2015-02-06 11:15:00,263.0,785.254
2015-02-06 11:30:00,226.0,408.301
2015-02-06 11:45:00,321.0,488.965
2015-02-06 12:00:00,477.0,755.273
2015-02-06 12:15:00,201.0,725.684
2015-02-06 12:30:00,440.0,560.156
2015-02-06 12:45:00,399.5,589.648
2015-02-06 13:00:00,454.0,979.59
2015-02-06 13:15:00,434.0,904.297
2015-02-06 13:30:00,419.5,866.992
2015-02-06 13:45:00,398.0,832.715
2015-02-06 14:00:00,382.0,795.508
2015-02-06 14:15:00,359.0,753.809
2015-02-06 14:30:00,333.0,703.125
2015-02-06 14:45:00,309.5,653.906
2015-02-06 15:00:00,297.0,602.93
2015-02-06 15:15:00,305.5,618.652
2015-02-06 15:30:00,274.5,610.254
2015-02-06 15:45:00,230.0,543.066
2015-02-06 16:00:00,170.5,450.977
2015-02-06 16:15:00,102.5,347.363
2015-02-06 16:30:00,47.0,245.02
2015-02-06 16:45:00,23.5,128.711
2015-02-06 17:00:00,8.0,18.945
2015-02-06 17:15:00,2.0,8.594
2015-02-06 17:30:00,-1.0,1.66
2015-02-06 17:45:00,-1.0,0.293
2015-02-06 18:00:00,-1.0,0.195
2015-02-06 18:15:00,-1.0,0.195
2015-02-06 18:30:00,0.0,0.195
2015-02-06 18:45:00,0.0,0.195
2015-02-06 19:00:00,0.0,0.0
2015-02-06 19:15:00,-1.0,0.195
2015-02-06 19:30:00,0.0,0.0
2015-02-06 19:45:00,0.0,0.098
2015-02-06 20:00:00,-1.0,0.0
2015-02-06 20:15:00,0.0,0.195
2015-02-06 20:30:00,-1.0,0.0
2015-02-06 20:45:00,0.0,0.0
2015-02-06 21:00:00,0.0,0.098
2015-02-06 21:15:00,-1.0,0.098
2015-02-06 21:30:00,-1.0,0.0
2015-02-06 21:45:00,0.0,0.195
2015-02-06 22:00:00,-1.0,0.098
2015-02-06 22:15:00,-1.0,0.098
2015-02-06 22:30:00,0.0,0.098
2015-02-06 22:45:00,0.0,0.098
2015-02-06 23:00:00,-1.0,0.195
2015-02-06 23:15:00,0.0,0.098
2015-02-06 23:30:00,-1.0,0.293
2015-02-06 23:45:00,0.0,0.195
2015-02-07 00:00:00,0.0,0.195
2015-02-07 00:15:00,-1.0,0.0
2015-02-07 00:30:00,-1.0,0.0
2015-02-07 00:45:00,0.0,0.0
2015-02-07 01:00:00,0.0,0.0
2015-02-07 01:15:00,0.0,0.0
2015-02-07 01:30:00,0.0,0.0
2015-02-07 01:45:00,-1.0,0.0
2015-02-07 02:00:00,0.0,0.0
2015-02-07 02:15:00,-1.0,0.0
2015-02-07 02:30:00,-1.0,0.0
2015-02-07 02:45:00,-1.0,0.0
2015-02-07 03:00:00,0.0,0.0
2015-02-07 03:15:00,-1.0,0.0
2015-02-07 03:30:00,-1.0,0.0
2015-02-07 03:45:00,-1.0,0.0
2015-02-07 04:00:00,-1.0,0.0
2015-02-07 04:15:00,-1.0,0.0
2015-02-07 04:30:00,-1.0,0.0
2015-02-07 04:45:00,-1.0,0.0
2015-02-07 05:00:00,0.0,0.0
2015-02-07 05:15:00,-1.0,0.0
2015-02-07 05:30:00,-1.0,0.0
2015-02-07 05:45:00,-1.0,0.0
2015-02-07 06:00:00,0.0,0.0
2015-02-07 06:15:00,-1.0,0.0
2015-02-07 06:30:00,2.0,1.27
2015-02-07 06:45:00,-1.0,6.738
2015-02-07 07:00:00,10.0,10.742
2015-02-07 07:15:00,43.5,29.297
2015-02-07 07:30:00,24.5,34.57
2015-02-07 07:45:00,128.0,218.848
2015-02-07 08:00:00,175.5,339.355
2015-02-07 08:15:00,45.0,178.906
2015-02-07 08:30:00,270.0,168.555
2015-02-07 08:45:00,301.0,566.016
2015-02-07 09:00:00,309.5,602.246
2015-02-07 09:15:00,332.0,637.793
2015-02-07 09:30:00,361.5,686.23
2015-02-07 09:45:00,382.5,732.324
2015-02-07 10:00:00,405.5,777.344
2015-02-07 10:15:00,421.0,816.113
2015-02-07 10:30:00,432.0,846.387
2015-02-07 10:45:00,446.0,875.586
2015-02-07 11:00:00,452.5,899.219
2015-02-07 11:15:00,460.0,917.383
2015-02-07 11:30:00,459.5,929.883
2015-02-07 11:45:00,462.0,937.891
2015-02-07 12:00:00,464.0,940.039
2015-02-07 12:15:00,458.0,937.402
2015-02-07 12:30:00,447.5,928.027
2015-02-07 12:45:00,440.5,913.477
2015-02-07 13:00:00,431.0,893.652
2015-02-07 13:15:00,421.0,868.848
2015-02-07 13:30:00,406.0,841.699
2015-02-07 13:45:00,475.0,581.641
2015-02-07 14:00:00,442.0,903.809
2015-02-07 14:15:00,450.0,919.629
2015-02-07 14:30:00,438.5,758.398
2015-02-07 14:45:00,345.5,731.641
2015-02-07 15:00:00,274.5,598.535
2015-02-07 15:15:00,238.0,519.043
2015-02-07 15:30:00,203.0,461.621
2015-02-07 15:45:00,64.0,382.91
2015-02-07 16:00:00,29.0,191.992
2015-02-07 16:15:00,80.0,81.348
2015-02-07 16:30:00,31.0,181.445
2015-02-07 16:45:00,16.5,46.777
2015-02-07 17:00:00,4.5,19.336
2015-02-07 17:15:00,-1.0,4.98
2015-02-07 17:30:00,0.0,1.27
2015-02-07 17:45:00,-1.0,0.293
2015-02-07 18:00:00,0.0,0.293
2015-02-07 18:15:00,0.0,0.293
2015-02-07 18:30:00,0.0,0.195
2015-02-07 18:45:00,-1.0,0.0
2015-02-07 19:00:00,0.0,0.195
2015-02-07 19:15:00,0.0,0.0
2015-02-07 19:30:00,0.0,0.195
2015-02-07 19:45:00,-1.0,0.293
2015-02-07 20:00:00,-1.0,0.293
2015-02-07 20:15:00,-1.0,0.293
2015-02-07 20:30:00,-1.0,0.293
2015-02-07 20:45:00,-1.0,0.293
2015-02-07 21:00:00,-1.0,0.293
2015-02-07 21:15:00,0.0,0.0
2015-02-07 21:30:00,-1.0,0.293
2015-02-07 21:45:00,0.0,0.195
2015-02-07 22:00:00,-1.0,0.293
2015-02-07 22:15:00,0.0,0.098
2015-02-07 22:30:00,0.0,0.098
2015-02-07 22:45:00,-1.0,0.098
2015-02-07 23:00:00,0.0,0.195
2015-02-07 23:15:00,0.0,0.195
2015-02-07 23:30:00,0.0,0.293
2015-02-07 23:45:00,0.0,0.195
2015-02-08 00:00:00,-1.0,0.195
2015-02-08 00:15:00,-1.0,0.293
2015-02-08 00:30:00,0.0,0.195
2015-02-08 00:45:00,-1.0,0.293
2015-02-08 01:00:00,-1.0,0.195
2015-02-08 01:15:00,-1.0,0.195
2015-02-08 01:30:00,-1.0,0.098
2015-02-08 01:45:00,-1.0,0.098
2015-02-08 02:00:00,-1.0,0.0
2015-02-08 02:15:00,-1.0,0.0
2015-02-08 02:30:00,-1.0,0.098
2015-02-08 02:45:00,-1.0,0.0
2015-02-08 03:00:00,-1.0,0.0
2015-02-08 03:15:00,0.0,0.0
2015-02-08 03:30:00,-1.0,0.0
2015-02-08 03:45:00,-1.0,0.0
2015-02-08 04:00:00,-1.0,0.0
2015-02-08 04:15:00,-1.0,0.098
2015-02-08 04:30:00,-1.0,0.0
2015-02-08 04:45:00,-1.0,0.0
2015-02-08 05:00:00,0.0,0.098
2015-02-08 05:15:00,-1.0,0.0
2015-02-08 05:30:00,-1.0,0.098
2015-02-08 05:45:00,-1.0,0.098
2015-02-08 06:00:00,-1.0,0.098
2015-02-08 06:15:00,-1.0,0.195
2015-02-08 06:30:00,2.0,1.172
2015-02-08 06:45:00,-1.0,6.25
2015-02-08 07:00:00,21.5,12.891
2015-02-08 07:15:00,45.5,18.457
2015-02-08 07:30:00,84.0,155.078
2015-02-08 07:45:00,126.0,257.91
2015-02-08 08:00:00,166.0,326.563
2015-02-08 08:15:00,203.5,391.113
2015-02-08 08:30:00,242.0,453.809
2015-02-08 08:45:00,275.0,515.527
2015-02-08 09:00:00,304.0,578.418
2015-02-08 09:15:00,330.5,632.227
2015-02-08 09:30:00,350.0,682.422
2015-02-08 09:45:00,375.0,731.152
2015-02-08 10:00:00,390.0,773.34
2015-02-08 10:15:00,409.0,813.184
2015-02-08 10:30:00,421.5,851.66
2015-02-08 10:45:00,434.0,882.422
2015-02-08 11:00:00,439.0,905.469
2015-02-08 11:15:00,444.5,921.875
2015-02-08 11:30:00,452.0,931.738
2015-02-08 11:45:00,452.0,938.965
2015-02-08 12:00:00,454.5,943.066
2015-02-08 12:15:00,452.0,943.555
2015-02-08 12:30:00,448.5,929.688
2015-02-08 12:45:00,441.0,916.211
2015-02-08 13:00:00,433.0,900.684
2015-02-08 13:15:00,423.5,877.441
2015-02-08 13:30:00,411.0,850.684
2015-02-08 13:45:00,392.5,818.652
2015-02-08 14:00:00,376.0,779.688
2015-02-08 14:15:00,357.0,739.063
2015-02-08 14:30:00,330.5,693.164
2015-02-08 14:45:00,305.0,644.141
2015-02-08 15:00:00,276.0,591.309
2015-02-08 15:15:00,244.0,534.57
2015-02-08 15:30:00,209.0,472.559
2015-02-08 15:45:00,170.0,407.031
2015-02-08 16:00:00,130.5,342.188
2015-02-08 16:15:00,83.0,275.684
2015-02-08 16:30:00,42.5,210.938
2015-02-08 16:45:00,23.5,144.824
2015-02-08 17:00:00,6.5,16.309
2015-02-08 17:15:00,2.5,8.008
2015-02-08 17:30:00,0.0,2.539
2015-02-08 17:45:00,-1.0,0.488
2015-02-08 18:00:00,0.0,0.293
2015-02-08 18:15:00,0.0,0.293
2015-02-08 18:30:00,0.0,0.293
2015-02-08 18:45:00,0.0,0.293
2015-02-08 19:00:00,-1.0,0.195
2015-02-08 19:15:00,0.0,0.195
2015-02-08 19:30:00,0.0,0.098
2015-02-08 19:45:00,0.0,0.098
2015-02-08 20:00:00,0.0,0.195
2015-02-08 20:15:00,-1.0,0.195
2015-02-08 20:30:00,0.0,0.098
2015-02-08 20:45:00,0.0,0.098
2015-02-08 21:00:00,0.0,0.098
2015-02-08 21:15:00,0.0,0.098
2015-02-08 21:30:00,-1.0,0.195
2015-02-08 21:45:00,0.0,0.098
2015-02-08 22:00:00,0.0,0.195
2015-02-08 22:15:00,0.0,0.098
2015-02-08 22:30:00,-1.0,0.195
2015-02-08 22:45:00,0.0,0.195
2015-02-08 23:00:00,-1.0,0.098
2015-02-08 23:15:00,-1.0,0.098
2015-02-08 23:30:00,0.0,0.098
2015-02-08 23:45:00,-1.0,0.0
2015-02-09 00:00:00,-1.0,0.0
2015-02-09 00:15:00,0.0,0.0
2015-02-09 00:30:00,-1.0,0.098
2015-02-09 00:45:00,-1.0,0.0
2015-02-09 01:00:00,-1.0,0.0
2015-02-09 01:15:00,-1.0,0.0
2015-02-09 01:30:00,-1.0,0.0
2015-02-09 01:45:00,-1.0,0.098
2015-02-09 02:00:00,-1.0,0.0
2015-02-09 02:15:00,-1.0,0.0
2015-02-09 02:30:00,0.0,0.0
2015-02-09 02:45:00,-1.0,0.0
2015-02-09 03:00:00,-1.0,0.0
2015-02-09 03:15:00,-1.0,0.0
2015-02-09 03:30:00,-1.0,0.098
2015-02-09 03:45:00,-1.0,0.098
2015-02-09 04:00:00,-1.0,0.0
2015-02-09 04:15:00,-1.0,0.0
2015-02-09 04:30:00,-1.0,0.0
2015-02-09 04:45:00,-1.0,0.0
2015-02-09 05:00:00,-1.0,0.195
2015-02-09 05:15:00,0.0,0.195
2015-02-09 05:30:00,0.0,0.195
2015-02-09 05:45:00,-1.0,0.195
2015-02-09 06:00:00,-1.0,0.098
2015-02-09 06:15:00,-1.0,0.195
2015-02-09 06:30:00,1.0,1.27
2015-02-09 06:45:00,-1.0,6.348
2015-02-09 07:00:00,20.5,12.207
2015-02-09 07:15:00,44.5,16.699
2015-02-09 07:30:00,74.5,179.395
2015-02-09 07:45:00,116.0,276.953
2015-02-09 08:00:00,168.0,347.656
2015-02-09 08:15:00,209.0,413.867
2015-02-09 08:30:00,251.5,478.809
2015-02-09 08:45:00,289.5,541.211
2015-02-09 09:00:00,321.0,604.883
2015-02-09 09:15:00,351.0,663.77
2015-02-09 09:30:00,376.0,717.285
2015-02-09 09:45:00,400.0,767.383
2015-02-09 10:00:00,421.5,812.695
2015-02-09 10:15:00,437.0,854.395
2015-02-09 10:30:00,456.0,892.676
2015-02-09 10:45:00,467.0,928.906
2015-02-09 11:00:00,481.0,955.957
2015-02-09 11:15:00,490.0,979.395
2015-02-09 11:30:00,492.5,994.727
2015-02-09 11:45:00,496.5,1005.176
2015-02-09 12:00:00,498.5,1007.91
2015-02-09 12:15:00,494.5,1002.734
2015-02-09 12:30:00,489.0,992.773
2015-02-09 12:45:00,482.5,977.539
2015-02-09 13:00:00,467.0,963.574
2015-02-09 13:15:00,454.0,931.055
2015-02-09 13:30:00,436.0,896.191
2015-02-09 13:45:00,421.0,861.035
2015-02-09 14:00:00,404.0,823.047
2015-02-09 14:15:00,378.5,776.66
2015-02-09 14:30:00,351.5,727.344
2015-02-09 14:45:00,321.5,672.656
2015-02-09 15:00:00,294.0,618.262
2015-02-09 15:15:00,259.0,556.738
2015-02-09 15:30:00,220.5,493.848
2015-02-09 15:45:00,181.5,429.688
2015-02-09 16:00:00,141.0,365.43
2015-02-09 16:15:00,91.5,298.926
2015-02-09 16:30:00,44.5,230.469
2015-02-09 16:45:00,24.0,164.16
2015-02-09 17:00:00,8.0,23.926
2015-02-09 17:15:00,2.5,8.496
2015-02-09 17:30:00,0.0,3.125
2015-02-09 17:45:00,-1.0,0.586
2015-02-09 18:00:00,0.0,0.293
2015-02-09 18:15:00,0.0,0.293
2015-02-09 18:30:00,0.0,0.293
2015-02-09 18:45:00,0.0,0.098
2015-02-09 19:00:00,0.0,0.293
2015-02-09 19:15:00,-1.0,0.195
2015-02-09 19:30:00,0.0,0.195
2015-02-09 19:45:00,0.0,0.195
2015-02-09 20:00:00,0.0,0.195
2015-02-09 20:15:00,0.0,0.293
2015-02-09 20:30:00,0.0,0.195
2015-02-09 20:45:00,-1.0,0.293
2015-02-09 21:00:00,-1.0,0.195
2015-02-09 21:15:00,-1.0,0.098
2015-02-09 21:30:00,0.0,0.195
2015-02-09 21:45:00,0.0,0.195
2015-02-09 22:00:00,0.0,0.0
2015-02-09 22:15:00,-1.0,0.098
2015-02-09 22:30:00,-1.0,0.098
2015-02-09 22:45:00,-1.0,0.0
2015-02-09 23:00:00,-1.0,0.0
2015-02-09 23:15:00,-1.0,0.0
2015-02-09 23:30:00,0.0,0.0
2015-02-09 23:45:00,-1.0,0.0
2015-02-10 00:00:00,-1.0,0.098
2015-02-10 00:15:00,-1.0,0.098
2015-02-10 00:30:00,-1.0,0.098
2015-02-10 00:45:00,-1.0,0.098
2015-02-10 01:00:00,-1.0,0.195
2015-02-10 01:15:00,-1.0,0.0
2015-02-10 01:30:00,0.0,0.195
2015-02-10 01:45:00,0.0,0.098
2015-02-10 02:00:00,0.0,0.098
2015-02-10 02:15:00,-1.0,0.098
2015-02-10 02:30:00,-1.0,0.098
2015-02-10 02:45:00,-1.0,0.098
2015-02-10 03:00:00,-1.0,0.195
2015-02-10 03:15:00,-1.0,0.098
2015-02-10 03:30:00,-1.0,0.098
2015-02-10 03:45:00,0.0,0.098
2015-02-10 04:00:00,-1.0,0.098
2015-02-10 04:15:00,-1.0,0.098
2015-02-10 04:30:00,-1.0,0.098
2015-02-10 04:45:00,-1.0,0.098
2015-02-10 05:00:00,-1.0,0.098
2015-02-10 05:15:00,-1.0,0.0
2015-02-10 05:30:00,-1.0,0.098
2015-02-10 05:45:00,-1.0,0.098
2015-02-10 06:00:00,-1.0,0.098
2015-02-10 06:15:00,-1.0,0.195
2015-02-10 06:30:00,2.0,1.66
2015-02-10 06:45:00,7.0,7.031
2015-02-10 07:00:00,21.5,13.184
2015-02-10 07:15:00,44.5,17.969
2015-02-10 07:30:00,73.5,196.875
2015-02-10 07:45:00,108.0,283.398
2015-02-10 08:00:00,143.5,353.711
2015-02-10 08:15:00,215.0,418.945
2015-02-10 08:30:00,257.0,484.473
2015-02-10 08:45:00,294.0,546.777
2015-02-10 09:00:00,326.5,610.449
2015-02-10 09:15:00,357.0,670.313
2015-02-10 09:30:00,384.0,723.242
2015-02-10 09:45:00,408.0,772.07
2015-02-10 10:00:00,429.0,818.75
2015-02-10 10:15:00,446.5,859.277
2015-02-10 10:30:00,463.5,895.41
2015-02-10 10:45:00,472.5,927.93
2015-02-10 11:00:00,481.0,952.93
2015-02-10 11:15:00,491.0,971.68
2015-02-10 11:30:00,496.5,984.082
2015-02-10 11:45:00,498.0,992.578
2015-02-10 12:00:00,498.0,996.777
2015-02-10 12:15:00,498.0,994.531
2015-02-10 12:30:00,492.5,988.574
2015-02-10 12:45:00,484.5,979.102
2015-02-10 13:00:00,476.5,960.84
2015-02-10 13:15:00,465.0,936.328
2015-02-10 13:30:00,450.0,907.91
2015-02-10 13:45:00,429.0,873.438
2015-02-10 14:00:00,410.0,835.156
2015-02-10 14:15:00,386.5,789.844
2015-02-10 14:30:00,361.5,741.992
2015-02-10 14:45:00,334.5,689.844
2015-02-10 15:00:00,304.0,635.645
2015-02-10 15:15:00,268.5,577.246
2015-02-10 15:30:00,232.5,514.941
2015-02-10 15:45:00,191.5,449.707
2015-02-10 16:00:00,149.5,380.957
2015-02-10 16:15:00,97.5,312.891
2015-02-10 16:30:00,50.5,242.969
2015-02-10 16:45:00,27.5,176.367
2015-02-10 17:00:00,10.5,38.086
2015-02-10 17:15:00,3.0,8.691
2015-02-10 17:30:00,-1.0,2.539
2015-02-10 17:45:00,-1.0,0.195
2015-02-10 18:00:00,0.0,0.098
2015-02-10 18:15:00,-1.0,0.195
2015-02-10 18:30:00,0.0,0.098
2015-02-10 18:45:00,0.0,0.195
2015-02-10 19:00:00,0.0,0.0
2015-02-10 19:15:00,0.0,0.195
2015-02-10 19:30:00,0.0,0.098
2015-02-10 19:45:00,-1.0,0.098
2015-02-10 20:00:00,-1.0,0.0
2015-02-10 20:15:00,0.0,0.098
2015-02-10 20:30:00,-1.0,0.098
2015-02-10 20:45:00,0.0,0.0
2015-02-10 21:00:00,-1.0,0.0
2015-02-10 21:15:00,-1.0,0.0
2015-02-10 21:30:00,-1.0,0.0
2015-02-10 21:45:00,-1.0,0.0
2015-02-10 22:00:00,-1.0,0.0
2015-02-10 22:15:00,-1.0,0.0
2015-02-10 22:30:00,-1.0,0.0
2015-02-10 22:45:00,-1.0,0.0
2015-02-10 23:00:00,-1.0,0.0
2015-02-10 23:15:00,0.0,0.0
2015-02-10 23:30:00,0.0,0.098
2015-02-10 23:45:00,-1.0,0.0
2015-02-11 00:00:00,-1.0,0.0
2015-02-11 00:15:00,-1.0,0.098
2015-02-11 00:30:00,-1.0,0.0
2015-02-11 00:45:00,-1.0,0.0
2015-02-11 01:00:00,0.0,0.098
2015-02-11 01:15:00,0.0,0.195
2015-02-11 01:30:00,0.0,0.098
2015-02-11 01:45:00,0.0,0.098
2015-02-11 02:00:00,-1.0,0.195
2015-02-11 02:15:00,-1.0,0.195
2015-02-11 02:30:00,-1.0,0.098
2015-02-11 02:45:00,-1.0,0.195
2015-02-11 03:00:00,-1.0,0.0
2015-02-11 03:15:00,-1.0,0.195
2015-02-11 03:30:00,-1.0,0.098
2015-02-11 03:45:00,-1.0,0.195
2015-02-11 04:00:00,0.0,0.195
2015-02-11 04:15:00,0.0,0.098
2015-02-11 04:30:00,0.0,0.098
2015-02-11 04:45:00,-1.0,0.195
2015-02-11 05:00:00,-1.0,0.098
2015-02-11 05:15:00,-1.0,0.0
2015-02-11 05:30:00,-1.0,0.098
2015-02-11 05:45:00,-1.0,0.195
2015-02-11 06:00:00,-1.0,0.195
2015-02-11 06:15:00,-1.0,0.293
2015-02-11 06:30:00,2.5,1.855
2015-02-11 06:45:00,7.0,7.227
2015-02-11 07:00:00,23.5,12.5
2015-02-11 07:15:00,47.5,17.285
2015-02-11 07:30:00,93.5,217.773
2015-02-11 07:45:00,138.0,295.215
2015-02-11 08:00:00,180.5,365.723
2015-02-11 08:15:00,223.0,432.617
2015-02-11 08:30:00,261.5,497.852
2015-02-11 08:45:00,298.0,559.863
2015-02-11 09:00:00,331.0,625.098
2015-02-11 09:15:00,355.5,684.277
2015-02-11 09:30:00,383.0,733.301
2015-02-11 09:45:00,405.0,786.621
2015-02-11 10:00:00,413.5,789.844
2015-02-11 10:15:00,444.0,869.629
2015-02-11 10:30:00,455.5,904.199
2015-02-11 10:45:00,464.0,924.805
2015-02-11 11:00:00,471.0,955.566
2015-02-11 11:15:00,479.0,974.707
2015-02-11 11:30:00,482.5,989.941
2015-02-11 11:45:00,482.5,998.828
2015-02-11 12:00:00,482.5,997.852
2015-02-11 12:15:00,476.5,998.535
2015-02-11 12:30:00,479.0,992.969
2015-02-11 12:45:00,470.5,981.543
2015-02-11 13:00:00,460.0,957.813
2015-02-11 13:15:00,451.5,938.77
2015-02-11 13:30:00,434.5,912.793
2015-02-11 13:45:00,423.5,871.191
2015-02-11 14:00:00,398.5,843.262
2015-02-11 14:15:00,377.0,791.992
2015-02-11 14:30:00,361.5,756.055
2015-02-11 14:45:00,335.0,707.031
2015-02-11 15:00:00,311.5,655.859
2015-02-11 15:15:00,267.5,620.313
2015-02-11 15:30:00,159.0,491.699
2015-02-11 15:45:00,160.5,348.633
2015-02-11 16:00:00,215.0,351.953
2015-02-11 16:15:00,140.0,402.734
2015-02-11 16:30:00,76.5,298.438
2015-02-11 16:45:00,36.0,201.465
2015-02-11 17:00:00,16.5,61.719
2015-02-11 17:15:00,3.0,15.527
2015-02-11 17:30:00,-1.0,3.223
2015-02-11 17:45:00,-1.0,0.391
2015-02-11 18:00:00,0.0,0.195
2015-02-11 18:15:00,-1.0,0.293
2015-02-11 18:30:00,0.0,0.195
2015-02-11 18:45:00,0.0,0.195
2015-02-11 19:00:00,0.0,0.195
2015-02-11 19:15:00,0.0,0.195
2015-02-11 19:30:00,0.0,0.0
2015-02-11 19:45:00,0.0,0.098
2015-02-11 20:00:00,0.0,0.098
2015-02-11 20:15:00,-1.0,0.098
2015-02-11 20:30:00,0.0,0.0
2015-02-11 20:45:00,0.0,0.0
2015-02-11 21:00:00,0.0,0.0
2015-02-11 21:15:00,0.0,0.0
2015-02-11 21:30:00,0.0,0.0
2015-02-11 21:45:00,-1.0,0.0
2015-02-11 22:00:00,-1.0,0.098
2015-02-11 22:15:00,-1.0,0.0
2015-02-11 22:30:00,-1.0,0.098
2015-02-11 22:45:00,-1.0,0.098
2015-02-11 23:00:00,0.0,0.098
2015-02-11 23:15:00,-1.0,0.195
2015-02-11 23:30:00,0.0,0.098
2015-02-11 23:45:00,0.0,0.195
2015-02-12 00:00:00,-1.0,0.195
2015-02-12 00:15:00,0.0,0.195
2015-02-12 00:30:00,0.0,0.098
2015-02-12 00:45:00,0.0,0.195
2015-02-12 01:00:00,-1.0,0.195
2015-02-12 01:15:00,-1.0,0.098
2015-02-12 01:30:00,-1.0,0.195
2015-02-12 01:45:00,-1.0,0.195
2015-02-12 02:00:00,0.0,0.098
2015-02-12 02:15:00,0.0,0.098
2015-02-12 02:30:00,-1.0,0.195
2015-02-12 02:45:00,-1.0,0.195
2015-02-12 03:00:00,-1.0,0.195
2015-02-12 03:15:00,-1.0,0.195
2015-02-12 03:30:00,-1.0,0.195
2015-02-12 03:45:00,-1.0,0.293
2015-02-12 04:00:00,-1.0,0.195
2015-02-12 04:15:00,-1.0,0.195
2015-02-12 04:30:00,-1.0,0.195
2015-02-12 04:45:00,-1.0,0.293
2015-02-12 05:00:00,0.0,0.293
2015-02-12 05:15:00,-1.0,0.195
2015-02-12 05:30:00,-1.0,0.195
2015-02-12 05:45:00,-1.0,0.195
2015-02-12 06:00:00,-1.0,0.098
2015-02-12 06:15:00,-1.0,0.195
2015-02-12 06:30:00,2.5,2.344
2015-02-12 06:45:00,8.0,8.301
2015-02-12 07:00:00,24.5,13.867
2015-02-12 07:15:00,55.0,23.535
2015-02-12 07:30:00,99.0,224.609
2015-02-12 07:45:00,141.5,295.703
2015-02-12 08:00:00,184.0,365.43
2015-02-12 08:15:00,226.0,431.934
2015-02-12 08:30:00,265.0,496.484
2015-02-12 08:45:00,297.5,561.816
2015-02-12 09:00:00,328.5,623.438
2015-02-12 09:15:00,355.5,678.711
2015-02-12 09:30:00,380.0,731.152
2015-02-12 09:45:00,397.5,780.371
2015-02-12 10:00:00,415.5,822.266
2015-02-12 10:15:00,427.5,859.277
2015-02-12 10:30:00,442.0,891.602
2015-02-12 10:45:00,452.5,921.484
2015-02-12 11:00:00,463.5,945.898
2015-02-12 11:15:00,475.5,965.723
2015-02-12 11:30:00,479.0,984.375
2015-02-12 11:45:00,478.5,989.844
2015-02-12 12:00:00,484.5,991.113
2015-02-12 12:15:00,477.5,972.07
2015-02-12 12:30:00,471.5,986.328
2015-02-12 12:45:00,458.0,968.848
2015-02-12 13:00:00,454.0,945.508
2015-02-12 13:15:00,427.5,925.098
2015-02-12 13:30:00,421.0,830.469
2015-02-12 13:45:00,339.5,765.332
2015-02-12 14:00:00,400.0,817.773
2015-02-12 14:15:00,367.0,788.77
2015-02-12 14:30:00,351.5,721.289
2015-02-12 14:45:00,319.0,681.055
2015-02-12 15:00:00,291.5,610.742
2015-02-12 15:15:00,257.5,565.82
2015-02-12 15:30:00,226.0,502.637
2015-02-12 15:45:00,192.0,447.559
2015-02-12 16:00:00,154.5,363.965
2015-02-12 16:15:00,102.5,311.035
2015-02-12 16:30:00,68.0,252.051
2015-02-12 16:45:00,29.5,152.832
2015-02-12 17:00:00,13.5,48.438
2015-02-12 17:15:00,2.5,13.477
2015-02-12 17:30:00,-1.0,4.785
2015-02-12 17:45:00,-1.0,0.781
2015-02-12 18:00:00,0.0,0.0
2015-02-12 18:15:00,0.0,0.293
2015-02-12 18:30:00,-1.0,0.195
2015-02-12 18:45:00,0.0,0.195
2015-02-12 19:00:00,0.0,0.098
2015-02-12 19:15:00,-1.0,0.098
2015-02-12 19:30:00,0.0,0.098
2015-02-12 19:45:00,0.0,0.0
2015-02-12 20:00:00,0.0,0.0
2015-02-12 20:15:00,0.0,0.0
2015-02-12 20:30:00,-1.0,0.0
2015-02-12 20:45:00,0.0,0.0
2015-02-12 21:00:00,0.0,0.098
2015-02-12 21:15:00,0.0,0.0
2015-02-12 21:30:00,0.0,0.0
2015-02-12 21:45:00,-1.0,0.0
2015-02-12 22:00:00,0.0,0.0
2015-02-12 22:15:00,0.0,0.098
2015-02-12 22:30:00,0.0,0.098
2015-02-12 22:45:00,-1.0,0.098
2015-02-12 23:00:00,-1.0,0.293
2015-02-12 23:15:00,-1.0,0.195
2015-02-12 23:30:00,0.0,0.195
2015-02-12 23:45:00,-1.0,0.195
2015-02-13 00:00:00,-1.0,0.098
2015-02-13 00:15:00,-1.0,0.098
2015-02-13 00:30:00,-1.0,0.195
2015-02-13 00:45:00,-1.0,0.195
2015-02-13 01:00:00,-1.0,0.098
2015-02-13 01:15:00,-1.0,0.098
2015-02-13 01:30:00,0.0,0.098
2015-02-13 01:45:00,-1.0,0.098
2015-02-13 02:00:00,-1.0,0.293
2015-02-13 02:15:00,-1.0,0.195
2015-02-13 02:30:00,-1.0,0.098
2015-02-13 02:45:00,-1.0,0.195
2015-02-13 03:00:00,-1.0,0.195
2015-02-13 03:15:00,-1.0,0.195
2015-02-13 03:30:00,0.0,0.293
2015-02-13 03:45:00,-1.0,0.098
2015-02-13 04:00:00,-1.0,0.293
2015-02-13 04:15:00,-1.0,0.293
2015-02-13 04:30:00,0.0,0.293
2015-02-13 04:45:00,-1.0,0.293
2015-02-13 05:00:00,0.0,0.195
2015-02-13 05:15:00,-1.0,0.293
2015-02-13 05:30:00,-1.0,0.293
2015-02-13 05:45:00,-1.0,0.293
2015-02-13 06:00:00,-1.0,0.195
2015-02-13 06:15:00,-1.0,0.391
2015-02-13 06:30:00,3.0,2.539
2015-02-13 06:45:00,8.5,8.496
2015-02-13 07:00:00,25.5,13.867
2015-02-13 07:15:00,53.0,35.059
2015-02-13 07:30:00,95.5,229.297
2015-02-13 07:45:00,143.5,300.781
2015-02-13 08:00:00,182.0,370.41
2015-02-13 08:15:00,226.5,435.352
2015-02-13 08:30:00,263.5,498.047
2015-02-13 08:45:00,299.5,570.605
2015-02-13 09:00:00,328.0,630.371
2015-02-13 09:15:00,357.0,689.648
2015-02-13 09:30:00,378.0,743.945
2015-02-13 09:45:00,401.5,792.09
2015-02-13 10:00:00,419.0,838.77
2015-02-13 10:15:00,432.0,879.883
2015-02-13 10:30:00,445.5,911.133
2015-02-13 10:45:00,454.5,943.262
2015-02-13 11:00:00,461.5,968.164
2015-02-13 11:15:00,468.0,985.449
2015-02-13 11:30:00,468.0,998.145
2015-02-13 11:45:00,472.5,1004.004
2015-02-13 12:00:00,473.5,1006.934
2015-02-13 12:15:00,470.5,1004.004
2015-02-13 12:30:00,467.5,995.313
2015-02-13 12:45:00,459.0,981.348
2015-02-13 13:00:00,448.5,960.645
2015-02-13 13:15:00,438.0,936.426
2015-02-13 13:30:00,423.0,906.25
2015-02-13 13:45:00,406.0,871.484
2015-02-13 14:00:00,386.0,830.078
2015-02-13 14:15:00,366.5,788.086
2015-02-13 14:30:00,345.5,741.406
2015-02-13 14:45:00,315.0,688.77
2015-02-13 15:00:00,288.0,633.203
2015-02-13 15:15:00,257.5,572.949
2015-02-13 15:30:00,224.0,510.84
2015-02-13 15:45:00,187.5,447.754
2015-02-13 16:00:00,146.0,380.469
2015-02-13 16:15:00,99.5,312.598
2015-02-13 16:30:00,58.0,242.969
2015-02-13 16:45:00,28.0,175.391
2015-02-13 17:00:00,13.5,73.438
2015-02-13 17:15:00,3.0,10.449
2015-02-13 17:30:00,-1.0,0.0
2015-02-13 17:45:00,-1.0,0.684
2015-02-13 18:00:00,0.0,0.195
2015-02-13 18:15:00,0.0,0.293
2015-02-13 18:30:00,0.0,0.098
2015-02-13 18:45:00,0.0,0.098
2015-02-13 19:00:00,-1.0,0.098
2015-02-13 19:15:00,-1.0,0.098
2015-02-13 19:30:00,0.0,0.195
2015-02-13 19:45:00,0.0,0.195
2015-02-13 20:00:00,0.0,0.195
2015-02-13 20:15:00,0.0,0.195
2015-02-13 20:30:00,0.0,0.098
2015-02-13 20:45:00,0.0,0.098
2015-02-13 21:00:00,-1.0,0.098
2015-02-13 21:15:00,-1.0,0.0
2015-02-13 21:30:00,-1.0,0.098
2015-02-13 21:45:00,0.0,0.0
2015-02-13 22:00:00,-1.0,0.0
2015-02-13 22:15:00,-1.0,0.0
2015-02-13 22:30:00,-1.0,0.0
2015-02-13 22:45:00,0.0,0.098
2015-02-13 23:00:00,-1.0,0.098
2015-02-13 23:15:00,0.0,0.0
2015-02-13 23:30:00,0.0,0.0
2015-02-13 23:45:00,0.0,0.0
2015-02-14 00:00:00,-1.0,0.195
2015-02-14 00:15:00,0.0,0.098
2015-02-14 00:30:00,-1.0,0.098
2015-02-14 00:45:00,-1.0,0.098
2015-02-14 01:00:00,-1.0,0.0
2015-02-14 01:15:00,-1.0,0.098
2015-02-14 01:30:00,-1.0,0.098
2015-02-14 01:45:00,0.0,0.195
2015-02-14 02:00:00,-1.0,0.098
2015-02-14 02:15:00,-1.0,0.098
2015-02-14 02:30:00,-1.0,0.195
2015-02-14 02:45:00,-1.0,0.195
2015-02-14 03:00:00,-1.0,0.195
2015-02-14 03:15:00,0.0,0.195
2015-02-14 03:30:00,-1.0,0.098
2015-02-14 03:45:00,-1.0,0.293
2015-02-14 04:00:00,-1.0,0.195
2015-02-14 04:15:00,0.0,0.0
2015-02-14 04:30:00,-1.0,0.195
2015-02-14 04:45:00,-1.0,0.098
2015-02-14 05:00:00,0.0,0.195
2015-02-14 05:15:00,-1.0,0.195
2015-02-14 05:30:00,-1.0,0.0
2015-02-14 05:45:00,-1.0,0.195
2015-02-14 06:00:00,-1.0,0.195
2015-02-14 06:15:00,-1.0,0.391
2015-02-14 06:30:00,0.0,2.734
2015-02-14 06:45:00,10.0,8.789
2015-02-14 07:00:00,27.5,14.453
2015-02-14 07:15:00,61.0,46.875
2015-02-14 07:30:00,92.0,230.762
2015-02-14 07:45:00,126.0,300.977
2015-02-14 08:00:00,184.5,370.41
2015-02-14 08:15:00,226.5,435.645
2015-02-14 08:30:00,264.5,494.727
2015-02-14 08:45:00,298.0,569.531
2015-02-14 09:00:00,327.0,626.074
2015-02-14 09:15:00,354.0,683.301
2015-02-14 09:30:00,378.5,734.277
2015-02-14 09:45:00,398.5,783.398
2015-02-14 10:00:00,415.5,829.004
2015-02-14 10:15:00,430.0,866.602
2015-02-14 10:30:00,443.5,902.441
2015-02-14 10:45:00,452.0,932.422
2015-02-14 11:00:00,462.0,955.469
2015-02-14 11:15:00,466.0,974.414
2015-02-14 11:30:00,467.0,988.574
2015-02-14 11:45:00,469.5,997.949
2015-02-14 12:00:00,468.0,998.047
2015-02-14 12:15:00,463.0,999.219
2015-02-14 12:30:00,461.0,989.551
2015-02-14 12:45:00,453.5,974.609
2015-02-14 13:00:00,445.5,955.273
2015-02-14 13:15:00,434.5,931.055
2015-02-14 13:30:00,421.5,905.176
2015-02-14 13:45:00,405.5,855.371
2015-02-14 14:00:00,388.0,829.883
2015-02-14 14:15:00,376.5,786.816
2015-02-14 14:30:00,314.5,682.52
2015-02-14 14:45:00,317.0,669.824
2015-02-14 15:00:00,286.5,615.039
2015-02-14 15:15:00,253.0,573.73
2015-02-14 15:30:00,219.0,504.395
2015-02-14 15:45:00,186.5,440.332
2015-02-14 16:00:00,149.5,378.711
2015-02-14 16:15:00,101.5,312.207
2015-02-14 16:30:00,59.0,238.77
2015-02-14 16:45:00,25.5,145.313
2015-02-14 17:00:00,12.5,53.906
2015-02-14 17:15:00,4.0,10.84
2015-02-14 17:30:00,-1.0,4.004
2015-02-14 17:45:00,-1.0,0.586
2015-02-14 18:00:00,0.0,0.0
2015-02-14 18:15:00,0.0,0.195
2015-02-14 18:30:00,0.0,0.195
2015-02-14 18:45:00,0.0,0.195
2015-02-14 19:00:00,0.0,0.195
2015-02-14 19:15:00,-1.0,0.195
2015-02-14 19:30:00,0.0,0.195
2015-02-14 19:45:00,-1.0,0.195
2015-02-14 20:00:00,-1.0,0.195
2015-02-14 20:15:00,-1.0,0.293
2015-02-14 20:30:00,-1.0,0.0
2015-02-14 20:45:00,-1.0,0.098
2015-02-14 21:00:00,0.0,0.098
2015-02-14 21:15:00,0.0,0.0
2015-02-14 21:30:00,-1.0,0.098
2015-02-14 21:45:00,0.0,0.0
2015-02-14 22:00:00,-1.0,0.0
2015-02-14 22:15:00,0.0,0.0
2015-02-14 22:30:00,-1.0,0.0
2015-02-14 22:45:00,-1.0,0.0
2015-02-14 23:00:00,-1.0,0.0
2015-02-14 23:15:00,0.0,0.0
2015-02-14 23:30:00,0.0,0.0
2015-02-14 23:45:00,-1.0,0.098
2015-02-15 00:00:00,-1.0,0.0
2015-02-15 00:15:00,-1.0,0.0
2015-02-15 00:30:00,0.0,0.0
2015-02-15 00:45:00,-1.0,0.098
2015-02-15 01:00:00,0.0,0.0
2015-02-15 01:15:00,0.0,0.098
2015-02-15 01:30:00,0.0,0.098
2015-02-15 01:45:00,-1.0,0.195
2015-02-15 02:00:00,0.0,0.0
2015-02-15 02:15:00,-1.0,0.098
2015-02-15 02:30:00,0.0,0.098
2015-02-15 02:45:00,-1.0,0.098
2015-02-15 03:00:00,-1.0,0.0
2015-02-15 03:15:00,0.0,0.098
2015-02-15 03:30:00,-1.0,0.098
2015-02-15 03:45:00,-1.0,0.098
2015-02-15 04:00:00,-1.0,0.098
2015-02-15 04:15:00,0.0,0.098
2015-02-15 04:30:00,-1.0,0.293
2015-02-15 04:45:00,-1.0,0.098
2015-02-15 05:00:00,-1.0,0.098
2015-02-15 05:15:00,-1.0,0.0
2015-02-15 05:30:00,-1.0,0.0
2015-02-15 05:45:00,0.0,0.098
2015-02-15 06:00:00,-1.0,0.098
2015-02-15 06:15:00,-1.0,0.195
2015-02-15 06:30:00,3.0,2.148
2015-02-15 06:45:00,10.5,8.984
2015-02-15 07:00:00,29.0,13.965
2015-02-15 07:15:00,62.0,58.496
2015-02-15 07:30:00,86.0,233.105
2015-02-15 07:45:00,122.0,301.758
2015-02-15 08:00:00,157.0,375.684
2015-02-15 08:15:00,193.0,438.477
2015-02-15 08:30:00,227.0,496.094
2015-02-15 08:45:00,260.5,569.727
2015-02-15 09:00:00,292.5,628.516
2015-02-15 09:15:00,325.0,687.891
2015-02-15 09:30:00,378.0,732.813
2015-02-15 09:45:00,398.5,788.379
2015-02-15 10:00:00,415.5,833.496
2015-02-15 10:15:00,431.0,874.414
2015-02-15 10:30:00,445.5,910.254
2015-02-15 10:45:00,458.0,940.82
2015-02-15 11:00:00,463.5,958.105
2015-02-15 11:15:00,473.5,980.762
2015-02-15 11:30:00,476.5,994.336
2015-02-15 11:45:00,479.5,1003.223
2015-02-15 12:00:00,479.5,1005.078
2015-02-15 12:15:00,476.5,1002.539
2015-02-15 12:30:00,471.0,993.652
2015-02-15 12:45:00,462.0,979.004
2015-02-15 13:00:00,448.5,958.887
2015-02-15 13:15:00,436.5,936.133
2015-02-15 13:30:00,423.5,906.055
2015-02-15 13:45:00,412.0,872.363
2015-02-15 14:00:00,394.5,833.594
2015-02-15 14:15:00,375.0,790.723
2015-02-15 14:30:00,351.5,744.922
2015-02-15 14:45:00,320.5,693.066
2015-02-15 15:00:00,294.0,635.449
2015-02-15 15:15:00,262.5,576.563
2015-02-15 15:30:00,230.0,516.992
2015-02-15 15:45:00,194.0,454.297
2015-02-15 16:00:00,153.0,388.086
2015-02-15 16:15:00,106.5,319.434
2015-02-15 16:30:00,66.0,249.707
2015-02-15 16:45:00,32.0,180.469
2015-02-15 17:00:00,16.0,90.137
2015-02-15 17:15:00,3.0,12.012
2015-02-15 17:30:00,-1.0,3.613
2015-02-15 17:45:00,-1.0,0.684
2015-02-15 18:00:00,0.0,0.0
2015-02-15 18:15:00,-1.0,0.195
2015-02-15 18:30:00,0.0,0.0
2015-02-15 18:45:00,0.0,0.0
2015-02-15 19:00:00,0.0,0.098
2015-02-15 19:15:00,0.0,0.0
2015-02-15 19:30:00,-1.0,0.098
2015-02-15 19:45:00,-1.0,0.0
2015-02-15 20:00:00,0.0,0.0
2015-02-15 20:15:00,-1.0,0.195
2015-02-15 20:30:00,-1.0,0.0
2015-02-15 20:45:00,-1.0,0.098
2015-02-15 21:00:00,0.0,0.0
2015-02-15 21:15:00,0.0,0.0
2015-02-15 21:30:00,0.0,0.0
2015-02-15 21:45:00,0.0,0.0
2015-02-15 22:00:00,0.0,0.0
2015-02-15 22:15:00,0.0,0.098
2015-02-15 22:30:00,0.0,0.098
2015-02-15 22:45:00,-1.0,0.098
2015-02-15 23:00:00,0.0,0.0
2015-02-15 23:15:00,-1.0,0.0
2015-02-15 23:30:00,-1.0,0.0
2015-02-15 23:45:00,0.0,0.098
2015-02-16 00:00:00,-1.0,0.0
2015-02-16 00:15:00,0.0,0.0
2015-02-16 00:30:00,-1.0,0.195
2015-02-16 00:45:00,-1.0,0.098
2015-02-16 01:00:00,-1.0,0.0
2015-02-16 01:15:00,0.0,0.195
2015-02-16 01:30:00,-1.0,0.098
2015-02-16 01:45:00,-1.0,0.098
2015-02-16 02:00:00,-1.0,0.0
2015-02-16 02:15:00,-1.0,0.098
2015-02-16 02:30:00,-1.0,0.0
2015-02-16 02:45:00,0.0,0.098
2015-02-16 03:00:00,-1.0,0.0
2015-02-16 03:15:00,-1.0,0.0
2015-02-16 03:30:00,0.0,0.098
2015-02-16 03:45:00,0.0,0.098
2015-02-16 04:00:00,-1.0,0.098
2015-02-16 04:15:00,-1.0,0.195
2015-02-16 04:30:00,-1.0,0.195
2015-02-16 04:45:00,-1.0,0.293
2015-02-16 05:00:00,-1.0,0.195
2015-02-16 05:15:00,-1.0,0.0
2015-02-16 05:30:00,-1.0,0.098
2015-02-16 05:45:00,-1.0,0.098
2015-02-16 06:00:00,-1.0,0.098
2015-02-16 06:15:00,-1.0,0.293
2015-02-16 06:30:00,-1.0,3.906
2015-02-16 06:45:00,17.5,15.82
2015-02-16 07:00:00,40.5,29.883
2015-02-16 07:15:00,57.0,77.734
2015-02-16 07:30:00,116.0,174.414
2015-02-16 07:45:00,105.5,223.242
2015-02-16 08:00:00,166.0,226.953
2015-02-16 08:15:00,140.0,277.539
2015-02-16 08:30:00,224.5,360.547
2015-02-16 08:45:00,289.5,473.145
2015-02-16 09:00:00,357.0,632.031
2015-02-16 09:15:00,298.0,676.953
2015-02-16 09:30:00,419.0,719.434
2015-02-16 09:45:00,417.5,764.844
2015-02-16 10:00:00,457.5,797.461
2015-02-16 10:15:00,441.0,944.922
2015-02-16 10:30:00,465.5,969.238
2015-02-16 10:45:00,469.5,966.895
2015-02-16 11:00:00,473.0,984.961
2015-02-16 11:15:00,477.0,998.633
2015-02-16 11:30:00,478.5,1008.203
2015-02-16 11:45:00,481.0,1014.063
2015-02-16 12:00:00,478.5,1015.137
2015-02-16 12:15:00,473.5,1012.109
2015-02-16 12:30:00,471.0,1003.418
2015-02-16 12:45:00,463.0,992.578
2015-02-16 13:00:00,454.0,972.363
2015-02-16 13:15:00,445.5,947.754
2015-02-16 13:30:00,429.0,920.41
2015-02-16 13:45:00,419.0,885.645
2015-02-16 14:00:00,398.5,848.535
2015-02-16 14:15:00,378.5,799.609
2015-02-16 14:30:00,363.0,754.688
2015-02-16 14:45:00,342.0,694.434
2015-02-16 15:00:00,285.5,652.734
2015-02-16 15:15:00,277.0,552.441
2015-02-16 15:30:00,230.0,470.02
2015-02-16 15:45:00,149.5,386.23
2015-02-16 16:00:00,207.5,367.871
2015-02-16 16:15:00,122.0,371.484
2015-02-16 16:30:00,101.0,271.484
2015-02-16 16:45:00,39.5,186.133
2015-02-16 17:00:00,29.5,107.715
2015-02-16 17:15:00,10.0,30.176
2015-02-16 17:30:00,3.0,13.477
2015-02-16 17:45:00,-1.0,3.516
2015-02-16 18:00:00,-1.0,0.293
2015-02-16 18:15:00,0.0,0.195
2015-02-16 18:30:00,0.0,0.098
2015-02-16 18:45:00,0.0,0.195
2015-02-16 19:00:00,0.0,0.293
2015-02-16 19:15:00,-1.0,0.293
2015-02-16 19:30:00,0.0,0.195
2015-02-16 19:45:00,0.0,0.195
2015-02-16 20:00:00,0.0,0.0
2015-02-16 20:15:00,-1.0,0.098
2015-02-16 20:30:00,0.0,0.098
2015-02-16 20:45:00,-1.0,0.098
2015-02-16 21:00:00,0.0,0.0
2015-02-16 21:15:00,-1.0,0.0
2015-02-16 21:30:00,0.0,0.0
2015-02-16 21:45:00,0.0,0.0
2015-02-16 22:00:00,0.0,0.0
2015-02-16 22:15:00,-1.0,0.0
2015-02-16 22:30:00,-1.0,0.0
2015-02-16 22:45:00,-1.0,0.0
2015-02-16 23:00:00,0.0,0.0
2015-02-16 23:15:00,-1.0,0.0
2015-02-16 23:30:00,0.0,0.098
2015-02-16 23:45:00,-1.0,0.195
2015-02-17 00:00:00,-1.0,0.0
2015-02-17 00:15:00,0.0,0.098
2015-02-17 00:30:00,-1.0,0.098
2015-02-17 00:45:00,-1.0,0.195
2015-02-17 01:00:00,-1.0,0.195
2015-02-17 01:15:00,-1.0,0.195
2015-02-17 01:30:00,-1.0,0.195
2015-02-17 01:45:00,0.0,0.293
2015-02-17 02:00:00,-1.0,0.293
2015-02-17 02:15:00,-1.0,0.195
2015-02-17 02:30:00,-1.0,0.391
2015-02-17 02:45:00,-1.0,0.293
2015-02-17 03:00:00,-1.0,0.293
2015-02-17 03:15:00,-1.0,0.098
2015-02-17 03:30:00,-1.0,0.098
2015-02-17 03:45:00,-1.0,0.195
2015-02-17 04:00:00,-1.0,0.098
2015-02-17 04:15:00,-1.0,0.098
2015-02-17 04:30:00,-1.0,0.098
2015-02-17 04:45:00,-1.0,0.098
2015-02-17 05:00:00,-1.0,0.098
2015-02-17 05:15:00,-1.0,0.098
2015-02-17 05:30:00,0.0,0.098
2015-02-17 05:45:00,-1.0,0.0
2015-02-17 06:00:00,-1.0,0.0
2015-02-17 06:15:00,-1.0,0.488
2015-02-17 06:30:00,-1.0,3.418
2015-02-17 06:45:00,12.0,10.742
2015-02-17 07:00:00,34.0,16.895
2015-02-17 07:15:00,72.5,85.449
2015-02-17 07:30:00,112.5,236.523
2015-02-17 07:45:00,155.0,309.961
2015-02-17 08:00:00,199.5,385.449
2015-02-17 08:15:00,238.5,445.02
2015-02-17 08:30:00,277.0,508.496
2015-02-17 08:45:00,307.5,575.879
2015-02-17 09:00:00,340.0,630.957
2015-02-17 09:15:00,367.0,692.188
2015-02-17 09:30:00,392.5,744.824
2015-02-17 09:45:00,415.5,796.094
2015-02-17 10:00:00,432.5,843.75
2015-02-17 10:15:00,448.5,883.203
2015-02-17 10:30:00,465.5,918.652
2015-02-17 10:45:00,474.5,947.656
2015-02-17 11:00:00,487.0,974.512
2015-02-17 11:15:00,492.0,994.141
2015-02-17 11:30:00,492.0,1008.105
2015-02-17 11:45:00,495.0,1018.359
2015-02-17 12:00:00,502.0,1022.07
2015-02-17 12:15:00,490.5,1018.75
2015-02-17 12:30:00,489.0,1010.645
2015-02-17 12:45:00,481.0,995.215
2015-02-17 13:00:00,472.5,976.172
2015-02-17 13:15:00,460.0,951.27
2015-02-17 13:30:00,444.0,922.949
2015-02-17 13:45:00,430.5,889.063
2015-02-17 14:00:00,411.0,849.805
2015-02-17 14:15:00,392.0,808.691
2015-02-17 14:30:00,374.5,769.922
2015-02-17 14:45:00,341.5,722.754
2015-02-17 15:00:00,223.0,634.57
2015-02-17 15:15:00,238.5,446.973
2015-02-17 15:30:00,201.5,449.707
2015-02-17 15:45:00,176.0,392.676
2015-02-17 16:00:00,142.0,325.098
2015-02-17 16:15:00,112.0,294.727
2015-02-17 16:30:00,62.5,224.316
2015-02-17 16:45:00,33.5,159.18
2015-02-17 17:00:00,18.5,79.102
2015-02-17 17:15:00,5.0,15.82
2015-02-17 17:30:00,-1.0,6.348
2015-02-17 17:45:00,0.0,1.367
2015-02-17 18:00:00,0.0,0.0
2015-02-17 18:15:00,-1.0,0.0
2015-02-17 18:30:00,0.0,0.0
2015-02-17 18:45:00,-1.0,0.0
2015-02-17 19:00:00,0.0,0.0
2015-02-17 19:15:00,0.0,0.0
2015-02-17 19:30:00,0.0,0.0
2015-02-17 19:45:00,0.0,0.0
2015-02-17 20:00:00,-1.0,0.098
2015-02-17 20:15:00,0.0,0.098
2015-02-17 20:30:00,0.0,0.0
2015-02-17 20:45:00,0.0,0.098
2015-02-17 21:00:00,-1.0,0.0
2015-02-17 21:15:00,0.0,0.098
2015-02-17 21:30:00,0.0,0.098
2015-02-17 21:45:00,0.0,0.0
2015-02-17 22:00:00,0.0,0.0
2015-02-17 22:15:00,0.0,0.0
2015-02-17 22:30:00,0.0,0.098
2015-02-17 22:45:00,0.0,0.0
2015-02-17 23:00:00,-1.0,0.0
2015-02-17 23:15:00,0.0,0.098
2015-02-17 23:30:00,0.0,0.0
2015-02-17 23:45:00,-1.0,0.098
2015-02-18 00:00:00,0.0,0.195
2015-02-18 00:15:00,-1.0,0.098
2015-02-18 00:30:00,-1.0,0.0
2015-02-18 00:45:00,-1.0,0.098
2015-02-18 01:00:00,0.0,0.195
2015-02-18 01:15:00,-1.0,0.098
2015-02-18 01:30:00,-1.0,0.195
2015-02-18 01:45:00,0.0,0.195
2015-02-18 02:00:00,0.0,0.098
2015-02-18 02:15:00,-1.0,0.098
2015-02-18 02:30:00,-1.0,0.0
2015-02-18 02:45:00,-1.0,0.098
2015-02-18 03:00:00,-1.0,0.098
2015-02-18 03:15:00,-1.0,0.0
2015-02-18 03:30:00,-1.0,0.0
2015-02-18 03:45:00,-1.0,0.0
2015-02-18 04:00:00,-1.0,0.0
2015-02-18 04:15:00,0.0,0.0
2015-02-18 04:30:00,-1.0,0.0
2015-02-18 04:45:00,-1.0,0.0
2015-02-18 05:00:00,-1.0,0.0
2015-02-18 05:15:00,-1.0,0.0
2015-02-18 05:30:00,-1.0,0.0
2015-02-18 05:45:00,-1.0,0.0
2015-02-18 06:00:00,-1.0,0.0
2015-02-18 06:15:00,1.0,0.391
2015-02-18 06:30:00,-1.0,3.906
2015-02-18 06:45:00,14.5,10.645
2015-02-18 07:00:00,37.0,16.113
2015-02-18 07:15:00,75.5,99.707
2015-02-18 07:30:00,116.0,240.82
2015-02-18 07:45:00,158.5,314.453
2015-02-18 08:00:00,200.0,386.816
2015-02-18 08:15:00,240.0,444.141
2015-02-18 08:30:00,278.5,516.895
2015-02-18 08:45:00,311.5,585.547
2015-02-18 09:00:00,340.0,643.848
2015-02-18 09:15:00,367.5,702.148
2015-02-18 09:30:00,390.5,756.348
2015-02-18 09:45:00,413.5,805.176
2015-02-18 10:00:00,425.5,845.996
2015-02-18 10:15:00,446.5,885.449
2015-02-18 10:30:00,460.0,919.043
2015-02-18 10:45:00,469.5,947.949
2015-02-18 11:00:00,481.0,974.023
2015-02-18 11:15:00,486.5,994.336
2015-02-18 11:30:00,488.5,1010.254
2015-02-18 11:45:00,494.5,1018.555
2015-02-18 12:00:00,490.5,1022.656
2015-02-18 12:15:00,484.0,1018.262
2015-02-18 12:30:00,480.5,1009.863
2015-02-18 12:45:00,475.5,996.973
2015-02-18 13:00:00,463.5,977.246
2015-02-18 13:15:00,451.5,952.344
2015-02-18 13:30:00,438.0,922.461
2015-02-18 13:45:00,424.5,888.184
2015-02-18 14:00:00,399.5,849.121
2015-02-18 14:15:00,380.5,804.492
2015-02-18 14:30:00,354.0,756.055
2015-02-18 14:45:00,330.0,702.637
2015-02-18 15:00:00,301.5,646.289
2015-02-18 15:15:00,268.5,586.426
2015-02-18 15:30:00,236.5,523.926
2015-02-18 15:45:00,199.5,459.57
2015-02-18 16:00:00,159.5,392.676
2015-02-18 16:15:00,114.5,324.121
2015-02-18 16:30:00,71.5,254.59
2015-02-18 16:45:00,35.5,183.887
2015-02-18 17:00:00,16.5,84.766
2015-02-18 17:15:00,4.0,12.891
2015-02-18 17:30:00,-1.0,4.102
2015-02-18 17:45:00,0.0,0.781
2015-02-18 18:00:00,-1.0,0.195
2015-02-18 18:15:00,0.0,0.098
2015-02-18 18:30:00,-1.0,0.0
2015-02-18 18:45:00,0.0,0.0
2015-02-18 19:00:00,0.0,0.0
2015-02-18 19:15:00,-1.0,0.0
2015-02-18 19:30:00,0.0,0.0
2015-02-18 19:45:00,-1.0,0.0
2015-02-18 20:00:00,-1.0,0.0
2015-02-18 20:15:00,-1.0,0.0
2015-02-18 20:30:00,0.0,0.0
2015-02-18 20:45:00,-1.0,0.0
2015-02-18 21:00:00,-1.0,0.0
2015-02-18 21:15:00,-1.0,0.0
2015-02-18 21:30:00,-1.0,0.0
2015-02-18 21:45:00,0.0,0.0
2015-02-18 22:00:00,0.0,0.098
2015-02-18 22:15:00,0.0,0.098
2015-02-18 22:30:00,-1.0,0.195
2015-02-18 22:45:00,0.0,0.098
2015-02-18 23:00:00,-1.0,0.195
2015-02-18 23:15:00,0.0,0.098
2015-02-18 23:30:00,-1.0,0.098
2015-02-18 23:45:00,-1.0,0.0
2015-02-19 00:00:00,-1.0,0.195
2015-02-19 00:15:00,-1.0,0.098
2015-02-19 00:30:00,-1.0,0.195
2015-02-19 00:45:00,0.0,0.098
2015-02-19 01:00:00,-1.0,0.098
2015-02-19 01:15:00,-1.0,0.195
2015-02-19 01:30:00,0.0,0.0
2015-02-19 01:45:00,-1.0,0.098
2015-02-19 02:00:00,0.0,0.098
2015-02-19 02:15:00,-1.0,0.098
2015-02-19 02:30:00,-1.0,0.098
2015-02-19 02:45:00,-1.0,0.098
2015-02-19 03:00:00,-1.0,0.098
2015-02-19 03:15:00,-1.0,0.0
2015-02-19 03:30:00,-1.0,0.098
2015-02-19 03:45:00,-1.0,0.0
2015-02-19 04:00:00,-1.0,0.0
2015-02-19 04:15:00,0.0,0.0
2015-02-19 04:30:00,0.0,0.195
2015-02-19 04:45:00,-1.0,0.098
2015-02-19 05:00:00,-1.0,0.098
2015-02-19 05:15:00,-1.0,0.098
2015-02-19 05:30:00,-1.0,0.098
2015-02-19 05:45:00,-1.0,0.098
2015-02-19 06:00:00,-1.0,0.195
2015-02-19 06:15:00,-1.0,0.586
2015-02-19 06:30:00,-1.0,2.539
2015-02-19 06:45:00,14.0,17.09
2015-02-19 07:00:00,26.0,39.355
2015-02-19 07:15:00,43.5,67.969
2015-02-19 07:30:00,80.0,141.602
2015-02-19 07:45:00,115.0,209.375
2015-02-19 08:00:00,146.0,260.742
2015-02-19 08:15:00,207.5,303.613
2015-02-19 08:30:00,200.0,364.355
2015-02-19 08:45:00,204.5,395.508
2015-02-19 09:00:00,264.5,390.527
2015-02-19 09:15:00,351.0,624.316
2015-02-19 09:30:00,442.5,736.719
2015-02-19 09:45:00,301.5,826.27
2015-02-19 10:00:00,432.0,695.215
2015-02-19 10:15:00,423.0,814.453
2015-02-19 10:30:00,427.5,790.723
2015-02-19 10:45:00,328.5,780.957
2015-02-19 11:00:00,466.0,894.531
2015-02-19 11:15:00,511.0,952.344
2015-02-19 11:30:00,484.5,954.199
2015-02-19 11:45:00,500.5,999.512
2015-02-19 12:00:00,511.0,971.484
2015-02-19 12:15:00,504.5,967.285
2015-02-19 12:30:00,417.0,989.551
2015-02-19 12:45:00,421.5,920.703
2015-02-19 13:00:00,471.5,809.082
2015-02-19 13:15:00,470.5,946.777
2015-02-19 13:30:00,442.0,885.352
2015-02-19 13:45:00,369.5,757.813
2015-02-19 14:00:00,346.5,700.781
2015-02-19 14:15:00,329.0,554.395
2015-02-19 14:30:00,295.5,588.281
2015-02-19 14:45:00,226.0,379.98
2015-02-19 15:00:00,159.0,376.563
2015-02-19 15:15:00,130.5,231.738
2015-02-19 15:30:00,193.5,276.66
2015-02-19 15:45:00,191.5,344.531
2015-02-19 16:00:00,155.5,358.984
2015-02-19 16:15:00,125.5,347.949
2015-02-19 16:30:00,63.0,258.203
2015-02-19 16:45:00,43.0,172.168
2015-02-19 17:00:00,26.0,80.371
2015-02-19 17:15:00,10.5,28.906
2015-02-19 17:30:00,1.0,8.203
2015-02-19 17:45:00,-1.0,1.27
2015-02-19 18:00:00,0.0,0.195
2015-02-19 18:15:00,0.0,0.0
2015-02-19 18:30:00,0.0,0.195
2015-02-19 18:45:00,0.0,0.195
2015-02-19 19:00:00,-1.0,0.0
2015-02-19 19:15:00,0.0,0.098
2015-02-19 19:30:00,0.0,0.0
2015-02-19 19:45:00,-1.0,0.0
2015-02-19 20:00:00,-1.0,0.0
2015-02-19 20:15:00,0.0,0.0
2015-02-19 20:30:00,0.0,0.0
2015-02-19 20:45:00,-1.0,0.0
2015-02-19 21:00:00,-1.0,0.0
2015-02-19 21:15:00,0.0,0.0
2015-02-19 21:30:00,-1.0,0.0
2015-02-19 21:45:00,-1.0,0.0
2015-02-19 22:00:00,-1.0,0.0
2015-02-19 22:15:00,-1.0,0.0
2015-02-19 22:30:00,0.0,0.0
2015-02-19 22:45:00,-1.0,0.098
2015-02-19 23:00:00,-1.0,0.0
2015-02-19 23:15:00,-1.0,0.098
2015-02-19 23:30:00,-1.0,0.098
2015-02-19 23:45:00,-1.0,0.098
2015-02-20 00:00:00,-1.0,0.0
2015-02-20 00:15:00,-1.0,0.098
2015-02-20 00:30:00,-1.0,0.0
2015-02-20 00:45:00,-1.0,0.098
2015-02-20 01:00:00,-1.0,0.098
2015-02-20 01:15:00,-1.0,0.098
2015-02-20 01:30:00,-1.0,0.098
2015-02-20 01:45:00,-1.0,0.195
2015-02-20 02:00:00,-1.0,0.195
2015-02-20 02:15:00,-1.0,0.098
2015-02-20 02:30:00,-1.0,0.195
2015-02-20 02:45:00,-1.0,0.0
2015-02-20 03:00:00,-1.0,0.195
2015-02-20 03:15:00,0.0,0.195
2015-02-20 03:30:00,-1.0,0.195
2015-02-20 03:45:00,-1.0,0.195
2015-02-20 04:00:00,0.0,0.195
2015-02-20 04:15:00,-1.0,0.195
2015-02-20 04:30:00,-1.0,0.195
2015-02-20 04:45:00,-1.0,0.195
2015-02-20 05:00:00,-1.0,0.195
2015-02-20 05:15:00,0.0,0.293
2015-02-20 05:30:00,-1.0,0.293
2015-02-20 05:45:00,-1.0,0.195
2015-02-20 06:00:00,-1.0,0.195
2015-02-20 06:15:00,-1.0,0.488
2015-02-20 06:30:00,0.0,3.125
2015-02-20 06:45:00,18.0,20.117
2015-02-20 07:00:00,47.0,47.949
2015-02-20 07:15:00,60.5,89.063
2015-02-20 07:30:00,96.5,131.055
2015-02-20 07:45:00,123.5,179.688
2015-02-20 08:00:00,139.0,217.48
2015-02-20 08:15:00,137.5,250.391
2015-02-20 08:30:00,174.0,265.43
2015-02-20 08:45:00,205.5,341.895
2015-02-20 09:00:00,223.0,378.223
2015-02-20 09:15:00,234.5,377.148
2015-02-20 09:30:00,268.5,444.043
2015-02-20 09:45:00,286.5,472.656
2015-02-20 10:00:00,326.0,556.738
2015-02-20 10:15:00,319.5,597.949
2015-02-20 10:30:00,396.0,685.059
2015-02-20 10:45:00,345.5,682.227
2015-02-20 11:00:00,402.0,651.27
2015-02-20 11:15:00,325.0,701.465
2015-02-20 11:30:00,454.0,773.828
2015-02-20 11:45:00,405.0,890.039
2015-02-20 12:00:00,357.0,798.34
2015-02-20 12:15:00,417.0,731.836
2015-02-20 12:30:00,409.5,798.828
2015-02-20 12:45:00,425.5,790.82
2015-02-20 13:00:00,440.5,875.293
2015-02-20 13:15:00,434.5,922.949
2015-02-20 13:30:00,424.5,838.574
2015-02-20 13:45:00,342.5,725.781
2015-02-20 14:00:00,411.5,799.805
2015-02-20 14:15:00,380.0,780.762
2015-02-20 14:30:00,319.5,747.949
2015-02-20 14:45:00,324.5,692.578
2015-02-20 15:00:00,259.0,566.504
2015-02-20 15:15:00,275.0,582.324
2015-02-20 15:30:00,216.5,488.184
2015-02-20 15:45:00,156.5,372.754
2015-02-20 16:00:00,166.5,320.117
2015-02-20 16:15:00,107.0,299.414
2015-02-20 16:30:00,68.5,178.906
2015-02-20 16:45:00,39.0,126.367
2015-02-20 17:00:00,20.0,57.715
2015-02-20 17:15:00,8.5,26.855
2015-02-20 17:30:00,1.0,8.105
2015-02-20 17:45:00,0.0,2.93
2015-02-20 18:00:00,-1.0,0.098
2015-02-20 18:15:00,0.0,0.098
2015-02-20 18:30:00,0.0,0.098
2015-02-20 18:45:00,-1.0,0.098
2015-02-20 19:00:00,0.0,0.0
2015-02-20 19:15:00,0.0,0.0
2015-02-20 19:30:00,0.0,0.0
2015-02-20 19:45:00,-1.0,0.0
2015-02-20 20:00:00,0.0,0.0
2015-02-20 20:15:00,0.0,0.0
2015-02-20 20:30:00,0.0,0.0
2015-02-20 20:45:00,0.0,0.0
2015-02-20 21:00:00,-1.0,0.0
2015-02-20 21:15:00,-1.0,0.0
2015-02-20 21:30:00,-1.0,0.0
2015-02-20 21:45:00,-1.0,0.0
2015-02-20 22:00:00,-1.0,0.195
2015-02-20 22:15:00,0.0,0.098
2015-02-20 22:30:00,0.0,0.195
2015-02-20 22:45:00,0.0,0.195
2015-02-20 23:00:00,0.0,0.098
2015-02-20 23:15:00,-1.0,0.098
2015-02-20 23:30:00,-1.0,0.0
2015-02-20 23:45:00,-1.0,0.098
2015-02-21 00:00:00,0.0,0.098
2015-02-21 00:15:00,-1.0,0.098
2015-02-21 00:30:00,0.0,0.098
2015-02-21 00:45:00,-1.0,0.098
2015-02-21 01:00:00,-1.0,0.098
2015-02-21 01:15:00,-1.0,0.098
2015-02-21 01:30:00,-1.0,0.098
2015-02-21 01:45:00,-1.0,0.098
2015-02-21 02:00:00,-1.0,0.195
2015-02-21 02:15:00,-1.0,0.098
2015-02-21 02:30:00,0.0,0.195
2015-02-21 02:45:00,-1.0,0.195
2015-02-21 03:00:00,-1.0,0.195
2015-02-21 03:15:00,-1.0,0.293
2015-02-21 03:30:00,0.0,0.293
2015-02-21 03:45:00,-1.0,0.391
2015-02-21 04:00:00,-1.0,0.293
2015-02-21 04:15:00,-1.0,0.293
2015-02-21 04:30:00,-1.0,0.293
2015-02-21 04:45:00,-1.0,0.293
2015-02-21 05:00:00,-1.0,0.195
2015-02-21 05:15:00,-1.0,0.195
2015-02-21 05:30:00,0.0,0.098
2015-02-21 05:45:00,-1.0,0.098
2015-02-21 06:00:00,-1.0,0.098
2015-02-21 06:15:00,2.0,0.879
2015-02-21 06:30:00,-1.0,5.859
2015-02-21 06:45:00,16.0,13.184
2015-02-21 07:00:00,45.0,18.945
2015-02-21 07:15:00,83.0,142.285
2015-02-21 07:30:00,119.0,256.641
2015-02-21 07:45:00,167.0,329.98
2015-02-21 08:00:00,207.5,398.73
2015-02-21 08:15:00,246.0,465.039
2015-02-21 08:30:00,282.5,530.762
2015-02-21 08:45:00,319.0,597.754
2015-02-21 09:00:00,348.0,659.375
2015-02-21 09:15:00,371.5,715.43
2015-02-21 09:30:00,396.5,766.504
2015-02-21 09:45:00,419.5,815.723
2015-02-21 10:00:00,433.0,861.523
2015-02-21 10:15:00,448.0,901.66
2015-02-21 10:30:00,462.0,936.328
2015-02-21 10:45:00,471.0,965.039
2015-02-21 11:00:00,479.5,989.648
2015-02-21 11:15:00,489.0,1006.934
2015-02-21 11:30:00,491.0,1020.117
2015-02-21 11:45:00,495.0,1026.367
2015-02-21 12:00:00,492.0,1028.027
2015-02-21 12:15:00,494.0,1024.609
2015-02-21 12:30:00,485.0,1016.602
2015-02-21 12:45:00,475.0,1002.148
2015-02-21 13:00:00,467.5,982.91
2015-02-21 13:15:00,455.5,956.543
2015-02-21 13:30:00,436.5,927.246
2015-02-21 13:45:00,425.0,891.992
2015-02-21 14:00:00,404.0,851.953
2015-02-21 14:15:00,384.5,809.277
2015-02-21 14:30:00,361.0,760.938
2015-02-21 14:45:00,334.5,707.813
2015-02-21 15:00:00,308.0,650.586
2015-02-21 15:15:00,276.0,590.625
2015-02-21 15:30:00,243.0,528.223
2015-02-21 15:45:00,204.5,463.477
2015-02-21 16:00:00,164.0,396.68
2015-02-21 16:15:00,122.5,328.223
2015-02-21 16:30:00,78.5,259.668
2015-02-21 16:45:00,43.5,191.016
2015-02-21 17:00:00,20.5,71.875
2015-02-21 17:15:00,6.5,16.895
2015-02-21 17:30:00,2.0,7.227
2015-02-21 17:45:00,0.5,1.758
2015-02-21 18:00:00,-1.0,0.195
2015-02-21 18:15:00,0.0,0.098
2015-02-21 18:30:00,0.0,0.098
2015-02-21 18:45:00,0.0,0.098
2015-02-21 19:00:00,0.0,0.098
2015-02-21 19:15:00,0.0,0.0
2015-02-21 19:30:00,0.0,0.0
2015-02-21 19:45:00,-1.0,0.0
2015-02-21 20:00:00,0.0,0.0
2015-02-21 20:15:00,0.0,0.0
2015-02-21 20:30:00,-1.0,0.0
2015-02-21 20:45:00,-1.0,0.0
2015-02-21 21:00:00,-1.0,0.0
2015-02-21 21:15:00,0.0,0.0
2015-02-21 21:30:00,-1.0,0.0
2015-02-21 21:45:00,0.0,0.0
2015-02-21 22:00:00,0.0,0.0
2015-02-21 22:15:00,-1.0,0.0
2015-02-21 22:30:00,-1.0,0.098
2015-02-21 22:45:00,0.0,0.0
2015-02-21 23:00:00,-1.0,0.098
2015-02-21 23:15:00,-1.0,0.098
2015-02-21 23:30:00,0.0,0.0
2015-02-21 23:45:00,0.0,0.195
2015-02-22 00:00:00,-1.0,0.098
2015-02-22 00:15:00,-1.0,0.0
2015-02-22 00:30:00,-1.0,0.098
2015-02-22 00:45:00,-1.0,0.0
2015-02-22 01:00:00,-1.0,0.098
2015-02-22 01:15:00,-1.0,0.098
2015-02-22 01:30:00,-1.0,0.195
2015-02-22 01:45:00,-1.0,0.098
2015-02-22 02:00:00,-1.0,0.098
2015-02-22 02:15:00,-1.0,0.098
2015-02-22 02:30:00,0.0,0.0
2015-02-22 02:45:00,-1.0,0.0
2015-02-22 03:00:00,-1.0,0.098
2015-02-22 03:15:00,-1.0,0.195
2015-02-22 03:30:00,-1.0,0.195
2015-02-22 03:45:00,-1.0,0.098
2015-02-22 04:00:00,-1.0,0.0
2015-02-22 04:15:00,-1.0,0.0
2015-02-22 04:30:00,-1.0,0.098
2015-02-22 04:45:00,-1.0,0.098
2015-02-22 05:00:00,-1.0,0.098
2015-02-22 05:15:00,-1.0,0.0
2015-02-22 05:30:00,-1.0,0.098
2015-02-22 05:45:00,-1.0,0.195
2015-02-22 06:00:00,-1.0,0.0
2015-02-22 06:15:00,-1.0,0.586
2015-02-22 06:30:00,-1.0,2.344
2015-02-22 06:45:00,8.5,10.84
2015-02-22 07:00:00,18.0,23.34
2015-02-22 07:15:00,31.5,40.723
2015-02-22 07:30:00,47.5,63.77
2015-02-22 07:45:00,62.0,93.457
2015-02-22 08:00:00,82.0,124.707
2015-02-22 08:15:00,113.0,168.066
2015-02-22 08:30:00,121.5,188.867
2015-02-22 08:45:00,176.5,250.586
2015-02-22 09:00:00,202.5,335.352
2015-02-22 09:15:00,176.0,304.883
2015-02-22 09:30:00,196.0,282.324
2015-02-22 09:45:00,183.5,326.367
2015-02-22 10:00:00,205.5,286.523
2015-02-22 10:15:00,235.5,379.199
2015-02-22 10:30:00,172.0,327.441
2015-02-22 10:45:00,202.5,315.137
2015-02-22 11:00:00,185.5,316.699
2015-02-22 11:15:00,177.5,341.113
2015-02-22 11:30:00,209.0,346.875
2015-02-22 11:45:00,228.5,365.723
2015-02-22 12:00:00,276.5,424.414
2015-02-22 12:15:00,380.0,530.078
2015-02-22 12:30:00,413.5,923.926
2015-02-22 12:45:00,330.0,923.828
2015-02-22 13:00:00,288.0,763.184
2015-02-22 13:15:00,150.5,374.707
2015-02-22 13:30:00,68.0,162.5
2015-02-22 13:45:00,66.5,108.496
2015-02-22 14:00:00,56.0,105.273
2015-02-22 14:15:00,69.5,104.004
2015-02-22 14:30:00,119.0,153.711
2015-02-22 14:45:00,112.5,182.324
2015-02-22 15:00:00,168.0,251.465
2015-02-22 15:15:00,149.5,268.945
2015-02-22 15:30:00,100.5,199.512
2015-02-22 15:45:00,68.0,133.203
2015-02-22 16:00:00,47.0,101.074
2015-02-22 16:15:00,49.5,90.625
2015-02-22 16:30:00,68.5,94.922
2015-02-22 16:45:00,29.5,91.797
2015-02-22 17:00:00,18.0,36.816
2015-02-22 17:15:00,6.0,22.461
2015-02-22 17:30:00,0.0,5.762
2015-02-22 17:45:00,0.0,0.684
2015-02-22 18:00:00,0.0,0.195
2015-02-22 18:15:00,-1.0,0.195
2015-02-22 18:30:00,0.0,0.098
2015-02-22 18:45:00,-1.0,0.195
2015-02-22 19:00:00,-1.0,0.098
2015-02-22 19:15:00,-1.0,0.195
2015-02-22 19:30:00,-1.0,0.195
2015-02-22 19:45:00,0.0,0.195
2015-02-22 20:00:00,0.0,0.195
2015-02-22 20:15:00,-1.0,0.195
2015-02-22 20:30:00,-1.0,0.0
2015-02-22 20:45:00,-1.0,0.293
2015-02-22 21:00:00,0.0,0.195
2015-02-22 21:15:00,-1.0,0.195
2015-02-22 21:30:00,-1.0,0.0
2015-02-22 21:45:00,-1.0,0.195
2015-02-22 22:00:00,-1.0,0.195
2015-02-22 22:15:00,-1.0,0.195
2015-02-22 22:30:00,-1.0,0.098
2015-02-22 22:45:00,-1.0,0.0
2015-02-22 23:00:00,-1.0,0.098
2015-02-22 23:15:00,-1.0,0.098
2015-02-22 23:30:00,-1.0,0.098
2015-02-22 23:45:00,-1.0,0.098
2015-02-23 00:00:00,-1.0,0.0
2015-02-23 00:15:00,-1.0,0.0
2015-02-23 00:30:00,-1.0,0.0
2015-02-23 00:45:00,-1.0,0.098
2015-02-23 01:00:00,-1.0,0.0
2015-02-23 01:15:00,-1.0,0.0
2015-02-23 01:30:00,-1.0,0.0
2015-02-23 01:45:00,-1.0,0.0
2015-02-23 02:00:00,-1.0,0.0
2015-02-23 02:15:00,-1.0,0.0
2015-02-23 02:30:00,-1.0,0.0
2015-02-23 02:45:00,-1.0,0.0
2015-02-23 03:00:00,-1.0,0.0
2015-02-23 03:15:00,-1.0,0.0
2015-02-23 03:30:00,-1.0,0.0
2015-02-23 03:45:00,-1.0,0.0
2015-02-23 04:00:00,-1.0,0.0
2015-02-23 04:15:00,-1.0,0.0
2015-02-23 04:30:00,-1.0,0.0
2015-02-23 04:45:00,-1.0,0.0
2015-02-23 05:00:00,-1.0,0.0
2015-02-23 05:15:00,-1.0,0.0
2015-02-23 05:30:00,-1.0,0.0
2015-02-23 05:45:00,-1.0,0.0
2015-02-23 06:00:00,-1.0,0.0
2015-02-23 06:15:00,-1.0,0.293
2015-02-23 06:30:00,-1.0,2.832
2015-02-23 06:45:00,12.5,15.43
2015-02-23 07:00:00,20.0,29.199
2015-02-23 07:15:00,20.0,33.984
2015-02-23 07:30:00,32.0,37.598
2015-02-23 07:45:00,75.5,87.793
2015-02-23 08:00:00,81.0,137.598
2015-02-23 08:15:00,66.0,113.672
2015-02-23 08:30:00,88.0,120.508
2015-02-23 08:45:00,106.5,174.219
2015-02-23 09:00:00,161.0,241.602
2015-02-23 09:15:00,142.0,230.078
2015-02-23 09:30:00,224.0,284.668
2015-02-23 09:45:00,207.5,359.863
2015-02-23 10:00:00,330.5,462.207
2015-02-23 10:15:00,230.5,424.023
2015-02-23 10:30:00,187.5,327.051
2015-02-23 10:45:00,89.5,217.285
2015-02-23 11:00:00,80.0,126.953
2015-02-23 11:15:00,54.0,102.832
2015-02-23 11:30:00,85.5,100.391
2015-02-23 11:45:00,135.0,168.457
2015-02-23 12:00:00,236.0,285.645
2015-02-23 12:15:00,286.5,366.211
2015-02-23 12:30:00,342.5,547.656
2015-02-23 12:45:00,247.5,403.32
2015-02-23 13:00:00,287.5,392.676
2015-02-23 13:15:00,255.5,462.402
2015-02-23 13:30:00,250.0,393.75
2015-02-23 13:45:00,309.5,435.645
2015-02-23 14:00:00,286.5,492.48
2015-02-23 14:15:00,265.5,465.527
2015-02-23 14:30:00,263.5,427.344
2015-02-23 14:45:00,189.5,320.605
2015-02-23 15:00:00,228.0,333.691
2015-02-23 15:15:00,120.5,279.199
2015-02-23 15:30:00,84.0,152.246
2015-02-23 15:45:00,38.0,83.984
2015-02-23 16:00:00,55.0,74.121
2015-02-23 16:15:00,38.0,73.926
2015-02-23 16:30:00,22.0,46.68
2015-02-23 16:45:00,11.0,28.613
2015-02-23 17:00:00,4.0,13.281
2015-02-23 17:15:00,-1.0,5.957
2015-02-23 17:30:00,-1.0,1.953
2015-02-23 17:45:00,0.0,0.781
2015-02-23 18:00:00,-1.0,0.293
2015-02-23 18:15:00,-1.0,0.195
2015-02-23 18:30:00,-1.0,0.195
2015-02-23 18:45:00,-1.0,0.098
2015-02-23 19:00:00,-1.0,0.098
2015-02-23 19:15:00,0.0,0.098
2015-02-23 19:30:00,0.0,0.195
2015-02-23 19:45:00,-1.0,0.098
2015-02-23 20:00:00,-1.0,0.0
2015-02-23 20:15:00,-1.0,0.098
2015-02-23 20:30:00,-1.0,0.0
2015-02-23 20:45:00,-1.0,0.0
2015-02-23 21:00:00,-1.0,0.0
2015-02-23 21:15:00,-1.0,0.0
2015-02-23 21:30:00,0.0,0.0
2015-02-23 21:45:00,-1.0,0.0
2015-02-23 22:00:00,0.0,0.0
2015-02-23 22:15:00,-1.0,0.0
2015-02-23 22:30:00,-1.0,0.0
2015-02-23 22:45:00,-1.0,0.0
2015-02-23 23:00:00,-1.0,0.0
2015-02-23 23:15:00,-1.0,0.0
2015-02-23 23:30:00,-1.0,0.0
2015-02-23 23:45:00,-1.0,0.0
2015-02-24 00:00:00,-1.0,0.0
2015-02-24 00:15:00,0.0,0.0
2015-02-24 00:30:00,-1.0,0.0
2015-02-24 00:45:00,-1.0,0.0
2015-02-24 01:00:00,-1.0,0.0
2015-02-24 01:15:00,-1.0,0.0
2015-02-24 01:30:00,-1.0,0.0
2015-02-24 01:45:00,-1.0,0.098
2015-02-24 02:00:00,0.0,0.098
2015-02-24 02:15:00,-1.0,0.195
2015-02-24 02:30:00,-1.0,0.098
2015-02-24 02:45:00,-1.0,0.098
2015-02-24 03:00:00,-1.0,0.098
2015-02-24 03:15:00,-1.0,0.098
2015-02-24 03:30:00,-1.0,0.098
2015-02-24 03:45:00,0.0,0.098
2015-02-24 04:00:00,0.0,0.098
2015-02-24 04:15:00,-1.0,0.098
2015-02-24 04:30:00,-1.0,0.0
2015-02-24 04:45:00,-1.0,0.098
2015-02-24 05:00:00,-1.0,0.098
2015-02-24 05:15:00,-1.0,0.098
2015-02-24 05:30:00,-1.0,0.098
2015-02-24 05:45:00,-1.0,0.098
2015-02-24 06:00:00,-1.0,0.098
2015-02-24 06:15:00,2.0,1.367
2015-02-24 06:30:00,-1.0,6.25
2015-02-24 06:45:00,23.5,17.48
2015-02-24 07:00:00,49.5,25.586
2015-02-24 07:15:00,92.0,189.551
2015-02-24 07:30:00,139.0,270.215
2015-02-24 07:45:00,183.5,342.871
2015-02-24 08:00:00,231.5,415.332
2015-02-24 08:15:00,276.5,485.547
2015-02-24 08:30:00,317.5,553.711
2015-02-24 08:45:00,357.0,621.875
2015-02-24 09:00:00,390.5,683.789
2015-02-24 09:15:00,423.0,740.918
2015-02-24 09:30:00,451.5,793.457
2015-02-24 09:45:00,473.5,843.457
2015-02-24 10:00:00,492.5,889.453
2015-02-24 10:15:00,513.0,930.664
2015-02-24 10:30:00,526.5,967.09
2015-02-24 10:45:00,539.0,998.34
2015-02-24 11:00:00,552.5,1025.098
2015-02-24 11:15:00,556.0,1044.727
2015-02-24 11:30:00,560.0,1057.324
2015-02-24 11:45:00,563.5,1063.867
2015-02-24 12:00:00,558.0,1067.676
2015-02-24 12:15:00,556.5,1065.43
2015-02-24 12:30:00,547.0,1057.031
2015-02-24 12:45:00,540.0,1042.578
2015-02-24 13:00:00,525.0,1023.242
2015-02-24 13:15:00,513.5,998.633
2015-02-24 13:30:00,496.5,967.578
2015-02-24 13:45:00,479.5,934.18
2015-02-24 14:00:00,461.5,895.996
2015-02-24 14:15:00,437.0,851.953
2015-02-24 14:30:00,410.0,802.539
2015-02-24 14:45:00,379.0,751.563
2015-02-24 15:00:00,350.0,695.117
2015-02-24 15:15:00,317.5,635.645
2015-02-24 15:30:00,279.0,572.852
2015-02-24 15:45:00,238.5,505.957
2015-02-24 16:00:00,197.0,437.598
2015-02-24 16:15:00,150.5,368.457
2015-02-24 16:30:00,96.5,296.582
2015-02-24 16:45:00,56.5,226.074
2015-02-24 17:00:00,26.0,71.973
2015-02-24 17:15:00,9.0,16.016
2015-02-24 17:30:00,2.5,8.398
2015-02-24 17:45:00,-1.0,2.539
2015-02-24 18:00:00,-1.0,0.0
2015-02-24 18:15:00,-1.0,0.0
2015-02-24 18:30:00,0.0,0.098
2015-02-24 18:45:00,-1.0,0.195
2015-02-24 19:00:00,-1.0,0.098
2015-02-24 19:15:00,0.0,0.195
2015-02-24 19:30:00,0.0,0.098
2015-02-24 19:45:00,0.0,0.098
2015-02-24 20:00:00,-1.0,0.195
2015-02-24 20:15:00,0.0,0.195
2015-02-24 20:30:00,0.0,0.195
2015-02-24 20:45:00,-1.0,0.098
2015-02-24 21:00:00,-1.0,0.098
2015-02-24 21:15:00,-1.0,0.098
2015-02-24 21:30:00,0.0,0.098
2015-02-24 21:45:00,0.0,0.293
2015-02-24 22:00:00,0.0,0.098
2015-02-24 22:15:00,0.0,0.195
2015-02-24 22:30:00,0.0,0.195
2015-02-24 22:45:00,0.0,0.195
2015-02-24 23:00:00,0.0,0.293
2015-02-24 23:15:00,-1.0,0.195
2015-02-24 23:30:00,0.0,0.293
2015-02-24 23:45:00,-1.0,0.195
2015-02-25 00:00:00,0.0,0.195
2015-02-25 00:15:00,-1.0,0.195
2015-02-25 00:30:00,0.0,0.098
2015-02-25 00:45:00,0.0,0.098
2015-02-25 01:00:00,0.0,0.0
2015-02-25 01:15:00,-1.0,0.0
2015-02-25 01:30:00,-1.0,0.0
2015-02-25 01:45:00,0.0,0.0
2015-02-25 02:00:00,-1.0,0.0
2015-02-25 02:15:00,-1.0,0.0
2015-02-25 02:30:00,-1.0,0.0
2015-02-25 02:45:00,-1.0,0.0
2015-02-25 03:00:00,-1.0,0.0
2015-02-25 03:15:00,-1.0,0.0
2015-02-25 03:30:00,0.0,0.0
2015-02-25 03:45:00,0.0,0.0
2015-02-25 04:00:00,-1.0,0.0
2015-02-25 04:15:00,0.0,0.0
2015-02-25 04:30:00,0.0,0.0
2015-02-25 04:45:00,-1.0,0.0
2015-02-25 05:00:00,0.0,0.0
2015-02-25 05:15:00,-1.0,0.0
2015-02-25 05:30:00,-1.0,0.0
2015-02-25 05:45:00,-1.0,0.0
2015-02-25 06:00:00,-1.0,0.0
2015-02-25 06:15:00,3.0,1.758
2015-02-25 06:30:00,8.5,7.813
2015-02-25 06:45:00,27.0,13.77
2015-02-25 07:00:00,61.0,22.461
2015-02-25 07:15:00,101.5,214.063
2015-02-25 07:30:00,145.5,286.328
2015-02-25 07:45:00,193.0,359.375
2015-02-25 08:00:00,235.5,429.004
2015-02-25 08:15:00,279.0,497.363
2015-02-25 08:30:00,322.5,571.582
2015-02-25 08:45:00,327.0,625.977
2015-02-25 09:00:00,280.5,548.926
2015-02-25 09:15:00,418.5,512.402
2015-02-25 09:30:00,425.5,799.023
2015-02-25 09:45:00,450.0,844.238
2015-02-25 10:00:00,464.0,890.723
2015-02-25 10:15:00,478.5,929.297
2015-02-25 10:30:00,486.5,963.574
2015-02-25 10:45:00,495.0,992.285
2015-02-25 11:00:00,500.5,1016.699
2015-02-25 11:15:00,511.0,1036.035
2015-02-25 11:30:00,509.5,1046.875
2015-02-25 11:45:00,516.0,1053.906
2015-02-25 12:00:00,517.5,1057.227
2015-02-25 12:15:00,515.0,1055.859
2015-02-25 12:30:00,508.5,1048.047
2015-02-25 12:45:00,501.5,1033.203
2015-02-25 13:00:00,489.0,1016.113
2015-02-25 13:15:00,478.5,989.648
2015-02-25 13:30:00,464.0,958.301
2015-02-25 13:45:00,446.0,923.828
2015-02-25 14:00:00,427.0,884.473
2015-02-25 14:15:00,407.5,842.578
2015-02-25 14:30:00,391.5,796.484
2015-02-25 14:45:00,344.5,729.492
2015-02-25 15:00:00,329.0,672.656
2015-02-25 15:15:00,301.5,623.242
2015-02-25 15:30:00,304.0,545.996
2015-02-25 15:45:00,292.0,616.699
2015-02-25 16:00:00,218.0,462.402
2015-02-25 16:15:00,57.0,362.598
2015-02-25 16:30:00,83.5,157.813
2015-02-25 16:45:00,48.5,161.621
2015-02-25 17:00:00,28.0,76.66
2015-02-25 17:15:00,12.0,36.621
2015-02-25 17:30:00,2.0,13.086
2015-02-25 17:45:00,-1.0,1.66
2015-02-25 18:00:00,-1.0,0.195
2015-02-25 18:15:00,-1.0,0.098
2015-02-25 18:30:00,-1.0,0.098
2015-02-25 18:45:00,0.0,0.0
2015-02-25 19:00:00,-1.0,0.098
2015-02-25 19:15:00,0.0,0.0
2015-02-25 19:30:00,0.0,0.0
2015-02-25 19:45:00,-1.0,0.0
2015-02-25 20:00:00,0.0,0.0
2015-02-25 20:15:00,0.0,0.0
2015-02-25 20:30:00,-1.0,0.0
2015-02-25 20:45:00,-1.0,0.0
2015-02-25 21:00:00,-1.0,0.0
2015-02-25 21:15:00,0.0,0.098
2015-02-25 21:30:00,0.0,0.098
2015-02-25 21:45:00,-1.0,0.098
2015-02-25 22:00:00,-1.0,0.195
2015-02-25 22:15:00,0.0,0.195
2015-02-25 22:30:00,0.0,0.195
2015-02-25 22:45:00,0.0,0.195
2015-02-25 23:00:00,0.0,0.195
2015-02-25 23:15:00,-1.0,0.195
2015-02-25 23:30:00,0.0,0.195
2015-02-25 23:45:00,-1.0,0.195
2015-02-26 00:00:00,-1.0,0.195
2015-02-26 00:15:00,0.0,0.195
2015-02-26 00:30:00,0.0,0.293
2015-02-26 00:45:00,-1.0,0.391
2015-02-26 01:00:00,-1.0,0.293
2015-02-26 01:15:00,-1.0,0.293
2015-02-26 01:30:00,-1.0,0.293
2015-02-26 01:45:00,0.0,0.293
2015-02-26 02:00:00,-1.0,0.293
2015-02-26 02:15:00,-1.0,0.293
2015-02-26 02:30:00,-1.0,0.0
2015-02-26 02:45:00,-1.0,0.195
2015-02-26 03:00:00,-1.0,0.195
2015-02-26 03:15:00,-1.0,0.195
2015-02-26 03:30:00,-1.0,0.098
2015-02-26 03:45:00,-1.0,0.098
2015-02-26 04:00:00,-1.0,0.098
2015-02-26 04:15:00,-1.0,0.098
2015-02-26 04:30:00,0.0,0.0
2015-02-26 04:45:00,-1.0,0.098
2015-02-26 05:00:00,-1.0,0.0
2015-02-26 05:15:00,0.0,0.0
2015-02-26 05:30:00,-1.0,0.098
2015-02-26 05:45:00,-1.0,0.0
2015-02-26 06:00:00,-1.0,0.0
2015-02-26 06:15:00,2.0,1.074
2015-02-26 06:30:00,6.5,5.469
2015-02-26 06:45:00,20.0,21.191
2015-02-26 07:00:00,29.5,38.477
2015-02-26 07:15:00,42.5,59.57
2015-02-26 07:30:00,74.5,89.551
2015-02-26 07:45:00,77.5,101.563
2015-02-26 08:00:00,258.5,316.895
2015-02-26 08:15:00,279.0,501.66
2015-02-26 08:30:00,328.5,575.488
2015-02-26 08:45:00,344.5,559.18
2015-02-26 09:00:00,378.0,686.23
2015-02-26 09:15:00,404.0,721.875
2015-02-26 09:30:00,396.0,789.746
2015-02-26 09:45:00,444.0,821.777
2015-02-26 10:00:00,459.0,877.637
2015-02-26 10:15:00,473.0,918.75
2015-02-26 10:30:00,489.0,956.152
2015-02-26 10:45:00,500.0,989.844
2015-02-26 11:00:00,515.5,1023.633
2015-02-26 11:15:00,524.5,1054.492
2015-02-26 11:30:00,523.0,1067.578
2015-02-26 11:45:00,529.5,1074.219
2015-02-26 12:00:00,540.0,1102.832
2015-02-26 12:15:00,536.5,1097.949
2015-02-26 12:30:00,525.0,1098.047
2015-02-26 12:45:00,506.0,1053.223
2015-02-26 13:00:00,544.0,1053.32
2015-02-26 13:15:00,503.5,1086.426
2015-02-26 13:30:00,506.0,1012.793
2015-02-26 13:45:00,473.0,959.57
2015-02-26 14:00:00,450.0,897.852
2015-02-26 14:15:00,430.0,850.488
2015-02-26 14:30:00,403.5,801.074
2015-02-26 14:45:00,376.0,748.926
2015-02-26 15:00:00,341.5,692.773
2015-02-26 15:15:00,311.0,632.422
2015-02-26 15:30:00,274.5,569.141
2015-02-26 15:45:00,234.5,503.32
2015-02-26 16:00:00,195.5,437.891
2015-02-26 16:15:00,150.5,368.848
2015-02-26 16:30:00,103.5,297.559
2015-02-26 16:45:00,60.5,224.414
2015-02-26 17:00:00,30.0,77.441
2015-02-26 17:15:00,10.5,19.629
2015-02-26 17:30:00,2.5,10.156
2015-02-26 17:45:00,-1.0,2.93
2015-02-26 18:00:00,-1.0,0.195
2015-02-26 18:15:00,-1.0,0.0
2015-02-26 18:30:00,0.0,0.0
2015-02-26 18:45:00,0.0,0.0
2015-02-26 19:00:00,-1.0,0.0
2015-02-26 19:15:00,0.0,0.0
2015-02-26 19:30:00,-1.0,0.0
2015-02-26 19:45:00,-1.0,0.0
2015-02-26 20:00:00,0.0,0.0
2015-02-26 20:15:00,0.0,0.0
2015-02-26 20:30:00,-1.0,0.0
2015-02-26 20:45:00,0.0,0.0
2015-02-26 21:00:00,0.0,0.098
2015-02-26 21:15:00,-1.0,0.0
2015-02-26 21:30:00,-1.0,0.0
2015-02-26 21:45:00,0.0,0.0
2015-02-26 22:00:00,-1.0,0.195
2015-02-26 22:15:00,0.0,0.195
2015-02-26 22:30:00,0.0,0.195
2015-02-26 22:45:00,-1.0,0.195
2015-02-26 23:00:00,-1.0,0.195
2015-02-26 23:15:00,0.0,0.098
2015-02-26 23:30:00,-1.0,0.293
2015-02-26 23:45:00,0.0,0.195
2015-02-27 00:00:00,-1.0,0.195
2015-02-27 00:15:00,0.0,0.195
2015-02-27 00:30:00,-1.0,0.195
2015-02-27 00:45:00,-1.0,0.195
2015-02-27 01:00:00,0.0,0.293
2015-02-27 01:15:00,-1.0,0.293
2015-02-27 01:30:00,0.0,0.293
2015-02-27 01:45:00,-1.0,0.098
2015-02-27 02:00:00,0.0,0.195
2015-02-27 02:15:00,-1.0,0.293
2015-02-27 02:30:00,-1.0,0.293
2015-02-27 02:45:00,-1.0,0.293
2015-02-27 03:00:00,-1.0,0.293
2015-02-27 03:15:00,-1.0,0.195
2015-02-27 03:30:00,-1.0,0.195
2015-02-27 03:45:00,-1.0,0.098
2015-02-27 04:00:00,0.0,0.098
2015-02-27 04:15:00,-1.0,0.0
2015-02-27 04:30:00,-1.0,0.098
2015-02-27 04:45:00,-1.0,0.195
2015-02-27 05:00:00,-1.0,0.098
2015-02-27 05:15:00,-1.0,0.098
2015-02-27 05:30:00,-1.0,0.0
2015-02-27 05:45:00,-1.0,0.0
2015-02-27 06:00:00,-1.0,0.195
2015-02-27 06:15:00,2.5,1.855
2015-02-27 06:30:00,8.5,8.301
2015-02-27 06:45:00,17.5,23.145
2015-02-27 07:00:00,42.5,46.582
2015-02-27 07:15:00,132.5,184.277
2015-02-27 07:30:00,174.0,265.332
2015-02-27 07:45:00,190.0,371.582
2015-02-27 08:00:00,232.0,420.996
2015-02-27 08:15:00,284.5,487.012
2015-02-27 08:30:00,313.5,547.363
2015-02-27 08:45:00,371.0,642.285
2015-02-27 09:00:00,212.5,710.547
2015-02-27 09:15:00,417.5,475.684
2015-02-27 09:30:00,428.5,812.891
2015-02-27 09:45:00,438.5,844.629
2015-02-27 10:00:00,457.0,882.715
2015-02-27 10:15:00,470.5,920.02
2015-02-27 10:30:00,484.5,958.789
2015-02-27 10:45:00,501.5,987.012
2015-02-27 11:00:00,504.5,1012.598
2015-02-27 11:15:00,513.5,1034.375
2015-02-27 11:30:00,514.0,1050.488
2015-02-27 11:45:00,517.5,1055.957
2015-02-27 12:00:00,523.0,1059.863
2015-02-27 12:15:00,515.5,1056.152
2015-02-27 12:30:00,512.0,1049.512
2015-02-27 12:45:00,500.5,1034.961
2015-02-27 13:00:00,494.0,1012.305
2015-02-27 13:15:00,478.5,986.426
2015-02-27 13:30:00,470.5,957.031
2015-02-27 13:45:00,454.0,921.875
2015-02-27 14:00:00,438.0,883.203
2015-02-27 14:15:00,414.0,837.598
2015-02-27 14:30:00,396.0,790.82
2015-02-27 14:45:00,369.0,738.184
2015-02-27 15:00:00,337.5,680.664
2015-02-27 15:15:00,303.5,620.703
2015-02-27 15:30:00,270.0,554.785
2015-02-27 15:45:00,232.0,488.184
2015-02-27 16:00:00,189.5,420.41
2015-02-27 16:15:00,145.5,350.391
2015-02-27 16:30:00,94.5,230.469
2015-02-27 16:45:00,36.0,146.777
2015-02-27 17:00:00,24.5,65.039
2015-02-27 17:15:00,6.5,15.918
2015-02-27 17:30:00,2.5,7.52
2015-02-27 17:45:00,0.0,2.539
2015-02-27 18:00:00,-1.0,0.293
2015-02-27 18:15:00,-1.0,0.0
2015-02-27 18:30:00,-1.0,0.0
2015-02-27 18:45:00,0.0,0.0
2015-02-27 19:00:00,-1.0,0.0
2015-02-27 19:15:00,0.0,0.0
2015-02-27 19:30:00,-1.0,0.0
2015-02-27 19:45:00,-1.0,0.0
2015-02-27 20:00:00,0.0,0.0
2015-02-27 20:15:00,0.0,0.0
2015-02-27 20:30:00,-1.0,0.0
2015-02-27 20:45:00,-1.0,0.0
2015-02-27 21:00:00,-1.0,0.0
2015-02-27 21:15:00,-1.0,0.0
2015-02-27 21:30:00,-1.0,0.0
2015-02-27 21:45:00,-1.0,0.0
2015-02-27 22:00:00,-1.0,0.0
2015-02-27 22:15:00,-1.0,0.0
2015-02-27 22:30:00,0.0,0.0
2015-02-27 22:45:00,-1.0,0.098
2015-02-27 23:00:00,-1.0,0.098
2015-02-27 23:15:00,-1.0,0.0
2015-02-27 23:30:00,0.0,0.098
2015-02-27 23:45:00,-1.0,0.098
2015-02-28 00:00:00,0.0,0.098
2015-02-28 00:15:00,0.0,0.098
2015-02-28 00:30:00,-1.0,0.195
2015-02-28 00:45:00,-1.0,0.195
2015-02-28 01:00:00,-1.0,0.098
2015-02-28 01:15:00,0.0,0.098
2015-02-28 01:30:00,-1.0,0.195
2015-02-28 01:45:00,-1.0,0.098
2015-02-28 02:00:00,-1.0,0.098
2015-02-28 02:15:00,-1.0,0.195
2015-02-28 02:30:00,0.0,0.098
2015-02-28 02:45:00,-1.0,0.098
2015-02-28 03:00:00,0.0,0.195
2015-02-28 03:15:00,-1.0,0.293
2015-02-28 03:30:00,-1.0,0.098
2015-02-28 03:45:00,-1.0,0.098
2015-02-28 04:00:00,-1.0,0.098
2015-02-28 04:15:00,-1.0,0.195
2015-02-28 04:30:00,-1.0,0.098
2015-02-28 04:45:00,-1.0,0.195
2015-02-28 05:00:00,-1.0,0.195
2015-02-28 05:15:00,0.0,0.195
2015-02-28 05:30:00,-1.0,0.195
2015-02-28 05:45:00,-1.0,0.195
2015-02-28 06:00:00,-1.0,0.391
2015-02-28 06:15:00,3.0,2.148
2015-02-28 06:30:00,13.5,14.551
2015-02-28 06:45:00,33.0,35.254
2015-02-28 07:00:00,26.0,42.285
2015-02-28 07:15:00,96.5,105.371
2015-02-28 07:30:00,142.0,270.703
2015-02-28 07:45:00,186.5,345.313
2015-02-28 08:00:00,228.5,413.672
2015-02-28 08:15:00,264.5,472.266
2015-02-28 08:30:00,310.5,556.934
2015-02-28 08:45:00,349.5,622.168
2015-02-28 09:00:00,388.0,691.797
2015-02-28 09:15:00,426.5,774.609
2015-02-28 09:30:00,454.0,845.02
2015-02-28 09:45:00,500.0,905.762
2015-02-28 10:00:00,489.0,918.555
2015-02-28 10:15:00,511.0,947.852
2015-02-28 10:30:00,534.5,994.336
2015-02-28 10:45:00,554.0,1029.688
2015-02-28 11:00:00,568.0,1063.672
2015-02-28 11:15:00,565.5,1090.43
2015-02-28 11:30:00,619.5,1011.23
2015-02-28 11:45:00,590.5,1067.285
2015-02-28 12:00:00,65.0,881.641
2015-02-28 12:15:00,655.0,386.426
2015-02-28 12:30:00,150.5,290.625
2015-02-28 12:45:00,130.0,203.32
2015-02-28 13:00:00,189.5,233.691
2015-02-28 13:15:00,626.0,794.336
2015-02-28 13:30:00,531.0,1058.301
2015-02-28 13:45:00,508.0,980.371
2015-02-28 14:00:00,484.5,935.938
2015-02-28 14:15:00,486.5,537.012
2015-02-28 14:30:00,104.5,187.891
2015-02-28 14:45:00,416.5,588.379
2015-02-28 15:00:00,360.0,701.465
2015-02-28 15:15:00,330.0,602.051
2015-02-28 15:30:00,177.5,446.289
2015-02-28 15:45:00,250.0,483.203
2015-02-28 16:00:00,204.5,425.684
2015-02-28 16:15:00,160.5,357.715
2015-02-28 16:30:00,112.0,307.227
2015-02-28 16:45:00,23.5,198.926
2015-02-28 17:00:00,14.5,30.664
2015-02-28 17:15:00,11.0,21.094
2015-02-28 17:30:00,2.5,11.523
2015-02-28 17:45:00,-1.0,2.637
2015-02-28 18:00:00,-1.0,0.098
2015-02-28 18:15:00,0.0,0.0
2015-02-28 18:30:00,0.0,0.0
2015-02-28 18:45:00,0.0,0.0
2015-02-28 19:00:00,0.0,0.0
2015-02-28 19:15:00,0.0,0.0
2015-02-28 19:30:00,0.0,0.0
2015-02-28 19:45:00,0.0,0.098
2015-02-28 20:00:00,0.0,0.098
2015-02-28 20:15:00,0.0,0.098
2015-02-28 20:30:00,-1.0,0.195
2015-02-28 20:45:00,0.0,0.195
2015-02-28 21:00:00,-1.0,0.098
2015-02-28 21:15:00,-1.0,0.195
2015-02-28 21:30:00,0.0,0.098
2015-02-28 21:45:00,-1.0,0.098
2015-02-28 22:00:00,-1.0,0.098
2015-02-28 22:15:00,-1.0,0.098
2015-02-28 22:30:00,0.0,0.098
2015-02-28 22:45:00,0.0,0.098
2015-02-28 23:00:00,0.0,0.098
2015-02-28 23:15:00,-1.0,0.195
2015-02-28 23:30:00,-1.0,0.098
2015-02-28 23:45:00,-1.0,0.195
2015-03-01 00:00:00,0.0,0.195
2015-03-01 00:15:00,-1.0,0.098
2015-03-01 00:30:00,0.0,0.195
2015-03-01 00:45:00,-1.0,0.195
2015-03-01 01:00:00,-1.0,0.098
2015-03-01 01:15:00,0.0,0.195
2015-03-01 01:30:00,-1.0,0.195
2015-03-01 01:45:00,-1.0,0.195
2015-03-01 02:00:00,-1.0,0.195
2015-03-01 02:15:00,-1.0,0.195
2015-03-01 02:30:00,-1.0,0.195
2015-03-01 02:45:00,-1.0,0.293
2015-03-01 03:00:00,-1.0,0.293
2015-03-01 03:15:00,-1.0,0.195
2015-03-01 03:30:00,-1.0,0.293
2015-03-01 03:45:00,0.0,0.195
2015-03-01 04:00:00,-1.0,0.195
2015-03-01 04:15:00,-1.0,0.195
2015-03-01 04:30:00,-1.0,0.195
2015-03-01 04:45:00,-1.0,0.195
2015-03-01 05:00:00,-1.0,0.195
2015-03-01 05:15:00,-1.0,0.195
2015-03-01 05:30:00,-1.0,0.195
2015-03-01 05:45:00,-1.0,0.0
2015-03-01 06:00:00,-1.0,0.391
2015-03-01 06:15:00,0.5,2.246
2015-03-01 06:30:00,7.0,8.203
2015-03-01 06:45:00,16.5,18.652
2015-03-01 07:00:00,19.5,32.129
2015-03-01 07:15:00,35.0,39.648
2015-03-01 07:30:00,39.5,52.637
2015-03-01 07:45:00,83.0,84.57
2015-03-01 08:00:00,113.0,158.887
2015-03-01 08:15:00,116.5,182.617
2015-03-01 08:30:00,147.0,207.129
2015-03-01 08:45:00,130.5,257.813
2015-03-01 09:00:00,129.5,199.023
2015-03-01 09:15:00,154.5,215.918
2015-03-01 09:30:00,160.5,238.281
2015-03-01 09:45:00,274.0,325.977
2015-03-01 10:00:00,262.5,473.242
2015-03-01 10:15:00,216.0,433.887
2015-03-01 10:30:00,199.5,332.129
2015-03-01 10:45:00,220.5,326.367
2015-03-01 11:00:00,214.5,325.488
2015-03-01 11:15:00,263.0,353.125
2015-03-01 11:30:00,239.5,447.656
2015-03-01 11:45:00,178.0,458.789
2015-03-01 12:00:00,154.5,276.074
2015-03-01 12:15:00,208.5,252.344
2015-03-01 12:30:00,214.5,400.977
2015-03-01 12:45:00,159.5,315.039
2015-03-01 13:00:00,280.5,441.992
2015-03-01 13:15:00,184.5,341.699
2015-03-01 13:30:00,121.5,315.918
2015-03-01 13:45:00,202.5,231.055
2015-03-01 14:00:00,411.0,490.43
2015-03-01 14:15:00,144.0,359.277
2015-03-01 14:30:00,72.0,187.988
2015-03-01 14:45:00,43.0,78.711
2015-03-01 15:00:00,22.5,57.52
2015-03-01 15:15:00,27.5,35.742
2015-03-01 15:30:00,30.0,44.629
2015-03-01 15:45:00,22.5,41.211
2015-03-01 16:00:00,15.5,32.813
2015-03-01 16:15:00,18.5,26.953
2015-03-01 16:30:00,14.5,24.023
2015-03-01 16:45:00,16.0,27.734
2015-03-01 17:00:00,12.5,22.949
2015-03-01 17:15:00,6.5,14.453
2015-03-01 17:30:00,0.0,5.176
2015-03-01 17:45:00,-1.0,0.488
2015-03-01 18:00:00,-1.0,0.098
2015-03-01 18:15:00,-1.0,0.195
2015-03-01 18:30:00,-1.0,0.293
2015-03-01 18:45:00,-1.0,0.195
2015-03-01 19:00:00,-1.0,0.293
2015-03-01 19:15:00,-1.0,0.195
2015-03-01 19:30:00,-1.0,0.195
2015-03-01 19:45:00,0.0,0.195
2015-03-01 20:00:00,-1.0,0.293
2015-03-01 20:15:00,-1.0,0.195
2015-03-01 20:30:00,-1.0,0.0
2015-03-01 20:45:00,-1.0,0.098
2015-03-01 21:00:00,-1.0,0.195
2015-03-01 21:15:00,-1.0,0.195
2015-03-01 21:30:00,0.0,0.195
2015-03-01 21:45:00,0.0,0.293
2015-03-01 22:00:00,-1.0,0.195
2015-03-01 22:15:00,-1.0,0.195
2015-03-01 22:30:00,-1.0,0.195
2015-03-01 22:45:00,-1.0,0.195
2015-03-01 23:00:00,0.0,0.195
2015-03-01 23:15:00,-1.0,0.195
2015-03-01 23:30:00,-1.0,0.195
2015-03-01 23:45:00,-1.0,0.195
2015-03-02 00:00:00,-1.0,0.0
2015-03-02 00:15:00,-1.0,0.195
2015-03-02 00:30:00,-1.0,0.195
2015-03-02 00:45:00,-1.0,0.195
2015-03-02 01:00:00,-1.0,0.195
2015-03-02 01:15:00,-1.0,0.0
2015-03-02 01:30:00,-1.0,0.293
2015-03-02 01:45:00,-1.0,0.391
2015-03-02 02:00:00,-1.0,0.195
2015-03-02 02:15:00,-1.0,0.195
2015-03-02 02:30:00,-1.0,0.293
2015-03-02 02:45:00,-1.0,0.293
2015-03-02 03:00:00,-1.0,0.195
2015-03-02 03:15:00,-1.0,0.195
2015-03-02 03:30:00,-1.0,0.293
2015-03-02 03:45:00,-1.0,0.195
2015-03-02 04:00:00,-1.0,0.293
2015-03-02 04:15:00,-1.0,0.293
2015-03-02 04:30:00,-1.0,0.293
2015-03-02 04:45:00,-1.0,0.195
2015-03-02 05:00:00,-1.0,0.0
2015-03-02 05:15:00,-1.0,0.293
2015-03-02 05:30:00,-1.0,0.0
2015-03-02 05:45:00,-1.0,0.098
2015-03-02 06:00:00,-1.0,0.391
2015-03-02 06:15:00,2.0,1.66
2015-03-02 06:30:00,6.5,7.715
2015-03-02 06:45:00,8.5,14.453
2015-03-02 07:00:00,34.0,36.035
2015-03-02 07:15:00,23.5,39.648
2015-03-02 07:30:00,65.0,52.539
2015-03-02 07:45:00,83.5,113.184
2015-03-02 08:00:00,134.0,153.223
2015-03-02 08:15:00,48.5,157.324
2015-03-02 08:30:00,68.5,93.75
2015-03-02 08:45:00,190.0,179.785
2015-03-02 09:00:00,188.0,290.625
2015-03-02 09:15:00,280.5,318.945
2015-03-02 09:30:00,165.0,406.25
2015-03-02 09:45:00,120.5,247.656
2015-03-02 10:00:00,143.5,275.195
2015-03-02 10:15:00,226.5,281.934
2015-03-02 10:30:00,165.0,747.07
2015-03-02 10:45:00,605.5,964.941
2015-03-02 11:00:00,564.0,865.625
2015-03-02 11:15:00,650.5,853.125
2015-03-02 11:30:00,378.0,526.563
2015-03-02 11:45:00,130.0,341.992
2015-03-02 12:00:00,575.0,519.922
2015-03-02 12:15:00,700.5,1023.73
2015-03-02 12:30:00,311.5,1064.063
2015-03-02 12:45:00,433.0,1061.523
2015-03-02 13:00:00,210.5,694.629
2015-03-02 13:15:00,196.0,577.734
2015-03-02 13:30:00,171.0,475.293
2015-03-02 13:45:00,691.5,351.172
2015-03-02 14:00:00,573.5,901.66
2015-03-02 14:15:00,172.0,856.738
2015-03-02 14:30:00,90.0,308.008
2015-03-02 14:45:00,139.5,146.777
2015-03-02 15:00:00,128.0,428.711
2015-03-02 15:15:00,376.5,587.891
2015-03-02 15:30:00,156.5,524.219
2015-03-02 15:45:00,249.0,417.09
2015-03-02 16:00:00,101.5,301.758
2015-03-02 16:15:00,37.5,110.254
2015-03-02 16:30:00,66.0,80.762
2015-03-02 16:45:00,45.5,103.711
2015-03-02 17:00:00,12.0,36.426
2015-03-02 17:15:00,6.0,17.285
2015-03-02 17:30:00,2.0,6.934
2015-03-02 17:45:00,0.0,1.172
2015-03-02 18:00:00,-1.0,0.195
2015-03-02 18:15:00,0.0,0.098
2015-03-02 18:30:00,0.0,0.098
2015-03-02 18:45:00,0.0,0.098
2015-03-02 19:00:00,0.0,0.195
2015-03-02 19:15:00,0.0,0.195
2015-03-02 19:30:00,-1.0,0.195
2015-03-02 19:45:00,0.0,0.195
2015-03-02 20:00:00,0.0,0.195
2015-03-02 20:15:00,0.0,0.195
2015-03-02 20:30:00,0.0,0.195
2015-03-02 20:45:00,0.0,0.195
2015-03-02 21:00:00,-1.0,0.195
2015-03-02 21:15:00,0.0,0.195
2015-03-02 21:30:00,0.0,0.195
2015-03-02 21:45:00,-1.0,0.0
2015-03-02 22:00:00,0.0,0.0
2015-03-02 22:15:00,0.0,0.0
2015-03-02 22:30:00,0.0,0.0
2015-03-02 22:45:00,0.0,0.098
2015-03-02 23:00:00,0.0,0.0
2015-03-02 23:15:00,-1.0,0.098
2015-03-02 23:30:00,0.0,0.098
2015-03-02 23:45:00,-1.0,0.098
2015-03-03 00:00:00,-1.0,0.0
2015-03-03 00:15:00,0.0,0.0
2015-03-03 00:30:00,0.0,0.098
2015-03-03 00:45:00,-1.0,0.0
2015-03-03 01:00:00,0.0,0.0
2015-03-03 01:15:00,-1.0,0.0
2015-03-03 01:30:00,-1.0,0.0
2015-03-03 01:45:00,0.0,0.0
2015-03-03 02:00:00,0.0,0.0
2015-03-03 02:15:00,-1.0,0.0
2015-03-03 02:30:00,-1.0,0.0
2015-03-03 02:45:00,-1.0,0.0
2015-03-03 03:00:00,-1.0,0.0
2015-03-03 03:15:00,-1.0,0.0
2015-03-03 03:30:00,-1.0,0.0
2015-03-03 03:45:00,0.0,0.0
2015-03-03 04:00:00,-1.0,0.0
2015-03-03 04:15:00,-1.0,0.0
2015-03-03 04:30:00,-1.0,0.0
2015-03-03 04:45:00,-1.0,0.0
2015-03-03 05:00:00,-1.0,0.0
2015-03-03 05:15:00,0.0,0.0
2015-03-03 05:30:00,-1.0,0.0
2015-03-03 05:45:00,-1.0,0.0
2015-03-03 06:00:00,-1.0,0.195
2015-03-03 06:15:00,-1.0,4.102
2015-03-03 06:30:00,20.0,11.621
2015-03-03 06:45:00,45.5,17.383
2015-03-03 07:00:00,81.0,110.156
2015-03-03 07:15:00,123.5,231.445
2015-03-03 07:30:00,172.0,305.176
2015-03-03 07:45:00,218.0,380.859
2015-03-03 08:00:00,258.5,440.039
2015-03-03 08:15:00,298.0,513.184
2015-03-03 08:30:00,332.5,583.887
2015-03-03 08:45:00,363.0,643.945
2015-03-03 09:00:00,392.0,704.492
2015-03-03 09:15:00,420.5,761.035
2015-03-03 09:30:00,443.5,815.137
2015-03-03 09:45:00,460.0,864.746
2015-03-03 10:00:00,475.5,904.98
2015-03-03 10:15:00,492.5,940.234
2015-03-03 10:30:00,503.5,976.074
2015-03-03 10:45:00,512.0,1008.984
2015-03-03 11:00:00,520.0,1028.711
2015-03-03 11:15:00,531.0,1046.973
2015-03-03 11:30:00,532.5,1062.695
2015-03-03 11:45:00,543.0,1081.543
2015-03-03 12:00:00,581.5,1123.633
2015-03-03 12:15:00,537.0,857.715
2015-03-03 12:30:00,216.0,626.953
2015-03-03 12:45:00,70.0,230.762
2015-03-03 13:00:00,35.0,69.531
2015-03-03 13:15:00,116.5,81.641
2015-03-03 13:30:00,277.0,321.582
2015-03-03 13:45:00,396.5,492.187
2015-03-03 14:00:00,358.0,658.105
2015-03-03 14:15:00,479.0,862.402
2015-03-03 14:30:00,94.5,541.699
2015-03-03 14:45:00,72.5,82.324
2015-03-03 15:00:00,180.5,188.184
2015-03-03 15:15:00,341.5,590.234
2015-03-03 15:30:00,290.5,563.965
2015-03-03 15:45:00,226.5,488.477
2015-03-03 16:00:00,73.5,125.098
2015-03-03 16:15:00,63.0,110.645
2015-03-03 16:30:00,45.5,104.883
2015-03-03 16:45:00,51.5,80.371
2015-03-03 17:00:00,38.0,83.105
2015-03-03 17:15:00,22.5,50.391
2015-03-03 17:30:00,5.0,27.637
2015-03-03 17:45:00,-1.0,0.0
2015-03-03 18:00:00,-1.0,0.488
2015-03-03 18:15:00,0.0,0.293
2015-03-03 18:30:00,0.0,0.195
2015-03-03 18:45:00,0.0,0.195
2015-03-03 19:00:00,0.0,0.098
2015-03-03 19:15:00,-1.0,0.195
2015-03-03 19:30:00,0.0,0.195
2015-03-03 19:45:00,-1.0,0.195
2015-03-03 20:00:00,0.0,0.195
2015-03-03 20:15:00,0.0,0.195
2015-03-03 20:30:00,0.0,0.098
2015-03-03 20:45:00,-1.0,0.195
2015-03-03 21:00:00,-1.0,0.195
2015-03-03 21:15:00,-1.0,0.195
2015-03-03 21:30:00,-1.0,0.098
2015-03-03 21:45:00,-1.0,0.195
2015-03-03 22:00:00,-1.0,0.195
2015-03-03 22:15:00,0.0,0.195
2015-03-03 22:30:00,0.0,0.098
2015-03-03 22:45:00,0.0,0.195
2015-03-03 23:00:00,0.0,0.293
2015-03-03 23:15:00,-1.0,0.293
2015-03-03 23:30:00,-1.0,0.293
2015-03-03 23:45:00,-1.0,0.293
2015-03-04 00:00:00,-1.0,0.293
2015-03-04 00:15:00,0.0,0.195
2015-03-04 00:30:00,-1.0,0.195
2015-03-04 00:45:00,-1.0,0.195
2015-03-04 01:00:00,-1.0,0.098
2015-03-04 01:15:00,-1.0,0.098
2015-03-04 01:30:00,-1.0,0.0
2015-03-04 01:45:00,-1.0,0.098
2015-03-04 02:00:00,-1.0,0.0
2015-03-04 02:15:00,-1.0,0.0
2015-03-04 02:30:00,-1.0,0.0
2015-03-04 02:45:00,-1.0,0.0
2015-03-04 03:00:00,-1.0,0.098
2015-03-04 03:15:00,-1.0,0.0
2015-03-04 03:30:00,0.0,0.0
2015-03-04 03:45:00,-1.0,0.0
2015-03-04 04:00:00,-1.0,0.0
2015-03-04 04:15:00,-1.0,0.0
2015-03-04 04:30:00,-1.0,0.0
2015-03-04 04:45:00,-1.0,0.0
2015-03-04 05:00:00,-1.0,0.0
2015-03-04 05:15:00,-1.0,0.0
2015-03-04 05:30:00,-1.0,0.0
2015-03-04 05:45:00,-1.0,0.0
2015-03-04 06:00:00,2.0,0.684
2015-03-04 06:15:00,-1.0,6.152
2015-03-04 06:30:00,18.5,15.137
2015-03-04 06:45:00,45.0,22.949
2015-03-04 07:00:00,85.0,132.617
2015-03-04 07:15:00,129.5,251.465
2015-03-04 07:30:00,176.5,324.316
2015-03-04 07:45:00,225.0,403.125
2015-03-04 08:00:00,270.0,464.551
2015-03-04 08:15:00,314.5,539.16
2015-03-04 08:30:00,355.5,612.305
2015-03-04 08:45:00,390.5,675.977
2015-03-04 09:00:00,421.0,738.281
2015-03-04 09:15:00,450.5,794.531
2015-03-04 09:30:00,480.5,848.34
2015-03-04 09:45:00,503.5,898.535
2015-03-04 10:00:00,522.0,942.871
2015-03-04 10:15:00,537.0,982.324
2015-03-04 10:30:00,546.5,1018.262
2015-03-04 10:45:00,558.0,1048.047
2015-03-04 11:00:00,562.5,1071.777
2015-03-04 11:15:00,556.0,1089.746
2015-03-04 11:30:00,560.0,1102.246
2015-03-04 11:45:00,554.5,1110.547
2015-03-04 12:00:00,549.0,1111.035
2015-03-04 12:15:00,544.0,1109.277
2015-03-04 12:30:00,542.5,1100.391
2015-03-04 12:45:00,530.5,1083.203
2015-03-04 13:00:00,522.0,1062.012
2015-03-04 13:15:00,514.0,1034.766
2015-03-04 13:30:00,493.0,1005.273
2015-03-04 13:45:00,484.0,964.648
2015-03-04 14:00:00,461.0,922.461
2015-03-04 14:15:00,442.0,879.883
2015-03-04 14:30:00,417.0,831.836
2015-03-04 14:45:00,388.0,775.977
2015-03-04 15:00:00,357.0,718.945
2015-03-04 15:15:00,328.0,656.445
2015-03-04 15:30:00,290.0,591.016
2015-03-04 15:45:00,254.0,524.805
2015-03-04 16:00:00,210.5,454.395
2015-03-04 16:15:00,168.0,385.254
2015-03-04 16:30:00,116.5,314.941
2015-03-04 16:45:00,72.5,243.262
2015-03-04 17:00:00,40.5,145.02
2015-03-04 17:15:00,18.5,32.227
2015-03-04 17:30:00,6.0,16.113
2015-03-04 17:45:00,-1.0,5.762
2015-03-04 18:00:00,0.0,0.879
2015-03-04 18:15:00,0.0,0.098
2015-03-04 18:30:00,-1.0,0.098
2015-03-04 18:45:00,0.0,0.0
2015-03-04 19:00:00,0.0,0.098
2015-03-04 19:15:00,-1.0,0.098
2015-03-04 19:30:00,-1.0,0.098
2015-03-04 19:45:00,0.0,0.195
2015-03-04 20:00:00,-1.0,0.098
2015-03-04 20:15:00,-1.0,0.098
2015-03-04 20:30:00,0.0,0.098
2015-03-04 20:45:00,-1.0,0.195
2015-03-04 21:00:00,-1.0,0.195
2015-03-04 21:15:00,-1.0,0.195
2015-03-04 21:30:00,-1.0,0.195
2015-03-04 21:45:00,-1.0,0.195
2015-03-04 22:00:00,0.0,0.0
2015-03-04 22:15:00,-1.0,0.098
2015-03-04 22:30:00,0.0,0.0
2015-03-04 22:45:00,0.0,0.098
2015-03-04 23:00:00,-1.0,0.0
2015-03-04 23:15:00,-1.0,0.0
2015-03-04 23:30:00,-1.0,0.0
2015-03-04 23:45:00,-1.0,0.0
2015-03-05 00:00:00,0.0,0.0
2015-03-05 00:15:00,0.0,0.0
2015-03-05 00:30:00,0.0,0.0
2015-03-05 00:45:00,-1.0,0.0
2015-03-05 01:00:00,-1.0,0.0
2015-03-05 01:15:00,-1.0,0.0
2015-03-05 01:30:00,-1.0,0.0
2015-03-05 01:45:00,-1.0,0.0
2015-03-05 02:00:00,-1.0,0.0
2015-03-05 02:15:00,-1.0,0.0
2015-03-05 02:30:00,-1.0,0.0
2015-03-05 02:45:00,0.0,0.0
2015-03-05 03:00:00,-1.0,0.0
2015-03-05 03:15:00,-1.0,0.0
2015-03-05 03:30:00,-1.0,0.0
2015-03-05 03:45:00,-1.0,0.0
2015-03-05 04:00:00,-1.0,0.0
2015-03-05 04:15:00,-1.0,0.0
2015-03-05 04:30:00,0.0,0.0
2015-03-05 04:45:00,-1.0,0.0
2015-03-05 05:00:00,-1.0,0.0
2015-03-05 05:15:00,-1.0,0.0
2015-03-05 05:30:00,-1.0,0.0
2015-03-05 05:45:00,-1.0,0.0
2015-03-05 06:00:00,2.0,0.391
2015-03-05 06:15:00,-1.0,5.469
2015-03-05 06:30:00,29.0,13.379
2015-03-05 06:45:00,61.0,17.773
2015-03-05 07:00:00,94.5,146.777
2015-03-05 07:15:00,137.5,258.008
2015-03-05 07:30:00,181.5,330.762
2015-03-05 07:45:00,226.5,401.758
2015-03-05 08:00:00,267.5,473.926
2015-03-05 08:15:00,309.0,546.094
2015-03-05 08:30:00,342.5,614.844
2015-03-05 08:45:00,376.5,680.566
2015-03-05 09:00:00,406.0,741.992
2015-03-05 09:15:00,431.0,801.367
2015-03-05 09:30:00,454.5,857.324
2015-03-05 09:45:00,471.5,904.688
2015-03-05 10:00:00,491.0,947.949
2015-03-05 10:15:00,509.5,987.891
2015-03-05 10:30:00,519.0,1021.875
2015-03-05 10:45:00,527.0,1055.371
2015-03-05 11:00:00,533.5,1078.613
2015-03-05 11:15:00,538.0,1098.242
2015-03-05 11:30:00,538.5,1113.477
2015-03-05 11:45:00,540.0,1117.188
2015-03-05 12:00:00,537.0,1118.555
2015-03-05 12:15:00,540.5,1113.77
2015-03-05 12:30:00,533.5,1107.813
2015-03-05 12:45:00,525.0,1090.723
2015-03-05 13:00:00,515.5,1074.219
2015-03-05 13:15:00,503.5,1045.02
2015-03-05 13:30:00,494.0,1014.844
2015-03-05 13:45:00,476.5,982.422
2015-03-05 14:00:00,452.0,938.672
2015-03-05 14:15:00,433.0,889.355
2015-03-05 14:30:00,411.5,838.086
2015-03-05 14:45:00,384.5,781.25
2015-03-05 15:00:00,355.5,721.777
2015-03-05 15:15:00,323.0,663.086
2015-03-05 15:30:00,287.5,597.656
2015-03-05 15:45:00,248.0,527.344
2015-03-05 16:00:00,209.0,457.617
2015-03-05 16:15:00,165.0,387.012
2015-03-05 16:30:00,116.5,315.625
2015-03-05 16:45:00,71.5,244.141
2015-03-05 17:00:00,40.5,169.043
2015-03-05 17:15:00,18.5,46.875
2015-03-05 17:30:00,6.0,16.113
2015-03-05 17:45:00,1.0,6.836
2015-03-05 18:00:00,0.0,1.074
2015-03-05 18:15:00,-1.0,0.0
2015-03-05 18:30:00,0.0,0.0
2015-03-05 18:45:00,0.0,0.0
2015-03-05 19:00:00,0.0,0.0
2015-03-05 19:15:00,-1.0,0.0
2015-03-05 19:30:00,0.0,0.098
2015-03-05 19:45:00,0.0,0.098
2015-03-05 20:00:00,-1.0,0.098
2015-03-05 20:15:00,0.0,0.195
2015-03-05 20:30:00,0.0,0.098
2015-03-05 20:45:00,-1.0,0.098
2015-03-05 21:00:00,0.0,0.098
2015-03-05 21:15:00,0.0,0.195
2015-03-05 21:30:00,-1.0,0.098
2015-03-05 21:45:00,0.0,0.195
2015-03-05 22:00:00,0.0,0.098
2015-03-05 22:15:00,-1.0,0.098
2015-03-05 22:30:00,0.0,0.098
2015-03-05 22:45:00,-1.0,0.098
2015-03-05 23:00:00,0.0,0.098
2015-03-05 23:15:00,-1.0,0.098
2015-03-05 23:30:00,-1.0,0.195
2015-03-05 23:45:00,0.0,0.293
2015-03-06 00:00:00,0.0,0.195
2015-03-06 00:15:00,-1.0,0.293
2015-03-06 00:30:00,0.0,0.195
2015-03-06 00:45:00,-1.0,0.195
2015-03-06 01:00:00,-1.0,0.195
2015-03-06 01:15:00,-1.0,0.098
2015-03-06 01:30:00,-1.0,0.098
2015-03-06 01:45:00,0.0,0.098
2015-03-06 02:00:00,-1.0,0.0
2015-03-06 02:15:00,-1.0,0.0
2015-03-06 02:30:00,-1.0,0.0
2015-03-06 02:45:00,-1.0,0.0
2015-03-06 03:00:00,-1.0,0.0
2015-03-06 03:15:00,-1.0,0.0
2015-03-06 03:30:00,-1.0,0.0
2015-03-06 03:45:00,0.0,0.0
2015-03-06 04:00:00,-1.0,0.0
2015-03-06 04:15:00,0.0,0.0
2015-03-06 04:30:00,-1.0,0.0
2015-03-06 04:45:00,0.0,0.0
2015-03-06 05:00:00,-1.0,0.0
2015-03-06 05:15:00,-1.0,0.0
2015-03-06 05:30:00,-1.0,0.0
2015-03-06 05:45:00,-1.0,0.098
2015-03-06 06:00:00,2.0,1.172
2015-03-06 06:15:00,-1.0,7.031
2015-03-06 06:30:00,20.0,16.797
2015-03-06 06:45:00,49.5,25.781
2015-03-06 07:00:00,78.5,158.105
2015-03-06 07:15:00,108.0,250.977
2015-03-06 07:30:00,145.5,325.879
2015-03-06 07:45:00,221.0,398.145
2015-03-06 08:00:00,263.0,470.801
2015-03-06 08:15:00,304.0,540.82
2015-03-06 08:30:00,338.5,612.402
2015-03-06 08:45:00,369.0,677.441
2015-03-06 09:00:00,398.5,740.527
2015-03-06 09:15:00,424.5,800.293
2015-03-06 09:30:00,446.5,853.809
2015-03-06 09:45:00,465.0,903.125
2015-03-06 10:00:00,480.5,947.559
2015-03-06 10:15:00,497.5,987.598
2015-03-06 10:30:00,508.5,1022.363
2015-03-06 10:45:00,519.0,1051.758
2015-03-06 11:00:00,525.0,1072.168
2015-03-06 11:15:00,526.5,1091.895
2015-03-06 11:30:00,532.5,1103.809
2015-03-06 11:45:00,527.5,1108.594
2015-03-06 12:00:00,525.5,1110.156
2015-03-06 12:15:00,521.0,1106.348
2015-03-06 12:30:00,516.0,1098.34
2015-03-06 12:45:00,508.0,1082.617
2015-03-06 13:00:00,498.0,1058.301
2015-03-06 13:15:00,490.5,1033.398
2015-03-06 13:30:00,468.0,1002.734
2015-03-06 13:45:00,453.5,965.625
2015-03-06 14:00:00,432.0,926.27
2015-03-06 14:15:00,409.0,881.543
2015-03-06 14:30:00,381.0,829.688
2015-03-06 14:45:00,352.0,773.34
2015-03-06 15:00:00,322.5,713.574
2015-03-06 15:15:00,290.0,652.148
2015-03-06 15:30:00,273.0,584.863
2015-03-06 15:45:00,247.5,520.312
2015-03-06 16:00:00,205.5,448.535
2015-03-06 16:15:00,164.0,378.613
2015-03-06 16:30:00,116.0,306.152
2015-03-06 16:45:00,72.0,232.129
2015-03-06 17:00:00,43.5,162.012
2015-03-06 17:15:00,22.5,73.633
2015-03-06 17:30:00,6.5,23.047
2015-03-06 17:45:00,1.0,7.617
2015-03-06 18:00:00,0.0,1.27
2015-03-06 18:15:00,0.0,0.098
2015-03-06 18:30:00,0.0,0.195
2015-03-06 18:45:00,0.0,0.0
2015-03-06 19:00:00,-1.0,0.0
2015-03-06 19:15:00,0.0,0.0
2015-03-06 19:30:00,0.0,0.0
2015-03-06 19:45:00,0.0,0.0
2015-03-06 20:00:00,0.0,0.0
2015-03-06 20:15:00,0.0,0.0
2015-03-06 20:30:00,0.0,0.0
2015-03-06 20:45:00,0.0,0.0
2015-03-06 21:00:00,0.0,0.0
2015-03-06 21:15:00,0.0,0.098
2015-03-06 21:30:00,-1.0,0.098
2015-03-06 21:45:00,0.0,0.0
2015-03-06 22:00:00,-1.0,0.0
2015-03-06 22:15:00,0.0,0.098
2015-03-06 22:30:00,0.0,0.098
2015-03-06 22:45:00,-1.0,0.098
2015-03-06 23:00:00,0.0,0.098
2015-03-06 23:15:00,0.0,0.195
2015-03-06 23:30:00,0.0,0.098
2015-03-06 23:45:00,-1.0,0.098
2015-03-07 00:00:00,-1.0,0.098
2015-03-07 00:15:00,-1.0,0.195
2015-03-07 00:30:00,-1.0,0.098
2015-03-07 00:45:00,0.0,0.098
2015-03-07 01:00:00,-1.0,0.098
2015-03-07 01:15:00,-1.0,0.195
2015-03-07 01:30:00,-1.0,0.098
2015-03-07 01:45:00,-1.0,0.098
2015-03-07 02:00:00,0.0,0.098
2015-03-07 02:15:00,-1.0,0.098
2015-03-07 02:30:00,-1.0,0.195
2015-03-07 02:45:00,-1.0,0.195
2015-03-07 03:00:00,-1.0,0.195
2015-03-07 03:15:00,-1.0,0.195
2015-03-07 03:30:00,-1.0,0.195
2015-03-07 03:45:00,-1.0,0.195
2015-03-07 04:00:00,-1.0,0.195
2015-03-07 04:15:00,-1.0,0.0
2015-03-07 04:30:00,-1.0,0.0
2015-03-07 04:45:00,-1.0,0.098
2015-03-07 05:00:00,-1.0,0.098
2015-03-07 05:15:00,-1.0,0.098
2015-03-07 05:30:00,-1.0,0.0
2015-03-07 05:45:00,-1.0,0.0
2015-03-07 06:00:00,2.0,1.172
2015-03-07 06:15:00,7.0,7.91
2015-03-07 06:30:00,22.0,20.898
2015-03-07 06:45:00,51.5,33.398
2015-03-07 07:00:00,80.0,162.891
2015-03-07 07:15:00,132.0,245.996
2015-03-07 07:30:00,178.5,322.852
2015-03-07 07:45:00,221.0,396.289
2015-03-07 08:00:00,263.5,469.043
2015-03-07 08:15:00,300.0,538.281
2015-03-07 08:30:00,336.0,609.766
2015-03-07 08:45:00,369.0,678.223
2015-03-07 09:00:00,400.5,740.625
2015-03-07 09:15:00,422.5,796.777
2015-03-07 09:30:00,444.0,851.758
2015-03-07 09:45:00,461.5,900.977
2015-03-07 10:00:00,475.0,945.117
2015-03-07 10:15:00,490.5,981.641
2015-03-07 10:30:00,503.5,1018.945
2015-03-07 10:45:00,511.0,1047.656
2015-03-07 11:00:00,520.0,1074.121
2015-03-07 11:15:00,524.5,1092.773
2015-03-07 11:30:00,520.0,1106.445
2015-03-07 11:45:00,524.5,1113.281
2015-03-07 12:00:00,521.5,1114.648
2015-03-07 12:15:00,519.0,1111.035
2015-03-07 12:30:00,515.5,1104.297
2015-03-07 12:45:00,509.5,1087.598
2015-03-07 13:00:00,502.0,1065.82
2015-03-07 13:15:00,488.5,1039.355
2015-03-07 13:30:00,476.5,1007.52
2015-03-07 13:45:00,466.0,971.582
2015-03-07 14:00:00,444.5,932.324
2015-03-07 14:15:00,427.0,885.84
2015-03-07 14:30:00,401.5,837.402
2015-03-07 14:45:00,376.0,782.52
2015-03-07 15:00:00,349.0,724.219
2015-03-07 15:15:00,313.5,663.281
2015-03-07 15:30:00,280.5,598.242
2015-03-07 15:45:00,245.5,531.836
2015-03-07 16:00:00,207.5,461.035
2015-03-07 16:15:00,162.5,389.258
2015-03-07 16:30:00,118.0,316.895
2015-03-07 16:45:00,74.0,244.336
2015-03-07 17:00:00,43.0,173.633
2015-03-07 17:15:00,20.5,90.527
2015-03-07 17:30:00,6.5,18.164
2015-03-07 17:45:00,1.0,7.324
2015-03-07 18:00:00,0.0,1.563
2015-03-07 18:15:00,-1.0,0.293
2015-03-07 18:30:00,0.0,0.293
2015-03-07 18:45:00,0.0,0.195
2015-03-07 19:00:00,0.0,0.098
2015-03-07 19:15:00,0.0,0.195
2015-03-07 19:30:00,-1.0,0.195
2015-03-07 19:45:00,0.0,0.098
2015-03-07 20:00:00,0.0,0.098
2015-03-07 20:15:00,0.0,0.0
2015-03-07 20:30:00,0.0,0.0
2015-03-07 20:45:00,0.0,0.0
2015-03-07 21:00:00,0.0,0.0
2015-03-07 21:15:00,0.0,0.098
2015-03-07 21:30:00,-1.0,0.0
2015-03-07 21:45:00,0.0,0.0
2015-03-07 22:00:00,0.0,0.0
2015-03-07 22:15:00,0.0,0.0
2015-03-07 22:30:00,0.0,0.098
2015-03-07 22:45:00,-1.0,0.098
2015-03-07 23:00:00,-1.0,0.195
2015-03-07 23:15:00,-1.0,0.195
2015-03-07 23:30:00,-1.0,0.195
2015-03-07 23:45:00,-1.0,0.195
2015-03-08 00:00:00,-1.0,0.098
2015-03-08 00:15:00,0.0,0.195
2015-03-08 00:30:00,-1.0,0.098
2015-03-08 00:45:00,0.0,0.195
2015-03-08 01:00:00,-1.0,0.195
2015-03-08 01:15:00,-1.0,0.195
2015-03-08 01:30:00,-1.0,0.0
2015-03-08 01:45:00,0.0,0.195
2015-03-08 02:00:00,0.0,0.195
2015-03-08 02:15:00,-1.0,0.195
2015-03-08 02:30:00,0.0,0.098
2015-03-08 02:45:00,0.0,0.195
2015-03-08 03:00:00,-1.0,0.293
2015-03-08 03:15:00,0.0,0.293
2015-03-08 03:30:00,0.0,0.195
2015-03-08 03:45:00,0.0,0.293
2015-03-08 04:00:00,0.0,0.293
2015-03-08 04:15:00,-1.0,0.293
2015-03-08 04:30:00,-1.0,0.293
2015-03-08 04:45:00,-1.0,0.293
2015-03-08 05:00:00,-1.0,0.293
2015-03-08 05:15:00,-1.0,0.195
2015-03-08 05:30:00,-1.0,0.195
2015-03-08 05:45:00,-1.0,0.391
2015-03-08 06:00:00,2.5,1.953
2015-03-08 06:15:00,8.0,8.887
2015-03-08 06:30:00,26.0,18.555
2015-03-08 06:45:00,57.0,28.809
2015-03-08 07:00:00,93.0,190.234
2015-03-08 07:15:00,137.0,260.938
2015-03-08 07:30:00,182.0,334.766
2015-03-08 07:45:00,224.5,410.352
2015-03-08 08:00:00,264.5,480.176
2015-03-08 08:15:00,303.5,546.777
2015-03-08 08:30:00,340.5,618.945
2015-03-08 08:45:00,370.5,685.352
2015-03-08 09:00:00,394.0,744.531
2015-03-08 09:15:00,419.5,800.098
2015-03-08 09:30:00,440.0,854.004
2015-03-08 09:45:00,459.0,902.539
2015-03-08 10:00:00,473.0,947.168
2015-03-08 10:15:00,487.0,986.621
2015-03-08 10:30:00,498.5,1020.508
2015-03-08 10:45:00,505.5,1050.488
2015-03-08 11:00:00,513.0,1073.828
2015-03-08 11:15:00,515.5,1092.383
2015-03-08 11:30:00,519.0,1105.566
2015-03-08 11:45:00,519.0,1112.695
2015-03-08 12:00:00,517.0,1113.77
2015-03-08 12:15:00,513.5,1106.25
2015-03-08 12:30:00,508.0,1097.852
2015-03-08 12:45:00,504.0,1082.031
2015-03-08 13:00:00,492.5,1063.574
2015-03-08 13:15:00,481.5,1035.645
2015-03-08 13:30:00,467.5,1002.148
2015-03-08 13:45:00,450.5,966.797
2015-03-08 14:00:00,435.0,925.781
2015-03-08 14:15:00,415.5,876.563
2015-03-08 14:30:00,394.0,828.613
2015-03-08 14:45:00,366.5,774.902
2015-03-08 15:00:00,340.5,718.457
2015-03-08 15:15:00,309.0,657.031
2015-03-08 15:30:00,276.0,586.816
2015-03-08 15:45:00,217.0,502.246
2015-03-08 16:00:00,201.5,446.973
2015-03-08 16:15:00,159.0,379.395
2015-03-08 16:30:00,78.5,274.609
2015-03-08 16:45:00,58.5,141.211
2015-03-08 17:00:00,22.5,119.824
2015-03-08 17:15:00,13.5,51.855
2015-03-08 17:30:00,6.0,18.555
2015-03-08 17:45:00,0.5,7.129
2015-03-08 18:00:00,0.0,1.758
2015-03-08 18:15:00,-1.0,0.098
2015-03-08 18:30:00,0.0,0.195
2015-03-08 18:45:00,0.0,0.098
2015-03-08 19:00:00,0.0,0.098
2015-03-08 19:15:00,0.0,0.098
2015-03-08 19:30:00,0.0,0.098
2015-03-08 19:45:00,0.0,0.098
2015-03-08 20:00:00,-1.0,0.0
2015-03-08 20:15:00,0.0,0.0
2015-03-08 20:30:00,0.0,0.0
2015-03-08 20:45:00,0.0,0.0
2015-03-08 21:00:00,0.0,0.0
2015-03-08 21:15:00,0.0,0.0
2015-03-08 21:30:00,0.0,0.0
2015-03-08 21:45:00,0.0,0.0
2015-03-08 22:00:00,0.0,0.0
2015-03-08 22:15:00,0.0,0.0
2015-03-08 22:30:00,-1.0,0.0
2015-03-08 22:45:00,-1.0,0.0
2015-03-08 23:00:00,-1.0,0.0
2015-03-08 23:15:00,-1.0,0.0
2015-03-08 23:30:00,-1.0,0.0
2015-03-08 23:45:00,-1.0,0.0
2015-03-09 00:00:00,-1.0,0.0
2015-03-09 00:15:00,-1.0,0.0
2015-03-09 00:30:00,-1.0,0.0
2015-03-09 00:45:00,-1.0,0.098
2015-03-09 01:00:00,-1.0,0.098
2015-03-09 01:15:00,-1.0,0.098
2015-03-09 01:30:00,-1.0,0.098
2015-03-09 01:45:00,-1.0,0.0
2015-03-09 02:00:00,-1.0,0.098
2015-03-09 02:15:00,-1.0,0.0
2015-03-09 02:30:00,-1.0,0.098
2015-03-09 02:45:00,0.0,0.0
2015-03-09 03:00:00,-1.0,0.0
2015-03-09 03:15:00,-1.0,0.098
2015-03-09 03:30:00,-1.0,0.098
2015-03-09 03:45:00,-1.0,0.098
2015-03-09 04:00:00,0.0,0.0
2015-03-09 04:15:00,-1.0,0.098
2015-03-09 04:30:00,-1.0,0.098
2015-03-09 04:45:00,-1.0,0.0
2015-03-09 05:00:00,-1.0,0.098
2015-03-09 05:15:00,-1.0,0.0
2015-03-09 05:30:00,-1.0,0.098
2015-03-09 05:45:00,-1.0,0.293
2015-03-09 06:00:00,2.5,2.148
2015-03-09 06:15:00,9.0,10.547
2015-03-09 06:30:00,27.5,21.191
2015-03-09 06:45:00,55.0,39.453
2015-03-09 07:00:00,91.5,191.211
2015-03-09 07:15:00,137.0,263.086
2015-03-09 07:30:00,180.5,335.938
2015-03-09 07:45:00,222.5,406.738
2015-03-09 08:00:00,265.0,476.758
2015-03-09 08:15:00,302.0,549.707
2015-03-09 08:30:00,336.0,619.336
2015-03-09 08:45:00,369.5,686.621
2015-03-09 09:00:00,398.0,748.828
2015-03-09 09:15:00,422.5,804.98
2015-03-09 09:30:00,446.0,859.473
2015-03-09 09:45:00,462.0,909.473
2015-03-09 10:00:00,477.0,952.93
2015-03-09 10:15:00,486.0,991.406
2015-03-09 10:30:00,499.5,1025.781
2015-03-09 10:45:00,508.5,1055.859
2015-03-09 11:00:00,513.5,1080.273
2015-03-09 11:15:00,516.0,1099.023
2015-03-09 11:30:00,520.0,1112.891
2015-03-09 11:45:00,519.0,1122.559
2015-03-09 12:00:00,519.0,1122.266
2015-03-09 12:15:00,515.5,1115.918
2015-03-09 12:30:00,505.5,1104.785
2015-03-09 12:45:00,502.5,1086.426
2015-03-09 13:00:00,497.5,1069.824
2015-03-09 13:15:00,497.5,1041.895
2015-03-09 13:30:00,483.0,1012.5
2015-03-09 13:45:00,460.0,975.391
2015-03-09 14:00:00,442.0,933.594
2015-03-09 14:15:00,423.5,888.184
2015-03-09 14:30:00,400.5,838.867
2015-03-09 14:45:00,376.0,782.715
2015-03-09 15:00:00,346.5,726.465
2015-03-09 15:15:00,316.5,664.453
2015-03-09 15:30:00,283.5,598.145
2015-03-09 15:45:00,245.5,532.91
2015-03-09 16:00:00,206.5,463.574
2015-03-09 16:15:00,165.0,393.066
2015-03-09 16:30:00,123.5,325.0
2015-03-09 16:45:00,76.5,253.516
2015-03-09 17:00:00,45.5,183.301
2015-03-09 17:15:00,21.5,111.133
2015-03-09 17:30:00,6.0,22.266
2015-03-09 17:45:00,2.0,8.398
2015-03-09 18:00:00,-1.0,1.953
2015-03-09 18:15:00,-1.0,0.195
2015-03-09 18:30:00,0.0,0.098
2015-03-09 18:45:00,0.0,0.098
2015-03-09 19:00:00,0.0,0.0
2015-03-09 19:15:00,0.0,0.195
2015-03-09 19:30:00,0.0,0.098
2015-03-09 19:45:00,0.0,0.195
2015-03-09 20:00:00,0.0,0.098
2015-03-09 20:15:00,0.0,0.0
2015-03-09 20:30:00,0.0,0.0
2015-03-09 20:45:00,0.0,0.098
2015-03-09 21:00:00,-1.0,0.0
2015-03-09 21:15:00,0.0,0.0
2015-03-09 21:30:00,-1.0,0.0
2015-03-09 21:45:00,0.0,0.0
2015-03-09 22:00:00,0.0,0.0
2015-03-09 22:15:00,-1.0,0.0
2015-03-09 22:30:00,-1.0,0.098
2015-03-09 22:45:00,0.0,0.0
2015-03-09 23:00:00,-1.0,0.195
2015-03-09 23:15:00,-1.0,0.195
2015-03-09 23:30:00,-1.0,0.195
2015-03-09 23:45:00,0.0,0.195
2015-03-10 00:00:00,-1.0,0.0
2015-03-10 00:15:00,-1.0,0.195
2015-03-10 00:30:00,-1.0,0.098
2015-03-10 00:45:00,-1.0,0.098
2015-03-10 01:00:00,-1.0,0.195
2015-03-10 01:15:00,-1.0,0.195
2015-03-10 01:30:00,-1.0,0.195
2015-03-10 01:45:00,-1.0,0.195
2015-03-10 02:00:00,-1.0,0.293
2015-03-10 02:15:00,-1.0,0.195
2015-03-10 02:30:00,-1.0,0.098
2015-03-10 02:45:00,-1.0,0.293
2015-03-10 03:00:00,-1.0,0.293
2015-03-10 03:15:00,-1.0,0.391
2015-03-10 03:30:00,-1.0,0.391
2015-03-10 03:45:00,-1.0,0.293
2015-03-10 04:00:00,-1.0,0.293
2015-03-10 04:15:00,-1.0,0.293
2015-03-10 04:30:00,-1.0,0.0
2015-03-10 04:45:00,0.0,0.293
2015-03-10 05:00:00,0.0,0.391
2015-03-10 05:15:00,0.0,0.293
2015-03-10 05:30:00,-1.0,0.293
2015-03-10 05:45:00,-1.0,0.488
2015-03-10 06:00:00,3.0,2.93
2015-03-10 06:15:00,9.0,10.254
2015-03-10 06:30:00,28.0,17.871
2015-03-10 06:45:00,62.0,50.195
2015-03-10 07:00:00,98.5,211.23
2015-03-10 07:15:00,145.5,282.715
2015-03-10 07:30:00,191.5,358.594
2015-03-10 07:45:00,234.0,429.199
2015-03-10 08:00:00,274.5,494.824
2015-03-10 08:15:00,311.5,575.684
2015-03-10 08:30:00,346.5,641.699
2015-03-10 08:45:00,376.5,710.352
2015-03-10 09:00:00,402.0,768.75
2015-03-10 09:15:00,427.5,824.023
2015-03-10 09:30:00,448.0,878.613
2015-03-10 09:45:00,467.0,928.125
2015-03-10 10:00:00,481.5,974.316
2015-03-10 10:15:00,500.5,1014.063
2015-03-10 10:30:00,512.0,1047.363
2015-03-10 10:45:00,521.0,1076.758
2015-03-10 11:00:00,527.5,1100.781
2015-03-10 11:15:00,527.5,1116.504
2015-03-10 11:30:00,527.0,1132.031
2015-03-10 11:45:00,525.0,1136.426
2015-03-10 12:00:00,525.0,1137.891
2015-03-10 12:15:00,523.0,1135.449
2015-03-10 12:30:00,515.5,1125.781
2015-03-10 12:45:00,511.0,1111.719
2015-03-10 13:00:00,503.5,1092.871
2015-03-10 13:15:00,492.5,1068.457
2015-03-10 13:30:00,481.0,1006.25
2015-03-10 13:45:00,460.0,996.973
2015-03-10 14:00:00,448.5,955.469
2015-03-10 14:15:00,438.5,916.797
2015-03-10 14:30:00,325.0,831.25
2015-03-10 14:45:00,382.0,658.203
2015-03-10 15:00:00,392.0,650.977
2015-03-10 15:15:00,281.0,663.184
2015-03-10 15:30:00,193.0,510.059
2015-03-10 15:45:00,218.5,430.664
2015-03-10 16:00:00,108.0,269.531
2015-03-10 16:15:00,108.5,171.973
2015-03-10 16:30:00,95.0,204.492
2015-03-10 16:45:00,47.0,136.035
2015-03-10 17:00:00,25.5,61.133
2015-03-10 17:15:00,16.0,38.672
2015-03-10 17:30:00,6.5,23.926
2015-03-10 17:45:00,1.0,6.543
2015-03-10 18:00:00,0.5,0.977
2015-03-10 18:15:00,-1.0,0.195
2015-03-10 18:30:00,-1.0,0.098
2015-03-10 18:45:00,0.0,0.098
2015-03-10 19:00:00,0.0,0.0
2015-03-10 19:15:00,-1.0,0.195
2015-03-10 19:30:00,-1.0,0.293
2015-03-10 19:45:00,0.0,0.195
2015-03-10 20:00:00,0.0,0.0
2015-03-10 20:15:00,0.0,0.098
2015-03-10 20:30:00,-1.0,0.098
2015-03-10 20:45:00,-1.0,0.098
2015-03-10 21:00:00,0.0,0.195
2015-03-10 21:15:00,-1.0,0.098
2015-03-10 21:30:00,-1.0,0.0
2015-03-10 21:45:00,0.0,0.0
2015-03-10 22:00:00,-1.0,0.098
2015-03-10 22:15:00,-1.0,0.098
2015-03-10 22:30:00,-1.0,0.0
2015-03-10 22:45:00,-1.0,0.0
2015-03-10 23:00:00,0.0,0.0
2015-03-10 23:15:00,-1.0,0.0
2015-03-10 23:30:00,-1.0,0.0
2015-03-10 23:45:00,-1.0,0.0
2015-03-11 00:00:00,0.0,0.0
2015-03-11 00:15:00,0.0,0.0
2015-03-11 00:30:00,0.0,0.0
2015-03-11 00:45:00,-1.0,0.0
2015-03-11 01:00:00,-1.0,0.0
2015-03-11 01:15:00,-1.0,0.0
2015-03-11 01:30:00,-1.0,0.0
2015-03-11 01:45:00,0.0,0.0
2015-03-11 02:00:00,-1.0,0.0
2015-03-11 02:15:00,-1.0,0.098
2015-03-11 02:30:00,-1.0,0.098
2015-03-11 02:45:00,-1.0,0.098
2015-03-11 03:00:00,0.0,0.0
2015-03-11 03:15:00,-1.0,0.098
2015-03-11 03:30:00,-1.0,0.195
2015-03-11 03:45:00,0.0,0.098
2015-03-11 04:00:00,0.0,0.098
2015-03-11 04:15:00,-1.0,0.098
2015-03-11 04:30:00,-1.0,0.098
2015-03-11 04:45:00,-1.0,0.098
2015-03-11 05:00:00,-1.0,0.098
2015-03-11 05:15:00,-1.0,0.0
2015-03-11 05:30:00,-1.0,0.0
2015-03-11 05:45:00,-1.0,0.098
2015-03-11 06:00:00,0.5,0.781
2015-03-11 06:15:00,-1.0,3.809
2015-03-11 06:30:00,13.5,13.086
2015-03-11 06:45:00,16.5,34.18
2015-03-11 07:00:00,29.0,37.305
2015-03-11 07:15:00,39.5,62.012
2015-03-11 07:30:00,66.0,81.543
2015-03-11 07:45:00,68.5,151.172
2015-03-11 08:00:00,89.5,117.969
2015-03-11 08:15:00,60.5,144.434
2015-03-11 08:30:00,124.0,167.871
2015-03-11 08:45:00,186.5,324.902
2015-03-11 09:00:00,138.0,289.551
2015-03-11 09:15:00,280.0,432.715
2015-03-11 09:30:00,232.5,453.516
2015-03-11 09:45:00,252.0,414.551
2015-03-11 10:00:00,201.0,399.121
2015-03-11 10:15:00,126.0,277.832
2015-03-11 10:30:00,258.5,297.461
2015-03-11 10:45:00,260.5,486.23
2015-03-11 11:00:00,313.0,573.047
2015-03-11 11:15:00,231.5,512.305
2015-03-11 11:30:00,166.5,318.066
2015-03-11 11:45:00,186.0,295.02
2015-03-11 12:00:00,159.0,301.563
2015-03-11 12:15:00,174.0,318.75
2015-03-11 12:30:00,97.5,214.453
2015-03-11 12:45:00,101.5,155.371
2015-03-11 13:00:00,120.5,183.496
2015-03-11 13:15:00,127.5,206.934
2015-03-11 13:30:00,149.0,254.59
2015-03-11 13:45:00,152.5,248.242
2015-03-11 14:00:00,162.0,280.371
2015-03-11 14:15:00,155.0,325.098
2015-03-11 14:30:00,115.0,211.816
2015-03-11 14:45:00,88.0,167.969
2015-03-11 15:00:00,75.5,138.574
2015-03-11 15:15:00,110.0,166.992
2015-03-11 15:30:00,77.5,185.352
2015-03-11 15:45:00,73.5,140.234
2015-03-11 16:00:00,81.5,115.82
2015-03-11 16:15:00,29.0,89.746
2015-03-11 16:30:00,22.0,45.801
2015-03-11 16:45:00,12.5,37.012
2015-03-11 17:00:00,11.0,15.527
2015-03-11 17:15:00,4.0,12.988
2015-03-11 17:30:00,-1.0,0.0
2015-03-11 17:45:00,0.5,1.563
2015-03-11 18:00:00,-1.0,0.586
2015-03-11 18:15:00,-1.0,0.293
2015-03-11 18:30:00,0.0,0.195
2015-03-11 18:45:00,-1.0,0.195
2015-03-11 19:00:00,0.0,0.293
2015-03-11 19:15:00,0.0,0.293
2015-03-11 19:30:00,-1.0,0.293
2015-03-11 19:45:00,-1.0,0.293
2015-03-11 20:00:00,-1.0,0.293
2015-03-11 20:15:00,0.0,0.195
2015-03-11 20:30:00,-1.0,0.0
2015-03-11 20:45:00,0.0,0.293
2015-03-11 21:00:00,-1.0,0.293
2015-03-11 21:15:00,-1.0,0.195
2015-03-11 21:30:00,-1.0,0.098
2015-03-11 21:45:00,-1.0,0.195
2015-03-11 22:00:00,-1.0,0.195
2015-03-11 22:15:00,-1.0,0.195
2015-03-11 22:30:00,-1.0,0.098
2015-03-11 22:45:00,-1.0,0.0
2015-03-11 23:00:00,-1.0,0.098
2015-03-11 23:15:00,-1.0,0.0
2015-03-11 23:30:00,-1.0,0.098
2015-03-11 23:45:00,-1.0,0.098
2015-03-12 00:00:00,-1.0,0.098
2015-03-12 00:15:00,-1.0,0.195
2015-03-12 00:30:00,-1.0,0.195
2015-03-12 00:45:00,-1.0,0.098
2015-03-12 01:00:00,-1.0,0.0
2015-03-12 01:15:00,-1.0,0.098
2015-03-12 01:30:00,-1.0,0.098
2015-03-12 01:45:00,-1.0,0.098
2015-03-12 02:00:00,-1.0,0.098
2015-03-12 02:15:00,-1.0,0.0
2015-03-12 02:30:00,-1.0,0.0
2015-03-12 02:45:00,-1.0,0.0
2015-03-12 03:00:00,0.0,0.0
2015-03-12 03:15:00,-1.0,0.0
2015-03-12 03:30:00,-1.0,0.0
2015-03-12 03:45:00,-1.0,0.0
2015-03-12 04:00:00,-1.0,0.0
2015-03-12 04:15:00,-1.0,0.0
2015-03-12 04:30:00,-1.0,0.0
2015-03-12 04:45:00,0.0,0.0
2015-03-12 05:00:00,-1.0,0.0
2015-03-12 05:15:00,-1.0,0.0
2015-03-12 05:30:00,-1.0,0.0
2015-03-12 05:45:00,-1.0,0.0
2015-03-12 06:00:00,3.0,2.148
2015-03-12 06:15:00,10.0,12.305
2015-03-12 06:30:00,31.5,21.68
2015-03-12 06:45:00,37.5,71.191
2015-03-12 07:00:00,99.5,182.227
2015-03-12 07:15:00,142.0,274.902
2015-03-12 07:30:00,186.0,349.316
2015-03-12 07:45:00,228.0,413.477
2015-03-12 08:00:00,270.5,478.809
2015-03-12 08:15:00,309.5,556.445
2015-03-12 08:30:00,345.5,619.531
2015-03-12 08:45:00,380.0,683.887
2015-03-12 09:00:00,409.5,741.016
2015-03-12 09:15:00,438.5,795.215
2015-03-12 09:30:00,459.5,850.684
2015-03-12 09:45:00,479.5,897.07
2015-03-12 10:00:00,491.0,938.281
2015-03-12 10:15:00,503.5,977.637
2015-03-12 10:30:00,517.5,1012.891
2015-03-12 10:45:00,527.0,1039.746
2015-03-12 11:00:00,547.0,1071.582
2015-03-12 11:15:00,569.5,1133.594
2015-03-12 11:30:00,189.5,1100.781
2015-03-12 11:45:00,607.5,1266.309
2015-03-12 12:00:00,200.0,1188.867
2015-03-12 12:15:00,132.5,566.406
2015-03-12 12:30:00,166.0,323.438
2015-03-12 12:45:00,303.0,649.902
2015-03-12 13:00:00,621.5,1129.395
2015-03-12 13:15:00,207.5,598.73
2015-03-12 13:30:00,222.0,592.188
2015-03-12 13:45:00,198.0,303.125
2015-03-12 14:00:00,153.0,357.227
2015-03-12 14:15:00,143.5,280.664
2015-03-12 14:30:00,143.0,628.027
2015-03-12 14:45:00,418.5,817.871
2015-03-12 15:00:00,385.0,804.395
2015-03-12 15:15:00,355.5,659.082
2015-03-12 15:30:00,152.5,545.41
2015-03-12 15:45:00,78.5,264.551
2015-03-12 16:00:00,218.5,436.816
2015-03-12 16:15:00,177.5,397.949
2015-03-12 16:30:00,36.0,299.121
2015-03-12 16:45:00,66.5,159.863
2015-03-12 17:00:00,26.0,48.926
2015-03-12 17:15:00,18.0,29.492
2015-03-12 17:30:00,8.0,24.707
2015-03-12 17:45:00,2.5,8.398
2015-03-12 18:00:00,0.0,2.344
2015-03-12 18:15:00,-1.0,0.293
2015-03-12 18:30:00,0.0,0.293
2015-03-12 18:45:00,0.0,0.391
2015-03-12 19:00:00,0.0,0.293
2015-03-12 19:15:00,0.0,0.195
2015-03-12 19:30:00,0.0,0.195
2015-03-12 19:45:00,-1.0,0.195
2015-03-12 20:00:00,0.0,0.195
2015-03-12 20:15:00,0.0,0.195
2015-03-12 20:30:00,0.0,0.0
2015-03-12 20:45:00,0.0,0.098
2015-03-12 21:00:00,0.0,0.098
2015-03-12 21:15:00,0.0,0.098
2015-03-12 21:30:00,0.0,0.098
2015-03-12 21:45:00,0.0,0.0
2015-03-12 22:00:00,-1.0,0.195
2015-03-12 22:15:00,0.0,0.293
2015-03-12 22:30:00,0.0,0.098
2015-03-12 22:45:00,0.0,0.098
2015-03-12 23:00:00,0.0,0.0
2015-03-12 23:15:00,0.0,0.0
2015-03-12 23:30:00,0.0,0.098
2015-03-12 23:45:00,-1.0,0.098
2015-03-13 00:00:00,0.0,0.195
2015-03-13 00:15:00,-1.0,0.195
2015-03-13 00:30:00,-1.0,0.195
2015-03-13 00:45:00,0.0,0.098
2015-03-13 01:00:00,-1.0,0.195
2015-03-13 01:15:00,-1.0,0.195
2015-03-13 01:30:00,-1.0,0.293
2015-03-13 01:45:00,-1.0,0.195
2015-03-13 02:00:00,-1.0,0.098
2015-03-13 02:15:00,0.0,0.098
2015-03-13 02:30:00,-1.0,0.098
2015-03-13 02:45:00,-1.0,0.0
2015-03-13 03:00:00,-1.0,0.0
2015-03-13 03:15:00,-1.0,0.098
2015-03-13 03:30:00,0.0,0.098
2015-03-13 03:45:00,0.0,0.0
2015-03-13 04:00:00,0.0,0.0
2015-03-13 04:15:00,-1.0,0.0
2015-03-13 04:30:00,-1.0,0.0
2015-03-13 04:45:00,-1.0,0.0
2015-03-13 05:00:00,-1.0,0.0
2015-03-13 05:15:00,-1.0,0.0
2015-03-13 05:30:00,-1.0,0.0
2015-03-13 05:45:00,-1.0,0.391
2015-03-13 06:00:00,-1.0,3.906
2015-03-13 06:15:00,12.0,10.547
2015-03-13 06:30:00,33.5,15.82
2015-03-13 06:45:00,68.0,89.941
2015-03-13 07:00:00,92.0,220.703
2015-03-13 07:15:00,123.5,293.066
2015-03-13 07:30:00,193.5,368.652
2015-03-13 07:45:00,234.5,429.004
2015-03-13 08:00:00,275.0,504.59
2015-03-13 08:15:00,315.0,579.004
2015-03-13 08:30:00,346.5,641.992
2015-03-13 08:45:00,379.0,707.227
2015-03-13 09:00:00,407.5,765.82
2015-03-13 09:15:00,432.5,820.996
2015-03-13 09:30:00,450.0,875.195
2015-03-13 09:45:00,463.5,922.656
2015-03-13 10:00:00,482.5,963.77
2015-03-13 10:15:00,488.5,1001.66
2015-03-13 10:30:00,506.5,1036.426
2015-03-13 10:45:00,509.5,1064.551
2015-03-13 11:00:00,533.5,1085.156
2015-03-13 11:15:00,549.0,1099.805
2015-03-13 11:30:00,552.5,1113.574
2015-03-13 11:45:00,550.0,1121.191
2015-03-13 12:00:00,546.5,1123.242
2015-03-13 12:15:00,556.5,1006.836
2015-03-13 12:30:00,542.0,1114.453
2015-03-13 12:45:00,537.0,1100.195
2015-03-13 13:00:00,526.5,1082.52
2015-03-13 13:15:00,512.0,1053.125
2015-03-13 13:30:00,500.5,1020.898
2015-03-13 13:45:00,479.0,984.277
2015-03-13 14:00:00,461.0,941.211
2015-03-13 14:15:00,440.0,894.629
2015-03-13 14:30:00,419.0,849.121
2015-03-13 14:45:00,393.5,795.605
2015-03-13 15:00:00,367.0,739.355
2015-03-13 15:15:00,332.0,675.195
2015-03-13 15:30:00,297.0,612.988
2015-03-13 15:45:00,259.0,547.168
2015-03-13 16:00:00,220.5,479.199
2015-03-13 16:15:00,178.0,408.887
2015-03-13 16:30:00,133.5,338.379
2015-03-13 16:45:00,85.5,268.066
2015-03-13 17:00:00,51.0,200.0
2015-03-13 17:15:00,25.5,133.887
2015-03-13 17:30:00,8.5,37.402
2015-03-13 17:45:00,2.5,8.594
2015-03-13 18:00:00,-1.0,2.441
2015-03-13 18:15:00,-1.0,0.488
2015-03-13 18:30:00,-1.0,0.391
2015-03-13 18:45:00,0.0,0.293
2015-03-13 19:00:00,-1.0,0.391
2015-03-13 19:15:00,0.0,0.195
2015-03-13 19:30:00,-1.0,0.195
2015-03-13 19:45:00,-1.0,0.195
2015-03-13 20:00:00,-1.0,0.195
2015-03-13 20:15:00,-1.0,0.0
2015-03-13 20:30:00,0.0,0.0
2015-03-13 20:45:00,-1.0,0.098
2015-03-13 21:00:00,0.0,0.098
2015-03-13 21:15:00,0.0,0.098
2015-03-13 21:30:00,-1.0,0.195
2015-03-13 21:45:00,0.0,0.098
2015-03-13 22:00:00,-1.0,0.098
2015-03-13 22:15:00,0.0,0.098
2015-03-13 22:30:00,0.0,0.098
2015-03-13 22:45:00,-1.0,0.098
2015-03-13 23:00:00,0.0,0.098
2015-03-13 23:15:00,0.0,0.098
2015-03-13 23:30:00,0.0,0.0
2015-03-13 23:45:00,0.0,0.0
2015-03-14 00:00:00,0.0,0.0
2015-03-14 00:15:00,-1.0,0.0
2015-03-14 00:30:00,-1.0,0.0
2015-03-14 00:45:00,-1.0,0.0
2015-03-14 01:00:00,0.0,0.0
2015-03-14 01:15:00,0.0,0.0
2015-03-14 01:30:00,-1.0,0.0
2015-03-14 01:45:00,-1.0,0.0
2015-03-14 02:00:00,0.0,0.0
2015-03-14 02:15:00,-1.0,0.0
2015-03-14 02:30:00,-1.0,0.0
2015-03-14 02:45:00,0.0,0.0
2015-03-14 03:00:00,-1.0,0.0
2015-03-14 03:15:00,-1.0,0.098
2015-03-14 03:30:00,-1.0,0.0
2015-03-14 03:45:00,-1.0,0.098
2015-03-14 04:00:00,-1.0,0.293
2015-03-14 04:15:00,-1.0,0.293
2015-03-14 04:30:00,-1.0,0.195
2015-03-14 04:45:00,-1.0,0.195
2015-03-14 05:00:00,-1.0,0.293
2015-03-14 05:15:00,-1.0,0.293
2015-03-14 05:30:00,-1.0,0.391
2015-03-14 05:45:00,1.0,0.879
2015-03-14 06:00:00,-1.0,5.176
2015-03-14 06:15:00,13.5,11.816
2015-03-14 06:30:00,37.5,17.285
2015-03-14 06:45:00,71.5,105.371
2015-03-14 07:00:00,111.0,226.953
2015-03-14 07:15:00,155.5,298.535
2015-03-14 07:30:00,199.5,371.387
2015-03-14 07:45:00,238.5,432.813
2015-03-14 08:00:00,279.0,509.375
2015-03-14 08:15:00,315.0,581.934
2015-03-14 08:30:00,346.0,645.996
2015-03-14 08:45:00,372.5,708.496
2015-03-14 09:00:00,395.5,767.48
2015-03-14 09:15:00,418.5,824.609
2015-03-14 09:30:00,436.5,877.051
2015-03-14 09:45:00,453.5,918.555
2015-03-14 10:00:00,471.0,963.379
2015-03-14 10:15:00,481.0,1002.148
2015-03-14 10:30:00,494.0,1033.105
2015-03-14 10:45:00,505.5,1066.211
2015-03-14 11:00:00,522.0,1094.336
2015-03-14 11:15:00,527.5,1042.285
2015-03-14 11:30:00,527.0,1131.445
2015-03-14 11:45:00,519.5,1096.094
2015-03-14 12:00:00,518.0,1125.195
2015-03-14 12:15:00,521.0,1127.832
2015-03-14 12:30:00,515.0,1119.141
2015-03-14 12:45:00,501.5,1047.168
2015-03-14 13:00:00,529.0,1103.906
2015-03-14 13:15:00,469.0,1057.813
2015-03-14 13:30:00,555.5,787.305
2015-03-14 13:45:00,502.0,1022.461
2015-03-14 14:00:00,442.0,968.262
2015-03-14 14:15:00,441.0,934.863
2015-03-14 14:30:00,234.0,668.066
2015-03-14 14:45:00,357.0,474.316
2015-03-14 15:00:00,346.5,366.797
2015-03-14 15:15:00,278.5,640.527
2015-03-14 15:30:00,280.5,444.043
2015-03-14 15:45:00,281.0,539.453
2015-03-14 16:00:00,218.0,524.902
2015-03-14 16:15:00,111.0,387.793
2015-03-14 16:30:00,35.5,177.246
2015-03-14 16:45:00,95.0,90.82
2015-03-14 17:00:00,30.0,166.016
2015-03-14 17:15:00,24.5,66.504
2015-03-14 17:30:00,13.5,38.281
2015-03-14 17:45:00,2.5,13.184
2015-03-14 18:00:00,-1.0,2.637
2015-03-14 18:15:00,0.0,0.293
2015-03-14 18:30:00,-1.0,0.293
2015-03-14 18:45:00,0.0,0.195
2015-03-14 19:00:00,-1.0,0.293
2015-03-14 19:15:00,0.0,0.195
2015-03-14 19:30:00,-1.0,0.195
2015-03-14 19:45:00,-1.0,0.195
2015-03-14 20:00:00,0.0,0.195
2015-03-14 20:15:00,0.0,0.195
2015-03-14 20:30:00,0.0,0.195
2015-03-14 20:45:00,0.0,0.195
2015-03-14 21:00:00,-1.0,0.195
2015-03-14 21:15:00,0.0,0.195
2015-03-14 21:30:00,0.0,0.098
2015-03-14 21:45:00,0.0,0.098
2015-03-14 22:00:00,-1.0,0.098
2015-03-14 22:15:00,-1.0,0.195
2015-03-14 22:30:00,-1.0,0.098
2015-03-14 22:45:00,-1.0,0.098
2015-03-14 23:00:00,-1.0,0.0
2015-03-14 23:15:00,0.0,0.098
2015-03-14 23:30:00,-1.0,0.098
2015-03-14 23:45:00,0.0,0.0
2015-03-15 00:00:00,0.0,0.0
2015-03-15 00:15:00,-1.0,0.0
2015-03-15 00:30:00,0.0,0.0
2015-03-15 00:45:00,-1.0,0.0
2015-03-15 01:00:00,-1.0,0.098
2015-03-15 01:15:00,0.0,0.0
2015-03-15 01:30:00,0.0,0.0
2015-03-15 01:45:00,0.0,0.0
2015-03-15 02:00:00,-1.0,0.0
2015-03-15 02:15:00,-1.0,0.098
2015-03-15 02:30:00,-1.0,0.098
2015-03-15 02:45:00,-1.0,0.0
2015-03-15 03:00:00,-1.0,0.0
2015-03-15 03:15:00,0.0,0.0
2015-03-15 03:30:00,0.0,0.098
2015-03-15 03:45:00,-1.0,0.098
2015-03-15 04:00:00,-1.0,0.098
2015-03-15 04:15:00,-1.0,0.195
2015-03-15 04:30:00,-1.0,0.195
2015-03-15 04:45:00,-1.0,0.195
2015-03-15 05:00:00,-1.0,0.098
2015-03-15 05:15:00,-1.0,0.195
2015-03-15 05:30:00,-1.0,0.293
2015-03-15 05:45:00,2.5,1.953
2015-03-15 06:00:00,-1.0,6.25
2015-03-15 06:15:00,26.0,21.68
2015-03-15 06:30:00,37.5,36.816
2015-03-15 06:45:00,86.0,134.668
2015-03-15 07:00:00,126.5,220.801
2015-03-15 07:15:00,147.0,310.352
2015-03-15 07:30:00,211.0,358.301
2015-03-15 07:45:00,226.5,412.891
2015-03-15 08:00:00,240.0,456.836
2015-03-15 08:15:00,293.5,499.316
2015-03-15 08:30:00,335.0,590.527
2015-03-15 08:45:00,369.0,667.969
2015-03-15 09:00:00,361.5,719.922
2015-03-15 09:15:00,362.5,733.398
2015-03-15 09:30:00,465.0,846.387
2015-03-15 09:45:00,492.0,914.355
2015-03-15 10:00:00,427.5,916.309
2015-03-15 10:15:00,457.5,886.328
2015-03-15 10:30:00,460.0,929.395
2015-03-15 10:45:00,468.0,990.625
2015-03-15 11:00:00,554.5,1089.355
2015-03-15 11:15:00,346.0,991.699
2015-03-15 11:30:00,565.0,1116.113
2015-03-15 11:45:00,515.0,1138.77
2015-03-15 12:00:00,462.0,955.176
2015-03-15 12:15:00,505.5,1000.586
2015-03-15 12:30:00,523.5,1118.457
2015-03-15 12:45:00,515.5,1107.715
2015-03-15 13:00:00,487.0,1081.055
2015-03-15 13:15:00,492.0,996.973
2015-03-15 13:30:00,482.5,1037.402
2015-03-15 13:45:00,445.5,980.664
2015-03-15 14:00:00,425.5,911.328
2015-03-15 14:15:00,366.5,808.887
2015-03-15 14:30:00,334.0,752.344
2015-03-15 14:45:00,376.5,720.41
2015-03-15 15:00:00,299.5,595.41
2015-03-15 15:15:00,205.5,517.285
2015-03-15 15:30:00,261.5,388.281
2015-03-15 15:45:00,193.5,394.141
2015-03-15 16:00:00,122.0,332.422
2015-03-15 16:15:00,94.5,217.676
2015-03-15 16:30:00,62.0,127.441
2015-03-15 16:45:00,47.0,103.906
2015-03-15 17:00:00,49.5,133.398
2015-03-15 17:15:00,27.5,77.051
2015-03-15 17:30:00,14.0,43.652
2015-03-15 17:45:00,3.0,16.016
2015-03-15 18:00:00,-1.0,3.906
2015-03-15 18:15:00,-1.0,0.586
2015-03-15 18:30:00,0.0,0.195
2015-03-15 18:45:00,0.0,0.195
2015-03-15 19:00:00,-1.0,0.293
2015-03-15 19:15:00,-1.0,0.391
2015-03-15 19:30:00,-1.0,0.293
2015-03-15 19:45:00,-1.0,0.391
2015-03-15 20:00:00,-1.0,0.293
2015-03-15 20:15:00,0.0,0.293
2015-03-15 20:30:00,0.0,0.195
2015-03-15 20:45:00,-1.0,0.293
2015-03-15 21:00:00,-1.0,0.293
2015-03-15 21:15:00,-1.0,0.195
2015-03-15 21:30:00,0.0,0.195
2015-03-15 21:45:00,0.0,0.293
2015-03-15 22:00:00,-1.0,0.195
2015-03-15 22:15:00,-1.0,0.195
2015-03-15 22:30:00,-1.0,0.293
2015-03-15 22:45:00,0.0,0.195
2015-03-15 23:00:00,0.0,0.293
2015-03-15 23:15:00,-1.0,0.293
2015-03-15 23:30:00,-1.0,0.195
2015-03-15 23:45:00,-1.0,0.195
2015-03-16 00:00:00,0.0,0.0
2015-03-16 00:15:00,-1.0,0.195
2015-03-16 00:30:00,0.0,0.098
2015-03-16 00:45:00,0.0,0.098
2015-03-16 01:00:00,-1.0,0.098
2015-03-16 01:15:00,-1.0,0.0
2015-03-16 01:30:00,-1.0,0.0
2015-03-16 01:45:00,-1.0,0.0
2015-03-16 02:00:00,-1.0,0.0
2015-03-16 02:15:00,-1.0,0.0
2015-03-16 02:30:00,0.0,0.0
2015-03-16 02:45:00,-1.0,0.0
2015-03-16 03:00:00,-1.0,0.0
2015-03-16 03:15:00,-1.0,0.0
2015-03-16 03:30:00,-1.0,0.0
2015-03-16 03:45:00,0.0,0.0
2015-03-16 04:00:00,-1.0,0.0
2015-03-16 04:15:00,0.0,0.0
2015-03-16 04:30:00,-1.0,0.0
2015-03-16 04:45:00,-1.0,0.0
2015-03-16 05:00:00,0.0,0.098
2015-03-16 05:15:00,-1.0,0.098
2015-03-16 05:30:00,-1.0,0.098
2015-03-16 05:45:00,2.5,2.051
2015-03-16 06:00:00,-1.0,9.375
2015-03-16 06:15:00,21.5,20.605
2015-03-16 06:30:00,47.5,31.836
2015-03-16 06:45:00,92.0,153.418
2015-03-16 07:00:00,114.5,239.453
2015-03-16 07:15:00,171.0,325.293
2015-03-16 07:30:00,189.5,337.695
2015-03-16 07:45:00,155.0,367.285
2015-03-16 08:00:00,240.0,354.688
2015-03-16 08:15:00,297.5,484.863
2015-03-16 08:30:00,297.5,558.789
2015-03-16 08:45:00,399.5,711.914
2015-03-16 09:00:00,432.0,829.395
2015-03-16 09:15:00,396.0,783.594
2015-03-16 09:30:00,498.0,819.629
2015-03-16 09:45:00,455.5,1000.098
2015-03-16 10:00:00,403.0,901.563
2015-03-16 10:15:00,421.0,713.379
2015-03-16 10:30:00,475.0,975.684
2015-03-16 10:45:00,317.0,846.582
2015-03-16 11:00:00,487.0,884.668
2015-03-16 11:15:00,356.0,933.691
2015-03-16 11:30:00,517.5,658.496
2015-03-16 11:45:00,486.5,1048.145
2015-03-16 12:00:00,540.0,1012.402
2015-03-16 12:15:00,507.5,1167.285
2015-03-16 12:30:00,525.5,1123.73
2015-03-16 12:45:00,504.5,1116.699
2015-03-16 13:00:00,510.0,1084.863
2015-03-16 13:15:00,490.5,1072.949
2015-03-16 13:30:00,466.0,1026.563
2015-03-16 13:45:00,454.0,956.836
2015-03-16 14:00:00,405.5,890.039
2015-03-16 14:15:00,319.0,665.234
2015-03-16 14:30:00,421.0,696.094
2015-03-16 14:45:00,390.0,886.816
2015-03-16 15:00:00,267.0,726.465
2015-03-16 15:15:00,310.5,575.781
2015-03-16 15:30:00,227.0,600.781
2015-03-16 15:45:00,173.0,440.234
2015-03-16 16:00:00,187.5,447.07
2015-03-16 16:15:00,174.0,380.859
2015-03-16 16:30:00,143.5,349.023
2015-03-16 16:45:00,33.5,198.926
2015-03-16 17:00:00,18.0,52.637
2015-03-16 17:15:00,14.0,31.348
2015-03-16 17:30:00,9.0,23.242
2015-03-16 17:45:00,2.5,10.547
2015-03-16 18:00:00,0.0,2.148
2015-03-16 18:15:00,-1.0,0.391
2015-03-16 18:30:00,0.0,0.293
2015-03-16 18:45:00,-1.0,0.391
2015-03-16 19:00:00,-1.0,0.293
2015-03-16 19:15:00,-1.0,0.391
2015-03-16 19:30:00,-1.0,0.488
2015-03-16 19:45:00,0.0,0.391
2015-03-16 20:00:00,0.0,0.391
2015-03-16 20:15:00,0.0,0.195
2015-03-16 20:30:00,0.0,0.293
2015-03-16 20:45:00,-1.0,0.293
2015-03-16 21:00:00,0.0,0.293
2015-03-16 21:15:00,0.0,0.195
2015-03-16 21:30:00,0.0,0.195
2015-03-16 21:45:00,0.0,0.195
2015-03-16 22:00:00,-1.0,0.098
2015-03-16 22:15:00,0.0,0.195
2015-03-16 22:30:00,-1.0,0.195
2015-03-16 22:45:00,-1.0,0.195
2015-03-16 23:00:00,-1.0,0.195
2015-03-16 23:15:00,0.0,0.293
2015-03-16 23:30:00,-1.0,0.293
2015-03-16 23:45:00,-1.0,0.0
2015-03-17 00:00:00,-1.0,0.098
2015-03-17 00:15:00,-1.0,0.098
2015-03-17 00:30:00,-1.0,0.195
2015-03-17 00:45:00,0.0,0.195
2015-03-17 01:00:00,-1.0,0.195
2015-03-17 01:15:00,0.0,0.0
2015-03-17 01:30:00,-1.0,0.098
2015-03-17 01:45:00,-1.0,0.0
2015-03-17 02:00:00,-1.0,0.0
2015-03-17 02:15:00,-1.0,0.0
2015-03-17 02:30:00,-1.0,0.0
2015-03-17 02:45:00,-1.0,0.0
2015-03-17 03:00:00,-1.0,0.0
2015-03-17 03:15:00,-1.0,0.0
2015-03-17 03:30:00,-1.0,0.0
2015-03-17 03:45:00,-1.0,0.0
2015-03-17 04:00:00,0.0,0.0
2015-03-17 04:15:00,-1.0,0.0
2015-03-17 04:30:00,-1.0,0.0
2015-03-17 04:45:00,-1.0,0.0
2015-03-17 05:00:00,-1.0,0.0
2015-03-17 05:15:00,-1.0,0.0
2015-03-17 05:30:00,-1.0,0.098
2015-03-17 05:45:00,6.0,4.98
2015-03-17 06:00:00,6.0,8.008
2015-03-17 06:15:00,16.0,15.527
2015-03-17 06:30:00,28.0,34.277
2015-03-17 06:45:00,36.0,56.152
2015-03-17 07:00:00,35.5,72.656
2015-03-17 07:15:00,189.0,186.719
2015-03-17 07:30:00,166.0,326.465
2015-03-17 07:45:00,258.5,312.305
2015-03-17 08:00:00,325.0,563.672
2015-03-17 08:15:00,350.0,320.117
2015-03-17 08:30:00,202.5,577.637
2015-03-17 08:45:00,390.0,658.398
2015-03-17 09:00:00,213.0,757.227
2015-03-17 09:15:00,355.5,594.043
2015-03-17 09:30:00,511.0,909.473
2015-03-17 09:45:00,245.5,490.82
2015-03-17 10:00:00,277.0,499.902
2015-03-17 10:15:00,376.5,809.082
2015-03-17 10:30:00,551.5,843.652
2015-03-17 10:45:00,480.5,972.461
2015-03-17 11:00:00,355.5,987.5
2015-03-17 11:15:00,606.0,1096.289
2015-03-17 11:30:00,554.0,1190.723
2015-03-17 11:45:00,319.0,761.035
2015-03-17 12:00:00,357.0,782.227
2015-03-17 12:15:00,315.5,571.582
2015-03-17 12:30:00,421.0,641.406
2015-03-17 12:45:00,368.5,1048.438
2015-03-17 13:00:00,378.0,774.219
2015-03-17 13:15:00,320.5,963.086
2015-03-17 13:30:00,307.5,930.371
2015-03-17 13:45:00,361.5,969.238
2015-03-17 14:00:00,461.5,727.734
2015-03-17 14:15:00,413.5,778.027
2015-03-17 14:30:00,237.5,672.559
2015-03-17 14:45:00,359.5,501.367
2015-03-17 15:00:00,216.0,536.23
2015-03-17 15:15:00,207.5,394.434
2015-03-17 15:30:00,213.0,338.086
2015-03-17 15:45:00,162.0,400.0
2015-03-17 16:00:00,178.5,349.707
2015-03-17 16:15:00,132.5,285.449
2015-03-17 16:30:00,96.5,265.723
2015-03-17 16:45:00,60.0,139.16
2015-03-17 17:00:00,41.5,82.324
2015-03-17 17:15:00,24.0,60.84
2015-03-17 17:30:00,10.0,29.297
2015-03-17 17:45:00,2.0,9.082
2015-03-17 18:00:00,0.5,1.758
2015-03-17 18:15:00,-1.0,0.293
2015-03-17 18:30:00,-1.0,0.195
2015-03-17 18:45:00,-1.0,0.293
2015-03-17 19:00:00,-1.0,0.293
2015-03-17 19:15:00,-1.0,0.195
2015-03-17 19:30:00,0.0,0.293
2015-03-17 19:45:00,0.0,0.195
2015-03-17 20:00:00,-1.0,0.293
2015-03-17 20:15:00,-1.0,0.293
2015-03-17 20:30:00,0.0,0.391
2015-03-17 20:45:00,0.0,0.391
2015-03-17 21:00:00,-1.0,0.391
2015-03-17 21:15:00,-1.0,0.293
2015-03-17 21:30:00,0.0,0.391
2015-03-17 21:45:00,-1.0,0.293
2015-03-17 22:00:00,-1.0,0.293
2015-03-17 22:15:00,-1.0,0.293
2015-03-17 22:30:00,-1.0,0.293
2015-03-17 22:45:00,-1.0,0.293
2015-03-17 23:00:00,-1.0,0.195
2015-03-17 23:15:00,-1.0,0.0
2015-03-17 23:30:00,0.0,0.098
2015-03-17 23:45:00,0.0,0.098
2015-03-18 00:00:00,0.0,0.195
2015-03-18 00:15:00,-1.0,0.195
2015-03-18 00:30:00,0.0,0.293
2015-03-18 00:45:00,0.0,0.195
2015-03-18 01:00:00,-1.0,0.195
2015-03-18 01:15:00,-1.0,0.195
2015-03-18 01:30:00,-1.0,0.195
2015-03-18 01:45:00,-1.0,0.391
2015-03-18 02:00:00,0.0,0.293
2015-03-18 02:15:00,-1.0,0.293
2015-03-18 02:30:00,-1.0,0.293
2015-03-18 02:45:00,-1.0,0.293
2015-03-18 03:00:00,-1.0,0.293
2015-03-18 03:15:00,-1.0,0.293
2015-03-18 03:30:00,-1.0,0.293
2015-03-18 03:45:00,-1.0,0.195
2015-03-18 04:00:00,-1.0,0.293
2015-03-18 04:15:00,-1.0,0.293
2015-03-18 04:30:00,-1.0,0.293
2015-03-18 04:45:00,-1.0,0.195
2015-03-18 05:00:00,-1.0,0.391
2015-03-18 05:15:00,-1.0,0.293
2015-03-18 05:30:00,-1.0,0.391
2015-03-18 05:45:00,-1.0,0.684
2015-03-18 06:00:00,-1.0,2.832
2015-03-18 06:15:00,8.5,11.621
2015-03-18 06:30:00,15.5,22.949
2015-03-18 06:45:00,26.0,36.23
2015-03-18 07:00:00,42.5,57.715
2015-03-18 07:15:00,64.5,87.891
2015-03-18 07:30:00,86.0,133.984
2015-03-18 07:45:00,124.0,183.203
2015-03-18 08:00:00,166.0,258.105
2015-03-18 08:15:00,193.0,356.641
2015-03-18 08:30:00,201.5,342.285
2015-03-18 08:45:00,186.5,337.793
2015-03-18 09:00:00,178.5,318.457
2015-03-18 09:15:00,182.0,314.551
2015-03-18 09:30:00,195.0,343.652
2015-03-18 09:45:00,195.5,333.301
2015-03-18 10:00:00,184.5,331.055
2015-03-18 10:15:00,175.5,310.547
2015-03-18 10:30:00,223.0,329.785
2015-03-18 10:45:00,350.0,638.965
2015-03-18 11:00:00,302.0,504.297
2015-03-18 11:15:00,254.0,514.16
2015-03-18 11:30:00,247.5,450.684
2015-03-18 11:45:00,257.0,444.043
2015-03-18 12:00:00,255.0,511.035
2015-03-18 12:15:00,207.5,397.559
2015-03-18 12:30:00,234.5,384.766
2015-03-18 12:45:00,301.5,536.133
2015-03-18 13:00:00,440.5,667.285
2015-03-18 13:15:00,364.5,642.773
2015-03-18 13:30:00,372.5,828.418
2015-03-18 13:45:00,304.0,657.91
2015-03-18 14:00:00,275.0,550.684
2015-03-18 14:15:00,251.0,490.137
2015-03-18 14:30:00,220.0,436.23
2015-03-18 14:45:00,177.5,367.09
2015-03-18 15:00:00,186.5,328.906
2015-03-18 15:15:00,153.5,295.801
2015-03-18 15:30:00,127.5,256.25
2015-03-18 15:45:00,102.5,196.484
2015-03-18 16:00:00,95.5,182.129
2015-03-18 16:15:00,86.0,161.523
2015-03-18 16:30:00,72.0,139.258
2015-03-18 16:45:00,54.5,120.508
2015-03-18 17:00:00,31.0,75.781
2015-03-18 17:15:00,18.5,43.066
2015-03-18 17:30:00,11.0,30.859
2015-03-18 17:45:00,2.0,10.84
2015-03-18 18:00:00,0.5,1.855
2015-03-18 18:15:00,-1.0,0.391
2015-03-18 18:30:00,0.0,0.195
2015-03-18 18:45:00,0.0,0.293
2015-03-18 19:00:00,0.0,0.293
2015-03-18 19:15:00,0.0,0.293
2015-03-18 19:30:00,0.0,0.293
2015-03-18 19:45:00,-1.0,0.195
2015-03-18 20:00:00,0.0,0.293
2015-03-18 20:15:00,0.0,0.293
2015-03-18 20:30:00,-1.0,0.293
2015-03-18 20:45:00,0.0,0.293
2015-03-18 21:00:00,0.0,0.195
2015-03-18 21:15:00,-1.0,0.195
2015-03-18 21:30:00,-1.0,0.0
2015-03-18 21:45:00,-1.0,0.195
2015-03-18 22:00:00,0.0,0.195
2015-03-18 22:15:00,-1.0,0.195
2015-03-18 22:30:00,-1.0,0.098
2015-03-18 22:45:00,-1.0,0.098
2015-03-18 23:00:00,0.0,0.098
2015-03-18 23:15:00,-1.0,0.098
2015-03-18 23:30:00,-1.0,0.195
2015-03-18 23:45:00,0.0,0.098
2015-03-19 00:00:00,-1.0,0.098
2015-03-19 00:15:00,-1.0,0.098
2015-03-19 00:30:00,-1.0,0.098
2015-03-19 00:45:00,-1.0,0.098
2015-03-19 01:00:00,-1.0,0.098
2015-03-19 01:15:00,-1.0,0.0
2015-03-19 01:30:00,-1.0,0.195
2015-03-19 01:45:00,-1.0,0.195
2015-03-19 02:00:00,-1.0,0.195
2015-03-19 02:15:00,-1.0,0.098
2015-03-19 02:30:00,-1.0,0.195
2015-03-19 02:45:00,-1.0,0.195
2015-03-19 03:00:00,-1.0,0.195
2015-03-19 03:15:00,-1.0,0.195
2015-03-19 03:30:00,-1.0,0.098
2015-03-19 03:45:00,-1.0,0.098
2015-03-19 04:00:00,-1.0,0.098
2015-03-19 04:15:00,-1.0,0.098
2015-03-19 04:30:00,0.0,0.0
2015-03-19 04:45:00,-1.0,0.0
2015-03-19 05:00:00,-1.0,0.0
2015-03-19 05:15:00,-1.0,0.0
2015-03-19 05:30:00,-1.0,0.098
2015-03-19 05:45:00,2.0,0.977
2015-03-19 06:00:00,-1.0,9.57
2015-03-19 06:15:00,26.0,30.762
2015-03-19 06:30:00,35.5,57.715
2015-03-19 06:45:00,64.0,91.699
2015-03-19 07:00:00,85.5,128.613
2015-03-19 07:15:00,139.0,181.641
2015-03-19 07:30:00,210.5,311.816
2015-03-19 07:45:00,191.0,275.391
2015-03-19 08:00:00,153.5,288.574
2015-03-19 08:15:00,338.0,423.828
2015-03-19 08:30:00,394.5,644.727
2015-03-19 08:45:00,282.5,563.184
2015-03-19 09:00:00,384.5,655.957
2015-03-19 09:15:00,403.5,794.336
2015-03-19 09:30:00,460.0,858.691
2015-03-19 09:45:00,475.5,933.887
2015-03-19 10:00:00,492.0,968.555
2015-03-19 10:15:00,501.5,1016.797
2015-03-19 10:30:00,506.0,1049.316
2015-03-19 10:45:00,513.0,1076.953
2015-03-19 11:00:00,525.5,1098.242
2015-03-19 11:15:00,527.0,1119.727
2015-03-19 11:30:00,523.5,1135.742
2015-03-19 11:45:00,545.0,1137.109
2015-03-19 12:00:00,557.5,1138.867
2015-03-19 12:15:00,567.0,1137.109
2015-03-19 12:30:00,548.0,1130.664
2015-03-19 12:45:00,542.5,1115.625
2015-03-19 13:00:00,544.0,1092.188
2015-03-19 13:15:00,531.0,1068.555
2015-03-19 13:30:00,514.0,1039.258
2015-03-19 13:45:00,497.5,999.707
2015-03-19 14:00:00,482.5,962.891
2015-03-19 14:15:00,457.5,915.625
2015-03-19 14:30:00,434.5,866.797
2015-03-19 14:45:00,410.0,815.43
2015-03-19 15:00:00,377.0,758.398
2015-03-19 15:15:00,341.5,696.582
2015-03-19 15:30:00,307.0,632.129
2015-03-19 15:45:00,273.0,565.625
2015-03-19 16:00:00,230.5,496.582
2015-03-19 16:15:00,186.5,423.828
2015-03-19 16:30:00,146.0,354.102
2015-03-19 16:45:00,98.5,284.57
2015-03-19 17:00:00,58.5,216.309
2015-03-19 17:15:00,32.0,150.293
2015-03-19 17:30:00,14.0,65.332
2015-03-19 17:45:00,4.5,13.77
2015-03-19 18:00:00,-1.0,0.0
2015-03-19 18:15:00,-1.0,0.781
2015-03-19 18:30:00,-1.0,0.293
2015-03-19 18:45:00,-1.0,0.293
2015-03-19 19:00:00,-1.0,0.293
2015-03-19 19:15:00,0.0,0.195
2015-03-19 19:30:00,-1.0,0.293
2015-03-19 19:45:00,0.0,0.195
2015-03-19 20:00:00,0.0,0.195
2015-03-19 20:15:00,0.0,0.293
2015-03-19 20:30:00,0.0,0.293
2015-03-19 20:45:00,0.0,0.293
2015-03-19 21:00:00,-1.0,0.293
2015-03-19 21:15:00,0.0,0.195
2015-03-19 21:30:00,0.0,0.098
2015-03-19 21:45:00,-1.0,0.098
2015-03-19 22:00:00,-1.0,0.0
2015-03-19 22:15:00,0.0,0.0
2015-03-19 22:30:00,-1.0,0.0
2015-03-19 22:45:00,0.0,0.0
2015-03-19 23:00:00,-1.0,0.0
2015-03-19 23:15:00,-1.0,0.0
2015-03-19 23:30:00,-1.0,0.0
2015-03-19 23:45:00,0.0,0.0
2015-03-20 00:00:00,-1.0,0.098
2015-03-20 00:15:00,-1.0,0.195
2015-03-20 00:30:00,-1.0,0.098
2015-03-20 00:45:00,0.0,0.098
2015-03-20 01:00:00,-1.0,0.195
2015-03-20 01:15:00,-1.0,0.195
2015-03-20 01:30:00,-1.0,0.195
2015-03-20 01:45:00,-1.0,0.195
2015-03-20 02:00:00,-1.0,0.195
2015-03-20 02:15:00,-1.0,0.195
2015-03-20 02:30:00,-1.0,0.098
2015-03-20 02:45:00,-1.0,0.195
2015-03-20 03:00:00,-1.0,0.098
2015-03-20 03:15:00,-1.0,0.098
2015-03-20 03:30:00,-1.0,0.0
2015-03-20 03:45:00,-1.0,0.098
2015-03-20 04:00:00,0.0,0.195
2015-03-20 04:15:00,0.0,0.0
2015-03-20 04:30:00,-1.0,0.098
2015-03-20 04:45:00,-1.0,0.0
2015-03-20 05:00:00,-1.0,0.098
2015-03-20 05:15:00,-1.0,0.0
2015-03-20 05:30:00,-1.0,0.293
2015-03-20 05:45:00,2.5,2.539
2015-03-20 06:00:00,9.0,9.863
2015-03-20 06:15:00,24.5,17.48
2015-03-20 06:30:00,56.5,40.332
2015-03-20 06:45:00,93.0,193.75
2015-03-20 07:00:00,133.5,265.234
2015-03-20 07:15:00,179.5,337.305
2015-03-20 07:30:00,222.0,408.398
2015-03-20 07:45:00,264.5,479.395
2015-03-20 08:00:00,303.0,553.418
2015-03-20 08:15:00,336.5,624.609
2015-03-20 08:30:00,367.0,694.434
2015-03-20 08:45:00,394.0,758.301
2015-03-20 09:00:00,417.5,817.285
2015-03-20 09:15:00,439.0,873.535
2015-03-20 09:30:00,459.0,925.391
2015-03-20 09:45:00,471.0,970.41
2015-03-20 10:00:00,492.0,1014.16
2015-03-20 10:15:00,503.5,1052.734
2015-03-20 10:30:00,516.0,1085.352
2015-03-20 10:45:00,523.5,1113.965
2015-03-20 11:00:00,531.0,1134.766
2015-03-20 11:15:00,529.5,1152.93
2015-03-20 11:30:00,531.5,1162.207
2015-03-20 11:45:00,531.5,1167.676
2015-03-20 12:00:00,531.0,1168.359
2015-03-20 12:15:00,525.5,1164.355
2015-03-20 12:30:00,518.0,1156.543
2015-03-20 12:45:00,519.5,1139.941
2015-03-20 13:00:00,506.5,1116.309
2015-03-20 13:15:00,503.5,1090.527
2015-03-20 13:30:00,486.5,1058.887
2015-03-20 13:45:00,469.5,1023.047
2015-03-20 14:00:00,457.0,981.738
2015-03-20 14:15:00,434.5,930.566
2015-03-20 14:30:00,409.5,878.613
2015-03-20 14:45:00,388.5,821.582
2015-03-20 15:00:00,358.0,760.938
2015-03-20 15:15:00,330.0,698.535
2015-03-20 15:30:00,292.0,633.301
2015-03-20 15:45:00,257.0,564.258
2015-03-20 16:00:00,219.0,491.602
2015-03-20 16:15:00,177.5,416.992
2015-03-20 16:30:00,144.0,342.285
2015-03-20 16:45:00,75.5,240.137
2015-03-20 17:00:00,32.0,139.648
2015-03-20 17:15:00,17.5,84.766
2015-03-20 17:30:00,11.0,33.496
2015-03-20 17:45:00,4.0,16.406
2015-03-20 18:00:00,-1.0,3.125
2015-03-20 18:15:00,0.0,0.0
2015-03-20 18:30:00,0.0,0.293
2015-03-20 18:45:00,-1.0,0.195
2015-03-20 19:00:00,-1.0,0.195
2015-03-20 19:15:00,0.0,0.195
2015-03-20 19:30:00,0.0,0.098
2015-03-20 19:45:00,0.0,0.098
2015-03-20 20:00:00,0.0,0.098
2015-03-20 20:15:00,0.0,0.098
2015-03-20 20:30:00,0.0,0.098
2015-03-20 20:45:00,-1.0,0.0
2015-03-20 21:00:00,-1.0,0.098
2015-03-20 21:15:00,0.0,0.195
2015-03-20 21:30:00,0.0,0.098
2015-03-20 21:45:00,0.0,0.098
2015-03-20 22:00:00,0.0,0.195
2015-03-20 22:15:00,-1.0,0.098
2015-03-20 22:30:00,0.0,0.0
2015-03-20 22:45:00,-1.0,0.098
2015-03-20 23:00:00,-1.0,0.0
2015-03-20 23:15:00,0.0,0.0
2015-03-20 23:30:00,-1.0,0.0
2015-03-20 23:45:00,-1.0,0.0
2015-03-21 00:00:00,0.0,0.0
2015-03-21 00:15:00,0.0,0.0
2015-03-21 00:30:00,-1.0,0.0
2015-03-21 00:45:00,0.0,0.0
2015-03-21 01:00:00,-1.0,0.0
2015-03-21 01:15:00,-1.0,0.098
2015-03-21 01:30:00,0.0,0.098
2015-03-21 01:45:00,0.0,0.098
2015-03-21 02:00:00,-1.0,0.098
2015-03-21 02:15:00,-1.0,0.195
2015-03-21 02:30:00,-1.0,0.195
2015-03-21 02:45:00,-1.0,0.195
2015-03-21 03:00:00,0.0,0.195
2015-03-21 03:15:00,0.0,0.195
2015-03-21 03:30:00,-1.0,0.195
2015-03-21 03:45:00,-1.0,0.098
2015-03-21 04:00:00,-1.0,0.195
2015-03-21 04:15:00,-1.0,0.195
2015-03-21 04:30:00,-1.0,0.098
2015-03-21 04:45:00,0.0,0.195
2015-03-21 05:00:00,-1.0,0.195
2015-03-21 05:15:00,-1.0,0.195
2015-03-21 05:30:00,-1.0,0.293
2015-03-21 05:45:00,0.5,3.223
2015-03-21 06:00:00,12.0,12.793
2015-03-21 06:15:00,33.5,28.418
2015-03-21 06:30:00,62.0,62.012
2015-03-21 06:45:00,97.5,190.625
2015-03-21 07:00:00,106.5,240.625
2015-03-21 07:15:00,180.0,329.102
2015-03-21 07:30:00,221.0,403.125
2015-03-21 07:45:00,264.5,460.645
2015-03-21 08:00:00,306.0,557.129
2015-03-21 08:15:00,328.0,618.848
2015-03-21 08:30:00,396.0,748.828
2015-03-21 08:45:00,207.5,701.953
2015-03-21 09:00:00,263.5,817.773
2015-03-21 09:15:00,457.0,719.922
2015-03-21 09:30:00,451.5,922.461
2015-03-21 09:45:00,457.5,949.316
2015-03-21 10:00:00,490.5,984.18
2015-03-21 10:15:00,435.0,979.004
2015-03-21 10:30:00,529.0,1022.266
2015-03-21 10:45:00,415.0,1038.379
2015-03-21 11:00:00,543.0,1027.441
2015-03-21 11:15:00,561.5,992.48
2015-03-21 11:30:00,556.0,1113.379
2015-03-21 11:45:00,560.5,1229.102
2015-03-21 12:00:00,539.0,1178.125
2015-03-21 12:15:00,561.5,1186.035
2015-03-21 12:30:00,544.5,1186.719
2015-03-21 12:45:00,520.0,1150.293
2015-03-21 13:00:00,511.0,1112.109
2015-03-21 13:15:00,529.5,1078.32
2015-03-21 13:30:00,509.5,1077.051
2015-03-21 13:45:00,506.0,1034.473
2015-03-21 14:00:00,165.0,891.016
2015-03-21 14:15:00,338.0,503.613
2015-03-21 14:30:00,356.0,480.371
2015-03-21 14:45:00,431.0,588.77
2015-03-21 15:00:00,363.5,633.887
2015-03-21 15:15:00,340.0,616.113
2015-03-21 15:30:00,324.0,611.328
2015-03-21 15:45:00,279.0,592.871
2015-03-21 16:00:00,234.5,508.789
2015-03-21 16:15:00,182.5,428.809
2015-03-21 16:30:00,148.5,364.551
2015-03-21 16:45:00,101.0,288.184
2015-03-21 17:00:00,20.5,119.434
2015-03-21 17:15:00,17.5,36.719
2015-03-21 17:30:00,14.0,32.031
2015-03-21 17:45:00,3.0,17.578
2015-03-21 18:00:00,-1.0,3.613
2015-03-21 18:15:00,-1.0,0.586
2015-03-21 18:30:00,-1.0,0.293
2015-03-21 18:45:00,0.0,0.293
2015-03-21 19:00:00,0.0,0.391
2015-03-21 19:15:00,0.0,0.391
2015-03-21 19:30:00,0.0,0.293
2015-03-21 19:45:00,-1.0,0.195
2015-03-21 20:00:00,0.0,0.195
2015-03-21 20:15:00,0.0,0.293
2015-03-21 20:30:00,0.0,0.293
2015-03-21 20:45:00,0.0,0.293
2015-03-21 21:00:00,0.0,0.293
2015-03-21 21:15:00,-1.0,0.293
2015-03-21 21:30:00,-1.0,0.293
2015-03-21 21:45:00,0.0,0.293
2015-03-21 22:00:00,-1.0,0.293
2015-03-21 22:15:00,0.0,0.293
2015-03-21 22:30:00,0.0,0.195
2015-03-21 22:45:00,0.0,0.293
2015-03-21 23:00:00,0.0,0.293
2015-03-21 23:15:00,-1.0,0.195
2015-03-21 23:30:00,-1.0,0.195
2015-03-21 23:45:00,-1.0,0.195
2015-03-22 00:00:00,-1.0,0.195
2015-03-22 00:15:00,-1.0,0.098
2015-03-22 00:30:00,-1.0,0.098
2015-03-22 00:45:00,-1.0,0.098
2015-03-22 01:00:00,-1.0,0.098
2015-03-22 01:15:00,0.0,0.098
2015-03-22 01:30:00,-1.0,0.195
2015-03-22 01:45:00,-1.0,0.195
2015-03-22 02:00:00,0.0,0.0
2015-03-22 02:15:00,-1.0,0.195
2015-03-22 02:30:00,-1.0,0.195
2015-03-22 02:45:00,0.0,0.293
2015-03-22 03:00:00,-1.0,0.098
2015-03-22 03:15:00,-1.0,0.0
2015-03-22 03:30:00,-1.0,0.098
2015-03-22 03:45:00,0.0,0.098
2015-03-22 04:00:00,-1.0,0.0
2015-03-22 04:15:00,-1.0,0.0
2015-03-22 04:30:00,0.0,0.0
2015-03-22 04:45:00,-1.0,0.0
2015-03-22 05:00:00,-1.0,0.098
2015-03-22 05:15:00,-1.0,0.0
2015-03-22 05:30:00,-1.0,0.0
2015-03-22 05:45:00,2.5,1.66
2015-03-22 06:00:00,10.5,11.426
2015-03-22 06:15:00,35.5,39.16
2015-03-22 06:30:00,69.5,80.664
2015-03-22 06:45:00,81.5,156.641
2015-03-22 07:00:00,137.5,200.586
2015-03-22 07:15:00,110.5,212.012
2015-03-22 07:30:00,138.0,216.602
2015-03-22 07:45:00,130.0,214.551
2015-03-22 08:00:00,199.5,278.613
2015-03-22 08:15:00,172.0,302.637
2015-03-22 08:30:00,191.0,314.453
2015-03-22 08:45:00,231.5,365.918
2015-03-22 09:00:00,348.0,506.152
2015-03-22 09:15:00,337.5,718.457
2015-03-22 09:30:00,448.0,794.727
2015-03-22 09:45:00,467.5,942.871
2015-03-22 10:00:00,230.0,802.93
2015-03-22 10:15:00,487.0,759.668
2015-03-22 10:30:00,417.5,919.434
2015-03-22 10:45:00,435.0,996.68
2015-03-22 11:00:00,263.0,863.672
2015-03-22 11:15:00,282.0,612.402
2015-03-22 11:30:00,543.0,718.164
2015-03-22 11:45:00,388.0,665.723
2015-03-22 12:00:00,396.0,728.516
2015-03-22 12:15:00,229.5,966.699
2015-03-22 12:30:00,526.5,1003.223
2015-03-22 12:45:00,293.5,804.102
2015-03-22 13:00:00,338.5,721.582
2015-03-22 13:15:00,261.5,613.281
2015-03-22 13:30:00,417.0,603.613
2015-03-22 13:45:00,496.5,723.145
2015-03-22 14:00:00,505.5,976.953
2015-03-22 14:15:00,427.5,894.531
2015-03-22 14:30:00,475.5,812.012
2015-03-22 14:45:00,304.0,752.539
2015-03-22 15:00:00,256.5,628.906
2015-03-22 15:15:00,191.5,325.098
2015-03-22 15:30:00,217.0,369.824
2015-03-22 15:45:00,134.0,299.414
2015-03-22 16:00:00,182.0,255.078
2015-03-22 16:15:00,168.0,280.664
2015-03-22 16:30:00,174.0,294.141
2015-03-22 16:45:00,83.0,216.797
2015-03-22 17:00:00,38.0,96.484
2015-03-22 17:15:00,24.5,58.594
2015-03-22 17:30:00,10.5,34.668
2015-03-22 17:45:00,5.0,18.457
2015-03-22 18:00:00,-1.0,6.152
2015-03-22 18:15:00,-1.0,0.684
2015-03-22 18:30:00,0.0,0.293
2015-03-22 18:45:00,0.0,0.293
2015-03-22 19:00:00,-1.0,0.293
2015-03-22 19:15:00,0.0,0.293
2015-03-22 19:30:00,-1.0,0.391
2015-03-22 19:45:00,-1.0,0.293
2015-03-22 20:00:00,-1.0,0.293
2015-03-22 20:15:00,-1.0,0.293
2015-03-22 20:30:00,-1.0,0.293
2015-03-22 20:45:00,0.0,0.293
2015-03-22 21:00:00,0.0,0.293
2015-03-22 21:15:00,-1.0,0.293
2015-03-22 21:30:00,-1.0,0.195
2015-03-22 21:45:00,-1.0,0.195
2015-03-22 22:00:00,0.0,0.293
2015-03-22 22:15:00,-1.0,0.195
2015-03-22 22:30:00,0.0,0.195
2015-03-22 22:45:00,0.0,0.098
2015-03-22 23:00:00,-1.0,0.098
2015-03-22 23:15:00,0.0,0.098
2015-03-22 23:30:00,-1.0,0.195
2015-03-22 23:45:00,0.0,0.195
2015-03-23 00:00:00,-1.0,0.195
2015-03-23 00:15:00,-1.0,0.098
2015-03-23 00:30:00,-1.0,0.195
2015-03-23 00:45:00,-1.0,0.293
2015-03-23 01:00:00,0.0,0.293
2015-03-23 01:15:00,-1.0,0.293
2015-03-23 01:30:00,-1.0,0.293
2015-03-23 01:45:00,0.0,0.293
2015-03-23 02:00:00,-1.0,0.098
2015-03-23 02:15:00,-1.0,0.098
2015-03-23 02:30:00,-1.0,0.098
2015-03-23 02:45:00,-1.0,0.098
2015-03-23 03:00:00,-1.0,0.098
2015-03-23 03:15:00,-1.0,0.0
2015-03-23 03:30:00,0.0,0.098
2015-03-23 03:45:00,-1.0,0.0
2015-03-23 04:00:00,-1.0,0.098
2015-03-23 04:15:00,0.0,0.0
2015-03-23 04:30:00,-1.0,0.098
2015-03-23 04:45:00,-1.0,0.098
2015-03-23 05:00:00,-1.0,0.098
2015-03-23 05:15:00,-1.0,0.098
2015-03-23 05:30:00,-1.0,0.293
2015-03-23 05:45:00,4.5,4.395
2015-03-23 06:00:00,15.5,14.258
2015-03-23 06:15:00,31.5,24.219
2015-03-23 06:30:00,62.5,79.883
2015-03-23 06:45:00,97.5,190.723
2015-03-23 07:00:00,137.0,264.258
2015-03-23 07:15:00,182.0,339.746
2015-03-23 07:30:00,222.5,403.906
2015-03-23 07:45:00,261.0,469.629
2015-03-23 08:00:00,303.0,546.484
2015-03-23 08:15:00,337.5,614.746
2015-03-23 08:30:00,369.5,683.984
2015-03-23 08:45:00,402.0,750.0
2015-03-23 09:00:00,426.5,812.5
2015-03-23 09:15:00,456.0,806.055
2015-03-23 09:30:00,467.0,921.094
2015-03-23 09:45:00,480.5,961.816
2015-03-23 10:00:00,490.5,1006.348
2015-03-23 10:15:00,504.0,1042.09
2015-03-23 10:30:00,519.0,1072.656
2015-03-23 10:45:00,523.0,1103.516
2015-03-23 11:00:00,527.0,1123.34
2015-03-23 11:15:00,527.0,1137.891
2015-03-23 11:30:00,531.5,1147.07
2015-03-23 11:45:00,533.0,1151.465
2015-03-23 12:00:00,533.0,1157.617
2015-03-23 12:15:00,533.0,1161.914
2015-03-23 12:30:00,527.5,1137.793
2015-03-23 12:45:00,523.5,1121.875
2015-03-23 13:00:00,500.0,1088.574
2015-03-23 13:15:00,492.0,1070.605
2015-03-23 13:30:00,486.0,1035.156
2015-03-23 13:45:00,459.5,998.145
2015-03-23 14:00:00,438.0,950.391
2015-03-23 14:15:00,409.0,895.703
2015-03-23 14:30:00,413.5,837.109
2015-03-23 14:45:00,397.5,821.387
2015-03-23 15:00:00,253.5,732.031
2015-03-23 15:15:00,226.5,609.18
2015-03-23 15:30:00,151.0,497.461
2015-03-23 15:45:00,202.5,393.555
2015-03-23 16:00:00,209.0,344.629
2015-03-23 16:15:00,143.5,276.758
2015-03-23 16:30:00,105.5,301.563
2015-03-23 16:45:00,132.0,251.465
2015-03-23 17:00:00,65.0,243.262
2015-03-23 17:15:00,37.0,141.895
2015-03-23 17:30:00,20.5,75.879
2015-03-23 17:45:00,6.5,23.535
2015-03-23 18:00:00,1.0,7.129
2015-03-23 18:15:00,-1.0,1.074
2015-03-23 18:30:00,0.0,0.391
2015-03-23 18:45:00,0.0,0.391
2015-03-23 19:00:00,0.0,0.293
2015-03-23 19:15:00,0.0,0.391
2015-03-23 19:30:00,-1.0,0.293
2015-03-23 19:45:00,0.0,0.293
2015-03-23 20:00:00,0.0,0.293
2015-03-23 20:15:00,-1.0,0.293
2015-03-23 20:30:00,0.0,0.195
2015-03-23 20:45:00,0.0,0.293
2015-03-23 21:00:00,0.0,0.0
2015-03-23 21:15:00,-1.0,0.293
2015-03-23 21:30:00,0.0,0.293
2015-03-23 21:45:00,0.0,0.293
2015-03-23 22:00:00,0.0,0.293
2015-03-23 22:15:00,-1.0,0.195
2015-03-23 22:30:00,-1.0,0.195
2015-03-23 22:45:00,0.0,0.195
2015-03-23 23:00:00,0.0,0.195
2015-03-23 23:15:00,0.0,0.098
2015-03-23 23:30:00,-1.0,0.195
2015-03-23 23:45:00,0.0,0.098
2015-03-24 00:00:00,-1.0,0.098
2015-03-24 00:15:00,0.0,0.098
2015-03-24 00:30:00,-1.0,0.0
2015-03-24 00:45:00,0.0,0.0
2015-03-24 01:00:00,-1.0,0.0
2015-03-24 01:15:00,0.0,0.0
2015-03-24 01:30:00,0.0,0.0
2015-03-24 01:45:00,-1.0,0.0
2015-03-24 02:00:00,-1.0,0.098
2015-03-24 02:15:00,0.0,0.098
2015-03-24 02:30:00,-1.0,0.098
2015-03-24 02:45:00,-1.0,0.098
2015-03-24 03:00:00,-1.0,0.0
2015-03-24 03:15:00,0.0,0.0
2015-03-24 03:30:00,-1.0,0.0
2015-03-24 03:45:00,-1.0,0.098
2015-03-24 04:00:00,-1.0,0.0
2015-03-24 04:15:00,-1.0,0.195
2015-03-24 04:30:00,-1.0,0.0
2015-03-24 04:45:00,0.0,0.0
2015-03-24 05:00:00,-1.0,0.098
2015-03-24 05:15:00,-1.0,0.098
2015-03-24 05:30:00,-1.0,0.488
2015-03-24 05:45:00,6.0,5.469
2015-03-24 06:00:00,20.0,19.727
2015-03-24 06:15:00,37.5,55.371
2015-03-24 06:30:00,53.0,85.645
2015-03-24 06:45:00,43.5,99.805
2015-03-24 07:00:00,49.5,83.887
2015-03-24 07:15:00,51.5,101.953
2015-03-24 07:30:00,52.5,102.93
2015-03-24 07:45:00,65.0,109.57
2015-03-24 08:00:00,115.0,170.508
2015-03-24 08:15:00,104.5,226.074
2015-03-24 08:30:00,194.0,210.156
2015-03-24 08:45:00,368.5,583.301
2015-03-24 09:00:00,409.0,776.758
2015-03-24 09:15:00,448.5,872.852
2015-03-24 09:30:00,473.5,911.914
2015-03-24 09:45:00,491.0,964.746
2015-03-24 10:00:00,493.0,998.73
2015-03-24 10:15:00,519.5,1037.012
2015-03-24 10:30:00,521.0,1070.215
2015-03-24 10:45:00,527.0,1093.945
2015-03-24 11:00:00,531.0,1116.602
2015-03-24 11:15:00,538.0,1133.008
2015-03-24 11:30:00,533.5,1145.605
2015-03-24 11:45:00,535.5,1154.297
2015-03-24 12:00:00,531.5,1153.613
2015-03-24 12:15:00,523.5,1152.93
2015-03-24 12:30:00,521.5,1137.695
2015-03-24 12:45:00,516.0,1120.605
2015-03-24 13:00:00,504.5,1099.609
2015-03-24 13:15:00,494.0,1070.605
2015-03-24 13:30:00,479.0,1038.867
2015-03-24 13:45:00,461.0,989.941
2015-03-24 14:00:00,445.5,960.742
2015-03-24 14:15:00,424.5,916.211
2015-03-24 14:30:00,411.5,849.902
2015-03-24 14:45:00,387.0,802.441
2015-03-24 15:00:00,366.5,756.738
2015-03-24 15:15:00,336.0,697.949
2015-03-24 15:30:00,309.5,649.707
2015-03-24 15:45:00,116.0,497.949
2015-03-24 16:00:00,133.5,252.93
2015-03-24 16:15:00,259.5,448.73
2015-03-24 16:30:00,157.0,421.387
2015-03-24 16:45:00,43.0,138.672
2015-03-24 17:00:00,29.5,66.797
2015-03-24 17:15:00,21.5,48.242
2015-03-24 17:30:00,22.5,46.484
2015-03-24 17:45:00,4.5,23.926
2015-03-24 18:00:00,-1.0,5.176
2015-03-24 18:15:00,0.0,0.977
2015-03-24 18:30:00,0.0,0.293
2015-03-24 18:45:00,0.0,0.391
2015-03-24 19:00:00,0.0,0.391
2015-03-24 19:15:00,0.0,0.293
2015-03-24 19:30:00,0.0,0.391
2015-03-24 19:45:00,-1.0,0.293
2015-03-24 20:00:00,-1.0,0.391
2015-03-24 20:15:00,0.0,0.293
2015-03-24 20:30:00,0.0,0.293
2015-03-24 20:45:00,0.0,0.391
2015-03-24 21:00:00,-1.0,0.293
2015-03-24 21:15:00,-1.0,0.293
2015-03-24 21:30:00,-1.0,0.293
2015-03-24 21:45:00,0.0,0.293
2015-03-24 22:00:00,-1.0,0.0
2015-03-24 22:15:00,-1.0,0.195
2015-03-24 22:30:00,-1.0,0.195
2015-03-24 22:45:00,0.0,0.098
2015-03-24 23:00:00,0.0,0.098
2015-03-24 23:15:00,0.0,0.195
2015-03-24 23:30:00,-1.0,0.195
2015-03-24 23:45:00,-1.0,0.195
2015-03-25 00:00:00,-1.0,0.098
2015-03-25 00:15:00,-1.0,0.098
2015-03-25 00:30:00,-1.0,0.195
2015-03-25 00:45:00,-1.0,0.195
2015-03-25 01:00:00,0.0,0.195
2015-03-25 01:15:00,-1.0,0.195
2015-03-25 01:30:00,-1.0,0.195
2015-03-25 01:45:00,-1.0,0.098
2015-03-25 02:00:00,-1.0,0.098
2015-03-25 02:15:00,-1.0,0.195
2015-03-25 02:30:00,-1.0,0.0
2015-03-25 02:45:00,0.0,0.098
2015-03-25 03:00:00,-1.0,0.195
2015-03-25 03:15:00,-1.0,0.195
2015-03-25 03:30:00,0.0,0.098
2015-03-25 03:45:00,-1.0,0.098
2015-03-25 04:00:00,0.0,0.195
2015-03-25 04:15:00,-1.0,0.195
2015-03-25 04:30:00,0.0,0.195
2015-03-25 04:45:00,0.0,0.195
2015-03-25 05:00:00,-1.0,0.098
2015-03-25 05:15:00,-1.0,0.0
2015-03-25 05:30:00,-1.0,0.684
2015-03-25 05:45:00,5.0,5.469
2015-03-25 06:00:00,15.5,12.5
2015-03-25 06:15:00,36.0,18.652
2015-03-25 06:30:00,66.0,108.984
2015-03-25 06:45:00,91.0,219.141
2015-03-25 07:00:00,127.5,289.258
2015-03-25 07:15:00,193.5,362.891
2015-03-25 07:30:00,235.5,418.555
2015-03-25 07:45:00,275.0,495.508
2015-03-25 08:00:00,317.5,570.313
2015-03-25 08:15:00,355.0,637.598
2015-03-25 08:30:00,394.5,711.621
2015-03-25 08:45:00,395.5,747.266
2015-03-25 09:00:00,418.5,712.891
2015-03-25 09:15:00,466.0,809.473
2015-03-25 09:30:00,489.0,869.824
2015-03-25 09:45:00,496.5,954.785
2015-03-25 10:00:00,523.0,1001.27
2015-03-25 10:15:00,529.5,1055.078
2015-03-25 10:30:00,537.0,1087.988
2015-03-25 10:45:00,540.0,1109.375
2015-03-25 11:00:00,538.5,1130.859
2015-03-25 11:15:00,546.0,1144.824
2015-03-25 11:30:00,542.0,1152.734
2015-03-25 11:45:00,539.0,1155.957
2015-03-25 12:00:00,550.5,1156.934
2015-03-25 12:15:00,558.0,1149.902
2015-03-25 12:30:00,550.5,1142.969
2015-03-25 12:45:00,546.5,1125.781
2015-03-25 13:00:00,525.5,1104.688
2015-03-25 13:15:00,517.0,1079.004
2015-03-25 13:30:00,500.5,1045.703
2015-03-25 13:45:00,485.0,1007.52
2015-03-25 14:00:00,464.0,962.988
2015-03-25 14:15:00,444.5,916.992
2015-03-25 14:30:00,421.0,868.164
2015-03-25 14:45:00,390.5,814.063
2015-03-25 15:00:00,366.5,757.324
2015-03-25 15:15:00,337.5,695.605
2015-03-25 15:30:00,305.5,631.348
2015-03-25 15:45:00,270.0,565.332
2015-03-25 16:00:00,233.5,497.754
2015-03-25 16:15:00,194.0,425.781
2015-03-25 16:30:00,151.0,355.957
2015-03-25 16:45:00,105.5,286.133
2015-03-25 17:00:00,67.5,217.383
2015-03-25 17:15:00,39.5,155.762
2015-03-25 17:30:00,13.5,75.098
2015-03-25 17:45:00,5.0,16.602
2015-03-25 18:00:00,0.0,6.738
2015-03-25 18:15:00,-1.0,1.855
2015-03-25 18:30:00,-1.0,0.391
2015-03-25 18:45:00,-1.0,0.293
2015-03-25 19:00:00,-1.0,0.293
2015-03-25 19:15:00,-1.0,0.293
2015-03-25 19:30:00,0.0,0.293
2015-03-25 19:45:00,0.0,0.293
2015-03-25 20:00:00,-1.0,0.293
2015-03-25 20:15:00,0.0,0.195
2015-03-25 20:30:00,0.0,0.195
2015-03-25 20:45:00,0.0,0.098
2015-03-25 21:00:00,0.0,0.098
2015-03-25 21:15:00,0.0,0.195
2015-03-25 21:30:00,-1.0,0.098
2015-03-25 21:45:00,0.0,0.098
2015-03-25 22:00:00,-1.0,0.098
2015-03-25 22:15:00,-1.0,0.098
2015-03-25 22:30:00,-1.0,0.195
2015-03-25 22:45:00,0.0,0.098
2015-03-25 23:00:00,0.0,0.098
2015-03-25 23:15:00,-1.0,0.098
2015-03-25 23:30:00,-1.0,0.0
2015-03-25 23:45:00,0.0,0.098
2015-03-26 00:00:00,-1.0,0.0
2015-03-26 00:15:00,-1.0,0.0
2015-03-26 00:30:00,0.0,0.0
2015-03-26 00:45:00,-1.0,0.0
2015-03-26 01:00:00,0.0,0.0
2015-03-26 01:15:00,0.0,0.0
2015-03-26 01:30:00,-1.0,0.098
2015-03-26 01:45:00,0.0,0.0
2015-03-26 02:00:00,-1.0,0.0
2015-03-26 02:15:00,-1.0,0.0
2015-03-26 02:30:00,-1.0,0.098
2015-03-26 02:45:00,0.0,0.0
2015-03-26 03:00:00,-1.0,0.098
2015-03-26 03:15:00,0.0,0.098
2015-03-26 03:30:00,-1.0,0.195
2015-03-26 03:45:00,-1.0,0.098
2015-03-26 04:00:00,-1.0,0.098
2015-03-26 04:15:00,-1.0,0.195
2015-03-26 04:30:00,0.0,0.195
2015-03-26 04:45:00,0.0,0.098
2015-03-26 05:00:00,0.0,0.0
2015-03-26 05:15:00,-1.0,0.195
2015-03-26 05:30:00,1.0,0.879
2015-03-26 05:45:00,-1.0,5.859
2015-03-26 06:00:00,15.5,13.672
2015-03-26 06:15:00,42.5,22.656
2015-03-26 06:30:00,66.0,129.004
2015-03-26 06:45:00,32.0,188.379
2015-03-26 07:00:00,162.0,289.941
2015-03-26 07:15:00,202.5,373.73
2015-03-26 07:30:00,216.5,430.078
2015-03-26 07:45:00,280.5,501.367
2015-03-26 08:00:00,321.0,577.441
2015-03-26 08:15:00,350.0,641.797
2015-03-26 08:30:00,385.0,706.348
2015-03-26 08:45:00,415.5,780.762
2015-03-26 09:00:00,426.5,832.129
2015-03-26 09:15:00,407.0,864.648
2015-03-26 09:30:00,468.0,912.012
2015-03-26 09:45:00,479.0,983.691
2015-03-26 10:00:00,504.0,1007.227
2015-03-26 10:15:00,525.0,1060.84
2015-03-26 10:30:00,544.5,1080.566
2015-03-26 10:45:00,551.5,1091.895
2015-03-26 11:00:00,558.0,1138.77
2015-03-26 11:15:00,552.5,1145.41
2015-03-26 11:30:00,556.0,1164.551
2015-03-26 11:45:00,544.0,1159.375
2015-03-26 12:00:00,459.0,1067.48
2015-03-26 12:15:00,423.5,912.695
2015-03-26 12:30:00,546.5,1062.598
2015-03-26 12:45:00,531.0,1155.957
2015-03-26 13:00:00,533.0,1124.609
2015-03-26 13:15:00,498.5,1001.27
2015-03-26 13:30:00,430.0,969.629
2015-03-26 13:45:00,468.0,924.219
2015-03-26 14:00:00,477.5,937.207
2015-03-26 14:15:00,462.0,934.766
2015-03-26 14:30:00,417.0,896.777
2015-03-26 14:45:00,417.5,852.637
2015-03-26 15:00:00,388.0,792.578
2015-03-26 15:15:00,343.5,728.32
2015-03-26 15:30:00,239.5,590.332
2015-03-26 15:45:00,256.5,478.516
2015-03-26 16:00:00,240.0,510.547
2015-03-26 16:15:00,195.0,435.742
2015-03-26 16:30:00,127.5,317.285
2015-03-26 16:45:00,108.5,249.609
2015-03-26 17:00:00,70.0,222.754
2015-03-26 17:15:00,39.5,159.57
2015-03-26 17:30:00,18.5,92.09
2015-03-26 17:45:00,6.0,17.188
2015-03-26 18:00:00,2.0,7.031
2015-03-26 18:15:00,0.0,1.953
2015-03-26 18:30:00,-1.0,0.391
2015-03-26 18:45:00,-1.0,0.293
2015-03-26 19:00:00,0.0,0.293
2015-03-26 19:15:00,0.0,0.195
2015-03-26 19:30:00,0.0,0.195
2015-03-26 19:45:00,0.0,0.195
2015-03-26 20:00:00,0.0,0.195
2015-03-26 20:15:00,0.0,0.098
2015-03-26 20:30:00,0.0,0.195
2015-03-26 20:45:00,0.0,0.098
2015-03-26 21:00:00,0.0,0.098
2015-03-26 21:15:00,0.0,0.195
2015-03-26 21:30:00,0.0,0.195
2015-03-26 21:45:00,0.0,0.195
2015-03-26 22:00:00,-1.0,0.098
2015-03-26 22:15:00,0.0,0.195
2015-03-26 22:30:00,-1.0,0.293
2015-03-26 22:45:00,0.0,0.098
2015-03-26 23:00:00,0.0,0.195
2015-03-26 23:15:00,0.0,0.098
2015-03-26 23:30:00,0.0,0.0
2015-03-26 23:45:00,0.0,0.098
2015-03-27 00:00:00,0.0,0.0
2015-03-27 00:15:00,0.0,0.0
2015-03-27 00:30:00,-1.0,0.0
2015-03-27 00:45:00,0.0,0.0
2015-03-27 01:00:00,-1.0,0.0
2015-03-27 01:15:00,-1.0,0.0
2015-03-27 01:30:00,0.0,0.0
2015-03-27 01:45:00,0.0,0.0
2015-03-27 02:00:00,0.0,0.0
2015-03-27 02:15:00,-1.0,0.0
2015-03-27 02:30:00,-1.0,0.0
2015-03-27 02:45:00,0.0,0.0
2015-03-27 03:00:00,-1.0,0.0
2015-03-27 03:15:00,-1.0,0.098
2015-03-27 03:30:00,-1.0,0.098
2015-03-27 03:45:00,-1.0,0.195
2015-03-27 04:00:00,-1.0,0.098
2015-03-27 04:15:00,-1.0,0.195
2015-03-27 04:30:00,-1.0,0.098
2015-03-27 04:45:00,-1.0,0.195
2015-03-27 05:00:00,-1.0,0.098
2015-03-27 05:15:00,-1.0,0.195
2015-03-27 05:30:00,2.0,1.172
2015-03-27 05:45:00,-1.0,6.543
2015-03-27 06:00:00,15.5,13.281
2015-03-27 06:15:00,39.5,18.848
2015-03-27 06:30:00,71.5,137.109
2015-03-27 06:45:00,112.5,226.074
2015-03-27 07:00:00,157.5,297.168
2015-03-27 07:15:00,195.5,367.188
2015-03-27 07:30:00,240.0,437.988
2015-03-27 07:45:00,280.0,508.398
2015-03-27 08:00:00,316.5,584.863
2015-03-27 08:15:00,348.0,650.586
2015-03-27 08:30:00,376.5,718.262
2015-03-27 08:45:00,403.0,780.957
2015-03-27 09:00:00,425.5,840.137
2015-03-27 09:15:00,444.5,895.801
2015-03-27 09:30:00,461.0,945.801
2015-03-27 09:45:00,476.5,990.43
2015-03-27 10:00:00,490.0,1030.273
2015-03-27 10:15:00,504.0,1067.578
2015-03-27 10:30:00,514.0,1098.926
2015-03-27 10:45:00,519.0,1124.902
2015-03-27 11:00:00,526.5,1145.117
2015-03-27 11:15:00,529.0,1160.742
2015-03-27 11:30:00,530.5,1171.68
2015-03-27 11:45:00,529.5,1177.051
2015-03-27 12:00:00,528.5,1175.488
2015-03-27 12:15:00,523.0,1168.457
2015-03-27 12:30:00,518.0,1158.496
2015-03-27 12:45:00,513.5,1140.625
2015-03-27 13:00:00,508.0,1119.336
2015-03-27 13:15:00,490.0,1094.531
2015-03-27 13:30:00,477.0,1060.059
2015-03-27 13:45:00,463.0,1022.363
2015-03-27 14:00:00,444.5,979.102
2015-03-27 14:15:00,423.5,929.102
2015-03-27 14:30:00,409.0,877.637
2015-03-27 14:45:00,383.0,823.828
2015-03-27 15:00:00,355.0,764.941
2015-03-27 15:15:00,328.5,704.688
2015-03-27 15:30:00,298.0,640.918
2015-03-27 15:45:00,263.5,574.609
2015-03-27 16:00:00,228.0,505.957
2015-03-27 16:15:00,189.0,435.156
2015-03-27 16:30:00,150.5,364.258
2015-03-27 16:45:00,107.0,294.043
2015-03-27 17:00:00,67.5,225.488
2015-03-27 17:15:00,39.5,161.719
2015-03-27 17:30:00,18.5,91.602
2015-03-27 17:45:00,6.5,20.605
2015-03-27 18:00:00,1.0,7.813
2015-03-27 18:15:00,0.0,1.953
2015-03-27 18:30:00,0.0,0.293
2015-03-27 18:45:00,0.0,0.293
2015-03-27 19:00:00,0.0,0.0
2015-03-27 19:15:00,0.0,0.195
2015-03-27 19:30:00,0.0,0.293
2015-03-27 19:45:00,0.0,0.293
2015-03-27 20:00:00,0.0,0.391
2015-03-27 20:15:00,-1.0,0.293
2015-03-27 20:30:00,0.0,0.293
2015-03-27 20:45:00,0.0,0.293
2015-03-27 21:00:00,0.0,0.195
2015-03-27 21:15:00,0.0,0.195
2015-03-27 21:30:00,-1.0,0.0
2015-03-27 21:45:00,0.0,0.195
2015-03-27 22:00:00,-1.0,0.195
2015-03-27 22:15:00,0.0,0.195
2015-03-27 22:30:00,0.0,0.195
2015-03-27 22:45:00,-1.0,0.293
2015-03-27 23:00:00,-1.0,0.293
2015-03-27 23:15:00,0.0,0.098
2015-03-27 23:30:00,-1.0,0.195
2015-03-27 23:45:00,-1.0,0.195
2015-03-28 00:00:00,0.0,0.098
2015-03-28 00:15:00,-1.0,0.195
2015-03-28 00:30:00,-1.0,0.195
2015-03-28 00:45:00,0.0,0.098
2015-03-28 01:00:00,0.0,0.195
2015-03-28 01:15:00,0.0,0.098
2015-03-28 01:30:00,0.0,0.098
2015-03-28 01:45:00,0.0,0.098
2015-03-28 02:00:00,-1.0,0.0
2015-03-28 02:15:00,-1.0,0.0
2015-03-28 02:30:00,-1.0,0.0
2015-03-28 02:45:00,0.0,0.0
2015-03-28 03:00:00,-1.0,0.0
2015-03-28 03:15:00,0.0,0.0
2015-03-28 03:30:00,0.0,0.0
2015-03-28 03:45:00,-1.0,0.0
2015-03-28 04:00:00,-1.0,0.0
2015-03-28 04:15:00,-1.0,0.0
2015-03-28 04:30:00,-1.0,0.0
2015-03-28 04:45:00,-1.0,0.0
2015-03-28 05:00:00,-1.0,0.0
2015-03-28 05:15:00,-1.0,0.0
2015-03-28 05:30:00,2.0,1.465
2015-03-28 05:45:00,-1.0,7.91
2015-03-28 06:00:00,20.0,15.43
2015-03-28 06:15:00,43.5,21.582
2015-03-28 06:30:00,75.5,148.828
2015-03-28 06:45:00,109.0,226.66
2015-03-28 07:00:00,157.5,297.949
2015-03-28 07:15:00,199.0,366.699
2015-03-28 07:30:00,237.5,438.086
2015-03-28 07:45:00,279.0,509.961
2015-03-28 08:00:00,314.5,584.863
2015-03-28 08:15:00,349.0,653.906
2015-03-28 08:30:00,378.5,722.559
2015-03-28 08:45:00,405.0,784.961
2015-03-28 09:00:00,431.0,844.922
2015-03-28 09:15:00,447.5,901.66
2015-03-28 09:30:00,468.0,953.223
2015-03-28 09:45:00,486.0,1001.367
2015-03-28 10:00:00,497.5,1042.285
2015-03-28 10:15:00,505.5,1076.66
2015-03-28 10:30:00,511.0,1106.641
2015-03-28 10:45:00,522.0,1132.422
2015-03-28 11:00:00,525.5,1153.027
2015-03-28 11:15:00,527.5,1166.016
2015-03-28 11:30:00,525.0,1174.707
2015-03-28 11:45:00,522.0,1177.637
2015-03-28 12:00:00,518.0,1175.781
2015-03-28 12:15:00,516.0,1173.437
2015-03-28 12:30:00,511.0,1162.5
2015-03-28 12:45:00,504.5,1143.945
2015-03-28 13:00:00,495.0,1120.898
2015-03-28 13:15:00,484.0,1092.285
2015-03-28 13:30:00,475.5,1059.863
2015-03-28 13:45:00,459.0,1022.559
2015-03-28 14:00:00,447.5,981.445
2015-03-28 14:15:00,423.5,933.105
2015-03-28 14:30:00,407.5,883.301
2015-03-28 14:45:00,382.5,829.59
2015-03-28 15:00:00,354.0,769.531
2015-03-28 15:15:00,330.0,706.25
2015-03-28 15:30:00,301.0,645.215
2015-03-28 15:45:00,266.5,578.906
2015-03-28 16:00:00,230.5,511.719
2015-03-28 16:15:00,192.0,442.188
2015-03-28 16:30:00,150.5,368.262
2015-03-28 16:45:00,111.0,299.121
2015-03-28 17:00:00,69.5,232.129
2015-03-28 17:15:00,41.5,167.48
2015-03-28 17:30:00,20.5,97.168
2015-03-28 17:45:00,7.0,26.465
2015-03-28 18:00:00,2.0,9.18
2015-03-28 18:15:00,-1.0,2.344
2015-03-28 18:30:00,-1.0,0.0
2015-03-28 18:45:00,-1.0,0.391
2015-03-28 19:00:00,-1.0,0.293
2015-03-28 19:15:00,-1.0,0.0
2015-03-28 19:30:00,-1.0,0.293
2015-03-28 19:45:00,-1.0,0.293
2015-03-28 20:00:00,0.0,0.293
2015-03-28 20:15:00,0.0,0.293
2015-03-28 20:30:00,0.0,0.293
2015-03-28 20:45:00,0.0,0.293
2015-03-28 21:00:00,0.0,0.391
2015-03-28 21:15:00,-1.0,0.391
2015-03-28 21:30:00,0.0,0.293
2015-03-28 21:45:00,-1.0,0.293
2015-03-28 22:00:00,0.0,0.293
2015-03-28 22:15:00,0.0,0.293
2015-03-28 22:30:00,0.0,0.195
2015-03-28 22:45:00,0.0,0.195
2015-03-28 23:00:00,0.0,0.098
2015-03-28 23:15:00,-1.0,0.098
2015-03-28 23:30:00,0.0,0.098
2015-03-28 23:45:00,-1.0,0.098
2015-03-29 00:00:00,-1.0,0.098
2015-03-29 00:15:00,0.0,0.195
2015-03-29 00:30:00,-1.0,0.098
2015-03-29 00:45:00,-1.0,0.098
2015-03-29 01:00:00,-1.0,0.195
2015-03-29 01:15:00,-1.0,0.098
2015-03-29 01:30:00,-1.0,0.098
2015-03-29 01:45:00,-1.0,0.098
2015-03-29 02:00:00,-1.0,0.098
2015-03-29 02:15:00,-1.0,0.0
2015-03-29 02:30:00,-1.0,0.098
2015-03-29 02:45:00,-1.0,0.098
2015-03-29 03:00:00,0.0,0.0
2015-03-29 03:15:00,0.0,0.0
2015-03-29 03:30:00,0.0,0.098
2015-03-29 03:45:00,-1.0,0.0
2015-03-29 04:00:00,-1.0,0.0
2015-03-29 04:15:00,-1.0,0.0
2015-03-29 04:30:00,-1.0,0.0
2015-03-29 04:45:00,-1.0,0.0
2015-03-29 05:00:00,-1.0,0.0
2015-03-29 05:15:00,-1.0,0.0
2015-03-29 05:30:00,2.0,1.758
2015-03-29 05:45:00,8.0,8.887
2015-03-29 06:00:00,20.5,17.285
2015-03-29 06:15:00,47.0,26.172
2015-03-29 06:30:00,72.0,162.988
2015-03-29 06:45:00,102.5,234.766
2015-03-29 07:00:00,160.5,312.402
2015-03-29 07:15:00,223.0,398.242
2015-03-29 07:30:00,272.0,487.207
2015-03-29 07:45:00,283.5,516.895
2015-03-29 08:00:00,147.5,405.957
2015-03-29 08:15:00,373.0,455.273
2015-03-29 08:30:00,309.5,641.992
2015-03-29 08:45:00,390.0,608.105
2015-03-29 09:00:00,412.0,814.355
2015-03-29 09:15:00,459.0,850.098
2015-03-29 09:30:00,469.5,977.734
2015-03-29 09:45:00,488.5,1023.047
2015-03-29 10:00:00,494.5,1005.859
2015-03-29 10:15:00,506.0,1082.129
2015-03-29 10:30:00,522.0,1117.773
2015-03-29 10:45:00,516.0,1139.063
2015-03-29 11:00:00,538.0,1162.109
2015-03-29 11:15:00,505.5,1153.125
2015-03-29 11:30:00,538.5,1164.453
2015-03-29 11:45:00,517.0,1157.91
2015-03-29 12:00:00,546.0,1113.672
2015-03-29 12:15:00,517.0,1179.297
2015-03-29 12:30:00,519.5,1165.918
2015-03-29 12:45:00,516.0,1117.48
2015-03-29 13:00:00,486.5,1095.313
2015-03-29 13:15:00,490.0,1104.883
2015-03-29 13:30:00,484.0,1075.684
2015-03-29 13:45:00,465.0,1028.613
2015-03-29 14:00:00,448.0,990.625
2015-03-29 14:15:00,432.0,945.117
2015-03-29 14:30:00,410.0,885.547
2015-03-29 14:45:00,381.0,837.207
2015-03-29 15:00:00,361.0,771.094
2015-03-29 15:15:00,330.5,710.645
2015-03-29 15:30:00,299.0,646.484
2015-03-29 15:45:00,259.0,567.48
2015-03-29 16:00:00,214.5,495.703
2015-03-29 16:15:00,203.0,425.098
2015-03-29 16:30:00,158.5,388.379
2015-03-29 16:45:00,106.5,288.867
2015-03-29 17:00:00,71.5,199.902
2015-03-29 17:15:00,41.5,153.223
2015-03-29 17:30:00,22.0,92.48
2015-03-29 17:45:00,7.0,31.738
2015-03-29 18:00:00,2.0,8.008
2015-03-29 18:15:00,0.0,2.051
2015-03-29 18:30:00,-1.0,0.391
2015-03-29 18:45:00,0.0,0.293
2015-03-29 19:00:00,0.0,0.293
2015-03-29 19:15:00,0.0,0.0
2015-03-29 19:30:00,0.0,0.293
2015-03-29 19:45:00,-1.0,0.195
2015-03-29 20:00:00,0.0,0.293
2015-03-29 20:15:00,0.0,0.293
2015-03-29 20:30:00,0.0,0.293
2015-03-29 20:45:00,0.0,0.391
2015-03-29 21:00:00,0.0,0.391
2015-03-29 21:15:00,0.0,0.293
2015-03-29 21:30:00,0.0,0.293
2015-03-29 21:45:00,0.0,0.293
2015-03-29 22:00:00,-1.0,0.195
2015-03-29 22:15:00,0.0,0.195
2015-03-29 22:30:00,0.0,0.195
2015-03-29 22:45:00,-1.0,0.195
2015-03-29 23:00:00,0.0,0.195
2015-03-29 23:15:00,0.0,0.195
2015-03-29 23:30:00,-1.0,0.0
2015-03-29 23:45:00,0.0,0.098
2015-03-30 00:00:00,0.0,0.098
2015-03-30 00:15:00,0.0,0.098
2015-03-30 00:30:00,0.0,0.0
2015-03-30 00:45:00,-1.0,0.098
2015-03-30 01:00:00,-1.0,0.098
2015-03-30 01:15:00,-1.0,0.098
2015-03-30 01:30:00,-1.0,0.098
2015-03-30 01:45:00,0.0,0.098
2015-03-30 02:00:00,-1.0,0.0
2015-03-30 02:15:00,-1.0,0.098
2015-03-30 02:30:00,-1.0,0.098
2015-03-30 02:45:00,-1.0,0.0
2015-03-30 03:00:00,-1.0,0.0
2015-03-30 03:15:00,-1.0,0.0
2015-03-30 03:30:00,-1.0,0.0
2015-03-30 03:45:00,-1.0,0.0
2015-03-30 04:00:00,-1.0,0.0
2015-03-30 04:15:00,-1.0,0.0
2015-03-30 04:30:00,0.0,0.0
2015-03-30 04:45:00,-1.0,0.0
2015-03-30 05:00:00,-1.0,0.0
2015-03-30 05:15:00,-1.0,0.0
2015-03-30 05:30:00,2.5,1.758
2015-03-30 05:45:00,8.5,9.57
2015-03-30 06:00:00,22.0,17.48
2015-03-30 06:15:00,49.0,34.766
2015-03-30 06:30:00,80.0,167.676
2015-03-30 06:45:00,121.5,212.109
2015-03-30 07:00:00,162.5,303.809
2015-03-30 07:15:00,203.0,374.414
2015-03-30 07:30:00,243.5,445.703
2015-03-30 07:45:00,279.0,516.602
2015-03-30 08:00:00,315.0,588.867
2015-03-30 08:15:00,345.5,656.348
2015-03-30 08:30:00,370.5,719.727
2015-03-30 08:45:00,396.5,781.738
2015-03-30 09:00:00,420.5,842.285
2015-03-30 09:15:00,441.0,893.164
2015-03-30 09:30:00,462.0,951.465
2015-03-30 09:45:00,479.5,1000.391
2015-03-30 10:00:00,492.5,1041.895
2015-03-30 10:15:00,504.0,1076.172
2015-03-30 10:30:00,513.0,1104.883
2015-03-30 10:45:00,522.0,1132.91
2015-03-30 11:00:00,525.5,1155.566
2015-03-30 11:15:00,525.0,1169.922
2015-03-30 11:30:00,524.5,1179.785
2015-03-30 11:45:00,523.5,1184.961
2015-03-30 12:00:00,523.0,1186.914
2015-03-30 12:15:00,521.5,1182.52
2015-03-30 12:30:00,513.0,1168.066
2015-03-30 12:45:00,508.5,1148.633
2015-03-30 13:00:00,496.5,1126.172
2015-03-30 13:15:00,484.0,1098.73
2015-03-30 13:30:00,478.5,1064.746
2015-03-30 13:45:00,479.0,1033.398
2015-03-30 14:00:00,454.0,990.527
2015-03-30 14:15:00,434.0,941.016
2015-03-30 14:30:00,419.5,887.598
2015-03-30 14:45:00,393.5,830.078
2015-03-30 15:00:00,361.0,769.336
2015-03-30 15:15:00,329.0,705.371
2015-03-30 15:30:00,300.0,638.477
2015-03-30 15:45:00,264.5,571.973
2015-03-30 16:00:00,228.5,502.344
2015-03-30 16:15:00,189.0,431.641
2015-03-30 16:30:00,150.5,361.523
2015-03-30 16:45:00,109.0,289.16
2015-03-30 17:00:00,70.5,221.973
2015-03-30 17:15:00,43.0,160.059
2015-03-30 17:30:00,22.5,95.508
2015-03-30 17:45:00,8.0,36.133
2015-03-30 18:00:00,2.0,10.254
2015-03-30 18:15:00,-1.0,2.344
2015-03-30 18:30:00,0.0,0.391
2015-03-30 18:45:00,0.0,0.293
2015-03-30 19:00:00,0.0,0.391
2015-03-30 19:15:00,0.0,0.293
2015-03-30 19:30:00,0.0,0.293
2015-03-30 19:45:00,-1.0,0.293
2015-03-30 20:00:00,-1.0,0.195
2015-03-30 20:15:00,0.0,0.293
2015-03-30 20:30:00,0.0,0.293
2015-03-30 20:45:00,-1.0,0.391
2015-03-30 21:00:00,0.0,0.391
2015-03-30 21:15:00,-1.0,0.391
2015-03-30 21:30:00,-1.0,0.488
2015-03-30 21:45:00,0.0,0.391
2015-03-30 22:00:00,-1.0,0.391
2015-03-30 22:15:00,-1.0,0.391
2015-03-30 22:30:00,0.0,0.293
2015-03-30 22:45:00,0.0,0.293
2015-03-30 23:00:00,-1.0,0.293
2015-03-30 23:15:00,-1.0,0.0
2015-03-30 23:30:00,0.0,0.195
2015-03-30 23:45:00,-1.0,0.0
2015-03-31 00:00:00,0.0,0.0
2015-03-31 00:15:00,-1.0,0.098
2015-03-31 00:30:00,-1.0,0.0
2015-03-31 00:45:00,0.0,0.0
2015-03-31 01:00:00,-1.0,0.0
2015-03-31 01:15:00,-1.0,0.098
2015-03-31 01:30:00,-1.0,0.0
2015-03-31 01:45:00,0.0,0.098
2015-03-31 02:00:00,-1.0,0.098
2015-03-31 02:15:00,-1.0,0.0
2015-03-31 02:30:00,-1.0,0.098
2015-03-31 02:45:00,-1.0,0.098
2015-03-31 03:00:00,-1.0,0.098
2015-03-31 03:15:00,-1.0,0.0
2015-03-31 03:30:00,-1.0,0.0
2015-03-31 03:45:00,-1.0,0.0
2015-03-31 04:00:00,-1.0,0.0
2015-03-31 04:15:00,0.0,0.0
2015-03-31 04:30:00,-1.0,0.0
2015-03-31 04:45:00,0.0,0.0
2015-03-31 05:00:00,-1.0,0.0
2015-03-31 05:15:00,-1.0,0.098
2015-03-31 05:30:00,3.0,2.734
2015-03-31 05:45:00,8.5,10.352
2015-03-31 06:00:00,18.0,17.969
2015-03-31 06:15:00,56.5,51.758
2015-03-31 06:30:00,88.0,181.25
2015-03-31 06:45:00,122.0,231.348
2015-03-31 07:00:00,182.0,305.176
2015-03-31 07:15:00,180.5,386.914
2015-03-31 07:30:00,264.5,441.602
2015-03-31 07:45:00,280.5,491.016
2015-03-31 08:00:00,265.5,461.035
2015-03-31 08:15:00,346.0,588.965
2015-03-31 08:30:00,391.5,738.672
2015-03-31 08:45:00,378.0,770.215
2015-03-31 09:00:00,398.5,750.098
2015-03-31 09:15:00,336.5,899.805
2015-03-31 09:30:00,431.0,744.824
2015-03-31 09:45:00,445.5,925.098
2015-03-31 10:00:00,468.0,1030.469
2015-03-31 10:15:00,552.5,1096.387
2015-03-31 10:30:00,311.0,817.09
2015-03-31 10:45:00,484.5,861.914
2015-03-31 11:00:00,552.0,1139.453
2015-03-31 11:15:00,560.5,1154.98
2015-03-31 11:30:00,577.0,1199.414
2015-03-31 11:45:00,552.0,1141.992
2015-03-31 12:00:00,535.5,1197.754
2015-03-31 12:15:00,583.5,1181.348
2015-03-31 12:30:00,572.0,1194.238
2015-03-31 12:45:00,566.0,1165.43
2015-03-31 13:00:00,555.5,1122.461
2015-03-31 13:15:00,376.5,957.715
2015-03-31 13:30:00,166.5,676.074
2015-03-31 13:45:00,239.5,506.348
2015-03-31 14:00:00,149.0,413.086
2015-03-31 14:15:00,141.0,319.434
2015-03-31 14:30:00,144.0,248.438
2015-03-31 14:45:00,134.0,256.445
2015-03-31 15:00:00,143.5,250.781
2015-03-31 15:15:00,108.5,241.797
2015-03-31 15:30:00,123.5,216.406
2015-03-31 15:45:00,96.5,195.02
2015-03-31 16:00:00,103.0,180.664
2015-03-31 16:15:00,267.5,291.504
2015-03-31 16:30:00,208.5,487.598
2015-03-31 16:45:00,153.5,385.156
2015-03-31 17:00:00,99.5,296.68
2015-03-31 17:15:00,56.0,199.512
2015-03-31 17:30:00,26.0,112.598
2015-03-31 17:45:00,8.5,31.934
2015-03-31 18:00:00,2.5,12.402
2015-03-31 18:15:00,-1.0,3.711
2015-03-31 18:30:00,-1.0,0.488
2015-03-31 18:45:00,0.0,0.195
2015-03-31 19:00:00,0.0,0.293
2015-03-31 19:15:00,-1.0,0.195
2015-03-31 19:30:00,-1.0,0.293
2015-03-31 19:45:00,0.0,0.195
2015-03-31 20:00:00,0.0,0.195
2015-03-31 20:15:00,0.0,0.195
2015-03-31 20:30:00,-1.0,0.0
2015-03-31 20:45:00,0.0,0.293
2015-03-31 21:00:00,-1.0,0.293
2015-03-31 21:15:00,0.0,0.293
2015-03-31 21:30:00,-1.0,0.293
2015-03-31 21:45:00,0.0,0.293
2015-03-31 22:00:00,-1.0,0.293
2015-03-31 22:15:00,0.0,0.293
2015-03-31 22:30:00,-1.0,0.293
2015-03-31 22:45:00,0.0,0.0
2015-03-31 23:00:00,0.0,0.195
2015-03-31 23:15:00,-1.0,0.293
2015-03-31 23:30:00,-1.0,0.195
2015-03-31 23:45:00,-1.0,0.195
2015-04-01 00:00:00,0.0,0.0
2015-04-01 00:15:00,0.0,0.195
2015-04-01 00:30:00,-1.0,0.098
2015-04-01 00:45:00,0.0,0.0
2015-04-01 01:00:00,-1.0,0.098
2015-04-01 01:15:00,-1.0,0.098
2015-04-01 01:30:00,0.0,0.098
2015-04-01 01:45:00,-1.0,0.098
2015-04-01 02:00:00,0.0,0.098
2015-04-01 02:15:00,-1.0,0.098
2015-04-01 02:30:00,-1.0,0.098
2015-04-01 02:45:00,-1.0,0.098
2015-04-01 03:00:00,-1.0,0.098
2015-04-01 03:15:00,-1.0,0.098
2015-04-01 03:30:00,-1.0,0.195
2015-04-01 03:45:00,-1.0,0.0
2015-04-01 04:00:00,-1.0,0.0
2015-04-01 04:15:00,-1.0,0.0
2015-04-01 04:30:00,-1.0,0.0
2015-04-01 04:45:00,-1.0,0.0
2015-04-01 05:00:00,-1.0,0.0
2015-04-01 05:15:00,-1.0,0.391
2015-04-01 05:30:00,3.0,3.027
2015-04-01 05:45:00,12.0,14.746
2015-04-01 06:00:00,28.0,32.813
2015-04-01 06:15:00,50.5,63.574
2015-04-01 06:30:00,76.5,141.895
2015-04-01 06:45:00,112.5,203.516
2015-04-01 07:00:00,160.5,277.93
2015-04-01 07:15:00,203.0,347.07
2015-04-01 07:30:00,234.0,416.113
2015-04-01 07:45:00,278.5,476.563
2015-04-01 08:00:00,313.0,554.102
2015-04-01 08:15:00,364.5,637.402
2015-04-01 08:30:00,400.5,715.234
2015-04-01 08:45:00,421.0,772.363
2015-04-01 09:00:00,445.5,828.613
2015-04-01 09:15:00,473.0,895.02
2015-04-01 09:30:00,490.5,948.242
2015-04-01 09:45:00,509.5,989.551
2015-04-01 10:00:00,527.5,1031.445
2015-04-01 10:15:00,548.5,1080.176
2015-04-01 10:30:00,567.5,1117.676
2015-04-01 10:45:00,569.0,1136.523
2015-04-01 11:00:00,577.0,1173.437
2015-04-01 11:15:00,546.0,1155.664
2015-04-01 11:30:00,574.0,1167.285
2015-04-01 11:45:00,573.5,1187.891
2015-04-01 12:00:00,511.5,1158.496
2015-04-01 12:15:00,556.5,1146.973
2015-04-01 12:30:00,546.5,1122.949
2015-04-01 12:45:00,533.5,1117.09
2015-04-01 13:00:00,489.0,1098.047
2015-04-01 13:15:00,523.0,1045.215
2015-04-01 13:30:00,496.0,1017.48
2015-04-01 13:45:00,500.0,970.215
2015-04-01 14:00:00,472.5,963.965
2015-04-01 14:15:00,457.0,927.637
2015-04-01 14:30:00,397.5,876.855
2015-04-01 14:45:00,404.0,829.59
2015-04-01 15:00:00,346.5,768.848
2015-04-01 15:15:00,332.0,674.707
2015-04-01 15:30:00,309.0,609.766
2015-04-01 15:45:00,286.0,550.098
2015-04-01 16:00:00,223.0,509.961
2015-04-01 16:15:00,202.5,442.676
2015-04-01 16:30:00,173.0,382.031
2015-04-01 16:45:00,113.0,300.781
2015-04-01 17:00:00,59.0,177.539
2015-04-01 17:15:00,38.0,89.063
2015-04-01 17:30:00,32.0,74.707
2015-04-01 17:45:00,18.0,60.645
2015-04-01 18:00:00,4.0,21.582
2015-04-01 18:15:00,-1.0,4.785
2015-04-01 18:30:00,-1.0,0.488
2015-04-01 18:45:00,0.0,0.195
2015-04-01 19:00:00,0.0,0.293
2015-04-01 19:15:00,-1.0,0.293
2015-04-01 19:30:00,-1.0,0.293
2015-04-01 19:45:00,0.0,0.0
2015-04-01 20:00:00,-1.0,0.391
2015-04-01 20:15:00,0.0,0.391
2015-04-01 20:30:00,-1.0,0.391
2015-04-01 20:45:00,-1.0,0.293
2015-04-01 21:00:00,0.0,0.391
2015-04-01 21:15:00,0.0,0.293
2015-04-01 21:30:00,-1.0,0.0
2015-04-01 21:45:00,0.0,0.293
2015-04-01 22:00:00,-1.0,0.195
2015-04-01 22:15:00,-1.0,0.195
2015-04-01 22:30:00,-1.0,0.293
2015-04-01 22:45:00,-1.0,0.195
2015-04-01 23:00:00,-1.0,0.293
2015-04-01 23:15:00,-1.0,0.293
2015-04-01 23:30:00,-1.0,0.195
2015-04-01 23:45:00,-1.0,0.195
2015-04-02 00:00:00,-1.0,0.293
2015-04-02 00:15:00,-1.0,0.293
2015-04-02 00:30:00,0.0,0.293
2015-04-02 00:45:00,-1.0,0.195
2015-04-02 01:00:00,-1.0,0.098
2015-04-02 01:15:00,-1.0,0.0
2015-04-02 01:30:00,-1.0,0.0
2015-04-02 01:45:00,0.0,0.0
2015-04-02 02:00:00,-1.0,0.0
2015-04-02 02:15:00,-1.0,0.0
2015-04-02 02:30:00,0.0,0.098
2015-04-02 02:45:00,0.0,0.0
2015-04-02 03:00:00,-1.0,0.098
2015-04-02 03:15:00,-1.0,0.0
2015-04-02 03:30:00,-1.0,0.0
2015-04-02 03:45:00,0.0,0.0
2015-04-02 04:00:00,-1.0,0.0
2015-04-02 04:15:00,-1.0,0.0
2015-04-02 04:30:00,0.0,0.0
2015-04-02 04:45:00,0.0,0.0
2015-04-02 05:00:00,-1.0,0.0
2015-04-02 05:15:00,-1.0,0.195
2015-04-02 05:30:00,4.5,3.32
2015-04-02 05:45:00,14.0,13.77
2015-04-02 06:00:00,30.0,24.121
2015-04-02 06:15:00,58.5,71.289
2015-04-02 06:30:00,83.0,187.5
2015-04-02 06:45:00,110.5,258.887
2015-04-02 07:00:00,181.5,336.035
2015-04-02 07:15:00,225.0,405.371
2015-04-02 07:30:00,270.5,471.582
2015-04-02 07:45:00,313.0,554.492
2015-04-02 08:00:00,354.0,620.117
2015-04-02 08:15:00,390.0,691.992
2015-04-02 08:30:00,424.5,756.25
2015-04-02 08:45:00,452.5,815.625
2015-04-02 09:00:00,479.5,876.074
2015-04-02 09:15:00,507.5,930.664
2015-04-02 09:30:00,531.0,979.98
2015-04-02 09:45:00,548.5,1025.098
2015-04-02 10:00:00,566.0,1066.602
2015-04-02 10:15:00,581.0,1104.395
2015-04-02 10:30:00,591.0,1134.082
2015-04-02 10:45:00,594.5,1156.641
2015-04-02 11:00:00,599.0,1173.242
2015-04-02 11:15:00,603.0,1184.961
2015-04-02 11:30:00,608.5,1193.945
2015-04-02 11:45:00,606.5,1199.512
2015-04-02 12:00:00,605.5,1198.047
2015-04-02 12:15:00,598.0,1194.824
2015-04-02 12:30:00,596.0,1183.691
2015-04-02 12:45:00,587.0,1167.383
2015-04-02 13:00:00,562.5,1144.824
2015-04-02 13:15:00,556.0,1117.969
2015-04-02 13:30:00,541.0,1084.961
2015-04-02 13:45:00,521.5,1048.242
2015-04-02 14:00:00,502.0,1006.25
2015-04-02 14:15:00,479.5,960.938
2015-04-02 14:30:00,458.0,909.668
2015-04-02 14:45:00,436.0,853.906
2015-04-02 15:00:00,404.0,795.41
2015-04-02 15:15:00,369.5,731.738
2015-04-02 15:30:00,335.0,665.82
2015-04-02 15:45:00,300.0,597.559
2015-04-02 16:00:00,259.0,529.102
2015-04-02 16:15:00,217.0,457.715
2015-04-02 16:30:00,170.5,385.352
2015-04-02 16:45:00,128.5,313.281
2015-04-02 17:00:00,83.0,244.043
2015-04-02 17:15:00,50.5,178.516
2015-04-02 17:30:00,26.0,108.887
2015-04-02 17:45:00,10.5,45.117
2015-04-02 18:00:00,3.0,12.598
2015-04-02 18:15:00,-1.0,3.516
2015-04-02 18:30:00,-1.0,0.293
2015-04-02 18:45:00,0.0,0.0
2015-04-02 19:00:00,-1.0,0.098
2015-04-02 19:15:00,0.0,0.098
2015-04-02 19:30:00,0.0,0.098
2015-04-02 19:45:00,0.0,0.195
2015-04-02 20:00:00,-1.0,0.0
2015-04-02 20:15:00,0.0,0.098
2015-04-02 20:30:00,-1.0,0.098
2015-04-02 20:45:00,-1.0,0.0
2015-04-02 21:00:00,-1.0,0.0
2015-04-02 21:15:00,0.0,0.0
2015-04-02 21:30:00,0.0,0.0
2015-04-02 21:45:00,0.0,0.0
2015-04-02 22:00:00,0.0,0.0
2015-04-02 22:15:00,-1.0,0.0
2015-04-02 22:30:00,0.0,0.0
2015-04-02 22:45:00,0.0,0.0
2015-04-02 23:00:00,0.0,0.0
2015-04-02 23:15:00,0.0,0.0
2015-04-02 23:30:00,-1.0,0.0
2015-04-02 23:45:00,0.0,0.0
2015-04-03 00:00:00,0.0,0.0
2015-04-03 00:15:00,0.0,0.0
2015-04-03 00:30:00,0.0,0.0
2015-04-03 00:45:00,-1.0,0.098
2015-04-03 01:00:00,-1.0,0.098
2015-04-03 01:15:00,-1.0,0.098
2015-04-03 01:30:00,-1.0,0.098
2015-04-03 01:45:00,0.0,0.098
2015-04-03 02:00:00,0.0,0.098
2015-04-03 02:15:00,-1.0,0.195
2015-04-03 02:30:00,-1.0,0.098
2015-04-03 02:45:00,-1.0,0.098
2015-04-03 03:00:00,-1.0,0.195
2015-04-03 03:15:00,0.0,0.0
2015-04-03 03:30:00,-1.0,0.098
2015-04-03 03:45:00,-1.0,0.098
2015-04-03 04:00:00,-1.0,0.195
2015-04-03 04:15:00,-1.0,0.195
2015-04-03 04:30:00,-1.0,0.195
2015-04-03 04:45:00,0.0,0.195
2015-04-03 05:00:00,-1.0,0.195
2015-04-03 05:15:00,-1.0,0.684
2015-04-03 05:30:00,-1.0,4.59
2015-04-03 05:45:00,13.5,14.355
2015-04-03 06:00:00,31.5,23.926
2015-04-03 06:15:00,61.0,84.082
2015-04-03 06:30:00,97.0,192.871
2015-04-03 06:45:00,143.0,265.527
2015-04-03 07:00:00,187.5,342.09
2015-04-03 07:15:00,230.0,410.84
2015-04-03 07:30:00,273.0,477.539
2015-04-03 07:45:00,313.5,560.449
2015-04-03 08:00:00,356.0,630.469
2015-04-03 08:15:00,394.5,701.172
2015-04-03 08:30:00,429.0,766.406
2015-04-03 08:45:00,459.5,827.637
2015-04-03 09:00:00,485.0,886.523
2015-04-03 09:15:00,508.0,942.578
2015-04-03 09:30:00,527.5,992.578
2015-04-03 09:45:00,540.5,1038.965
2015-04-03 10:00:00,558.0,1079.98
2015-04-03 10:15:00,571.5,1115.332
2015-04-03 10:30:00,575.5,1147.266
2015-04-03 10:45:00,588.5,1172.656
2015-04-03 11:00:00,588.5,1190.625
2015-04-03 11:15:00,595.0,1205.762
2015-04-03 11:30:00,594.0,1215.039
2015-04-03 11:45:00,590.5,1221.191
2015-04-03 12:00:00,589.5,1218.164
2015-04-03 12:15:00,568.0,1212.5
2015-04-03 12:30:00,583.0,1187.012
2015-04-03 12:45:00,561.5,1185.84
2015-04-03 13:00:00,545.0,1161.816
2015-04-03 13:15:00,538.0,1138.867
2015-04-03 13:30:00,502.5,1099.121
2015-04-03 13:45:00,511.0,1052.539
2015-04-03 14:00:00,487.0,1024.512
2015-04-03 14:15:00,476.5,970.605
2015-04-03 14:30:00,452.0,913.672
2015-04-03 14:45:00,428.5,863.77
2015-04-03 15:00:00,395.5,788.574
2015-04-03 15:15:00,371.0,745.703
2015-04-03 15:30:00,335.0,683.887
2015-04-03 15:45:00,298.0,603.711
2015-04-03 16:00:00,251.0,541.113
2015-04-03 16:15:00,224.5,473.438
2015-04-03 16:30:00,176.0,401.758
2015-04-03 16:45:00,132.0,324.707
2015-04-03 17:00:00,84.0,252.637
2015-04-03 17:15:00,54.0,186.133
2015-04-03 17:30:00,27.5,106.641
2015-04-03 17:45:00,10.5,42.48
2015-04-03 18:00:00,4.0,12.988
2015-04-03 18:15:00,-1.0,4.199
2015-04-03 18:30:00,0.0,0.391
2015-04-03 18:45:00,0.0,0.0
2015-04-03 19:00:00,0.0,0.098
2015-04-03 19:15:00,-1.0,0.0
2015-04-03 19:30:00,-1.0,0.0
2015-04-03 19:45:00,0.0,0.0
2015-04-03 20:00:00,-1.0,0.0
2015-04-03 20:15:00,-1.0,0.0
2015-04-03 20:30:00,0.0,0.0
2015-04-03 20:45:00,-1.0,0.098
2015-04-03 21:00:00,-1.0,0.098
2015-04-03 21:15:00,0.0,0.098
2015-04-03 21:30:00,-1.0,0.098
2015-04-03 21:45:00,0.0,0.0
2015-04-03 22:00:00,0.0,0.098
2015-04-03 22:15:00,0.0,0.0
2015-04-03 22:30:00,-1.0,0.0
2015-04-03 22:45:00,-1.0,0.0
2015-04-03 23:00:00,-1.0,0.0
2015-04-03 23:15:00,0.0,0.0
2015-04-03 23:30:00,0.0,0.0
2015-04-03 23:45:00,-1.0,0.0
2015-04-04 00:00:00,-1.0,0.0
2015-04-04 00:15:00,-1.0,0.0
2015-04-04 00:30:00,-1.0,0.0
2015-04-04 00:45:00,-1.0,0.098
2015-04-04 01:00:00,-1.0,0.098
2015-04-04 01:15:00,-1.0,0.195
2015-04-04 01:30:00,-1.0,0.098
2015-04-04 01:45:00,-1.0,0.195
2015-04-04 02:00:00,-1.0,0.195
2015-04-04 02:15:00,-1.0,0.195
2015-04-04 02:30:00,-1.0,0.098
2015-04-04 02:45:00,-1.0,0.098
2015-04-04 03:00:00,-1.0,0.098
2015-04-04 03:15:00,-1.0,0.0
2015-04-04 03:30:00,-1.0,0.0
2015-04-04 03:45:00,0.0,0.0
2015-04-04 04:00:00,-1.0,0.0
2015-04-04 04:15:00,-1.0,0.0
2015-04-04 04:30:00,-1.0,0.0
2015-04-04 04:45:00,-1.0,0.0
2015-04-04 05:00:00,-1.0,0.0
2015-04-04 05:15:00,-1.0,0.293
2015-04-04 05:30:00,-1.0,4.688
2015-04-04 05:45:00,14.0,14.648
2015-04-04 06:00:00,32.0,23.145
2015-04-04 06:15:00,60.5,95.215
2015-04-04 06:30:00,85.5,201.27
2015-04-04 06:45:00,126.5,272.07
2015-04-04 07:00:00,193.0,348.242
2015-04-04 07:15:00,236.0,410.938
2015-04-04 07:30:00,278.0,486.816
2015-04-04 07:45:00,317.0,566.504
2015-04-04 08:00:00,353.0,636.816
2015-04-04 08:15:00,384.0,707.52
2015-04-04 08:30:00,413.0,774.414
2015-04-04 08:45:00,437.0,837.207
2015-04-04 09:00:00,459.5,892.773
2015-04-04 09:15:00,484.5,949.609
2015-04-04 09:30:00,501.5,1000.098
2015-04-04 09:45:00,515.0,1043.262
2015-04-04 10:00:00,530.5,1083.008
2015-04-04 10:15:00,533.5,1119.238
2015-04-04 10:30:00,543.0,1148.438
2015-04-04 10:45:00,550.0,1173.633
2015-04-04 11:00:00,554.0,1191.797
2015-04-04 11:15:00,558.5,1206.055
2015-04-04 11:30:00,556.5,1212.207
2015-04-04 11:45:00,556.0,1216.406
2015-04-04 12:00:00,555.5,1217.383
2015-04-04 12:15:00,554.5,1211.719
2015-04-04 12:30:00,546.0,1199.414
2015-04-04 12:45:00,540.0,1185.547
2015-04-04 13:00:00,531.0,1165.527
2015-04-04 13:15:00,519.5,1137.207
2015-04-04 13:30:00,508.5,1102.93
2015-04-04 13:45:00,494.5,1063.574
2015-04-04 14:00:00,473.5,1021.973
2015-04-04 14:15:00,465.5,981.445
2015-04-04 14:30:00,442.0,938.379
2015-04-04 14:45:00,414.0,875.488
2015-04-04 15:00:00,390.5,819.629
2015-04-04 15:15:00,359.5,751.758
2015-04-04 15:30:00,331.0,684.668
2015-04-04 15:45:00,290.0,612.793
2015-04-04 16:00:00,253.5,532.813
2015-04-04 16:15:00,213.0,463.086
2015-04-04 16:30:00,172.0,389.648
2015-04-04 16:45:00,128.5,319.336
2015-04-04 17:00:00,83.5,250.879
2015-04-04 17:15:00,51.5,185.449
2015-04-04 17:30:00,27.0,115.625
2015-04-04 17:45:00,10.5,49.707
2015-04-04 18:00:00,4.0,12.5
2015-04-04 18:15:00,-1.0,3.906
2015-04-04 18:30:00,-1.0,0.488
2015-04-04 18:45:00,-1.0,0.293
2015-04-04 19:00:00,0.0,0.195
2015-04-04 19:15:00,0.0,0.098
2015-04-04 19:30:00,0.0,0.195
2015-04-04 19:45:00,0.0,0.098
2015-04-04 20:00:00,0.0,0.098
2015-04-04 20:15:00,0.0,0.0
2015-04-04 20:30:00,0.0,0.098
2015-04-04 20:45:00,-1.0,0.098
2015-04-04 21:00:00,0.0,0.098
2015-04-04 21:15:00,0.0,0.0
2015-04-04 21:30:00,0.0,0.0
2015-04-04 21:45:00,-1.0,0.0
2015-04-04 22:00:00,-1.0,0.0
2015-04-04 22:15:00,0.0,0.0
2015-04-04 22:30:00,-1.0,0.0
2015-04-04 22:45:00,-1.0,0.0
2015-04-04 23:00:00,-1.0,0.0
2015-04-04 23:15:00,0.0,0.0
2015-04-04 23:30:00,0.0,0.0
2015-04-04 23:45:00,-1.0,0.098
2015-04-05 00:00:00,-1.0,0.098
2015-04-05 00:15:00,-1.0,0.098
2015-04-05 00:30:00,-1.0,0.0
2015-04-05 00:45:00,0.0,0.0
2015-04-05 01:00:00,0.0,0.098
2015-04-05 01:15:00,0.0,0.195
2015-04-05 01:30:00,0.0,0.098
2015-04-05 01:45:00,-1.0,0.0
2015-04-05 02:00:00,-1.0,0.0
2015-04-05 02:15:00,-1.0,0.0
2015-04-05 02:30:00,-1.0,0.0
2015-04-05 02:45:00,-1.0,0.0
2015-04-05 03:00:00,-1.0,0.0
2015-04-05 03:15:00,-1.0,0.098
2015-04-05 03:30:00,-1.0,0.0
2015-04-05 03:45:00,-1.0,0.0
2015-04-05 04:00:00,-1.0,0.0
2015-04-05 04:15:00,-1.0,0.0
2015-04-05 04:30:00,-1.0,0.0
2015-04-05 04:45:00,-1.0,0.0
2015-04-05 05:00:00,-1.0,0.0
2015-04-05 05:15:00,1.0,0.781
2015-04-05 05:30:00,-1.0,6.836
2015-04-05 05:45:00,17.5,18.164
2015-04-05 06:00:00,37.0,27.832
2015-04-05 06:15:00,62.5,107.52
2015-04-05 06:30:00,87.5,204.785
2015-04-05 06:45:00,136.0,278.418
2015-04-05 07:00:00,199.5,362.891
2015-04-05 07:15:00,213.5,385.84
2015-04-05 07:30:00,280.5,470.215
2015-04-05 07:45:00,303.5,526.27
2015-04-05 08:00:00,346.0,610.84
2015-04-05 08:15:00,384.5,674.707
2015-04-05 08:30:00,420.5,760.352
2015-04-05 08:45:00,454.5,819.629
2015-04-05 09:00:00,477.0,893.652
2015-04-05 09:15:00,513.0,944.434
2015-04-05 09:30:00,527.0,1002.539
2015-04-05 09:45:00,540.5,1025.879
2015-04-05 10:00:00,552.5,1074.707
2015-04-05 10:15:00,562.5,1095.703
2015-04-05 10:30:00,547.0,1139.844
2015-04-05 10:45:00,574.0,1123.047
2015-04-05 11:00:00,579.0,1150.977
2015-04-05 11:15:00,363.5,1009.863
2015-04-05 11:30:00,433.0,946.973
2015-04-05 11:45:00,466.0,792.773
2015-04-05 12:00:00,382.0,828.027
2015-04-05 12:15:00,504.5,907.227
2015-04-05 12:30:00,463.5,949.316
2015-04-05 12:45:00,366.5,745.313
2015-04-05 13:00:00,320.5,614.941
2015-04-05 13:15:00,307.0,550.0
2015-04-05 13:30:00,311.5,549.219
2015-04-05 13:45:00,348.0,594.727
2015-04-05 14:00:00,481.0,799.609
2015-04-05 14:15:00,292.5,602.441
2015-04-05 14:30:00,251.0,601.758
2015-04-05 14:45:00,257.0,418.945
2015-04-05 15:00:00,394.5,642.09
2015-04-05 15:15:00,213.5,680.859
2015-04-05 15:30:00,421.0,562.012
2015-04-05 15:45:00,385.0,621.582
2015-04-05 16:00:00,284.0,580.469
2015-04-05 16:15:00,141.0,503.418
2015-04-05 16:30:00,233.5,391.895
2015-04-05 16:45:00,174.0,406.25
2015-04-05 17:00:00,116.0,311.621
2015-04-05 17:15:00,65.0,209.863
2015-04-05 17:30:00,30.0,118.359
2015-04-05 17:45:00,13.5,50.293
2015-04-05 18:00:00,4.5,16.016
2015-04-05 18:15:00,-1.0,4.297
2015-04-05 18:30:00,-1.0,0.684
2015-04-05 18:45:00,0.0,0.293
2015-04-05 19:00:00,0.0,0.195
2015-04-05 19:15:00,0.0,0.098
2015-04-05 19:30:00,0.0,0.195
2015-04-05 19:45:00,-1.0,0.098
2015-04-05 20:00:00,0.0,0.098
2015-04-05 20:15:00,0.0,0.098
2015-04-05 20:30:00,0.0,0.098
2015-04-05 20:45:00,0.0,0.098
2015-04-05 21:00:00,0.0,0.0
2015-04-05 21:15:00,0.0,0.0
2015-04-05 21:30:00,-1.0,0.195
2015-04-05 21:45:00,0.0,0.195
2015-04-05 22:00:00,-1.0,0.195
2015-04-05 22:15:00,0.0,0.195
2015-04-05 22:30:00,0.0,0.195
2015-04-05 22:45:00,-1.0,0.098
2015-04-05 23:00:00,-1.0,0.098
2015-04-05 23:15:00,-1.0,0.0
2015-04-05 23:30:00,0.0,0.098
2015-04-05 23:45:00,0.0,0.0
2015-04-06 00:00:00,0.0,0.0
2015-04-06 00:15:00,0.0,0.0
2015-04-06 00:30:00,0.0,0.0
2015-04-06 00:45:00,0.0,0.0
2015-04-06 01:00:00,-1.0,0.0
2015-04-06 01:15:00,-1.0,0.0
2015-04-06 01:30:00,-1.0,0.0
2015-04-06 01:45:00,-1.0,0.0
2015-04-06 02:00:00,0.0,0.0
2015-04-06 02:15:00,-1.0,0.0
2015-04-06 02:30:00,0.0,0.0
2015-04-06 02:45:00,-1.0,0.0
2015-04-06 03:00:00,-1.0,0.098
2015-04-06 03:15:00,-1.0,0.098
2015-04-06 03:30:00,-1.0,0.098
2015-04-06 03:45:00,-1.0,0.0
2015-04-06 04:00:00,0.0,0.098
2015-04-06 04:15:00,-1.0,0.098
2015-04-06 04:30:00,0.0,0.195
2015-04-06 04:45:00,-1.0,0.098
2015-04-06 05:00:00,-1.0,0.098
2015-04-06 05:15:00,2.0,1.172
2015-04-06 05:30:00,-1.0,7.129
2015-04-06 05:45:00,18.5,16.406
2015-04-06 06:00:00,24.0,25.098
2015-04-06 06:15:00,65.0,108.691
2015-04-06 06:30:00,106.5,207.617
2015-04-06 06:45:00,151.5,277.441
2015-04-06 07:00:00,195.5,353.418
2015-04-06 07:15:00,234.0,416.406
2015-04-06 07:30:00,285.5,492.578
2015-04-06 07:45:00,326.0,566.211
2015-04-06 08:00:00,363.5,631.152
2015-04-06 08:15:00,398.0,701.953
2015-04-06 08:30:00,429.0,763.477
2015-04-06 08:45:00,457.5,825.195
2015-04-06 09:00:00,478.5,879.59
2015-04-06 09:15:00,498.0,933.496
2015-04-06 09:30:00,522.0,982.129
2015-04-06 09:45:00,546.0,1027.441
2015-04-06 10:00:00,557.5,1068.848
2015-04-06 10:15:00,573.0,1103.223
2015-04-06 10:30:00,584.5,1132.129
2015-04-06 10:45:00,592.5,1158.301
2015-04-06 11:00:00,600.5,1178.516
2015-04-06 11:15:00,612.0,1192.871
2015-04-06 11:30:00,616.0,1205.664
2015-04-06 11:45:00,618.0,1205.371
2015-04-06 12:00:00,610.5,1206.445
2015-04-06 12:15:00,626.0,1212.207
2015-04-06 12:30:00,526.5,1069.824
2015-04-06 12:45:00,560.0,922.363
2015-04-06 13:00:00,558.0,1181.055
2015-04-06 13:15:00,285.5,663.77
2015-04-06 13:30:00,338.0,582.227
2015-04-06 13:45:00,332.0,917.773
2015-04-06 14:00:00,214.5,716.699
2015-04-06 14:15:00,562.5,705.371
2015-04-06 14:30:00,447.5,913.574
2015-04-06 14:45:00,461.5,908.008
2015-04-06 15:00:00,410.0,802.539
2015-04-06 15:15:00,376.5,729.199
2015-04-06 15:30:00,346.0,667.871
2015-04-06 15:45:00,307.5,604.688
2015-04-06 16:00:00,261.5,527.148
2015-04-06 16:15:00,216.0,446.973
2015-04-06 16:30:00,172.0,378.027
2015-04-06 16:45:00,129.5,297.168
2015-04-06 17:00:00,88.0,230.273
2015-04-06 17:15:00,54.0,170.117
2015-04-06 17:30:00,29.5,97.363
2015-04-06 17:45:00,14.0,47.852
2015-04-06 18:00:00,4.0,16.211
2015-04-06 18:15:00,-1.0,3.516
2015-04-06 18:30:00,0.0,0.293
2015-04-06 18:45:00,-1.0,0.098
2015-04-06 19:00:00,0.0,0.098
2015-04-06 19:15:00,0.0,0.195
2015-04-06 19:30:00,0.0,0.098
2015-04-06 19:45:00,-1.0,0.0
2015-04-06 20:00:00,0.0,0.098
2015-04-06 20:15:00,0.0,0.098
2015-04-06 20:30:00,0.0,0.098
2015-04-06 20:45:00,0.0,0.0
2015-04-06 21:00:00,0.0,0.0
2015-04-06 21:15:00,0.0,0.0
2015-04-06 21:30:00,0.0,0.0
2015-04-06 21:45:00,0.0,0.0
2015-04-06 22:00:00,0.0,0.0
2015-04-06 22:15:00,0.0,0.0
2015-04-06 22:30:00,-1.0,0.0
2015-04-06 22:45:00,0.0,0.0
2015-04-06 23:00:00,0.0,0.0
2015-04-06 23:15:00,0.0,0.0
2015-04-06 23:30:00,-1.0,0.0
2015-04-06 23:45:00,-1.0,0.0
2015-04-07 00:00:00,-1.0,0.0
2015-04-07 00:15:00,0.0,0.0
2015-04-07 00:30:00,0.0,0.0
2015-04-07 00:45:00,-1.0,0.098
2015-04-07 01:00:00,-1.0,0.098
2015-04-07 01:15:00,0.0,0.098
2015-04-07 01:30:00,0.0,0.098
2015-04-07 01:45:00,0.0,0.195
2015-04-07 02:00:00,-1.0,0.0
2015-04-07 02:15:00,0.0,0.098
2015-04-07 02:30:00,-1.0,0.098
2015-04-07 02:45:00,-1.0,0.098
2015-04-07 03:00:00,0.0,0.098
2015-04-07 03:15:00,0.0,0.098
2015-04-07 03:30:00,-1.0,0.098
2015-04-07 03:45:00,-1.0,0.098
2015-04-07 04:00:00,0.0,0.0
2015-04-07 04:15:00,-1.0,0.0
2015-04-07 04:30:00,-1.0,0.0
2015-04-07 04:45:00,-1.0,0.0
2015-04-07 05:00:00,-1.0,0.098
2015-04-07 05:15:00,1.0,0.879
2015-04-07 05:30:00,-1.0,8.203
2015-04-07 05:45:00,24.0,27.246
2015-04-07 06:00:00,43.5,46.973
2015-04-07 06:15:00,65.0,129.492
2015-04-07 06:30:00,90.0,198.34
2015-04-07 06:45:00,130.5,268.457
2015-04-07 07:00:00,193.5,332.227
2015-04-07 07:15:00,238.5,404.395
2015-04-07 07:30:00,282.0,477.734
2015-04-07 07:45:00,315.5,552.246
2015-04-07 08:00:00,362.5,605.371
2015-04-07 08:15:00,410.0,705.078
2015-04-07 08:30:00,436.5,759.375
2015-04-07 08:45:00,447.5,793.066
2015-04-07 09:00:00,494.5,867.285
2015-04-07 09:15:00,513.0,920.801
2015-04-07 09:30:00,535.0,975.977
2015-04-07 09:45:00,558.5,1021.289
2015-04-07 10:00:00,575.5,1066.016
2015-04-07 10:15:00,587.0,1100.391
2015-04-07 10:30:00,596.0,1129.98
2015-04-07 10:45:00,606.0,1155.371
2015-04-07 11:00:00,619.0,1176.367
2015-04-07 11:15:00,606.0,1187.012
2015-04-07 11:30:00,607.5,1192.676
2015-04-07 11:45:00,601.0,1199.121
2015-04-07 12:00:00,604.5,1196.68
2015-04-07 12:15:00,607.5,1191.992
2015-04-07 12:30:00,602.5,1180.273
2015-04-07 12:45:00,597.0,1161.133
2015-04-07 13:00:00,581.5,1139.453
2015-04-07 13:15:00,573.5,1113.281
2015-04-07 13:30:00,559.5,1080.859
2015-04-07 13:45:00,538.0,1042.871
2015-04-07 14:00:00,514.0,995.41
2015-04-07 14:15:00,488.5,947.461
2015-04-07 14:30:00,467.0,890.625
2015-04-07 14:45:00,444.0,836.426
2015-04-07 15:00:00,405.0,773.926
2015-04-07 15:15:00,368.5,712.695
2015-04-07 15:30:00,333.0,640.82
2015-04-07 15:45:00,308.0,586.914
2015-04-07 16:00:00,263.0,530.566
2015-04-07 16:15:00,217.0,447.852
2015-04-07 16:30:00,168.0,359.57
2015-04-07 16:45:00,130.5,291.016
2015-04-07 17:00:00,87.0,230.664
2015-04-07 17:15:00,58.5,173.047
2015-04-07 17:30:00,33.0,101.074
2015-04-07 17:45:00,14.5,47.852
2015-04-07 18:00:00,5.0,18.652
2015-04-07 18:15:00,-1.0,0.0
2015-04-07 18:30:00,0.0,0.684
2015-04-07 18:45:00,-1.0,0.098
2015-04-07 19:00:00,-1.0,0.0
2015-04-07 19:15:00,0.0,0.098
2015-04-07 19:30:00,0.0,0.0
2015-04-07 19:45:00,0.0,0.0
2015-04-07 20:00:00,0.0,0.098
2015-04-07 20:15:00,-1.0,0.0
2015-04-07 20:30:00,0.0,0.0
2015-04-07 20:45:00,0.0,0.0
2015-04-07 21:00:00,0.0,0.0
2015-04-07 21:15:00,0.0,0.0
2015-04-07 21:30:00,0.0,0.0
2015-04-07 21:45:00,-1.0,0.0
2015-04-07 22:00:00,-1.0,0.0
2015-04-07 22:15:00,0.0,0.0
2015-04-07 22:30:00,-1.0,0.0
2015-04-07 22:45:00,-1.0,0.0
2015-04-07 23:00:00,0.0,0.0
2015-04-07 23:15:00,-1.0,0.0
2015-04-07 23:30:00,0.0,0.098
2015-04-07 23:45:00,0.0,0.098
2015-04-08 00:00:00,0.0,0.098
2015-04-08 00:15:00,-1.0,0.098
2015-04-08 00:30:00,-1.0,0.098
2015-04-08 00:45:00,-1.0,0.098
2015-04-08 01:00:00,-1.0,0.195
2015-04-08 01:15:00,-1.0,0.098
2015-04-08 01:30:00,-1.0,0.098
2015-04-08 01:45:00,-1.0,0.098
2015-04-08 02:00:00,-1.0,0.098
2015-04-08 02:15:00,0.0,0.098
2015-04-08 02:30:00,-1.0,0.0
2015-04-08 02:45:00,-1.0,0.195
2015-04-08 03:00:00,-1.0,0.098
2015-04-08 03:15:00,-1.0,0.195
2015-04-08 03:30:00,0.0,0.195
2015-04-08 03:45:00,0.0,0.0
2015-04-08 04:00:00,-1.0,0.195
2015-04-08 04:15:00,0.0,0.195
2015-04-08 04:30:00,-1.0,0.293
2015-04-08 04:45:00,-1.0,0.0
2015-04-08 05:00:00,-1.0,0.293
2015-04-08 05:15:00,2.0,1.563
2015-04-08 05:30:00,-1.0,8.789
2015-04-08 05:45:00,20.5,17.871
2015-04-08 06:00:00,42.5,24.316
2015-04-08 06:15:00,72.5,144.727
2015-04-08 06:30:00,97.5,216.895
2015-04-08 06:45:00,131.5,287.891
2015-04-08 07:00:00,202.5,360.254
2015-04-08 07:15:00,246.0,430.762
2015-04-08 07:30:00,287.5,501.074
2015-04-08 07:45:00,324.5,576.465
2015-04-08 08:00:00,364.5,645.117
2015-04-08 08:15:00,401.5,711.816
2015-04-08 08:30:00,436.0,774.902
2015-04-08 08:45:00,469.0,838.477
2015-04-08 09:00:00,496.0,892.09
2015-04-08 09:15:00,517.5,945.313
2015-04-08 09:30:00,539.0,995.703
2015-04-08 09:45:00,557.5,1040.43
2015-04-08 10:00:00,576.0,1080.371
2015-04-08 10:15:00,594.0,1116.504
2015-04-08 10:30:00,601.0,1157.52
2015-04-08 10:45:00,609.5,1176.855
2015-04-08 11:00:00,690.5,1028.125
2015-04-08 11:15:00,611.5,1279.98
2015-04-08 11:30:00,666.0,1261.719
2015-04-08 11:45:00,487.0,1194.434
2015-04-08 12:00:00,201.5,1214.941
2015-04-08 12:15:00,170.5,484.18
2015-04-08 12:30:00,302.0,399.219
2015-04-08 12:45:00,686.5,633.301
2015-04-08 13:00:00,590.5,1188.379
2015-04-08 13:15:00,577.5,1142.871
2015-04-08 13:30:00,564.0,1103.223
2015-04-08 13:45:00,535.0,1072.266
2015-04-08 14:00:00,517.5,1013.379
2015-04-08 14:15:00,493.0,966.113
2015-04-08 14:30:00,471.0,924.414
2015-04-08 14:45:00,442.5,870.117
2015-04-08 15:00:00,418.5,810.254
2015-04-08 15:15:00,385.0,746.387
2015-04-08 15:30:00,353.0,681.543
2015-04-08 15:45:00,313.0,614.063
2015-04-08 16:00:00,273.0,547.266
2015-04-08 16:15:00,229.5,475.879
2015-04-08 16:30:00,186.5,402.441
2015-04-08 16:45:00,140.0,332.52
2015-04-08 17:00:00,95.0,262.598
2015-04-08 17:15:00,58.5,195.801
2015-04-08 17:30:00,31.5,127.441
2015-04-08 17:45:00,14.5,58.887
2015-04-08 18:00:00,5.0,16.406
2015-04-08 18:15:00,-1.0,5.566
2015-04-08 18:30:00,0.0,0.684
2015-04-08 18:45:00,0.0,0.098
2015-04-08 19:00:00,0.0,0.0
2015-04-08 19:15:00,0.0,0.0
2015-04-08 19:30:00,0.0,0.0
2015-04-08 19:45:00,-1.0,0.0
2015-04-08 20:00:00,-1.0,0.0
2015-04-08 20:15:00,-1.0,0.0
2015-04-08 20:30:00,0.0,0.0
2015-04-08 20:45:00,0.0,0.0
2015-04-08 21:00:00,0.0,0.0
2015-04-08 21:15:00,0.0,0.0
2015-04-08 21:30:00,0.0,0.0
2015-04-08 21:45:00,0.0,0.0
2015-04-08 22:00:00,0.0,0.098
2015-04-08 22:15:00,0.0,0.0
2015-04-08 22:30:00,0.0,0.0
2015-04-08 22:45:00,0.0,0.098
2015-04-08 23:00:00,0.0,0.0
2015-04-08 23:15:00,-1.0,0.0
2015-04-08 23:30:00,-1.0,0.098
2015-04-08 23:45:00,0.0,0.098
2015-04-09 00:00:00,0.0,0.0
2015-04-09 00:15:00,0.0,0.0
2015-04-09 00:30:00,-1.0,0.0
2015-04-09 00:45:00,-1.0,0.0
2015-04-09 01:00:00,-1.0,0.0
2015-04-09 01:15:00,0.0,0.098
2015-04-09 01:30:00,-1.0,0.098
2015-04-09 01:45:00,-1.0,0.098
2015-04-09 02:00:00,-1.0,0.0
2015-04-09 02:15:00,-1.0,0.098
2015-04-09 02:30:00,-1.0,0.098
2015-04-09 02:45:00,-1.0,0.098
2015-04-09 03:00:00,-1.0,0.098
2015-04-09 03:15:00,-1.0,0.098
2015-04-09 03:30:00,-1.0,0.0
2015-04-09 03:45:00,-1.0,0.098
2015-04-09 04:00:00,-1.0,0.0
2015-04-09 04:15:00,-1.0,0.0
2015-04-09 04:30:00,-1.0,0.0
2015-04-09 04:45:00,-1.0,0.098
2015-04-09 05:00:00,-1.0,0.098
2015-04-09 05:15:00,2.5,2.148
2015-04-09 05:30:00,8.5,7.813
2015-04-09 05:45:00,18.5,27.539
2015-04-09 06:00:00,35.5,41.699
2015-04-09 06:15:00,49.5,97.07
2015-04-09 06:30:00,160.5,238.086
2015-04-09 06:45:00,146.0,225.781
2015-04-09 07:00:00,182.0,246.875
2015-04-09 07:15:00,247.5,422.754
2015-04-09 07:30:00,241.5,461.328
2015-04-09 07:45:00,261.0,532.129
2015-04-09 08:00:00,247.0,536.426
2015-04-09 08:15:00,444.0,705.273
2015-04-09 08:30:00,427.5,846.777
2015-04-09 08:45:00,388.0,700.879
2015-04-09 09:00:00,442.0,924.512
2015-04-09 09:15:00,494.5,941.992
2015-04-09 09:30:00,513.0,1005.859
2015-04-09 09:45:00,527.5,1040.234
2015-04-09 10:00:00,531.5,1087.695
2015-04-09 10:15:00,546.5,1120.996
2015-04-09 10:30:00,559.5,1147.07
2015-04-09 10:45:00,558.0,1172.266
2015-04-09 11:00:00,571.5,1189.746
2015-04-09 11:15:00,576.0,1201.367
2015-04-09 11:30:00,578.5,1212.109
2015-04-09 11:45:00,579.0,1225.195
2015-04-09 12:00:00,562.0,1206.641
2015-04-09 12:15:00,525.0,1153.32
2015-04-09 12:30:00,548.5,1190.43
2015-04-09 12:45:00,552.0,1194.238
2015-04-09 13:00:00,518.0,1151.66
2015-04-09 13:15:00,561.5,1133.301
2015-04-09 13:30:00,264.5,958.789
2015-04-09 13:45:00,492.5,814.16
2015-04-09 14:00:00,311.0,953.32
2015-04-09 14:15:00,251.0,732.031
2015-04-09 14:30:00,519.0,655.566
2015-04-09 14:45:00,439.0,793.848
2015-04-09 15:00:00,338.0,823.633
2015-04-09 15:15:00,396.5,500.0
2015-04-09 15:30:00,184.0,520.41
2015-04-09 15:45:00,286.5,623.926
2015-04-09 16:00:00,236.5,534.277
2015-04-09 16:15:00,224.5,475.098
2015-04-09 16:30:00,177.5,396.387
2015-04-09 16:45:00,137.0,322.559
2015-04-09 17:00:00,92.0,252.441
2015-04-09 17:15:00,58.0,188.086
2015-04-09 17:30:00,32.0,122.363
2015-04-09 17:45:00,15.5,57.129
2015-04-09 18:00:00,5.0,19.141
2015-04-09 18:15:00,-1.0,5.273
2015-04-09 18:30:00,0.0,0.781
2015-04-09 18:45:00,0.0,0.0
2015-04-09 19:00:00,0.0,0.098
2015-04-09 19:15:00,0.0,0.098
2015-04-09 19:30:00,0.0,0.098
2015-04-09 19:45:00,0.0,0.0
2015-04-09 20:00:00,0.0,0.0
2015-04-09 20:15:00,0.0,0.0
2015-04-09 20:30:00,0.0,0.0
2015-04-09 20:45:00,0.0,0.0
2015-04-09 21:00:00,0.0,0.0
2015-04-09 21:15:00,0.0,0.0
2015-04-09 21:30:00,0.0,0.0
2015-04-09 21:45:00,-1.0,0.0
2015-04-09 22:00:00,0.0,0.0
2015-04-09 22:15:00,0.0,0.0
2015-04-09 22:30:00,0.0,0.0
2015-04-09 22:45:00,-1.0,0.0
2015-04-09 23:00:00,0.0,0.0
2015-04-09 23:15:00,-1.0,0.098
2015-04-09 23:30:00,-1.0,0.0
2015-04-09 23:45:00,-1.0,0.0
2015-04-10 00:00:00,-1.0,0.0
2015-04-10 00:15:00,-1.0,0.0
2015-04-10 00:30:00,0.0,0.098
2015-04-10 00:45:00,0.0,0.098
2015-04-10 01:00:00,-1.0,0.098
2015-04-10 01:15:00,-1.0,0.098
2015-04-10 01:30:00,-1.0,0.098
2015-04-10 01:45:00,-1.0,0.0
2015-04-10 02:00:00,0.0,0.098
2015-04-10 02:15:00,-1.0,0.0
2015-04-10 02:30:00,-1.0,0.0
2015-04-10 02:45:00,-1.0,0.098
2015-04-10 03:00:00,-1.0,0.0
2015-04-10 03:15:00,0.0,0.0
2015-04-10 03:30:00,-1.0,0.098
2015-04-10 03:45:00,-1.0,0.098
2015-04-10 04:00:00,-1.0,0.195
2015-04-10 04:15:00,0.0,0.098
2015-04-10 04:30:00,-1.0,0.098
2015-04-10 04:45:00,-1.0,0.098
2015-04-10 05:00:00,-1.0,0.195
2015-04-10 05:15:00,5.0,4.98
2015-04-10 05:30:00,16.0,17.969
2015-04-10 05:45:00,28.0,35.645
2015-04-10 06:00:00,38.0,54.395
2015-04-10 06:15:00,60.0,108.691
2015-04-10 06:30:00,102.5,160.059
2015-04-10 06:45:00,128.5,229.883
2015-04-10 07:00:00,190.0,284.766
2015-04-10 07:15:00,259.0,415.039
2015-04-10 07:30:00,252.0,507.422
2015-04-10 07:45:00,297.0,498.145
2015-04-10 08:00:00,340.0,607.031
2015-04-10 08:15:00,286.0,693.75
2015-04-10 08:30:00,430.0,763.477
2015-04-10 08:45:00,445.5,884.863
2015-04-10 09:00:00,490.5,918.945
2015-04-10 09:15:00,450.5,971.875
2015-04-10 09:30:00,504.0,950.586
2015-04-10 09:45:00,510.0,1047.363
2015-04-10 10:00:00,533.0,1097.07
2015-04-10 10:15:00,506.0,1104.297
2015-04-10 10:30:00,484.0,1098.145
2015-04-10 10:45:00,544.5,1090.039
2015-04-10 11:00:00,554.0,1186.23
2015-04-10 11:15:00,554.5,1164.648
2015-04-10 11:30:00,523.0,1125.391
2015-04-10 11:45:00,562.0,1142.773
2015-04-10 12:00:00,571.5,1205.566
2015-04-10 12:15:00,546.0,1158.594
2015-04-10 12:30:00,546.5,1117.871
2015-04-10 12:45:00,329.0,1050.684
2015-04-10 13:00:00,585.0,766.309
2015-04-10 13:15:00,344.5,801.27
2015-04-10 13:30:00,366.5,781.641
2015-04-10 13:45:00,407.5,746.582
2015-04-10 14:00:00,279.0,684.082
2015-04-10 14:15:00,270.5,500.586
2015-04-10 14:30:00,257.5,523.145
2015-04-10 14:45:00,270.0,467.773
2015-04-10 15:00:00,241.5,492.871
2015-04-10 15:15:00,225.0,436.719
2015-04-10 15:30:00,172.5,354.102
2015-04-10 15:45:00,149.0,285.84
2015-04-10 16:00:00,143.0,257.52
2015-04-10 16:15:00,131.5,244.238
2015-04-10 16:30:00,111.0,222.656
2015-04-10 16:45:00,94.5,182.129
2015-04-10 17:00:00,72.0,148.242
2015-04-10 17:15:00,53.0,113.086
2015-04-10 17:30:00,33.0,81.641
2015-04-10 17:45:00,18.5,55.664
2015-04-10 18:00:00,8.0,26.074
2015-04-10 18:15:00,2.0,12.207
2015-04-10 18:30:00,-1.0,1.367
2015-04-10 18:45:00,-1.0,0.293
2015-04-10 19:00:00,0.0,0.293
2015-04-10 19:15:00,0.0,0.195
2015-04-10 19:30:00,0.0,0.098
2015-04-10 19:45:00,0.0,0.098
2015-04-10 20:00:00,0.0,0.098
2015-04-10 20:15:00,-1.0,0.0
2015-04-10 20:30:00,-1.0,0.195
2015-04-10 20:45:00,-1.0,0.098
2015-04-10 21:00:00,0.0,0.098
2015-04-10 21:15:00,0.0,0.0
2015-04-10 21:30:00,-1.0,0.0
2015-04-10 21:45:00,-1.0,0.098
2015-04-10 22:00:00,0.0,0.0
2015-04-10 22:15:00,0.0,0.0
2015-04-10 22:30:00,-1.0,0.0
2015-04-10 22:45:00,0.0,0.0
2015-04-10 23:00:00,0.0,0.0
2015-04-10 23:15:00,-1.0,0.0
2015-04-10 23:30:00,0.0,0.0
2015-04-10 23:45:00,0.0,0.0
2015-04-11 00:00:00,-1.0,0.0
2015-04-11 00:15:00,-1.0,0.0
2015-04-11 00:30:00,-1.0,0.0
2015-04-11 00:45:00,-1.0,0.0
2015-04-11 01:00:00,-1.0,0.0
2015-04-11 01:15:00,0.0,0.098
2015-04-11 01:30:00,-1.0,0.0
2015-04-11 01:45:00,0.0,0.0
2015-04-11 02:00:00,-1.0,0.0
2015-04-11 02:15:00,0.0,0.0
2015-04-11 02:30:00,-1.0,0.098
2015-04-11 02:45:00,0.0,0.098
2015-04-11 03:00:00,-1.0,0.0
2015-04-11 03:15:00,-1.0,0.098
2015-04-11 03:30:00,0.0,0.195
2015-04-11 03:45:00,0.0,0.195
2015-04-11 04:00:00,-1.0,0.195
2015-04-11 04:15:00,-1.0,0.293
2015-04-11 04:30:00,-1.0,0.195
2015-04-11 04:45:00,-1.0,0.195
2015-04-11 05:00:00,-1.0,0.391
2015-04-11 05:15:00,3.0,2.246
2015-04-11 05:30:00,10.5,12.305
2015-04-11 05:45:00,25.5,24.805
2015-04-11 06:00:00,49.0,49.609
2015-04-11 06:15:00,80.0,155.762
2015-04-11 06:30:00,122.0,222.949
2015-04-11 06:45:00,162.0,290.527
2015-04-11 07:00:00,201.0,360.059
2015-04-11 07:15:00,243.0,431.738
2015-04-11 07:30:00,282.5,503.32
2015-04-11 07:45:00,319.5,579.004
2015-04-11 08:00:00,351.5,650.293
2015-04-11 08:15:00,382.5,716.797
2015-04-11 08:30:00,409.5,778.223
2015-04-11 08:45:00,436.5,841.211
2015-04-11 09:00:00,457.5,899.609
2015-04-11 09:15:00,474.5,953.906
2015-04-11 09:30:00,494.0,1003.125
2015-04-11 09:45:00,508.5,1046.582
2015-04-11 10:00:00,519.0,1086.035
2015-04-11 10:15:00,527.5,1120.02
2015-04-11 10:30:00,537.0,1149.219
2015-04-11 10:45:00,542.5,1169.824
2015-04-11 11:00:00,547.0,1188.379
2015-04-11 11:15:00,548.5,1202.441
2015-04-11 11:30:00,551.5,1209.668
2015-04-11 11:45:00,552.5,1212.109
2015-04-11 12:00:00,552.0,1210.742
2015-04-11 12:15:00,551.5,1208.105
2015-04-11 12:30:00,544.0,1183.789
2015-04-11 12:45:00,526.5,1177.734
2015-04-11 13:00:00,520.0,1152.441
2015-04-11 13:15:00,494.0,1109.082
2015-04-11 13:30:00,486.5,1005.762
2015-04-11 13:45:00,483.0,1003.027
2015-04-11 14:00:00,458.0,971.289
2015-04-11 14:15:00,430.0,933.887
2015-04-11 14:30:00,417.5,894.922
2015-04-11 14:45:00,407.5,834.277
2015-04-11 15:00:00,363.5,786.523
2015-04-11 15:15:00,338.5,702.734
2015-04-11 15:30:00,301.0,622.656
2015-04-11 15:45:00,273.0,558.008
2015-04-11 16:00:00,249.0,514.16
2015-04-11 16:15:00,213.0,462.988
2015-04-11 16:30:00,176.5,393.066
2015-04-11 16:45:00,95.5,298.535
2015-04-11 17:00:00,111.0,246.484
2015-04-11 17:15:00,76.5,219.824
2015-04-11 17:30:00,39.0,139.355
2015-04-11 17:45:00,14.0,47.949
2015-04-11 18:00:00,5.0,16.504
2015-04-11 18:15:00,-1.0,6.348
2015-04-11 18:30:00,0.0,1.27
2015-04-11 18:45:00,0.0,0.0
2015-04-11 19:00:00,0.0,0.391
2015-04-11 19:15:00,0.0,0.293
2015-04-11 19:30:00,0.0,0.293
2015-04-11 19:45:00,0.0,0.293
2015-04-11 20:00:00,0.0,0.195
2015-04-11 20:15:00,0.0,0.293
2015-04-11 20:30:00,-1.0,0.195
2015-04-11 20:45:00,0.0,0.098
2015-04-11 21:00:00,0.0,0.195
2015-04-11 21:15:00,-1.0,0.195
2015-04-11 21:30:00,0.0,0.0
2015-04-11 21:45:00,-1.0,0.0
2015-04-11 22:00:00,-1.0,0.195
2015-04-11 22:15:00,0.0,0.098
2015-04-11 22:30:00,0.0,0.0
2015-04-11 22:45:00,0.0,0.098
2015-04-11 23:00:00,0.0,0.098
2015-04-11 23:15:00,-1.0,0.098
2015-04-11 23:30:00,-1.0,0.0
2015-04-11 23:45:00,0.0,0.098
2015-04-12 00:00:00,0.0,0.0
2015-04-12 00:15:00,0.0,0.0
2015-04-12 00:30:00,-1.0,0.0
2015-04-12 00:45:00,0.0,0.0
2015-04-12 01:00:00,-1.0,0.0
2015-04-12 01:15:00,-1.0,0.0
2015-04-12 01:30:00,-1.0,0.0
2015-04-12 01:45:00,0.0,0.0
2015-04-12 02:00:00,-1.0,0.0
2015-04-12 02:15:00,0.0,0.0
2015-04-12 02:30:00,0.0,0.0
2015-04-12 02:45:00,-1.0,0.0
2015-04-12 03:00:00,-1.0,0.0
2015-04-12 03:15:00,0.0,0.0
2015-04-12 03:30:00,-1.0,0.0
2015-04-12 03:45:00,0.0,0.0
2015-04-12 04:00:00,-1.0,0.0
2015-04-12 04:15:00,-1.0,0.0
2015-04-12 04:30:00,-1.0,0.0
2015-04-12 04:45:00,-1.0,0.0
2015-04-12 05:00:00,-1.0,0.098
2015-04-12 05:15:00,3.0,3.125
2015-04-12 05:30:00,12.0,12.598
2015-04-12 05:45:00,26.0,23.047
2015-04-12 06:00:00,46.5,57.031
2015-04-12 06:15:00,79.5,167.48
2015-04-12 06:30:00,122.5,232.227
2015-04-12 06:45:00,164.0,306.25
2015-04-12 07:00:00,207.0,375.195
2015-04-12 07:15:00,251.0,446.973
2015-04-12 07:30:00,289.5,522.363
2015-04-12 07:45:00,325.0,595.801
2015-04-12 08:00:00,360.0,667.188
2015-04-12 08:15:00,390.5,733.594
2015-04-12 08:30:00,419.0,798.242
2015-04-12 08:45:00,444.0,860.059
2015-04-12 09:00:00,467.0,919.336
2015-04-12 09:15:00,483.0,970.313
2015-04-12 09:30:00,494.5,1023.633
2015-04-12 09:45:00,498.5,1044.922
2015-04-12 10:00:00,531.0,1075.098
2015-04-12 10:15:00,517.5,1080.176
2015-04-12 10:30:00,518.0,1095.703
2015-04-12 10:45:00,539.0,1149.707
2015-04-12 11:00:00,545.0,1197.754
2015-04-12 11:15:00,541.0,1214.648
2015-04-12 11:30:00,560.5,1187.012
2015-04-12 11:45:00,546.5,1229.297
2015-04-12 12:00:00,548.5,1230.176
2015-04-12 12:15:00,531.0,1210.156
2015-04-12 12:30:00,529.0,1165.332
2015-04-12 12:45:00,538.0,1167.383
2015-04-12 13:00:00,519.0,1129.395
2015-04-12 13:15:00,521.0,1157.031
2015-04-12 13:30:00,471.5,993.945
2015-04-12 13:45:00,501.5,1008.691
2015-04-12 14:00:00,472.5,1030.957
2015-04-12 14:15:00,453.5,975.098
2015-04-12 14:30:00,428.5,926.953
2015-04-12 14:45:00,403.0,873.242
2015-04-12 15:00:00,373.5,812.598
2015-04-12 15:15:00,342.0,749.609
2015-04-12 15:30:00,309.0,684.668
2015-04-12 15:45:00,271.0,614.746
2015-04-12 16:00:00,237.5,546.289
2015-04-12 16:15:00,194.0,469.629
2015-04-12 16:30:00,160.5,399.902
2015-04-12 16:45:00,123.5,330.664
2015-04-12 17:00:00,89.0,262.598
2015-04-12 17:15:00,54.0,197.559
2015-04-12 17:30:00,31.5,133.496
2015-04-12 17:45:00,14.5,65.43
2015-04-12 18:00:00,6.0,21.094
2015-04-12 18:15:00,2.0,7.324
2015-04-12 18:30:00,0.0,1.66
2015-04-12 18:45:00,0.0,0.0
2015-04-12 19:00:00,-1.0,0.195
2015-04-12 19:15:00,0.0,0.195
2015-04-12 19:30:00,0.0,0.195
2015-04-12 19:45:00,0.0,0.0
2015-04-12 20:00:00,0.0,0.293
2015-04-12 20:15:00,0.0,0.293
2015-04-12 20:30:00,0.0,0.195
2015-04-12 20:45:00,0.0,0.293
2015-04-12 21:00:00,0.0,0.195
2015-04-12 21:15:00,0.0,0.195
2015-04-12 21:30:00,0.0,0.195
2015-04-12 21:45:00,0.0,0.195
2015-04-12 22:00:00,-1.0,0.0
2015-04-12 22:15:00,0.0,0.098
2015-04-12 22:30:00,0.0,0.098
2015-04-12 22:45:00,0.0,0.098
2015-04-12 23:00:00,-1.0,0.0
2015-04-12 23:15:00,0.0,0.0
2015-04-12 23:30:00,-1.0,0.0
2015-04-12 23:45:00,-1.0,0.098
2015-04-13 00:00:00,-1.0,0.098
2015-04-13 00:15:00,-1.0,0.0
2015-04-13 00:30:00,-1.0,0.098
2015-04-13 00:45:00,-1.0,0.0
2015-04-13 01:00:00,-1.0,0.0
2015-04-13 01:15:00,-1.0,0.0
2015-04-13 01:30:00,-1.0,0.0
2015-04-13 01:45:00,-1.0,0.0
2015-04-13 02:00:00,-1.0,0.0
2015-04-13 02:15:00,-1.0,0.0
2015-04-13 02:30:00,-1.0,0.0
2015-04-13 02:45:00,-1.0,0.0
2015-04-13 03:00:00,-1.0,0.0
2015-04-13 03:15:00,0.0,0.0
2015-04-13 03:30:00,0.0,0.0
2015-04-13 03:45:00,0.0,0.0
2015-04-13 04:00:00,0.0,0.0
2015-04-13 04:15:00,-1.0,0.0
2015-04-13 04:30:00,-1.0,0.0
2015-04-13 04:45:00,-1.0,0.0
2015-04-13 05:00:00,-1.0,0.293
2015-04-13 05:15:00,-1.0,3.809
2015-04-13 05:30:00,10.5,12.109
2015-04-13 05:45:00,27.5,20.313
2015-04-13 06:00:00,49.5,64.453
2015-04-13 06:15:00,72.0,172.266
2015-04-13 06:30:00,105.0,237.793
2015-04-13 06:45:00,145.5,311.328
2015-04-13 07:00:00,204.5,378.613
2015-04-13 07:15:00,240.0,442.578
2015-04-13 07:30:00,286.5,517.187
2015-04-13 07:45:00,325.0,597.07
2015-04-13 08:00:00,359.0,668.262
2015-04-13 08:15:00,386.0,733.789
2015-04-13 08:30:00,415.0,793.945
2015-04-13 08:45:00,427.5,856.055
2015-04-13 09:00:00,461.0,887.988
2015-04-13 09:15:00,479.0,967.871
2015-04-13 09:30:00,495.0,1006.25
2015-04-13 09:45:00,490.5,1055.371
2015-04-13 10:00:00,521.0,1101.074
2015-04-13 10:15:00,528.5,1132.813
2015-04-13 10:30:00,533.5,1161.523
2015-04-13 10:45:00,540.5,1185.547
2015-04-13 11:00:00,540.0,1196.387
2015-04-13 11:15:00,544.5,1214.16
2015-04-13 11:30:00,546.5,1221.094
2015-04-13 11:45:00,548.0,1223.242
2015-04-13 12:00:00,546.5,1220.117
2015-04-13 12:15:00,546.5,1215.625
2015-04-13 12:30:00,542.0,1203.32
2015-04-13 12:45:00,529.0,1187.891
2015-04-13 13:00:00,523.0,1167.285
2015-04-13 13:15:00,515.5,1138.672
2015-04-13 13:30:00,502.0,1104.395
2015-04-13 13:45:00,494.0,1063.477
2015-04-13 14:00:00,478.5,1018.555
2015-04-13 14:15:00,460.0,970.215
2015-04-13 14:30:00,436.5,919.238
2015-04-13 14:45:00,413.0,864.063
2015-04-13 15:00:00,384.5,801.27
2015-04-13 15:15:00,351.5,738.477
2015-04-13 15:30:00,319.0,670.996
2015-04-13 15:45:00,286.0,604.199
2015-04-13 16:00:00,252.0,537.891
2015-04-13 16:15:00,215.0,468.75
2015-04-13 16:30:00,176.0,399.121
2015-04-13 16:45:00,136.0,329.297
2015-04-13 17:00:00,94.5,262.305
2015-04-13 17:15:00,59.0,196.973
2015-04-13 17:30:00,35.0,134.375
2015-04-13 17:45:00,17.5,68.945
2015-04-13 18:00:00,6.5,23.438
2015-04-13 18:15:00,2.0,8.008
2015-04-13 18:30:00,-1.0,1.758
2015-04-13 18:45:00,-1.0,0.391
2015-04-13 19:00:00,-1.0,0.293
2015-04-13 19:15:00,0.0,0.293
2015-04-13 19:30:00,0.0,0.293
2015-04-13 19:45:00,0.0,0.293
2015-04-13 20:00:00,0.0,0.293
2015-04-13 20:15:00,-1.0,0.293
2015-04-13 20:30:00,0.0,0.293
2015-04-13 20:45:00,-1.0,0.293
2015-04-13 21:00:00,-1.0,0.391
2015-04-13 21:15:00,0.0,0.391
2015-04-13 21:30:00,0.0,0.293
2015-04-13 21:45:00,0.0,0.0
2015-04-13 22:00:00,0.0,0.293
2015-04-13 22:15:00,-1.0,0.293
2015-04-13 22:30:00,0.0,0.293
2015-04-13 22:45:00,0.0,0.293
2015-04-13 23:00:00,-1.0,0.293
2015-04-13 23:15:00,-1.0,0.0
2015-04-13 23:30:00,-1.0,0.391
2015-04-13 23:45:00,-1.0,0.293
2015-04-14 00:00:00,0.0,0.293
2015-04-14 00:15:00,-1.0,0.195
2015-04-14 00:30:00,-1.0,0.195
2015-04-14 00:45:00,-1.0,0.098
2015-04-14 01:00:00,0.0,0.098
2015-04-14 01:15:00,-1.0,0.0
2015-04-14 01:30:00,-1.0,0.098
2015-04-14 01:45:00,-1.0,0.098
2015-04-14 02:00:00,-1.0,0.195
2015-04-14 02:15:00,-1.0,0.0
2015-04-14 02:30:00,-1.0,0.098
2015-04-14 02:45:00,0.0,0.098
2015-04-14 03:00:00,0.0,0.0
2015-04-14 03:15:00,-1.0,0.098
2015-04-14 03:30:00,-1.0,0.098
2015-04-14 03:45:00,-1.0,0.098
2015-04-14 04:00:00,0.0,0.195
2015-04-14 04:15:00,-1.0,0.098
2015-04-14 04:30:00,-1.0,0.195
2015-04-14 04:45:00,-1.0,0.098
2015-04-14 05:00:00,-1.0,0.879
2015-04-14 05:15:00,10.0,10.645
2015-04-14 05:30:00,29.0,33.984
2015-04-14 05:45:00,57.0,64.453
2015-04-14 06:00:00,92.0,139.941
2015-04-14 06:15:00,75.5,194.336
2015-04-14 06:30:00,66.5,151.367
2015-04-14 06:45:00,232.0,204.492
2015-04-14 07:00:00,115.0,301.465
2015-04-14 07:15:00,97.5,181.836
2015-04-14 07:30:00,105.0,172.363
2015-04-14 07:45:00,124.0,189.258
2015-04-14 08:00:00,143.0,226.074
2015-04-14 08:15:00,336.5,274.609
2015-04-14 08:30:00,502.0,774.902
2015-04-14 08:45:00,506.0,927.246
2015-04-14 09:00:00,506.0,978.516
2015-04-14 09:15:00,515.5,988.574
2015-04-14 09:30:00,529.5,1018.848
2015-04-14 09:45:00,549.0,1054.102
2015-04-14 10:00:00,559.5,1090.527
2015-04-14 10:15:00,562.0,1117.773
2015-04-14 10:30:00,575.0,1148.926
2015-04-14 10:45:00,591.0,1171.777
2015-04-14 11:00:00,599.0,1191.797
2015-04-14 11:15:00,607.5,1211.035
2015-04-14 11:30:00,607.5,1209.57
2015-04-14 11:45:00,609.5,1211.523
2015-04-14 12:00:00,615.5,1217.187
2015-04-14 12:15:00,606.5,1211.523
2015-04-14 12:30:00,593.0,1193.457
2015-04-14 12:45:00,579.0,1176.074
2015-04-14 13:00:00,563.5,1151.172
2015-04-14 13:15:00,556.5,1123.242
2015-04-14 13:30:00,544.5,1101.66
2015-04-14 13:45:00,516.0,1053.223
2015-04-14 14:00:00,497.5,1002.051
2015-04-14 14:15:00,474.5,948.73
2015-04-14 14:30:00,438.5,891.113
2015-04-14 14:45:00,414.0,835.449
2015-04-14 15:00:00,385.0,766.797
2015-04-14 15:15:00,363.5,722.949
2015-04-14 15:30:00,330.5,663.574
2015-04-14 15:45:00,301.5,608.203
2015-04-14 16:00:00,228.0,369.434
2015-04-14 16:15:00,147.0,326.758
2015-04-14 16:30:00,124.5,273.145
2015-04-14 16:45:00,95.5,207.715
2015-04-14 17:00:00,71.5,142.676
2015-04-14 17:15:00,52.5,111.133
2015-04-14 17:30:00,35.5,79.59
2015-04-14 17:45:00,18.5,51.172
2015-04-14 18:00:00,8.0,25.391
2015-04-14 18:15:00,1.0,8.496
2015-04-14 18:30:00,0.0,1.367
2015-04-14 18:45:00,-1.0,0.098
2015-04-14 19:00:00,-1.0,0.098
2015-04-14 19:15:00,-1.0,0.098
2015-04-14 19:30:00,0.0,0.098
2015-04-14 19:45:00,0.0,0.098
2015-04-14 20:00:00,0.0,0.098
2015-04-14 20:15:00,-1.0,0.098
2015-04-14 20:30:00,0.0,0.098
2015-04-14 20:45:00,0.0,0.0
2015-04-14 21:00:00,-1.0,0.098
2015-04-14 21:15:00,-1.0,0.0
2015-04-14 21:30:00,-1.0,0.0
2015-04-14 21:45:00,-1.0,0.0
2015-04-14 22:00:00,0.0,0.0
2015-04-14 22:15:00,-1.0,0.0
2015-04-14 22:30:00,-1.0,0.0
2015-04-14 22:45:00,-1.0,0.0
2015-04-14 23:00:00,0.0,0.0
2015-04-14 23:15:00,0.0,0.0
2015-04-14 23:30:00,0.0,0.0
2015-04-14 23:45:00,-1.0,0.098
2015-04-15 00:00:00,0.0,0.0
2015-04-15 00:15:00,0.0,0.098
2015-04-15 00:30:00,-1.0,0.0
2015-04-15 00:45:00,-1.0,0.098
2015-04-15 01:00:00,-1.0,0.098
2015-04-15 01:15:00,-1.0,0.098
2015-04-15 01:30:00,-1.0,0.098
2015-04-15 01:45:00,0.0,0.0
2015-04-15 02:00:00,-1.0,0.0
2015-04-15 02:15:00,-1.0,0.0
2015-04-15 02:30:00,0.0,0.098
2015-04-15 02:45:00,-1.0,0.098
2015-04-15 03:00:00,0.0,0.0
2015-04-15 03:15:00,0.0,0.0
2015-04-15 03:30:00,-1.0,0.098
2015-04-15 03:45:00,-1.0,0.098
2015-04-15 04:00:00,-1.0,0.0
2015-04-15 04:15:00,-1.0,0.098
2015-04-15 04:30:00,0.0,0.195
2015-04-15 04:45:00,-1.0,0.195
2015-04-15 05:00:00,1.0,0.781
2015-04-15 05:15:00,-1.0,5.469
2015-04-15 05:30:00,14.5,15.137
2015-04-15 05:45:00,32.0,24.512
2015-04-15 06:00:00,58.5,86.133
2015-04-15 06:15:00,103.5,183.691
2015-04-15 06:30:00,137.0,264.063
2015-04-15 06:45:00,180.0,269.727
2015-04-15 07:00:00,228.0,383.008
2015-04-15 07:15:00,274.0,456.641
2015-04-15 07:30:00,317.0,539.355
2015-04-15 07:45:00,357.0,608.789
2015-04-15 08:00:00,391.5,679.297
2015-04-15 08:15:00,428.5,746.094
2015-04-15 08:30:00,459.0,810.156
2015-04-15 08:45:00,490.5,870.313
2015-04-15 09:00:00,521.5,933.008
2015-04-15 09:15:00,546.5,985.645
2015-04-15 09:30:00,555.5,1030.371
2015-04-15 09:45:00,577.0,1074.414
2015-04-15 10:00:00,601.0,1115.039
2015-04-15 10:15:00,615.5,1150.293
2015-04-15 10:30:00,626.0,1177.051
2015-04-15 10:45:00,628.0,1200.098
2015-04-15 11:00:00,641.0,1217.187
2015-04-15 11:15:00,637.0,1227.051
2015-04-15 11:30:00,643.0,1236.328
2015-04-15 11:45:00,639.0,1239.746
2015-04-15 12:00:00,640.5,1239.258
2015-04-15 12:15:00,634.5,1230.371
2015-04-15 12:30:00,625.0,1220.117
2015-04-15 12:45:00,619.5,1202.441
2015-04-15 13:00:00,602.0,1181.152
2015-04-15 13:15:00,588.5,1157.129
2015-04-15 13:30:00,572.0,1123.047
2015-04-15 13:45:00,555.5,1084.668
2015-04-15 14:00:00,525.0,1037.695
2015-04-15 14:15:00,503.5,988.77
2015-04-15 14:30:00,477.0,934.375
2015-04-15 14:45:00,452.0,877.832
2015-04-15 15:00:00,425.0,817.969
2015-04-15 15:15:00,390.0,757.52
2015-04-15 15:30:00,355.0,691.895
2015-04-15 15:45:00,318.5,624.121
2015-04-15 16:00:00,280.0,557.52
2015-04-15 16:15:00,238.5,483.398
2015-04-15 16:30:00,200.0,410.84
2015-04-15 16:45:00,153.0,342.285
2015-04-15 17:00:00,108.0,271.875
2015-04-15 17:15:00,66.5,205.176
2015-04-15 17:30:00,39.0,136.426
2015-04-15 17:45:00,18.5,66.992
2015-04-15 18:00:00,8.0,26.367
2015-04-15 18:15:00,2.0,9.375
2015-04-15 18:30:00,0.0,1.855
2015-04-15 18:45:00,-1.0,0.0
2015-04-15 19:00:00,0.0,0.0
2015-04-15 19:15:00,-1.0,0.0
2015-04-15 19:30:00,0.0,0.0
2015-04-15 19:45:00,0.0,0.0
2015-04-15 20:00:00,-1.0,0.0
2015-04-15 20:15:00,0.0,0.0
2015-04-15 20:30:00,0.0,0.098
2015-04-15 20:45:00,0.0,0.0
2015-04-15 21:00:00,-1.0,0.0
2015-04-15 21:15:00,-1.0,0.0
2015-04-15 21:30:00,0.0,0.098
2015-04-15 21:45:00,-1.0,0.098
2015-04-15 22:00:00,0.0,0.0
2015-04-15 22:15:00,0.0,0.098
2015-04-15 22:30:00,0.0,0.195
2015-04-15 22:45:00,0.0,0.0
2015-04-15 23:00:00,0.0,0.098
2015-04-15 23:15:00,-1.0,0.098
2015-04-15 23:30:00,-1.0,0.098
2015-04-15 23:45:00,-1.0,0.098
2015-04-16 00:00:00,0.0,0.0
2015-04-16 00:15:00,-1.0,0.0
2015-04-16 00:30:00,-1.0,0.098
2015-04-16 00:45:00,-1.0,0.098
2015-04-16 01:00:00,0.0,0.098
2015-04-16 01:15:00,0.0,0.0
2015-04-16 01:30:00,-1.0,0.0
2015-04-16 01:45:00,0.0,0.195
2015-04-16 02:00:00,0.0,0.098
2015-04-16 02:15:00,-1.0,0.0
2015-04-16 02:30:00,0.0,0.0
2015-04-16 02:45:00,-1.0,0.0
2015-04-16 03:00:00,-1.0,0.098
2015-04-16 03:15:00,-1.0,0.098
2015-04-16 03:30:00,-1.0,0.098
2015-04-16 03:45:00,-1.0,0.098
2015-04-16 04:00:00,0.0,0.098
2015-04-16 04:15:00,-1.0,0.195
2015-04-16 04:30:00,-1.0,0.195
2015-04-16 04:45:00,-1.0,0.195
2015-04-16 05:00:00,1.0,0.879
2015-04-16 05:15:00,-1.0,6.445
2015-04-16 05:30:00,16.0,16.992
2015-04-16 05:45:00,31.5,25.0
2015-04-16 06:00:00,56.5,95.605
2015-04-16 06:15:00,86.0,185.254
2015-04-16 06:30:00,115.0,251.563
2015-04-16 06:45:00,168.5,324.512
2015-04-16 07:00:00,227.0,385.938
2015-04-16 07:15:00,273.0,459.277
2015-04-16 07:30:00,314.5,538.086
2015-04-16 07:45:00,351.5,604.688
2015-04-16 08:00:00,390.0,674.023
2015-04-16 08:15:00,422.5,739.941
2015-04-16 08:30:00,451.5,802.246
2015-04-16 08:45:00,478.5,862.109
2015-04-16 09:00:00,503.5,917.578
2015-04-16 09:15:00,519.5,968.75
2015-04-16 09:30:00,538.5,1016.797
2015-04-16 09:45:00,550.0,1061.719
2015-04-16 10:00:00,556.0,1099.902
2015-04-16 10:15:00,575.0,1129.688
2015-04-16 10:30:00,574.0,1160.156
2015-04-16 10:45:00,575.0,1180.078
2015-04-16 11:00:00,585.0,1197.852
2015-04-16 11:15:00,585.0,1209.57
2015-04-16 11:30:00,588.5,1216.406
2015-04-16 11:45:00,579.5,1217.969
2015-04-16 12:00:00,575.5,1221.387
2015-04-16 12:15:00,574.0,1211.816
2015-04-16 12:30:00,567.0,1197.852
2015-04-16 12:45:00,569.5,1180.566
2015-04-16 13:00:00,549.0,1157.91
2015-04-16 13:15:00,533.5,1132.227
2015-04-16 13:30:00,534.5,1106.934
2015-04-16 13:45:00,396.5,1093.066
2015-04-16 14:00:00,554.0,1041.309
2015-04-16 14:15:00,249.5,610.156
2015-04-16 14:30:00,552.5,789.551
2015-04-16 14:45:00,245.0,741.699
2015-04-16 15:00:00,155.0,305.371
2015-04-16 15:15:00,438.0,541.797
2015-04-16 15:30:00,378.0,749.902
2015-04-16 15:45:00,324.0,650.0
2015-04-16 16:00:00,272.5,567.188
2015-04-16 16:15:00,232.5,481.543
2015-04-16 16:30:00,192.0,411.719
2015-04-16 16:45:00,149.5,331.152
2015-04-16 17:00:00,104.5,268.75
2015-04-16 17:15:00,66.0,202.93
2015-04-16 17:30:00,39.0,138.965
2015-04-16 17:45:00,14.0,61.914
2015-04-16 18:00:00,6.5,17.48
2015-04-16 18:15:00,2.5,8.496
2015-04-16 18:30:00,0.0,2.246
2015-04-16 18:45:00,0.0,0.195
2015-04-16 19:00:00,0.0,0.098
2015-04-16 19:15:00,-1.0,0.098
2015-04-16 19:30:00,0.0,0.0
2015-04-16 19:45:00,0.0,0.098
2015-04-16 20:00:00,0.0,0.0
2015-04-16 20:15:00,0.0,0.0
2015-04-16 20:30:00,0.0,0.0
2015-04-16 20:45:00,0.0,0.0
2015-04-16 21:00:00,0.0,0.0
2015-04-16 21:15:00,0.0,0.0
2015-04-16 21:30:00,0.0,0.0
2015-04-16 21:45:00,0.0,0.0
2015-04-16 22:00:00,0.0,0.0
2015-04-16 22:15:00,0.0,0.0
2015-04-16 22:30:00,-1.0,0.0
2015-04-16 22:45:00,-1.0,0.0
2015-04-16 23:00:00,0.0,0.0
2015-04-16 23:15:00,0.0,0.0
2015-04-16 23:30:00,-1.0,0.0
2015-04-16 23:45:00,-1.0,0.0
2015-04-17 00:00:00,-1.0,0.0
2015-04-17 00:15:00,-1.0,0.0
2015-04-17 00:30:00,0.0,0.0
2015-04-17 00:45:00,0.0,0.0
2015-04-17 01:00:00,0.0,0.098
2015-04-17 01:15:00,0.0,0.098
2015-04-17 01:30:00,0.0,0.098
2015-04-17 01:45:00,-1.0,0.0
2015-04-17 02:00:00,-1.0,0.0
2015-04-17 02:15:00,0.0,0.0
2015-04-17 02:30:00,-1.0,0.098
2015-04-17 02:45:00,-1.0,0.098
2015-04-17 03:00:00,0.0,0.098
2015-04-17 03:15:00,-1.0,0.0
2015-04-17 03:30:00,-1.0,0.0
2015-04-17 03:45:00,-1.0,0.098
2015-04-17 04:00:00,0.0,0.0
2015-04-17 04:15:00,-1.0,0.098
2015-04-17 04:30:00,-1.0,0.0
2015-04-17 04:45:00,-1.0,0.0
2015-04-17 05:00:00,1.0,0.781
2015-04-17 05:15:00,-1.0,6.641
2015-04-17 05:30:00,17.5,17.676
2015-04-17 05:45:00,32.0,27.637
2015-04-17 06:00:00,62.0,99.512
2015-04-17 06:15:00,97.0,180.078
2015-04-17 06:30:00,137.0,246.875
2015-04-17 06:45:00,180.0,320.02
2015-04-17 07:00:00,222.5,382.031
2015-04-17 07:15:00,263.5,456.641
2015-04-17 07:30:00,303.0,530.762
2015-04-17 07:45:00,338.0,596.973
2015-04-17 08:00:00,370.5,667.285
2015-04-17 08:15:00,388.5,722.363
2015-04-17 08:30:00,427.5,791.406
2015-04-17 08:45:00,449.5,862.109
2015-04-17 09:00:00,471.0,916.406
2015-04-17 09:15:00,497.5,965.82
2015-04-17 09:30:00,509.5,1011.816
2015-04-17 09:45:00,531.0,1051.465
2015-04-17 10:00:00,544.5,1093.066
2015-04-17 10:15:00,548.5,1123.047
2015-04-17 10:30:00,556.0,1154.785
2015-04-17 10:45:00,557.5,1179.199
2015-04-17 11:00:00,559.5,1197.852
2015-04-17 11:15:00,569.0,1205.566
2015-04-17 11:30:00,565.5,1220.312
2015-04-17 11:45:00,571.0,1224.512
2015-04-17 12:00:00,567.5,1224.414
2015-04-17 12:15:00,576.0,1220.996
2015-04-17 12:30:00,569.5,1212.695
2015-04-17 12:45:00,570.0,1199.316
2015-04-17 13:00:00,560.0,1172.266
2015-04-17 13:15:00,548.5,1143.066
2015-04-17 13:30:00,535.0,1110.059
2015-04-17 13:45:00,520.0,1073.73
2015-04-17 14:00:00,494.5,1028.711
2015-04-17 14:15:00,473.5,980.957
2015-04-17 14:30:00,448.0,928.613
2015-04-17 14:45:00,421.0,873.73
2015-04-17 15:00:00,396.5,815.82
2015-04-17 15:15:00,371.0,754.785
2015-04-17 15:30:00,337.5,688.574
2015-04-17 15:45:00,304.0,619.531
2015-04-17 16:00:00,267.0,552.441
2015-04-17 16:15:00,230.0,483.105
2015-04-17 16:30:00,188.0,411.914
2015-04-17 16:45:00,145.0,339.648
2015-04-17 17:00:00,105.0,271.582
2015-04-17 17:15:00,65.0,207.715
2015-04-17 17:30:00,40.5,144.336
2015-04-17 17:45:00,18.5,76.074
2015-04-17 18:00:00,8.5,29.297
2015-04-17 18:15:00,2.5,9.961
2015-04-17 18:30:00,-1.0,2.832
2015-04-17 18:45:00,-1.0,0.391
2015-04-17 19:00:00,-1.0,0.293
2015-04-17 19:15:00,-1.0,0.0
2015-04-17 19:30:00,-1.0,0.0
2015-04-17 19:45:00,0.0,0.195
2015-04-17 20:00:00,0.0,0.195
2015-04-17 20:15:00,-1.0,0.098
2015-04-17 20:30:00,0.0,0.195
2015-04-17 20:45:00,-1.0,0.0
2015-04-17 21:00:00,-1.0,0.098
2015-04-17 21:15:00,0.0,0.098
2015-04-17 21:30:00,-1.0,0.098
2015-04-17 21:45:00,0.0,0.195
2015-04-17 22:00:00,0.0,0.098
2015-04-17 22:15:00,0.0,0.0
2015-04-17 22:30:00,-1.0,0.098
2015-04-17 22:45:00,0.0,0.098
2015-04-17 23:00:00,-1.0,0.098
2015-04-17 23:15:00,0.0,0.0
2015-04-17 23:30:00,-1.0,0.0
2015-04-17 23:45:00,-1.0,0.0
2015-04-18 00:00:00,-1.0,0.0
2015-04-18 00:15:00,0.0,0.0
2015-04-18 00:30:00,0.0,0.0
2015-04-18 00:45:00,-1.0,0.0
2015-04-18 01:00:00,-1.0,0.0
2015-04-18 01:15:00,0.0,0.0
2015-04-18 01:30:00,-1.0,0.0
2015-04-18 01:45:00,0.0,0.0
2015-04-18 02:00:00,-1.0,0.0
2015-04-18 02:15:00,-1.0,0.0
2015-04-18 02:30:00,0.0,0.0
2015-04-18 02:45:00,-1.0,0.0
2015-04-18 03:00:00,-1.0,0.098
2015-04-18 03:15:00,0.0,0.098
2015-04-18 03:30:00,-1.0,0.098
2015-04-18 03:45:00,-1.0,0.0
2015-04-18 04:00:00,0.0,0.098
2015-04-18 04:15:00,-1.0,0.0
2015-04-18 04:30:00,-1.0,0.0
2015-04-18 04:45:00,-1.0,0.098
2015-04-18 05:00:00,2.0,1.172
2015-04-18 05:15:00,-1.0,7.324
2015-04-18 05:30:00,14.5,16.113
2015-04-18 05:45:00,35.0,23.633
2015-04-18 06:00:00,56.0,116.309
2015-04-18 06:15:00,83.5,195.215
2015-04-18 06:30:00,117.0,261.816
2015-04-18 06:45:00,182.0,331.543
2015-04-18 07:00:00,226.5,398.828
2015-04-18 07:15:00,266.5,470.703
2015-04-18 07:30:00,302.0,548.242
2015-04-18 07:45:00,340.0,616.602
2015-04-18 08:00:00,370.5,686.816
2015-04-18 08:15:00,398.5,753.32
2015-04-18 08:30:00,423.0,815.625
2015-04-18 08:45:00,444.5,873.145
2015-04-18 09:00:00,466.0,928.32
2015-04-18 09:15:00,480.5,980.176
2015-04-18 09:30:00,496.5,1029.297
2015-04-18 09:45:00,506.5,1071.191
2015-04-18 10:00:00,521.0,1106.641
2015-04-18 10:15:00,531.0,1139.551
2015-04-18 10:30:00,536.5,1167.969
2015-04-18 10:45:00,545.0,1187.988
2015-04-18 11:00:00,552.0,1202.734
2015-04-18 11:15:00,554.5,1214.941
2015-04-18 11:30:00,557.5,1219.043
2015-04-18 11:45:00,551.5,1225.195
2015-04-18 12:00:00,547.0,1221.582
2015-04-18 12:15:00,552.5,1216.504
2015-04-18 12:30:00,546.0,1204.785
2015-04-18 12:45:00,539.0,1189.062
2015-04-18 13:00:00,535.5,1167.871
2015-04-18 13:15:00,517.0,1136.133
2015-04-18 13:30:00,510.0,1102.734
2015-04-18 13:45:00,488.5,1065.625
2015-04-18 14:00:00,473.0,1020.605
2015-04-18 14:15:00,452.0,975.781
2015-04-18 14:30:00,-1.0,922.168
2015-04-18 14:45:00,411.5,869.531
2015-04-18 15:00:00,390.5,809.473
2015-04-18 15:15:00,361.5,748.047
2015-04-18 15:30:00,335.0,683.594
2015-04-18 15:45:00,297.5,618.164
2015-04-18 16:00:00,263.0,549.414
2015-04-18 16:15:00,226.0,480.762
2015-04-18 16:30:00,184.5,411.719
2015-04-18 16:45:00,146.0,341.797
2015-04-18 17:00:00,105.0,273.828
2015-04-18 17:15:00,66.5,209.961
2015-04-18 17:30:00,43.0,150.586
2015-04-18 17:45:00,20.5,82.227
2015-04-18 18:00:00,9.0,32.715
2015-04-18 18:15:00,2.5,10.742
2015-04-18 18:30:00,-1.0,2.441
2015-04-18 18:45:00,-1.0,0.488
2015-04-18 19:00:00,0.0,0.293
2015-04-18 19:15:00,0.0,0.195
2015-04-18 19:30:00,-1.0,0.195
2015-04-18 19:45:00,-1.0,0.195
2015-04-18 20:00:00,-1.0,0.293
2015-04-18 20:15:00,0.0,0.293
2015-04-18 20:30:00,0.0,0.293
2015-04-18 20:45:00,-1.0,0.293
2015-04-18 21:00:00,-1.0,0.293
2015-04-18 21:15:00,-1.0,0.293
2015-04-18 21:30:00,0.0,0.293
2015-04-18 21:45:00,0.0,0.293
2015-04-18 22:00:00,0.0,0.195
2015-04-18 22:15:00,0.0,0.293
2015-04-18 22:30:00,0.0,0.195
2015-04-18 22:45:00,0.0,0.195
2015-04-18 23:00:00,0.0,0.195
2015-04-18 23:15:00,0.0,0.098
2015-04-18 23:30:00,0.0,0.098
2015-04-18 23:45:00,-1.0,0.098
2015-04-19 00:00:00,0.0,0.098
2015-04-19 00:15:00,0.0,0.195
2015-04-19 00:30:00,0.0,0.098
2015-04-19 00:45:00,-1.0,0.098
2015-04-19 01:00:00,0.0,0.098
2015-04-19 01:15:00,0.0,0.098
2015-04-19 01:30:00,0.0,0.0
2015-04-19 01:45:00,0.0,0.0
2015-04-19 02:00:00,-1.0,0.0
2015-04-19 02:15:00,-1.0,0.0
2015-04-19 02:30:00,-1.0,0.098
2015-04-19 02:45:00,-1.0,0.0
2015-04-19 03:00:00,-1.0,0.0
2015-04-19 03:15:00,-1.0,0.0
2015-04-19 03:30:00,-1.0,0.0
2015-04-19 03:45:00,0.0,0.0
2015-04-19 04:00:00,0.0,0.0
2015-04-19 04:15:00,0.0,0.0
2015-04-19 04:30:00,-1.0,0.0
2015-04-19 04:45:00,-1.0,0.0
2015-04-19 05:00:00,2.0,1.074
2015-04-19 05:15:00,-1.0,8.203
2015-04-19 05:30:00,21.5,25.684
2015-04-19 05:45:00,38.0,39.453
2015-04-19 06:00:00,54.5,117.676
2015-04-19 06:15:00,93.0,180.762
2015-04-19 06:30:00,139.5,246.484
2015-04-19 06:45:00,180.0,318.555
2015-04-19 07:00:00,221.0,390.039
2015-04-19 07:15:00,259.0,459.57
2015-04-19 07:30:00,297.5,535.84
2015-04-19 07:45:00,328.5,600.977
2015-04-19 08:00:00,361.5,671.387
2015-04-19 08:15:00,388.0,737.793
2015-04-19 08:30:00,416.5,799.023
2015-04-19 08:45:00,437.0,859.473
2015-04-19 09:00:00,458.0,915.82
2015-04-19 09:15:00,475.5,969.238
2015-04-19 09:30:00,488.5,1018.652
2015-04-19 09:45:00,500.5,1061.23
2015-04-19 10:00:00,515.5,1098.438
2015-04-19 10:15:00,525.0,1131.348
2015-04-19 10:30:00,537.0,1157.715
2015-04-19 10:45:00,542.0,1176.953
2015-04-19 11:00:00,540.5,1193.359
2015-04-19 11:15:00,548.5,1207.129
2015-04-19 11:30:00,548.0,1213.77
2015-04-19 11:45:00,545.0,1214.16
2015-04-19 12:00:00,542.5,1210.937
2015-04-19 12:15:00,543.0,1214.16
2015-04-19 12:30:00,538.0,1216.602
2015-04-19 12:45:00,459.0,1204.395
2015-04-19 13:00:00,532.5,1201.172
2015-04-19 13:15:00,517.0,1174.316
2015-04-19 13:30:00,506.0,1136.426
2015-04-19 13:45:00,474.5,1066.797
2015-04-19 14:00:00,446.0,1003.32
2015-04-19 14:15:00,435.0,911.621
2015-04-19 14:30:00,419.0,905.371
2015-04-19 14:45:00,414.0,858.301
2015-04-19 15:00:00,408.0,623.926
2015-04-19 15:15:00,346.0,748.34
2015-04-19 15:30:00,295.5,663.965
2015-04-19 15:45:00,281.0,595.508
2015-04-19 16:00:00,250.0,528.125
2015-04-19 16:15:00,216.5,461.523
2015-04-19 16:30:00,174.0,391.699
2015-04-19 16:45:00,137.5,317.676
2015-04-19 17:00:00,95.5,243.262
2015-04-19 17:15:00,62.5,188.379
2015-04-19 17:30:00,36.0,123.438
2015-04-19 17:45:00,23.5,75.293
2015-04-19 18:00:00,11.0,33.105
2015-04-19 18:15:00,2.0,14.258
2015-04-19 18:30:00,-1.0,2.637
2015-04-19 18:45:00,-1.0,0.488
2015-04-19 19:00:00,0.0,0.195
2015-04-19 19:15:00,0.0,0.0
2015-04-19 19:30:00,0.0,0.098
2015-04-19 19:45:00,-1.0,0.195
2015-04-19 20:00:00,-1.0,0.195
2015-04-19 20:15:00,0.0,0.293
2015-04-19 20:30:00,-1.0,0.195
2015-04-19 20:45:00,0.0,0.098
2015-04-19 21:00:00,0.0,0.293
2015-04-19 21:15:00,0.0,0.293
2015-04-19 21:30:00,-1.0,0.293
2015-04-19 21:45:00,-1.0,0.293
2015-04-19 22:00:00,0.0,0.293
2015-04-19 22:15:00,0.0,0.293
2015-04-19 22:30:00,-1.0,0.293
2015-04-19 22:45:00,0.0,0.293
2015-04-19 23:00:00,0.0,0.195
2015-04-19 23:15:00,-1.0,0.195
2015-04-19 23:30:00,0.0,0.098
2015-04-19 23:45:00,-1.0,0.0
2015-04-20 00:00:00,0.0,0.195
2015-04-20 00:15:00,-1.0,0.195
2015-04-20 00:30:00,0.0,0.195
2015-04-20 00:45:00,-1.0,0.195
2015-04-20 01:00:00,-1.0,0.195
2015-04-20 01:15:00,-1.0,0.293
2015-04-20 01:30:00,0.0,0.293
2015-04-20 01:45:00,-1.0,0.098
2015-04-20 02:00:00,0.0,0.195
2015-04-20 02:15:00,-1.0,0.098
2015-04-20 02:30:00,-1.0,0.098
2015-04-20 02:45:00,-1.0,0.098
2015-04-20 03:00:00,-1.0,0.0
2015-04-20 03:15:00,-1.0,0.0
2015-04-20 03:30:00,-1.0,0.0
2015-04-20 03:45:00,-1.0,0.0
2015-04-20 04:00:00,0.0,0.0
2015-04-20 04:15:00,-1.0,0.0
2015-04-20 04:30:00,-1.0,0.0
2015-04-20 04:45:00,-1.0,0.0
2015-04-20 05:00:00,2.5,1.563
2015-04-20 05:15:00,-1.0,8.887
2015-04-20 05:30:00,16.0,19.336
2015-04-20 05:45:00,37.5,32.324
2015-04-20 06:00:00,56.0,121.484
2015-04-20 06:15:00,37.5,157.52
2015-04-20 06:30:00,101.0,213.672
2015-04-20 06:45:00,202.5,334.961
2015-04-20 07:00:00,233.5,336.133
2015-04-20 07:15:00,284.5,495.703
2015-04-20 07:30:00,340.0,600.098
2015-04-20 07:45:00,375.0,700.195
2015-04-20 08:00:00,177.5,492.285
2015-04-20 08:15:00,464.0,526.66
2015-04-20 08:30:00,442.5,908.984
2015-04-20 08:45:00,456.0,912.598
2015-04-20 09:00:00,469.5,838.574
2015-04-20 09:15:00,487.0,992.188
2015-04-20 09:30:00,412.0,911.035
2015-04-20 09:45:00,430.5,941.016
2015-04-20 10:00:00,545.0,1019.824
2015-04-20 10:15:00,535.0,1180.664
2015-04-20 10:30:00,535.5,1170.801
2015-04-20 10:45:00,535.5,1186.523
2015-04-20 11:00:00,536.5,1192.969
2015-04-20 11:15:00,541.0,1203.223
2015-04-20 11:30:00,544.0,1207.52
2015-04-20 11:45:00,548.5,1214.355
2015-04-20 12:00:00,540.5,1190.527
2015-04-20 12:15:00,533.5,1201.953
2015-04-20 12:30:00,530.5,1191.992
2015-04-20 12:45:00,519.0,1176.465
2015-04-20 13:00:00,515.5,1160.254
2015-04-20 13:15:00,500.0,1137.988
2015-04-20 13:30:00,502.5,1116.602
2015-04-20 13:45:00,528.5,682.422
2015-04-20 14:00:00,490.0,762.012
2015-04-20 14:15:00,459.0,945.02
2015-04-20 14:30:00,450.5,957.617
2015-04-20 14:45:00,437.0,920.215
2015-04-20 15:00:00,396.0,854.688
2015-04-20 15:15:00,352.0,678.027
2015-04-20 15:30:00,331.0,695.313
2015-04-20 15:45:00,303.5,635.938
2015-04-20 16:00:00,267.0,571.777
2015-04-20 16:15:00,219.0,490.527
2015-04-20 16:30:00,45.0,287.891
2015-04-20 16:45:00,38.0,70.801
2015-04-20 17:00:00,101.0,181.055
2015-04-20 17:15:00,74.0,202.832
2015-04-20 17:30:00,46.5,150.879
2015-04-20 17:45:00,19.5,82.031
2015-04-20 18:00:00,9.0,26.953
2015-04-20 18:15:00,3.0,12.695
2015-04-20 18:30:00,-1.0,3.32
2015-04-20 18:45:00,-1.0,0.586
2015-04-20 19:00:00,0.0,0.293
2015-04-20 19:15:00,0.0,0.195
2015-04-20 19:30:00,0.0,0.293
2015-04-20 19:45:00,-1.0,0.0
2015-04-20 20:00:00,-1.0,0.293
2015-04-20 20:15:00,0.0,0.293
2015-04-20 20:30:00,0.0,0.293
2015-04-20 20:45:00,-1.0,0.195
2015-04-20 21:00:00,-1.0,0.195
2015-04-20 21:15:00,0.0,0.195
2015-04-20 21:30:00,0.0,0.293
2015-04-20 21:45:00,0.0,0.195
2015-04-20 22:00:00,0.0,0.293
2015-04-20 22:15:00,0.0,0.293
2015-04-20 22:30:00,0.0,0.293
2015-04-20 22:45:00,-1.0,0.195
2015-04-20 23:00:00,-1.0,0.293
2015-04-20 23:15:00,0.0,0.293
2015-04-20 23:30:00,0.0,0.195
2015-04-20 23:45:00,0.0,0.195
2015-04-21 00:00:00,-1.0,0.195
2015-04-21 00:15:00,-1.0,0.195
2015-04-21 00:30:00,0.0,0.098
2015-04-21 00:45:00,-1.0,0.195
2015-04-21 01:00:00,-1.0,0.195
2015-04-21 01:15:00,-1.0,0.195
2015-04-21 01:30:00,-1.0,0.293
2015-04-21 01:45:00,0.0,0.0
2015-04-21 02:00:00,-1.0,0.195
2015-04-21 02:15:00,0.0,0.195
2015-04-21 02:30:00,-1.0,0.195
2015-04-21 02:45:00,0.0,0.0
2015-04-21 03:00:00,-1.0,0.098
2015-04-21 03:15:00,-1.0,0.098
2015-04-21 03:30:00,-1.0,0.0
2015-04-21 03:45:00,-1.0,0.0
2015-04-21 04:00:00,0.0,0.0
2015-04-21 04:15:00,-1.0,0.0
2015-04-21 04:30:00,-1.0,0.0
2015-04-21 04:45:00,-1.0,0.0
2015-04-21 05:00:00,2.0,1.953
2015-04-21 05:15:00,8.5,9.668
2015-04-21 05:30:00,20.5,22.559
2015-04-21 05:45:00,35.5,37.988
2015-04-21 06:00:00,56.0,132.422
2015-04-21 06:15:00,83.0,186.133
2015-04-21 06:30:00,90.0,248.242
2015-04-21 06:45:00,51.0,143.359
2015-04-21 07:00:00,76.0,108.008
2015-04-21 07:15:00,243.5,265.625
2015-04-21 07:30:00,284.5,462.402
2015-04-21 07:45:00,343.5,647.461
2015-04-21 08:00:00,371.0,687.109
2015-04-21 08:15:00,155.0,528.027
2015-04-21 08:30:00,489.0,599.512
2015-04-21 08:45:00,475.5,966.016
2015-04-21 09:00:00,504.5,930.859
2015-04-21 09:15:00,396.0,1000.684
2015-04-21 09:30:00,423.5,964.551
2015-04-21 09:45:00,311.5,826.758
2015-04-21 10:00:00,575.0,1009.766
2015-04-21 10:15:00,538.0,1206.543
2015-04-21 10:30:00,542.0,1082.324
2015-04-21 10:45:00,559.5,1151.074
2015-04-21 11:00:00,483.0,1120.996
2015-04-21 11:15:00,413.0,1058.398
2015-04-21 11:30:00,486.5,1026.367
2015-04-21 11:45:00,592.0,1098.828
2015-04-21 12:00:00,567.5,1220.605
2015-04-21 12:15:00,553.5,1218.164
2015-04-21 12:30:00,580.5,1235.254
2015-04-21 12:45:00,163.0,1019.824
2015-04-21 13:00:00,292.0,594.531
2015-04-21 13:15:00,188.0,520.801
2015-04-21 13:30:00,580.5,639.16
2015-04-21 13:45:00,106.5,956.543
2015-04-21 14:00:00,431.0,549.707
2015-04-21 14:15:00,479.5,915.43
2015-04-21 14:30:00,452.0,923.242
2015-04-21 14:45:00,427.5,869.141
2015-04-21 15:00:00,401.5,809.082
2015-04-21 15:15:00,378.5,750.977
2015-04-21 15:30:00,346.5,692.48
2015-04-21 15:45:00,317.0,630.078
2015-04-21 16:00:00,280.5,563.672
2015-04-21 16:15:00,243.0,498.828
2015-04-21 16:30:00,200.0,431.543
2015-04-21 16:45:00,157.5,362.598
2015-04-21 17:00:00,116.0,292.48
2015-04-21 17:15:00,82.0,235.254
2015-04-21 17:30:00,48.5,173.73
2015-04-21 17:45:00,12.5,49.121
2015-04-21 18:00:00,10.0,24.219
2015-04-21 18:15:00,2.5,14.844
2015-04-21 18:30:00,-1.0,2.832
2015-04-21 18:45:00,-1.0,0.391
2015-04-21 19:00:00,-1.0,0.195
2015-04-21 19:15:00,-1.0,0.195
2015-04-21 19:30:00,0.0,0.391
2015-04-21 19:45:00,-1.0,0.293
2015-04-21 20:00:00,-1.0,0.195
2015-04-21 20:15:00,0.0,0.195
2015-04-21 20:30:00,0.0,0.293
2015-04-21 20:45:00,-1.0,0.293
2015-04-21 21:00:00,0.0,0.0
2015-04-21 21:15:00,0.0,0.195
2015-04-21 21:30:00,0.0,0.293
2015-04-21 21:45:00,-1.0,0.293
2015-04-21 22:00:00,0.0,0.098
2015-04-21 22:15:00,0.0,0.098
2015-04-21 22:30:00,0.0,0.098
2015-04-21 22:45:00,-1.0,0.195
2015-04-21 23:00:00,-1.0,0.195
2015-04-21 23:15:00,0.0,0.098
2015-04-21 23:30:00,-1.0,0.098
2015-04-21 23:45:00,-1.0,0.098
2015-04-22 00:00:00,-1.0,0.195
2015-04-22 00:15:00,0.0,0.0
2015-04-22 00:30:00,-1.0,0.0
2015-04-22 00:45:00,0.0,0.0
2015-04-22 01:00:00,-1.0,0.098
2015-04-22 01:15:00,-1.0,0.098
2015-04-22 01:30:00,0.0,0.0
2015-04-22 01:45:00,-1.0,0.0
2015-04-22 02:00:00,-1.0,0.0
2015-04-22 02:15:00,-1.0,0.0
2015-04-22 02:30:00,-1.0,0.0
2015-04-22 02:45:00,0.0,0.0
2015-04-22 03:00:00,0.0,0.0
2015-04-22 03:15:00,0.0,0.0
2015-04-22 03:30:00,-1.0,0.0
2015-04-22 03:45:00,0.0,0.098
2015-04-22 04:00:00,-1.0,0.098
2015-04-22 04:15:00,-1.0,0.098
2015-04-22 04:30:00,-1.0,0.195
2015-04-22 04:45:00,-1.0,0.195
2015-04-22 05:00:00,3.0,2.441
2015-04-22 05:15:00,15.5,15.625
2015-04-22 05:30:00,27.0,33.789
2015-04-22 05:45:00,41.5,53.418
2015-04-22 06:00:00,49.0,124.023
2015-04-22 06:15:00,82.0,158.789
2015-04-22 06:30:00,100.5,245.703
2015-04-22 06:45:00,182.5,305.273
2015-04-22 07:00:00,218.5,382.813
2015-04-22 07:15:00,255.5,447.656
2015-04-22 07:30:00,295.5,523.145
2015-04-22 07:45:00,332.0,598.34
2015-04-22 08:00:00,373.0,678.613
2015-04-22 08:15:00,404.0,751.953
2015-04-22 08:30:00,441.0,763.379
2015-04-22 08:45:00,446.5,874.121
2015-04-22 09:00:00,465.0,914.063
2015-04-22 09:15:00,481.5,960.449
2015-04-22 09:30:00,500.0,1003.125
2015-04-22 09:45:00,516.0,1037.207
2015-04-22 10:00:00,527.5,1079.59
2015-04-22 10:15:00,540.0,1113.184
2015-04-22 10:30:00,554.0,1156.934
2015-04-22 10:45:00,573.5,1215.625
2015-04-22 11:00:00,593.0,1275.684
2015-04-22 11:15:00,162.5,1017.969
2015-04-22 11:30:00,176.5,496.387
2015-04-22 11:45:00,297.5,441.895
2015-04-22 12:00:00,184.0,631.738
2015-04-22 12:15:00,622.0,1237.988
2015-04-22 12:30:00,652.0,967.285
2015-04-22 12:45:00,585.5,1300.781
2015-04-22 13:00:00,124.5,717.871
2015-04-22 13:15:00,571.0,736.23
2015-04-22 13:30:00,110.5,470.508
2015-04-22 13:45:00,170.5,233.887
2015-04-22 14:00:00,617.5,521.582
2015-04-22 14:15:00,550.0,652.539
2015-04-22 14:30:00,203.5,569.043
2015-04-22 14:45:00,387.0,611.621
2015-04-22 15:00:00,97.0,370.02
2015-04-22 15:15:00,430.0,504.98
2015-04-22 15:30:00,346.5,701.563
2015-04-22 15:45:00,271.0,600.098
2015-04-22 16:00:00,236.5,425.488
2015-04-22 16:15:00,113.0,226.953
2015-04-22 16:30:00,72.0,142.773
2015-04-22 16:45:00,123.5,152.051
2015-04-22 17:00:00,56.0,138.867
2015-04-22 17:15:00,33.5,99.316
2015-04-22 17:30:00,18.0,37.402
2015-04-22 17:45:00,9.0,22.656
2015-04-22 18:00:00,6.5,14.551
2015-04-22 18:15:00,2.5,7.715
2015-04-22 18:30:00,0.5,2.441
2015-04-22 18:45:00,-1.0,0.488
2015-04-22 19:00:00,-1.0,0.293
2015-04-22 19:15:00,0.0,0.293
2015-04-22 19:30:00,-1.0,0.195
2015-04-22 19:45:00,0.0,0.195
2015-04-22 20:00:00,0.0,0.195
2015-04-22 20:15:00,0.0,0.098
2015-04-22 20:30:00,0.0,0.098
2015-04-22 20:45:00,0.0,0.0
2015-04-22 21:00:00,0.0,0.0
2015-04-22 21:15:00,0.0,0.0
2015-04-22 21:30:00,-1.0,0.098
2015-04-22 21:45:00,-1.0,0.098
2015-04-22 22:00:00,0.0,0.098
2015-04-22 22:15:00,0.0,0.098
2015-04-22 22:30:00,-1.0,0.195
2015-04-22 22:45:00,0.0,0.195
2015-04-22 23:00:00,0.0,0.098
2015-04-22 23:15:00,-1.0,0.098
2015-04-22 23:30:00,-1.0,0.0
2015-04-22 23:45:00,-1.0,0.0
2015-04-23 00:00:00,-1.0,0.0
2015-04-23 00:15:00,0.0,0.0
2015-04-23 00:30:00,-1.0,0.0
2015-04-23 00:45:00,-1.0,0.0
2015-04-23 01:00:00,-1.0,0.0
2015-04-23 01:15:00,-1.0,0.0
2015-04-23 01:30:00,0.0,0.0
2015-04-23 01:45:00,-1.0,0.0
2015-04-23 02:00:00,0.0,0.0
2015-04-23 02:15:00,-1.0,0.0
2015-04-23 02:30:00,0.0,0.0
2015-04-23 02:45:00,-1.0,0.0
2015-04-23 03:00:00,0.0,0.0
2015-04-23 03:15:00,-1.0,0.0
2015-04-23 03:30:00,0.0,0.0
2015-04-23 03:45:00,-1.0,0.0
2015-04-23 04:00:00,-1.0,0.0
2015-04-23 04:15:00,-1.0,0.0
2015-04-23 04:30:00,-1.0,0.0
2015-04-23 04:45:00,-1.0,0.098
2015-04-23 05:00:00,2.5,1.66
2015-04-23 05:15:00,10.5,11.621
2015-04-23 05:30:00,18.5,27.93
2015-04-23 05:45:00,37.0,52.734
2015-04-23 06:00:00,66.0,120.605
2015-04-23 06:15:00,122.0,207.324
2015-04-23 06:30:00,184.5,312.012
2015-04-23 06:45:00,257.5,428.223
2015-04-23 07:00:00,249.5,493.066
2015-04-23 07:15:00,263.5,474.512
2015-04-23 07:30:00,299.0,533.691
2015-04-23 07:45:00,332.5,603.516
2015-04-23 08:00:00,365.5,669.922
2015-04-23 08:15:00,393.5,734.277
2015-04-23 08:30:00,422.5,795.996
2015-04-23 08:45:00,440.0,855.762
2015-04-23 09:00:00,464.0,900.781
2015-04-23 09:15:00,480.5,957.422
2015-04-23 09:30:00,506.5,1001.953
2015-04-23 09:45:00,521.0,1033.984
2015-04-23 10:00:00,530.5,1074.707
2015-04-23 10:15:00,544.5,1113.672
2015-04-23 10:30:00,548.0,1139.648
2015-04-23 10:45:00,558.0,1163.965
2015-04-23 11:00:00,559.5,1183.008
2015-04-23 11:15:00,581.0,1204.785
2015-04-23 11:30:00,239.5,1195.996
2015-04-23 11:45:00,598.0,1253.418
2015-04-23 12:00:00,587.0,1237.207
2015-04-23 12:15:00,289.5,1203.809
2015-04-23 12:30:00,595.0,963.867
2015-04-23 12:45:00,547.0,1081.348
2015-04-23 13:00:00,653.0,1089.746
2015-04-23 13:15:00,641.5,1368.457
2015-04-23 13:30:00,582.5,1344.922
2015-04-23 13:45:00,579.5,1291.797
2015-04-23 14:00:00,571.0,1187.793
2015-04-23 14:15:00,518.0,1165.527
2015-04-23 14:30:00,454.0,925.293
2015-04-23 14:45:00,425.0,730.566
2015-04-23 15:00:00,390.0,799.512
2015-04-23 15:15:00,367.5,711.719
2015-04-23 15:30:00,349.0,676.27
2015-04-23 15:45:00,306.0,612.207
2015-04-23 16:00:00,266.5,537.012
2015-04-23 16:15:00,208.5,396.289
2015-04-23 16:30:00,199.0,371.191
2015-04-23 16:45:00,78.5,298.633
2015-04-23 17:00:00,126.0,280.664
2015-04-23 17:15:00,56.5,217.676
2015-04-23 17:30:00,51.0,102.051
2015-04-23 17:45:00,35.0,115.137
2015-04-23 18:00:00,18.5,51.367
2015-04-23 18:15:00,4.0,21.484
2015-04-23 18:30:00,-1.0,4.102
2015-04-23 18:45:00,-1.0,0.684
2015-04-23 19:00:00,0.0,0.0
2015-04-23 19:15:00,-1.0,0.293
2015-04-23 19:30:00,0.0,0.195
2015-04-23 19:45:00,-1.0,0.195
2015-04-23 20:00:00,0.0,0.195
2015-04-23 20:15:00,0.0,0.098
2015-04-23 20:30:00,0.0,0.098
2015-04-23 20:45:00,-1.0,0.098
2015-04-23 21:00:00,0.0,0.098
2015-04-23 21:15:00,-1.0,0.195
2015-04-23 21:30:00,0.0,0.098
2015-04-23 21:45:00,-1.0,0.098
2015-04-23 22:00:00,0.0,0.0
2015-04-23 22:15:00,0.0,0.098
2015-04-23 22:30:00,0.0,0.098
2015-04-23 22:45:00,-1.0,0.0
2015-04-23 23:00:00,-1.0,0.098
2015-04-23 23:15:00,0.0,0.0
2015-04-23 23:30:00,0.0,0.195
2015-04-23 23:45:00,0.0,0.098
2015-04-24 00:00:00,0.0,0.098
2015-04-24 00:15:00,-1.0,0.098
2015-04-24 00:30:00,-1.0,0.098
2015-04-24 00:45:00,0.0,0.0
2015-04-24 01:00:00,-1.0,0.0
2015-04-24 01:15:00,-1.0,0.0
2015-04-24 01:30:00,-1.0,0.0
2015-04-24 01:45:00,0.0,0.0
2015-04-24 02:00:00,0.0,0.0
2015-04-24 02:15:00,-1.0,0.0
2015-04-24 02:30:00,-1.0,0.0
2015-04-24 02:45:00,-1.0,0.0
2015-04-24 03:00:00,-1.0,0.0
2015-04-24 03:15:00,0.0,0.0
2015-04-24 03:30:00,0.0,0.0
2015-04-24 03:45:00,-1.0,0.098
2015-04-24 04:00:00,0.0,0.0
2015-04-24 04:15:00,-1.0,0.098
2015-04-24 04:30:00,-1.0,0.0
2015-04-24 04:45:00,-1.0,0.293
2015-04-24 05:00:00,-1.0,3.125
2015-04-24 05:15:00,11.0,13.281
2015-04-24 05:30:00,26.0,25.684
2015-04-24 05:45:00,47.0,71.68
2015-04-24 06:00:00,72.5,139.16
2015-04-24 06:15:00,87.0,195.898
2015-04-24 06:30:00,136.0,254.59
2015-04-24 06:45:00,187.5,318.359
2015-04-24 07:00:00,214.5,385.156
2015-04-24 07:15:00,267.5,453.418
2015-04-24 07:30:00,244.0,459.375
2015-04-24 07:45:00,342.0,553.32
2015-04-24 08:00:00,371.0,644.727
2015-04-24 08:15:00,416.5,604.785
2015-04-24 08:30:00,436.0,823.145
2015-04-24 08:45:00,361.0,767.773
2015-04-24 09:00:00,411.0,800.293
2015-04-24 09:15:00,424.5,893.164
2015-04-24 09:30:00,517.0,891.211
2015-04-24 09:45:00,560.5,1032.617
2015-04-24 10:00:00,523.5,921.191
2015-04-24 10:15:00,576.0,1092.969
2015-04-24 10:30:00,581.5,1129.102
2015-04-24 10:45:00,594.0,1149.316
2015-04-24 11:00:00,606.5,1178.125
2015-04-24 11:15:00,574.0,1151.855
2015-04-24 11:30:00,582.5,1136.621
2015-04-24 11:45:00,614.5,1145.703
2015-04-24 12:00:00,599.0,1183.691
2015-04-24 12:15:00,600.5,1177.051
2015-04-24 12:30:00,604.5,1174.707
2015-04-24 12:45:00,586.5,1157.129
2015-04-24 13:00:00,581.5,1132.031
2015-04-24 13:15:00,583.0,1107.324
2015-04-24 13:30:00,545.0,1085.547
2015-04-24 13:45:00,520.0,1032.227
2015-04-24 14:00:00,522.0,1001.953
2015-04-24 14:15:00,490.0,962.305
2015-04-24 14:30:00,477.0,910.938
2015-04-24 14:45:00,502.5,662.305
2015-04-24 15:00:00,450.0,735.547
2015-04-24 15:15:00,390.5,763.672
2015-04-24 15:30:00,351.0,688.965
2015-04-24 15:45:00,74.5,435.449
2015-04-24 16:00:00,103.5,151.66
2015-04-24 16:15:00,197.5,318.066
2015-04-24 16:30:00,96.5,257.813
2015-04-24 16:45:00,94.5,223.73
2015-04-24 17:00:00,69.5,139.746
2015-04-24 17:15:00,41.0,88.574
2015-04-24 17:30:00,29.5,61.328
2015-04-24 17:45:00,17.5,43.359
2015-04-24 18:00:00,10.5,26.27
2015-04-24 18:15:00,4.5,15.234
2015-04-24 18:30:00,-1.0,6.25
2015-04-24 18:45:00,-1.0,0.0
2015-04-24 19:00:00,-1.0,0.293
2015-04-24 19:15:00,-1.0,0.0
2015-04-24 19:30:00,0.0,0.293
2015-04-24 19:45:00,0.0,0.195
2015-04-24 20:00:00,-1.0,0.098
2015-04-24 20:15:00,0.0,0.195
2015-04-24 20:30:00,0.0,0.195
2015-04-24 20:45:00,0.0,0.0
2015-04-24 21:00:00,0.0,0.195
2015-04-24 21:15:00,0.0,0.195
2015-04-24 21:30:00,-1.0,0.195
2015-04-24 21:45:00,0.0,0.195
2015-04-24 22:00:00,0.0,0.0
2015-04-24 22:15:00,0.0,0.195
2015-04-24 22:30:00,0.0,0.293
2015-04-24 22:45:00,-1.0,0.195
2015-04-24 23:00:00,0.0,0.195
2015-04-24 23:15:00,0.0,0.195
2015-04-24 23:30:00,0.0,0.098
2015-04-24 23:45:00,-1.0,0.098
2015-04-25 00:00:00,0.0,0.0
2015-04-25 00:15:00,-1.0,0.0
2015-04-25 00:30:00,0.0,0.0
2015-04-25 00:45:00,-1.0,0.0
2015-04-25 01:00:00,-1.0,0.0
2015-04-25 01:15:00,-1.0,0.0
2015-04-25 01:30:00,0.0,0.0
2015-04-25 01:45:00,-1.0,0.0
2015-04-25 02:00:00,0.0,0.0
2015-04-25 02:15:00,0.0,0.0
2015-04-25 02:30:00,0.0,0.0
2015-04-25 02:45:00,0.0,0.0
2015-04-25 03:00:00,-1.0,0.0
2015-04-25 03:15:00,0.0,0.0
2015-04-25 03:30:00,-1.0,0.0
2015-04-25 03:45:00,0.0,0.0
2015-04-25 04:00:00,-1.0,0.0
2015-04-25 04:15:00,0.0,0.0
2015-04-25 04:30:00,-1.0,0.0
2015-04-25 04:45:00,-1.0,0.098
2015-04-25 05:00:00,6.0,5.957
2015-04-25 05:15:00,9.0,18.359
2015-04-25 05:30:00,16.0,27.93
2015-04-25 05:45:00,15.5,40.039
2015-04-25 06:00:00,30.0,50.098
2015-04-25 06:15:00,20.0,41.797
2015-04-25 06:30:00,34.0,39.746
2015-04-25 06:45:00,79.5,100.586
2015-04-25 07:00:00,112.0,152.148
2015-04-25 07:15:00,108.5,185.645
2015-04-25 07:30:00,127.5,201.367
2015-04-25 07:45:00,150.5,208.203
2015-04-25 08:00:00,151.0,244.727
2015-04-25 08:15:00,155.5,261.914
2015-04-25 08:30:00,148.5,237.793
2015-04-25 08:45:00,120.5,219.238
2015-04-25 09:00:00,163.0,233.008
2015-04-25 09:15:00,176.5,275.879
2015-04-25 09:30:00,201.5,319.434
2015-04-25 09:45:00,165.0,319.727
2015-04-25 10:00:00,164.5,262.402
2015-04-25 10:15:00,203.0,302.832
2015-04-25 10:30:00,138.0,286.523
2015-04-25 10:45:00,179.5,251.953
2015-04-25 11:00:00,178.5,315.723
2015-04-25 11:15:00,205.5,293.164
2015-04-25 11:30:00,328.5,453.809
2015-04-25 11:45:00,491.0,726.758
2015-04-25 12:00:00,498.0,897.266
2015-04-25 12:15:00,623.5,1117.48
2015-04-25 12:30:00,288.0,941.504
2015-04-25 12:45:00,639.0,1164.941
2015-04-25 13:00:00,406.0,778.906
2015-04-25 13:15:00,670.0,839.648
2015-04-25 13:30:00,325.0,973.828
2015-04-25 13:45:00,204.5,434.082
2015-04-25 14:00:00,224.5,524.023
2015-04-25 14:15:00,216.0,326.172
2015-04-25 14:30:00,372.5,330.762
2015-04-25 14:45:00,172.0,620.117
2015-04-25 15:00:00,138.0,265.527
2015-04-25 15:15:00,76.5,187.109
2015-04-25 15:30:00,54.0,113.477
2015-04-25 15:45:00,24.0,54.98
2015-04-25 16:00:00,7.0,20.508
2015-04-25 16:15:00,6.0,11.621
2015-04-25 16:30:00,6.0,8.594
2015-04-25 16:45:00,7.0,9.277
2015-04-25 17:00:00,8.5,11.621
2015-04-25 17:15:00,5.0,10.84
2015-04-25 17:30:00,4.0,7.52
2015-04-25 17:45:00,4.0,7.031
2015-04-25 18:00:00,-1.0,4.59
2015-04-25 18:15:00,0.5,2.051
2015-04-25 18:30:00,0.5,0.879
2015-04-25 18:45:00,-1.0,0.0
2015-04-25 19:00:00,-1.0,0.0
2015-04-25 19:15:00,-1.0,0.0
2015-04-25 19:30:00,0.0,0.0
2015-04-25 19:45:00,-1.0,0.0
2015-04-25 20:00:00,-1.0,0.0
2015-04-25 20:15:00,-1.0,0.0
2015-04-25 20:30:00,0.0,0.0
2015-04-25 20:45:00,-1.0,0.0
2015-04-25 21:00:00,-1.0,0.0
2015-04-25 21:15:00,-1.0,0.0
2015-04-25 21:30:00,-1.0,0.0
2015-04-25 21:45:00,-1.0,0.0
2015-04-25 22:00:00,-1.0,0.0
2015-04-25 22:15:00,-1.0,0.098
2015-04-25 22:30:00,-1.0,0.098
2015-04-25 22:45:00,0.0,0.0
2015-04-25 23:00:00,-1.0,0.0
2015-04-25 23:15:00,-1.0,0.0
2015-04-25 23:30:00,-1.0,0.0
2015-04-25 23:45:00,-1.0,0.0
2015-04-26 00:00:00,-1.0,0.098
2015-04-26 00:15:00,-1.0,0.0
2015-04-26 00:30:00,0.0,0.0
2015-04-26 00:45:00,-1.0,0.0
2015-04-26 01:00:00,-1.0,0.0
2015-04-26 01:15:00,-1.0,0.0
2015-04-26 01:30:00,0.0,0.0
2015-04-26 01:45:00,0.0,0.0
2015-04-26 02:00:00,-1.0,0.098
2015-04-26 02:15:00,-1.0,0.098
2015-04-26 02:30:00,-1.0,0.0
2015-04-26 02:45:00,0.0,0.098
2015-04-26 03:00:00,-1.0,0.0
2015-04-26 03:15:00,-1.0,0.0
2015-04-26 03:30:00,-1.0,0.098
2015-04-26 03:45:00,-1.0,0.0
2015-04-26 04:00:00,-1.0,0.0
2015-04-26 04:15:00,-1.0,0.098
2015-04-26 04:30:00,-1.0,0.0
2015-04-26 04:45:00,-1.0,0.391
2015-04-26 05:00:00,-1.0,3.906
2015-04-26 05:15:00,10.0,11.621
2015-04-26 05:30:00,22.5,19.043
2015-04-26 05:45:00,45.5,87.891
2015-04-26 06:00:00,78.5,157.813
2015-04-26 06:15:00,118.5,221.973
2015-04-26 06:30:00,163.0,293.945
2015-04-26 06:45:00,211.5,358.398
2015-04-26 07:00:00,257.0,424.609
2015-04-26 07:15:00,303.0,501.758
2015-04-26 07:30:00,342.5,570.508
2015-04-26 07:45:00,383.0,640.039
2015-04-26 08:00:00,417.5,705.469
2015-04-26 08:15:00,448.5,767.578
2015-04-26 08:30:00,476.5,828.418
2015-04-26 08:45:00,503.5,885.254
2015-04-26 09:00:00,527.0,938.184
2015-04-26 09:15:00,553.5,988.867
2015-04-26 09:30:00,565.5,1035.059
2015-04-26 09:45:00,577.5,1076.465
2015-04-26 10:00:00,604.0,1124.707
2015-04-26 10:15:00,629.5,1135.84
2015-04-26 10:30:00,642.5,1151.66
2015-04-26 10:45:00,673.0,1224.805
2015-04-26 11:00:00,640.5,1246.973
2015-04-26 11:15:00,687.5,1322.266
2015-04-26 11:30:00,658.0,1151.953
2015-04-26 11:45:00,639.0,1272.266
2015-04-26 12:00:00,637.5,1240.625
2015-04-26 12:15:00,631.5,1229.102
2015-04-26 12:30:00,622.0,1222.461
2015-04-26 12:45:00,623.5,1212.402
2015-04-26 13:00:00,610.5,1178.906
2015-04-26 13:15:00,596.0,1150.293
2015-04-26 13:30:00,586.5,1122.168
2015-04-26 13:45:00,562.5,1083.203
2015-04-26 14:00:00,544.5,1037.988
2015-04-26 14:15:00,520.0,991.113
2015-04-26 14:30:00,497.5,938.184
2015-04-26 14:45:00,473.0,878.516
2015-04-26 15:00:00,419.5,774.316
2015-04-26 15:15:00,411.5,762.598
2015-04-26 15:30:00,392.0,707.715
2015-04-26 15:45:00,328.0,630.371
2015-04-26 16:00:00,307.5,503.613
2015-04-26 16:15:00,263.5,436.621
2015-04-26 16:30:00,214.5,430.078
2015-04-26 16:45:00,144.0,351.758
2015-04-26 17:00:00,120.5,267.383
2015-04-26 17:15:00,89.0,232.324
2015-04-26 17:30:00,50.5,169.434
2015-04-26 17:45:00,27.5,99.512
2015-04-26 18:00:00,11.0,45.703
2015-04-26 18:15:00,3.0,12.5
2015-04-26 18:30:00,-1.0,4.297
2015-04-26 18:45:00,0.0,0.0
2015-04-26 19:00:00,-1.0,0.195
2015-04-26 19:15:00,-1.0,0.195
2015-04-26 19:30:00,0.0,0.195
2015-04-26 19:45:00,-1.0,0.293
2015-04-26 20:00:00,0.0,0.195
2015-04-26 20:15:00,-1.0,0.195
2015-04-26 20:30:00,-1.0,0.195
2015-04-26 20:45:00,-1.0,0.195
2015-04-26 21:00:00,0.0,0.0
2015-04-26 21:15:00,-1.0,0.195
2015-04-26 21:30:00,0.0,0.098
2015-04-26 21:45:00,-1.0,0.098
2015-04-26 22:00:00,0.0,0.098
2015-04-26 22:15:00,-1.0,0.0
2015-04-26 22:30:00,0.0,0.0
2015-04-26 22:45:00,0.0,0.0
2015-04-26 23:00:00,-1.0,0.0
2015-04-26 23:15:00,-1.0,0.098
2015-04-26 23:30:00,0.0,0.0
2015-04-26 23:45:00,0.0,0.0
2015-04-27 00:00:00,0.0,0.0
2015-04-27 00:15:00,0.0,0.0
2015-04-27 00:30:00,0.0,0.0
2015-04-27 00:45:00,-1.0,0.0
2015-04-27 01:00:00,-1.0,0.0
2015-04-27 01:15:00,-1.0,0.0
2015-04-27 01:30:00,-1.0,0.0
2015-04-27 01:45:00,-1.0,0.0
2015-04-27 02:00:00,-1.0,0.0
2015-04-27 02:15:00,0.0,0.0
2015-04-27 02:30:00,-1.0,0.098
2015-04-27 02:45:00,-1.0,0.0
2015-04-27 03:00:00,-1.0,0.0
2015-04-27 03:15:00,-1.0,0.0
2015-04-27 03:30:00,-1.0,0.0
2015-04-27 03:45:00,0.0,0.0
2015-04-27 04:00:00,-1.0,0.0
2015-04-27 04:15:00,-1.0,0.0
2015-04-27 04:30:00,-1.0,0.0
2015-04-27 04:45:00,0.5,0.781
2015-04-27 05:00:00,-1.0,5.078
2015-04-27 05:15:00,11.0,12.402
2015-04-27 05:30:00,23.5,19.336
2015-04-27 05:45:00,47.0,98.242
2015-04-27 06:00:00,82.0,167.676
2015-04-27 06:15:00,122.0,232.422
2015-04-27 06:30:00,165.0,303.711
2015-04-27 06:45:00,216.0,368.555
2015-04-27 07:00:00,253.5,431.738
2015-04-27 07:15:00,303.5,512.695
2015-04-27 07:30:00,344.5,581.25
2015-04-27 07:45:00,382.5,652.246
2015-04-27 08:00:00,415.5,718.652
2015-04-27 08:15:00,446.0,781.836
2015-04-27 08:30:00,474.5,844.238
2015-04-27 08:45:00,502.5,901.953
2015-04-27 09:00:00,520.0,957.031
2015-04-27 09:15:00,536.5,1007.129
2015-04-27 09:30:00,552.5,1053.613
2015-04-27 09:45:00,565.5,1097.07
2015-04-27 10:00:00,575.5,1130.762
2015-04-27 10:15:00,585.0,1163.77
2015-04-27 10:30:00,590.5,1187.598
2015-04-27 10:45:00,599.0,1208.398
2015-04-27 11:00:00,587.0,1225.488
2015-04-27 11:15:00,589.5,1234.375
2015-04-27 11:30:00,583.5,1240.332
2015-04-27 11:45:00,588.5,1242.383
2015-04-27 12:00:00,583.5,1240.137
2015-04-27 12:15:00,588.5,1232.812
2015-04-27 12:30:00,579.0,1221.582
2015-04-27 12:45:00,566.0,1204.199
2015-04-27 13:00:00,553.5,1183.398
2015-04-27 13:15:00,541.0,1154.492
2015-04-27 13:30:00,529.5,1122.363
2015-04-27 13:45:00,511.5,1084.375
2015-04-27 14:00:00,495.0,1042.676
2015-04-27 14:15:00,477.0,994.727
2015-04-27 14:30:00,459.0,942.676
2015-04-27 14:45:00,438.0,886.426
2015-04-27 15:00:00,415.0,828.613
2015-04-27 15:15:00,386.5,767.578
2015-04-27 15:30:00,356.0,703.223
2015-04-27 15:45:00,319.0,638.574
2015-04-27 16:00:00,284.5,571.68
2015-04-27 16:15:00,247.0,502.734
2015-04-27 16:30:00,207.0,433.789
2015-04-27 16:45:00,162.5,364.258
2015-04-27 17:00:00,121.5,296.973
2015-04-27 17:15:00,81.5,231.543
2015-04-27 17:30:00,49.0,169.922
2015-04-27 17:45:00,25.5,98.242
2015-04-27 18:00:00,11.0,41.602
2015-04-27 18:15:00,5.0,14.16
2015-04-27 18:30:00,0.0,5.957
2015-04-27 18:45:00,0.0,1.27
2015-04-27 19:00:00,-1.0,0.391
2015-04-27 19:15:00,0.0,0.488
2015-04-27 19:30:00,-1.0,0.391
2015-04-27 19:45:00,0.0,0.293
2015-04-27 20:00:00,0.0,0.195
2015-04-27 20:15:00,0.0,0.293
2015-04-27 20:30:00,0.0,0.0
2015-04-27 20:45:00,0.0,0.293
2015-04-27 21:00:00,0.0,0.195
2015-04-27 21:15:00,0.0,0.293
2015-04-27 21:30:00,0.0,0.293
2015-04-27 21:45:00,0.0,0.195
2015-04-27 22:00:00,0.0,0.195
2015-04-27 22:15:00,0.0,0.195
2015-04-27 22:30:00,0.0,0.195
2015-04-27 22:45:00,0.0,0.195
2015-04-27 23:00:00,-1.0,0.195
2015-04-27 23:15:00,-1.0,0.195
2015-04-27 23:30:00,-1.0,0.195
2015-04-27 23:45:00,0.0,0.293
2015-04-28 00:00:00,0.0,0.195
2015-04-28 00:15:00,0.0,0.293
2015-04-28 00:30:00,-1.0,0.195
2015-04-28 00:45:00,-1.0,0.0
2015-04-28 01:00:00,-1.0,0.195
2015-04-28 01:15:00,0.0,0.098
2015-04-28 01:30:00,-1.0,0.098
2015-04-28 01:45:00,-1.0,0.0
2015-04-28 02:00:00,-1.0,0.098
2015-04-28 02:15:00,-1.0,0.0
2015-04-28 02:30:00,0.0,0.0
2015-04-28 02:45:00,-1.0,0.0
2015-04-28 03:00:00,-1.0,0.0
2015-04-28 03:15:00,-1.0,0.0
2015-04-28 03:30:00,-1.0,0.0
2015-04-28 03:45:00,-1.0,0.0
2015-04-28 04:00:00,-1.0,0.0
2015-04-28 04:15:00,-1.0,0.0
2015-04-28 04:30:00,-1.0,0.0
2015-04-28 04:45:00,1.0,0.977
2015-04-28 05:00:00,-1.0,5.566
2015-04-28 05:15:00,11.0,12.402
2015-04-28 05:30:00,23.5,20.313
2015-04-28 05:45:00,49.0,101.172
2015-04-28 06:00:00,81.5,168.75
2015-04-28 06:15:00,115.0,231.836
2015-04-28 06:30:00,161.0,301.367
2015-04-28 06:45:00,209.5,363.379
2015-04-28 07:00:00,249.0,429.297
2015-04-28 07:15:00,291.5,508.496
2015-04-28 07:30:00,328.0,574.902
2015-04-28 07:45:00,361.5,644.434
2015-04-28 08:00:00,388.0,709.57
2015-04-28 08:15:00,415.0,772.656
2015-04-28 08:30:00,436.0,832.129
2015-04-28 08:45:00,456.0,889.355
2015-04-28 09:00:00,473.5,942.48
2015-04-28 09:15:00,492.0,992.773
2015-04-28 09:30:00,506.5,1038.574
2015-04-28 09:45:00,521.5,1077.637
2015-04-28 10:00:00,533.0,1115.234
2015-04-28 10:15:00,538.0,1144.141
2015-04-28 10:30:00,549.0,1170.02
2015-04-28 10:45:00,562.0,1188.867
2015-04-28 11:00:00,558.5,1204.687
2015-04-28 11:15:00,562.0,1216.602
2015-04-28 11:30:00,561.5,1221.289
2015-04-28 11:45:00,552.5,1224.707
2015-04-28 12:00:00,552.0,1221.973
2015-04-28 12:15:00,542.5,1216.016
2015-04-28 12:30:00,540.5,1205.371
2015-04-28 12:45:00,533.5,1186.719
2015-04-28 13:00:00,524.5,1167.188
2015-04-28 13:15:00,513.5,1141.406
2015-04-28 13:30:00,504.0,1109.57
2015-04-28 13:45:00,496.5,1071.094
2015-04-28 14:00:00,479.0,1028.906
2015-04-28 14:15:00,464.0,984.18
2015-04-28 14:30:00,444.0,936.523
2015-04-28 14:45:00,422.5,882.227
2015-04-28 15:00:00,396.0,820.801
2015-04-28 15:15:00,367.0,758.984
2015-04-28 15:30:00,336.0,696.68
2015-04-28 15:45:00,306.0,630.469
2015-04-28 16:00:00,272.0,563.086
2015-04-28 16:15:00,238.0,494.434
2015-04-28 16:30:00,198.0,425.781
2015-04-28 16:45:00,157.0,359.277
2015-04-28 17:00:00,118.0,292.773
2015-04-28 17:15:00,81.0,228.711
2015-04-28 17:30:00,48.5,168.066
2015-04-28 17:45:00,24.0,97.754
2015-04-28 18:00:00,10.5,41.504
2015-04-28 18:15:00,5.0,14.453
2015-04-28 18:30:00,-1.0,6.055
2015-04-28 18:45:00,0.0,1.27
2015-04-28 19:00:00,0.0,0.293
2015-04-28 19:15:00,0.0,0.293
2015-04-28 19:30:00,-1.0,0.293
2015-04-28 19:45:00,0.0,0.195
2015-04-28 20:00:00,-1.0,0.195
2015-04-28 20:15:00,0.0,0.195
2015-04-28 20:30:00,-1.0,0.195
2015-04-28 20:45:00,0.0,0.293
2015-04-28 21:00:00,0.0,0.293
2015-04-28 21:15:00,-1.0,0.391
2015-04-28 21:30:00,-1.0,0.293
2015-04-28 21:45:00,0.0,0.293
2015-04-28 22:00:00,-1.0,0.293
2015-04-28 22:15:00,0.0,0.293
2015-04-28 22:30:00,-1.0,0.293
2015-04-28 22:45:00,0.0,0.0
2015-04-28 23:00:00,0.0,0.293
2015-04-28 23:15:00,0.0,0.0
2015-04-28 23:30:00,-1.0,0.195
2015-04-28 23:45:00,-1.0,0.195
2015-04-29 00:00:00,-1.0,0.195
2015-04-29 00:15:00,0.0,0.195
2015-04-29 00:30:00,-1.0,0.0
2015-04-29 00:45:00,-1.0,0.098
2015-04-29 01:00:00,-1.0,0.098
2015-04-29 01:15:00,-1.0,0.195
2015-04-29 01:30:00,-1.0,0.195
2015-04-29 01:45:00,-1.0,0.0
2015-04-29 02:00:00,-1.0,0.0
2015-04-29 02:15:00,-1.0,0.098
2015-04-29 02:30:00,-1.0,0.098
2015-04-29 02:45:00,-1.0,0.195
2015-04-29 03:00:00,-1.0,0.098
2015-04-29 03:15:00,0.0,0.098
2015-04-29 03:30:00,0.0,0.098
2015-04-29 03:45:00,-1.0,0.195
2015-04-29 04:00:00,-1.0,0.098
2015-04-29 04:15:00,-1.0,0.0
2015-04-29 04:30:00,-1.0,0.0
2015-04-29 04:45:00,2.0,1.27
2015-04-29 05:00:00,-1.0,6.543
2015-04-29 05:15:00,12.0,13.281
2015-04-29 05:30:00,25.5,24.121
2015-04-29 05:45:00,47.0,101.367
2015-04-29 06:00:00,83.0,166.699
2015-04-29 06:15:00,122.5,235.84
2015-04-29 06:30:00,166.0,307.91
2015-04-29 06:45:00,215.0,370.703
2015-04-29 07:00:00,141.0,439.063
2015-04-29 07:15:00,261.5,383.203
2015-04-29 07:30:00,296.0,548.73
2015-04-29 07:45:00,360.0,625.977
2015-04-29 08:00:00,382.5,721.68
2015-04-29 08:15:00,409.5,778.809
2015-04-29 08:30:00,432.5,837.695
2015-04-29 08:45:00,451.5,892.871
2015-04-29 09:00:00,470.5,944.824
2015-04-29 09:15:00,486.0,993.359
2015-04-29 09:30:00,500.5,1036.328
2015-04-29 09:45:00,515.0,1078.223
2015-04-29 10:00:00,528.5,1115.137
2015-04-29 10:15:00,538.0,1145.41
2015-04-29 10:30:00,544.0,1169.434
2015-04-29 10:45:00,549.0,1188.574
2015-04-29 11:00:00,563.5,1203.613
2015-04-29 11:15:00,544.5,1216.309
2015-04-29 11:30:00,573.0,1224.512
2015-04-29 11:45:00,571.5,1222.754
2015-04-29 12:00:00,575.0,1221.875
2015-04-29 12:15:00,560.0,1216.699
2015-04-29 12:30:00,554.0,1211.035
2015-04-29 12:45:00,544.0,1199.316
2015-04-29 13:00:00,554.0,1189.453
2015-04-29 13:15:00,525.0,1177.344
2015-04-29 13:30:00,330.0,856.934
2015-04-29 13:45:00,533.0,1090.82
2015-04-29 14:00:00,394.0,931.348
2015-04-29 14:15:00,477.5,871.973
2015-04-29 14:30:00,464.0,915.625
2015-04-29 14:45:00,442.0,879.004
2015-04-29 15:00:00,411.0,847.559
2015-04-29 15:15:00,367.0,761.035
2015-04-29 15:30:00,320.5,650.488
2015-04-29 15:45:00,323.0,644.531
2015-04-29 16:00:00,289.5,566.699
2015-04-29 16:15:00,212.5,498.047
2015-04-29 16:30:00,163.0,341.992
2015-04-29 16:45:00,147.0,266.895
2015-04-29 17:00:00,147.5,314.941
2015-04-29 17:15:00,64.0,213.867
2015-04-29 17:30:00,49.5,170.996
2015-04-29 17:45:00,26.0,86.914
2015-04-29 18:00:00,16.0,40.234
2015-04-29 18:15:00,5.0,23.34
2015-04-29 18:30:00,-1.0,0.0
2015-04-29 18:45:00,0.0,1.563
2015-04-29 19:00:00,0.0,0.488
2015-04-29 19:15:00,0.0,0.293
2015-04-29 19:30:00,0.0,0.293
2015-04-29 19:45:00,0.0,0.0
2015-04-29 20:00:00,-1.0,0.391
2015-04-29 20:15:00,0.0,0.293
2015-04-29 20:30:00,-1.0,0.293
2015-04-29 20:45:00,0.0,0.391
2015-04-29 21:00:00,0.0,0.293
2015-04-29 21:15:00,0.0,0.293
2015-04-29 21:30:00,0.0,0.293
2015-04-29 21:45:00,-1.0,0.195
2015-04-29 22:00:00,0.0,0.195
2015-04-29 22:15:00,-1.0,0.0
2015-04-29 22:30:00,-1.0,0.195
2015-04-29 22:45:00,-1.0,0.195
2015-04-29 23:00:00,0.0,0.098
2015-04-29 23:15:00,0.0,0.0
2015-04-29 23:30:00,-1.0,0.293
2015-04-29 23:45:00,-1.0,0.293
2015-04-30 00:00:00,0.0,0.195
2015-04-30 00:15:00,-1.0,0.293
2015-04-30 00:30:00,0.0,0.293
2015-04-30 00:45:00,0.0,0.293
2015-04-30 01:00:00,0.0,0.195
2015-04-30 01:15:00,-1.0,0.195
2015-04-30 01:30:00,0.0,0.195
2015-04-30 01:45:00,0.0,0.195
2015-04-30 02:00:00,0.0,0.195
2015-04-30 02:15:00,0.0,0.0
2015-04-30 02:30:00,-1.0,0.195
2015-04-30 02:45:00,-1.0,0.098
2015-04-30 03:00:00,0.0,0.195
2015-04-30 03:15:00,-1.0,0.195
2015-04-30 03:30:00,-1.0,0.195
2015-04-30 03:45:00,-1.0,0.098
2015-04-30 04:00:00,-1.0,0.195
2015-04-30 04:15:00,-1.0,0.195
2015-04-30 04:30:00,-1.0,0.293
2015-04-30 04:45:00,1.0,1.563
2015-04-30 05:00:00,-1.0,5.957
2015-04-30 05:15:00,17.5,23.73
2015-04-30 05:30:00,26.0,41.309
2015-04-30 05:45:00,54.5,80.762
2015-04-30 06:00:00,82.0,141.504
2015-04-30 06:15:00,124.5,207.52
2015-04-30 06:30:00,195.5,294.922
2015-04-30 06:45:00,200.0,396.68
2015-04-30 07:00:00,153.0,361.719
2015-04-30 07:15:00,211.0,361.914
2015-04-30 07:30:00,286.5,472.754
2015-04-30 07:45:00,338.0,509.57
2015-04-30 08:00:00,388.0,701.66
2015-04-30 08:15:00,396.5,759.863
2015-04-30 08:30:00,419.0,819.043
2015-04-30 08:45:00,482.5,854.199
2015-04-30 09:00:00,448.5,872.852
2015-04-30 09:15:00,332.5,920.02
2015-04-30 09:30:00,421.0,990.625
2015-04-30 09:45:00,481.5,1073.73
2015-04-30 10:00:00,530.5,1137.5
2015-04-30 10:15:00,477.5,1126.563
2015-04-30 10:30:00,475.5,1182.422
2015-04-30 10:45:00,481.0,1138.477
2015-04-30 11:00:00,477.5,1014.355
2015-04-30 11:15:00,552.0,1165.918
2015-04-30 11:30:00,531.0,1199.316
2015-04-30 11:45:00,534.5,1176.758
2015-04-30 12:00:00,538.0,1159.473
2015-04-30 12:15:00,550.0,1242.383
2015-04-30 12:30:00,542.5,1216.699
2015-04-30 12:45:00,562.0,1201.465
2015-04-30 13:00:00,550.5,1175.098
2015-04-30 13:15:00,470.5,1143.848
2015-04-30 13:30:00,500.5,1004.004
2015-04-30 13:45:00,486.0,1078.809
2015-04-30 14:00:00,433.0,931.641
2015-04-30 14:15:00,309.5,824.316
2015-04-30 14:30:00,481.0,787.402
2015-04-30 14:45:00,384.5,828.516
2015-04-30 15:00:00,379.0,738.477
2015-04-30 15:15:00,378.0,776.074
2015-04-30 15:30:00,283.5,707.715
2015-04-30 15:45:00,306.0,604.59
2015-04-30 16:00:00,290.5,533.789
2015-04-30 16:15:00,242.0,491.113
2015-04-30 16:30:00,186.5,349.902
2015-04-30 16:45:00,72.0,258.398
2015-04-30 17:00:00,136.0,176.66
2015-04-30 17:15:00,105.0,257.324
2015-04-30 17:30:00,31.0,125.879
2015-04-30 17:45:00,20.5,57.52
2015-04-30 18:00:00,14.0,35.059
2015-04-30 18:15:00,8.0,23.145
2015-04-30 18:30:00,1.0,7.715
2015-04-30 18:45:00,-1.0,1.367
2015-04-30 19:00:00,0.0,0.488
2015-04-30 19:15:00,0.0,0.293
2015-04-30 19:30:00,-1.0,0.293
2015-04-30 19:45:00,0.0,0.0
2015-04-30 20:00:00,0.0,0.293
2015-04-30 20:15:00,-1.0,0.293
2015-04-30 20:30:00,-1.0,0.391
2015-04-30 20:45:00,0.0,0.195
2015-04-30 21:00:00,0.0,0.293
2015-04-30 21:15:00,-1.0,0.293
2015-04-30 21:30:00,-1.0,0.195
2015-04-30 21:45:00,0.0,0.0
2015-04-30 22:00:00,0.0,0.293
2015-04-30 22:15:00,-1.0,0.293
2015-04-30 22:30:00,0.0,0.293
2015-04-30 22:45:00,0.0,0.293
2015-04-30 23:00:00,-1.0,0.293
2015-04-30 23:15:00,0.0,0.195
2015-04-30 23:30:00,0.0,0.098
2015-04-30 23:45:00,-1.0,0.195
2015-05-01 00:00:00,0.0,0.195
2015-05-01 00:15:00,0.0,0.195
2015-05-01 00:30:00,-1.0,0.195
2015-05-01 00:45:00,-1.0,0.293
2015-05-01 01:00:00,0.0,0.195
2015-05-01 01:15:00,-1.0,0.293
2015-05-01 01:30:00,-1.0,0.195
2015-05-01 01:45:00,-1.0,0.195
2015-05-01 02:00:00,-1.0,0.293
2015-05-01 02:15:00,0.0,0.293
2015-05-01 02:30:00,-1.0,0.391
2015-05-01 02:45:00,-1.0,0.293
2015-05-01 03:00:00,0.0,0.0
2015-05-01 03:15:00,0.0,0.195
2015-05-01 03:30:00,-1.0,0.098
2015-05-01 03:45:00,-1.0,0.098
2015-05-01 04:00:00,-1.0,0.098
2015-05-01 04:15:00,-1.0,0.098
2015-05-01 04:30:00,-1.0,0.195
2015-05-01 04:45:00,2.0,1.66
2015-05-01 05:00:00,-1.0,7.129
2015-05-01 05:15:00,12.5,17.383
2015-05-01 05:30:00,23.5,30.859
2015-05-01 05:45:00,41.5,77.734
2015-05-01 06:00:00,76.0,152.539
2015-05-01 06:15:00,106.5,239.551
2015-05-01 06:30:00,170.0,312.988
2015-05-01 06:45:00,212.5,375.391
2015-05-01 07:00:00,255.5,443.945
2015-05-01 07:15:00,299.0,535.059
2015-05-01 07:30:00,330.5,585.059
2015-05-01 07:45:00,373.0,681.348
2015-05-01 08:00:00,283.5,757.129
2015-05-01 08:15:00,361.5,669.336
2015-05-01 08:30:00,381.0,770.02
2015-05-01 08:45:00,409.0,670.117
2015-05-01 09:00:00,467.0,789.746
2015-05-01 09:15:00,388.0,809.18
2015-05-01 09:30:00,531.5,1006.738
2015-05-01 09:45:00,530.5,1141.797
2015-05-01 10:00:00,521.0,1148.828
2015-05-01 10:15:00,535.0,1148.828
2015-05-01 10:30:00,539.0,1203.809
2015-05-01 10:45:00,532.5,1217.09
2015-05-01 11:00:00,500.5,1160.449
2015-05-01 11:15:00,445.5,1130.762
2015-05-01 11:30:00,349.5,818.457
2015-05-01 11:45:00,392.5,856.055
2015-05-01 12:00:00,478.5,890.332
2015-05-01 12:15:00,388.5,870.996
2015-05-01 12:30:00,364.5,1157.324
2015-05-01 12:45:00,556.0,1260.254
2015-05-01 13:00:00,463.0,1300.781
2015-05-01 13:15:00,529.0,1056.25
2015-05-01 13:30:00,529.5,1134.961
2015-05-01 13:45:00,521.0,1024.219
2015-05-01 14:00:00,496.5,1081.152
2015-05-01 14:15:00,265.5,637.402
2015-05-01 14:30:00,347.5,538.77
2015-05-01 14:45:00,245.0,683.984
2015-05-01 15:00:00,217.0,493.164
2015-05-01 15:15:00,205.0,398.242
2015-05-01 15:30:00,251.5,446.289
2015-05-01 15:45:00,193.5,441.406
2015-05-01 16:00:00,143.0,299.023
2015-05-01 16:15:00,120.0,247.363
2015-05-01 16:30:00,108.5,200.781
2015-05-01 16:45:00,99.0,191.113
2015-05-01 17:00:00,77.5,160.742
2015-05-01 17:15:00,95.5,139.746
2015-05-01 17:30:00,51.5,156.055
2015-05-01 17:45:00,39.0,81.25
2015-05-01 18:00:00,29.0,64.551
2015-05-01 18:15:00,12.0,40.918
2015-05-01 18:30:00,1.0,12.012
2015-05-01 18:45:00,-1.0,1.758
2015-05-01 19:00:00,0.0,0.488
2015-05-01 19:15:00,-1.0,0.0
2015-05-01 19:30:00,0.0,0.391
2015-05-01 19:45:00,0.0,0.391
2015-05-01 20:00:00,0.0,0.391
2015-05-01 20:15:00,0.0,0.391
2015-05-01 20:30:00,0.0,0.391
2015-05-01 20:45:00,-1.0,0.391
2015-05-01 21:00:00,-1.0,0.391
2015-05-01 21:15:00,0.0,0.293
2015-05-01 21:30:00,0.0,0.293
2015-05-01 21:45:00,0.0,0.195
2015-05-01 22:00:00,-1.0,0.195
2015-05-01 22:15:00,-1.0,0.293
2015-05-01 22:30:00,-1.0,0.195
2015-05-01 22:45:00,-1.0,0.0
2015-05-01 23:00:00,-1.0,0.195
2015-05-01 23:15:00,-1.0,0.293
2015-05-01 23:30:00,0.0,0.293
2015-05-01 23:45:00,0.0,0.293
2015-05-02 00:00:00,-1.0,0.293
2015-05-02 00:15:00,0.0,0.293
2015-05-02 00:30:00,-1.0,0.293
2015-05-02 00:45:00,-1.0,0.293
2015-05-02 01:00:00,-1.0,0.195
2015-05-02 01:15:00,-1.0,0.293
2015-05-02 01:30:00,-1.0,0.195
2015-05-02 01:45:00,-1.0,0.195
2015-05-02 02:00:00,0.0,0.293
2015-05-02 02:15:00,0.0,0.293
2015-05-02 02:30:00,0.0,0.195
2015-05-02 02:45:00,-1.0,0.098
2015-05-02 03:00:00,-1.0,0.098
2015-05-02 03:15:00,-1.0,0.0
2015-05-02 03:30:00,-1.0,0.0
2015-05-02 03:45:00,-1.0,0.0
2015-05-02 04:00:00,-1.0,0.098
2015-05-02 04:15:00,-1.0,0.0
2015-05-02 04:30:00,-1.0,0.195
2015-05-02 04:45:00,2.0,1.367
2015-05-02 05:00:00,-1.0,9.277
2015-05-02 05:15:00,21.5,23.145
2015-05-02 05:30:00,36.0,44.727
2015-05-02 05:45:00,58.5,120.605
2015-05-02 06:00:00,91.0,184.863
2015-05-02 06:15:00,124.5,209.668
2015-05-02 06:30:00,172.0,293.652
2015-05-02 06:45:00,213.0,371.777
2015-05-02 07:00:00,93.5,365.332
2015-05-02 07:15:00,292.0,478.906
2015-05-02 07:30:00,324.0,579.395
2015-05-02 07:45:00,340.0,636.523
2015-05-02 08:00:00,383.0,722.656
2015-05-02 08:15:00,282.5,560.84
2015-05-02 08:30:00,440.0,679.395
2015-05-02 08:45:00,454.0,900.195
2015-05-02 09:00:00,463.0,942.773
2015-05-02 09:15:00,483.0,1000.0
2015-05-02 09:30:00,495.0,1049.414
2015-05-02 09:45:00,504.5,1091.699
2015-05-02 10:00:00,477.0,1017.578
2015-05-02 10:15:00,547.0,951.367
2015-05-02 10:30:00,550.5,1167.871
2015-05-02 10:45:00,550.0,1165.82
2015-05-02 11:00:00,553.5,1220.801
2015-05-02 11:15:00,515.0,1198.828
2015-05-02 11:30:00,567.0,1166.504
2015-05-02 11:45:00,569.0,1234.668
2015-05-02 12:00:00,168.0,1271.68
2015-05-02 12:15:00,191.0,825.293
2015-05-02 12:30:00,172.0,477.637
2015-05-02 12:45:00,177.5,320.02
2015-05-02 13:00:00,261.5,346.68
2015-05-02 13:15:00,148.5,633.203
2015-05-02 13:30:00,210.5,323.438
2015-05-02 13:45:00,175.5,833.008
2015-05-02 14:00:00,138.0,272.754
2015-05-02 14:15:00,168.5,488.965
2015-05-02 14:30:00,137.5,223.73
2015-05-02 14:45:00,129.5,243.848
2015-05-02 15:00:00,197.0,316.895
2015-05-02 15:15:00,176.0,452.148
2015-05-02 15:30:00,136.0,449.023
2015-05-02 15:45:00,144.0,327.148
2015-05-02 16:00:00,205.0,337.695
2015-05-02 16:15:00,116.5,451.465
2015-05-02 16:30:00,216.5,292.578
2015-05-02 16:45:00,80.0,373.145
2015-05-02 17:00:00,78.0,259.766
2015-05-02 17:15:00,107.0,273.242
2015-05-02 17:30:00,58.0,193.945
2015-05-02 17:45:00,31.0,110.156
2015-05-02 18:00:00,14.5,52.832
2015-05-02 18:15:00,7.0,23.242
2015-05-02 18:30:00,2.0,9.668
2015-05-02 18:45:00,-1.0,2.344
2015-05-02 19:00:00,-1.0,0.586
2015-05-02 19:15:00,0.0,0.391
2015-05-02 19:30:00,-1.0,0.391
2015-05-02 19:45:00,0.0,0.195
2015-05-02 20:00:00,-1.0,0.195
2015-05-02 20:15:00,-1.0,0.293
2015-05-02 20:30:00,-1.0,0.293
2015-05-02 20:45:00,-1.0,0.293
2015-05-02 21:00:00,0.0,0.195
2015-05-02 21:15:00,-1.0,0.195
2015-05-02 21:30:00,-1.0,0.195
2015-05-02 21:45:00,-1.0,0.0
2015-05-02 22:00:00,0.0,0.195
2015-05-02 22:15:00,0.0,0.195
2015-05-02 22:30:00,0.0,0.195
2015-05-02 22:45:00,-1.0,0.293
2015-05-02 23:00:00,-1.0,0.098
2015-05-02 23:15:00,-1.0,0.195
2015-05-02 23:30:00,0.0,0.195
2015-05-02 23:45:00,-1.0,0.0
2015-05-03 00:00:00,0.0,0.195
2015-05-03 00:15:00,-1.0,0.293
2015-05-03 00:30:00,-1.0,0.293
2015-05-03 00:45:00,-1.0,0.293
2015-05-03 01:00:00,-1.0,0.391
2015-05-03 01:15:00,-1.0,0.195
2015-05-03 01:30:00,-1.0,0.293
2015-05-03 01:45:00,-1.0,0.0
2015-05-03 02:00:00,-1.0,0.293
2015-05-03 02:15:00,-1.0,0.195
2015-05-03 02:30:00,-1.0,0.195
2015-05-03 02:45:00,-1.0,0.0
2015-05-03 03:00:00,0.0,0.098
2015-05-03 03:15:00,-1.0,0.195
2015-05-03 03:30:00,0.0,0.098
2015-05-03 03:45:00,-1.0,0.098
2015-05-03 04:00:00,-1.0,0.0
2015-05-03 04:15:00,-1.0,0.195
2015-05-03 04:30:00,-1.0,0.391
2015-05-03 04:45:00,2.0,1.367
2015-05-03 05:00:00,-1.0,6.055
2015-05-03 05:15:00,22.0,24.805
2015-05-03 05:30:00,23.5,51.172
2015-05-03 05:45:00,36.0,84.082
2015-05-03 06:00:00,47.0,129.98
2015-05-03 06:15:00,149.0,258.789
2015-05-03 06:30:00,58.0,266.016
2015-05-03 06:45:00,224.5,271.68
2015-05-03 07:00:00,253.5,378.711
2015-05-03 07:15:00,287.5,469.434
2015-05-03 07:30:00,319.0,571.582
2015-05-03 07:45:00,365.5,650.391
2015-05-03 08:00:00,430.5,682.422
2015-05-03 08:15:00,279.0,808.008
2015-05-03 08:30:00,457.0,862.402
2015-05-03 08:45:00,515.0,737.891
2015-05-03 09:00:00,218.0,738.379
2015-05-03 09:15:00,177.5,372.266
2015-05-03 09:30:00,558.0,881.738
2015-05-03 09:45:00,536.5,1122.168
2015-05-03 10:00:00,544.5,1105.664
2015-05-03 10:15:00,554.5,1132.031
2015-05-03 10:30:00,567.0,1155.371
2015-05-03 10:45:00,572.0,1177.246
2015-05-03 11:00:00,571.0,1194.336
2015-05-03 11:15:00,567.5,1204.687
2015-05-03 11:30:00,572.0,1208.789
2015-05-03 11:45:00,572.0,1215.625
2015-05-03 12:00:00,570.0,1217.578
2015-05-03 12:15:00,562.5,1207.422
2015-05-03 12:30:00,557.5,1191.016
2015-05-03 12:45:00,582.5,1200.879
2015-05-03 13:00:00,604.0,1126.074
2015-05-03 13:15:00,278.0,934.863
2015-05-03 13:30:00,153.5,646.387
2015-05-03 13:45:00,148.5,363.672
2015-05-03 14:00:00,544.5,978.32
2015-05-03 14:15:00,122.0,777.832
2015-05-03 14:30:00,481.5,334.57
2015-05-03 14:45:00,465.5,969.922
2015-05-03 15:00:00,432.5,842.676
2015-05-03 15:15:00,402.0,837.402
2015-05-03 15:30:00,363.5,746.875
2015-05-03 15:45:00,235.5,488.281
2015-05-03 16:00:00,315.5,675.391
2015-05-03 16:15:00,300.0,527.441
2015-05-03 16:30:00,87.0,341.992
2015-05-03 16:45:00,174.5,228.613
2015-05-03 17:00:00,170.0,395.898
2015-05-03 17:15:00,113.0,303.32
2015-05-03 17:30:00,71.5,209.668
2015-05-03 17:45:00,43.5,136.816
2015-05-03 18:00:00,18.5,68.164
2015-05-03 18:15:00,8.5,27.832
2015-05-03 18:30:00,1.0,10.352
2015-05-03 18:45:00,-1.0,2.051
2015-05-03 19:00:00,-1.0,0.488
2015-05-03 19:15:00,0.0,0.293
2015-05-03 19:30:00,0.0,0.293
2015-05-03 19:45:00,0.0,0.0
2015-05-03 20:00:00,-1.0,0.293
2015-05-03 20:15:00,0.0,0.293
2015-05-03 20:30:00,0.0,0.293
2015-05-03 20:45:00,0.0,0.293
2015-05-03 21:00:00,0.0,0.195
2015-05-03 21:15:00,0.0,0.195
2015-05-03 21:30:00,-1.0,0.098
2015-05-03 21:45:00,0.0,0.195
2015-05-03 22:00:00,0.0,0.293
2015-05-03 22:15:00,0.0,0.195
2015-05-03 22:30:00,-1.0,0.293
2015-05-03 22:45:00,-1.0,0.293
2015-05-03 23:00:00,0.0,0.391
2015-05-03 23:15:00,-1.0,0.293
2015-05-03 23:30:00,0.0,0.0
2015-05-03 23:45:00,0.0,0.293
2015-05-04 00:00:00,-1.0,0.391
2015-05-04 00:15:00,-1.0,0.293
2015-05-04 00:30:00,-1.0,0.293
2015-05-04 00:45:00,-1.0,0.293
2015-05-04 01:00:00,-1.0,0.293
2015-05-04 01:15:00,-1.0,0.391
2015-05-04 01:30:00,-1.0,0.293
2015-05-04 01:45:00,0.0,0.293
2015-05-04 02:00:00,0.0,0.195
2015-05-04 02:15:00,-1.0,0.195
2015-05-04 02:30:00,-1.0,0.195
2015-05-04 02:45:00,-1.0,0.0
2015-05-04 03:00:00,-1.0,0.098
2015-05-04 03:15:00,0.0,0.0
2015-05-04 03:30:00,-1.0,0.0
2015-05-04 03:45:00,0.0,0.0
2015-05-04 04:00:00,-1.0,0.098
2015-05-04 04:15:00,-1.0,0.098
2015-05-04 04:30:00,-1.0,0.098
2015-05-04 04:45:00,2.0,1.465
2015-05-04 05:00:00,8.0,8.301
2015-05-04 05:15:00,17.5,20.703
2015-05-04 05:30:00,33.5,49.023
2015-05-04 05:45:00,71.5,127.051
2015-05-04 06:00:00,119.0,216.309
2015-05-04 06:15:00,162.0,286.816
2015-05-04 06:30:00,192.0,356.348
2015-05-04 06:45:00,265.0,437.402
2015-05-04 07:00:00,253.0,535.742
2015-05-04 07:15:00,135.0,429.59
2015-05-04 07:30:00,334.5,288.965
2015-05-04 07:45:00,370.5,683.008
2015-05-04 08:00:00,391.5,714.258
2015-05-04 08:15:00,415.5,761.816
2015-05-04 08:30:00,469.5,833.984
2015-05-04 08:45:00,182.0,912.793
2015-05-04 09:00:00,247.0,429.492
2015-05-04 09:15:00,238.5,494.043
2015-05-04 09:30:00,219.0,384.961
2015-05-04 09:45:00,544.0,460.059
2015-05-04 10:00:00,517.0,1062.793
2015-05-04 10:15:00,560.5,1107.129
2015-05-04 10:30:00,544.5,1144.531
2015-05-04 10:45:00,617.5,1001.66
2015-05-04 11:00:00,566.0,1163.086
2015-05-04 11:15:00,415.0,1075.0
2015-05-04 11:30:00,357.0,634.18
2015-05-04 11:45:00,481.5,818.75
2015-05-04 12:00:00,577.5,1001.172
2015-05-04 12:15:00,587.5,1317.383
2015-05-04 12:30:00,326.5,1002.637
2015-05-04 12:45:00,180.5,494.922
2015-05-04 13:00:00,122.5,250.293
2015-05-04 13:15:00,123.5,205.469
2015-05-04 13:30:00,124.5,207.129
2015-05-04 13:45:00,143.5,219.824
2015-05-04 14:00:00,171.0,267.578
2015-05-04 14:15:00,182.5,306.641
2015-05-04 14:30:00,193.5,321.387
2015-05-04 14:45:00,179.5,321.289
2015-05-04 15:00:00,164.0,294.922
2015-05-04 15:15:00,162.0,277.441
2015-05-04 15:30:00,138.0,260.84
2015-05-04 15:45:00,100.5,196.973
2015-05-04 16:00:00,81.0,146.484
2015-05-04 16:15:00,109.0,155.469
2015-05-04 16:30:00,101.5,185.449
2015-05-04 16:45:00,37.0,116.992
2015-05-04 17:00:00,23.5,43.848
2015-05-04 17:15:00,27.5,44.043
2015-05-04 17:30:00,50.5,62.598
2015-05-04 17:45:00,41.0,83.789
2015-05-04 18:00:00,22.5,58.105
2015-05-04 18:15:00,5.0,24.902
2015-05-04 18:30:00,-1.0,5.078
2015-05-04 18:45:00,0.0,1.074
2015-05-04 19:00:00,-1.0,0.293
2015-05-04 19:15:00,-1.0,0.293
2015-05-04 19:30:00,0.0,0.293
2015-05-04 19:45:00,-1.0,0.195
2015-05-04 20:00:00,0.0,0.293
2015-05-04 20:15:00,0.0,0.293
2015-05-04 20:30:00,0.0,0.293
2015-05-04 20:45:00,-1.0,0.0
2015-05-04 21:00:00,-1.0,0.293
2015-05-04 21:15:00,0.0,0.0
2015-05-04 21:30:00,-1.0,0.391
2015-05-04 21:45:00,-1.0,0.293
2015-05-04 22:00:00,-1.0,0.293
2015-05-04 22:15:00,-1.0,0.293
2015-05-04 22:30:00,0.0,0.293
2015-05-04 22:45:00,-1.0,0.195
2015-05-04 23:00:00,-1.0,0.195
2015-05-04 23:15:00,-1.0,0.293
2015-05-04 23:30:00,-1.0,0.195
2015-05-04 23:45:00,-1.0,0.195
2015-05-05 00:00:00,-1.0,0.098
2015-05-05 00:15:00,-1.0,0.195
2015-05-05 00:30:00,0.0,0.195
2015-05-05 00:45:00,-1.0,0.0
2015-05-05 01:00:00,-1.0,0.195
2015-05-05 01:15:00,0.0,0.098
2015-05-05 01:30:00,0.0,0.098
2015-05-05 01:45:00,-1.0,0.098
2015-05-05 02:00:00,-1.0,0.098
2015-05-05 02:15:00,-1.0,0.098
2015-05-05 02:30:00,-1.0,0.098
2015-05-05 02:45:00,0.0,0.098
2015-05-05 03:00:00,-1.0,0.098
2015-05-05 03:15:00,-1.0,0.098
2015-05-05 03:30:00,-1.0,0.195
2015-05-05 03:45:00,-1.0,0.293
2015-05-05 04:00:00,-1.0,0.293
2015-05-05 04:15:00,-1.0,0.195
2015-05-05 04:30:00,-1.0,0.293
2015-05-05 04:45:00,2.0,1.27
2015-05-05 05:00:00,-1.0,4.492
2015-05-05 05:15:00,12.5,13.574
2015-05-05 05:30:00,33.5,45.02
2015-05-05 05:45:00,57.0,92.383
2015-05-05 06:00:00,85.0,163.965
2015-05-05 06:15:00,128.0,228.906
2015-05-05 06:30:00,164.5,293.848
2015-05-05 06:45:00,205.5,358.105
2015-05-05 07:00:00,250.0,423.828
2015-05-05 07:15:00,289.5,495.605
2015-05-05 07:30:00,319.5,558.203
2015-05-05 07:45:00,357.5,624.414
2015-05-05 08:00:00,386.5,687.891
2015-05-05 08:15:00,415.0,748.535
2015-05-05 08:30:00,438.0,805.957
2015-05-05 08:45:00,459.0,861.328
2015-05-05 09:00:00,475.5,914.258
2015-05-05 09:15:00,497.5,961.914
2015-05-05 09:30:00,509.5,1003.906
2015-05-05 09:45:00,519.5,1043.262
2015-05-05 10:00:00,531.0,1078.125
2015-05-05 10:15:00,538.5,1105.762
2015-05-05 10:30:00,544.5,1131.934
2015-05-05 10:45:00,551.5,1152.148
2015-05-05 11:00:00,558.5,1164.746
2015-05-05 11:15:00,566.0,1171.387
2015-05-05 11:30:00,556.5,1177.832
2015-05-05 11:45:00,559.5,1178.125
2015-05-05 12:00:00,549.0,1174.707
2015-05-05 12:15:00,552.0,1169.336
2015-05-05 12:30:00,550.0,1154.102
2015-05-05 12:45:00,542.0,1144.922
2015-05-05 13:00:00,535.5,1129.98
2015-05-05 13:15:00,525.5,1104.688
2015-05-05 13:30:00,513.0,1074.902
2015-05-05 13:45:00,501.5,1045.508
2015-05-05 14:00:00,481.0,1001.465
2015-05-05 14:15:00,471.0,962.207
2015-05-05 14:30:00,446.5,912.402
2015-05-05 14:45:00,427.5,854.004
2015-05-05 15:00:00,403.5,728.027
2015-05-05 15:15:00,377.0,743.555
2015-05-05 15:30:00,345.5,682.031
2015-05-05 15:45:00,311.5,618.652
2015-05-05 16:00:00,276.5,554.395
2015-05-05 16:15:00,240.0,481.836
2015-05-05 16:30:00,198.0,414.844
2015-05-05 16:45:00,158.5,350.293
2015-05-05 17:00:00,124.0,287.012
2015-05-05 17:15:00,85.5,220.898
2015-05-05 17:30:00,56.5,162.695
2015-05-05 17:45:00,31.5,103.125
2015-05-05 18:00:00,16.5,54.59
2015-05-05 18:15:00,7.0,24.316
2015-05-05 18:30:00,1.0,8.496
2015-05-05 18:45:00,0.0,1.953
2015-05-05 19:00:00,-1.0,0.391
2015-05-05 19:15:00,0.0,0.391
2015-05-05 19:30:00,0.0,0.391
2015-05-05 19:45:00,0.0,0.293
2015-05-05 20:00:00,0.0,0.293
2015-05-05 20:15:00,-1.0,0.293
2015-05-05 20:30:00,0.0,0.195
2015-05-05 20:45:00,0.0,0.293
2015-05-05 21:00:00,0.0,0.293
2015-05-05 21:15:00,0.0,0.195
2015-05-05 21:30:00,0.0,0.293
2015-05-05 21:45:00,-1.0,0.293
2015-05-05 22:00:00,0.0,0.195
2015-05-05 22:15:00,0.0,0.293
2015-05-05 22:30:00,0.0,0.391
2015-05-05 22:45:00,0.0,0.293
2015-05-05 23:00:00,-1.0,0.391
2015-05-05 23:15:00,0.0,0.391
2015-05-05 23:30:00,0.0,0.293
2015-05-05 23:45:00,-1.0,0.391
2015-05-06 00:00:00,0.0,0.391
2015-05-06 00:15:00,0.0,0.391
2015-05-06 00:30:00,0.0,0.293
2015-05-06 00:45:00,0.0,0.391
2015-05-06 01:00:00,0.0,0.293
2015-05-06 01:15:00,-1.0,0.391
2015-05-06 01:30:00,-1.0,0.195
2015-05-06 01:45:00,-1.0,0.195
2015-05-06 02:00:00,0.0,0.098
2015-05-06 02:15:00,-1.0,0.098
2015-05-06 02:30:00,-1.0,0.098
2015-05-06 02:45:00,0.0,0.098
2015-05-06 03:00:00,-1.0,0.098
2015-05-06 03:15:00,-1.0,0.098
2015-05-06 03:30:00,-1.0,0.0
2015-05-06 03:45:00,0.0,0.098
2015-05-06 04:00:00,-1.0,0.0
2015-05-06 04:15:00,-1.0,0.195
2015-05-06 04:30:00,-1.0,0.195
2015-05-06 04:45:00,2.5,1.563
2015-05-06 05:00:00,5.0,5.859
2015-05-06 05:15:00,10.0,13.477
2015-05-06 05:30:00,14.0,20.313
2015-05-06 05:45:00,32.0,38.184
2015-05-06 06:00:00,73.5,99.512
2015-05-06 06:15:00,53.0,107.91
2015-05-06 06:30:00,61.0,82.227
2015-05-06 06:45:00,163.0,192.969
2015-05-06 07:00:00,242.0,371.875
2015-05-06 07:15:00,239.5,388.281
2015-05-06 07:30:00,251.0,408.398
2015-05-06 07:45:00,241.5,526.758
2015-05-06 08:00:00,288.5,540.039
2015-05-06 08:15:00,296.0,556.25
2015-05-06 08:30:00,410.0,609.18
2015-05-06 08:45:00,484.5,746.387
2015-05-06 09:00:00,399.5,889.453
2015-05-06 09:15:00,441.0,729.785
2015-05-06 09:30:00,572.0,956.055
2015-05-06 09:45:00,520.0,980.859
2015-05-06 10:00:00,558.0,1040.234
2015-05-06 10:15:00,548.5,1128.223
2015-05-06 10:30:00,589.0,1191.699
2015-05-06 10:45:00,409.5,957.52
2015-05-06 11:00:00,629.5,1096.582
2015-05-06 11:15:00,461.5,1121.289
2015-05-06 11:30:00,600.5,1190.137
2015-05-06 11:45:00,587.5,1238.477
2015-05-06 12:00:00,621.5,1160.938
2015-05-06 12:15:00,585.0,1309.961
2015-05-06 12:30:00,504.5,1076.172
2015-05-06 12:45:00,512.0,1048.047
2015-05-06 13:00:00,434.0,1039.844
2015-05-06 13:15:00,600.0,838.672
2015-05-06 13:30:00,538.0,1166.992
2015-05-06 13:45:00,522.0,1096.777
2015-05-06 14:00:00,498.0,1036.035
2015-05-06 14:15:00,486.0,981.152
2015-05-06 14:30:00,465.0,925.488
2015-05-06 14:45:00,442.0,861.328
2015-05-06 15:00:00,324.0,795.703
2015-05-06 15:15:00,384.5,747.559
2015-05-06 15:30:00,355.0,688.379
2015-05-06 15:45:00,320.5,621.777
2015-05-06 16:00:00,286.0,558.105
2015-05-06 16:15:00,250.0,499.316
2015-05-06 16:30:00,203.5,428.809
2015-05-06 16:45:00,166.5,365.82
2015-05-06 17:00:00,130.0,303.223
2015-05-06 17:15:00,94.5,238.965
2015-05-06 17:30:00,59.0,179.883
2015-05-06 17:45:00,32.0,112.207
2015-05-06 18:00:00,15.5,55.176
2015-05-06 18:15:00,6.0,22.07
2015-05-06 18:30:00,2.5,9.18
2015-05-06 18:45:00,0.0,2.441
2015-05-06 19:00:00,-1.0,0.391
2015-05-06 19:15:00,0.0,0.293
2015-05-06 19:30:00,-1.0,0.195
2015-05-06 19:45:00,-1.0,0.293
2015-05-06 20:00:00,0.0,0.293
2015-05-06 20:15:00,0.0,0.391
2015-05-06 20:30:00,0.0,0.391
2015-05-06 20:45:00,-1.0,0.391
2015-05-06 21:00:00,0.0,0.293
2015-05-06 21:15:00,-1.0,0.293
2015-05-06 21:30:00,0.0,0.293
2015-05-06 21:45:00,0.0,0.391
2015-05-06 22:00:00,-1.0,0.391
2015-05-06 22:15:00,-1.0,0.391
2015-05-06 22:30:00,-1.0,0.391
2015-05-06 22:45:00,-1.0,0.293
2015-05-06 23:00:00,0.0,0.293
2015-05-06 23:15:00,-1.0,0.293
2015-05-06 23:30:00,0.0,0.293
2015-05-06 23:45:00,-1.0,0.195
2015-05-07 00:00:00,0.0,0.195
2015-05-07 00:15:00,0.0,0.0
2015-05-07 00:30:00,-1.0,0.195
2015-05-07 00:45:00,-1.0,0.0
2015-05-07 01:00:00,-1.0,0.098
2015-05-07 01:15:00,-1.0,0.195
2015-05-07 01:30:00,-1.0,0.195
2015-05-07 01:45:00,-1.0,0.195
2015-05-07 02:00:00,-1.0,0.293
2015-05-07 02:15:00,0.0,0.195
2015-05-07 02:30:00,-1.0,0.195
2015-05-07 02:45:00,-1.0,0.098
2015-05-07 03:00:00,0.0,0.098
2015-05-07 03:15:00,-1.0,0.098
2015-05-07 03:30:00,0.0,0.098
2015-05-07 03:45:00,-1.0,0.098
2015-05-07 04:00:00,-1.0,0.0
2015-05-07 04:15:00,-1.0,0.0
2015-05-07 04:30:00,-1.0,0.293
2015-05-07 04:45:00,4.0,3.125
2015-05-07 05:00:00,10.5,14.063
2015-05-07 05:15:00,20.0,27.539
2015-05-07 05:30:00,35.0,58.789
2015-05-07 05:45:00,53.0,115.625
2015-05-07 06:00:00,78.5,173.242
2015-05-07 06:15:00,107.0,233.789
2015-05-07 06:30:00,142.0,304.297
2015-05-07 06:45:00,194.0,367.578
2015-05-07 07:00:00,264.5,435.449
2015-05-07 07:15:00,299.0,510.84
2015-05-07 07:30:00,341.5,576.855
2015-05-07 07:45:00,378.5,649.707
2015-05-07 08:00:00,413.0,714.551
2015-05-07 08:15:00,442.0,775.0
2015-05-07 08:30:00,471.5,837.5
2015-05-07 08:45:00,493.0,894.238
2015-05-07 09:00:00,513.5,944.629
2015-05-07 09:15:00,533.5,993.945
2015-05-07 09:30:00,550.0,1033.008
2015-05-07 09:45:00,570.0,1074.902
2015-05-07 10:00:00,532.5,1113.965
2015-05-07 10:15:00,593.0,1045.898
2015-05-07 10:30:00,598.5,1125.293
2015-05-07 10:45:00,610.5,1211.914
2015-05-07 11:00:00,629.0,1252.637
2015-05-07 11:15:00,573.0,1212.012
2015-05-07 11:30:00,615.5,1235.84
2015-05-07 11:45:00,224.5,1228.027
2015-05-07 12:00:00,169.0,1096.582
2015-05-07 12:15:00,209.0,835.059
2015-05-07 12:30:00,194.0,503.809
2015-05-07 12:45:00,329.0,616.699
2015-05-07 13:00:00,308.0,647.461
2015-05-07 13:15:00,659.5,601.953
2015-05-07 13:30:00,328.0,840.137
2015-05-07 13:45:00,148.5,638.867
2015-05-07 14:00:00,604.0,914.16
2015-05-07 14:15:00,156.5,723.535
2015-05-07 14:30:00,561.5,495.508
2015-05-07 14:45:00,343.5,854.297
2015-05-07 15:00:00,502.0,342.871
2015-05-07 15:15:00,119.0,294.238
2015-05-07 15:30:00,85.5,414.941
2015-05-07 15:45:00,349.0,253.125
2015-05-07 16:00:00,300.0,566.113
2015-05-07 16:15:00,257.0,497.754
2015-05-07 16:30:00,210.5,422.363
2015-05-07 16:45:00,168.0,356.152
2015-05-07 17:00:00,128.5,286.328
2015-05-07 17:15:00,92.0,213.379
2015-05-07 17:30:00,53.0,125.586
2015-05-07 17:45:00,20.5,63.184
2015-05-07 18:00:00,13.5,28.125
2015-05-07 18:15:00,8.0,17.969
2015-05-07 18:30:00,2.5,9.18
2015-05-07 18:45:00,0.0,2.539
2015-05-07 19:00:00,-1.0,0.488
2015-05-07 19:15:00,0.0,0.293
2015-05-07 19:30:00,0.0,0.293
2015-05-07 19:45:00,-1.0,0.293
2015-05-07 20:00:00,0.0,0.195
2015-05-07 20:15:00,0.0,0.098
2015-05-07 20:30:00,0.0,0.098
2015-05-07 20:45:00,0.0,0.098
2015-05-07 21:00:00,0.0,0.195
2015-05-07 21:15:00,0.0,0.195
2015-05-07 21:30:00,-1.0,0.293
2015-05-07 21:45:00,0.0,0.195
2015-05-07 22:00:00,0.0,0.0
2015-05-07 22:15:00,0.0,0.195
2015-05-07 22:30:00,-1.0,0.098
2015-05-07 22:45:00,0.0,0.098
2015-05-07 23:00:00,-1.0,0.0
2015-05-07 23:15:00,0.0,0.0
2015-05-07 23:30:00,0.0,0.0
2015-05-07 23:45:00,-1.0,0.0
2015-05-08 00:00:00,0.0,0.0
2015-05-08 00:15:00,-1.0,0.098
2015-05-08 00:30:00,-1.0,0.0
2015-05-08 00:45:00,0.0,0.0
2015-05-08 01:00:00,-1.0,0.0
2015-05-08 01:15:00,-1.0,0.0
2015-05-08 01:30:00,-1.0,0.0
2015-05-08 01:45:00,0.0,0.098
2015-05-08 02:00:00,0.0,0.098
2015-05-08 02:15:00,-1.0,0.098
2015-05-08 02:30:00,0.0,0.0
2015-05-08 02:45:00,-1.0,0.195
2015-05-08 03:00:00,-1.0,0.098
2015-05-08 03:15:00,0.0,0.195
2015-05-08 03:30:00,0.0,0.195
2015-05-08 03:45:00,-1.0,0.098
2015-05-08 04:00:00,-1.0,0.098
2015-05-08 04:15:00,-1.0,0.098
2015-05-08 04:30:00,-1.0,0.391
2015-05-08 04:45:00,0.0,2.246
2015-05-08 05:00:00,7.0,7.813
2015-05-08 05:15:00,18.0,17.871
2015-05-08 05:30:00,43.0,63.965
2015-05-08 05:45:00,70.0,154.102
2015-05-08 06:00:00,99.5,228.809
2015-05-08 06:15:00,116.0,275.195
2015-05-08 06:30:00,157.5,321.191
2015-05-08 06:45:00,226.5,388.574
2015-05-08 07:00:00,284.0,460.84
2015-05-08 07:15:00,321.0,533.691
2015-05-08 07:30:00,397.5,611.719
2015-05-08 07:45:00,441.0,773.438
2015-05-08 08:00:00,461.5,841.602
2015-05-08 08:15:00,517.0,824.316
2015-05-08 08:30:00,178.0,649.121
2015-05-08 08:45:00,367.5,469.531
2015-05-08 09:00:00,369.5,725.879
2015-05-08 09:15:00,542.5,825.781
2015-05-08 09:30:00,457.0,779.688
2015-05-08 09:45:00,304.0,894.922
2015-05-08 10:00:00,408.0,553.809
2015-05-08 10:15:00,691.0,1003.125
2015-05-08 10:30:00,371.0,919.434
2015-05-08 10:45:00,384.0,748.633
2015-05-08 11:00:00,304.0,678.809
2015-05-08 11:15:00,274.0,660.352
2015-05-08 11:30:00,454.5,635.059
2015-05-08 11:45:00,488.5,1122.168
2015-05-08 12:00:00,596.5,772.754
2015-05-08 12:15:00,247.0,1243.164
2015-05-08 12:30:00,486.0,1004.785
2015-05-08 12:45:00,300.0,909.277
2015-05-08 13:00:00,242.0,432.324
2015-05-08 13:15:00,272.0,411.816
2015-05-08 13:30:00,249.0,506.641
2015-05-08 13:45:00,181.5,331.543
2015-05-08 14:00:00,178.5,292.871
2015-05-08 14:15:00,180.5,291.699
2015-05-08 14:30:00,200.0,307.52
2015-05-08 14:45:00,277.0,382.715
2015-05-08 15:00:00,528.5,684.766
2015-05-08 15:15:00,465.5,898.145
2015-05-08 15:30:00,414.0,804.102
2015-05-08 15:45:00,369.0,695.801
2015-05-08 16:00:00,321.0,613.574
2015-05-08 16:15:00,170.0,402.734
2015-05-08 16:30:00,157.0,332.227
2015-05-08 16:45:00,112.5,263.965
2015-05-08 17:00:00,56.0,124.316
2015-05-08 17:15:00,45.0,82.52
2015-05-08 17:30:00,39.5,67.969
2015-05-08 17:45:00,32.0,58.691
2015-05-08 18:00:00,19.5,43.457
2015-05-08 18:15:00,10.0,26.855
2015-05-08 18:30:00,3.0,11.133
2015-05-08 18:45:00,-1.0,1.953
2015-05-08 19:00:00,-1.0,0.0
2015-05-08 19:15:00,0.0,0.0
2015-05-08 19:30:00,0.0,0.0
2015-05-08 19:45:00,0.0,0.0
2015-05-08 20:00:00,0.0,0.0
2015-05-08 20:15:00,0.0,0.0
2015-05-08 20:30:00,0.0,0.098
2015-05-08 20:45:00,-1.0,0.0
2015-05-08 21:00:00,0.0,0.098
2015-05-08 21:15:00,0.0,0.098
2015-05-08 21:30:00,-1.0,0.098
2015-05-08 21:45:00,0.0,0.098
2015-05-08 22:00:00,-1.0,0.098
2015-05-08 22:15:00,-1.0,0.098
2015-05-08 22:30:00,0.0,0.098
2015-05-08 22:45:00,-1.0,0.0
2015-05-08 23:00:00,0.0,0.098
2015-05-08 23:15:00,-1.0,0.098
2015-05-08 23:30:00,-1.0,0.0
2015-05-08 23:45:00,-1.0,0.098
2015-05-09 00:00:00,0.0,0.098
2015-05-09 00:15:00,-1.0,0.195
2015-05-09 00:30:00,0.0,0.098
2015-05-09 00:45:00,0.0,0.098
2015-05-09 01:00:00,0.0,0.098
2015-05-09 01:15:00,0.0,0.098
2015-05-09 01:30:00,-1.0,0.195
2015-05-09 01:45:00,0.0,0.098
2015-05-09 02:00:00,-1.0,0.195
2015-05-09 02:15:00,0.0,0.195
2015-05-09 02:30:00,-1.0,0.098
2015-05-09 02:45:00,0.0,0.195
2015-05-09 03:00:00,-1.0,0.098
2015-05-09 03:15:00,-1.0,0.098
2015-05-09 03:30:00,-1.0,0.098
2015-05-09 03:45:00,-1.0,0.195
2015-05-09 04:00:00,-1.0,0.195
2015-05-09 04:15:00,-1.0,0.195
2015-05-09 04:30:00,-1.0,0.391
2015-05-09 04:45:00,-1.0,1.953
2015-05-09 05:00:00,6.5,7.813
2015-05-09 05:15:00,13.5,17.871
2015-05-09 05:30:00,19.5,24.414
2015-05-09 05:45:00,43.0,49.023
2015-05-09 06:00:00,49.5,74.121
2015-05-09 06:15:00,68.5,95.117
2015-05-09 06:30:00,93.0,126.855
2015-05-09 06:45:00,116.5,162.109
2015-05-09 07:00:00,124.5,189.16
2015-05-09 07:15:00,127.5,202.539
2015-05-09 07:30:00,191.0,227.441
2015-05-09 07:45:00,197.0,341.016
2015-05-09 08:00:00,344.0,542.969
2015-05-09 08:15:00,446.5,584.57
2015-05-09 08:30:00,390.5,614.063
2015-05-09 08:45:00,525.0,902.344
2015-05-09 09:00:00,496.0,993.75
2015-05-09 09:15:00,241.5,787.109
2015-05-09 09:30:00,573.5,864.746
2015-05-09 09:45:00,562.5,1036.621
2015-05-09 10:00:00,600.5,1038.965
2015-05-09 10:15:00,251.0,1005.273
2015-05-09 10:30:00,581.0,931.836
2015-05-09 10:45:00,575.0,1174.707
2015-05-09 11:00:00,583.0,1184.18
2015-05-09 11:15:00,579.5,1195.312
2015-05-09 11:30:00,583.0,1205.664
2015-05-09 11:45:00,597.0,1243.945
2015-05-09 12:00:00,591.0,1241.504
2015-05-09 12:15:00,376.0,1343.75
2015-05-09 12:30:00,546.5,1088.867
2015-05-09 12:45:00,570.0,1182.812
2015-05-09 13:00:00,539.0,1169.238
2015-05-09 13:15:00,533.5,1092.48
2015-05-09 13:30:00,520.0,1079.297
2015-05-09 13:45:00,500.0,1040.918
2015-05-09 14:00:00,484.5,1002.441
2015-05-09 14:15:00,473.0,960.352
2015-05-09 14:30:00,494.5,985.254
2015-05-09 14:45:00,450.0,917.676
2015-05-09 15:00:00,213.0,465.039
2015-05-09 15:15:00,347.5,671.582
2015-05-09 15:30:00,155.5,358.984
2015-05-09 15:45:00,361.0,412.207
2015-05-09 16:00:00,366.5,698.34
2015-05-09 16:15:00,180.5,462.793
2015-05-09 16:30:00,57.0,288.086
2015-05-09 16:45:00,110.0,98.535
2015-05-09 17:00:00,76.0,194.238
2015-05-09 17:15:00,35.0,94.336
2015-05-09 17:30:00,24.5,45.996
2015-05-09 17:45:00,24.5,63.672
2015-05-09 18:00:00,22.0,45.996
2015-05-09 18:15:00,16.5,40.723
2015-05-09 18:30:00,8.0,26.172
2015-05-09 18:45:00,0.0,5.859
2015-05-09 19:00:00,-1.0,0.488
2015-05-09 19:15:00,-1.0,0.098
2015-05-09 19:30:00,-1.0,0.195
2015-05-09 19:45:00,-1.0,0.195
2015-05-09 20:00:00,-1.0,0.195
2015-05-09 20:15:00,-1.0,0.195
2015-05-09 20:30:00,0.0,0.098
2015-05-09 20:45:00,-1.0,0.098
2015-05-09 21:00:00,-1.0,0.0
2015-05-09 21:15:00,-1.0,0.098
2015-05-09 21:30:00,0.0,0.098
2015-05-09 21:45:00,-1.0,0.098
2015-05-09 22:00:00,0.0,0.098
2015-05-09 22:15:00,-1.0,0.195
2015-05-09 22:30:00,-1.0,0.098
2015-05-09 22:45:00,-1.0,0.098
2015-05-09 23:00:00,0.0,0.195
2015-05-09 23:15:00,-1.0,0.098
2015-05-09 23:30:00,0.0,0.0
2015-05-09 23:45:00,-1.0,0.098
2015-05-10 00:00:00,0.0,0.0
2015-05-10 00:15:00,-1.0,0.098
2015-05-10 00:30:00,-1.0,0.0
2015-05-10 00:45:00,-1.0,0.0
2015-05-10 01:00:00,-1.0,0.0
2015-05-10 01:15:00,-1.0,0.0
2015-05-10 01:30:00,-1.0,0.0
2015-05-10 01:45:00,0.0,0.0
2015-05-10 02:00:00,0.0,0.0
2015-05-10 02:15:00,-1.0,0.0
2015-05-10 02:30:00,-1.0,0.0
2015-05-10 02:45:00,-1.0,0.0
2015-05-10 03:00:00,-1.0,0.0
2015-05-10 03:15:00,-1.0,0.0
2015-05-10 03:30:00,-1.0,0.098
2015-05-10 03:45:00,-1.0,0.098
2015-05-10 04:00:00,-1.0,0.098
2015-05-10 04:15:00,-1.0,0.0
2015-05-10 04:30:00,-1.0,0.391
2015-05-10 04:45:00,-1.0,4.004
2015-05-10 05:00:00,10.0,12.5
2015-05-10 05:15:00,21.5,20.801
2015-05-10 05:30:00,41.0,61.23
2015-05-10 05:45:00,58.5,125.0
2015-05-10 06:00:00,84.0,184.668
2015-05-10 06:15:00,113.0,249.219
2015-05-10 06:30:00,149.0,310.645
2015-05-10 06:45:00,203.5,377.148
2015-05-10 07:00:00,261.5,442.578
2015-05-10 07:15:00,297.0,516.699
2015-05-10 07:30:00,332.5,581.738
2015-05-10 07:45:00,363.5,646.387
2015-05-10 08:00:00,394.5,709.082
2015-05-10 08:15:00,419.0,771.289
2015-05-10 08:30:00,443.5,831.543
2015-05-10 08:45:00,463.5,886.523
2015-05-10 09:00:00,482.5,939.551
2015-05-10 09:15:00,498.5,988.477
2015-05-10 09:30:00,511.5,1032.715
2015-05-10 09:45:00,527.0,1072.754
2015-05-10 10:00:00,536.5,1107.031
2015-05-10 10:15:00,544.0,1138.77
2015-05-10 10:30:00,546.5,1163.77
2015-05-10 10:45:00,558.0,1183.203
2015-05-10 11:00:00,555.5,1197.949
2015-05-10 11:15:00,571.5,1203.613
2015-05-10 11:30:00,562.5,1211.035
2015-05-10 11:45:00,552.0,1215.723
2015-05-10 12:00:00,553.5,1208.887
2015-05-10 12:15:00,557.5,1204.98
2015-05-10 12:30:00,552.5,1205.859
2015-05-10 12:45:00,546.5,1190.137
2015-05-10 13:00:00,537.0,1167.285
2015-05-10 13:15:00,528.5,1133.398
2015-05-10 13:30:00,523.5,1099.219
2015-05-10 13:45:00,517.0,1074.902
2015-05-10 14:00:00,498.0,1028.906
2015-05-10 14:15:00,475.0,980.957
2015-05-10 14:30:00,449.5,930.273
2015-05-10 14:45:00,423.0,877.539
2015-05-10 15:00:00,394.5,822.656
2015-05-10 15:15:00,365.5,764.16
2015-05-10 15:30:00,332.5,696.973
2015-05-10 15:45:00,300.0,638.574
2015-05-10 16:00:00,265.5,575.586
2015-05-10 16:15:00,228.5,509.473
2015-05-10 16:30:00,191.0,442.676
2015-05-10 16:45:00,151.5,375.586
2015-05-10 17:00:00,118.0,309.961
2015-05-10 17:15:00,86.0,246.973
2015-05-10 17:30:00,56.5,187.891
2015-05-10 17:45:00,32.0,123.926
2015-05-10 18:00:00,14.5,62.402
2015-05-10 18:15:00,8.5,26.172
2015-05-10 18:30:00,3.0,11.914
2015-05-10 18:45:00,-1.0,4.004
2015-05-10 19:00:00,0.0,0.488
2015-05-10 19:15:00,0.0,0.293
2015-05-10 19:30:00,0.0,0.195
2015-05-10 19:45:00,0.0,0.195
2015-05-10 20:00:00,0.0,0.293
2015-05-10 20:15:00,0.0,0.293
2015-05-10 20:30:00,0.0,0.293
2015-05-10 20:45:00,0.0,0.293
2015-05-10 21:00:00,-1.0,0.293
2015-05-10 21:15:00,0.0,0.195
2015-05-10 21:30:00,-1.0,0.195
2015-05-10 21:45:00,0.0,0.195
2015-05-10 22:00:00,0.0,0.0
2015-05-10 22:15:00,-1.0,0.195
2015-05-10 22:30:00,0.0,0.195
2015-05-10 22:45:00,-1.0,0.098
2015-05-10 23:00:00,0.0,0.195
2015-05-10 23:15:00,-1.0,0.098
2015-05-10 23:30:00,-1.0,0.195
2015-05-10 23:45:00,-1.0,0.195
2015-05-11 00:00:00,0.0,0.195
2015-05-11 00:15:00,-1.0,0.195
2015-05-11 00:30:00,-1.0,0.195
2015-05-11 00:45:00,-1.0,0.098
2015-05-11 01:00:00,0.0,0.098
2015-05-11 01:15:00,-1.0,0.098
2015-05-11 01:30:00,0.0,0.0
2015-05-11 01:45:00,-1.0,0.0
2015-05-11 02:00:00,0.0,0.0
2015-05-11 02:15:00,-1.0,0.0
2015-05-11 02:30:00,-1.0,0.0
2015-05-11 02:45:00,0.0,0.0
2015-05-11 03:00:00,-1.0,0.0
2015-05-11 03:15:00,0.0,0.0
2015-05-11 03:30:00,-1.0,0.0
2015-05-11 03:45:00,0.0,0.0
2015-05-11 04:00:00,-1.0,0.0
2015-05-11 04:15:00,-1.0,0.0
2015-05-11 04:30:00,2.0,0.781
2015-05-11 04:45:00,-1.0,7.129
2015-05-11 05:00:00,14.5,21.191
2015-05-11 05:15:00,33.0,33.789
2015-05-11 05:30:00,60.0,94.434
2015-05-11 05:45:00,83.5,180.078
2015-05-11 06:00:00,95.5,194.043
2015-05-11 06:15:00,140.0,259.277
2015-05-11 06:30:00,169.0,284.18
2015-05-11 06:45:00,211.5,342.383
2015-05-11 07:00:00,151.5,377.832
2015-05-11 07:15:00,276.5,410.156
2015-05-11 07:30:00,321.5,552.637
2015-05-11 07:45:00,345.5,673.926
2015-05-11 08:00:00,413.0,740.039
2015-05-11 08:15:00,375.0,691.406
2015-05-11 08:30:00,403.5,721.387
2015-05-11 08:45:00,441.0,865.137
2015-05-11 09:00:00,452.0,925.0
2015-05-11 09:15:00,475.5,903.027
2015-05-11 09:30:00,466.0,942.285
2015-05-11 09:45:00,532.5,1039.746
2015-05-11 10:00:00,520.0,1107.031
2015-05-11 10:15:00,511.5,1114.746
2015-05-11 10:30:00,498.0,1076.855
2015-05-11 10:45:00,463.0,1004.883
2015-05-11 11:00:00,568.0,975.195
2015-05-11 11:15:00,519.5,1170.313
2015-05-11 11:30:00,446.5,953.125
2015-05-11 11:45:00,552.0,1034.18
2015-05-11 12:00:00,490.0,1043.848
2015-05-11 12:15:00,517.0,1177.637
2015-05-11 12:30:00,488.0,1125.0
2015-05-11 12:45:00,359.0,940.527
2015-05-11 13:00:00,555.5,940.234
2015-05-11 13:15:00,478.5,964.355
2015-05-11 13:30:00,505.5,951.367
2015-05-11 13:45:00,471.0,986.523
2015-05-11 14:00:00,380.0,738.086
2015-05-11 14:15:00,414.0,800.684
2015-05-11 14:30:00,246.0,737.695
2015-05-11 14:45:00,447.5,689.258
2015-05-11 15:00:00,376.5,525.098
2015-05-11 15:15:00,357.0,818.457
2015-05-11 15:30:00,351.5,610.156
2015-05-11 15:45:00,293.5,567.969
2015-05-11 16:00:00,234.0,499.414
2015-05-11 16:15:00,209.0,509.375
2015-05-11 16:30:00,222.0,423.926
2015-05-11 16:45:00,176.0,397.168
2015-05-11 17:00:00,105.0,272.07
2015-05-11 17:15:00,72.0,173.242
2015-05-11 17:30:00,38.0,90.332
2015-05-11 17:45:00,24.0,54.883
2015-05-11 18:00:00,14.5,34.082
2015-05-11 18:15:00,10.0,25.586
2015-05-11 18:30:00,3.0,13.379
2015-05-11 18:45:00,-1.0,2.93
2015-05-11 19:00:00,-1.0,0.586
2015-05-11 19:15:00,0.0,0.293
2015-05-11 19:30:00,-1.0,0.293
2015-05-11 19:45:00,0.0,0.293
2015-05-11 20:00:00,-1.0,0.195
2015-05-11 20:15:00,-1.0,0.195
2015-05-11 20:30:00,0.0,0.195
2015-05-11 20:45:00,0.0,0.195
2015-05-11 21:00:00,0.0,0.195
2015-05-11 21:15:00,0.0,0.195
2015-05-11 21:30:00,-1.0,0.195
2015-05-11 21:45:00,0.0,0.293
2015-05-11 22:00:00,0.0,0.195
2015-05-11 22:15:00,0.0,0.195
2015-05-11 22:30:00,0.0,0.195
2015-05-11 22:45:00,-1.0,0.195
2015-05-11 23:00:00,-1.0,0.195
2015-05-11 23:15:00,-1.0,0.195
2015-05-11 23:30:00,0.0,0.0
2015-05-11 23:45:00,-1.0,0.195
2015-05-12 00:00:00,-1.0,0.195
2015-05-12 00:15:00,0.0,0.293
2015-05-12 00:30:00,0.0,0.293
2015-05-12 00:45:00,-1.0,0.293
2015-05-12 01:00:00,0.0,0.0
2015-05-12 01:15:00,-1.0,0.195
2015-05-12 01:30:00,-1.0,0.293
2015-05-12 01:45:00,-1.0,0.293
2015-05-12 02:00:00,-1.0,0.195
2015-05-12 02:15:00,-1.0,0.195
2015-05-12 02:30:00,0.0,0.195
2015-05-12 02:45:00,-1.0,0.195
2015-05-12 03:00:00,-1.0,0.098
2015-05-12 03:15:00,-1.0,0.195
2015-05-12 03:30:00,-1.0,0.098
2015-05-12 03:45:00,-1.0,0.0
2015-05-12 04:00:00,0.0,0.098
2015-05-12 04:15:00,-1.0,0.0
2015-05-12 04:30:00,-1.0,0.684
2015-05-12 04:45:00,-1.0,3.809
2015-05-12 05:00:00,15.5,16.992
2015-05-12 05:15:00,21.5,32.91
2015-05-12 05:30:00,43.0,50.195
2015-05-12 05:45:00,57.0,114.844
2015-05-12 06:00:00,101.0,182.324
2015-05-12 06:15:00,162.5,283.496
2015-05-12 06:30:00,170.5,308.203
2015-05-12 06:45:00,148.5,257.422
2015-05-12 07:00:00,256.5,306.348
2015-05-12 07:15:00,331.0,537.988
2015-05-12 07:30:00,320.5,627.441
2015-05-12 07:45:00,357.5,611.328
2015-05-12 08:00:00,354.0,712.305
2015-05-12 08:15:00,436.0,681.25
2015-05-12 08:30:00,427.5,772.852
2015-05-12 08:45:00,486.5,836.328
2015-05-12 09:00:00,483.0,941.406
2015-05-12 09:15:00,444.5,944.629
2015-05-12 09:30:00,508.5,908.594
2015-05-12 09:45:00,536.5,1018.359
2015-05-12 10:00:00,510.0,1001.855
2015-05-12 10:15:00,558.0,1103.32
2015-05-12 10:30:00,573.0,1130.566
2015-05-12 10:45:00,597.0,1192.871
2015-05-12 11:00:00,601.0,1207.812
2015-05-12 11:15:00,615.5,1223.145
2015-05-12 11:30:00,619.0,1212.012
2015-05-12 11:45:00,602.5,1233.203
2015-05-12 12:00:00,585.5,1218.457
2015-05-12 12:15:00,600.5,1184.473
2015-05-12 12:30:00,571.5,1195.996
2015-05-12 12:45:00,548.0,1188.086
2015-05-12 13:00:00,569.5,1172.266
2015-05-12 13:15:00,558.5,1137.891
2015-05-12 13:30:00,558.0,1127.734
2015-05-12 13:45:00,554.0,1118.457
2015-05-12 14:00:00,402.0,1037.598
2015-05-12 14:15:00,468.0,784.766
2015-05-12 14:30:00,515.5,905.762
2015-05-12 14:45:00,203.0,905.469
2015-05-12 15:00:00,427.5,799.902
2015-05-12 15:15:00,396.0,782.422
2015-05-12 15:30:00,366.5,719.238
2015-05-12 15:45:00,334.5,659.668
2015-05-12 16:00:00,304.0,601.855
2015-05-12 16:15:00,226.5,515.82
2015-05-12 16:30:00,147.0,384.473
2015-05-12 16:45:00,88.0,249.219
2015-05-12 17:00:00,62.5,148.73
2015-05-12 17:15:00,52.5,103.418
2015-05-12 17:30:00,35.0,78.418
2015-05-12 17:45:00,25.5,54.883
2015-05-12 18:00:00,21.5,54.98
2015-05-12 18:15:00,10.0,27.148
2015-05-12 18:30:00,4.0,18.555
2015-05-12 18:45:00,-1.0,3.613
2015-05-12 19:00:00,-1.0,0.586
2015-05-12 19:15:00,0.0,0.293
2015-05-12 19:30:00,-1.0,0.0
2015-05-12 19:45:00,-1.0,0.293
2015-05-12 20:00:00,-1.0,0.293
2015-05-12 20:15:00,0.0,0.195
2015-05-12 20:30:00,0.0,0.293
2015-05-12 20:45:00,0.0,0.293
2015-05-12 21:00:00,0.0,0.098
2015-05-12 21:15:00,0.0,0.293
2015-05-12 21:30:00,0.0,0.391
2015-05-12 21:45:00,-1.0,0.195
2015-05-12 22:00:00,-1.0,0.0
2015-05-12 22:15:00,0.0,0.195
2015-05-12 22:30:00,0.0,0.293
2015-05-12 22:45:00,-1.0,0.293
2015-05-12 23:00:00,0.0,0.293
2015-05-12 23:15:00,-1.0,0.391
2015-05-12 23:30:00,0.0,0.0
2015-05-12 23:45:00,-1.0,0.293
2015-05-13 00:00:00,0.0,0.293
2015-05-13 00:15:00,-1.0,0.195
2015-05-13 00:30:00,0.0,0.0
2015-05-13 00:45:00,0.0,0.195
2015-05-13 01:00:00,-1.0,0.195
2015-05-13 01:15:00,0.0,0.195
2015-05-13 01:30:00,0.0,0.195
2015-05-13 01:45:00,-1.0,0.195
2015-05-13 02:00:00,-1.0,0.195
2015-05-13 02:15:00,-1.0,0.293
2015-05-13 02:30:00,0.0,0.195
2015-05-13 02:45:00,0.0,0.195
2015-05-13 03:00:00,-1.0,0.195
2015-05-13 03:15:00,-1.0,0.098
2015-05-13 03:30:00,-1.0,0.293
2015-05-13 03:45:00,-1.0,0.195
2015-05-13 04:00:00,-1.0,0.195
2015-05-13 04:15:00,-1.0,0.195
2015-05-13 04:30:00,-1.0,0.977
2015-05-13 04:45:00,-1.0,4.883
2015-05-13 05:00:00,16.5,21.68
2015-05-13 05:15:00,33.0,45.02
2015-05-13 05:30:00,50.5,83.008
2015-05-13 05:45:00,72.5,120.117
2015-05-13 06:00:00,118.5,178.418
2015-05-13 06:15:00,98.5,179.688
2015-05-13 06:30:00,62.5,144.531
2015-05-13 06:45:00,228.0,329.98
2015-05-13 07:00:00,267.5,468.555
2015-05-13 07:15:00,305.0,530.078
2015-05-13 07:30:00,339.5,597.656
2015-05-13 07:45:00,373.0,660.156
2015-05-13 08:00:00,404.0,725.586
2015-05-13 08:15:00,434.0,788.477
2015-05-13 08:30:00,459.0,844.727
2015-05-13 08:45:00,482.5,899.219
2015-05-13 09:00:00,498.0,948.145
2015-05-13 09:15:00,513.5,992.09
2015-05-13 09:30:00,521.0,1038.086
2015-05-13 09:45:00,535.5,1078.32
2015-05-13 10:00:00,545.0,1114.453
2015-05-13 10:15:00,550.0,1127.734
2015-05-13 10:30:00,545.0,1165.039
2015-05-13 10:45:00,553.5,1173.73
2015-05-13 11:00:00,525.5,1177.637
2015-05-13 11:15:00,604.0,1194.434
2015-05-13 11:30:00,604.0,1215.82
2015-05-13 11:45:00,589.5,1225.488
2015-05-13 12:00:00,613.5,1196.582
2015-05-13 12:15:00,613.5,1146.387
2015-05-13 12:30:00,607.5,1150.684
2015-05-13 12:45:00,608.0,1168.359
2015-05-13 13:00:00,612.5,1143.652
2015-05-13 13:15:00,481.5,1017.285
2015-05-13 13:30:00,351.0,783.203
2015-05-13 13:45:00,338.5,566.992
2015-05-13 14:00:00,485.0,857.715
2015-05-13 14:15:00,509.5,982.129
2015-05-13 14:30:00,409.0,668.945
2015-05-13 14:45:00,363.0,725.977
2015-05-13 15:00:00,302.0,622.559
2015-05-13 15:15:00,194.0,421.582
2015-05-13 15:30:00,189.0,348.145
2015-05-13 15:45:00,182.0,328.223
2015-05-13 16:00:00,197.0,328.125
2015-05-13 16:15:00,200.0,391.016
2015-05-13 16:30:00,115.0,273.438
2015-05-13 16:45:00,78.0,168.75
2015-05-13 17:00:00,62.5,121.875
2015-05-13 17:15:00,47.5,96.777
2015-05-13 17:30:00,39.5,79.785
2015-05-13 17:45:00,26.0,58.203
2015-05-13 18:00:00,22.5,44.043
2015-05-13 18:15:00,10.0,34.375
2015-05-13 18:30:00,2.0,10.254
2015-05-13 18:45:00,0.0,1.855
2015-05-13 19:00:00,-1.0,0.391
2015-05-13 19:15:00,-1.0,0.0
2015-05-13 19:30:00,0.0,0.195
2015-05-13 19:45:00,0.0,0.098
2015-05-13 20:00:00,-1.0,0.195
2015-05-13 20:15:00,-1.0,0.195
2015-05-13 20:30:00,-1.0,0.195
2015-05-13 20:45:00,-1.0,0.195
2015-05-13 21:00:00,0.0,0.195
2015-05-13 21:15:00,-1.0,0.195
2015-05-13 21:30:00,0.0,0.293
2015-05-13 21:45:00,-1.0,0.195
2015-05-13 22:00:00,-1.0,0.195
2015-05-13 22:15:00,0.0,0.293
2015-05-13 22:30:00,0.0,0.293
2015-05-13 22:45:00,0.0,0.293
2015-05-13 23:00:00,0.0,0.195
2015-05-13 23:15:00,0.0,0.195
2015-05-13 23:30:00,-1.0,0.0
2015-05-13 23:45:00,-1.0,0.195
2015-05-14 00:00:00,-1.0,0.098
2015-05-14 00:15:00,-1.0,0.195
2015-05-14 00:30:00,-1.0,0.098
2015-05-14 00:45:00,0.0,0.0
2015-05-14 01:00:00,-1.0,0.0
2015-05-14 01:15:00,-1.0,0.0
2015-05-14 01:30:00,0.0,0.098
2015-05-14 01:45:00,-1.0,0.195
2015-05-14 02:00:00,-1.0,0.098
2015-05-14 02:15:00,0.0,0.195
2015-05-14 02:30:00,0.0,0.098
2015-05-14 02:45:00,0.0,0.098
2015-05-14 03:00:00,-1.0,0.098
2015-05-14 03:15:00,0.0,0.0
2015-05-14 03:30:00,-1.0,0.098
2015-05-14 03:45:00,-1.0,0.195
2015-05-14 04:00:00,-1.0,0.0
2015-05-14 04:15:00,-1.0,0.195
2015-05-14 04:30:00,-1.0,0.684
2015-05-14 04:45:00,-1.0,3.516
2015-05-14 05:00:00,15.5,21.191
2015-05-14 05:15:00,24.5,32.617
2015-05-14 05:30:00,35.0,56.152
2015-05-14 05:45:00,47.5,74.023
2015-05-14 06:00:00,56.0,97.363
2015-05-14 06:15:00,77.5,121.191
2015-05-14 06:30:00,74.5,163.379
2015-05-14 06:45:00,84.0,173.047
2015-05-14 07:00:00,28.0,123.34
2015-05-14 07:15:00,59.0,61.914
2015-05-14 07:30:00,220.5,233.008
2015-05-14 07:45:00,365.5,586.426
2015-05-14 08:00:00,506.5,729.98
2015-05-14 08:15:00,529.5,906.641
2015-05-14 08:30:00,379.0,631.055
2015-05-14 08:45:00,472.5,769.043
2015-05-14 09:00:00,357.5,778.613
2015-05-14 09:15:00,269.0,498.926
2015-05-14 09:30:00,308.0,441.016
2015-05-14 09:45:00,346.0,552.148
2015-05-14 10:00:00,422.5,704.688
2015-05-14 10:15:00,387.0,812.598
2015-05-14 10:30:00,514.0,761.23
2015-05-14 10:45:00,528.5,1139.941
2015-05-14 11:00:00,470.5,937.988
2015-05-14 11:15:00,710.0,918.359
2015-05-14 11:30:00,317.5,752.344
2015-05-14 11:45:00,312.5,649.414
2015-05-14 12:00:00,278.5,666.504
2015-05-14 12:15:00,247.5,475.879
2015-05-14 12:30:00,245.5,418.359
2015-05-14 12:45:00,363.5,531.836
2015-05-14 13:00:00,454.5,751.367
2015-05-14 13:15:00,610.0,910.938
2015-05-14 13:30:00,579.5,969.922
2015-05-14 13:45:00,598.5,1100.0
2015-05-14 14:00:00,568.0,947.754
2015-05-14 14:15:00,428.5,1009.766
2015-05-14 14:30:00,513.0,898.34
2015-05-14 14:45:00,487.0,879.59
2015-05-14 15:00:00,134.0,816.309
2015-05-14 15:15:00,481.5,536.23
2015-05-14 15:30:00,377.0,777.246
2015-05-14 15:45:00,359.5,673.145
2015-05-14 16:00:00,314.5,576.758
2015-05-14 16:15:00,228.5,482.813
2015-05-14 16:30:00,229.5,375.0
2015-05-14 16:45:00,186.0,387.109
2015-05-14 17:00:00,40.5,245.801
2015-05-14 17:15:00,51.0,82.715
2015-05-14 17:30:00,80.0,125.781
2015-05-14 17:45:00,34.0,119.141
2015-05-14 18:00:00,26.0,60.84
2015-05-14 18:15:00,16.0,39.746
2015-05-14 18:30:00,5.0,19.922
2015-05-14 18:45:00,-1.0,4.297
2015-05-14 19:00:00,0.0,0.781
2015-05-14 19:15:00,-1.0,0.098
2015-05-14 19:30:00,0.0,0.098
2015-05-14 19:45:00,0.0,0.195
2015-05-14 20:00:00,0.0,0.098
2015-05-14 20:15:00,0.0,0.195
2015-05-14 20:30:00,0.0,0.195
2015-05-14 20:45:00,0.0,0.195
2015-05-14 21:00:00,-1.0,0.098
2015-05-14 21:15:00,-1.0,0.195
2015-05-14 21:30:00,0.0,0.098
2015-05-14 21:45:00,0.0,0.098
2015-05-14 22:00:00,0.0,0.0
2015-05-14 22:15:00,0.0,0.0
2015-05-14 22:30:00,-1.0,0.0
2015-05-14 22:45:00,0.0,0.0
2015-05-14 23:00:00,-1.0,0.0
2015-05-14 23:15:00,0.0,0.0
2015-05-14 23:30:00,0.0,0.0
2015-05-14 23:45:00,-1.0,0.0
2015-05-15 00:00:00,-1.0,0.0
2015-05-15 00:15:00,-1.0,0.0
2015-05-15 00:30:00,0.0,0.0
2015-05-15 00:45:00,-1.0,0.0
2015-05-15 01:00:00,-1.0,0.0
2015-05-15 01:15:00,0.0,0.0
2015-05-15 01:30:00,-1.0,0.0
2015-05-15 01:45:00,0.0,0.098
2015-05-15 02:00:00,-1.0,0.0
2015-05-15 02:15:00,-1.0,0.0
2015-05-15 02:30:00,0.0,0.098
2015-05-15 02:45:00,-1.0,0.0
2015-05-15 03:00:00,0.0,0.098
2015-05-15 03:15:00,-1.0,0.098
2015-05-15 03:30:00,-1.0,0.098
2015-05-15 03:45:00,0.0,0.0
2015-05-15 04:00:00,-1.0,0.0
2015-05-15 04:15:00,-1.0,0.098
2015-05-15 04:30:00,1.0,0.781
2015-05-15 04:45:00,-1.0,5.469
2015-05-15 05:00:00,14.0,18.848
2015-05-15 05:15:00,22.0,34.863
2015-05-15 05:30:00,60.0,72.363
2015-05-15 05:45:00,70.5,177.734
2015-05-15 06:00:00,106.5,230.469
2015-05-15 06:15:00,105.5,229.785
2015-05-15 06:30:00,207.5,342.383
2015-05-15 06:45:00,245.0,427.441
2015-05-15 07:00:00,282.5,482.813
2015-05-15 07:15:00,330.0,548.34
2015-05-15 07:30:00,361.5,619.043
2015-05-15 07:45:00,394.0,672.656
2015-05-15 08:00:00,425.0,737.402
2015-05-15 08:15:00,455.5,787.695
2015-05-15 08:30:00,483.0,838.77
2015-05-15 08:45:00,502.5,890.039
2015-05-15 09:00:00,527.5,945.117
2015-05-15 09:15:00,548.0,1003.613
2015-05-15 09:30:00,556.0,1049.512
2015-05-15 09:45:00,598.0,1096.191
2015-05-15 10:00:00,609.5,1179.102
2015-05-15 10:15:00,565.5,1237.207
2015-05-15 10:30:00,546.5,1115.723
2015-05-15 10:45:00,592.0,1163.184
2015-05-15 11:00:00,637.5,1163.77
2015-05-15 11:15:00,603.0,1229.687
2015-05-15 11:30:00,552.5,1178.125
2015-05-15 11:45:00,535.0,1003.027
2015-05-15 12:00:00,601.0,1069.727
2015-05-15 12:15:00,475.0,1009.375
2015-05-15 12:30:00,581.5,1133.301
2015-05-15 12:45:00,566.0,1100.195
2015-05-15 13:00:00,395.5,973.535
2015-05-15 13:15:00,601.0,878.906
2015-05-15 13:30:00,555.5,960.742
2015-05-15 13:45:00,511.0,870.508
2015-05-15 14:00:00,574.0,1090.332
2015-05-15 14:15:00,487.0,1028.32
2015-05-15 14:30:00,430.0,608.691
2015-05-15 14:45:00,527.0,998.926
2015-05-15 15:00:00,502.5,778.125
2015-05-15 15:15:00,292.0,733.496
2015-05-15 15:30:00,361.0,714.551
2015-05-15 15:45:00,379.0,695.117
2015-05-15 16:00:00,345.5,649.023
2015-05-15 16:15:00,230.0,542.676
2015-05-15 16:30:00,253.5,426.465
2015-05-15 16:45:00,209.5,407.813
2015-05-15 17:00:00,139.0,227.148
2015-05-15 17:15:00,129.5,281.641
2015-05-15 17:30:00,84.0,195.215
2015-05-15 17:45:00,43.0,151.563
2015-05-15 18:00:00,18.0,38.184
2015-05-15 18:15:00,9.0,22.168
2015-05-15 18:30:00,3.0,10.742
2015-05-15 18:45:00,-1.0,3.809
2015-05-15 19:00:00,0.0,0.586
2015-05-15 19:15:00,0.0,0.098
2015-05-15 19:30:00,-1.0,0.0
2015-05-15 19:45:00,0.0,0.098
2015-05-15 20:00:00,0.0,0.098
2015-05-15 20:15:00,0.0,0.0
2015-05-15 20:30:00,0.0,0.0
2015-05-15 20:45:00,0.0,0.0
2015-05-15 21:00:00,0.0,0.0
2015-05-15 21:15:00,0.0,0.0
2015-05-15 21:30:00,-1.0,0.0
2015-05-15 21:45:00,0.0,0.0
2015-05-15 22:00:00,0.0,0.0
2015-05-15 22:15:00,-1.0,0.0
2015-05-15 22:30:00,0.0,0.0
2015-05-15 22:45:00,0.0,0.0
2015-05-15 23:00:00,-1.0,0.0
2015-05-15 23:15:00,-1.0,0.0
2015-05-15 23:30:00,-1.0,0.0
2015-05-15 23:45:00,0.0,0.0
2015-05-16 00:00:00,-1.0,0.0
2015-05-16 00:15:00,0.0,0.0
2015-05-16 00:30:00,-1.0,0.098
2015-05-16 00:45:00,-1.0,0.0
2015-05-16 01:00:00,0.0,0.0
2015-05-16 01:15:00,-1.0,0.0
2015-05-16 01:30:00,-1.0,0.0
2015-05-16 01:45:00,0.0,0.0
2015-05-16 02:00:00,0.0,0.0
2015-05-16 02:15:00,0.0,0.0
2015-05-16 02:30:00,0.0,0.0
2015-05-16 02:45:00,-1.0,0.0
2015-05-16 03:00:00,-1.0,0.0
2015-05-16 03:15:00,0.0,0.0
2015-05-16 03:30:00,-1.0,0.0
2015-05-16 03:45:00,-1.0,0.0
2015-05-16 04:00:00,-1.0,0.0
2015-05-16 04:15:00,-1.0,0.195
2015-05-16 04:30:00,1.0,0.977
2015-05-16 04:45:00,-1.0,6.055
2015-05-16 05:00:00,14.0,14.941
2015-05-16 05:15:00,33.0,32.324
2015-05-16 05:30:00,58.0,103.223
2015-05-16 05:45:00,62.0,138.086
2015-05-16 06:00:00,113.0,163.281
2015-05-16 06:15:00,103.5,179.004
2015-05-16 06:30:00,169.0,274.414
2015-05-16 06:45:00,165.0,289.16
2015-05-16 07:00:00,284.0,305.078
2015-05-16 07:15:00,318.5,495.508
2015-05-16 07:30:00,349.5,606.055
2015-05-16 07:45:00,378.0,636.328
2015-05-16 08:00:00,426.5,744.434
2015-05-16 08:15:00,492.0,725.488
2015-05-16 08:30:00,267.5,698.242
2015-05-16 08:45:00,505.5,899.023
2015-05-16 09:00:00,590.5,1027.148
2015-05-16 09:15:00,247.0,697.559
2015-05-16 09:30:00,234.5,438.77
2015-05-16 09:45:00,659.5,1033.887
2015-05-16 10:00:00,259.0,715.723
2015-05-16 10:15:00,273.0,599.707
2015-05-16 10:30:00,357.5,630.371
2015-05-16 10:45:00,299.5,823.242
2015-05-16 11:00:00,393.5,748.047
2015-05-16 11:15:00,279.0,631.055
2015-05-16 11:30:00,305.5,515.43
2015-05-16 11:45:00,397.5,651.563
2015-05-16 12:00:00,353.5,927.637
2015-05-16 12:15:00,668.0,899.316
2015-05-16 12:30:00,149.0,1328.223
2015-05-16 12:45:00,290.0,594.727
2015-05-16 13:00:00,249.5,566.113
2015-05-16 13:15:00,675.5,1073.34
2015-05-16 13:30:00,566.0,968.75
2015-05-16 13:45:00,544.5,1122.852
2015-05-16 14:00:00,519.5,1075.0
2015-05-16 14:15:00,500.0,1016.602
2015-05-16 14:30:00,323.0,819.238
2015-05-16 14:45:00,432.5,810.742
2015-05-16 15:00:00,423.5,845.215
2015-05-16 15:15:00,410.0,796.68
2015-05-16 15:30:00,380.0,737.305
2015-05-16 15:45:00,338.0,662.891
2015-05-16 16:00:00,64.5,505.371
2015-05-16 16:15:00,120.5,333.301
2015-05-16 16:30:00,222.5,448.145
2015-05-16 16:45:00,199.0,404.004
2015-05-16 17:00:00,150.5,339.453
2015-05-16 17:15:00,114.5,254.395
2015-05-16 17:30:00,66.0,106.738
2015-05-16 17:45:00,46.5,73.34
2015-05-16 18:00:00,25.5,69.531
2015-05-16 18:15:00,14.5,41.895
2015-05-16 18:30:00,6.0,22.266
2015-05-16 18:45:00,0.0,6.934
2015-05-16 19:00:00,-1.0,1.27
2015-05-16 19:15:00,-1.0,0.293
2015-05-16 19:30:00,-1.0,0.293
2015-05-16 19:45:00,-1.0,0.293
2015-05-16 20:00:00,-1.0,0.195
2015-05-16 20:15:00,-1.0,0.293
2015-05-16 20:30:00,0.0,0.293
2015-05-16 20:45:00,0.0,0.293
2015-05-16 21:00:00,0.0,0.195
2015-05-16 21:15:00,0.0,0.195
2015-05-16 21:30:00,-1.0,0.195
2015-05-16 21:45:00,0.0,0.0
2015-05-16 22:00:00,0.0,0.195
2015-05-16 22:15:00,-1.0,0.195
2015-05-16 22:30:00,-1.0,0.098
2015-05-16 22:45:00,0.0,0.098
2015-05-16 23:00:00,0.0,0.098
2015-05-16 23:15:00,-1.0,0.098
2015-05-16 23:30:00,-1.0,0.0
2015-05-16 23:45:00,0.0,0.098
2015-05-17 00:00:00,-1.0,0.195
2015-05-17 00:15:00,-1.0,0.098
2015-05-17 00:30:00,0.0,0.195
2015-05-17 00:45:00,-1.0,0.098
2015-05-17 01:00:00,-1.0,0.098
2015-05-17 01:15:00,0.0,0.0
2015-05-17 01:30:00,-1.0,0.098
2015-05-17 01:45:00,0.0,0.0
2015-05-17 02:00:00,-1.0,0.098
2015-05-17 02:15:00,-1.0,0.195
2015-05-17 02:30:00,-1.0,0.0
2015-05-17 02:45:00,0.0,0.0
2015-05-17 03:00:00,0.0,0.098
2015-05-17 03:15:00,-1.0,0.0
2015-05-17 03:30:00,-1.0,0.0
2015-05-17 03:45:00,-1.0,0.0
2015-05-17 04:00:00,-1.0,0.0
2015-05-17 04:15:00,-1.0,0.0
2015-05-17 04:30:00,1.0,0.0
2015-05-17 04:45:00,-1.0,6.641
2015-05-17 05:00:00,14.5,18.652
2015-05-17 05:15:00,33.0,41.797
2015-05-17 05:30:00,54.0,96.289
2015-05-17 05:45:00,53.0,150.195
2015-05-17 06:00:00,64.5,167.285
2015-05-17 06:15:00,70.5,208.398
2015-05-17 06:30:00,182.0,208.594
2015-05-17 06:45:00,232.0,376.953
2015-05-17 07:00:00,270.0,472.07
2015-05-17 07:15:00,313.5,553.809
2015-05-17 07:30:00,279.0,570.508
2015-05-17 07:45:00,292.0,636.816
2015-05-17 08:00:00,419.0,649.414
2015-05-17 08:15:00,326.5,727.344
2015-05-17 08:30:00,481.0,719.922
2015-05-17 08:45:00,238.0,606.445
2015-05-17 09:00:00,310.5,430.859
2015-05-17 09:15:00,515.0,902.051
2015-05-17 09:30:00,346.0,754.785
2015-05-17 09:45:00,361.0,729.688
2015-05-17 10:00:00,368.5,578.809
2015-05-17 10:15:00,570.0,1166.992
2015-05-17 10:30:00,388.0,1115.43
2015-05-17 10:45:00,577.5,1101.953
2015-05-17 11:00:00,567.5,1199.219
2015-05-17 11:15:00,596.5,1112.5
2015-05-17 11:30:00,577.0,1216.895
2015-05-17 11:45:00,579.5,1229.199
2015-05-17 12:00:00,573.0,1221.875
2015-05-17 12:15:00,596.5,1226.66
2015-05-17 12:30:00,603.0,1070.41
2015-05-17 12:45:00,291.5,1153.711
2015-05-17 13:00:00,615.5,1111.914
2015-05-17 13:15:00,576.0,1184.961
2015-05-17 13:30:00,139.0,923.633
2015-05-17 13:45:00,320.5,892.871
2015-05-17 14:00:00,340.0,506.445
2015-05-17 14:15:00,556.0,826.465
2015-05-17 14:30:00,466.0,928.32
2015-05-17 14:45:00,449.5,848.926
2015-05-17 15:00:00,462.0,746.094
2015-05-17 15:15:00,436.5,797.949
2015-05-17 15:30:00,368.5,741.504
2015-05-17 15:45:00,263.0,623.633
2015-05-17 16:00:00,294.5,470.41
2015-05-17 16:15:00,179.5,433.398
2015-05-17 16:30:00,203.0,309.18
2015-05-17 16:45:00,201.5,199.121
2015-05-17 17:00:00,143.5,366.406
2015-05-17 17:15:00,78.0,181.348
2015-05-17 17:30:00,41.5,143.164
2015-05-17 17:45:00,31.0,60.059
2015-05-17 18:00:00,29.0,53.418
2015-05-17 18:15:00,16.5,40.82
2015-05-17 18:30:00,4.0,20.313
2015-05-17 18:45:00,-1.0,4.395
2015-05-17 19:00:00,0.0,0.977
2015-05-17 19:15:00,-1.0,0.195
2015-05-17 19:30:00,-1.0,0.195
2015-05-17 19:45:00,-1.0,0.0
2015-05-17 20:00:00,0.0,0.391
2015-05-17 20:15:00,0.0,0.293
2015-05-17 20:30:00,0.0,0.0
2015-05-17 20:45:00,-1.0,0.391
2015-05-17 21:00:00,-1.0,0.293
2015-05-17 21:15:00,-1.0,0.293
2015-05-17 21:30:00,-1.0,0.293
2015-05-17 21:45:00,-1.0,0.391
2015-05-17 22:00:00,0.0,0.391
2015-05-17 22:15:00,0.0,0.391
2015-05-17 22:30:00,-1.0,0.391
2015-05-17 22:45:00,-1.0,0.195
2015-05-17 23:00:00,0.0,0.0
2015-05-17 23:15:00,0.0,0.293
2015-05-17 23:30:00,-1.0,0.391
2015-05-17 23:45:00,0.0,0.391
2015-05-18 00:00:00,-1.0,0.391
2015-05-18 00:15:00,-1.0,0.391
2015-05-18 00:30:00,-1.0,0.293
2015-05-18 00:45:00,-1.0,0.293
2015-05-18 01:00:00,-1.0,0.293
2015-05-18 01:15:00,-1.0,0.293
2015-05-18 01:30:00,-1.0,0.195
2015-05-18 01:45:00,-1.0,0.0
2015-05-18 02:00:00,-1.0,0.293
2015-05-18 02:15:00,-1.0,0.293
2015-05-18 02:30:00,-1.0,0.195
2015-05-18 02:45:00,-1.0,0.195
2015-05-18 03:00:00,-1.0,0.098
2015-05-18 03:15:00,-1.0,0.098
2015-05-18 03:30:00,-1.0,0.195
2015-05-18 03:45:00,0.0,0.098
2015-05-18 04:00:00,-1.0,0.098
2015-05-18 04:15:00,-1.0,0.0
2015-05-18 04:30:00,1.0,0.879
2015-05-18 04:45:00,-1.0,3.516
2015-05-18 05:00:00,14.0,13.867
2015-05-18 05:15:00,20.5,31.445
2015-05-18 05:30:00,25.5,35.254
2015-05-18 05:45:00,35.5,47.754
2015-05-18 06:00:00,62.5,92.773
2015-05-18 06:15:00,151.0,151.172
2015-05-18 06:30:00,176.0,275.781
2015-05-18 06:45:00,181.5,419.629
2015-05-18 07:00:00,182.0,377.734
2015-05-18 07:15:00,218.0,441.699
2015-05-18 07:30:00,120.5,300.977
2015-05-18 07:45:00,128.0,259.57
2015-05-18 08:00:00,101.5,203.711
2015-05-18 08:15:00,87.5,151.855
2015-05-18 08:30:00,81.5,111.133
2015-05-18 08:45:00,133.5,207.813
2015-05-18 09:00:00,168.5,264.551
2015-05-18 09:15:00,137.0,254.004
2015-05-18 09:30:00,119.0,206.543
2015-05-18 09:45:00,95.0,173.633
2015-05-18 10:00:00,60.5,138.184
2015-05-18 10:15:00,91.0,122.461
2015-05-18 10:30:00,149.5,201.66
2015-05-18 10:45:00,152.5,152.93
2015-05-18 11:00:00,149.0,367.871
2015-05-18 11:15:00,10.0,90.43
2015-05-18 11:30:00,13.5,18.652
2015-05-18 11:45:00,16.5,17.578
2015-05-18 12:00:00,19.5,25.781
2015-05-18 12:15:00,15.5,23.926
2015-05-18 12:30:00,18.5,22.07
2015-05-18 12:45:00,24.5,29.785
2015-05-18 13:00:00,94.5,63.77
2015-05-18 13:15:00,322.5,342.676
2015-05-18 13:30:00,235.5,421.387
2015-05-18 13:45:00,120.0,257.129
2015-05-18 14:00:00,206.5,271.875
2015-05-18 14:15:00,172.5,318.066
2015-05-18 14:30:00,201.5,298.73
2015-05-18 14:45:00,228.5,360.645
2015-05-18 15:00:00,321.5,451.172
2015-05-18 15:15:00,277.0,486.719
2015-05-18 15:30:00,176.0,364.453
2015-05-18 15:45:00,156.5,288.867
2015-05-18 16:00:00,387.0,349.512
2015-05-18 16:15:00,303.5,693.652
2015-05-18 16:30:00,159.5,419.727
2015-05-18 16:45:00,148.5,310.938
2015-05-18 17:00:00,64.5,162.5
2015-05-18 17:15:00,29.0,71.875
2015-05-18 17:30:00,19.5,38.281
2015-05-18 17:45:00,21.5,58.496
2015-05-18 18:00:00,23.5,44.336
2015-05-18 18:15:00,17.5,44.824
2015-05-18 18:30:00,6.0,22.559
2015-05-18 18:45:00,0.5,0.0
2015-05-18 19:00:00,0.0,1.074
2015-05-18 19:15:00,-1.0,0.195
2015-05-18 19:30:00,0.0,0.098
2015-05-18 19:45:00,0.0,0.195
2015-05-18 20:00:00,0.0,0.098
2015-05-18 20:15:00,-1.0,0.0
2015-05-18 20:30:00,0.0,0.098
2015-05-18 20:45:00,-1.0,0.195
2015-05-18 21:00:00,0.0,0.098
2015-05-18 21:15:00,0.0,0.0
2015-05-18 21:30:00,0.0,0.0
2015-05-18 21:45:00,0.0,0.0
2015-05-18 22:00:00,0.0,0.0
2015-05-18 22:15:00,0.0,0.0
2015-05-18 22:30:00,0.0,0.0
2015-05-18 22:45:00,-1.0,0.0
2015-05-18 23:00:00,-1.0,0.0
2015-05-18 23:15:00,-1.0,0.0
2015-05-18 23:30:00,-1.0,0.0
2015-05-18 23:45:00,-1.0,0.0
2015-05-19 00:00:00,0.0,0.0
2015-05-19 00:15:00,-1.0,0.0
2015-05-19 00:30:00,-1.0,0.0
2015-05-19 00:45:00,-1.0,0.0
2015-05-19 01:00:00,-1.0,0.0
2015-05-19 01:15:00,-1.0,0.0
2015-05-19 01:30:00,-1.0,0.098
2015-05-19 01:45:00,-1.0,0.098
2015-05-19 02:00:00,0.0,0.0
2015-05-19 02:15:00,0.0,0.098
2015-05-19 02:30:00,-1.0,0.195
2015-05-19 02:45:00,-1.0,0.098
2015-05-19 03:00:00,0.0,0.195
2015-05-19 03:15:00,-1.0,0.098
2015-05-19 03:30:00,0.0,0.098
2015-05-19 03:45:00,0.0,0.0
2015-05-19 04:00:00,-1.0,0.098
2015-05-19 04:15:00,-1.0,0.098
2015-05-19 04:30:00,2.0,1.465
2015-05-19 04:45:00,6.5,7.52
2015-05-19 05:00:00,15.5,17.383
2015-05-19 05:15:00,29.5,34.375
2015-05-19 05:30:00,49.5,89.258
2015-05-19 05:45:00,73.5,144.043
2015-05-19 06:00:00,108.0,201.563
2015-05-19 06:15:00,151.0,261.23
2015-05-19 06:30:00,189.5,318.164
2015-05-19 06:45:00,230.5,390.625
2015-05-19 07:00:00,268.5,462.207
2015-05-19 07:15:00,308.0,525.098
2015-05-19 07:30:00,342.0,590.43
2015-05-19 07:45:00,373.0,651.66
2015-05-19 08:00:00,400.5,717.285
2015-05-19 08:15:00,426.5,775.293
2015-05-19 08:30:00,452.0,835.156
2015-05-19 08:45:00,469.5,889.551
2015-05-19 09:00:00,486.0,937.305
2015-05-19 09:15:00,504.0,987.402
2015-05-19 09:30:00,518.0,1029.102
2015-05-19 09:45:00,529.0,1065.527
2015-05-19 10:00:00,538.0,1100.977
2015-05-19 10:15:00,545.0,1128.418
2015-05-19 10:30:00,551.5,1152.734
2015-05-19 10:45:00,558.0,1169.922
2015-05-19 11:00:00,559.5,1184.57
2015-05-19 11:15:00,558.5,1188.086
2015-05-19 11:30:00,567.5,1197.852
2015-05-19 11:45:00,560.5,1199.219
2015-05-19 12:00:00,569.0,1198.437
2015-05-19 12:15:00,557.5,1200.293
2015-05-19 12:30:00,566.0,1195.41
2015-05-19 12:45:00,579.5,1206.348
2015-05-19 13:00:00,103.0,1035.254
2015-05-19 13:15:00,160.5,852.637
2015-05-19 13:30:00,629.5,830.371
2015-05-19 13:45:00,569.0,1134.473
2015-05-19 14:00:00,571.0,1187.109
2015-05-19 14:15:00,514.0,1000.488
2015-05-19 14:30:00,494.5,1018.848
2015-05-19 14:45:00,468.0,1001.855
2015-05-19 15:00:00,440.0,901.66
2015-05-19 15:15:00,147.0,664.551
2015-05-19 15:30:00,369.5,728.711
2015-05-19 15:45:00,349.0,316.309
2015-05-19 16:00:00,314.5,617.969
2015-05-19 16:15:00,62.5,461.133
2015-05-19 16:30:00,237.5,204.297
2015-05-19 16:45:00,191.5,413.965
2015-05-19 17:00:00,130.0,316.602
2015-05-19 17:15:00,112.0,260.742
2015-05-19 17:30:00,76.0,204.59
2015-05-19 17:45:00,46.5,146.484
2015-05-19 18:00:00,25.5,82.324
2015-05-19 18:15:00,14.0,38.477
2015-05-19 18:30:00,6.5,18.945
2015-05-19 18:45:00,2.0,7.324
2015-05-19 19:00:00,0.0,1.758
2015-05-19 19:15:00,0.0,0.293
2015-05-19 19:30:00,0.0,0.293
2015-05-19 19:45:00,0.0,0.293
2015-05-19 20:00:00,0.0,0.293
2015-05-19 20:15:00,-1.0,0.391
2015-05-19 20:30:00,0.0,0.391
2015-05-19 20:45:00,-1.0,0.293
2015-05-19 21:00:00,-1.0,0.0
2015-05-19 21:15:00,0.0,0.391
2015-05-19 21:30:00,-1.0,0.0
2015-05-19 21:45:00,0.0,0.293
2015-05-19 22:00:00,0.0,0.195
2015-05-19 22:15:00,0.0,0.195
2015-05-19 22:30:00,-1.0,0.195
2015-05-19 22:45:00,-1.0,0.195
2015-05-19 23:00:00,-1.0,0.195
2015-05-19 23:15:00,-1.0,0.098
2015-05-19 23:30:00,0.0,0.195
2015-05-19 23:45:00,-1.0,0.098
2015-05-20 00:00:00,-1.0,0.098
2015-05-20 00:15:00,-1.0,0.195
2015-05-20 00:30:00,-1.0,0.293
2015-05-20 00:45:00,-1.0,0.195
2015-05-20 01:00:00,0.0,0.195
2015-05-20 01:15:00,0.0,0.195
2015-05-20 01:30:00,-1.0,0.098
2015-05-20 01:45:00,-1.0,0.098
2015-05-20 02:00:00,0.0,0.098
2015-05-20 02:15:00,0.0,0.0
2015-05-20 02:30:00,0.0,0.0
2015-05-20 02:45:00,-1.0,0.0
2015-05-20 03:00:00,-1.0,0.0
2015-05-20 03:15:00,-1.0,0.0
2015-05-20 03:30:00,0.0,0.0
2015-05-20 03:45:00,0.0,0.0
2015-05-20 04:00:00,-1.0,0.0
2015-05-20 04:15:00,-1.0,0.0
2015-05-20 04:30:00,1.0,0.781
2015-05-20 04:45:00,-1.0,4.883
2015-05-20 05:00:00,22.5,21.582
2015-05-20 05:15:00,35.0,52.832
2015-05-20 05:30:00,43.0,66.113
2015-05-20 05:45:00,85.0,116.699
2015-05-20 06:00:00,130.5,226.27
2015-05-20 06:15:00,185.5,291.797
2015-05-20 06:30:00,207.0,371.68
2015-05-20 06:45:00,167.0,333.301
2015-05-20 07:00:00,162.0,273.34
2015-05-20 07:15:00,220.0,340.234
2015-05-20 07:30:00,261.0,420.508
2015-05-20 07:45:00,220.5,445.41
2015-05-20 08:00:00,337.5,466.992
2015-05-20 08:15:00,390.0,649.316
2015-05-20 08:30:00,347.5,699.707
2015-05-20 08:45:00,413.0,806.543
2015-05-20 09:00:00,399.5,826.465
2015-05-20 09:15:00,425.5,811.23
2015-05-20 09:30:00,256.5,660.254
2015-05-20 09:45:00,324.0,497.852
2015-05-20 10:00:00,386.0,626.66
2015-05-20 10:15:00,316.5,587.207
2015-05-20 10:30:00,545.0,662.793
2015-05-20 10:45:00,257.0,762.988
2015-05-20 11:00:00,292.0,484.668
2015-05-20 11:15:00,317.5,691.309
2015-05-20 11:30:00,171.0,431.055
2015-05-20 11:45:00,204.5,243.555
2015-05-20 12:00:00,291.5,490.723
2015-05-20 12:15:00,303.0,622.754
2015-05-20 12:30:00,311.0,522.168
2015-05-20 12:45:00,230.5,553.125
2015-05-20 13:00:00,303.5,530.469
2015-05-20 13:15:00,600.0,1102.246
2015-05-20 13:30:00,514.0,1052.148
2015-05-20 13:45:00,530.5,1195.703
2015-05-20 14:00:00,493.0,1070.215
2015-05-20 14:15:00,480.5,993.945
2015-05-20 14:30:00,461.5,950.293
2015-05-20 14:45:00,203.0,776.172
2015-05-20 15:00:00,432.5,540.625
2015-05-20 15:15:00,418.5,824.414
2015-05-20 15:30:00,378.5,778.027
2015-05-20 15:45:00,345.5,712.305
2015-05-20 16:00:00,77.5,474.707
2015-05-20 16:15:00,78.0,224.414
2015-05-20 16:30:00,252.0,452.93
2015-05-20 16:45:00,66.5,331.641
2015-05-20 17:00:00,166.0,292.188
2015-05-20 17:15:00,141.0,322.07
2015-05-20 17:30:00,87.0,242.383
2015-05-20 17:45:00,46.5,152.637
2015-05-20 18:00:00,26.0,83.594
2015-05-20 18:15:00,12.5,39.551
2015-05-20 18:30:00,8.0,20.215
2015-05-20 18:45:00,2.5,8.887
2015-05-20 19:00:00,0.0,2.148
2015-05-20 19:15:00,-1.0,0.293
2015-05-20 19:30:00,-1.0,0.293
2015-05-20 19:45:00,-1.0,0.195
2015-05-20 20:00:00,0.0,0.0
2015-05-20 20:15:00,0.0,0.195
2015-05-20 20:30:00,-1.0,0.195
2015-05-20 20:45:00,0.0,0.293
2015-05-20 21:00:00,0.0,0.0
2015-05-20 21:15:00,0.0,0.293
2015-05-20 21:30:00,0.0,0.195
2015-05-20 21:45:00,0.0,0.391
2015-05-20 22:00:00,-1.0,0.293
2015-05-20 22:15:00,0.0,0.293
2015-05-20 22:30:00,-1.0,0.293
2015-05-20 22:45:00,-1.0,0.293
2015-05-20 23:00:00,0.0,0.195
2015-05-20 23:15:00,0.0,0.0
2015-05-20 23:30:00,0.0,0.098
2015-05-20 23:45:00,-1.0,0.195
2015-05-21 00:00:00,-1.0,0.195
2015-05-21 00:15:00,-1.0,0.195
2015-05-21 00:30:00,-1.0,0.195
2015-05-21 00:45:00,-1.0,0.098
2015-05-21 01:00:00,0.0,0.0
2015-05-21 01:15:00,-1.0,0.0
2015-05-21 01:30:00,-1.0,0.098
2015-05-21 01:45:00,-1.0,0.098
2015-05-21 02:00:00,-1.0,0.098
2015-05-21 02:15:00,-1.0,0.098
2015-05-21 02:30:00,-1.0,0.098
2015-05-21 02:45:00,0.0,0.098
2015-05-21 03:00:00,0.0,0.0
2015-05-21 03:15:00,-1.0,0.0
2015-05-21 03:30:00,0.0,0.0
2015-05-21 03:45:00,-1.0,0.0
2015-05-21 04:00:00,-1.0,0.0
2015-05-21 04:15:00,-1.0,0.0
2015-05-21 04:30:00,1.0,1.074
2015-05-21 04:45:00,4.5,5.762
2015-05-21 05:00:00,10.5,13.477
2015-05-21 05:15:00,24.5,29.59
2015-05-21 05:30:00,41.5,59.668
2015-05-21 05:45:00,74.0,131.152
2015-05-21 06:00:00,95.0,217.383
2015-05-21 06:15:00,132.5,217.383
2015-05-21 06:30:00,180.5,205.664
2015-05-21 06:45:00,233.5,393.75
2015-05-21 07:00:00,286.0,506.836
2015-05-21 07:15:00,315.0,440.918
2015-05-21 07:30:00,353.5,619.727
2015-05-21 07:45:00,350.0,597.949
2015-05-21 08:00:00,346.5,560.449
2015-05-21 08:15:00,364.5,616.309
2015-05-21 08:30:00,320.5,629.688
2015-05-21 08:45:00,479.0,984.57
2015-05-21 09:00:00,191.0,487.109
2015-05-21 09:15:00,197.5,430.273
2015-05-21 09:30:00,387.0,654.98
2015-05-21 09:45:00,581.5,960.254
2015-05-21 10:00:00,607.5,1071.68
2015-05-21 10:15:00,609.5,1033.691
2015-05-21 10:30:00,525.5,1258.887
2015-05-21 10:45:00,406.0,1082.91
2015-05-21 11:00:00,336.0,789.453
2015-05-21 11:15:00,531.5,924.414
2015-05-21 11:30:00,557.5,944.824
2015-05-21 11:45:00,634.5,953.418
2015-05-21 12:00:00,305.0,1067.676
2015-05-21 12:15:00,601.0,551.367
2015-05-21 12:30:00,292.0,1166.992
2015-05-21 12:45:00,388.5,751.465
2015-05-21 13:00:00,558.0,872.559
2015-05-21 13:15:00,631.0,1139.941
2015-05-21 13:30:00,437.0,1172.363
2015-05-21 13:45:00,600.5,901.855
2015-05-21 14:00:00,226.5,947.461
2015-05-21 14:15:00,220.5,396.484
2015-05-21 14:30:00,187.5,506.25
2015-05-21 14:45:00,147.5,270.605
2015-05-21 15:00:00,97.5,219.629
2015-05-21 15:15:00,81.5,158.887
2015-05-21 15:30:00,72.0,129.395
2015-05-21 15:45:00,93.0,122.559
2015-05-21 16:00:00,106.5,183.105
2015-05-21 16:15:00,98.5,172.363
2015-05-21 16:30:00,129.5,247.754
2015-05-21 16:45:00,191.5,263.184
2015-05-21 17:00:00,54.5,190.918
2015-05-21 17:15:00,43.0,91.992
2015-05-21 17:30:00,35.5,60.352
2015-05-21 17:45:00,18.5,45.898
2015-05-21 18:00:00,10.5,24.023
2015-05-21 18:15:00,8.0,18.75
2015-05-21 18:30:00,4.0,10.938
2015-05-21 18:45:00,-1.0,4.883
2015-05-21 19:00:00,-1.0,1.27
2015-05-21 19:15:00,-1.0,0.488
2015-05-21 19:30:00,-1.0,0.391
2015-05-21 19:45:00,0.0,0.293
2015-05-21 20:00:00,0.0,0.391
2015-05-21 20:15:00,0.0,0.293
2015-05-21 20:30:00,0.0,0.293
2015-05-21 20:45:00,0.0,0.195
2015-05-21 21:00:00,0.0,0.195
2015-05-21 21:15:00,-1.0,0.195
2015-05-21 21:30:00,0.0,0.195
2015-05-21 21:45:00,-1.0,0.098
2015-05-21 22:00:00,0.0,0.098
2015-05-21 22:15:00,-1.0,0.195
2015-05-21 22:30:00,0.0,0.098
2015-05-21 22:45:00,-1.0,0.195
2015-05-21 23:00:00,-1.0,0.195
2015-05-21 23:15:00,0.0,0.098
2015-05-21 23:30:00,-1.0,0.098
2015-05-21 23:45:00,-1.0,0.195
2015-05-22 00:00:00,0.0,0.195
2015-05-22 00:15:00,0.0,0.195
2015-05-22 00:30:00,0.0,0.195
2015-05-22 00:45:00,0.0,0.195
2015-05-22 01:00:00,-1.0,0.195
2015-05-22 01:15:00,-1.0,0.195
2015-05-22 01:30:00,0.0,0.098
2015-05-22 01:45:00,-1.0,0.195
2015-05-22 02:00:00,0.0,0.195
2015-05-22 02:15:00,-1.0,0.098
2015-05-22 02:30:00,0.0,0.195
2015-05-22 02:45:00,-1.0,0.098
2015-05-22 03:00:00,-1.0,0.0
2015-05-22 03:15:00,-1.0,0.195
2015-05-22 03:30:00,-1.0,0.098
2015-05-22 03:45:00,0.0,0.098
2015-05-22 04:00:00,-1.0,0.0
2015-05-22 04:15:00,-1.0,0.0
2015-05-22 04:30:00,1.0,1.172
2015-05-22 04:45:00,-1.0,5.566
2015-05-22 05:00:00,12.0,15.918
2015-05-22 05:15:00,33.0,40.039
2015-05-22 05:30:00,38.0,65.137
2015-05-22 05:45:00,80.0,107.52
2015-05-22 06:00:00,52.5,90.332
2015-05-22 06:15:00,155.0,153.906
2015-05-22 06:30:00,211.0,348.047
2015-05-22 06:45:00,248.0,430.664
2015-05-22 07:00:00,146.0,345.605
2015-05-22 07:15:00,158.5,271.875
2015-05-22 07:30:00,156.5,274.316
2015-05-22 07:45:00,152.5,263.672
2015-05-22 08:00:00,168.5,272.363
2015-05-22 08:15:00,180.5,291.211
2015-05-22 08:30:00,207.0,321.68
2015-05-22 08:45:00,292.0,421.777
2015-05-22 09:00:00,264.5,571.094
2015-05-22 09:15:00,330.5,493.359
2015-05-22 09:30:00,435.0,711.426
2015-05-22 09:45:00,396.5,726.27
2015-05-22 10:00:00,320.5,904.688
2015-05-22 10:15:00,517.0,679.883
2015-05-22 10:30:00,475.5,1219.531
2015-05-22 10:45:00,593.0,1028.906
2015-05-22 11:00:00,466.0,1225.879
2015-05-22 11:15:00,654.0,931.934
2015-05-22 11:30:00,544.0,1387.402
2015-05-22 11:45:00,625.0,1124.219
2015-05-22 12:00:00,628.0,1364.258
2015-05-22 12:15:00,712.5,675.293
2015-05-22 12:30:00,633.0,1325.293
2015-05-22 12:45:00,556.0,1144.531
2015-05-22 13:00:00,496.5,1197.559
2015-05-22 13:15:00,515.5,928.711
2015-05-22 13:30:00,465.0,927.148
2015-05-22 13:45:00,410.0,922.461
2015-05-22 14:00:00,432.5,883.594
2015-05-22 14:15:00,505.5,975.879
2015-05-22 14:30:00,496.5,986.328
2015-05-22 14:45:00,423.5,944.043
2015-05-22 15:00:00,449.5,836.719
2015-05-22 15:15:00,400.0,804.785
2015-05-22 15:30:00,269.0,531.641
2015-05-22 15:45:00,198.0,405.371
2015-05-22 16:00:00,128.0,322.754
2015-05-22 16:15:00,70.5,165.82
2015-05-22 16:30:00,150.5,171.094
2015-05-22 16:45:00,196.0,306.641
2015-05-22 17:00:00,69.5,277.246
2015-05-22 17:15:00,64.5,149.414
2015-05-22 17:30:00,61.0,105.664
2015-05-22 17:45:00,31.0,92.578
2015-05-22 18:00:00,23.5,49.316
2015-05-22 18:15:00,14.0,35.938
2015-05-22 18:30:00,6.0,18.75
2015-05-22 18:45:00,0.0,0.0
2015-05-22 19:00:00,0.5,1.465
2015-05-22 19:15:00,-1.0,0.098
2015-05-22 19:30:00,-1.0,0.098
2015-05-22 19:45:00,0.0,0.098
2015-05-22 20:00:00,0.0,0.098
2015-05-22 20:15:00,0.0,0.0
2015-05-22 20:30:00,-1.0,0.0
2015-05-22 20:45:00,-1.0,0.0
2015-05-22 21:00:00,0.0,0.098
2015-05-22 21:15:00,0.0,0.098
2015-05-22 21:30:00,0.0,0.0
2015-05-22 21:45:00,0.0,0.098
2015-05-22 22:00:00,0.0,0.0
2015-05-22 22:15:00,-1.0,0.098
2015-05-22 22:30:00,0.0,0.0
2015-05-22 22:45:00,0.0,0.098
2015-05-22 23:00:00,-1.0,0.098
2015-05-22 23:15:00,-1.0,0.098
2015-05-22 23:30:00,-1.0,0.0
2015-05-22 23:45:00,-1.0,0.098
2015-05-23 00:00:00,-1.0,0.098
2015-05-23 00:15:00,0.0,0.0
2015-05-23 00:30:00,0.0,0.098
2015-05-23 00:45:00,0.0,0.098
2015-05-23 01:00:00,0.0,0.0
2015-05-23 01:15:00,-1.0,0.0
2015-05-23 01:30:00,-1.0,0.098
2015-05-23 01:45:00,0.0,0.0
2015-05-23 02:00:00,0.0,0.0
2015-05-23 02:15:00,-1.0,0.0
2015-05-23 02:30:00,-1.0,0.0
2015-05-23 02:45:00,-1.0,0.0
2015-05-23 03:00:00,-1.0,0.0
2015-05-23 03:15:00,-1.0,0.0
2015-05-23 03:30:00,-1.0,0.0
2015-05-23 03:45:00,0.0,0.0
2015-05-23 04:00:00,-1.0,0.0
2015-05-23 04:15:00,-1.0,0.195
2015-05-23 04:30:00,2.5,1.27
2015-05-23 04:45:00,6.5,7.422
2015-05-23 05:00:00,14.0,17.285
2015-05-23 05:15:00,39.5,47.363
2015-05-23 05:30:00,36.0,87.988
2015-05-23 05:45:00,47.0,60.84
2015-05-23 06:00:00,76.0,137.695
2015-05-23 06:15:00,63.0,109.57
2015-05-23 06:30:00,80.0,94.824
2015-05-23 06:45:00,244.0,213.379
2015-05-23 07:00:00,153.5,267.383
2015-05-23 07:15:00,224.5,223.438
2015-05-23 07:30:00,423.0,561.23
2015-05-23 07:45:00,396.5,760.938
2015-05-23 08:00:00,418.5,764.063
2015-05-23 08:15:00,434.0,808.691
2015-05-23 08:30:00,449.5,853.223
2015-05-23 08:45:00,463.5,893.75
2015-05-23 09:00:00,485.0,952.246
2015-05-23 09:15:00,497.5,991.016
2015-05-23 09:30:00,508.5,1027.051
2015-05-23 09:45:00,525.0,1061.719
2015-05-23 10:00:00,549.0,1094.141
2015-05-23 10:15:00,560.0,1124.902
2015-05-23 10:30:00,565.0,1148.047
2015-05-23 10:45:00,567.0,1160.449
2015-05-23 11:00:00,572.0,1171.777
2015-05-23 11:15:00,610.5,1221.68
2015-05-23 11:30:00,710.0,760.645
2015-05-23 11:45:00,595.0,1223.73
2015-05-23 12:00:00,592.0,1237.793
2015-05-23 12:15:00,207.5,886.426
2015-05-23 12:30:00,712.0,529.297
2015-05-23 12:45:00,237.5,662.891
2015-05-23 13:00:00,712.5,598.34
2015-05-23 13:15:00,242.0,1073.34
2015-05-23 13:30:00,225.0,1110.547
2015-05-23 13:45:00,647.0,1300.293
2015-05-23 14:00:00,261.0,654.102
2015-05-23 14:15:00,224.0,531.348
2015-05-23 14:30:00,230.0,501.953
2015-05-23 14:45:00,189.0,431.934
2015-05-23 15:00:00,514.0,583.398
2015-05-23 15:15:00,195.5,477.441
2015-05-23 15:30:00,228.5,406.543
2015-05-23 15:45:00,143.0,501.562
2015-05-23 16:00:00,186.0,326.172
2015-05-23 16:15:00,315.0,285.352
2015-05-23 16:30:00,63.0,225.098
2015-05-23 16:45:00,93.0,131.152
2015-05-23 17:00:00,73.5,199.707
2015-05-23 17:15:00,45.0,108.691
2015-05-23 17:30:00,31.5,64.746
2015-05-23 17:45:00,16.5,43.457
2015-05-23 18:00:00,8.0,20.41
2015-05-23 18:15:00,5.0,14.258
2015-05-23 18:30:00,2.0,7.813
2015-05-23 18:45:00,0.5,3.027
2015-05-23 19:00:00,-1.0,0.684
2015-05-23 19:15:00,-1.0,0.293
2015-05-23 19:30:00,-1.0,0.195
2015-05-23 19:45:00,-1.0,0.195
2015-05-23 20:00:00,0.0,0.293
2015-05-23 20:15:00,-1.0,0.195
2015-05-23 20:30:00,-1.0,0.195
2015-05-23 20:45:00,-1.0,0.391
2015-05-23 21:00:00,0.0,0.293
2015-05-23 21:15:00,-1.0,0.391
2015-05-23 21:30:00,0.0,0.293
2015-05-23 21:45:00,0.0,0.391
2015-05-23 22:00:00,-1.0,0.391
2015-05-23 22:15:00,0.0,0.391
2015-05-23 22:30:00,0.0,0.293
2015-05-23 22:45:00,0.0,0.488
2015-05-23 23:00:00,-1.0,0.293
2015-05-23 23:15:00,0.0,0.0
2015-05-23 23:30:00,-1.0,0.293
2015-05-23 23:45:00,0.0,0.391
2015-05-24 00:00:00,0.0,0.391
2015-05-24 00:15:00,0.0,0.293
2015-05-24 00:30:00,-1.0,0.293
2015-05-24 00:45:00,-1.0,0.293
2015-05-24 01:00:00,0.0,0.195
2015-05-24 01:15:00,0.0,0.293
2015-05-24 01:30:00,-1.0,0.293
2015-05-24 01:45:00,-1.0,0.293
2015-05-24 02:00:00,0.0,0.195
2015-05-24 02:15:00,-1.0,0.098
2015-05-24 02:30:00,-1.0,0.293
2015-05-24 02:45:00,-1.0,0.195
2015-05-24 03:00:00,-1.0,0.098
2015-05-24 03:15:00,0.0,0.195
2015-05-24 03:30:00,0.0,0.195
2015-05-24 03:45:00,-1.0,0.0
2015-05-24 04:00:00,-1.0,0.195
2015-05-24 04:15:00,-1.0,0.195
2015-05-24 04:30:00,1.0,0.879
2015-05-24 04:45:00,-1.0,3.027
2015-05-24 05:00:00,8.5,9.766
2015-05-24 05:15:00,19.5,22.852
2015-05-24 05:30:00,29.0,45.898
2015-05-24 05:45:00,46.5,65.43
2015-05-24 06:00:00,49.5,95.898
2015-05-24 06:15:00,39.5,78.516
2015-05-24 06:30:00,56.0,89.258
2015-05-24 06:45:00,57.0,103.711
2015-05-24 07:00:00,73.5,120.313
2015-05-24 07:15:00,87.0,152.246
2015-05-24 07:30:00,93.5,164.453
2015-05-24 07:45:00,144.0,219.141
2015-05-24 08:00:00,159.0,254.395
2015-05-24 08:15:00,162.0,273.926
2015-05-24 08:30:00,158.5,267.285
2015-05-24 08:45:00,198.0,295.801
2015-05-24 09:00:00,215.0,350.977
2015-05-24 09:15:00,202.5,362.305
2015-05-24 09:30:00,217.0,350.293
2015-05-24 09:45:00,229.5,383.008
2015-05-24 10:00:00,712.0,648.047
2015-05-24 10:15:00,636.5,1221.777
2015-05-24 10:30:00,558.5,1266.699
2015-05-24 10:45:00,574.0,1206.641
2015-05-24 11:00:00,568.0,1209.766
2015-05-24 11:15:00,573.0,1220.215
2015-05-24 11:30:00,575.5,1249.805
2015-05-24 11:45:00,589.5,1305.469
2015-05-24 12:00:00,600.5,1424.023
2015-05-24 12:15:00,192.0,884.57
2015-05-24 12:30:00,270.0,552.734
2015-05-24 12:45:00,216.0,486.23
2015-05-24 13:00:00,135.0,374.805
2015-05-24 13:15:00,227.0,313.086
2015-05-24 13:30:00,287.5,366.504
2015-05-24 13:45:00,237.5,874.805
2015-05-24 14:00:00,499.5,1054.395
2015-05-24 14:15:00,513.0,979.59
2015-05-24 14:30:00,472.5,993.555
2015-05-24 14:45:00,447.5,878.125
2015-05-24 15:00:00,421.0,817.48
2015-05-24 15:15:00,400.0,765.625
2015-05-24 15:30:00,108.5,421.094
2015-05-24 15:45:00,128.5,212.793
2015-05-24 16:00:00,84.0,181.836
2015-05-24 16:15:00,101.5,147.852
2015-05-24 16:30:00,191.0,246.289
2015-05-24 16:45:00,290.0,582.031
2015-05-24 17:00:00,176.5,462.598
2015-05-24 17:15:00,124.0,294.629
2015-05-24 17:30:00,104.5,244.141
2015-05-24 17:45:00,72.5,170.313
2015-05-24 18:00:00,17.5,66.406
2015-05-24 18:15:00,10.0,26.563
2015-05-24 18:30:00,6.5,16.504
2015-05-24 18:45:00,0.0,5.957
2015-05-24 19:00:00,-1.0,0.684
2015-05-24 19:15:00,-1.0,0.293
2015-05-24 19:30:00,-1.0,0.293
2015-05-24 19:45:00,-1.0,0.098
2015-05-24 20:00:00,-1.0,0.195
2015-05-24 20:15:00,-1.0,0.195
2015-05-24 20:30:00,-1.0,0.195
2015-05-24 20:45:00,0.0,0.195
2015-05-24 21:00:00,-1.0,0.195
2015-05-24 21:15:00,-1.0,0.293
2015-05-24 21:30:00,0.0,0.293
2015-05-24 21:45:00,0.0,0.195
2015-05-24 22:00:00,-1.0,0.195
2015-05-24 22:15:00,-1.0,0.0
2015-05-24 22:30:00,-1.0,0.195
2015-05-24 22:45:00,-1.0,0.195
2015-05-24 23:00:00,0.0,0.098
2015-05-24 23:15:00,-1.0,0.098
2015-05-24 23:30:00,0.0,0.0
2015-05-24 23:45:00,-1.0,0.098
2015-05-25 00:00:00,-1.0,0.098
2015-05-25 00:15:00,-1.0,0.098
2015-05-25 00:30:00,-1.0,0.098
2015-05-25 00:45:00,0.0,0.0
2015-05-25 01:00:00,0.0,0.098
2015-05-25 01:15:00,-1.0,0.098
2015-05-25 01:30:00,-1.0,0.098
2015-05-25 01:45:00,-1.0,0.098
2015-05-25 02:00:00,-1.0,0.098
2015-05-25 02:15:00,-1.0,0.098
2015-05-25 02:30:00,-1.0,0.098
2015-05-25 02:45:00,0.0,0.195
2015-05-25 03:00:00,-1.0,0.0
2015-05-25 03:15:00,-1.0,0.293
2015-05-25 03:30:00,-1.0,0.098
2015-05-25 03:45:00,-1.0,0.098
2015-05-25 04:00:00,-1.0,0.195
2015-05-25 04:15:00,-1.0,0.293
2015-05-25 04:30:00,2.5,1.758
2015-05-25 04:45:00,7.0,8.691
2015-05-25 05:00:00,14.5,16.211
2015-05-25 05:15:00,29.0,42.48
2015-05-25 05:30:00,48.5,95.605
2015-05-25 05:45:00,74.5,156.445
2015-05-25 06:00:00,110.5,213.477
2015-05-25 06:15:00,152.5,272.266
2015-05-25 06:30:00,191.5,334.766
2015-05-25 06:45:00,229.5,398.145
2015-05-25 07:00:00,269.0,469.043
2015-05-25 07:15:00,309.5,530.566
2015-05-25 07:30:00,344.5,595.117
2015-05-25 07:45:00,373.5,656.543
2015-05-25 08:00:00,403.5,717.773
2015-05-25 08:15:00,427.5,777.246
2015-05-25 08:30:00,452.0,833.398
2015-05-25 08:45:00,470.5,886.914
2015-05-25 09:00:00,486.5,936.328
2015-05-25 09:15:00,499.5,981.738
2015-05-25 09:30:00,512.0,1022.949
2015-05-25 09:45:00,529.0,1060.254
2015-05-25 10:00:00,534.5,1093.164
2015-05-25 10:15:00,545.0,1121.387
2015-05-25 10:30:00,548.0,1141.797
2015-05-25 10:45:00,551.5,1163.77
2015-05-25 11:00:00,556.0,1184.668
2015-05-25 11:15:00,558.5,1173.047
2015-05-25 11:30:00,577.0,1261.133
2015-05-25 11:45:00,585.0,1338.965
2015-05-25 12:00:00,682.0,916.602
2015-05-25 12:15:00,639.0,1366.504
2015-05-25 12:30:00,218.5,1390.82
2015-05-25 12:45:00,704.5,576.758
2015-05-25 13:00:00,281.0,808.594
2015-05-25 13:15:00,556.5,1005.469
2015-05-25 13:30:00,492.0,1058.301
2015-05-25 13:45:00,521.5,984.473
2015-05-25 14:00:00,502.5,1059.473
2015-05-25 14:15:00,520.0,933.203
2015-05-25 14:30:00,446.5,925.293
2015-05-25 14:45:00,427.5,886.23
2015-05-25 15:00:00,405.5,791.699
2015-05-25 15:15:00,379.0,771.484
2015-05-25 15:30:00,349.0,704.785
2015-05-25 15:45:00,317.0,639.844
2015-05-25 16:00:00,289.5,577.246
2015-05-25 16:15:00,255.5,516.699
2015-05-25 16:30:00,220.5,251.172
2015-05-25 16:45:00,180.5,387.109
2015-05-25 17:00:00,147.0,320.996
2015-05-25 17:15:00,112.5,261.328
2015-05-25 17:30:00,77.5,203.125
2015-05-25 17:45:00,47.0,147.07
2015-05-25 18:00:00,25.5,78.223
2015-05-25 18:15:00,14.0,39.16
2015-05-25 18:30:00,6.0,19.629
2015-05-25 18:45:00,2.0,7.813
2015-05-25 19:00:00,0.5,2.441
2015-05-25 19:15:00,-1.0,0.488
2015-05-25 19:30:00,-1.0,0.293
2015-05-25 19:45:00,-1.0,0.391
2015-05-25 20:00:00,0.0,0.293
2015-05-25 20:15:00,0.0,0.391
2015-05-25 20:30:00,0.0,0.195
2015-05-25 20:45:00,0.0,0.195
2015-05-25 21:00:00,0.0,0.195
2015-05-25 21:15:00,0.0,0.293
2015-05-25 21:30:00,0.0,0.195
2015-05-25 21:45:00,0.0,0.195
2015-05-25 22:00:00,-1.0,0.195
2015-05-25 22:15:00,0.0,0.195
2015-05-25 22:30:00,0.0,0.195
2015-05-25 22:45:00,-1.0,0.195
2015-05-25 23:00:00,-1.0,0.293
2015-05-25 23:15:00,0.0,0.195
2015-05-25 23:30:00,0.0,0.195
2015-05-25 23:45:00,0.0,0.391
2015-05-26 00:00:00,0.0,0.293
2015-05-26 00:15:00,0.0,0.0
2015-05-26 00:30:00,-1.0,0.293
2015-05-26 00:45:00,-1.0,0.293
2015-05-26 01:00:00,-1.0,0.293
2015-05-26 01:15:00,-1.0,0.391
2015-05-26 01:30:00,0.0,0.391
2015-05-26 01:45:00,-1.0,0.391
2015-05-26 02:00:00,0.0,0.391
2015-05-26 02:15:00,-1.0,0.391
2015-05-26 02:30:00,0.0,0.293
2015-05-26 02:45:00,-1.0,0.195
2015-05-26 03:00:00,0.0,0.293
2015-05-26 03:15:00,-1.0,0.293
2015-05-26 03:30:00,-1.0,0.195
2015-05-26 03:45:00,-1.0,0.195
2015-05-26 04:00:00,-1.0,0.293
2015-05-26 04:15:00,-1.0,0.488
2015-05-26 04:30:00,2.5,2.246
2015-05-26 04:45:00,8.0,10.059
2015-05-26 05:00:00,17.5,19.922
2015-05-26 05:15:00,29.5,42.871
2015-05-26 05:30:00,43.5,92.773
2015-05-26 05:45:00,65.0,145.996
2015-05-26 06:00:00,94.5,201.66
2015-05-26 06:15:00,132.5,267.48
2015-05-26 06:30:00,186.5,331.348
2015-05-26 06:45:00,222.5,398.34
2015-05-26 07:00:00,263.5,467.383
2015-05-26 07:15:00,303.0,527.93
2015-05-26 07:30:00,337.5,594.238
2015-05-26 07:45:00,365.0,656.641
2015-05-26 08:00:00,392.5,715.137
2015-05-26 08:15:00,417.5,775.586
2015-05-26 08:30:00,438.5,833.301
2015-05-26 08:45:00,459.0,889.355
2015-05-26 09:00:00,477.0,939.746
2015-05-26 09:15:00,494.5,985.645
2015-05-26 09:30:00,507.5,1027.734
2015-05-26 09:45:00,515.0,1067.969
2015-05-26 10:00:00,528.5,1101.563
2015-05-26 10:15:00,538.0,1130.664
2015-05-26 10:30:00,544.0,1150.781
2015-05-26 10:45:00,549.0,1168.457
2015-05-26 11:00:00,554.0,1182.422
2015-05-26 11:15:00,557.5,1192.773
2015-05-26 11:30:00,558.0,1195.703
2015-05-26 11:45:00,556.5,1194.043
2015-05-26 12:00:00,548.0,1186.23
2015-05-26 12:15:00,554.5,1192.871
2015-05-26 12:30:00,544.5,1181.152
2015-05-26 12:45:00,542.0,1171.484
2015-05-26 13:00:00,533.0,1152.246
2015-05-26 13:15:00,529.5,1130.957
2015-05-26 13:30:00,503.5,1099.512
2015-05-26 13:45:00,494.0,1054.688
2015-05-26 14:00:00,481.0,1026.953
2015-05-26 14:15:00,463.0,975.781
2015-05-26 14:30:00,454.5,930.078
2015-05-26 14:45:00,454.5,898.926
2015-05-26 15:00:00,425.0,884.961
2015-05-26 15:15:00,413.5,835.645
2015-05-26 15:30:00,385.0,769.727
2015-05-26 15:45:00,105.5,325.391
2015-05-26 16:00:00,120.0,198.438
2015-05-26 16:15:00,114.5,246.777
2015-05-26 16:30:00,91.0,171.68
2015-05-26 16:45:00,85.5,273.926
2015-05-26 17:00:00,66.5,136.133
2015-05-26 17:15:00,56.5,154.59
2015-05-26 17:30:00,82.0,104.102
2015-05-26 17:45:00,65.0,177.441
2015-05-26 18:00:00,39.5,106.641
2015-05-26 18:15:00,22.0,59.473
2015-05-26 18:30:00,13.5,38.184
2015-05-26 18:45:00,2.5,16.895
2015-05-26 19:00:00,-1.0,4.004
2015-05-26 19:15:00,-1.0,0.684
2015-05-26 19:30:00,0.0,0.391
2015-05-26 19:45:00,0.0,0.391
2015-05-26 20:00:00,-1.0,0.293
2015-05-26 20:15:00,0.0,0.293
2015-05-26 20:30:00,-1.0,0.391
2015-05-26 20:45:00,0.0,0.293
2015-05-26 21:00:00,-1.0,0.293
2015-05-26 21:15:00,0.0,0.293
2015-05-26 21:30:00,0.0,0.293
2015-05-26 21:45:00,0.0,0.293
2015-05-26 22:00:00,0.0,0.391
2015-05-26 22:15:00,-1.0,0.293
2015-05-26 22:30:00,0.0,0.293
2015-05-26 22:45:00,-1.0,0.195
2015-05-26 23:00:00,-1.0,0.293
2015-05-26 23:15:00,-1.0,0.0
2015-05-26 23:30:00,-1.0,0.195
2015-05-26 23:45:00,0.0,0.391
2015-05-27 00:00:00,-1.0,0.391
2015-05-27 00:15:00,-1.0,0.0
2015-05-27 00:30:00,-1.0,0.391
2015-05-27 00:45:00,0.0,0.391
2015-05-27 01:00:00,-1.0,0.391
2015-05-27 01:15:00,-1.0,0.391
2015-05-27 01:30:00,-1.0,0.391
2015-05-27 01:45:00,-1.0,0.293
2015-05-27 02:00:00,-1.0,0.293
2015-05-27 02:15:00,-1.0,0.293
2015-05-27 02:30:00,-1.0,0.293
2015-05-27 02:45:00,0.0,0.195
2015-05-27 03:00:00,0.0,0.293
2015-05-27 03:15:00,-1.0,0.195
2015-05-27 03:30:00,-1.0,0.195
2015-05-27 03:45:00,-1.0,0.195
2015-05-27 04:00:00,-1.0,0.098
2015-05-27 04:15:00,-1.0,0.488
2015-05-27 04:30:00,3.0,3.223
2015-05-27 04:45:00,10.0,13.086
2015-05-27 05:00:00,18.0,25.0
2015-05-27 05:15:00,33.0,50.488
2015-05-27 05:30:00,49.0,94.238
2015-05-27 05:45:00,81.0,163.574
2015-05-27 06:00:00,113.0,221.484
2015-05-27 06:15:00,142.0,270.02
2015-05-27 06:30:00,89.0,298.926
2015-05-27 06:45:00,210.5,395.02
2015-05-27 07:00:00,245.0,456.543
2015-05-27 07:15:00,301.5,523.828
2015-05-27 07:30:00,198.0,595.801
2015-05-27 07:45:00,379.0,625.684
2015-05-27 08:00:00,403.5,738.477
2015-05-27 08:15:00,431.0,791.113
2015-05-27 08:30:00,448.5,857.715
2015-05-27 08:45:00,469.0,914.648
2015-05-27 09:00:00,449.5,972.363
2015-05-27 09:15:00,497.5,989.355
2015-05-27 09:30:00,511.5,1057.031
2015-05-27 09:45:00,524.5,1085.742
2015-05-27 10:00:00,544.5,1117.383
2015-05-27 10:15:00,548.5,1176.172
2015-05-27 10:30:00,549.0,1199.707
2015-05-27 10:45:00,559.5,1209.082
2015-05-27 11:00:00,553.5,1214.355
2015-05-27 11:15:00,558.5,1213.867
2015-05-27 11:30:00,563.5,1217.09
2015-05-27 11:45:00,565.0,1216.016
2015-05-27 12:00:00,558.0,1212.207
2015-05-27 12:15:00,535.0,1203.906
2015-05-27 12:30:00,534.5,1190.137
2015-05-27 12:45:00,533.0,1179.98
2015-05-27 13:00:00,527.0,1162.012
2015-05-27 13:15:00,518.0,1135.352
2015-05-27 13:30:00,515.0,1103.223
2015-05-27 13:45:00,495.0,1066.211
2015-05-27 14:00:00,480.5,1021.777
2015-05-27 14:15:00,464.0,984.277
2015-05-27 14:30:00,448.0,940.039
2015-05-27 14:45:00,432.0,884.668
2015-05-27 15:00:00,403.5,828.906
2015-05-27 15:15:00,377.0,770.703
2015-05-27 15:30:00,354.0,717.188
2015-05-27 15:45:00,322.5,655.469
2015-05-27 16:00:00,287.5,590.625
2015-05-27 16:15:00,254.0,525.098
2015-05-27 16:30:00,215.0,460.449
2015-05-27 16:45:00,182.0,395.703
2015-05-27 17:00:00,147.5,332.129
2015-05-27 17:15:00,112.5,269.141
2015-05-27 17:30:00,79.5,209.766
2015-05-27 17:45:00,51.0,154.883
2015-05-27 18:00:00,27.5,91.797
2015-05-27 18:15:00,12.0,43.848
2015-05-27 18:30:00,6.0,19.141
2015-05-27 18:45:00,3.0,11.133
2015-05-27 19:00:00,-1.0,3.906
2015-05-27 19:15:00,-1.0,0.781
2015-05-27 19:30:00,0.0,0.488
2015-05-27 19:45:00,-1.0,0.488
2015-05-27 20:00:00,-1.0,0.391
2015-05-27 20:15:00,0.0,0.293
2015-05-27 20:30:00,0.0,0.293
2015-05-27 20:45:00,0.0,0.293
2015-05-27 21:00:00,-1.0,0.293
2015-05-27 21:15:00,0.0,0.293
2015-05-27 21:30:00,-1.0,0.293
2015-05-27 21:45:00,-1.0,0.293
2015-05-27 22:00:00,-1.0,0.195
2015-05-27 22:15:00,-1.0,0.293
2015-05-27 22:30:00,0.0,0.195
2015-05-27 22:45:00,0.0,0.195
2015-05-27 23:00:00,-1.0,0.195
2015-05-27 23:15:00,0.0,0.0
2015-05-27 23:30:00,0.0,0.293
2015-05-27 23:45:00,0.0,0.0
2015-05-28 00:00:00,-1.0,0.195
2015-05-28 00:15:00,-1.0,0.293
2015-05-28 00:30:00,-1.0,0.391
2015-05-28 00:45:00,-1.0,0.391
2015-05-28 01:00:00,-1.0,0.0
2015-05-28 01:15:00,-1.0,0.391
2015-05-28 01:30:00,-1.0,0.293
2015-05-28 01:45:00,0.0,0.391
2015-05-28 02:00:00,0.0,0.293
2015-05-28 02:15:00,0.0,0.391
2015-05-28 02:30:00,0.0,0.391
2015-05-28 02:45:00,-1.0,0.293
2015-05-28 03:00:00,-1.0,0.391
2015-05-28 03:15:00,0.0,0.293
2015-05-28 03:30:00,0.0,0.391
2015-05-28 03:45:00,-1.0,0.293
2015-05-28 04:00:00,-1.0,0.195
2015-05-28 04:15:00,-1.0,0.586
2015-05-28 04:30:00,0.0,3.125
2015-05-28 04:45:00,8.0,10.742
2015-05-28 05:00:00,16.5,19.531
2015-05-28 05:15:00,29.0,44.824
2015-05-28 05:30:00,47.0,100.293
2015-05-28 05:45:00,68.5,162.695
2015-05-28 06:00:00,97.0,218.75
2015-05-28 06:15:00,128.5,278.32
2015-05-28 06:30:00,184.0,341.992
2015-05-28 06:45:00,224.0,406.152
2015-05-28 07:00:00,263.5,475.781
2015-05-28 07:15:00,301.0,539.063
2015-05-28 07:30:00,336.0,605.371
2015-05-28 07:45:00,370.5,670.215
2015-05-28 08:00:00,394.5,729.492
2015-05-28 08:15:00,419.5,788.574
2015-05-28 08:30:00,439.0,845.02
2015-05-28 08:45:00,453.5,899.414
2015-05-28 09:00:00,473.5,950.0
2015-05-28 09:15:00,488.0,996.777
2015-05-28 09:30:00,503.5,1037.109
2015-05-28 09:45:00,513.5,1073.926
2015-05-28 10:00:00,522.0,1107.422
2015-05-28 10:15:00,528.5,1135.84
2015-05-28 10:30:00,535.0,1157.91
2015-05-28 10:45:00,533.5,1174.902
2015-05-28 11:00:00,545.0,1187.891
2015-05-28 11:15:00,544.5,1197.363
2015-05-28 11:30:00,545.0,1199.805
2015-05-28 11:45:00,549.0,1205.664
2015-05-28 12:00:00,540.5,1206.934
2015-05-28 12:15:00,546.0,1200.098
2015-05-28 12:30:00,541.0,1189.648
2015-05-28 12:45:00,536.5,1174.121
2015-05-28 13:00:00,523.0,1145.02
2015-05-28 13:15:00,516.0,1112.695
2015-05-28 13:30:00,503.5,1100.684
2015-05-28 13:45:00,491.0,1068.75
2015-05-28 14:00:00,472.5,1032.91
2015-05-28 14:15:00,469.5,904.297
2015-05-28 14:30:00,450.0,952.539
2015-05-28 14:45:00,422.5,874.121
2015-05-28 15:00:00,376.5,797.852
2015-05-28 15:15:00,359.5,746.191
2015-05-28 15:30:00,360.0,706.055
2015-05-28 15:45:00,240.0,618.555
2015-05-28 16:00:00,288.5,538.77
2015-05-28 16:15:00,192.0,398.73
2015-05-28 16:30:00,262.5,414.063
2015-05-28 16:45:00,143.5,370.801
2015-05-28 17:00:00,114.5,262.5
2015-05-28 17:15:00,60.0,139.844
2015-05-28 17:30:00,54.5,100.391
2015-05-28 17:45:00,47.0,93.75
2015-05-28 18:00:00,39.5,88.867
2015-05-28 18:15:00,22.0,61.719
2015-05-28 18:30:00,12.0,36.816
2015-05-28 18:45:00,2.5,15.43
2015-05-28 19:00:00,-1.0,2.539
2015-05-28 19:15:00,-1.0,0.781
2015-05-28 19:30:00,-1.0,0.488
2015-05-28 19:45:00,0.0,0.586
2015-05-28 20:00:00,-1.0,0.488
2015-05-28 20:15:00,0.0,0.488
2015-05-28 20:30:00,0.0,0.391
2015-05-28 20:45:00,0.0,0.391
2015-05-28 21:00:00,0.0,0.391
2015-05-28 21:15:00,0.0,0.391
2015-05-28 21:30:00,0.0,0.391
2015-05-28 21:45:00,0.0,0.391
2015-05-28 22:00:00,0.0,0.391
2015-05-28 22:15:00,0.0,0.293
2015-05-28 22:30:00,0.0,0.293
2015-05-28 22:45:00,-1.0,0.391
2015-05-28 23:00:00,-1.0,0.0
2015-05-28 23:15:00,0.0,0.293
2015-05-28 23:30:00,-1.0,0.293
2015-05-28 23:45:00,-1.0,0.293
2015-05-29 00:00:00,-1.0,0.293
2015-05-29 00:15:00,0.0,0.293
2015-05-29 00:30:00,-1.0,0.195
2015-05-29 00:45:00,-1.0,0.195
2015-05-29 01:00:00,-1.0,0.195
2015-05-29 01:15:00,-1.0,0.195
2015-05-29 01:30:00,-1.0,0.195
2015-05-29 01:45:00,0.0,0.195
2015-05-29 02:00:00,-1.0,0.195
2015-05-29 02:15:00,-1.0,0.195
2015-05-29 02:30:00,-1.0,0.0
2015-05-29 02:45:00,0.0,0.195
2015-05-29 03:00:00,-1.0,0.195
2015-05-29 03:15:00,-1.0,0.293
2015-05-29 03:30:00,-1.0,0.293
2015-05-29 03:45:00,-1.0,0.195
2015-05-29 04:00:00,-1.0,0.293
2015-05-29 04:15:00,-1.0,0.488
2015-05-29 04:30:00,2.5,2.832
2015-05-29 04:45:00,8.0,8.887
2015-05-29 05:00:00,15.5,20.508
2015-05-29 05:15:00,29.5,45.508
2015-05-29 05:30:00,45.0,98.926
2015-05-29 05:45:00,67.5,158.691
2015-05-29 06:00:00,95.5,214.941
2015-05-29 06:15:00,126.0,274.023
2015-05-29 06:30:00,159.5,336.719
2015-05-29 06:45:00,197.0,400.879
2015-05-29 07:00:00,255.0,470.605
2015-05-29 07:15:00,293.5,533.301
2015-05-29 07:30:00,328.0,597.949
2015-05-29 07:45:00,363.5,661.816
2015-05-29 08:00:00,390.0,723.633
2015-05-29 08:15:00,418.5,782.813
2015-05-29 08:30:00,438.5,840.918
2015-05-29 08:45:00,455.5,895.117
2015-05-29 09:00:00,473.5,945.801
2015-05-29 09:15:00,490.5,992.48
2015-05-29 09:30:00,504.0,1035.645
2015-05-29 09:45:00,507.5,1076.758
2015-05-29 10:00:00,517.0,1109.57
2015-05-29 10:15:00,525.5,1137.305
2015-05-29 10:30:00,533.0,1159.668
2015-05-29 10:45:00,526.5,1177.93
2015-05-29 11:00:00,527.0,1191.016
2015-05-29 11:15:00,529.5,1202.246
2015-05-29 11:30:00,522.0,1205.078
2015-05-29 11:45:00,540.5,1205.859
2015-05-29 12:00:00,533.5,1207.422
2015-05-29 12:15:00,515.5,1202.539
2015-05-29 12:30:00,517.5,1193.164
2015-05-29 12:45:00,509.5,1177.637
2015-05-29 13:00:00,500.5,1156.934
2015-05-29 13:15:00,496.0,1135.547
2015-05-29 13:30:00,500.0,1103.613
2015-05-29 13:45:00,478.5,1070.508
2015-05-29 14:00:00,473.0,1033.105
2015-05-29 14:15:00,453.5,984.766
2015-05-29 14:30:00,434.5,937.402
2015-05-29 14:45:00,416.5,884.473
2015-05-29 15:00:00,395.5,829.883
2015-05-29 15:15:00,363.5,767.969
2015-05-29 15:30:00,342.5,709.668
2015-05-29 15:45:00,314.5,649.512
2015-05-29 16:00:00,280.5,586.621
2015-05-29 16:15:00,251.5,528.32
2015-05-29 16:30:00,209.5,470.703
2015-05-29 16:45:00,177.5,387.891
2015-05-29 17:00:00,149.5,326.27
2015-05-29 17:15:00,108.5,268.848
2015-05-29 17:30:00,82.0,221.875
2015-05-29 17:45:00,58.0,162.891
2015-05-29 18:00:00,34.0,100.098
2015-05-29 18:15:00,22.0,61.133
2015-05-29 18:30:00,9.0,30.957
2015-05-29 18:45:00,2.5,13.086
2015-05-29 19:00:00,-1.0,2.734
2015-05-29 19:15:00,-1.0,0.684
2015-05-29 19:30:00,0.0,0.586
2015-05-29 19:45:00,-1.0,0.586
2015-05-29 20:00:00,0.0,0.586
2015-05-29 20:15:00,0.0,0.684
2015-05-29 20:30:00,-1.0,0.0
2015-05-29 20:45:00,0.0,0.586
2015-05-29 21:00:00,0.0,0.488
2015-05-29 21:15:00,-1.0,0.488
2015-05-29 21:30:00,0.0,0.488
2015-05-29 21:45:00,-1.0,0.0
2015-05-29 22:00:00,0.0,0.488
2015-05-29 22:15:00,0.0,0.293
2015-05-29 22:30:00,0.0,0.293
2015-05-29 22:45:00,0.0,0.195
2015-05-29 23:00:00,0.0,0.293
2015-05-29 23:15:00,-1.0,0.195
2015-05-29 23:30:00,0.0,0.293
2015-05-29 23:45:00,-1.0,0.195
2015-05-30 00:00:00,-1.0,0.195
2015-05-30 00:15:00,-1.0,0.195
2015-05-30 00:30:00,0.0,0.293
2015-05-30 00:45:00,-1.0,0.0
2015-05-30 01:00:00,0.0,0.293
2015-05-30 01:15:00,-1.0,0.098
2015-05-30 01:30:00,0.0,0.195
2015-05-30 01:45:00,-1.0,0.195
2015-05-30 02:00:00,-1.0,0.0
2015-05-30 02:15:00,0.0,0.293
2015-05-30 02:30:00,0.0,0.293
2015-05-30 02:45:00,-1.0,0.293
2015-05-30 03:00:00,0.0,0.293
2015-05-30 03:15:00,0.0,0.293
2015-05-30 03:30:00,-1.0,0.293
2015-05-30 03:45:00,-1.0,0.195
2015-05-30 04:00:00,-1.0,0.0
2015-05-30 04:15:00,-1.0,0.684
2015-05-30 04:30:00,-1.0,3.809
2015-05-30 04:45:00,9.0,11.719
2015-05-30 05:00:00,16.5,21.973
2015-05-30 05:15:00,33.5,49.707
2015-05-30 05:30:00,54.0,111.621
2015-05-30 05:45:00,78.5,176.367
2015-05-30 06:00:00,113.0,232.129
2015-05-30 06:15:00,151.5,282.617
2015-05-30 06:30:00,189.5,342.48
2015-05-30 06:45:00,223.0,413.867
2015-05-30 07:00:00,263.5,491.699
2015-05-30 07:15:00,299.0,549.902
2015-05-30 07:30:00,335.0,614.648
2015-05-30 07:45:00,363.0,681.348
2015-05-30 08:00:00,388.5,742.773
2015-05-30 08:15:00,411.5,802.637
2015-05-30 08:30:00,430.0,859.375
2015-05-30 08:45:00,450.0,910.645
2015-05-30 09:00:00,467.0,966.113
2015-05-30 09:15:00,477.5,1013.574
2015-05-30 09:30:00,489.0,1045.508
2015-05-30 09:45:00,500.5,1086.133
2015-05-30 10:00:00,507.5,1132.031
2015-05-30 10:15:00,517.0,1139.453
2015-05-30 10:30:00,513.0,1185.352
2015-05-30 10:45:00,540.0,1167.383
2015-05-30 11:00:00,515.5,1209.277
2015-05-30 11:15:00,529.0,1193.457
2015-05-30 11:30:00,516.0,1200.488
2015-05-30 11:45:00,503.5,1172.461
2015-05-30 12:00:00,523.0,1202.539
2015-05-30 12:15:00,500.0,1214.941
2015-05-30 12:30:00,491.0,1109.473
2015-05-30 12:45:00,466.0,1151.563
2015-05-30 13:00:00,492.0,1127.539
2015-05-30 13:15:00,475.5,1063.77
2015-05-30 13:30:00,487.0,957.227
2015-05-30 13:45:00,477.5,1098.242
2015-05-30 14:00:00,415.5,951.855
2015-05-30 14:15:00,396.5,914.551
2015-05-30 14:30:00,259.5,678.711
2015-05-30 14:45:00,299.5,573.633
2015-05-30 15:00:00,415.0,637.402
2015-05-30 15:15:00,419.5,864.941
2015-05-30 15:30:00,348.0,799.023
2015-05-30 15:45:00,338.0,647.168
2015-05-30 16:00:00,272.0,606.543
2015-05-30 16:15:00,249.5,470.605
2015-05-30 16:30:00,166.0,477.539
2015-05-30 16:45:00,167.0,277.832
2015-05-30 17:00:00,143.5,284.57
2015-05-30 17:15:00,86.0,219.727
2015-05-30 17:30:00,63.0,135.352
2015-05-30 17:45:00,60.5,124.707
2015-05-30 18:00:00,50.5,107.715
2015-05-30 18:15:00,33.5,90.332
2015-05-30 18:30:00,18.0,52.051
2015-05-30 18:45:00,4.5,22.461
2015-05-30 19:00:00,0.0,6.445
2015-05-30 19:15:00,-1.0,1.27
2015-05-30 19:30:00,0.0,0.488
2015-05-30 19:45:00,0.0,0.488
2015-05-30 20:00:00,-1.0,0.586
2015-05-30 20:15:00,-1.0,0.586
2015-05-30 20:30:00,-1.0,0.586
2015-05-30 20:45:00,0.0,0.586
2015-05-30 21:00:00,-1.0,0.488
2015-05-30 21:15:00,0.0,0.488
2015-05-30 21:30:00,0.0,0.488
2015-05-30 21:45:00,-1.0,0.391
2015-05-30 22:00:00,-1.0,0.488
2015-05-30 22:15:00,0.0,0.391
2015-05-30 22:30:00,0.0,0.391
2015-05-30 22:45:00,0.0,0.391
2015-05-30 23:00:00,-1.0,0.391
2015-05-30 23:15:00,0.0,0.391
2015-05-30 23:30:00,-1.0,0.293
2015-05-30 23:45:00,-1.0,0.293
2015-05-31 00:00:00,0.0,0.293
2015-05-31 00:15:00,-1.0,0.195
2015-05-31 00:30:00,-1.0,0.293
2015-05-31 00:45:00,-1.0,0.293
2015-05-31 01:00:00,0.0,0.293
2015-05-31 01:15:00,-1.0,0.293
2015-05-31 01:30:00,-1.0,0.293
2015-05-31 01:45:00,0.0,0.391
2015-05-31 02:00:00,-1.0,0.293
2015-05-31 02:15:00,0.0,0.293
2015-05-31 02:30:00,-1.0,0.293
2015-05-31 02:45:00,0.0,0.391
2015-05-31 03:00:00,-1.0,0.391
2015-05-31 03:15:00,-1.0,0.293
2015-05-31 03:30:00,-1.0,0.293
2015-05-31 03:45:00,-1.0,0.0
2015-05-31 04:00:00,-1.0,0.293
2015-05-31 04:15:00,-1.0,0.586
2015-05-31 04:30:00,-1.0,2.734
2015-05-31 04:45:00,8.0,9.277
2015-05-31 05:00:00,14.0,16.016
2015-05-31 05:15:00,29.0,46.582
2015-05-31 05:30:00,45.5,107.91
2015-05-31 05:45:00,76.0,174.219
2015-05-31 06:00:00,100.5,226.66
2015-05-31 06:15:00,151.5,289.355
2015-05-31 06:30:00,190.0,358.789
2015-05-31 06:45:00,226.5,419.238
2015-05-31 07:00:00,269.0,496.387
2015-05-31 07:15:00,302.0,559.766
2015-05-31 07:30:00,337.5,625.586
2015-05-31 07:45:00,363.0,688.77
2015-05-31 08:00:00,390.5,747.168
2015-05-31 08:15:00,413.0,807.227
2015-05-31 08:30:00,430.5,863.574
2015-05-31 08:45:00,449.5,917.676
2015-05-31 09:00:00,466.0,966.797
2015-05-31 09:15:00,484.0,1012.695
2015-05-31 09:30:00,495.0,1053.125
2015-05-31 09:45:00,506.5,1090.43
2015-05-31 10:00:00,511.5,1123.633
2015-05-31 10:15:00,523.5,1151.465
2015-05-31 10:30:00,535.5,1174.707
2015-05-31 10:45:00,533.5,1193.457
2015-05-31 11:00:00,546.5,1206.25
2015-05-31 11:15:00,546.5,1210.937
2015-05-31 11:30:00,548.0,1213.867
2015-05-31 11:45:00,544.0,1215.723
2015-05-31 12:00:00,523.5,1212.695
2015-05-31 12:15:00,514.0,1206.348
2015-05-31 12:30:00,525.0,1201.172
2015-05-31 12:45:00,539.0,1189.941
2015-05-31 13:00:00,534.5,1167.969
2015-05-31 13:15:00,527.5,1138.965
2015-05-31 13:30:00,508.5,1110.547
2015-05-31 13:45:00,502.5,1080.469
2015-05-31 14:00:00,486.0,1039.258
2015-05-31 14:15:00,479.0,995.02
2015-05-31 14:30:00,457.5,952.539
2015-05-31 14:45:00,433.0,900.0
2015-05-31 15:00:00,411.0,847.168
2015-05-31 15:15:00,385.0,790.039
2015-05-31 15:30:00,359.5,728.223
2015-05-31 15:45:00,326.0,668.652
2015-05-31 16:00:00,292.0,605.664
2015-05-31 16:15:00,259.5,543.75
2015-05-31 16:30:00,223.0,478.223
2015-05-31 16:45:00,189.0,414.16
2015-05-31 17:00:00,152.5,348.145
2015-05-31 17:15:00,118.0,283.008
2015-05-31 17:30:00,83.5,223.242
2015-05-31 17:45:00,51.5,166.309
2015-05-31 18:00:00,27.5,100.977
2015-05-31 18:15:00,14.0,49.121
2015-05-31 18:30:00,8.5,23.535
2015-05-31 18:45:00,4.0,11.621
2015-05-31 19:00:00,-1.0,4.102
2015-05-31 19:15:00,-1.0,0.879
2015-05-31 19:30:00,0.0,0.488
2015-05-31 19:45:00,0.0,0.0
2015-05-31 20:00:00,0.0,0.488
2015-05-31 20:15:00,-1.0,0.488
2015-05-31 20:30:00,0.0,0.586
2015-05-31 20:45:00,0.0,0.0
2015-05-31 21:00:00,0.0,0.488
2015-05-31 21:15:00,0.0,0.586
2015-05-31 21:30:00,-1.0,0.391
2015-05-31 21:45:00,0.0,0.0
2015-05-31 22:00:00,0.0,0.488
2015-05-31 22:15:00,-1.0,0.586
2015-05-31 22:30:00,-1.0,0.488
2015-05-31 22:45:00,0.0,0.391
2015-05-31 23:00:00,-1.0,0.391
2015-05-31 23:15:00,0.0,0.391
2015-05-31 23:30:00,0.0,0.293
2015-05-31 23:45:00,-1.0,0.391
2015-06-01 00:00:00,-1.0,0.0
2015-06-01 00:15:00,0.0,0.391
2015-06-01 00:30:00,-1.0,0.293
2015-06-01 00:45:00,0.0,0.293
2015-06-01 01:00:00,0.0,0.195
2015-06-01 01:15:00,0.0,0.293
2015-06-01 01:30:00,-1.0,0.293
2015-06-01 01:45:00,-1.0,0.391
2015-06-01 02:00:00,0.0,0.195
2015-06-01 02:15:00,-1.0,0.293
2015-06-01 02:30:00,-1.0,0.293
2015-06-01 02:45:00,-1.0,0.293
2015-06-01 03:00:00,0.0,0.293
2015-06-01 03:15:00,-1.0,0.195
2015-06-01 03:30:00,-1.0,0.293
2015-06-01 03:45:00,-1.0,0.195
2015-06-01 04:00:00,-1.0,0.293
2015-06-01 04:15:00,-1.0,0.781
2015-06-01 04:30:00,-1.0,4.395
2015-06-01 04:45:00,9.0,12.5
2015-06-01 05:00:00,17.5,20.41
2015-06-01 05:15:00,29.5,49.023
2015-06-01 05:30:00,48.5,106.445
2015-06-01 05:45:00,74.5,170.313
2015-06-01 06:00:00,109.0,229.688
2015-06-01 06:15:00,149.0,290.527
2015-06-01 06:30:00,190.0,353.613
2015-06-01 06:45:00,224.5,416.602
2015-06-01 07:00:00,267.5,485.352
2015-06-01 07:15:00,305.0,549.609
2015-06-01 07:30:00,344.0,616.016
2015-06-01 07:45:00,374.5,678.223
2015-06-01 08:00:00,405.5,739.551
2015-06-01 08:15:00,434.0,800.781
2015-06-01 08:30:00,459.5,859.668
2015-06-01 08:45:00,477.0,914.16
2015-06-01 09:00:00,494.5,959.57
2015-06-01 09:15:00,518.0,1018.262
2015-06-01 09:30:00,545.0,1064.258
2015-06-01 09:45:00,559.5,1102.344
2015-06-01 10:00:00,565.0,1131.934
2015-06-01 10:15:00,569.0,1158.301
2015-06-01 10:30:00,549.0,1180.762
2015-06-01 10:45:00,588.5,1185.254
2015-06-01 11:00:00,592.0,1229.199
2015-06-01 11:15:00,598.5,1242.773
2015-06-01 11:30:00,605.5,1234.766
2015-06-01 11:45:00,398.5,1158.887
2015-06-01 12:00:00,553.5,1203.418
2015-06-01 12:15:00,513.0,1292.383
2015-06-01 12:30:00,324.5,992.578
2015-06-01 12:45:00,531.5,817.871
2015-06-01 13:00:00,309.5,935.352
2015-06-01 13:15:00,348.0,684.375
2015-06-01 13:30:00,266.5,724.121
2015-06-01 13:45:00,558.0,878.516
2015-06-01 14:00:00,529.5,1081.152
2015-06-01 14:15:00,506.0,1032.91
2015-06-01 14:30:00,500.0,981.25
2015-06-01 14:45:00,362.5,768.164
2015-06-01 15:00:00,269.0,620.703
2015-06-01 15:15:00,174.5,516.113
2015-06-01 15:30:00,167.0,307.031
2015-06-01 15:45:00,153.5,288.965
2015-06-01 16:00:00,160.5,279.59
2015-06-01 16:15:00,250.0,321.289
2015-06-01 16:30:00,149.0,309.57
2015-06-01 16:45:00,164.0,344.922
2015-06-01 17:00:00,155.0,324.902
2015-06-01 17:15:00,130.0,226.074
2015-06-01 17:30:00,45.5,181.25
2015-06-01 17:45:00,66.0,141.113
2015-06-01 18:00:00,41.5,124.902
2015-06-01 18:15:00,22.0,67.676
2015-06-01 18:30:00,11.0,34.18
2015-06-01 18:45:00,5.0,17.09
2015-06-01 19:00:00,-1.0,6.348
2015-06-01 19:15:00,-1.0,1.66
2015-06-01 19:30:00,-1.0,0.391
2015-06-01 19:45:00,0.0,0.293
2015-06-01 20:00:00,0.0,0.293
2015-06-01 20:15:00,0.0,0.391
2015-06-01 20:30:00,0.0,0.293
2015-06-01 20:45:00,0.0,0.293
2015-06-01 21:00:00,-1.0,0.293
2015-06-01 21:15:00,-1.0,0.293
2015-06-01 21:30:00,-1.0,0.195
2015-06-01 21:45:00,-1.0,0.0
2015-06-01 22:00:00,-1.0,0.293
2015-06-01 22:15:00,0.0,0.195
2015-06-01 22:30:00,0.0,0.195
2015-06-01 22:45:00,0.0,0.195
2015-06-01 23:00:00,0.0,0.293
2015-06-01 23:15:00,-1.0,0.195
2015-06-01 23:30:00,-1.0,0.293
2015-06-01 23:45:00,-1.0,0.293
2015-06-02 00:00:00,0.0,0.195
2015-06-02 00:15:00,0.0,0.195
2015-06-02 00:30:00,0.0,0.195
2015-06-02 00:45:00,0.0,0.293
2015-06-02 01:00:00,0.0,0.0
2015-06-02 01:15:00,-1.0,0.195
2015-06-02 01:30:00,0.0,0.195
2015-06-02 01:45:00,-1.0,0.195
2015-06-02 02:00:00,-1.0,0.0
2015-06-02 02:15:00,-1.0,0.0
2015-06-02 02:30:00,-1.0,0.195
2015-06-02 02:45:00,-1.0,0.195
2015-06-02 03:00:00,0.0,0.0
2015-06-02 03:15:00,0.0,0.293
2015-06-02 03:30:00,-1.0,0.195
2015-06-02 03:45:00,-1.0,0.391
2015-06-02 04:00:00,-1.0,0.293
2015-06-02 04:15:00,-1.0,0.781
2015-06-02 04:30:00,-1.0,4.102
2015-06-02 04:45:00,10.0,13.281
2015-06-02 05:00:00,17.5,23.535
2015-06-02 05:15:00,30.0,52.734
2015-06-02 05:30:00,48.5,109.668
2015-06-02 05:45:00,72.0,171.289
2015-06-02 06:00:00,105.0,228.223
2015-06-02 06:15:00,132.0,289.16
2015-06-02 06:30:00,172.0,352.734
2015-06-02 06:45:00,229.5,417.383
2015-06-02 07:00:00,270.5,488.965
2015-06-02 07:15:00,305.5,554.98
2015-06-02 07:30:00,340.0,620.703
2015-06-02 07:45:00,370.5,685.449
2015-06-02 08:00:00,399.5,749.902
2015-06-02 08:15:00,423.0,811.523
2015-06-02 08:30:00,444.0,869.043
2015-06-02 08:45:00,463.5,924.121
2015-06-02 09:00:00,479.0,974.902
2015-06-02 09:15:00,496.5,1022.363
2015-06-02 09:30:00,507.5,1063.867
2015-06-02 09:45:00,524.5,1103.32
2015-06-02 10:00:00,524.5,1135.059
2015-06-02 10:15:00,538.5,1166.309
2015-06-02 10:30:00,540.5,1186.621
2015-06-02 10:45:00,547.0,1210.645
2015-06-02 11:00:00,546.5,1225.684
2015-06-02 11:15:00,543.0,1241.309
2015-06-02 11:30:00,544.5,1244.434
2015-06-02 11:45:00,544.0,1243.848
2015-06-02 12:00:00,543.0,1240.527
2015-06-02 12:15:00,543.0,1237.988
2015-06-02 12:30:00,550.0,1229.59
2015-06-02 12:45:00,550.5,1213.867
2015-06-02 13:00:00,534.5,1189.062
2015-06-02 13:15:00,533.0,1166.504
2015-06-02 13:30:00,521.0,1137.109
2015-06-02 13:45:00,511.5,1103.613
2015-06-02 14:00:00,497.5,1069.141
2015-06-02 14:15:00,484.0,1024.805
2015-06-02 14:30:00,463.0,979.004
2015-06-02 14:45:00,439.0,919.922
2015-06-02 15:00:00,411.5,864.551
2015-06-02 15:15:00,388.0,802.93
2015-06-02 15:30:00,356.0,742.09
2015-06-02 15:45:00,324.5,681.738
2015-06-02 16:00:00,288.5,617.969
2015-06-02 16:15:00,255.0,554.883
2015-06-02 16:30:00,213.5,488.477
2015-06-02 16:45:00,180.5,422.266
2015-06-02 17:00:00,145.0,356.934
2015-06-02 17:15:00,112.5,291.602
2015-06-02 17:30:00,83.0,231.543
2015-06-02 17:45:00,52.5,173.633
2015-06-02 18:00:00,28.0,107.129
2015-06-02 18:15:00,15.5,54.199
2015-06-02 18:30:00,10.0,26.855
2015-06-02 18:45:00,4.0,14.16
2015-06-02 19:00:00,-1.0,5.566
2015-06-02 19:15:00,0.0,1.172
2015-06-02 19:30:00,-1.0,0.586
2015-06-02 19:45:00,-1.0,0.488
2015-06-02 20:00:00,-1.0,0.391
2015-06-02 20:15:00,0.0,0.391
2015-06-02 20:30:00,0.0,0.391
2015-06-02 20:45:00,0.0,0.391
2015-06-02 21:00:00,0.0,0.0
2015-06-02 21:15:00,0.0,0.293
2015-06-02 21:30:00,0.0,0.391
2015-06-02 21:45:00,-1.0,0.391
2015-06-02 22:00:00,-1.0,0.391
2015-06-02 22:15:00,-1.0,0.293
2015-06-02 22:30:00,0.0,0.293
2015-06-02 22:45:00,0.0,0.293
2015-06-02 23:00:00,0.0,0.293
2015-06-02 23:15:00,0.0,0.293
2015-06-02 23:30:00,0.0,0.391
2015-06-02 23:45:00,-1.0,0.293
2015-06-03 00:00:00,-1.0,0.293
2015-06-03 00:15:00,-1.0,0.195
2015-06-03 00:30:00,-1.0,0.293
2015-06-03 00:45:00,-1.0,0.293
2015-06-03 01:00:00,-1.0,0.293
2015-06-03 01:15:00,-1.0,0.293
2015-06-03 01:30:00,-1.0,0.293
2015-06-03 01:45:00,-1.0,0.195
2015-06-03 02:00:00,0.0,0.0
2015-06-03 02:15:00,0.0,0.391
2015-06-03 02:30:00,0.0,0.293
2015-06-03 02:45:00,-1.0,0.391
2015-06-03 03:00:00,0.0,0.391
2015-06-03 03:15:00,-1.0,0.195
2015-06-03 03:30:00,-1.0,0.195
2015-06-03 03:45:00,-1.0,0.195
2015-06-03 04:00:00,-1.0,0.098
2015-06-03 04:15:00,-1.0,0.684
2015-06-03 04:30:00,-1.0,4.297
2015-06-03 04:45:00,10.0,13.086
2015-06-03 05:00:00,20.0,23.047
2015-06-03 05:15:00,32.0,52.051
2015-06-03 05:30:00,51.5,106.152
2015-06-03 05:45:00,76.5,166.895
2015-06-03 06:00:00,105.0,222.168
2015-06-03 06:15:00,146.0,280.566
2015-06-03 06:30:00,188.0,341.406
2015-06-03 06:45:00,222.0,405.273
2015-06-03 07:00:00,262.5,474.121
2015-06-03 07:15:00,297.5,538.184
2015-06-03 07:30:00,333.0,603.809
2015-06-03 07:45:00,361.0,666.016
2015-06-03 08:00:00,391.5,731.25
2015-06-03 08:15:00,415.0,790.723
2015-06-03 08:30:00,443.5,849.414
2015-06-03 08:45:00,463.5,902.246
2015-06-03 09:00:00,488.5,956.543
2015-06-03 09:15:00,507.5,1004.688
2015-06-03 09:30:00,521.5,1046.094
2015-06-03 09:45:00,532.5,1083.105
2015-06-03 10:00:00,541.0,1117.578
2015-06-03 10:15:00,553.5,1149.219
2015-06-03 10:30:00,559.5,1174.414
2015-06-03 10:45:00,571.5,1197.754
2015-06-03 11:00:00,586.5,1198.34
2015-06-03 11:15:00,589.0,1291.016
2015-06-03 11:30:00,471.5,1091.602
2015-06-03 11:45:00,626.0,1312.695
2015-06-03 12:00:00,496.5,1209.863
2015-06-03 12:15:00,278.0,724.023
2015-06-03 12:30:00,553.5,684.277
2015-06-03 12:45:00,558.5,1291.797
2015-06-03 13:00:00,541.0,1127.734
2015-06-03 13:15:00,536.5,1156.445
2015-06-03 13:30:00,513.0,1116.992
2015-06-03 13:45:00,504.0,1081.934
2015-06-03 14:00:00,494.5,1045.996
2015-06-03 14:15:00,471.0,1002.344
2015-06-03 14:30:00,457.0,954.395
2015-06-03 14:45:00,433.0,903.516
2015-06-03 15:00:00,408.0,850.977
2015-06-03 15:15:00,390.5,794.434
2015-06-03 15:30:00,356.0,742.676
2015-06-03 15:45:00,326.0,677.246
2015-06-03 16:00:00,286.0,612.5
2015-06-03 16:15:00,253.5,545.313
2015-06-03 16:30:00,203.5,473.633
2015-06-03 16:45:00,182.0,376.074
2015-06-03 17:00:00,145.0,357.129
2015-06-03 17:15:00,112.0,289.648
2015-06-03 17:30:00,81.0,228.711
2015-06-03 17:45:00,51.5,169.922
2015-06-03 18:00:00,27.5,104.98
2015-06-03 18:15:00,10.5,39.746
2015-06-03 18:30:00,8.0,20.703
2015-06-03 18:45:00,3.0,12.012
2015-06-03 19:00:00,-1.0,4.004
2015-06-03 19:15:00,-1.0,0.879
2015-06-03 19:30:00,-1.0,0.391
2015-06-03 19:45:00,0.0,0.391
2015-06-03 20:00:00,0.0,0.391
2015-06-03 20:15:00,-1.0,0.391
2015-06-03 20:30:00,-1.0,0.293
2015-06-03 20:45:00,0.0,0.293
2015-06-03 21:00:00,0.0,0.0
2015-06-03 21:15:00,0.0,0.293
2015-06-03 21:30:00,-1.0,0.293
2015-06-03 21:45:00,-1.0,0.293
2015-06-03 22:00:00,0.0,0.0
2015-06-03 22:15:00,0.0,0.293
2015-06-03 22:30:00,-1.0,0.293
2015-06-03 22:45:00,0.0,0.293
2015-06-03 23:00:00,-1.0,0.195
2015-06-03 23:15:00,0.0,0.391
2015-06-03 23:30:00,0.0,0.293
2015-06-03 23:45:00,-1.0,0.195
2015-06-04 00:00:00,0.0,0.293
2015-06-04 00:15:00,-1.0,0.195
2015-06-04 00:30:00,0.0,0.098
2015-06-04 00:45:00,-1.0,0.195
2015-06-04 01:00:00,-1.0,0.195
2015-06-04 01:15:00,-1.0,0.0
2015-06-04 01:30:00,-1.0,0.293
2015-06-04 01:45:00,-1.0,0.098
2015-06-04 02:00:00,0.0,0.293
2015-06-04 02:15:00,0.0,0.195
2015-06-04 02:30:00,0.0,0.293
2015-06-04 02:45:00,-1.0,0.195
2015-06-04 03:00:00,-1.0,0.293
2015-06-04 03:15:00,0.0,0.195
2015-06-04 03:30:00,-1.0,0.391
2015-06-04 03:45:00,-1.0,0.293
2015-06-04 04:00:00,-1.0,0.195
2015-06-04 04:15:00,-1.0,1.465
2015-06-04 04:30:00,5.0,7.422
2015-06-04 04:45:00,12.5,16.797
2015-06-04 05:00:00,30.0,39.355
2015-06-04 05:15:00,37.0,61.133
2015-06-04 05:30:00,47.5,72.852
2015-06-04 05:45:00,72.0,102.93
2015-06-04 06:00:00,122.0,187.891
2015-06-04 06:15:00,119.0,225.293
2015-06-04 06:30:00,159.0,245.703
2015-06-04 06:45:00,214.5,358.789
2015-06-04 07:00:00,237.5,374.316
2015-06-04 07:15:00,281.0,475.586
2015-06-04 07:30:00,280.5,449.316
2015-06-04 07:45:00,324.5,437.305
2015-06-04 08:00:00,216.0,491.992
2015-06-04 08:15:00,219.0,660.645
2015-06-04 08:30:00,352.0,609.668
2015-06-04 08:45:00,489.0,793.945
2015-06-04 09:00:00,267.5,873.926
2015-06-04 09:15:00,562.0,657.422
2015-06-04 09:30:00,389.5,1208.008
2015-06-04 09:45:00,553.5,1103.32
2015-06-04 10:00:00,553.5,1239.941
2015-06-04 10:15:00,377.0,1068.164
2015-06-04 10:30:00,569.5,1164.063
2015-06-04 10:45:00,532.5,1155.664
2015-06-04 11:00:00,382.0,993.164
2015-06-04 11:15:00,511.0,919.727
2015-06-04 11:30:00,634.5,1265.527
2015-06-04 11:45:00,612.5,1221.484
2015-06-04 12:00:00,607.5,1197.559
2015-06-04 12:15:00,620.0,1179.785
2015-06-04 12:30:00,631.5,1188.184
2015-06-04 12:45:00,368.5,1119.824
2015-06-04 13:00:00,498.5,1000.977
2015-06-04 13:15:00,327.0,1026.758
2015-06-04 13:30:00,442.0,1185.742
2015-06-04 13:45:00,517.5,1091.797
2015-06-04 14:00:00,556.5,889.648
2015-06-04 14:15:00,282.0,869.336
2015-06-04 14:30:00,342.0,613.184
2015-06-04 14:45:00,263.0,574.023
2015-06-04 15:00:00,334.0,570.996
2015-06-04 15:15:00,454.5,909.082
2015-06-04 15:30:00,395.5,800.488
2015-06-04 15:45:00,353.5,732.91
2015-06-04 16:00:00,309.0,624.512
2015-06-04 16:15:00,270.5,554.297
2015-06-04 16:30:00,232.5,487.793
2015-06-04 16:45:00,198.0,422.949
2015-06-04 17:00:00,161.0,356.445
2015-06-04 17:15:00,127.5,293.75
2015-06-04 17:30:00,93.5,235.84
2015-06-04 17:45:00,60.0,178.516
2015-06-04 18:00:00,33.0,113.086
2015-06-04 18:15:00,16.5,56.934
2015-06-04 18:30:00,8.5,26.367
2015-06-04 18:45:00,3.0,11.035
2015-06-04 19:00:00,-1.0,3.906
2015-06-04 19:15:00,-1.0,1.074
2015-06-04 19:30:00,-1.0,0.488
2015-06-04 19:45:00,-1.0,0.391
2015-06-04 20:00:00,0.0,0.391
2015-06-04 20:15:00,0.0,0.391
2015-06-04 20:30:00,0.0,0.391
2015-06-04 20:45:00,0.0,0.293
2015-06-04 21:00:00,0.0,0.195
2015-06-04 21:15:00,0.0,0.195
2015-06-04 21:30:00,-1.0,0.293
2015-06-04 21:45:00,-1.0,0.293
2015-06-04 22:00:00,-1.0,0.293
2015-06-04 22:15:00,-1.0,0.391
2015-06-04 22:30:00,-1.0,0.195
2015-06-04 22:45:00,0.0,0.293
2015-06-04 23:00:00,-1.0,0.293
2015-06-04 23:15:00,-1.0,0.195
2015-06-04 23:30:00,-1.0,0.195
2015-06-04 23:45:00,-1.0,0.195
2015-06-05 00:00:00,-1.0,0.293
2015-06-05 00:15:00,-1.0,0.0
2015-06-05 00:30:00,0.0,0.293
2015-06-05 00:45:00,-1.0,0.293
2015-06-05 01:00:00,-1.0,0.391
2015-06-05 01:15:00,-1.0,0.293
2015-06-05 01:30:00,-1.0,0.293
2015-06-05 01:45:00,-1.0,0.293
2015-06-05 02:00:00,-1.0,0.195
2015-06-05 02:15:00,-1.0,0.293
2015-06-05 02:30:00,-1.0,0.293
2015-06-05 02:45:00,-1.0,0.195
2015-06-05 03:00:00,0.0,0.098
2015-06-05 03:15:00,-1.0,0.098
2015-06-05 03:30:00,-1.0,0.098
2015-06-05 03:45:00,-1.0,0.098
2015-06-05 04:00:00,-1.0,0.098
2015-06-05 04:15:00,-1.0,0.586
2015-06-05 04:30:00,-1.0,3.32
2015-06-05 04:45:00,10.0,12.207
2015-06-05 05:00:00,20.0,24.512
2015-06-05 05:15:00,34.0,53.32
2015-06-05 05:30:00,51.0,105.371
2015-06-05 05:45:00,63.0,162.109
2015-06-05 06:00:00,111.0,209.668
2015-06-05 06:15:00,150.5,282.129
2015-06-05 06:30:00,188.0,339.551
2015-06-05 06:45:00,98.5,334.277
2015-06-05 07:00:00,81.0,136.133
2015-06-05 07:15:00,173.0,250.488
2015-06-05 07:30:00,362.5,661.426
2015-06-05 07:45:00,366.5,680.078
2015-06-05 08:00:00,392.0,734.375
2015-06-05 08:15:00,415.5,794.043
2015-06-05 08:30:00,444.5,850.195
2015-06-05 08:45:00,459.0,902.637
2015-06-05 09:00:00,479.5,953.223
2015-06-05 09:15:00,500.5,999.902
2015-06-05 09:30:00,508.0,1040.723
2015-06-05 09:45:00,516.0,1071.875
2015-06-05 10:00:00,540.5,1111.719
2015-06-05 10:15:00,551.5,1136.523
2015-06-05 10:30:00,567.0,1168.066
2015-06-05 10:45:00,574.0,1190.723
2015-06-05 11:00:00,585.0,1216.113
2015-06-05 11:15:00,587.0,1262.695
2015-06-05 11:30:00,85.0,1174.512
2015-06-05 11:45:00,99.5,1133.398
2015-06-05 12:00:00,581.0,1203.418
2015-06-05 12:15:00,172.5,1098.633
2015-06-05 12:30:00,582.5,1155.957
2015-06-05 12:45:00,108.0,1036.23
2015-06-05 13:00:00,608.0,749.512
2015-06-05 13:15:00,560.0,1193.359
2015-06-05 13:30:00,575.0,1057.813
2015-06-05 13:45:00,547.0,960.84
2015-06-05 14:00:00,569.5,932.422
2015-06-05 14:15:00,509.5,669.434
2015-06-05 14:30:00,482.5,950.684
2015-06-05 14:45:00,464.0,915.625
2015-06-05 15:00:00,432.0,862.891
2015-06-05 15:15:00,403.5,799.805
2015-06-05 15:30:00,365.5,751.953
2015-06-05 15:45:00,326.0,687.207
2015-06-05 16:00:00,311.0,620.02
2015-06-05 16:15:00,276.0,553.223
2015-06-05 16:30:00,235.5,487.207
2015-06-05 16:45:00,199.0,420.898
2015-06-05 17:00:00,164.0,355.273
2015-06-05 17:15:00,128.0,293.262
2015-06-05 17:30:00,93.0,233.203
2015-06-05 17:45:00,60.5,178.906
2015-06-05 18:00:00,33.0,114.063
2015-06-05 18:15:00,16.5,58.887
2015-06-05 18:30:00,10.5,28.613
2015-06-05 18:45:00,5.0,14.551
2015-06-05 19:00:00,-1.0,5.273
2015-06-05 19:15:00,-1.0,1.172
2015-06-05 19:30:00,-1.0,0.293
2015-06-05 19:45:00,0.0,0.293
2015-06-05 20:00:00,0.0,0.293
2015-06-05 20:15:00,0.0,0.293
2015-06-05 20:30:00,-1.0,0.195
2015-06-05 20:45:00,0.0,0.0
2015-06-05 21:00:00,0.0,0.195
2015-06-05 21:15:00,0.0,0.0
2015-06-05 21:30:00,-1.0,0.293
2015-06-05 21:45:00,0.0,0.195
2015-06-05 22:00:00,0.0,0.195
2015-06-05 22:15:00,-1.0,0.293
2015-06-05 22:30:00,0.0,0.293
2015-06-05 22:45:00,-1.0,0.195
2015-06-05 23:00:00,0.0,0.293
2015-06-05 23:15:00,-1.0,0.195
2015-06-05 23:30:00,-1.0,0.195
2015-06-05 23:45:00,0.0,0.195
2015-06-06 00:00:00,0.0,0.293
2015-06-06 00:15:00,-1.0,0.195
2015-06-06 00:30:00,-1.0,0.195
2015-06-06 00:45:00,-1.0,0.098
2015-06-06 01:00:00,-1.0,0.098
2015-06-06 01:15:00,-1.0,0.195
2015-06-06 01:30:00,-1.0,0.195
2015-06-06 01:45:00,0.0,0.195
2015-06-06 02:00:00,-1.0,0.195
2015-06-06 02:15:00,-1.0,0.098
2015-06-06 02:30:00,-1.0,0.195
2015-06-06 02:45:00,0.0,0.195
2015-06-06 03:00:00,0.0,0.098
2015-06-06 03:15:00,-1.0,0.098
2015-06-06 03:30:00,0.0,0.098
2015-06-06 03:45:00,-1.0,0.195
2015-06-06 04:00:00,-1.0,0.293
2015-06-06 04:15:00,-1.0,0.781
2015-06-06 04:30:00,-1.0,4.199
2015-06-06 04:45:00,8.0,11.816
2015-06-06 05:00:00,14.0,20.508
2015-06-06 05:15:00,30.0,52.246
2015-06-06 05:30:00,47.5,105.957
2015-06-06 05:45:00,71.5,166.211
2015-06-06 06:00:00,105.0,222.07
2015-06-06 06:15:00,145.5,279.395
2015-06-06 06:30:00,187.5,340.82
2015-06-06 06:45:00,222.5,404.883
2015-06-06 07:00:00,261.5,473.828
2015-06-06 07:15:00,297.5,538.086
2015-06-06 07:30:00,337.5,603.32
2015-06-06 07:45:00,370.5,668.457
2015-06-06 08:00:00,400.0,731.445
2015-06-06 08:15:00,421.5,788.672
2015-06-06 08:30:00,440.0,843.262
2015-06-06 08:45:00,459.5,897.07
2015-06-06 09:00:00,477.5,945.41
2015-06-06 09:15:00,490.5,992.188
2015-06-06 09:30:00,505.5,1036.426
2015-06-06 09:45:00,522.0,1077.637
2015-06-06 10:00:00,521.0,1113.477
2015-06-06 10:15:00,528.5,1143.848
2015-06-06 10:30:00,539.0,1171.387
2015-06-06 10:45:00,554.0,1193.164
2015-06-06 11:00:00,552.0,1204.199
2015-06-06 11:15:00,558.5,1209.863
2015-06-06 11:30:00,551.5,1217.578
2015-06-06 11:45:00,554.5,1220.605
2015-06-06 12:00:00,567.0,1218.555
2015-06-06 12:15:00,544.5,1214.16
2015-06-06 12:30:00,545.0,1203.906
2015-06-06 12:45:00,535.0,1190.625
2015-06-06 13:00:00,533.5,1176.172
2015-06-06 13:15:00,525.0,1152.637
2015-06-06 13:30:00,511.5,1118.652
2015-06-06 13:45:00,511.5,1087.695
2015-06-06 14:00:00,498.0,1060.645
2015-06-06 14:15:00,479.5,1033.105
2015-06-06 14:30:00,459.0,982.715
2015-06-06 14:45:00,432.5,886.426
2015-06-06 15:00:00,419.0,788.477
2015-06-06 15:15:00,404.0,812.988
2015-06-06 15:30:00,374.5,666.309
2015-06-06 15:45:00,342.0,677.93
2015-06-06 16:00:00,296.0,626.074
2015-06-06 16:15:00,262.5,547.559
2015-06-06 16:30:00,227.0,478.223
2015-06-06 16:45:00,193.5,420.605
2015-06-06 17:00:00,156.5,357.715
2015-06-06 17:15:00,122.0,286.23
2015-06-06 17:30:00,90.0,227.344
2015-06-06 17:45:00,59.0,172.559
2015-06-06 18:00:00,32.0,100.391
2015-06-06 18:15:00,14.0,49.219
2015-06-06 18:30:00,8.0,19.629
2015-06-06 18:45:00,4.0,9.668
2015-06-06 19:00:00,-1.0,4.395
2015-06-06 19:15:00,-1.0,1.074
2015-06-06 19:30:00,-1.0,0.391
2015-06-06 19:45:00,0.0,0.391
2015-06-06 20:00:00,0.0,0.391
2015-06-06 20:15:00,-1.0,0.391
2015-06-06 20:30:00,-1.0,0.391
2015-06-06 20:45:00,0.0,0.0
2015-06-06 21:00:00,-1.0,0.293
2015-06-06 21:15:00,0.0,0.195
2015-06-06 21:30:00,0.0,0.293
2015-06-06 21:45:00,-1.0,0.195
2015-06-06 22:00:00,0.0,0.195
2015-06-06 22:15:00,-1.0,0.195
2015-06-06 22:30:00,0.0,0.195
2015-06-06 22:45:00,-1.0,0.195
2015-06-06 23:00:00,0.0,0.195
2015-06-06 23:15:00,-1.0,0.195
2015-06-06 23:30:00,-1.0,0.195
2015-06-06 23:45:00,-1.0,0.195
2015-06-07 00:00:00,0.0,0.293
2015-06-07 00:15:00,-1.0,0.293
2015-06-07 00:30:00,-1.0,0.195
2015-06-07 00:45:00,-1.0,0.293
2015-06-07 01:00:00,-1.0,0.293
2015-06-07 01:15:00,-1.0,0.293
2015-06-07 01:30:00,0.0,0.293
2015-06-07 01:45:00,0.0,0.293
2015-06-07 02:00:00,0.0,0.293
2015-06-07 02:15:00,-1.0,0.195
2015-06-07 02:30:00,-1.0,0.195
2015-06-07 02:45:00,-1.0,0.195
2015-06-07 03:00:00,-1.0,0.098
2015-06-07 03:15:00,-1.0,0.098
2015-06-07 03:30:00,-1.0,0.195
2015-06-07 03:45:00,-1.0,0.195
2015-06-07 04:00:00,-1.0,0.098
2015-06-07 04:15:00,-1.0,0.781
2015-06-07 04:30:00,-1.0,4.004
2015-06-07 04:45:00,8.0,11.23
2015-06-07 05:00:00,20.0,20.605
2015-06-07 05:15:00,38.0,45.313
2015-06-07 05:30:00,56.5,118.652
2015-06-07 05:45:00,79.5,173.633
2015-06-07 06:00:00,109.0,225.586
2015-06-07 06:15:00,148.5,281.738
2015-06-07 06:30:00,52.5,311.914
2015-06-07 06:45:00,80.0,193.75
2015-06-07 07:00:00,286.5,262.793
2015-06-07 07:15:00,300.0,545.215
2015-06-07 07:30:00,336.0,599.414
2015-06-07 07:45:00,365.0,660.645
2015-06-07 08:00:00,386.0,723.145
2015-06-07 08:15:00,409.0,782.324
2015-06-07 08:30:00,431.0,838.086
2015-06-07 08:45:00,447.5,891.504
2015-06-07 09:00:00,464.0,941.113
2015-06-07 09:15:00,484.0,987.012
2015-06-07 09:30:00,491.0,1029.199
2015-06-07 09:45:00,504.5,1068.164
2015-06-07 10:00:00,517.0,1102.734
2015-06-07 10:15:00,525.0,1131.055
2015-06-07 10:30:00,526.5,1153.906
2015-06-07 10:45:00,531.5,1171.484
2015-06-07 11:00:00,531.0,1184.668
2015-06-07 11:15:00,541.0,1189.551
2015-06-07 11:30:00,542.0,1195.117
2015-06-07 11:45:00,535.0,1199.121
2015-06-07 12:00:00,533.0,1196.777
2015-06-07 12:15:00,529.5,1193.262
2015-06-07 12:30:00,114.5,1069.336
2015-06-07 12:45:00,532.5,975.0
2015-06-07 13:00:00,528.5,1153.711
2015-06-07 13:15:00,512.0,1126.465
2015-06-07 13:30:00,511.5,998.242
2015-06-07 13:45:00,491.0,1066.406
2015-06-07 14:00:00,475.0,1025.293
2015-06-07 14:15:00,456.0,988.086
2015-06-07 14:30:00,437.0,941.504
2015-06-07 14:45:00,419.5,893.457
2015-06-07 15:00:00,400.5,833.691
2015-06-07 15:15:00,370.5,776.66
2015-06-07 15:30:00,344.5,709.277
2015-06-07 15:45:00,313.5,657.129
2015-06-07 16:00:00,280.0,598.145
2015-06-07 16:15:00,245.5,533.984
2015-06-07 16:30:00,209.5,472.461
2015-06-07 16:45:00,185.5,421.094
2015-06-07 17:00:00,163.0,375.0
2015-06-07 17:15:00,123.5,322.168
2015-06-07 17:30:00,97.0,257.227
2015-06-07 17:45:00,65.0,168.359
2015-06-07 18:00:00,27.5,86.426
2015-06-07 18:15:00,14.0,40.43
2015-06-07 18:30:00,9.0,24.707
2015-06-07 18:45:00,4.5,14.16
2015-06-07 19:00:00,-1.0,5.859
2015-06-07 19:15:00,-1.0,1.563
2015-06-07 19:30:00,-1.0,0.488
2015-06-07 19:45:00,-1.0,0.488
2015-06-07 20:00:00,0.0,0.488
2015-06-07 20:15:00,0.0,0.488
2015-06-07 20:30:00,0.0,0.391
2015-06-07 20:45:00,0.0,0.391
2015-06-07 21:00:00,0.0,0.391
2015-06-07 21:15:00,0.0,0.293
2015-06-07 21:30:00,0.0,0.293
2015-06-07 21:45:00,0.0,0.293
2015-06-07 22:00:00,0.0,0.293
2015-06-07 22:15:00,-1.0,0.293
2015-06-07 22:30:00,0.0,0.195
2015-06-07 22:45:00,-1.0,0.195
2015-06-07 23:00:00,0.0,0.293
2015-06-07 23:15:00,-1.0,0.098
2015-06-07 23:30:00,-1.0,0.293
2015-06-07 23:45:00,0.0,0.293
2015-06-08 00:00:00,-1.0,0.195
2015-06-08 00:15:00,0.0,0.195
2015-06-08 00:30:00,0.0,0.195
2015-06-08 00:45:00,-1.0,0.195
2015-06-08 01:00:00,-1.0,0.195
2015-06-08 01:15:00,-1.0,0.195
2015-06-08 01:30:00,-1.0,0.195
2015-06-08 01:45:00,-1.0,0.195
2015-06-08 02:00:00,-1.0,0.098
2015-06-08 02:15:00,-1.0,0.0
2015-06-08 02:30:00,-1.0,0.293
2015-06-08 02:45:00,0.0,0.293
2015-06-08 03:00:00,-1.0,0.0
2015-06-08 03:15:00,0.0,0.0
2015-06-08 03:30:00,0.0,0.293
2015-06-08 03:45:00,-1.0,0.293
2015-06-08 04:00:00,-1.0,0.293
2015-06-08 04:15:00,-1.0,0.977
2015-06-08 04:30:00,-1.0,4.688
2015-06-08 04:45:00,8.5,12.207
2015-06-08 05:00:00,16.0,19.922
2015-06-08 05:15:00,30.0,51.172
2015-06-08 05:30:00,49.0,106.348
2015-06-08 05:45:00,71.5,167.285
2015-06-08 06:00:00,100.5,226.172
2015-06-08 06:15:00,128.0,283.398
2015-06-08 06:30:00,162.5,345.703
2015-06-08 06:45:00,213.5,408.984
2015-06-08 07:00:00,259.5,478.516
2015-06-08 07:15:00,293.5,541.211
2015-06-08 07:30:00,326.0,605.762
2015-06-08 07:45:00,355.0,669.238
2015-06-08 08:00:00,378.5,728.223
2015-06-08 08:15:00,404.0,787.891
2015-06-08 08:30:00,427.5,848.242
2015-06-08 08:45:00,449.5,901.758
2015-06-08 09:00:00,462.0,950.488
2015-06-08 09:15:00,476.5,995.41
2015-06-08 09:30:00,494.0,1039.16
2015-06-08 09:45:00,505.5,1080.469
2015-06-08 10:00:00,514.0,1113.574
2015-06-08 10:15:00,518.0,1142.578
2015-06-08 10:30:00,529.5,1165.527
2015-06-08 10:45:00,527.0,1184.375
2015-06-08 11:00:00,527.5,1197.461
2015-06-08 11:15:00,533.5,1206.738
2015-06-08 11:30:00,535.0,1212.012
2015-06-08 11:45:00,537.0,1213.77
2015-06-08 12:00:00,536.5,1212.207
2015-06-08 12:15:00,517.0,1206.738
2015-06-08 12:30:00,519.5,1199.512
2015-06-08 12:45:00,522.0,1180.371
2015-06-08 13:00:00,521.0,1160.059
2015-06-08 13:15:00,497.5,1137.402
2015-06-08 13:30:00,499.5,1104.492
2015-06-08 13:45:00,489.0,1071.973
2015-06-08 14:00:00,471.5,1036.621
2015-06-08 14:15:00,453.5,992.285
2015-06-08 14:30:00,441.0,943.75
2015-06-08 14:45:00,417.0,895.801
2015-06-08 15:00:00,396.5,842.48
2015-06-08 15:15:00,371.0,785.449
2015-06-08 15:30:00,347.5,727.051
2015-06-08 15:45:00,317.0,667.188
2015-06-08 16:00:00,286.5,606.445
2015-06-08 16:15:00,250.0,544.141
2015-06-08 16:30:00,210.5,478.809
2015-06-08 16:45:00,176.0,412.305
2015-06-08 17:00:00,144.0,349.902
2015-06-08 17:15:00,112.5,289.746
2015-06-08 17:30:00,82.0,231.348
2015-06-08 17:45:00,54.0,175.488
2015-06-08 18:00:00,31.0,113.965
2015-06-08 18:15:00,16.5,58.496
2015-06-08 18:30:00,10.0,27.441
2015-06-08 18:45:00,4.5,13.867
2015-06-08 19:00:00,-1.0,6.738
2015-06-08 19:15:00,0.0,1.855
2015-06-08 19:30:00,-1.0,0.488
2015-06-08 19:45:00,0.0,0.488
2015-06-08 20:00:00,0.0,0.391
2015-06-08 20:15:00,0.0,0.488
2015-06-08 20:30:00,-1.0,0.488
2015-06-08 20:45:00,0.0,0.488
2015-06-08 21:00:00,-1.0,0.488
2015-06-08 21:15:00,0.0,0.391
2015-06-08 21:30:00,0.0,0.391
2015-06-08 21:45:00,0.0,0.391
2015-06-08 22:00:00,0.0,0.293
2015-06-08 22:15:00,0.0,0.391
2015-06-08 22:30:00,0.0,0.391
2015-06-08 22:45:00,0.0,0.391
2015-06-08 23:00:00,0.0,0.293
2015-06-08 23:15:00,0.0,0.293
2015-06-08 23:30:00,-1.0,0.293
2015-06-08 23:45:00,0.0,0.293
2015-06-09 00:00:00,-1.0,0.195
2015-06-09 00:15:00,0.0,0.293
2015-06-09 00:30:00,-1.0,0.293
2015-06-09 00:45:00,0.0,0.195
2015-06-09 01:00:00,0.0,0.293
2015-06-09 01:15:00,0.0,0.0
2015-06-09 01:30:00,0.0,0.195
2015-06-09 01:45:00,-1.0,0.293
2015-06-09 02:00:00,-1.0,0.0
2015-06-09 02:15:00,-1.0,0.195
2015-06-09 02:30:00,-1.0,0.293
2015-06-09 02:45:00,-1.0,0.195
2015-06-09 03:00:00,-1.0,0.195
2015-06-09 03:15:00,-1.0,0.195
2015-06-09 03:30:00,-1.0,0.195
2015-06-09 03:45:00,-1.0,0.098
2015-06-09 04:00:00,-1.0,0.195
2015-06-09 04:15:00,-1.0,0.586
2015-06-09 04:30:00,2.0,3.516
2015-06-09 04:45:00,4.0,6.25
2015-06-09 05:00:00,18.5,15.527
2015-06-09 05:15:00,37.5,53.809
2015-06-09 05:30:00,41.0,78.125
2015-06-09 05:45:00,42.5,71.777
2015-06-09 06:00:00,63.0,96.387
2015-06-09 06:15:00,89.5,152.051
2015-06-09 06:30:00,99.0,196.973
2015-06-09 06:45:00,175.5,218.848
2015-06-09 07:00:00,154.5,326.953
2015-06-09 07:15:00,137.5,290.723
2015-06-09 07:30:00,120.0,256.738
2015-06-09 07:45:00,151.0,279.688
2015-06-09 08:00:00,169.0,270.703
2015-06-09 08:15:00,201.5,318.555
2015-06-09 08:30:00,174.0,351.27
2015-06-09 08:45:00,154.5,323.73
2015-06-09 09:00:00,160.5,302.734
2015-06-09 09:15:00,169.0,301.758
2015-06-09 09:30:00,164.0,281.836
2015-06-09 09:45:00,256.5,391.602
2015-06-09 10:00:00,153.0,365.332
2015-06-09 10:15:00,116.0,218.359
2015-06-09 10:30:00,125.5,229.102
2015-06-09 10:45:00,162.5,239.258
2015-06-09 11:00:00,174.0,328.027
2015-06-09 11:15:00,114.5,284.766
2015-06-09 11:30:00,77.5,152.539
2015-06-09 11:45:00,52.5,103.418
2015-06-09 12:00:00,54.5,98.34
2015-06-09 12:15:00,74.0,101.66
2015-06-09 12:30:00,162.5,218.75
2015-06-09 12:45:00,162.0,277.344
2015-06-09 13:00:00,233.5,346.094
2015-06-09 13:15:00,263.0,423.633
2015-06-09 13:30:00,351.5,584.473
2015-06-09 13:45:00,281.0,562.891
2015-06-09 14:00:00,291.5,538.184
2015-06-09 14:15:00,306.0,545.313
2015-06-09 14:30:00,253.5,493.359
2015-06-09 14:45:00,159.5,371.777
2015-06-09 15:00:00,99.5,229.785
2015-06-09 15:15:00,62.5,128.223
2015-06-09 15:30:00,51.0,93.066
2015-06-09 15:45:00,47.0,80.176
2015-06-09 16:00:00,70.0,104.199
2015-06-09 16:15:00,41.0,97.07
2015-06-09 16:30:00,30.0,61.914
2015-06-09 16:45:00,27.0,56.934
2015-06-09 17:00:00,24.0,42.383
2015-06-09 17:15:00,23.5,43.555
2015-06-09 17:30:00,25.5,46.582
2015-06-09 17:45:00,27.0,48.926
2015-06-09 18:00:00,16.0,36.035
2015-06-09 18:15:00,7.0,20.508
2015-06-09 18:30:00,4.0,10.938
2015-06-09 18:45:00,-1.0,5.664
2015-06-09 19:00:00,-1.0,2.441
2015-06-09 19:15:00,-1.0,0.977
2015-06-09 19:30:00,-1.0,0.488
2015-06-09 19:45:00,0.0,0.488
2015-06-09 20:00:00,0.0,0.488
2015-06-09 20:15:00,-1.0,0.293
2015-06-09 20:30:00,0.0,0.0
2015-06-09 20:45:00,-1.0,0.293
2015-06-09 21:00:00,0.0,0.488
2015-06-09 21:15:00,0.0,0.391
2015-06-09 21:30:00,-1.0,0.293
2015-06-09 21:45:00,-1.0,0.391
2015-06-09 22:00:00,-1.0,0.391
2015-06-09 22:15:00,0.0,0.293
2015-06-09 22:30:00,-1.0,0.293
2015-06-09 22:45:00,-1.0,0.293
2015-06-09 23:00:00,0.0,0.391
2015-06-09 23:15:00,-1.0,0.293
2015-06-09 23:30:00,0.0,0.391
2015-06-09 23:45:00,0.0,0.293
2015-06-10 00:00:00,-1.0,0.293
2015-06-10 00:15:00,-1.0,0.293
2015-06-10 00:30:00,-1.0,0.195
2015-06-10 00:45:00,0.0,0.293
2015-06-10 01:00:00,-1.0,0.0
2015-06-10 01:15:00,0.0,0.195
2015-06-10 01:30:00,0.0,0.293
2015-06-10 01:45:00,-1.0,0.293
2015-06-10 02:00:00,-1.0,0.293
2015-06-10 02:15:00,0.0,0.293
2015-06-10 02:30:00,-1.0,0.293
2015-06-10 02:45:00,0.0,0.195
2015-06-10 03:00:00,0.0,0.293
2015-06-10 03:15:00,-1.0,0.195
2015-06-10 03:30:00,-1.0,0.293
2015-06-10 03:45:00,-1.0,0.195
2015-06-10 04:00:00,-1.0,0.391
2015-06-10 04:15:00,-1.0,0.781
2015-06-10 04:30:00,0.0,4.297
2015-06-10 04:45:00,7.0,10.352
2015-06-10 05:00:00,12.0,15.527
2015-06-10 05:15:00,16.0,21.68
2015-06-10 05:30:00,11.0,30.469
2015-06-10 05:45:00,29.5,38.184
2015-06-10 06:00:00,35.5,57.129
2015-06-10 06:15:00,139.0,199.902
2015-06-10 06:30:00,176.5,318.359
2015-06-10 06:45:00,213.0,381.641
2015-06-10 07:00:00,251.0,449.805
2015-06-10 07:15:00,283.5,509.57
2015-06-10 07:30:00,319.0,570.801
2015-06-10 07:45:00,348.0,631.348
2015-06-10 08:00:00,372.5,688.281
2015-06-10 08:15:00,401.5,746.777
2015-06-10 08:30:00,458.0,824.707
2015-06-10 08:45:00,472.5,740.43
2015-06-10 09:00:00,491.0,954.883
2015-06-10 09:15:00,501.5,947.656
2015-06-10 09:30:00,488.5,958.105
2015-06-10 09:45:00,496.5,1031.738
2015-06-10 10:00:00,542.0,1098.34
2015-06-10 10:15:00,530.5,1195.703
2015-06-10 10:30:00,552.0,1208.496
2015-06-10 10:45:00,382.0,1136.523
2015-06-10 11:00:00,533.5,1052.148
2015-06-10 11:15:00,530.5,1170.313
2015-06-10 11:30:00,535.0,1168.066
2015-06-10 11:45:00,544.0,1173.926
2015-06-10 12:00:00,533.0,1173.145
2015-06-10 12:15:00,550.0,1188.574
2015-06-10 12:30:00,99.5,1014.551
2015-06-10 12:45:00,556.5,1009.082
2015-06-10 13:00:00,556.0,1192.383
2015-06-10 13:15:00,270.5,1093.652
2015-06-10 13:30:00,484.5,380.762
2015-06-10 13:45:00,551.5,1056.641
2015-06-10 14:00:00,556.0,562.598
2015-06-10 14:15:00,504.5,1038.379
2015-06-10 14:30:00,463.5,983.594
2015-06-10 14:45:00,465.5,850.586
2015-06-10 15:00:00,424.5,870.215
2015-06-10 15:15:00,409.5,830.762
2015-06-10 15:30:00,384.5,788.867
2015-06-10 15:45:00,348.0,725.977
2015-06-10 16:00:00,78.0,546.387
2015-06-10 16:15:00,294.5,552.637
2015-06-10 16:30:00,260.5,446.68
2015-06-10 16:45:00,211.5,402.344
2015-06-10 17:00:00,170.5,379.297
2015-06-10 17:15:00,130.0,304.199
2015-06-10 17:30:00,92.0,235.156
2015-06-10 17:45:00,61.0,179.785
2015-06-10 18:00:00,35.0,118.652
2015-06-10 18:15:00,18.5,65.43
2015-06-10 18:30:00,8.5,30.664
2015-06-10 18:45:00,4.5,15.918
2015-06-10 19:00:00,-1.0,5.371
2015-06-10 19:15:00,-1.0,1.66
2015-06-10 19:30:00,-1.0,0.684
2015-06-10 19:45:00,-1.0,0.0
2015-06-10 20:00:00,0.0,0.586
2015-06-10 20:15:00,-1.0,0.488
2015-06-10 20:30:00,0.0,0.488
2015-06-10 20:45:00,0.0,0.0
2015-06-10 21:00:00,0.0,0.586
2015-06-10 21:15:00,0.0,0.0
2015-06-10 21:30:00,0.0,0.488
2015-06-10 21:45:00,0.0,0.488
2015-06-10 22:00:00,0.0,0.391
2015-06-10 22:15:00,0.0,0.391
2015-06-10 22:30:00,-1.0,0.391
2015-06-10 22:45:00,0.0,0.391
2015-06-10 23:00:00,0.0,0.293
2015-06-10 23:15:00,-1.0,0.293
2015-06-10 23:30:00,-1.0,0.391
2015-06-10 23:45:00,-1.0,0.098
2015-06-11 00:00:00,0.0,0.0
2015-06-11 00:15:00,0.0,0.293
2015-06-11 00:30:00,-1.0,0.293
2015-06-11 00:45:00,0.0,0.293
2015-06-11 01:00:00,0.0,0.195
2015-06-11 01:15:00,0.0,0.195
2015-06-11 01:30:00,0.0,0.293
2015-06-11 01:45:00,-1.0,0.195
2015-06-11 02:00:00,-1.0,0.293
2015-06-11 02:15:00,0.0,0.195
2015-06-11 02:30:00,0.0,0.195
2015-06-11 02:45:00,-1.0,0.195
2015-06-11 03:00:00,0.0,0.195
2015-06-11 03:15:00,0.0,0.293
2015-06-11 03:30:00,-1.0,0.195
2015-06-11 03:45:00,-1.0,0.293
2015-06-11 04:00:00,-1.0,0.293
2015-06-11 04:15:00,-1.0,0.684
2015-06-11 04:30:00,-1.0,2.93
2015-06-11 04:45:00,7.0,8.398
2015-06-11 05:00:00,16.0,18.75
2015-06-11 05:15:00,32.0,50.977
2015-06-11 05:30:00,47.0,100.684
2015-06-11 05:45:00,68.5,155.762
2015-06-11 06:00:00,90.0,193.262
2015-06-11 06:15:00,138.0,277.441
2015-06-11 06:30:00,115.0,199.609
2015-06-11 06:45:00,220.5,334.277
2015-06-11 07:00:00,252.0,458.594
2015-06-11 07:15:00,286.5,514.844
2015-06-11 07:30:00,322.5,581.445
2015-06-11 07:45:00,353.0,640.43
2015-06-11 08:00:00,380.5,699.805
2015-06-11 08:15:00,400.5,759.375
2015-06-11 08:30:00,426.5,816.309
2015-06-11 08:45:00,444.0,867.285
2015-06-11 09:00:00,461.5,919.336
2015-06-11 09:15:00,473.0,964.355
2015-06-11 09:30:00,484.5,1007.227
2015-06-11 09:45:00,496.5,1041.113
2015-06-11 10:00:00,505.5,1072.461
2015-06-11 10:15:00,513.0,1101.074
2015-06-11 10:30:00,518.0,1126.172
2015-06-11 10:45:00,522.0,1148.242
2015-06-11 11:00:00,516.0,1161.035
2015-06-11 11:15:00,525.5,1169.629
2015-06-11 11:30:00,527.0,1172.363
2015-06-11 11:45:00,527.5,1178.32
2015-06-11 12:00:00,525.5,1185.352
2015-06-11 12:15:00,525.0,1187.012
2015-06-11 12:30:00,513.0,1199.121
2015-06-11 12:45:00,536.5,1221.289
2015-06-11 13:00:00,502.5,1133.496
2015-06-11 13:15:00,433.0,1049.512
2015-06-11 13:30:00,552.0,908.105
2015-06-11 13:45:00,121.5,737.695
2015-06-11 14:00:00,481.5,979.297
2015-06-11 14:15:00,469.5,1037.207
2015-06-11 14:30:00,434.0,939.551
2015-06-11 14:45:00,413.0,869.727
2015-06-11 15:00:00,388.0,816.992
2015-06-11 15:15:00,365.5,759.961
2015-06-11 15:30:00,341.5,704.883
2015-06-11 15:45:00,313.0,650.0
2015-06-11 16:00:00,280.0,597.168
2015-06-11 16:15:00,243.0,527.832
2015-06-11 16:30:00,60.5,308.594
2015-06-11 16:45:00,188.0,349.316
2015-06-11 17:00:00,151.5,342.871
2015-06-11 17:15:00,119.0,279.883
2015-06-11 17:30:00,24.0,109.277
2015-06-11 17:45:00,45.0,121.289
2015-06-11 18:00:00,13.5,73.145
2015-06-11 18:15:00,10.0,18.457
2015-06-11 18:30:00,7.0,14.941
2015-06-11 18:45:00,4.0,10.059
2015-06-11 19:00:00,-1.0,4.395
2015-06-11 19:15:00,-1.0,0.0
2015-06-11 19:30:00,-1.0,0.586
2015-06-11 19:45:00,-1.0,0.488
2015-06-11 20:00:00,-1.0,0.488
2015-06-11 20:15:00,0.0,0.488
2015-06-11 20:30:00,-1.0,0.488
2015-06-11 20:45:00,0.0,0.488
2015-06-11 21:00:00,0.0,0.488
2015-06-11 21:15:00,0.0,0.0
2015-06-11 21:30:00,0.0,0.586
2015-06-11 21:45:00,-1.0,0.488
2015-06-11 22:00:00,0.0,0.0
2015-06-11 22:15:00,0.0,0.488
2015-06-11 22:30:00,0.0,0.391
2015-06-11 22:45:00,0.0,0.391
2015-06-11 23:00:00,0.0,0.391
2015-06-11 23:15:00,0.0,0.391
2015-06-11 23:30:00,-1.0,0.391
2015-06-11 23:45:00,0.0,0.391
2015-06-12 00:00:00,0.0,0.391
2015-06-12 00:15:00,0.0,0.391
2015-06-12 00:30:00,0.0,0.391
2015-06-12 00:45:00,0.0,0.391
2015-06-12 01:00:00,-1.0,0.391
2015-06-12 01:15:00,-1.0,0.0
2015-06-12 01:30:00,-1.0,0.293
2015-06-12 01:45:00,0.0,0.293
2015-06-12 02:00:00,-1.0,0.293
2015-06-12 02:15:00,-1.0,0.195
2015-06-12 02:30:00,0.0,0.293
2015-06-12 02:45:00,-1.0,0.195
2015-06-12 03:00:00,0.0,0.0
2015-06-12 03:15:00,-1.0,0.293
2015-06-12 03:30:00,0.0,0.293
2015-06-12 03:45:00,-1.0,0.0
2015-06-12 04:00:00,-1.0,0.293
2015-06-12 04:15:00,-1.0,1.074
2015-06-12 04:30:00,-1.0,4.492
2015-06-12 04:45:00,8.5,10.938
2015-06-12 05:00:00,15.5,17.48
2015-06-12 05:15:00,28.0,48.633
2015-06-12 05:30:00,45.0,102.93
2015-06-12 05:45:00,72.0,162.109
2015-06-12 06:00:00,102.5,217.969
2015-06-12 06:15:00,139.5,273.34
2015-06-12 06:30:00,179.5,333.398
2015-06-12 06:45:00,215.0,394.531
2015-06-12 07:00:00,253.0,461.621
2015-06-12 07:15:00,287.5,521.777
2015-06-12 07:30:00,320.5,583.203
2015-06-12 07:45:00,347.5,643.848
2015-06-12 08:00:00,373.5,702.93
2015-06-12 08:15:00,396.5,761.523
2015-06-12 08:30:00,412.0,817.383
2015-06-12 08:45:00,433.0,871.777
2015-06-12 09:00:00,450.0,919.336
2015-06-12 09:15:00,463.0,962.012
2015-06-12 09:30:00,473.5,1003.223
2015-06-12 09:45:00,492.0,1039.941
2015-06-12 10:00:00,503.5,1075.293
2015-06-12 10:15:00,502.0,1103.125
2015-06-12 10:30:00,510.0,1122.266
2015-06-12 10:45:00,513.0,1143.652
2015-06-12 11:00:00,508.0,1156.445
2015-06-12 11:15:00,507.5,1171.777
2015-06-12 11:30:00,513.0,1175.684
2015-06-12 11:45:00,520.0,1184.766
2015-06-12 12:00:00,536.5,1183.691
2015-06-12 12:15:00,547.0,978.418
2015-06-12 12:30:00,515.5,1208.496
2015-06-12 12:45:00,549.0,1187.012
2015-06-12 13:00:00,97.0,808.203
2015-06-12 13:15:00,512.0,1099.707
2015-06-12 13:30:00,505.5,1108.691
2015-06-12 13:45:00,500.0,1082.324
2015-06-12 14:00:00,479.5,871.289
2015-06-12 14:15:00,460.0,838.965
2015-06-12 14:30:00,437.0,949.707
2015-06-12 14:45:00,420.5,904.98
2015-06-12 15:00:00,403.0,851.855
2015-06-12 15:15:00,374.5,801.758
2015-06-12 15:30:00,362.5,759.277
2015-06-12 15:45:00,296.0,680.762
2015-06-12 16:00:00,211.5,642.578
2015-06-12 16:15:00,85.5,398.242
2015-06-12 16:30:00,44.5,94.336
2015-06-12 16:45:00,197.0,155.762
2015-06-12 17:00:00,40.5,298.535
2015-06-12 17:15:00,20.0,61.133
2015-06-12 17:30:00,18.0,32.715
2015-06-12 17:45:00,14.5,30.469
2015-06-12 18:00:00,12.0,24.121
2015-06-12 18:15:00,11.0,22.363
2015-06-12 18:30:00,9.0,20.898
2015-06-12 18:45:00,4.5,16.211
2015-06-12 19:00:00,-1.0,6.641
2015-06-12 19:15:00,-1.0,1.465
2015-06-12 19:30:00,-1.0,0.0
2015-06-12 19:45:00,0.0,0.586
2015-06-12 20:00:00,-1.0,0.0
2015-06-12 20:15:00,0.0,0.488
2015-06-12 20:30:00,0.0,0.488
2015-06-12 20:45:00,0.0,0.488
2015-06-12 21:00:00,0.0,0.586
2015-06-12 21:15:00,-1.0,0.586
2015-06-12 21:30:00,-1.0,0.684
2015-06-12 21:45:00,0.0,0.586
2015-06-12 22:00:00,0.0,0.586
2015-06-12 22:15:00,-1.0,0.586
2015-06-12 22:30:00,-1.0,0.586
2015-06-12 22:45:00,0.0,0.586
2015-06-12 23:00:00,0.0,0.586
2015-06-12 23:15:00,-1.0,0.488
2015-06-12 23:30:00,0.0,0.488
2015-06-12 23:45:00,0.0,0.586
2015-06-13 00:00:00,-1.0,0.488
2015-06-13 00:15:00,-1.0,0.391
2015-06-13 00:30:00,-1.0,0.488
2015-06-13 00:45:00,0.0,0.488
2015-06-13 01:00:00,-1.0,0.391
2015-06-13 01:15:00,-1.0,0.391
2015-06-13 01:30:00,0.0,0.293
2015-06-13 01:45:00,-1.0,0.293
2015-06-13 02:00:00,-1.0,0.391
2015-06-13 02:15:00,0.0,0.391
2015-06-13 02:30:00,-1.0,0.293
2015-06-13 02:45:00,0.0,0.391
2015-06-13 03:00:00,-1.0,0.293
2015-06-13 03:15:00,-1.0,0.293
2015-06-13 03:30:00,-1.0,0.293
2015-06-13 03:45:00,0.0,0.293
2015-06-13 04:00:00,-1.0,0.293
2015-06-13 04:15:00,-1.0,1.074
2015-06-13 04:30:00,-1.0,6.25
2015-06-13 04:45:00,14.0,21.875
2015-06-13 05:00:00,19.5,27.637
2015-06-13 05:15:00,30.0,57.617
2015-06-13 05:30:00,46.5,106.641
2015-06-13 05:45:00,69.5,163.867
2015-06-13 06:00:00,96.5,220.41
2015-06-13 06:15:00,124.5,274.805
2015-06-13 06:30:00,174.0,333.984
2015-06-13 06:45:00,211.5,395.703
2015-06-13 07:00:00,245.5,464.258
2015-06-13 07:15:00,280.0,525.195
2015-06-13 07:30:00,314.5,589.746
2015-06-13 07:45:00,341.5,650.586
2015-06-13 08:00:00,367.0,709.57
2015-06-13 08:15:00,391.5,768.848
2015-06-13 08:30:00,415.5,816.406
2015-06-13 08:45:00,435.0,875.586
2015-06-13 09:00:00,446.0,933.105
2015-06-13 09:15:00,473.5,985.254
2015-06-13 09:30:00,475.5,1030.859
2015-06-13 09:45:00,484.5,1064.355
2015-06-13 10:00:00,491.0,1094.629
2015-06-13 10:15:00,494.5,1122.168
2015-06-13 10:30:00,500.5,1148.535
2015-06-13 10:45:00,500.0,1171.582
2015-06-13 11:00:00,508.0,1201.367
2015-06-13 11:15:00,525.0,1240.918
2015-06-13 11:30:00,519.5,1300.098
2015-06-13 11:45:00,608.5,886.23
2015-06-13 12:00:00,256.5,1129.883
2015-06-13 12:15:00,476.5,685.742
2015-06-13 12:30:00,388.5,869.531
2015-06-13 12:45:00,277.0,682.617
2015-06-13 13:00:00,230.5,454.395
2015-06-13 13:15:00,568.0,1121.973
2015-06-13 13:30:00,521.5,925.586
2015-06-13 13:45:00,369.0,1164.258
2015-06-13 14:00:00,486.5,1020.898
2015-06-13 14:15:00,448.5,1028.809
2015-06-13 14:30:00,427.0,948.73
2015-06-13 14:45:00,405.0,884.766
2015-06-13 15:00:00,390.0,830.762
2015-06-13 15:15:00,367.0,778.516
2015-06-13 15:30:00,343.5,723.047
2015-06-13 15:45:00,312.5,665.527
2015-06-13 16:00:00,280.5,607.227
2015-06-13 16:15:00,253.0,547.754
2015-06-13 16:30:00,223.0,490.918
2015-06-13 16:45:00,192.0,427.734
2015-06-13 17:00:00,156.5,361.719
2015-06-13 17:15:00,121.5,295.215
2015-06-13 17:30:00,91.5,233.594
2015-06-13 17:45:00,68.0,183.887
2015-06-13 18:00:00,37.0,135.742
2015-06-13 18:15:00,11.0,59.082
2015-06-13 18:30:00,7.0,22.266
2015-06-13 18:45:00,3.0,11.133
2015-06-13 19:00:00,-1.0,0.0
2015-06-13 19:15:00,-1.0,1.758
2015-06-13 19:30:00,-1.0,0.781
2015-06-13 19:45:00,0.0,0.488
2015-06-13 20:00:00,-1.0,0.586
2015-06-13 20:15:00,-1.0,0.391
2015-06-13 20:30:00,0.0,0.488
2015-06-13 20:45:00,0.0,0.391
2015-06-13 21:00:00,0.0,0.391
2015-06-13 21:15:00,-1.0,0.488
2015-06-13 21:30:00,0.0,0.488
2015-06-13 21:45:00,0.0,0.0
2015-06-13 22:00:00,-1.0,0.488
2015-06-13 22:15:00,0.0,0.586
2015-06-13 22:30:00,-1.0,0.488
2015-06-13 22:45:00,-1.0,0.586
2015-06-13 23:00:00,-1.0,0.488
2015-06-13 23:15:00,0.0,0.488
2015-06-13 23:30:00,0.0,0.586
2015-06-13 23:45:00,0.0,0.488
2015-06-14 00:00:00,0.0,0.586
2015-06-14 00:15:00,-1.0,0.586
2015-06-14 00:30:00,-1.0,0.488
2015-06-14 00:45:00,0.0,0.488
2015-06-14 01:00:00,0.0,0.391
2015-06-14 01:15:00,0.0,0.488
2015-06-14 01:30:00,-1.0,0.391
2015-06-14 01:45:00,-1.0,0.391
2015-06-14 02:00:00,0.0,0.391
2015-06-14 02:15:00,0.0,0.391
2015-06-14 02:30:00,-1.0,0.293
2015-06-14 02:45:00,0.0,0.391
2015-06-14 03:00:00,-1.0,0.293
2015-06-14 03:15:00,0.0,0.293
2015-06-14 03:30:00,-1.0,0.293
2015-06-14 03:45:00,-1.0,0.391
2015-06-14 04:00:00,-1.0,0.391
2015-06-14 04:15:00,-1.0,0.977
2015-06-14 04:30:00,-1.0,4.492
2015-06-14 04:45:00,10.0,12.305
2015-06-14 05:00:00,17.5,20.41
2015-06-14 05:15:00,21.5,41.211
2015-06-14 05:30:00,49.5,100.684
2015-06-14 05:45:00,70.5,163.477
2015-06-14 06:00:00,94.5,216.309
2015-06-14 06:15:00,124.0,270.508
2015-06-14 06:30:00,164.0,334.863
2015-06-14 06:45:00,180.5,386.035
2015-06-14 07:00:00,226.0,353.809
2015-06-14 07:15:00,170.5,369.922
2015-06-14 07:30:00,321.0,543.457
2015-06-14 07:45:00,355.0,645.313
2015-06-14 08:00:00,376.0,724.414
2015-06-14 08:15:00,392.5,771.094
2015-06-14 08:30:00,416.5,819.629
2015-06-14 08:45:00,436.0,871.973
2015-06-14 09:00:00,453.5,929.883
2015-06-14 09:15:00,484.0,961.133
2015-06-14 09:30:00,489.0,1007.715
2015-06-14 09:45:00,488.0,1074.316
2015-06-14 10:00:00,494.5,1089.551
2015-06-14 10:15:00,506.5,1118.164
2015-06-14 10:30:00,498.0,1140.039
2015-06-14 10:45:00,500.5,1150.0
2015-06-14 11:00:00,503.5,1164.941
2015-06-14 11:15:00,496.5,1168.262
2015-06-14 11:30:00,506.5,1181.836
2015-06-14 11:45:00,515.0,1208.594
2015-06-14 12:00:00,511.0,1142.871
2015-06-14 12:15:00,454.5,1179.687
2015-06-14 12:30:00,492.0,1166.113
2015-06-14 12:45:00,479.5,1175.195
2015-06-14 13:00:00,464.0,1155.664
2015-06-14 13:15:00,461.5,1128.027
2015-06-14 13:30:00,465.0,1102.93
2015-06-14 13:45:00,77.5,342.383
2015-06-14 14:00:00,62.5,136.23
2015-06-14 14:15:00,41.5,98.438
2015-06-14 14:30:00,29.5,62.695
2015-06-14 14:45:00,55.0,70.508
2015-06-14 15:00:00,99.5,121.875
2015-06-14 15:15:00,121.5,242.285
2015-06-14 15:30:00,141.5,212.793
2015-06-14 15:45:00,190.0,411.914
2015-06-14 16:00:00,271.0,418.359
2015-06-14 16:15:00,153.5,535.156
2015-06-14 16:30:00,247.5,544.336
2015-06-14 16:45:00,247.5,537.598
2015-06-14 17:00:00,169.0,415.43
2015-06-14 17:15:00,127.5,302.051
2015-06-14 17:30:00,93.5,236.914
2015-06-14 17:45:00,62.0,182.715
2015-06-14 18:00:00,35.5,123.047
2015-06-14 18:15:00,20.0,66.406
2015-06-14 18:30:00,11.0,31.836
2015-06-14 18:45:00,6.5,17.285
2015-06-14 19:00:00,2.0,8.398
2015-06-14 19:15:00,0.0,2.344
2015-06-14 19:30:00,-1.0,0.586
2015-06-14 19:45:00,-1.0,0.391
2015-06-14 20:00:00,0.0,0.488
2015-06-14 20:15:00,0.0,0.488
2015-06-14 20:30:00,0.0,0.0
2015-06-14 20:45:00,-1.0,0.684
2015-06-14 21:00:00,0.0,0.488
2015-06-14 21:15:00,0.0,0.488
2015-06-14 21:30:00,0.0,0.586
2015-06-14 21:45:00,0.0,0.488
2015-06-14 22:00:00,-1.0,0.488
2015-06-14 22:15:00,-1.0,0.488
2015-06-14 22:30:00,0.0,0.0
2015-06-14 22:45:00,0.0,0.488
2015-06-14 23:00:00,0.0,0.488
2015-06-14 23:15:00,-1.0,0.0
2015-06-14 23:30:00,-1.0,0.488
2015-06-14 23:45:00,0.0,0.391
2015-06-15 00:00:00,0.0,0.391
2015-06-15 00:15:00,0.0,0.391
2015-06-15 00:30:00,-1.0,0.488
2015-06-15 00:45:00,-1.0,0.391
2015-06-15 01:00:00,0.0,0.391
2015-06-15 01:15:00,-1.0,0.391
2015-06-15 01:30:00,0.0,0.488
2015-06-15 01:45:00,-1.0,0.391
2015-06-15 02:00:00,-1.0,0.391
2015-06-15 02:15:00,-1.0,0.391
2015-06-15 02:30:00,-1.0,0.391
2015-06-15 02:45:00,0.0,0.293
2015-06-15 03:00:00,-1.0,0.0
2015-06-15 03:15:00,-1.0,0.293
2015-06-15 03:30:00,0.0,0.391
2015-06-15 03:45:00,-1.0,0.391
2015-06-15 04:00:00,-1.0,0.293
2015-06-15 04:15:00,-1.0,1.074
2015-06-15 04:30:00,-1.0,4.59
2015-06-15 04:45:00,10.0,12.402
2015-06-15 05:00:00,16.5,20.898
2015-06-15 05:15:00,30.0,48.828
2015-06-15 05:30:00,45.5,99.219
2015-06-15 05:45:00,67.5,157.324
2015-06-15 06:00:00,93.0,213.672
2015-06-15 06:15:00,122.0,268.164
2015-06-15 06:30:00,157.0,329.785
2015-06-15 06:45:00,210.5,390.234
2015-06-15 07:00:00,246.0,457.422
2015-06-15 07:15:00,281.0,519.531
2015-06-15 07:30:00,317.5,585.938
2015-06-15 07:45:00,341.5,652.734
2015-06-15 08:00:00,377.0,686.914
2015-06-15 08:15:00,406.0,776.367
2015-06-15 08:30:00,440.0,843.164
2015-06-15 08:45:00,292.5,860.352
2015-06-15 09:00:00,172.0,851.563
2015-06-15 09:15:00,386.5,909.57
2015-06-15 09:30:00,532.5,876.66
2015-06-15 09:45:00,525.5,1195.801
2015-06-15 10:00:00,392.5,724.023
2015-06-15 10:15:00,544.0,968.164
2015-06-15 10:30:00,558.5,1053.711
2015-06-15 10:45:00,527.0,1183.105
2015-06-15 11:00:00,516.0,1198.73
2015-06-15 11:15:00,523.5,1189.551
2015-06-15 11:30:00,534.5,1186.523
2015-06-15 11:45:00,525.0,1183.008
2015-06-15 12:00:00,521.5,1190.234
2015-06-15 12:15:00,545.0,1200.391
2015-06-15 12:30:00,531.0,1193.359
2015-06-15 12:45:00,543.0,1189.258
2015-06-15 13:00:00,535.5,1161.523
2015-06-15 13:15:00,525.5,1141.797
2015-06-15 13:30:00,517.0,1111.523
2015-06-15 13:45:00,501.5,1073.633
2015-06-15 14:00:00,480.5,1034.473
2015-06-15 14:15:00,469.0,989.551
2015-06-15 14:30:00,444.5,940.332
2015-06-15 14:45:00,429.0,891.699
2015-06-15 15:00:00,405.5,839.648
2015-06-15 15:15:00,381.0,787.305
2015-06-15 15:30:00,355.5,731.934
2015-06-15 15:45:00,332.0,675.586
2015-06-15 16:00:00,297.5,617.969
2015-06-15 16:15:00,266.5,557.031
2015-06-15 16:30:00,230.5,496.094
2015-06-15 16:45:00,198.0,434.277
2015-06-15 17:00:00,164.5,370.41
2015-06-15 17:15:00,130.5,309.961
2015-06-15 17:30:00,97.0,251.074
2015-06-15 17:45:00,62.0,192.09
2015-06-15 18:00:00,36.0,130.273
2015-06-15 18:15:00,16.5,67.09
2015-06-15 18:30:00,10.0,29.98
2015-06-15 18:45:00,6.0,15.723
2015-06-15 19:00:00,2.0,8.105
2015-06-15 19:15:00,0.5,2.734
2015-06-15 19:30:00,-1.0,0.684
2015-06-15 19:45:00,-1.0,0.488
2015-06-15 20:00:00,0.0,0.391
2015-06-15 20:15:00,0.0,0.488
2015-06-15 20:30:00,0.0,0.488
2015-06-15 20:45:00,0.0,0.488
2015-06-15 21:00:00,0.0,0.488
2015-06-15 21:15:00,0.0,0.586
2015-06-15 21:30:00,-1.0,0.488
2015-06-15 21:45:00,0.0,0.586
2015-06-15 22:00:00,0.0,0.488
2015-06-15 22:15:00,0.0,0.586
2015-06-15 22:30:00,-1.0,0.586
2015-06-15 22:45:00,0.0,0.488
2015-06-15 23:00:00,-1.0,0.0
2015-06-15 23:15:00,-1.0,0.586
2015-06-15 23:30:00,0.0,0.488
2015-06-15 23:45:00,-1.0,0.684
2015-06-16 00:00:00,0.0,0.586
2015-06-16 00:15:00,0.0,0.586
2015-06-16 00:30:00,-1.0,0.488
2015-06-16 00:45:00,0.0,0.488
2015-06-16 01:00:00,0.0,0.488
2015-06-16 01:15:00,0.0,0.391
2015-06-16 01:30:00,0.0,0.488
2015-06-16 01:45:00,-1.0,0.488
2015-06-16 02:00:00,-1.0,0.391
2015-06-16 02:15:00,-1.0,0.488
2015-06-16 02:30:00,-1.0,0.0
2015-06-16 02:45:00,-1.0,0.293
2015-06-16 03:00:00,-1.0,0.391
2015-06-16 03:15:00,-1.0,0.391
2015-06-16 03:30:00,0.0,0.391
2015-06-16 03:45:00,-1.0,0.391
2015-06-16 04:00:00,-1.0,0.391
2015-06-16 04:15:00,-1.0,1.172
2015-06-16 04:30:00,-1.0,4.785
2015-06-16 04:45:00,8.0,11.523
2015-06-16 05:00:00,16.5,18.555
2015-06-16 05:15:00,24.5,52.051
2015-06-16 05:30:00,47.5,112.5
2015-06-16 05:45:00,71.5,178.516
2015-06-16 06:00:00,107.0,237.109
2015-06-16 06:15:00,132.0,296.094
2015-06-16 06:30:00,171.0,359.57
2015-06-16 06:45:00,228.0,424.609
2015-06-16 07:00:00,265.0,496.68
2015-06-16 07:15:00,303.5,561.23
2015-06-16 07:30:00,334.0,629.785
2015-06-16 07:45:00,369.5,693.75
2015-06-16 08:00:00,398.0,758.789
2015-06-16 08:15:00,423.5,821.777
2015-06-16 08:30:00,448.0,881.055
2015-06-16 08:45:00,466.0,933.789
2015-06-16 09:00:00,485.0,986.035
2015-06-16 09:15:00,503.5,1038.086
2015-06-16 09:30:00,517.0,1084.668
2015-06-16 09:45:00,537.0,1122.559
2015-06-16 10:00:00,546.5,1159.277
2015-06-16 10:15:00,561.5,1190.43
2015-06-16 10:30:00,566.0,1212.402
2015-06-16 10:45:00,571.0,1229.102
2015-06-16 11:00:00,574.0,1241.211
2015-06-16 11:15:00,581.5,1253.32
2015-06-16 11:30:00,582.5,1258.984
2015-06-16 11:45:00,581.0,1264.551
2015-06-16 12:00:00,585.0,1264.844
2015-06-16 12:15:00,581.5,1262.012
2015-06-16 12:30:00,577.5,1255.273
2015-06-16 12:45:00,569.5,1238.965
2015-06-16 13:00:00,567.0,1220.41
2015-06-16 13:15:00,556.5,1197.656
2015-06-16 13:30:00,545.0,1169.043
2015-06-16 13:45:00,528.5,1134.766
2015-06-16 14:00:00,510.0,1094.434
2015-06-16 14:15:00,490.0,1054.004
2015-06-16 14:30:00,467.0,1005.469
2015-06-16 14:45:00,450.0,954.59
2015-06-16 15:00:00,427.5,900.391
2015-06-16 15:15:00,403.5,841.406
2015-06-16 15:30:00,373.5,781.055
2015-06-16 15:45:00,341.5,715.234
2015-06-16 16:00:00,306.0,653.027
2015-06-16 16:15:00,272.0,590.918
2015-06-16 16:30:00,232.0,525.977
2015-06-16 16:45:00,195.0,458.594
2015-06-16 17:00:00,159.5,391.309
2015-06-16 17:15:00,127.5,325.684
2015-06-16 17:30:00,95.5,263.867
2015-06-16 17:45:00,62.5,204.102
2015-06-16 18:00:00,37.5,137.305
2015-06-16 18:15:00,17.5,71.191
2015-06-16 18:30:00,10.0,31.738
2015-06-16 18:45:00,6.0,15.332
2015-06-16 19:00:00,2.0,8.203
2015-06-16 19:15:00,0.0,2.832
2015-06-16 19:30:00,-1.0,0.781
2015-06-16 19:45:00,0.0,0.488
2015-06-16 20:00:00,0.0,0.586
2015-06-16 20:15:00,0.0,0.586
2015-06-16 20:30:00,0.0,0.488
2015-06-16 20:45:00,0.0,0.586
2015-06-16 21:00:00,0.0,0.586
2015-06-16 21:15:00,0.0,0.586
2015-06-16 21:30:00,-1.0,0.0
2015-06-16 21:45:00,0.0,0.586
2015-06-16 22:00:00,-1.0,0.488
2015-06-16 22:15:00,-1.0,0.488
2015-06-16 22:30:00,-1.0,0.488
2015-06-16 22:45:00,0.0,0.488
2015-06-16 23:00:00,-1.0,0.391
2015-06-16 23:15:00,0.0,0.391
2015-06-16 23:30:00,-1.0,0.293
2015-06-16 23:45:00,0.0,0.293
2015-06-17 00:00:00,0.0,0.391
2015-06-17 00:15:00,-1.0,0.391
2015-06-17 00:30:00,0.0,0.293
2015-06-17 00:45:00,-1.0,0.391
2015-06-17 01:00:00,0.0,0.293
2015-06-17 01:15:00,-1.0,0.195
2015-06-17 01:30:00,0.0,0.293
2015-06-17 01:45:00,0.0,0.195
2015-06-17 02:00:00,-1.0,0.0
2015-06-17 02:15:00,-1.0,0.195
2015-06-17 02:30:00,-1.0,0.0
2015-06-17 02:45:00,-1.0,0.098
2015-06-17 03:00:00,-1.0,0.195
2015-06-17 03:15:00,-1.0,0.195
2015-06-17 03:30:00,0.0,0.195
2015-06-17 03:45:00,-1.0,0.195
2015-06-17 04:00:00,-1.0,0.293
2015-06-17 04:15:00,1.0,1.074
2015-06-17 04:30:00,-1.0,4.688
2015-06-17 04:45:00,8.5,11.719
2015-06-17 05:00:00,15.5,18.75
2015-06-17 05:15:00,31.0,53.32
2015-06-17 05:30:00,47.5,115.234
2015-06-17 05:45:00,77.5,182.52
2015-06-17 06:00:00,104.5,242.578
2015-06-17 06:15:00,139.0,302.832
2015-06-17 06:30:00,195.0,366.602
2015-06-17 06:45:00,230.5,432.227
2015-06-17 07:00:00,268.5,505.762
2015-06-17 07:15:00,305.0,570.508
2015-06-17 07:30:00,337.5,637.988
2015-06-17 07:45:00,369.0,701.465
2015-06-17 08:00:00,394.0,763.77
2015-06-17 08:15:00,414.0,823.926
2015-06-17 08:30:00,433.0,881.445
2015-06-17 08:45:00,452.0,935.059
2015-06-17 09:00:00,468.0,988.477
2015-06-17 09:15:00,480.5,1035.547
2015-06-17 09:30:00,496.0,1084.668
2015-06-17 09:45:00,500.0,1091.016
2015-06-17 10:00:00,500.0,1151.66
2015-06-17 10:15:00,520.0,1185.156
2015-06-17 10:30:00,513.5,1207.227
2015-06-17 10:45:00,513.5,1233.008
2015-06-17 11:00:00,496.5,1215.332
2015-06-17 11:15:00,503.5,1200.781
2015-06-17 11:30:00,560.5,1138.184
2015-06-17 11:45:00,573.0,1250.781
2015-06-17 12:00:00,449.5,1221.191
2015-06-17 12:15:00,533.0,1100.098
2015-06-17 12:30:00,590.5,1164.941
2015-06-17 12:45:00,492.0,1166.699
2015-06-17 13:00:00,506.5,1101.66
2015-06-17 13:15:00,402.0,1165.43
2015-06-17 13:30:00,531.0,1093.75
2015-06-17 13:45:00,579.0,1175.488
2015-06-17 14:00:00,314.5,1062.305
2015-06-17 14:15:00,311.5,466.797
2015-06-17 14:30:00,515.5,1102.637
2015-06-17 14:45:00,183.5,838.965
2015-06-17 15:00:00,303.0,757.91
2015-06-17 15:15:00,480.5,750.195
2015-06-17 15:30:00,307.0,772.363
2015-06-17 15:45:00,343.5,741.602
2015-06-17 16:00:00,319.0,811.816
2015-06-17 16:15:00,328.5,738.867
2015-06-17 16:30:00,197.5,559.766
2015-06-17 16:45:00,147.5,422.266
2015-06-17 17:00:00,144.0,263.867
2015-06-17 17:15:00,197.0,287.012
2015-06-17 17:30:00,136.0,345.117
2015-06-17 17:45:00,87.0,257.715
2015-06-17 18:00:00,47.5,164.746
2015-06-17 18:15:00,27.0,91.211
2015-06-17 18:30:00,10.5,44.043
2015-06-17 18:45:00,7.0,21.191
2015-06-17 19:00:00,2.0,9.863
2015-06-17 19:15:00,0.5,3.32
2015-06-17 19:30:00,-1.0,0.586
2015-06-17 19:45:00,-1.0,0.488
2015-06-17 20:00:00,-1.0,0.488
2015-06-17 20:15:00,0.0,0.488
2015-06-17 20:30:00,0.0,0.488
2015-06-17 20:45:00,0.0,0.586
2015-06-17 21:00:00,0.0,0.586
2015-06-17 21:15:00,0.0,0.0
2015-06-17 21:30:00,0.0,0.684
2015-06-17 21:45:00,0.0,0.586
2015-06-17 22:00:00,0.0,0.488
2015-06-17 22:15:00,0.0,0.586
2015-06-17 22:30:00,0.0,0.488
2015-06-17 22:45:00,0.0,0.586
2015-06-17 23:00:00,0.0,0.488
2015-06-17 23:15:00,-1.0,0.391
2015-06-17 23:30:00,-1.0,0.488
2015-06-17 23:45:00,0.0,0.488
2015-06-18 00:00:00,-1.0,0.586
2015-06-18 00:15:00,-1.0,0.586
2015-06-18 00:30:00,-1.0,0.391
2015-06-18 00:45:00,-1.0,0.488
2015-06-18 01:00:00,0.0,0.293
2015-06-18 01:15:00,-1.0,0.391
2015-06-18 01:30:00,0.0,0.391
2015-06-18 01:45:00,-1.0,0.391
2015-06-18 02:00:00,-1.0,0.293
2015-06-18 02:15:00,0.0,0.391
2015-06-18 02:30:00,-1.0,0.391
2015-06-18 02:45:00,-1.0,0.293
2015-06-18 03:00:00,-1.0,0.293
2015-06-18 03:15:00,-1.0,0.293
2015-06-18 03:30:00,0.0,0.293
2015-06-18 03:45:00,-1.0,0.293
2015-06-18 04:00:00,-1.0,0.391
2015-06-18 04:15:00,-1.0,0.977
2015-06-18 04:30:00,-1.0,4.492
2015-06-18 04:45:00,8.5,11.23
2015-06-18 05:00:00,15.5,18.262
2015-06-18 05:15:00,30.0,50.0
2015-06-18 05:30:00,49.0,110.547
2015-06-18 05:45:00,76.5,178.906
2015-06-18 06:00:00,110.5,238.867
2015-06-18 06:15:00,146.0,298.633
2015-06-18 06:30:00,190.0,361.816
2015-06-18 06:45:00,227.0,428.223
2015-06-18 07:00:00,266.5,502.051
2015-06-18 07:15:00,303.5,566.602
2015-06-18 07:30:00,337.5,634.473
2015-06-18 07:45:00,366.5,698.633
2015-06-18 08:00:00,388.5,761.328
2015-06-18 08:15:00,412.0,820.703
2015-06-18 08:30:00,432.5,877.637
2015-06-18 08:45:00,450.5,933.496
2015-06-18 09:00:00,466.0,987.598
2015-06-18 09:15:00,477.5,1034.961
2015-06-18 09:30:00,490.0,1076.758
2015-06-18 09:45:00,496.0,1111.523
2015-06-18 10:00:00,515.5,1143.359
2015-06-18 10:15:00,527.5,1173.828
2015-06-18 10:30:00,530.5,1195.605
2015-06-18 10:45:00,531.5,1214.258
2015-06-18 11:00:00,552.5,1228.418
2015-06-18 11:15:00,546.0,1238.184
2015-06-18 11:30:00,547.0,1244.727
2015-06-18 11:45:00,551.5,1245.313
2015-06-18 12:00:00,549.0,1245.313
2015-06-18 12:15:00,542.0,1242.578
2015-06-18 12:30:00,544.0,1232.91
2015-06-18 12:45:00,538.0,1220.02
2015-06-18 13:00:00,538.5,1204.297
2015-06-18 13:15:00,533.5,1177.051
2015-06-18 13:30:00,520.0,1151.953
2015-06-18 13:45:00,503.5,1118.945
2015-06-18 14:00:00,490.5,1075.098
2015-06-18 14:15:00,470.5,1027.93
2015-06-18 14:30:00,450.5,979.492
2015-06-18 14:45:00,433.0,925.098
2015-06-18 15:00:00,409.0,872.266
2015-06-18 15:15:00,385.0,815.625
2015-06-18 15:30:00,361.0,761.328
2015-06-18 15:45:00,336.0,701.855
2015-06-18 16:00:00,299.0,639.746
2015-06-18 16:15:00,267.5,574.707
2015-06-18 16:30:00,234.0,511.426
2015-06-18 16:45:00,199.5,446.094
2015-06-18 17:00:00,167.0,381.445
2015-06-18 17:15:00,132.5,316.797
2015-06-18 17:30:00,99.5,256.152
2015-06-18 17:45:00,66.5,198.828
2015-06-18 18:00:00,39.0,135.449
2015-06-18 18:15:00,18.5,72.168
2015-06-18 18:30:00,10.0,33.203
2015-06-18 18:45:00,4.5,16.797
2015-06-18 19:00:00,2.0,8.105
2015-06-18 19:15:00,0.0,0.0
2015-06-18 19:30:00,-1.0,0.684
2015-06-18 19:45:00,0.0,0.391
2015-06-18 20:00:00,0.0,0.391
2015-06-18 20:15:00,0.0,0.391
2015-06-18 20:30:00,0.0,0.391
2015-06-18 20:45:00,-1.0,0.391
2015-06-18 21:00:00,-1.0,0.391
2015-06-18 21:15:00,0.0,0.586
2015-06-18 21:30:00,-1.0,0.488
2015-06-18 21:45:00,0.0,0.488
2015-06-18 22:00:00,0.0,0.0
2015-06-18 22:15:00,0.0,0.488
2015-06-18 22:30:00,0.0,0.488
2015-06-18 22:45:00,0.0,0.391
2015-06-18 23:00:00,0.0,0.293
2015-06-18 23:15:00,-1.0,0.391
2015-06-18 23:30:00,-1.0,0.391
2015-06-18 23:45:00,0.0,0.293
2015-06-19 00:00:00,0.0,0.391
2015-06-19 00:15:00,-1.0,0.293
2015-06-19 00:30:00,0.0,0.293
2015-06-19 00:45:00,-1.0,0.293
2015-06-19 01:00:00,-1.0,0.195
2015-06-19 01:15:00,-1.0,0.293
2015-06-19 01:30:00,0.0,0.195
2015-06-19 01:45:00,-1.0,0.293
2015-06-19 02:00:00,-1.0,0.195
2015-06-19 02:15:00,0.0,0.195
2015-06-19 02:30:00,-1.0,0.098
2015-06-19 02:45:00,-1.0,0.098
2015-06-19 03:00:00,-1.0,0.293
2015-06-19 03:15:00,-1.0,0.195
2015-06-19 03:30:00,-1.0,0.195
2015-06-19 03:45:00,-1.0,0.293
2015-06-19 04:00:00,-1.0,0.293
2015-06-19 04:15:00,1.0,1.074
2015-06-19 04:30:00,-1.0,4.98
2015-06-19 04:45:00,9.0,12.793
2015-06-19 05:00:00,17.5,20.313
2015-06-19 05:15:00,31.0,50.684
2015-06-19 05:30:00,50.5,110.254
2015-06-19 05:45:00,78.0,175.684
2015-06-19 06:00:00,110.5,238.477
2015-06-19 06:15:00,147.5,296.191
2015-06-19 06:30:00,189.5,358.105
2015-06-19 06:45:00,232.5,427.734
2015-06-19 07:00:00,147.5,479.785
2015-06-19 07:15:00,278.5,464.844
2015-06-19 07:30:00,354.0,570.898
2015-06-19 07:45:00,252.0,636.621
2015-06-19 08:00:00,395.5,744.531
2015-06-19 08:15:00,407.0,822.754
2015-06-19 08:30:00,432.5,872.559
2015-06-19 08:45:00,450.0,933.496
2015-06-19 09:00:00,464.0,977.832
2015-06-19 09:15:00,479.5,1019.824
2015-06-19 09:30:00,489.0,1064.453
2015-06-19 09:45:00,499.5,1105.078
2015-06-19 10:00:00,508.5,1137.012
2015-06-19 10:15:00,513.0,1167.383
2015-06-19 10:30:00,511.0,1192.187
2015-06-19 10:45:00,513.5,1212.988
2015-06-19 11:00:00,515.5,1224.023
2015-06-19 11:15:00,518.0,1233.398
2015-06-19 11:30:00,511.5,1235.059
2015-06-19 11:45:00,508.0,1237.695
2015-06-19 12:00:00,491.0,1236.523
2015-06-19 12:15:00,502.5,1234.18
2015-06-19 12:30:00,508.5,1226.855
2015-06-19 12:45:00,484.0,1214.551
2015-06-19 13:00:00,490.0,1192.383
2015-06-19 13:15:00,486.5,1165.137
2015-06-19 13:30:00,482.5,1136.133
2015-06-19 13:45:00,476.5,1103.223
2015-06-19 14:00:00,462.0,1066.895
2015-06-19 14:15:00,442.0,1024.805
2015-06-19 14:30:00,431.0,979.395
2015-06-19 14:45:00,417.5,930.469
2015-06-19 15:00:00,398.5,875.781
2015-06-19 15:15:00,374.5,815.43
2015-06-19 15:30:00,353.5,760.938
2015-06-19 15:45:00,324.5,701.563
2015-06-19 16:00:00,293.5,638.867
2015-06-19 16:15:00,265.0,575.391
2015-06-19 16:30:00,224.5,511.719
2015-06-19 16:45:00,196.0,446.875
2015-06-19 17:00:00,162.5,382.422
2015-06-19 17:15:00,129.5,318.164
2015-06-19 17:30:00,96.5,256.25
2015-06-19 17:45:00,64.0,198.633
2015-06-19 18:00:00,38.0,136.23
2015-06-19 18:15:00,19.5,72.559
2015-06-19 18:30:00,11.0,33.496
2015-06-19 18:45:00,7.0,17.676
2015-06-19 19:00:00,2.0,8.984
2015-06-19 19:15:00,0.5,2.734
2015-06-19 19:30:00,-1.0,0.684
2015-06-19 19:45:00,0.0,0.488
2015-06-19 20:00:00,0.0,0.391
2015-06-19 20:15:00,0.0,0.391
2015-06-19 20:30:00,-1.0,0.293
2015-06-19 20:45:00,0.0,0.488
2015-06-19 21:00:00,-1.0,0.488
2015-06-19 21:15:00,0.0,0.391
2015-06-19 21:30:00,0.0,0.488
2015-06-19 21:45:00,0.0,0.391
2015-06-19 22:00:00,-1.0,0.488
2015-06-19 22:15:00,0.0,0.488
2015-06-19 22:30:00,-1.0,0.488
2015-06-19 22:45:00,0.0,0.391
2015-06-19 23:00:00,-1.0,0.488
2015-06-19 23:15:00,0.0,0.391
2015-06-19 23:30:00,-1.0,0.293
2015-06-19 23:45:00,-1.0,0.391
2015-06-20 00:00:00,-1.0,0.391
2015-06-20 00:15:00,0.0,0.391
2015-06-20 00:30:00,-1.0,0.391
2015-06-20 00:45:00,-1.0,0.0
2015-06-20 01:00:00,0.0,0.0
2015-06-20 01:15:00,-1.0,0.195
2015-06-20 01:30:00,-1.0,0.195
2015-06-20 01:45:00,0.0,0.293
2015-06-20 02:00:00,-1.0,0.195
2015-06-20 02:15:00,-1.0,0.293
2015-06-20 02:30:00,0.0,0.391
2015-06-20 02:45:00,0.0,0.195
2015-06-20 03:00:00,-1.0,0.195
2015-06-20 03:15:00,-1.0,0.293
2015-06-20 03:30:00,-1.0,0.195
2015-06-20 03:45:00,-1.0,0.195
2015-06-20 04:00:00,-1.0,0.293
2015-06-20 04:15:00,-1.0,0.977
2015-06-20 04:30:00,-1.0,4.395
2015-06-20 04:45:00,9.0,12.012
2015-06-20 05:00:00,18.5,20.703
2015-06-20 05:15:00,25.5,50.391
2015-06-20 05:30:00,49.5,104.785
2015-06-20 05:45:00,71.5,169.434
2015-06-20 06:00:00,99.5,228.027
2015-06-20 06:15:00,133.5,287.5
2015-06-20 06:30:00,185.5,350.879
2015-06-20 06:45:00,221.0,416.113
2015-06-20 07:00:00,255.5,488.574
2015-06-20 07:15:00,292.5,552.148
2015-06-20 07:30:00,325.0,618.359
2015-06-20 07:45:00,355.5,679.785
2015-06-20 08:00:00,381.0,740.82
2015-06-20 08:15:00,405.0,800.977
2015-06-20 08:30:00,422.5,859.375
2015-06-20 08:45:00,442.0,914.258
2015-06-20 09:00:00,459.0,965.234
2015-06-20 09:15:00,469.5,1012.402
2015-06-20 09:30:00,486.0,1058.984
2015-06-20 09:45:00,494.5,1097.07
2015-06-20 10:00:00,504.0,1132.227
2015-06-20 10:15:00,505.5,1162.891
2015-06-20 10:30:00,507.5,1189.062
2015-06-20 10:45:00,501.5,1207.227
2015-06-20 11:00:00,502.0,1219.922
2015-06-20 11:15:00,506.0,1229.297
2015-06-20 11:30:00,501.5,1235.352
2015-06-20 11:45:00,500.0,1238.574
2015-06-20 12:00:00,491.0,1241.895
2015-06-20 12:15:00,498.5,1237.598
2015-06-20 12:30:00,494.0,1229.785
2015-06-20 12:45:00,492.5,1216.699
2015-06-20 13:00:00,482.5,1198.633
2015-06-20 13:15:00,478.5,1176.562
2015-06-20 13:30:00,477.0,1148.145
2015-06-20 13:45:00,474.5,1114.16
2015-06-20 14:00:00,457.0,1075.0
2015-06-20 14:15:00,455.5,1036.23
2015-06-20 14:30:00,442.0,991.113
2015-06-20 14:45:00,419.5,935.938
2015-06-20 15:00:00,397.5,880.664
2015-06-20 15:15:00,380.5,820.02
2015-06-20 15:30:00,357.5,763.379
2015-06-20 15:45:00,324.0,701.758
2015-06-20 16:00:00,287.5,633.789
2015-06-20 16:15:00,261.0,572.363
2015-06-20 16:30:00,223.0,514.258
2015-06-20 16:45:00,194.0,451.172
2015-06-20 17:00:00,166.0,386.035
2015-06-20 17:15:00,133.5,323.926
2015-06-20 17:30:00,102.5,266.504
2015-06-20 17:45:00,70.0,210.547
2015-06-20 18:00:00,40.5,144.043
2015-06-20 18:15:00,20.5,74.316
2015-06-20 18:30:00,11.0,34.766
2015-06-20 18:45:00,5.0,19.922
2015-06-20 19:00:00,-1.0,7.227
2015-06-20 19:15:00,0.0,2.246
2015-06-20 19:30:00,0.0,0.879
2015-06-20 19:45:00,0.0,0.684
2015-06-20 20:00:00,0.0,0.684
2015-06-20 20:15:00,0.0,0.488
2015-06-20 20:30:00,0.0,0.488
2015-06-20 20:45:00,0.0,0.391
2015-06-20 21:00:00,0.0,0.488
2015-06-20 21:15:00,0.0,0.391
2015-06-20 21:30:00,0.0,0.391
2015-06-20 21:45:00,0.0,0.488
2015-06-20 22:00:00,0.0,0.391
2015-06-20 22:15:00,0.0,0.0
2015-06-20 22:30:00,0.0,0.586
2015-06-20 22:45:00,0.0,0.488
2015-06-20 23:00:00,0.0,0.586
2015-06-20 23:15:00,0.0,0.488
2015-06-20 23:30:00,0.0,0.684
2015-06-20 23:45:00,0.0,0.586
2015-06-21 00:00:00,0.0,0.0
2015-06-21 00:15:00,0.0,0.586
2015-06-21 00:30:00,0.0,0.488
2015-06-21 00:45:00,0.0,0.586
2015-06-21 01:00:00,-1.0,0.488
2015-06-21 01:15:00,-1.0,0.586
2015-06-21 01:30:00,-1.0,0.488
2015-06-21 01:45:00,0.0,0.586
2015-06-21 02:00:00,-1.0,0.488
2015-06-21 02:15:00,-1.0,0.488
2015-06-21 02:30:00,-1.0,0.488
2015-06-21 02:45:00,0.0,0.488
2015-06-21 03:00:00,-1.0,0.586
2015-06-21 03:15:00,0.0,0.0
2015-06-21 03:30:00,-1.0,0.488
2015-06-21 03:45:00,-1.0,0.391
2015-06-21 04:00:00,-1.0,0.391
2015-06-21 04:15:00,-1.0,0.684
2015-06-21 04:30:00,2.5,2.637
2015-06-21 04:45:00,7.0,9.375
2015-06-21 05:00:00,18.0,19.824
2015-06-21 05:15:00,27.0,50.195
2015-06-21 05:30:00,47.5,106.055
2015-06-21 05:45:00,72.5,166.602
2015-06-21 06:00:00,105.0,228.418
2015-06-21 06:15:00,143.5,290.625
2015-06-21 06:30:00,184.5,354.98
2015-06-21 06:45:00,222.0,421.289
2015-06-21 07:00:00,257.0,494.727
2015-06-21 07:15:00,287.5,552.441
2015-06-21 07:30:00,311.5,608.789
2015-06-21 07:45:00,344.0,650.098
2015-06-21 08:00:00,386.0,738.086
2015-06-21 08:15:00,415.5,805.469
2015-06-21 08:30:00,438.5,863.574
2015-06-21 08:45:00,463.5,917.383
2015-06-21 09:00:00,491.0,976.172
2015-06-21 09:15:00,503.5,1029.004
2015-06-21 09:30:00,519.0,1067.578
2015-06-21 09:45:00,529.5,1101.074
2015-06-21 10:00:00,548.0,1137.793
2015-06-21 10:15:00,552.5,1162.988
2015-06-21 10:30:00,562.0,1187.012
2015-06-21 10:45:00,570.0,1204.98
2015-06-21 11:00:00,578.5,1222.461
2015-06-21 11:15:00,580.5,1218.848
2015-06-21 11:30:00,592.0,1236.719
2015-06-21 11:45:00,585.0,1237.695
2015-06-21 12:00:00,579.5,1245.605
2015-06-21 12:15:00,575.0,1251.953
2015-06-21 12:30:00,565.0,1236.23
2015-06-21 12:45:00,560.5,1221.973
2015-06-21 13:00:00,549.0,1205.078
2015-06-21 13:15:00,538.5,1177.637
2015-06-21 13:30:00,534.5,1151.367
2015-06-21 13:45:00,517.0,1117.285
2015-06-21 14:00:00,505.5,1079.59
2015-06-21 14:15:00,490.5,1037.402
2015-06-21 14:30:00,471.5,987.793
2015-06-21 14:45:00,442.0,928.027
2015-06-21 15:00:00,413.5,872.266
2015-06-21 15:15:00,394.5,809.668
2015-06-21 15:30:00,357.5,743.945
2015-06-21 15:45:00,330.5,680.469
2015-06-21 16:00:00,305.5,620.215
2015-06-21 16:15:00,252.0,562.5
2015-06-21 16:30:00,230.0,489.062
2015-06-21 16:45:00,193.0,428.711
2015-06-21 17:00:00,164.5,365.137
2015-06-21 17:15:00,137.5,314.648
2015-06-21 17:30:00,120.0,259.277
2015-06-21 17:45:00,84.0,228.32
2015-06-21 18:00:00,43.0,150.488
2015-06-21 18:15:00,20.5,78.418
2015-06-21 18:30:00,8.5,35.449
2015-06-21 18:45:00,6.0,18.457
2015-06-21 19:00:00,-1.0,7.129
2015-06-21 19:15:00,0.0,2.441
2015-06-21 19:30:00,-1.0,0.977
2015-06-21 19:45:00,-1.0,0.586
2015-06-21 20:00:00,0.0,0.488
2015-06-21 20:15:00,0.0,0.391
2015-06-21 20:30:00,0.0,0.488
2015-06-21 20:45:00,0.0,0.391
2015-06-21 21:00:00,0.0,0.391
2015-06-21 21:15:00,0.0,0.195
2015-06-21 21:30:00,0.0,0.391
2015-06-21 21:45:00,0.0,0.488
2015-06-21 22:00:00,-1.0,0.488
2015-06-21 22:15:00,0.0,0.586
2015-06-21 22:30:00,-1.0,0.488
2015-06-21 22:45:00,0.0,0.488
2015-06-21 23:00:00,-1.0,0.488
2015-06-21 23:15:00,-1.0,0.488
2015-06-21 23:30:00,-1.0,0.488
2015-06-21 23:45:00,-1.0,0.488
2015-06-22 00:00:00,-1.0,0.488
2015-06-22 00:15:00,0.0,0.391
2015-06-22 00:30:00,-1.0,0.488
2015-06-22 00:45:00,-1.0,0.488
2015-06-22 01:00:00,0.0,0.488
2015-06-22 01:15:00,-1.0,0.391
2015-06-22 01:30:00,0.0,0.293
2015-06-22 01:45:00,0.0,0.293
2015-06-22 02:00:00,0.0,0.293
2015-06-22 02:15:00,-1.0,0.293
2015-06-22 02:30:00,0.0,0.293
2015-06-22 02:45:00,-1.0,0.391
2015-06-22 03:00:00,0.0,0.391
2015-06-22 03:15:00,0.0,0.0
2015-06-22 03:30:00,0.0,0.391
2015-06-22 03:45:00,-1.0,0.0
2015-06-22 04:00:00,-1.0,0.391
2015-06-22 04:15:00,-1.0,1.074
2015-06-22 04:30:00,-1.0,4.297
2015-06-22 04:45:00,8.0,11.133
2015-06-22 05:00:00,16.0,18.164
2015-06-22 05:15:00,29.5,48.828
2015-06-22 05:30:00,48.5,108.398
2015-06-22 05:45:00,71.5,175.391
2015-06-22 06:00:00,103.0,232.617
2015-06-22 06:15:00,130.0,291.016
2015-06-22 06:30:00,164.0,354.297
2015-06-22 06:45:00,224.0,420.898
2015-06-22 07:00:00,258.5,493.164
2015-06-22 07:15:00,297.5,557.813
2015-06-22 07:30:00,330.5,624.805
2015-06-22 07:45:00,361.5,688.574
2015-06-22 08:00:00,386.0,752.637
2015-06-22 08:15:00,409.0,815.137
2015-06-22 08:30:00,430.0,874.805
2015-06-22 08:45:00,447.5,930.566
2015-06-22 09:00:00,464.0,980.859
2015-06-22 09:15:00,479.5,1027.051
2015-06-22 09:30:00,489.0,1073.34
2015-06-22 09:45:00,506.0,1115.723
2015-06-22 10:00:00,531.5,1145.508
2015-06-22 10:15:00,545.0,1184.668
2015-06-22 10:30:00,542.5,1205.664
2015-06-22 10:45:00,559.5,1226.465
2015-06-22 11:00:00,555.5,1237.695
2015-06-22 11:15:00,573.5,1245.41
2015-06-22 11:30:00,581.5,1254.492
2015-06-22 11:45:00,576.0,1256.445
2015-06-22 12:00:00,571.0,1259.277
2015-06-22 12:15:00,565.5,1257.52
2015-06-22 12:30:00,554.5,1248.535
2015-06-22 12:45:00,552.5,1237.5
2015-06-22 13:00:00,552.0,1221.875
2015-06-22 13:15:00,541.0,1195.996
2015-06-22 13:30:00,529.0,1167.48
2015-06-22 13:45:00,517.5,1135.547
2015-06-22 14:00:00,504.5,1097.363
2015-06-22 14:15:00,488.0,1057.52
2015-06-22 14:30:00,472.5,1011.328
2015-06-22 14:45:00,450.5,958.691
2015-06-22 15:00:00,431.0,904.199
2015-06-22 15:15:00,403.5,845.996
2015-06-22 15:30:00,374.5,784.375
2015-06-22 15:45:00,343.5,721.875
2015-06-22 16:00:00,306.0,658.301
2015-06-22 16:15:00,274.0,594.043
2015-06-22 16:30:00,232.0,529.102
2015-06-22 16:45:00,197.0,461.816
2015-06-22 17:00:00,162.5,395.02
2015-06-22 17:15:00,128.5,330.078
2015-06-22 17:30:00,97.0,268.359
2015-06-22 17:45:00,65.0,210.059
2015-06-22 18:00:00,40.5,145.996
2015-06-22 18:15:00,19.5,77.93
2015-06-22 18:30:00,10.5,34.668
2015-06-22 18:45:00,6.0,17.578
2015-06-22 19:00:00,2.5,9.082
2015-06-22 19:15:00,0.5,0.0
2015-06-22 19:30:00,-1.0,0.0
2015-06-22 19:45:00,-1.0,0.488
2015-06-22 20:00:00,0.0,0.391
2015-06-22 20:15:00,-1.0,0.488
2015-06-22 20:30:00,-1.0,0.488
2015-06-22 20:45:00,-1.0,0.488
2015-06-22 21:00:00,0.0,0.586
2015-06-22 21:15:00,-1.0,0.488
2015-06-22 21:30:00,-1.0,0.488
2015-06-22 21:45:00,-1.0,0.586
2015-06-22 22:00:00,0.0,0.488
2015-06-22 22:15:00,0.0,0.586
2015-06-22 22:30:00,-1.0,0.488
2015-06-22 22:45:00,-1.0,0.488
2015-06-22 23:00:00,0.0,0.488
2015-06-22 23:15:00,0.0,0.586
2015-06-22 23:30:00,0.0,0.488
2015-06-22 23:45:00,0.0,0.391
2015-06-23 00:00:00,0.0,0.391
2015-06-23 00:15:00,-1.0,0.0
2015-06-23 00:30:00,-1.0,0.391
2015-06-23 00:45:00,0.0,0.293
2015-06-23 01:00:00,0.0,0.293
2015-06-23 01:15:00,0.0,0.293
2015-06-23 01:30:00,-1.0,0.293
2015-06-23 01:45:00,-1.0,0.195
2015-06-23 02:00:00,-1.0,0.195
2015-06-23 02:15:00,-1.0,0.0
2015-06-23 02:30:00,-1.0,0.293
2015-06-23 02:45:00,-1.0,0.195
2015-06-23 03:00:00,-1.0,0.293
2015-06-23 03:15:00,-1.0,0.195
2015-06-23 03:30:00,-1.0,0.293
2015-06-23 03:45:00,-1.0,0.293
2015-06-23 04:00:00,-1.0,0.293
2015-06-23 04:15:00,-1.0,1.172
2015-06-23 04:30:00,-1.0,5.664
2015-06-23 04:45:00,12.0,16.113
2015-06-23 05:00:00,23.5,28.223
2015-06-23 05:15:00,49.0,61.719
2015-06-23 05:30:00,59.0,131.934
2015-06-23 05:45:00,77.5,148.73
2015-06-23 06:00:00,73.5,181.934
2015-06-23 06:15:00,92.0,167.285
2015-06-23 06:30:00,133.5,232.52
2015-06-23 06:45:00,166.5,287.012
2015-06-23 07:00:00,159.5,292.969
2015-06-23 07:15:00,231.5,322.461
2015-06-23 07:30:00,305.0,487.598
2015-06-23 07:45:00,450.5,782.227
2015-06-23 08:00:00,458.0,956.934
2015-06-23 08:15:00,455.5,973.145
2015-06-23 08:30:00,415.0,952.832
2015-06-23 08:45:00,482.5,469.824
2015-06-23 09:00:00,442.0,898.633
2015-06-23 09:15:00,490.5,1063.281
2015-06-23 09:30:00,344.5,992.285
2015-06-23 09:45:00,558.5,805.957
2015-06-23 10:00:00,227.0,1118.457
2015-06-23 10:15:00,214.5,452.832
2015-06-23 10:30:00,575.0,874.023
2015-06-23 10:45:00,533.0,1212.891
2015-06-23 11:00:00,497.5,1239.355
2015-06-23 11:15:00,505.5,1216.016
2015-06-23 11:30:00,506.0,1202.93
2015-06-23 11:45:00,488.0,1197.656
2015-06-23 12:00:00,502.5,1188.184
2015-06-23 12:15:00,498.0,1180.078
2015-06-23 12:30:00,483.0,1167.578
2015-06-23 12:45:00,484.5,1147.852
2015-06-23 13:00:00,481.5,1134.668
2015-06-23 13:15:00,478.5,1109.18
2015-06-23 13:30:00,468.0,1067.578
2015-06-23 13:45:00,469.0,1039.258
2015-06-23 14:00:00,458.0,1012.988
2015-06-23 14:15:00,443.5,980.664
2015-06-23 14:30:00,425.0,931.055
2015-06-23 14:45:00,413.0,883.594
2015-06-23 15:00:00,390.0,833.984
2015-06-23 15:15:00,361.0,777.637
2015-06-23 15:30:00,338.0,715.137
2015-06-23 15:45:00,318.5,664.844
2015-06-23 16:00:00,281.0,607.91
2015-06-23 16:15:00,251.0,541.309
2015-06-23 16:30:00,218.5,482.031
2015-06-23 16:45:00,187.5,422.168
2015-06-23 17:00:00,154.5,362.109
2015-06-23 17:15:00,122.5,303.906
2015-06-23 17:30:00,91.0,235.84
2015-06-23 17:45:00,57.0,171.191
2015-06-23 18:00:00,37.0,111.035
2015-06-23 18:15:00,22.0,62.988
2015-06-23 18:30:00,12.5,37.695
2015-06-23 18:45:00,6.5,20.703
2015-06-23 19:00:00,2.0,7.91
2015-06-23 19:15:00,0.0,2.734
2015-06-23 19:30:00,-1.0,0.781
2015-06-23 19:45:00,0.0,0.488
2015-06-23 20:00:00,0.0,0.0
2015-06-23 20:15:00,0.0,0.586
2015-06-23 20:30:00,-1.0,0.391
2015-06-23 20:45:00,0.0,0.586
2015-06-23 21:00:00,0.0,0.488
2015-06-23 21:15:00,0.0,0.0
2015-06-23 21:30:00,0.0,0.0
2015-06-23 21:45:00,0.0,0.488
2015-06-23 22:00:00,-1.0,0.488
2015-06-23 22:15:00,0.0,0.586
2015-06-23 22:30:00,0.0,0.586
2015-06-23 22:45:00,0.0,0.0
2015-06-23 23:00:00,0.0,0.0
2015-06-23 23:15:00,0.0,0.391
2015-06-23 23:30:00,0.0,0.391
2015-06-23 23:45:00,0.0,0.488
2015-06-24 00:00:00,-1.0,0.0
2015-06-24 00:15:00,-1.0,0.391
2015-06-24 00:30:00,-1.0,0.391
2015-06-24 00:45:00,0.0,0.391
2015-06-24 01:00:00,0.0,0.0
2015-06-24 01:15:00,-1.0,0.293
2015-06-24 01:30:00,-1.0,0.391
2015-06-24 01:45:00,-1.0,0.0
2015-06-24 02:00:00,-1.0,0.293
2015-06-24 02:15:00,-1.0,0.195
2015-06-24 02:30:00,-1.0,0.195
2015-06-24 02:45:00,-1.0,0.195
2015-06-24 03:00:00,0.0,0.195
2015-06-24 03:15:00,-1.0,0.0
2015-06-24 03:30:00,-1.0,0.195
2015-06-24 03:45:00,-1.0,0.195
2015-06-24 04:00:00,-1.0,0.195
2015-06-24 04:15:00,-1.0,0.586
2015-06-24 04:30:00,-1.0,3.418
2015-06-24 04:45:00,8.0,10.547
2015-06-24 05:00:00,12.0,17.285
2015-06-24 05:15:00,24.0,39.258
2015-06-24 05:30:00,31.5,81.152
2015-06-24 05:45:00,63.0,123.242
2015-06-24 06:00:00,75.5,178.809
2015-06-24 06:15:00,113.0,225.586
2015-06-24 06:30:00,157.0,310.84
2015-06-24 06:45:00,211.5,393.75
2015-06-24 07:00:00,250.0,460.547
2015-06-24 07:15:00,288.0,533.301
2015-06-24 07:30:00,322.5,604.785
2015-06-24 07:45:00,355.0,671.191
2015-06-24 08:00:00,376.5,732.91
2015-06-24 08:15:00,400.5,789.453
2015-06-24 08:30:00,416.5,842.676
2015-06-24 08:45:00,430.5,894.922
2015-06-24 09:00:00,448.0,937.109
2015-06-24 09:15:00,467.0,989.16
2015-06-24 09:30:00,473.5,1039.063
2015-06-24 09:45:00,489.0,1071.777
2015-06-24 10:00:00,496.0,1115.43
2015-06-24 10:15:00,504.0,1147.363
2015-06-24 10:30:00,500.5,1171.289
2015-06-24 10:45:00,500.0,1190.527
2015-06-24 11:00:00,496.0,1203.516
2015-06-24 11:15:00,492.5,1212.109
2015-06-24 11:30:00,490.0,1213.965
2015-06-24 11:45:00,486.5,1217.676
2015-06-24 12:00:00,502.0,1216.016
2015-06-24 12:15:00,491.0,1213.184
2015-06-24 12:30:00,506.5,1205.664
2015-06-24 12:45:00,496.5,1191.797
2015-06-24 13:00:00,493.0,1174.219
2015-06-24 13:15:00,467.5,1146.191
2015-06-24 13:30:00,471.5,1117.969
2015-06-24 13:45:00,471.0,1084.57
2015-06-24 14:00:00,463.5,1042.773
2015-06-24 14:15:00,446.5,1007.813
2015-06-24 14:30:00,429.0,960.938
2015-06-24 14:45:00,414.0,918.652
2015-06-24 15:00:00,395.5,863.184
2015-06-24 15:15:00,376.5,812.012
2015-06-24 15:30:00,357.5,754.297
2015-06-24 15:45:00,325.0,694.824
2015-06-24 16:00:00,292.5,631.836
2015-06-24 16:15:00,261.0,569.238
2015-06-24 16:30:00,222.5,507.422
2015-06-24 16:45:00,186.5,442.188
2015-06-24 17:00:00,144.0,363.184
2015-06-24 17:15:00,96.5,276.172
2015-06-24 17:30:00,54.0,178.809
2015-06-24 17:45:00,37.5,130.859
2015-06-24 18:00:00,24.0,77.148
2015-06-24 18:15:00,14.5,42.773
2015-06-24 18:30:00,10.0,24.707
2015-06-24 18:45:00,6.5,16.504
2015-06-24 19:00:00,2.0,8.789
2015-06-24 19:15:00,0.0,2.832
2015-06-24 19:30:00,-1.0,0.684
2015-06-24 19:45:00,0.0,0.488
2015-06-24 20:00:00,0.0,0.488
2015-06-24 20:15:00,0.0,0.391
2015-06-24 20:30:00,-1.0,0.391
2015-06-24 20:45:00,0.0,0.391
2015-06-24 21:00:00,-1.0,0.488
2015-06-24 21:15:00,0.0,0.586
2015-06-24 21:30:00,-1.0,0.488
2015-06-24 21:45:00,0.0,0.0
2015-06-24 22:00:00,0.0,0.391
2015-06-24 22:15:00,-1.0,0.391
2015-06-24 22:30:00,0.0,0.391
2015-06-24 22:45:00,0.0,0.391
2015-06-24 23:00:00,0.0,0.293
2015-06-24 23:15:00,-1.0,0.293
2015-06-24 23:30:00,-1.0,0.391
2015-06-24 23:45:00,-1.0,0.391
2015-06-25 00:00:00,-1.0,0.293
2015-06-25 00:15:00,-1.0,0.293
2015-06-25 00:30:00,0.0,0.293
2015-06-25 00:45:00,-1.0,0.293
2015-06-25 01:00:00,-1.0,0.293
2015-06-25 01:15:00,-1.0,0.293
2015-06-25 01:30:00,0.0,0.293
2015-06-25 01:45:00,0.0,0.293
2015-06-25 02:00:00,0.0,0.195
2015-06-25 02:15:00,-1.0,0.293
2015-06-25 02:30:00,-1.0,0.195
2015-06-25 02:45:00,0.0,0.195
2015-06-25 03:00:00,-1.0,0.195
2015-06-25 03:15:00,-1.0,0.098
2015-06-25 03:30:00,-1.0,0.098
2015-06-25 03:45:00,0.0,0.195
2015-06-25 04:00:00,-1.0,0.0
2015-06-25 04:15:00,-1.0,0.684
2015-06-25 04:30:00,-1.0,3.613
2015-06-25 04:45:00,9.0,11.816
2015-06-25 05:00:00,18.0,21.68
2015-06-25 05:15:00,29.5,47.656
2015-06-25 05:30:00,45.5,97.07
2015-06-25 05:45:00,66.5,154.102
2015-06-25 06:00:00,93.0,213.281
2015-06-25 06:15:00,122.5,272.559
2015-06-25 06:30:00,155.0,333.398
2015-06-25 06:45:00,211.5,397.852
2015-06-25 07:00:00,247.5,468.945
2015-06-25 07:15:00,282.5,532.227
2015-06-25 07:30:00,317.5,595.898
2015-06-25 07:45:00,346.0,662.891
2015-06-25 08:00:00,371.5,722.949
2015-06-25 08:15:00,391.5,780.078
2015-06-25 08:30:00,406.0,830.664
2015-06-25 08:45:00,427.0,885.156
2015-06-25 09:00:00,442.0,934.277
2015-06-25 09:15:00,449.5,969.531
2015-06-25 09:30:00,459.5,1002.734
2015-06-25 09:45:00,467.5,1037.695
2015-06-25 10:00:00,472.5,1073.828
2015-06-25 10:15:00,488.0,1103.027
2015-06-25 10:30:00,495.0,1137.598
2015-06-25 10:45:00,492.5,1163.77
2015-06-25 11:00:00,496.5,1180.664
2015-06-25 11:15:00,490.5,1192.676
2015-06-25 11:30:00,486.0,1188.77
2015-06-25 11:45:00,492.5,1214.941
2015-06-25 12:00:00,434.0,1271.387
2015-06-25 12:15:00,153.5,833.887
2015-06-25 12:30:00,508.5,1124.316
2015-06-25 12:45:00,482.5,1174.316
2015-06-25 13:00:00,483.0,1138.281
2015-06-25 13:15:00,502.0,1069.238
2015-06-25 13:30:00,495.0,1135.156
2015-06-25 13:45:00,506.0,1020.898
2015-06-25 14:00:00,467.0,1120.801
2015-06-25 14:15:00,191.0,719.922
2015-06-25 14:30:00,480.5,750.391
2015-06-25 14:45:00,446.0,754.004
2015-06-25 15:00:00,158.5,684.18
2015-06-25 15:15:00,424.5,553.125
2015-06-25 15:30:00,430.0,865.82
2015-06-25 15:45:00,122.0,402.93
2015-06-25 16:00:00,85.0,182.91
2015-06-25 16:15:00,73.5,242.48
2015-06-25 16:30:00,77.5,140.039
2015-06-25 16:45:00,244.0,274.805
2015-06-25 17:00:00,212.5,466.406
2015-06-25 17:15:00,178.5,407.715
2015-06-25 17:30:00,132.5,331.055
2015-06-25 17:45:00,105.0,265.918
2015-06-25 18:00:00,74.5,211.523
2015-06-25 18:15:00,46.5,128.809
2015-06-25 18:30:00,29.5,83.887
2015-06-25 18:45:00,12.5,45.508
2015-06-25 19:00:00,2.0,17.285
2015-06-25 19:15:00,-1.0,3.125
2015-06-25 19:30:00,-1.0,0.977
2015-06-25 19:45:00,-1.0,0.781
2015-06-25 20:00:00,-1.0,0.781
2015-06-25 20:15:00,0.0,0.684
2015-06-25 20:30:00,0.0,0.0
2015-06-25 20:45:00,-1.0,0.586
2015-06-25 21:00:00,0.0,0.586
2015-06-25 21:15:00,-1.0,0.586
2015-06-25 21:30:00,-1.0,0.0
2015-06-25 21:45:00,-1.0,0.488
2015-06-25 22:00:00,-1.0,0.0
2015-06-25 22:15:00,0.0,0.488
2015-06-25 22:30:00,-1.0,0.488
2015-06-25 22:45:00,-1.0,0.488
2015-06-25 23:00:00,0.0,0.488
2015-06-25 23:15:00,0.0,0.391
2015-06-25 23:30:00,-1.0,0.391
2015-06-25 23:45:00,-1.0,0.391
2015-06-26 00:00:00,-1.0,0.488
2015-06-26 00:15:00,0.0,0.488
2015-06-26 00:30:00,-1.0,0.488
2015-06-26 00:45:00,0.0,0.488
2015-06-26 01:00:00,0.0,0.488
2015-06-26 01:15:00,-1.0,0.586
2015-06-26 01:30:00,-1.0,0.586
2015-06-26 01:45:00,-1.0,0.391
2015-06-26 02:00:00,-1.0,0.488
2015-06-26 02:15:00,-1.0,0.586
2015-06-26 02:30:00,-1.0,0.488
2015-06-26 02:45:00,-1.0,0.488
2015-06-26 03:00:00,-1.0,0.586
2015-06-26 03:15:00,0.0,0.488
2015-06-26 03:30:00,0.0,0.586
2015-06-26 03:45:00,0.0,0.586
2015-06-26 04:00:00,-1.0,0.586
2015-06-26 04:15:00,-1.0,1.074
2015-06-26 04:30:00,4.0,4.98
2015-06-26 04:45:00,11.0,17.09
2015-06-26 05:00:00,15.5,27.148
2015-06-26 05:15:00,18.5,32.91
2015-06-26 05:30:00,20.5,41.504
2015-06-26 05:45:00,46.5,53.418
2015-06-26 06:00:00,120.5,152.539
2015-06-26 06:15:00,73.5,142.48
2015-06-26 06:30:00,97.5,220.215
2015-06-26 06:45:00,147.0,373.438
2015-06-26 07:00:00,255.0,415.332
2015-06-26 07:15:00,188.0,351.855
2015-06-26 07:30:00,232.5,431.543
2015-06-26 07:45:00,308.0,418.555
2015-06-26 08:00:00,255.0,422.949
2015-06-26 08:15:00,354.0,666.602
2015-06-26 08:30:00,412.0,830.957
2015-06-26 08:45:00,434.5,898.438
2015-06-26 09:00:00,461.5,983.105
2015-06-26 09:15:00,426.5,926.953
2015-06-26 09:30:00,492.0,1112.5
2015-06-26 09:45:00,438.0,1067.383
2015-06-26 10:00:00,407.5,1038.281
2015-06-26 10:15:00,494.0,1229.102
2015-06-26 10:30:00,489.0,1211.133
2015-06-26 10:45:00,467.0,1220.605
2015-06-26 11:00:00,527.0,973.34
2015-06-26 11:15:00,296.0,970.898
2015-06-26 11:30:00,382.5,918.555
2015-06-26 11:45:00,484.5,993.066
2015-06-26 12:00:00,398.5,1196.68
2015-06-26 12:15:00,513.5,1039.648
2015-06-26 12:30:00,294.5,842.285
2015-06-26 12:45:00,607.5,754.785
2015-06-26 13:00:00,519.0,1148.145
2015-06-26 13:15:00,446.0,1077.539
2015-06-26 13:30:00,246.0,1016.113
2015-06-26 13:45:00,240.5,506.055
2015-06-26 14:00:00,232.0,515.332
2015-06-26 14:15:00,280.5,670.215
2015-06-26 14:30:00,280.0,847.461
2015-06-26 14:45:00,234.5,557.227
2015-06-26 15:00:00,239.5,570.898
2015-06-26 15:15:00,361.5,587.5
2015-06-26 15:30:00,396.0,682.031
2015-06-26 15:45:00,155.0,615.625
2015-06-26 16:00:00,153.0,240.332
2015-06-26 16:15:00,209.0,519.336
2015-06-26 16:30:00,87.5,257.617
2015-06-26 16:45:00,71.5,160.352
2015-06-26 17:00:00,90.0,164.258
2015-06-26 17:15:00,56.5,173.242
2015-06-26 17:30:00,47.5,100.293
2015-06-26 17:45:00,35.0,71.777
2015-06-26 18:00:00,31.5,66.211
2015-06-26 18:15:00,22.5,52.734
2015-06-26 18:30:00,11.0,34.766
2015-06-26 18:45:00,4.5,14.648
2015-06-26 19:00:00,-1.0,5.762
2015-06-26 19:15:00,0.0,1.953
2015-06-26 19:30:00,0.0,0.781
2015-06-26 19:45:00,0.0,0.586
2015-06-26 20:00:00,0.0,0.586
2015-06-26 20:15:00,-1.0,0.586
2015-06-26 20:30:00,0.0,0.488
2015-06-26 20:45:00,0.0,0.684
2015-06-26 21:00:00,0.0,0.586
2015-06-26 21:15:00,0.0,0.586
2015-06-26 21:30:00,-1.0,0.0
2015-06-26 21:45:00,0.0,0.488
2015-06-26 22:00:00,0.0,0.488
2015-06-26 22:15:00,0.0,0.488
2015-06-26 22:30:00,0.0,0.293
2015-06-26 22:45:00,0.0,0.293
2015-06-26 23:00:00,0.0,0.391
2015-06-26 23:15:00,0.0,0.488
2015-06-26 23:30:00,0.0,0.488
2015-06-26 23:45:00,-1.0,0.391
2015-06-27 00:00:00,-1.0,0.293
2015-06-27 00:15:00,0.0,0.391
2015-06-27 00:30:00,-1.0,0.391
2015-06-27 00:45:00,-1.0,0.391
2015-06-27 01:00:00,-1.0,0.488
2015-06-27 01:15:00,-1.0,0.488
2015-06-27 01:30:00,-1.0,0.488
2015-06-27 01:45:00,-1.0,0.391
2015-06-27 02:00:00,0.0,0.488
2015-06-27 02:15:00,0.0,0.391
2015-06-27 02:30:00,-1.0,0.488
2015-06-27 02:45:00,-1.0,0.391
2015-06-27 03:00:00,-1.0,0.488
2015-06-27 03:15:00,0.0,0.488
2015-06-27 03:30:00,-1.0,0.391
2015-06-27 03:45:00,-1.0,0.391
2015-06-27 04:00:00,-1.0,0.391
2015-06-27 04:15:00,-1.0,0.781
2015-06-27 04:30:00,2.5,2.832
2015-06-27 04:45:00,8.5,9.668
2015-06-27 05:00:00,18.5,22.266
2015-06-27 05:15:00,30.0,44.922
2015-06-27 05:30:00,45.5,88.77
2015-06-27 05:45:00,66.0,142.773
2015-06-27 06:00:00,93.0,193.555
2015-06-27 06:15:00,124.5,247.168
2015-06-27 06:30:00,162.0,306.348
2015-06-27 06:45:00,193.0,366.211
2015-06-27 07:00:00,226.0,432.129
2015-06-27 07:15:00,260.5,493.066
2015-06-27 07:30:00,293.5,556.934
2015-06-27 07:45:00,325.0,617.48
2015-06-27 08:00:00,353.0,678.613
2015-06-27 08:15:00,377.0,735.254
2015-06-27 08:30:00,398.5,792.969
2015-06-27 08:45:00,416.5,847.363
2015-06-27 09:00:00,430.5,895.605
2015-06-27 09:15:00,448.0,944.824
2015-06-27 09:30:00,455.5,988.672
2015-06-27 09:45:00,465.5,1028.418
2015-06-27 10:00:00,473.5,1060.156
2015-06-27 10:15:00,473.5,1091.602
2015-06-27 10:30:00,479.5,1116.309
2015-06-27 10:45:00,483.0,1134.766
2015-06-27 11:00:00,492.5,1149.219
2015-06-27 11:15:00,487.0,1159.766
2015-06-27 11:30:00,496.5,1165.039
2015-06-27 11:45:00,496.5,1165.625
2015-06-27 12:00:00,500.5,1163.379
2015-06-27 12:15:00,488.0,1160.742
2015-06-27 12:30:00,500.0,1149.805
2015-06-27 12:45:00,487.0,1141.016
2015-06-27 13:00:00,481.0,1123.242
2015-06-27 13:15:00,478.5,1099.609
2015-06-27 13:30:00,476.5,1072.461
2015-06-27 13:45:00,460.0,1040.43
2015-06-27 14:00:00,452.5,1006.348
2015-06-27 14:15:00,430.0,959.375
2015-06-27 14:30:00,415.0,916.016
2015-06-27 14:45:00,403.0,865.723
2015-06-27 15:00:00,380.0,810.742
2015-06-27 15:15:00,355.0,758.203
2015-06-27 15:30:00,331.0,704.395
2015-06-27 15:45:00,303.5,644.922
2015-06-27 16:00:00,272.0,586.621
2015-06-27 16:15:00,242.0,526.27
2015-06-27 16:30:00,208.5,468.359
2015-06-27 16:45:00,174.5,409.277
2015-06-27 17:00:00,139.5,314.648
2015-06-27 17:15:00,113.0,247.559
2015-06-27 17:30:00,89.5,217.676
2015-06-27 17:45:00,40.5,151.367
2015-06-27 18:00:00,32.0,81.934
2015-06-27 18:15:00,20.5,68.848
2015-06-27 18:30:00,11.0,33.398
2015-06-27 18:45:00,7.0,19.727
2015-06-27 19:00:00,2.5,11.914
2015-06-27 19:15:00,-1.0,3.027
2015-06-27 19:30:00,-1.0,0.879
2015-06-27 19:45:00,0.0,0.684
2015-06-27 20:00:00,0.0,0.586
2015-06-27 20:15:00,-1.0,0.586
2015-06-27 20:30:00,0.0,0.488
2015-06-27 20:45:00,0.0,0.684
2015-06-27 21:00:00,-1.0,0.586
2015-06-27 21:15:00,0.0,0.488
2015-06-27 21:30:00,0.0,0.586
2015-06-27 21:45:00,0.0,0.586
2015-06-27 22:00:00,-1.0,0.391
2015-06-27 22:15:00,-1.0,0.488
2015-06-27 22:30:00,-1.0,0.488
2015-06-27 22:45:00,-1.0,0.293
2015-06-27 23:00:00,-1.0,0.391
2015-06-27 23:15:00,-1.0,0.391
2015-06-27 23:30:00,-1.0,0.488
2015-06-27 23:45:00,0.0,0.293
2015-06-28 00:00:00,-1.0,0.391
2015-06-28 00:15:00,0.0,0.391
2015-06-28 00:30:00,-1.0,0.0
2015-06-28 00:45:00,0.0,0.391
2015-06-28 01:00:00,0.0,0.391
2015-06-28 01:15:00,-1.0,0.391
2015-06-28 01:30:00,0.0,0.488
2015-06-28 01:45:00,-1.0,0.391
2015-06-28 02:00:00,0.0,0.391
2015-06-28 02:15:00,-1.0,0.488
2015-06-28 02:30:00,-1.0,0.488
2015-06-28 02:45:00,-1.0,0.586
2015-06-28 03:00:00,-1.0,0.488
2015-06-28 03:15:00,-1.0,0.488
2015-06-28 03:30:00,-1.0,0.488
2015-06-28 03:45:00,-1.0,0.488
2015-06-28 04:00:00,-1.0,0.488
2015-06-28 04:15:00,-1.0,0.781
2015-06-28 04:30:00,2.0,3.027
2015-06-28 04:45:00,6.5,10.547
2015-06-28 05:00:00,8.5,14.355
2015-06-28 05:15:00,34.0,36.133
2015-06-28 05:30:00,61.0,85.938
2015-06-28 05:45:00,93.5,183.398
2015-06-28 06:00:00,115.0,242.383
2015-06-28 06:15:00,124.0,267.969
2015-06-28 06:30:00,176.5,293.164
2015-06-28 06:45:00,210.5,385.156
2015-06-28 07:00:00,282.0,502.637
2015-06-28 07:15:00,237.5,573.438
2015-06-28 07:30:00,245.5,446.973
2015-06-28 07:45:00,224.0,402.051
2015-06-28 08:00:00,220.0,413.77
2015-06-28 08:15:00,287.5,476.074
2015-06-28 08:30:00,310.5,616.504
2015-06-28 08:45:00,364.5,570.313
2015-06-28 09:00:00,329.0,621.387
2015-06-28 09:15:00,286.0,673.828
2015-06-28 09:30:00,348.0,681.055
2015-06-28 09:45:00,336.5,949.902
2015-06-28 10:00:00,465.5,752.344
2015-06-28 10:15:00,506.0,1066.895
2015-06-28 10:30:00,465.5,1154.785
2015-06-28 10:45:00,506.0,1130.957
2015-06-28 11:00:00,517.0,1202.344
2015-06-28 11:15:00,490.5,1234.961
2015-06-28 11:30:00,507.5,1215.234
2015-06-28 11:45:00,496.0,1186.914
2015-06-28 12:00:00,538.5,861.914
2015-06-28 12:15:00,523.0,1249.219
2015-06-28 12:30:00,528.5,1058.398
2015-06-28 12:45:00,481.5,1048.145
2015-06-28 13:00:00,501.5,1240.723
2015-06-28 13:15:00,483.0,1216.406
2015-06-28 13:30:00,371.0,1104.98
2015-06-28 13:45:00,502.5,1012.109
2015-06-28 14:00:00,501.5,849.805
2015-06-28 14:15:00,485.0,1081.641
2015-06-28 14:30:00,436.5,1044.434
2015-06-28 14:45:00,419.5,882.52
2015-06-28 15:00:00,387.0,891.504
2015-06-28 15:15:00,375.0,814.063
2015-06-28 15:30:00,313.0,724.121
2015-06-28 15:45:00,328.0,627.344
2015-06-28 16:00:00,294.0,545.801
2015-06-28 16:15:00,272.0,565.137
2015-06-28 16:30:00,238.0,518.945
2015-06-28 16:45:00,74.0,343.457
2015-06-28 17:00:00,101.0,154.59
2015-06-28 17:15:00,41.0,151.66
2015-06-28 17:30:00,30.0,61.328
2015-06-28 17:45:00,22.5,48.438
2015-06-28 18:00:00,27.5,48.047
2015-06-28 18:15:00,29.5,61.133
2015-06-28 18:30:00,23.5,56.152
2015-06-28 18:45:00,8.0,31.152
2015-06-28 19:00:00,1.0,11.23
2015-06-28 19:15:00,-1.0,2.051
2015-06-28 19:30:00,-1.0,0.781
2015-06-28 19:45:00,-1.0,0.586
2015-06-28 20:00:00,0.0,0.586
2015-06-28 20:15:00,0.0,0.586
2015-06-28 20:30:00,0.0,0.586
2015-06-28 20:45:00,0.0,0.488
2015-06-28 21:00:00,0.0,0.488
2015-06-28 21:15:00,0.0,0.488
2015-06-28 21:30:00,-1.0,0.586
2015-06-28 21:45:00,0.0,0.391
2015-06-28 22:00:00,0.0,0.586
2015-06-28 22:15:00,0.0,0.488
2015-06-28 22:30:00,0.0,0.488
2015-06-28 22:45:00,-1.0,0.391
2015-06-28 23:00:00,0.0,0.391
2015-06-28 23:15:00,0.0,0.391
2015-06-28 23:30:00,-1.0,0.391
2015-06-28 23:45:00,0.0,0.391
2015-06-29 00:00:00,0.0,0.391
2015-06-29 00:15:00,-1.0,0.488
2015-06-29 00:30:00,-1.0,0.391
2015-06-29 00:45:00,-1.0,0.488
2015-06-29 01:00:00,-1.0,0.488
2015-06-29 01:15:00,-1.0,0.488
2015-06-29 01:30:00,0.0,0.586
2015-06-29 01:45:00,0.0,0.488
2015-06-29 02:00:00,-1.0,0.0
2015-06-29 02:15:00,-1.0,0.488
2015-06-29 02:30:00,-1.0,0.488
2015-06-29 02:45:00,-1.0,0.0
2015-06-29 03:00:00,0.0,0.488
2015-06-29 03:15:00,-1.0,0.391
2015-06-29 03:30:00,-1.0,0.488
2015-06-29 03:45:00,-1.0,0.488
2015-06-29 04:00:00,-1.0,0.586
2015-06-29 04:15:00,-1.0,0.781
2015-06-29 04:30:00,2.0,3.027
2015-06-29 04:45:00,6.5,10.938
2015-06-29 05:00:00,16.5,21.973
2015-06-29 05:15:00,29.5,49.316
2015-06-29 05:30:00,51.5,84.766
2015-06-29 05:45:00,105.0,189.355
2015-06-29 06:00:00,66.0,171.68
2015-06-29 06:15:00,181.5,237.109
2015-06-29 06:30:00,190.0,338.867
2015-06-29 06:45:00,213.5,405.078
2015-06-29 07:00:00,262.5,478.809
2015-06-29 07:15:00,299.5,546.094
2015-06-29 07:30:00,334.0,670.41
2015-06-29 07:45:00,338.0,662.305
2015-06-29 08:00:00,355.5,701.855
2015-06-29 08:15:00,376.0,782.422
2015-06-29 08:30:00,385.0,793.359
2015-06-29 08:45:00,408.0,842.383
2015-06-29 09:00:00,427.5,898.73
2015-06-29 09:15:00,437.0,935.84
2015-06-29 09:30:00,451.5,983.008
2015-06-29 09:45:00,465.5,1015.43
2015-06-29 10:00:00,474.5,1052.148
2015-06-29 10:15:00,489.0,1083.203
2015-06-29 10:30:00,492.0,1107.715
2015-06-29 10:45:00,493.0,1098.047
2015-06-29 11:00:00,500.5,1145.02
2015-06-29 11:15:00,500.5,1149.023
2015-06-29 11:30:00,489.0,1153.223
2015-06-29 11:45:00,481.0,1157.91
2015-06-29 12:00:00,484.0,1162.695
2015-06-29 12:15:00,476.5,1161.914
2015-06-29 12:30:00,477.5,1155.957
2015-06-29 12:45:00,461.5,1146.582
2015-06-29 13:00:00,477.5,1135.742
2015-06-29 13:15:00,470.5,1101.855
2015-06-29 13:30:00,454.0,1074.902
2015-06-29 13:45:00,454.0,1044.043
2015-06-29 14:00:00,439.0,1005.664
2015-06-29 14:15:00,436.5,962.695
2015-06-29 14:30:00,415.0,917.773
2015-06-29 14:45:00,393.5,873.438
2015-06-29 15:00:00,375.0,814.844
2015-06-29 15:15:00,355.0,766.309
2015-06-29 15:30:00,339.5,720.508
2015-06-29 15:45:00,311.0,658.398
2015-06-29 16:00:00,278.5,600.586
2015-06-29 16:15:00,247.0,541.797
2015-06-29 16:30:00,217.0,483.398
2015-06-29 16:45:00,190.0,436.035
2015-06-29 17:00:00,160.5,374.414
2015-06-29 17:15:00,136.0,322.852
2015-06-29 17:30:00,122.0,288.379
2015-06-29 17:45:00,106.5,268.848
2015-06-29 18:00:00,90.0,237.891
2015-06-29 18:15:00,42.5,154.102
2015-06-29 18:30:00,20.5,72.168
2015-06-29 18:45:00,12.0,36.914
2015-06-29 19:00:00,3.0,18.359
2015-06-29 19:15:00,-1.0,4.004
2015-06-29 19:30:00,-1.0,0.977
2015-06-29 19:45:00,0.0,0.781
2015-06-29 20:00:00,0.0,0.0
2015-06-29 20:15:00,0.0,0.684
2015-06-29 20:30:00,0.0,0.684
2015-06-29 20:45:00,0.0,0.781
2015-06-29 21:00:00,-1.0,0.781
2015-06-29 21:15:00,0.0,0.586
2015-06-29 21:30:00,0.0,0.781
2015-06-29 21:45:00,0.0,0.0
2015-06-29 22:00:00,0.0,0.684
2015-06-29 22:15:00,0.0,0.586
2015-06-29 22:30:00,0.0,0.684
2015-06-29 22:45:00,0.0,0.586
2015-06-29 23:00:00,-1.0,0.586
2015-06-29 23:15:00,-1.0,0.586
2015-06-29 23:30:00,-1.0,0.488
2015-06-29 23:45:00,-1.0,0.586
2015-06-30 00:00:00,-1.0,0.488
2015-06-30 00:15:00,0.0,0.0
2015-06-30 00:30:00,-1.0,0.0
2015-06-30 00:45:00,-1.0,0.488
2015-06-30 01:00:00,0.0,0.488
2015-06-30 01:15:00,0.0,0.488
2015-06-30 01:30:00,0.0,0.488
2015-06-30 01:45:00,-1.0,0.293
2015-06-30 02:00:00,-1.0,0.391
2015-06-30 02:15:00,0.0,0.488
2015-06-30 02:30:00,0.0,0.391
2015-06-30 02:45:00,0.0,0.488
2015-06-30 03:00:00,-1.0,0.391
2015-06-30 03:15:00,0.0,0.488
2015-06-30 03:30:00,-1.0,0.488
2015-06-30 03:45:00,-1.0,0.391
2015-06-30 04:00:00,-1.0,0.488
2015-06-30 04:15:00,-1.0,0.781
2015-06-30 04:30:00,3.0,3.516
2015-06-30 04:45:00,12.0,16.602
2015-06-30 05:00:00,20.0,35.645
2015-06-30 05:15:00,16.5,38.867
2015-06-30 05:30:00,18.0,35.645
2015-06-30 05:45:00,24.0,38.086
2015-06-30 06:00:00,39.5,62.598
2015-06-30 06:15:00,67.5,95.801
2015-06-30 06:30:00,211.0,254.492
2015-06-30 06:45:00,313.5,418.555
2015-06-30 07:00:00,348.0,630.273
2015-06-30 07:15:00,359.5,744.336
2015-06-30 07:30:00,332.0,710.156
2015-06-30 07:45:00,283.5,657.227
2015-06-30 08:00:00,377.0,612.207
2015-06-30 08:15:00,127.5,571.777
2015-06-30 08:30:00,442.5,825.195
2015-06-30 08:45:00,437.0,938.77
2015-06-30 09:00:00,336.0,886.816
2015-06-30 09:15:00,400.5,889.453
2015-06-30 09:30:00,141.0,598.34
2015-06-30 09:45:00,533.0,556.348
2015-06-30 10:00:00,488.5,1111.816
2015-06-30 10:15:00,485.0,1102.637
2015-06-30 10:30:00,489.0,1126.27
2015-06-30 10:45:00,489.0,1153.711
2015-06-30 11:00:00,487.0,1160.156
2015-06-30 11:15:00,481.0,1160.156
2015-06-30 11:30:00,490.5,1156.348
2015-06-30 11:45:00,476.5,1160.449
2015-06-30 12:00:00,476.5,1166.797
2015-06-30 12:15:00,480.5,1158.105
2015-06-30 12:30:00,455.5,1108.203
2015-06-30 12:45:00,449.5,1110.156
2015-06-30 13:00:00,461.0,1123.047
2015-06-30 13:15:00,451.5,1118.457
2015-06-30 13:30:00,458.0,1081.543
2015-06-30 13:45:00,448.5,1046.191
2015-06-30 14:00:00,426.5,1000.977
2015-06-30 14:15:00,419.5,958.496
2015-06-30 14:30:00,415.0,914.746
2015-06-30 14:45:00,392.5,874.121
2015-06-30 15:00:00,375.0,822.168
2015-06-30 15:15:00,359.0,767.871
2015-06-30 15:30:00,335.0,720.801
2015-06-30 15:45:00,309.0,672.363
2015-06-30 16:00:00,277.0,609.277
2015-06-30 16:15:00,246.0,546.387
2015-06-30 16:30:00,215.0,486.621
2015-06-30 16:45:00,191.0,431.836
2015-06-30 17:00:00,165.0,364.258
2015-06-30 17:15:00,129.5,310.547
2015-06-30 17:30:00,139.5,298.145
2015-06-30 17:45:00,106.5,302.441
2015-06-30 18:00:00,62.5,206.348
2015-06-30 18:15:00,27.0,98.145
2015-06-30 18:30:00,16.5,50.391
2015-06-30 18:45:00,7.0,25.488
2015-06-30 19:00:00,4.0,11.23
2015-06-30 19:15:00,-1.0,2.832
2015-06-30 19:30:00,-1.0,0.684
2015-06-30 19:45:00,0.0,0.684
2015-06-30 20:00:00,0.0,0.781
2015-06-30 20:15:00,-1.0,0.781
2015-06-30 20:30:00,0.0,0.781
2015-06-30 20:45:00,-1.0,0.684
2015-06-30 21:00:00,0.0,0.586
2015-06-30 21:15:00,0.0,0.684
2015-06-30 21:30:00,-1.0,0.684
2015-06-30 21:45:00,-1.0,0.684
2015-06-30 22:00:00,0.0,0.586
2015-06-30 22:15:00,-1.0,0.684
2015-06-30 22:30:00,0.0,0.684
2015-06-30 22:45:00,-1.0,0.781
2015-06-30 23:00:00,-1.0,0.586
2015-06-30 23:15:00,0.0,0.586
2015-06-30 23:30:00,0.0,0.586
2015-06-30 23:45:00,-1.0,0.586
2015-07-01 00:00:00,0.0,0.586
2015-07-01 00:15:00,-1.0,0.586
2015-07-01 00:30:00,-1.0,0.488
2015-07-01 00:45:00,-1.0,0.488
2015-07-01 01:00:00,0.0,0.488
2015-07-01 01:15:00,0.0,0.586
2015-07-01 01:30:00,-1.0,0.488
2015-07-01 01:45:00,0.0,0.488
2015-07-01 02:00:00,-1.0,0.488
2015-07-01 02:15:00,-1.0,0.488
2015-07-01 02:30:00,0.0,0.488
2015-07-01 02:45:00,-1.0,0.488
2015-07-01 03:00:00,-1.0,0.488
2015-07-01 03:15:00,-1.0,0.488
2015-07-01 03:30:00,-1.0,0.586
2015-07-01 03:45:00,-1.0,0.586
2015-07-01 04:00:00,-1.0,0.586
2015-07-01 04:15:00,-1.0,0.684
2015-07-01 04:30:00,2.0,2.246
2015-07-01 04:45:00,12.5,15.332
2015-07-01 05:00:00,31.0,40.625
2015-07-01 05:15:00,56.5,78.613
2015-07-01 05:30:00,74.0,133.789
2015-07-01 05:45:00,83.5,183.496
2015-07-01 06:00:00,103.0,211.914
2015-07-01 06:15:00,133.5,257.617
2015-07-01 06:30:00,179.5,344.727
2015-07-01 06:45:00,200.0,396.875
2015-07-01 07:00:00,231.5,442.773
2015-07-01 07:15:00,265.0,487.598
2015-07-01 07:30:00,297.5,540.039
2015-07-01 07:45:00,325.0,595.313
2015-07-01 08:00:00,358.0,655.176
2015-07-01 08:15:00,382.5,714.355
2015-07-01 08:30:00,406.0,770.605
2015-07-01 08:45:00,431.0,822.168
2015-07-01 09:00:00,450.0,874.316
2015-07-01 09:15:00,463.0,917.285
2015-07-01 09:30:00,319.0,865.82
2015-07-01 09:45:00,481.0,992.578
2015-07-01 10:00:00,490.0,1035.84
2015-07-01 10:15:00,486.0,1060.449
2015-07-01 10:30:00,496.0,1085.449
2015-07-01 10:45:00,484.0,1105.957
2015-07-01 11:00:00,492.5,1123.145
2015-07-01 11:15:00,482.5,1136.133
2015-07-01 11:30:00,484.0,1141.406
2015-07-01 11:45:00,475.5,1145.313
2015-07-01 12:00:00,477.0,1144.141
2015-07-01 12:15:00,477.0,1138.672
2015-07-01 12:30:00,463.0,1130.078
2015-07-01 12:45:00,468.0,1120.508
2015-07-01 13:00:00,457.5,1106.348
2015-07-01 13:15:00,448.5,1073.926
2015-07-01 13:30:00,448.0,1056.641
2015-07-01 13:45:00,479.5,1059.473
2015-07-01 14:00:00,493.0,1012.109
2015-07-01 14:15:00,311.5,644.238
2015-07-01 14:30:00,450.0,754.688
2015-07-01 14:45:00,417.5,886.621
2015-07-01 15:00:00,410.0,837.109
2015-07-01 15:15:00,370.5,781.641
2015-07-01 15:30:00,386.0,623.34
2015-07-01 15:45:00,346.5,704.98
2015-07-01 16:00:00,240.0,637.5
2015-07-01 16:15:00,203.5,434.668
2015-07-01 16:30:00,239.5,203.906
2015-07-01 16:45:00,178.5,367.969
2015-07-01 17:00:00,87.0,304.492
2015-07-01 17:15:00,130.0,240.527
2015-07-01 17:30:00,99.5,241.113
2015-07-01 17:45:00,76.0,197.656
2015-07-01 18:00:00,57.0,154.59
2015-07-01 18:15:00,44.5,105.469
2015-07-01 18:30:00,37.0,79.102
2015-07-01 18:45:00,29.5,72.559
2015-07-01 19:00:00,3.0,40.332
2015-07-01 19:15:00,-1.0,3.223
2015-07-01 19:30:00,-1.0,0.781
2015-07-01 19:45:00,-1.0,0.781
2015-07-01 20:00:00,0.0,0.684
2015-07-01 20:15:00,0.0,0.488
2015-07-01 20:30:00,-1.0,0.781
2015-07-01 20:45:00,0.0,0.488
2015-07-01 21:00:00,-1.0,0.586
2015-07-01 21:15:00,-1.0,0.781
2015-07-01 21:30:00,0.0,0.488
2015-07-01 21:45:00,0.0,0.488
2015-07-01 22:00:00,0.0,0.391
2015-07-01 22:15:00,-1.0,0.488
2015-07-01 22:30:00,0.0,0.586
2015-07-01 22:45:00,0.0,0.488
2015-07-01 23:00:00,-1.0,0.586
2015-07-01 23:15:00,-1.0,0.488
2015-07-01 23:30:00,-1.0,0.586
2015-07-01 23:45:00,0.0,0.586
2015-07-02 00:00:00,-1.0,0.684
2015-07-02 00:15:00,0.0,0.684
2015-07-02 00:30:00,0.0,0.586
2015-07-02 00:45:00,-1.0,0.684
2015-07-02 01:00:00,-1.0,0.684
2015-07-02 01:15:00,-1.0,0.586
2015-07-02 01:30:00,0.0,0.586
2015-07-02 01:45:00,-1.0,0.586
2015-07-02 02:00:00,-1.0,0.0
2015-07-02 02:15:00,-1.0,0.488
2015-07-02 02:30:00,-1.0,0.391
2015-07-02 02:45:00,-1.0,0.391
2015-07-02 03:00:00,0.0,0.488
2015-07-02 03:15:00,-1.0,0.488
2015-07-02 03:30:00,-1.0,0.488
2015-07-02 03:45:00,-1.0,0.391
2015-07-02 04:00:00,-1.0,0.488
2015-07-02 04:15:00,-1.0,0.586
2015-07-02 04:30:00,-1.0,1.27
2015-07-02 04:45:00,-1.0,6.641
2015-07-02 05:00:00,16.0,23.73
2015-07-02 05:15:00,21.5,37.598
2015-07-02 05:30:00,30.0,44.922
2015-07-02 05:45:00,62.0,81.25
2015-07-02 06:00:00,85.5,136.426
2015-07-02 06:15:00,141.0,232.031
2015-07-02 06:30:00,112.5,297.168
2015-07-02 06:45:00,130.5,225.684
2015-07-02 07:00:00,124.0,239.746
2015-07-02 07:15:00,144.0,243.164
2015-07-02 07:30:00,189.5,279.883
2015-07-02 07:45:00,253.5,367.578
2015-07-02 08:00:00,207.0,512.891
2015-07-02 08:15:00,163.0,311.914
2015-07-02 08:30:00,171.0,292.969
2015-07-02 08:45:00,182.0,313.281
2015-07-02 09:00:00,218.0,345.41
2015-07-02 09:15:00,261.5,441.016
2015-07-02 09:30:00,421.5,558.008
2015-07-02 09:45:00,570.0,922.266
2015-07-02 10:00:00,518.0,1048.047
2015-07-02 10:15:00,505.5,1132.617
2015-07-02 10:30:00,496.0,1150.391
2015-07-02 10:45:00,489.0,1113.379
2015-07-02 11:00:00,542.5,1131.934
2015-07-02 11:15:00,531.5,925.0
2015-07-02 11:30:00,495.0,1127.441
2015-07-02 11:45:00,504.0,1126.172
2015-07-02 12:00:00,495.0,1134.473
2015-07-02 12:15:00,473.5,1128.906
2015-07-02 12:30:00,487.0,1121.484
2015-07-02 12:45:00,485.0,1112.012
2015-07-02 13:00:00,473.5,1098.438
2015-07-02 13:15:00,466.0,1079.59
2015-07-02 13:30:00,467.0,1053.223
2015-07-02 13:45:00,469.0,1022.363
2015-07-02 14:00:00,449.5,987.305
2015-07-02 14:15:00,447.5,946.191
2015-07-02 14:30:00,423.0,902.539
2015-07-02 14:45:00,407.5,854.883
2015-07-02 15:00:00,390.0,807.813
2015-07-02 15:15:00,365.5,757.813
2015-07-02 15:30:00,342.0,698.242
2015-07-02 15:45:00,323.0,662.793
2015-07-02 16:00:00,282.5,593.945
2015-07-02 16:15:00,260.5,536.426
2015-07-02 16:30:00,207.5,473.242
2015-07-02 16:45:00,186.0,391.113
2015-07-02 17:00:00,164.5,359.277
2015-07-02 17:15:00,134.0,315.234
2015-07-02 17:30:00,103.5,254.883
2015-07-02 17:45:00,57.0,177.246
2015-07-02 18:00:00,40.5,101.465
2015-07-02 18:15:00,22.0,66.895
2015-07-02 18:30:00,12.5,36.23
2015-07-02 18:45:00,5.0,20.313
2015-07-02 19:00:00,1.0,9.375
2015-07-02 19:15:00,0.0,0.0
2015-07-02 19:30:00,-1.0,0.781
2015-07-02 19:45:00,0.0,0.586
2015-07-02 20:00:00,-1.0,0.586
2015-07-02 20:15:00,-1.0,0.586
2015-07-02 20:30:00,-1.0,0.586
2015-07-02 20:45:00,0.0,0.684
2015-07-02 21:45:00,-1.0,0.391
2015-07-02 22:00:00,0.0,0.391
2015-07-02 22:15:00,-1.0,0.391
2015-07-02 22:45:00,-1.0,0.391
2015-07-02 23:00:00,0.0,0.488
2015-07-02 23:15:00,0.0,0.391
2015-07-02 23:30:00,0.0,0.488
2015-07-03 00:00:00,-1.0,0.488
2015-07-03 00:45:00,-1.0,0.586
2015-07-03 01:00:00,0.0,0.488
2015-07-03 01:15:00,-1.0,0.488
2015-07-03 01:45:00,-1.0,0.0
2015-07-03 02:15:00,-1.0,0.488
2015-07-03 02:30:00,-1.0,0.391
2015-07-03 02:45:00,-1.0,0.488
2015-07-03 03:00:00,-1.0,0.488
2015-07-03 03:15:00,-1.0,0.488
2015-07-03 03:45:00,-1.0,0.391
2015-07-03 04:15:00,-1.0,0.488
2015-07-03 05:00:00,12.5,15.82
2015-07-03 05:15:00,27.0,37.793
2015-07-03 05:45:00,67.5,142.48
2015-07-03 06:00:00,77.5,212.109
2015-07-03 06:15:00,148.5,208.398
2015-07-03 06:30:00,130.5,285.254
2015-07-03 07:30:00,209.5,393.164
2015-07-03 08:00:00,406.0,553.906
2015-07-03 08:15:00,419.5,889.746
2015-07-03 08:30:00,432.0,859.375
2015-07-03 08:45:00,384.5,877.832
2015-07-03 09:00:00,432.5,889.648
2015-07-03 09:30:00,175.5,807.52
2015-07-03 10:00:00,492.5,1095.703
2015-07-03 10:45:00,506.0,1088.086
2015-07-03 11:15:00,509.5,1020.898
2015-07-03 11:30:00,535.5,1167.285
2015-07-03 12:00:00,587.0,853.32
2015-07-03 12:15:00,517.5,1206.25
2015-07-03 12:45:00,502.5,1166.211
2015-07-03 13:15:00,486.0,1142.188
2015-07-03 13:45:00,469.5,1087.793
2015-07-03 14:00:00,452.0,1053.516
2015-07-03 14:30:00,429.0,941.016
2015-07-03 14:45:00,417.5,892.871
2015-07-03 15:30:00,348.0,731.152
2015-07-03 16:30:00,216.0,482.91
2015-07-03 17:00:00,163.0,371.777
2015-07-03 17:45:00,85.5,198.535
2015-07-03 18:30:00,15.5,43.848
2015-07-03 19:30:00,-1.0,0.0
2015-07-03 20:00:00,0.0,0.781
2015-07-03 20:45:00,0.0,0.488
2015-07-03 21:00:00,-1.0,0.488
2015-07-03 21:30:00,0.0,0.488
2015-07-03 22:45:00,-1.0,0.391
2015-07-03 23:00:00,-1.0,0.488
2015-07-03 23:30:00,-1.0,0.488
2015-07-04 00:00:00,0.0,0.488
2015-07-04 00:15:00,-1.0,0.391
2015-07-04 00:30:00,-1.0,0.391
2015-07-04 00:45:00,-1.0,0.488
2015-07-04 01:00:00,-1.0,0.488
2015-07-04 01:15:00,0.0,0.488
2015-07-04 01:45:00,-1.0,0.0
2015-07-04 02:00:00,0.0,0.488
2015-07-04 02:45:00,-1.0,0.488
2015-07-04 03:00:00,-1.0,0.488
2015-07-04 03:45:00,-1.0,0.488
2015-07-04 04:15:00,-1.0,0.586
2015-07-04 04:45:00,2.0,2.832
2015-07-04 05:15:00,8.0,12.402
2015-07-04 05:45:00,18.5,24.316
2015-07-04 06:00:00,20.5,40.723
2015-07-04 06:45:00,27.0,41.211
2015-07-04 07:00:00,46.5,64.844
2015-07-04 09:15:00,221.0,445.801
2015-07-04 09:30:00,191.5,398.047
2015-07-04 09:45:00,141.5,310.352
2015-07-04 10:00:00,137.0,249.805
2015-07-04 10:15:00,106.5,232.715
2015-07-04 11:00:00,178.5,339.941
2015-07-04 11:30:00,298.0,515.43
2015-07-04 11:45:00,569.0,775.391
2015-07-04 12:00:00,540.5,946.094
2015-07-04 12:30:00,240.0,763.281
2015-07-04 12:45:00,275.0,568.945
2015-07-04 13:00:00,461.0,1037.891
2015-07-04 13:30:00,282.5,493.262
2015-07-04 13:45:00,515.0,947.461
2015-07-04 14:00:00,535.5,1025.098
2015-07-04 14:15:00,455.5,1049.316
2015-07-04 15:30:00,357.0,768.164
2015-07-04 15:45:00,324.5,672.266
2015-07-04 16:15:00,265.0,552.344
2015-07-04 16:30:00,228.0,493.262
2015-07-04 16:45:00,199.0,409.766
2015-07-04 17:00:00,165.0,370.41
2015-07-04 17:15:00,132.0,300.586
2015-07-04 17:30:00,101.0,249.121
2015-07-04 18:00:00,40.5,133.203
2015-07-04 18:15:00,12.5,69.922
2015-07-04 18:30:00,8.0,20.02
2015-07-04 19:15:00,0.0,2.637
2015-07-04 19:30:00,-1.0,0.0
2015-07-04 19:45:00,0.0,0.488
2015-07-04 20:15:00,-1.0,0.488
2015-07-04 20:30:00,0.0,0.391
2015-07-04 20:45:00,0.0,0.391
2015-07-04 21:00:00,0.0,0.391
2015-07-04 21:45:00,0.0,0.488
2015-07-04 22:00:00,-1.0,0.586
2015-07-04 23:00:00,0.0,0.488
2015-07-04 23:15:00,0.0,0.488
2015-07-04 23:30:00,-1.0,0.586
2015-07-04 23:45:00,0.0,0.488
2015-07-05 00:15:00,-1.0,0.488
2015-07-05 00:45:00,-1.0,0.488
2015-07-05 01:00:00,0.0,0.391
2015-07-05 01:15:00,0.0,0.391
2015-07-05 01:45:00,0.0,0.488
2015-07-05 02:00:00,0.0,0.391
2015-07-05 02:15:00,-1.0,0.488
2015-07-05 02:30:00,0.0,0.488
2015-07-05 02:45:00,0.0,0.0
2015-07-05 03:15:00,0.0,0.391
2015-07-05 03:45:00,-1.0,0.391
2015-07-05 04:15:00,-1.0,0.488
2015-07-05 04:30:00,2.5,2.344
2015-07-05 04:45:00,8.5,11.133
2015-07-05 05:15:00,30.0,43.066
2015-07-05 05:30:00,47.5,89.355
2015-07-05 05:45:00,85.5,166.992
2015-07-05 06:00:00,111.0,255.273
2015-07-05 06:15:00,145.5,314.941
2015-07-05 06:30:00,189.0,356.836
2015-07-05 06:45:00,235.5,434.18
2015-07-05 07:15:00,311.0,580.176
2015-07-05 08:00:00,453.5,745.117
2015-07-05 08:15:00,433.0,846.582
2015-07-05 08:30:00,445.5,919.336
2015-07-05 08:45:00,417.0,1049.121
2015-07-05 09:15:00,373.5,738.867
2015-07-05 10:15:00,568.0,760.156
2015-07-05 10:45:00,195.0,847.656
2015-07-05 11:45:00,545.0,1150.879
2015-07-05 12:00:00,211.0,651.563
2015-07-05 12:15:00,155.0,394.141
2015-07-05 12:30:00,114.5,237.109
2015-07-05 13:00:00,62.5,149.609
2015-07-05 13:15:00,37.0,86.523
2015-07-05 13:30:00,29.0,54.492
2015-07-05 14:00:00,82.0,86.816
2015-07-05 14:15:00,103.0,154.492
2015-07-05 14:45:00,102.5,186.426
2015-07-05 15:30:00,85.5,153.223
2015-07-05 15:45:00,76.5,146.875
2015-07-05 16:00:00,64.5,127.051
2015-07-05 17:00:00,118.5,343.066
2015-07-05 17:15:00,84.0,201.367
2015-07-05 17:30:00,65.0,118.75
2015-07-05 17:45:00,40.5,83.105
2015-07-05 18:00:00,23.5,56.641
2015-07-05 18:15:00,15.5,36.426
2015-07-05 18:30:00,6.0,20.41
2015-07-05 18:45:00,-1.0,7.813
2015-07-05 19:00:00,0.0,2.734
2015-07-05 19:15:00,-1.0,1.074
2015-07-05 19:30:00,-1.0,0.586
2015-07-05 19:45:00,0.0,0.0
2015-07-05 20:00:00,0.0,0.586
2015-07-05 20:30:00,-1.0,0.0
2015-07-05 21:00:00,-1.0,0.488
2015-07-05 21:30:00,-1.0,0.488
2015-07-05 22:15:00,-1.0,0.488
2015-07-05 22:30:00,-1.0,0.0
2015-07-05 23:00:00,0.0,0.488
2015-07-05 23:15:00,0.0,0.0
2015-07-05 23:30:00,0.0,0.488
2015-07-05 23:45:00,-1.0,0.488
2015-07-06 00:45:00,-1.0,0.488
2015-07-06 01:15:00,-1.0,0.391
2015-07-06 01:45:00,-1.0,0.391
2015-07-06 02:15:00,-1.0,0.488
2015-07-06 02:30:00,-1.0,0.488
2015-07-06 03:00:00,-1.0,0.391
2015-07-06 03:15:00,-1.0,0.391
2015-07-06 03:30:00,0.0,0.488
2015-07-06 03:45:00,-1.0,0.488
2015-07-06 04:00:00,-1.0,0.488
2015-07-06 04:30:00,1.0,1.367
2015-07-06 04:45:00,15.5,13.965
2015-07-06 05:00:00,22.5,39.941
2015-07-06 05:45:00,72.0,137.695
2015-07-06 06:00:00,49.5,170.117
2015-07-06 07:00:00,76.0,130.957
2015-07-06 08:00:00,93.0,187.305
2015-07-06 08:15:00,97.5,182.617
2015-07-06 08:30:00,116.5,191.797
2015-07-06 08:45:00,168.0,251.27
2015-07-06 09:00:00,206.5,329.688
2015-07-06 09:15:00,267.0,421.777
2015-07-06 09:30:00,329.0,568.652
2015-07-06 09:45:00,321.0,715.918
2015-07-06 10:00:00,328.5,612.109
2015-07-06 10:15:00,588.5,1268.945
2015-07-06 10:30:00,528.5,1291.504
2015-07-06 10:45:00,523.0,1243.262
2015-07-06 11:00:00,520.0,1228.809
2015-07-06 11:15:00,506.5,1186.914
2015-07-06 11:30:00,511.0,1137.305
2015-07-06 11:45:00,515.5,1158.398
2015-07-06 12:00:00,513.0,1160.84
2015-07-06 12:15:00,507.5,1165.723
2015-07-06 12:30:00,505.5,1173.242
2015-07-06 12:45:00,502.0,1177.637
2015-07-06 13:00:00,493.0,1167.383
2015-07-06 13:15:00,520.0,1173.437
2015-07-06 13:30:00,396.5,972.461
2015-07-06 13:45:00,369.0,745.117
2015-07-06 14:00:00,359.5,750.0
2015-07-06 14:15:00,499.5,884.277
2015-07-06 14:30:00,438.5,945.313
2015-07-06 14:45:00,332.0,931.152
2015-07-06 15:00:00,254.0,638.965
2015-07-06 15:15:00,449.5,805.176
2015-07-06 15:30:00,334.5,706.641
2015-07-06 15:45:00,257.0,706.348
2015-07-06 16:00:00,143.0,419.434
2015-07-06 16:15:00,266.5,360.742
2015-07-06 16:30:00,310.5,569.336
2015-07-06 16:45:00,73.5,304.785
2015-07-06 17:00:00,19.5,71.777
2015-07-06 17:15:00,8.5,26.66
2015-07-06 17:30:00,3.0,13.086
2015-07-06 17:45:00,-1.0,5.078
2015-07-06 18:00:00,-1.0,4.102
2015-07-06 18:15:00,4.0,5.469
2015-07-06 18:30:00,2.0,10.742
2015-07-06 18:45:00,0.0,2.246
2015-07-06 19:00:00,-1.0,0.684
2015-07-06 19:15:00,-1.0,0.391
2015-07-06 19:30:00,-1.0,0.293
2015-07-06 19:45:00,0.0,0.293
2015-07-06 20:00:00,-1.0,0.293
2015-07-06 20:15:00,0.0,0.293
2015-07-06 20:30:00,-1.0,0.293
2015-07-06 20:45:00,-1.0,0.293
2015-07-06 21:00:00,0.0,0.391
2015-07-06 21:15:00,-1.0,0.293
2015-07-06 21:30:00,0.0,0.293
2015-07-06 21:45:00,0.0,0.293
2015-07-06 22:00:00,-1.0,0.293
2015-07-06 22:15:00,-1.0,0.391
2015-07-06 22:30:00,0.0,0.293
2015-07-06 22:45:00,0.0,0.195
2015-07-06 23:00:00,-1.0,0.293
2015-07-06 23:15:00,-1.0,0.0
2015-07-06 23:30:00,0.0,0.293
2015-07-06 23:45:00,-1.0,0.293
2015-07-07 00:00:00,-1.0,0.391
2015-07-07 00:15:00,0.0,0.293
2015-07-07 00:30:00,-1.0,0.293
2015-07-07 00:45:00,-1.0,0.293
2015-07-07 01:00:00,-1.0,0.293
2015-07-07 01:15:00,-1.0,0.293
2015-07-07 01:30:00,-1.0,0.293
2015-07-07 01:45:00,-1.0,0.391
2015-07-07 02:00:00,-1.0,0.293
2015-07-07 02:15:00,0.0,0.293
2015-07-07 02:30:00,-1.0,0.293
2015-07-07 02:45:00,-1.0,0.293
2015-07-07 03:00:00,-1.0,0.195
2015-07-07 03:15:00,-1.0,0.293
2015-07-07 03:30:00,-1.0,0.293
2015-07-07 03:45:00,-1.0,0.293
2015-07-07 04:00:00,-1.0,0.293
2015-07-07 04:15:00,-1.0,0.293
2015-07-07 04:30:00,2.0,1.27
2015-07-07 04:45:00,-1.0,3.516
2015-07-07 05:00:00,6.0,6.738
2015-07-07 05:15:00,14.0,15.527
2015-07-07 05:30:00,20.5,28.32
2015-07-07 05:45:00,23.5,38.281
2015-07-07 06:00:00,33.0,48.438
2015-07-07 06:15:00,41.0,59.375
2015-07-07 06:30:00,48.5,68.848
2015-07-07 06:45:00,67.5,98.438
2015-07-07 07:00:00,214.5,321.387
2015-07-07 07:15:00,225.0,340.82
2015-07-07 07:30:00,320.5,507.422
2015-07-07 07:45:00,345.5,624.805
2015-07-07 08:00:00,363.5,676.367
2015-07-07 08:15:00,384.5,723.34
2015-07-07 08:30:00,405.5,779.492
2015-07-07 08:45:00,421.0,828.516
2015-07-07 09:00:00,439.0,877.246
2015-07-07 09:15:00,460.0,924.805
2015-07-07 09:30:00,477.0,971.875
2015-07-07 09:45:00,484.5,1011.23
2015-07-07 10:00:00,496.5,1046.68
2015-07-07 10:15:00,503.5,1079.102
2015-07-07 10:30:00,515.0,1106.25
2015-07-07 10:45:00,519.0,1126.953
2015-07-07 11:00:00,514.0,1146.68
2015-07-07 11:15:00,513.5,1160.059
2015-07-07 11:30:00,519.0,1163.379
2015-07-07 11:45:00,513.5,1169.434
2015-07-07 12:00:00,515.5,1172.168
2015-07-07 12:15:00,515.0,1186.523
2015-07-07 12:30:00,525.5,1225.879
2015-07-07 12:45:00,450.5,980.078
2015-07-07 13:00:00,300.0,821.289
2015-07-07 13:15:00,386.5,609.082
2015-07-07 13:30:00,184.0,819.629
2015-07-07 13:45:00,255.5,438.672
2015-07-07 14:00:00,538.5,926.855
2015-07-07 14:15:00,463.5,1081.445
2015-07-07 14:30:00,434.0,968.359
2015-07-07 14:45:00,434.5,894.336
2015-07-07 15:00:00,78.0,788.184
2015-07-07 15:15:00,386.0,601.855
2015-07-07 15:30:00,353.0,721.973
2015-07-07 15:45:00,319.5,657.813
2015-07-07 16:00:00,290.0,598.34
2015-07-07 16:15:00,259.0,540.332
2015-07-07 16:30:00,224.5,487.891
2015-07-07 16:45:00,207.5,446.484
2015-07-07 17:00:00,48.5,334.277
2015-07-07 17:15:00,49.5,143.457
2015-07-07 17:30:00,45.0,89.453
2015-07-07 17:45:00,32.0,57.617
2015-07-07 18:00:00,35.0,70.41
2015-07-07 18:15:00,20.0,49.219
2015-07-07 18:30:00,19.5,41.406
2015-07-07 18:45:00,11.0,36.23
2015-07-07 19:00:00,1.0,14.941
2015-07-07 19:15:00,-1.0,1.953
2015-07-07 19:30:00,-1.0,0.684
2015-07-07 19:45:00,-1.0,0.586
2015-07-07 20:00:00,0.0,0.0
2015-07-07 20:15:00,0.0,0.586
2015-07-07 20:30:00,-1.0,0.586
2015-07-07 20:45:00,-1.0,0.586
2015-07-07 21:00:00,0.0,0.586
2015-07-07 21:15:00,-1.0,0.0
2015-07-07 21:30:00,0.0,0.488
2015-07-07 21:45:00,0.0,0.488
2015-07-07 22:00:00,0.0,0.488
2015-07-07 22:15:00,-1.0,0.488
2015-07-07 22:30:00,-1.0,0.488
2015-07-07 22:45:00,0.0,0.293
2015-07-07 23:00:00,-1.0,0.391
2015-07-07 23:15:00,0.0,0.488
2015-07-07 23:30:00,0.0,0.0
2015-07-07 23:45:00,0.0,0.391
2015-07-08 00:00:00,0.0,0.391
2015-07-08 00:15:00,-1.0,0.391
2015-07-08 00:30:00,-1.0,0.391
2015-07-08 00:45:00,-1.0,0.293
2015-07-08 01:00:00,-1.0,0.293
2015-07-08 01:15:00,-1.0,0.293
2015-07-08 01:30:00,0.0,0.391
2015-07-08 01:45:00,-1.0,0.0
2015-07-08 02:00:00,-1.0,0.293
2015-07-08 02:15:00,-1.0,0.391
2015-07-08 02:30:00,-1.0,0.293
2015-07-08 02:45:00,-1.0,0.195
2015-07-08 03:00:00,-1.0,0.293
2015-07-08 03:15:00,-1.0,0.293
2015-07-08 03:30:00,0.0,0.391
2015-07-08 03:45:00,-1.0,0.293
2015-07-08 04:00:00,-1.0,0.391
2015-07-08 04:15:00,-1.0,0.391
2015-07-08 04:30:00,2.0,1.66
2015-07-08 04:45:00,-1.0,6.836
2015-07-08 05:00:00,12.0,15.039
2015-07-08 05:15:00,22.0,29.004
2015-07-08 05:30:00,38.0,76.074
2015-07-08 05:45:00,59.0,136.914
2015-07-08 06:00:00,83.0,191.016
2015-07-08 06:15:00,116.0,250.391
2015-07-08 06:30:00,149.0,304.98
2015-07-08 06:45:00,199.5,365.918
2015-07-08 07:00:00,234.5,432.324
2015-07-08 07:15:00,270.0,492.676
2015-07-08 07:30:00,311.0,557.91
2015-07-08 07:45:00,380.0,632.715
2015-07-08 08:00:00,367.5,603.809
2015-07-08 08:15:00,292.0,679.883
2015-07-08 08:30:00,446.0,636.133
2015-07-08 08:45:00,492.5,885.742
2015-07-08 09:00:00,467.0,882.129
2015-07-08 09:15:00,488.5,949.414
2015-07-08 09:30:00,484.5,990.234
2015-07-08 09:45:00,547.0,1082.031
2015-07-08 10:00:00,101.5,1008.398
2015-07-08 10:15:00,519.0,776.172
2015-07-08 10:30:00,532.5,1133.105
2015-07-08 10:45:00,112.5,1204.395
2015-07-08 11:00:00,559.5,1005.859
2015-07-08 11:15:00,585.5,1088.672
2015-07-08 11:30:00,550.0,1195.02
2015-07-08 11:45:00,536.5,1189.062
2015-07-08 12:00:00,148.5,1029.297
2015-07-08 12:15:00,675.5,583.301
2015-07-08 12:30:00,177.5,482.031
2015-07-08 12:45:00,674.0,640.43
2015-07-08 13:00:00,160.5,756.836
2015-07-08 13:15:00,622.0,717.48
2015-07-08 13:30:00,607.5,979.004
2015-07-08 13:45:00,538.5,1109.961
2015-07-08 14:00:00,544.5,1093.457
2015-07-08 14:15:00,513.0,999.902
2015-07-08 14:30:00,485.0,992.383
2015-07-08 14:45:00,453.5,923.828
2015-07-08 15:00:00,423.5,862.305
2015-07-08 15:15:00,396.5,807.813
2015-07-08 15:30:00,369.5,750.977
2015-07-08 15:45:00,340.0,691.895
2015-07-08 16:00:00,302.0,629.297
2015-07-08 16:15:00,267.5,561.426
2015-07-08 16:30:00,228.0,498.437
2015-07-08 16:45:00,193.5,436.23
2015-07-08 17:00:00,161.0,374.414
2015-07-08 17:15:00,126.0,310.742
2015-07-08 17:30:00,93.0,249.023
2015-07-08 17:45:00,63.0,193.457
2015-07-08 18:00:00,38.0,137.207
2015-07-08 18:15:00,18.5,74.414
2015-07-08 18:30:00,10.0,33.398
2015-07-08 18:45:00,6.5,17.09
2015-07-08 19:00:00,2.0,8.398
2015-07-08 19:15:00,0.0,2.246
2015-07-08 19:30:00,-1.0,0.586
2015-07-08 19:45:00,-1.0,0.488
2015-07-08 20:00:00,-1.0,0.391
2015-07-08 20:15:00,-1.0,0.488
2015-07-08 20:30:00,0.0,0.586
2015-07-08 20:45:00,0.0,0.0
2015-07-08 21:00:00,0.0,0.391
2015-07-08 21:15:00,0.0,0.488
2015-07-08 21:30:00,0.0,0.391
2015-07-08 21:45:00,-1.0,0.488
2015-07-08 22:00:00,0.0,0.391
2015-07-08 22:15:00,0.0,0.488
2015-07-08 22:30:00,0.0,0.391
2015-07-08 22:45:00,-1.0,0.391
2015-07-08 23:00:00,-1.0,0.391
2015-07-08 23:15:00,-1.0,0.391
2015-07-08 23:30:00,0.0,0.488
2015-07-08 23:45:00,-1.0,0.293
2015-07-09 00:00:00,0.0,0.391
2015-07-09 00:15:00,0.0,0.293
2015-07-09 00:30:00,-1.0,0.391
2015-07-09 00:45:00,0.0,0.0
2015-07-09 01:00:00,-1.0,0.293
2015-07-09 01:15:00,0.0,0.293
2015-07-09 01:30:00,-1.0,0.391
2015-07-09 01:45:00,-1.0,0.391
2015-07-09 02:00:00,-1.0,0.0
2015-07-09 02:15:00,-1.0,0.391
2015-07-09 02:30:00,-1.0,0.293
2015-07-09 02:45:00,-1.0,0.391
2015-07-09 03:00:00,-1.0,0.293
2015-07-09 03:15:00,0.0,0.293
2015-07-09 03:30:00,-1.0,0.195
2015-07-09 03:45:00,-1.0,0.195
2015-07-09 04:00:00,-1.0,0.293
2015-07-09 04:15:00,-1.0,0.488
2015-07-09 04:30:00,2.0,2.246
2015-07-09 04:45:00,6.5,7.617
2015-07-09 05:00:00,14.0,16.113
2015-07-09 05:15:00,19.5,29.98
2015-07-09 05:30:00,39.0,72.852
2015-07-09 05:45:00,58.0,130.664
2015-07-09 06:00:00,81.5,186.328
2015-07-09 06:15:00,114.0,245.117
2015-07-09 06:30:00,147.5,299.219
2015-07-09 06:45:00,194.0,362.402
2015-07-09 07:00:00,234.0,429.785
2015-07-09 07:15:00,273.0,490.527
2015-07-09 07:30:00,311.0,554.004
2015-07-09 07:45:00,349.0,616.895
2015-07-09 08:00:00,376.0,681.055
2015-07-09 08:15:00,403.0,737.109
2015-07-09 08:30:00,434.0,796.875
2015-07-09 08:45:00,461.5,854.98
2015-07-09 09:00:00,482.5,909.668
2015-07-09 09:15:00,506.0,963.574
2015-07-09 09:30:00,538.0,1019.727
2015-07-09 09:45:00,511.0,1049.805
2015-07-09 10:00:00,498.0,895.508
2015-07-09 10:15:00,609.5,922.656
2015-07-09 10:30:00,492.0,975.0
2015-07-09 10:45:00,577.0,1013.672
2015-07-09 11:00:00,560.5,922.266
2015-07-09 11:15:00,569.5,1020.41
2015-07-09 11:30:00,616.5,1218.164
2015-07-09 11:45:00,649.0,1131.25
2015-07-09 12:00:00,607.5,1167.676
2015-07-09 12:15:00,589.5,1210.449
2015-07-09 12:30:00,622.0,1071.484
2015-07-09 12:45:00,592.5,1116.113
2015-07-09 13:00:00,577.0,1168.945
2015-07-09 13:15:00,569.5,1038.867
2015-07-09 13:30:00,618.0,949.121
2015-07-09 13:45:00,641.0,774.316
2015-07-09 14:00:00,122.5,873.047
2015-07-09 14:15:00,161.0,359.668
2015-07-09 14:30:00,124.5,634.277
2015-07-09 14:45:00,116.0,191.895
2015-07-09 15:00:00,110.0,212.988
2015-07-09 15:15:00,41.0,125.391
2015-07-09 15:30:00,34.0,54.004
2015-07-09 15:45:00,41.5,68.359
2015-07-09 16:00:00,64.5,83.105
2015-07-09 16:15:00,103.5,169.531
2015-07-09 16:30:00,261.5,525.293
2015-07-09 16:45:00,214.5,444.238
2015-07-09 17:00:00,149.0,373.34
2015-07-09 17:15:00,152.5,325.195
2015-07-09 17:30:00,141.0,297.461
2015-07-09 17:45:00,81.0,232.422
2015-07-09 18:00:00,43.5,142.871
2015-07-09 18:15:00,26.0,77.441
2015-07-09 18:30:00,16.5,42.48
2015-07-09 18:45:00,10.0,24.512
2015-07-09 19:00:00,5.0,15.137
2015-07-09 19:15:00,-1.0,3.418
2015-07-09 19:30:00,-1.0,0.684
2015-07-09 19:45:00,0.0,0.488
2015-07-09 20:00:00,0.0,0.293
2015-07-09 20:15:00,0.0,0.391
2015-07-09 20:30:00,0.0,0.391
2015-07-09 20:45:00,0.0,0.391
2015-07-09 21:00:00,0.0,0.293
2015-07-09 21:15:00,0.0,0.293
2015-07-09 21:30:00,-1.0,0.293
2015-07-09 21:45:00,0.0,0.293
2015-07-09 22:00:00,0.0,0.391
2015-07-09 22:15:00,0.0,0.195
2015-07-09 22:30:00,0.0,0.195
2015-07-09 22:45:00,0.0,0.195
2015-07-09 23:00:00,0.0,0.293
2015-07-09 23:15:00,0.0,0.0
2015-07-09 23:30:00,-1.0,0.195
2015-07-09 23:45:00,0.0,0.195
2015-07-10 00:00:00,-1.0,0.195
2015-07-10 00:15:00,0.0,0.195
2015-07-10 00:30:00,-1.0,0.0
2015-07-10 00:45:00,-1.0,0.195
2015-07-10 01:00:00,0.0,0.195
2015-07-10 01:15:00,0.0,0.195
2015-07-10 01:30:00,-1.0,0.195
2015-07-10 01:45:00,-1.0,0.0
2015-07-10 02:00:00,0.0,0.195
2015-07-10 02:15:00,-1.0,0.195
2015-07-10 02:30:00,0.0,0.195
2015-07-10 02:45:00,-1.0,0.391
2015-07-10 03:00:00,-1.0,0.293
2015-07-10 03:15:00,0.0,0.195
2015-07-10 03:30:00,0.0,0.195
2015-07-10 03:45:00,-1.0,0.293
2015-07-10 04:00:00,-1.0,0.293
2015-07-10 04:15:00,-1.0,0.391
2015-07-10 04:30:00,1.0,1.855
2015-07-10 04:45:00,6.5,7.324
2015-07-10 05:00:00,12.5,17.188
2015-07-10 05:15:00,23.5,30.664
2015-07-10 05:30:00,38.0,71.875
2015-07-10 05:45:00,55.0,126.367
2015-07-10 06:00:00,80.0,181.543
2015-07-10 06:15:00,109.0,241.016
2015-07-10 06:30:00,149.5,297.07
2015-07-10 06:45:00,62.0,295.313
2015-07-10 07:00:00,243.0,436.426
2015-07-10 07:15:00,281.0,466.113
2015-07-10 07:30:00,93.0,487.988
2015-07-10 07:45:00,355.0,542.578
2015-07-10 08:00:00,416.5,617.285
2015-07-10 08:15:00,418.5,735.645
2015-07-10 08:30:00,429.0,797.168
2015-07-10 08:45:00,448.5,857.52
2015-07-10 09:00:00,471.5,901.953
2015-07-10 09:15:00,488.5,946.68
2015-07-10 09:30:00,499.5,984.961
2015-07-10 09:45:00,505.5,1022.363
2015-07-10 10:00:00,525.0,1068.75
2015-07-10 10:15:00,543.0,1099.219
2015-07-10 10:30:00,571.0,1130.176
2015-07-10 10:45:00,598.0,1127.051
2015-07-10 11:00:00,480.5,1126.074
2015-07-10 11:15:00,596.5,969.336
2015-07-10 11:30:00,609.5,1222.363
2015-07-10 11:45:00,417.0,1058.887
2015-07-10 12:00:00,604.0,933.984
2015-07-10 12:15:00,621.5,1255.176
2015-07-10 12:30:00,585.0,1227.539
2015-07-10 12:45:00,583.0,1224.316
2015-07-10 13:00:00,609.5,1219.043
2015-07-10 13:15:00,571.0,1090.234
2015-07-10 13:30:00,148.5,943.555
2015-07-10 13:45:00,583.0,702.344
2015-07-10 14:00:00,147.5,1037.598
2015-07-10 14:15:00,415.5,869.238
2015-07-10 14:30:00,500.5,961.816
2015-07-10 14:45:00,478.5,966.309
2015-07-10 15:00:00,431.0,895.508
2015-07-10 15:15:00,401.5,811.035
2015-07-10 15:30:00,368.5,743.945
2015-07-10 15:45:00,332.0,676.758
2015-07-10 16:00:00,297.0,609.473
2015-07-10 16:15:00,263.5,548.828
2015-07-10 16:30:00,225.0,485.938
2015-07-10 16:45:00,190.0,425.098
2015-07-10 17:00:00,154.5,358.887
2015-07-10 17:15:00,122.5,296.973
2015-07-10 17:30:00,92.0,240.723
2015-07-10 17:45:00,62.0,188.477
2015-07-10 18:00:00,38.0,129.492
2015-07-10 18:15:00,20.0,71.094
2015-07-10 18:30:00,11.0,33.301
2015-07-10 18:45:00,6.5,18.164
2015-07-10 19:00:00,1.0,8.594
2015-07-10 19:15:00,0.0,2.441
2015-07-10 19:30:00,-1.0,0.0
2015-07-10 19:45:00,0.0,0.586
2015-07-10 20:00:00,0.0,0.488
2015-07-10 20:15:00,-1.0,0.488
2015-07-10 20:30:00,0.0,0.586
2015-07-10 20:45:00,-1.0,0.391
2015-07-10 21:00:00,-1.0,0.0
2015-07-10 21:15:00,0.0,0.391
2015-07-10 21:30:00,-1.0,0.391
2015-07-10 21:45:00,-1.0,0.293
2015-07-10 22:00:00,-1.0,0.293
2015-07-10 22:15:00,0.0,0.391
2015-07-10 22:30:00,0.0,0.391
2015-07-10 22:45:00,-1.0,0.391
2015-07-10 23:00:00,-1.0,0.293
2015-07-10 23:15:00,-1.0,0.293
2015-07-10 23:30:00,0.0,0.293
2015-07-10 23:45:00,0.0,0.293
2015-07-11 00:00:00,-1.0,0.195
2015-07-11 00:15:00,-1.0,0.293
2015-07-11 00:30:00,-1.0,0.195
2015-07-11 00:45:00,-1.0,0.293
2015-07-11 01:00:00,-1.0,0.195
2015-07-11 01:15:00,-1.0,0.293
2015-07-11 01:30:00,0.0,0.293
2015-07-11 01:45:00,-1.0,0.195
2015-07-11 02:00:00,-1.0,0.293
2015-07-11 02:15:00,0.0,0.293
2015-07-11 02:30:00,-1.0,0.293
2015-07-11 02:45:00,-1.0,0.293
2015-07-11 03:00:00,0.0,0.293
2015-07-11 03:15:00,-1.0,0.293
2015-07-11 03:30:00,0.0,0.293
2015-07-11 03:45:00,0.0,0.293
2015-07-11 04:00:00,-1.0,0.293
2015-07-11 04:15:00,-1.0,0.391
2015-07-11 04:30:00,2.0,1.66
2015-07-11 04:45:00,6.5,7.422
2015-07-11 05:00:00,12.0,16.797
2015-07-11 05:15:00,23.5,29.102
2015-07-11 05:30:00,39.0,71.094
2015-07-11 05:45:00,59.0,128.711
2015-07-11 06:00:00,83.0,184.668
2015-07-11 06:15:00,118.0,245.02
2015-07-11 06:30:00,144.0,302.051
2015-07-11 06:45:00,179.5,363.086
2015-07-11 07:00:00,238.5,433.105
2015-07-11 07:15:00,273.0,497.461
2015-07-11 07:30:00,313.5,562.109
2015-07-11 07:45:00,351.5,626.855
2015-07-11 08:00:00,379.0,693.457
2015-07-11 08:15:00,407.0,754.98
2015-07-11 08:30:00,432.0,813.77
2015-07-11 08:45:00,461.5,869.824
2015-07-11 09:00:00,474.5,923.242
2015-07-11 09:15:00,487.0,970.117
2015-07-11 09:30:00,506.5,1012.207
2015-07-11 09:45:00,513.5,1047.363
2015-07-11 10:00:00,533.5,1085.547
2015-07-11 10:15:00,544.5,1115.918
2015-07-11 10:30:00,543.0,1140.332
2015-07-11 10:45:00,545.0,1157.227
2015-07-11 11:00:00,540.5,1170.02
2015-07-11 11:15:00,554.0,1182.52
2015-07-11 11:30:00,542.0,1188.672
2015-07-11 11:45:00,554.5,1196.777
2015-07-11 12:00:00,573.0,1208.594
2015-07-11 12:15:00,478.5,1202.148
2015-07-11 12:30:00,440.0,921.094
2015-07-11 12:45:00,399.5,887.5
2015-07-11 13:00:00,404.0,842.09
2015-07-11 13:15:00,411.0,834.57
2015-07-11 13:30:00,511.0,892.383
2015-07-11 13:45:00,556.5,1040.527
2015-07-11 14:00:00,384.0,906.836
2015-07-11 14:15:00,422.5,1007.324
2015-07-11 14:30:00,532.5,950.293
2015-07-11 14:45:00,467.0,992.969
2015-07-11 15:00:00,433.0,897.168
2015-07-11 15:15:00,408.0,812.598
2015-07-11 15:30:00,405.0,775.684
2015-07-11 15:45:00,426.5,803.906
2015-07-11 16:00:00,382.0,800.977
2015-07-11 16:15:00,310.5,656.836
2015-07-11 16:30:00,205.5,560.352
2015-07-11 16:45:00,259.0,513.379
2015-07-11 17:00:00,234.5,403.809
2015-07-11 17:15:00,162.5,377.051
2015-07-11 17:30:00,117.0,285.645
2015-07-11 17:45:00,89.5,213.77
2015-07-11 18:00:00,68.0,172.656
2015-07-11 18:15:00,34.0,110.352
2015-07-11 18:30:00,23.5,54.297
2015-07-11 18:45:00,10.5,39.746
2015-07-11 19:00:00,4.0,14.746
2015-07-11 19:15:00,-1.0,4.492
2015-07-11 19:30:00,-1.0,0.684
2015-07-11 19:45:00,0.0,0.488
2015-07-11 20:00:00,0.0,0.586
2015-07-11 20:15:00,0.0,0.586
2015-07-11 20:30:00,-1.0,0.0
2015-07-11 20:45:00,0.0,0.586
2015-07-11 21:00:00,0.0,0.488
2015-07-11 21:15:00,-1.0,0.488
2015-07-11 21:30:00,-1.0,0.391
2015-07-11 21:45:00,-1.0,0.293
2015-07-11 22:00:00,-1.0,0.391
2015-07-11 22:15:00,-1.0,0.391
2015-07-11 22:30:00,0.0,0.391
2015-07-11 22:45:00,-1.0,0.391
2015-07-11 23:00:00,0.0,0.293
2015-07-11 23:15:00,0.0,0.391
2015-07-11 23:30:00,0.0,0.391
2015-07-11 23:45:00,0.0,0.391
2015-07-12 00:00:00,0.0,0.293
2015-07-12 00:15:00,0.0,0.391
2015-07-12 00:30:00,0.0,0.293
2015-07-12 00:45:00,0.0,0.293
2015-07-12 01:00:00,0.0,0.293
2015-07-12 01:15:00,-1.0,0.293
2015-07-12 01:30:00,-1.0,0.195
2015-07-12 01:45:00,0.0,0.195
2015-07-12 02:00:00,-1.0,0.195
2015-07-12 02:15:00,-1.0,0.195
2015-07-12 02:30:00,0.0,0.0
2015-07-12 02:45:00,-1.0,0.195
2015-07-12 03:00:00,0.0,0.195
2015-07-12 03:15:00,-1.0,0.293
2015-07-12 03:30:00,0.0,0.195
2015-07-12 03:45:00,-1.0,0.293
2015-07-12 04:00:00,-1.0,0.195
2015-07-12 04:15:00,-1.0,0.391
2015-07-12 04:30:00,2.0,1.563
2015-07-12 04:45:00,-1.0,6.836
2015-07-12 05:00:00,15.5,20.117
2015-07-12 05:15:00,31.0,37.793
2015-07-12 05:30:00,40.5,60.645
2015-07-12 05:45:00,47.0,74.219
2015-07-12 06:00:00,72.5,126.563
2015-07-12 06:15:00,79.5,162.5
2015-07-12 06:30:00,93.5,177.051
2015-07-12 06:45:00,99.0,189.648
2015-07-12 07:00:00,176.5,220.313
2015-07-12 07:15:00,130.0,202.93
2015-07-12 07:30:00,380.5,303.223
2015-07-12 07:45:00,130.5,319.141
2015-07-12 08:00:00,249.0,409.766
2015-07-12 08:15:00,398.0,630.078
2015-07-12 08:30:00,107.0,544.824
2015-07-12 08:45:00,395.5,796.68
2015-07-12 09:00:00,461.0,800.684
2015-07-12 09:15:00,490.5,1002.441
2015-07-12 09:30:00,452.0,951.953
2015-07-12 09:45:00,506.0,1069.727
2015-07-12 10:00:00,239.5,1029.102
2015-07-12 10:15:00,530.5,882.813
2015-07-12 10:30:00,317.0,888.477
2015-07-12 10:45:00,462.0,950.0
2015-07-12 11:00:00,473.0,971.387
2015-07-12 11:15:00,373.0,866.504
2015-07-12 11:30:00,297.5,899.219
2015-07-12 11:45:00,594.5,1128.223
2015-07-12 12:00:00,282.5,1192.48
2015-07-12 12:15:00,425.0,972.852
2015-07-12 12:30:00,373.5,910.547
2015-07-12 12:45:00,540.0,905.957
2015-07-12 13:00:00,461.0,902.051
2015-07-12 13:15:00,495.0,993.164
2015-07-12 13:30:00,420.5,869.043
2015-07-12 13:45:00,467.0,967.383
2015-07-12 14:00:00,505.5,940.234
2015-07-12 14:15:00,518.0,912.793
2015-07-12 14:30:00,336.5,756.836
2015-07-12 14:45:00,247.0,697.461
2015-07-12 15:00:00,365.0,638.281
2015-07-12 15:15:00,226.5,558.691
2015-07-12 15:30:00,338.0,580.566
2015-07-12 15:45:00,196.0,490.82
2015-07-12 16:00:00,155.5,310.645
2015-07-12 16:15:00,154.5,279.199
2015-07-12 16:30:00,142.0,271.094
2015-07-12 16:45:00,114.0,251.074
2015-07-12 17:00:00,114.5,230.273
2015-07-12 17:15:00,159.5,304.004
2015-07-12 17:30:00,144.0,327.441
2015-07-12 17:45:00,121.5,282.715
2015-07-12 18:00:00,78.0,227.539
2015-07-12 18:15:00,41.0,121.875
2015-07-12 18:30:00,23.5,66.504
2015-07-12 18:45:00,14.5,37.305
2015-07-12 19:00:00,6.0,22.949
2015-07-12 19:15:00,-1.0,3.906
2015-07-12 19:30:00,-1.0,0.488
2015-07-12 19:45:00,0.0,0.391
2015-07-12 20:00:00,0.0,0.488
2015-07-12 20:15:00,0.0,0.488
2015-07-12 20:30:00,0.0,0.391
2015-07-12 20:45:00,0.0,0.488
2015-07-12 21:00:00,0.0,0.488
2015-07-12 21:15:00,-1.0,0.586
2015-07-12 21:30:00,0.0,0.488
2015-07-12 21:45:00,-1.0,0.488
2015-07-12 22:00:00,0.0,0.391
2015-07-12 22:15:00,-1.0,0.391
2015-07-12 22:30:00,0.0,0.391
2015-07-12 22:45:00,0.0,0.293
2015-07-12 23:00:00,0.0,0.391
2015-07-12 23:15:00,-1.0,0.293
2015-07-12 23:30:00,-1.0,0.391
2015-07-12 23:45:00,-1.0,0.391
2015-07-13 00:00:00,-1.0,0.391
2015-07-13 00:15:00,0.0,0.391
2015-07-13 00:30:00,0.0,0.293
2015-07-13 00:45:00,-1.0,0.293
2015-07-13 01:00:00,0.0,0.391
2015-07-13 01:15:00,0.0,0.391
2015-07-13 01:30:00,-1.0,0.293
2015-07-13 01:45:00,0.0,0.293
2015-07-13 02:00:00,-1.0,0.195
2015-07-13 02:15:00,0.0,0.195
2015-07-13 02:30:00,-1.0,0.195
2015-07-13 02:45:00,-1.0,0.195
2015-07-13 03:00:00,-1.0,0.195
2015-07-13 03:15:00,0.0,0.0
2015-07-13 03:30:00,-1.0,0.0
2015-07-13 03:45:00,-1.0,0.195
2015-07-13 04:00:00,-1.0,0.195
2015-07-13 04:15:00,-1.0,0.195
2015-07-13 04:30:00,1.0,1.172
2015-07-13 04:45:00,-1.0,5.957
2015-07-13 05:00:00,10.5,13.574
2015-07-13 05:15:00,19.5,23.242
2015-07-13 05:30:00,36.0,70.117
2015-07-13 05:45:00,56.5,130.957
2015-07-13 06:00:00,86.0,187.305
2015-07-13 06:15:00,111.0,248.828
2015-07-13 06:30:00,141.0,304.98
2015-07-13 06:45:00,178.0,362.305
2015-07-13 07:00:00,213.0,433.984
2015-07-13 07:15:00,254.0,496.582
2015-07-13 07:30:00,288.0,561.816
2015-07-13 07:45:00,319.5,622.949
2015-07-13 08:00:00,361.0,685.156
2015-07-13 08:15:00,384.5,741.113
2015-07-13 08:30:00,411.0,802.441
2015-07-13 08:45:00,431.0,858.008
2015-07-13 09:00:00,448.5,908.008
2015-07-13 09:15:00,465.5,955.469
2015-07-13 09:30:00,475.0,999.902
2015-07-13 09:45:00,487.0,1038.086
2015-07-13 10:00:00,492.5,1072.363
2015-07-13 10:15:00,499.5,1105.469
2015-07-13 10:30:00,514.0,1126.758
2015-07-13 10:45:00,544.5,1148.633
2015-07-13 11:00:00,548.0,1164.453
2015-07-13 11:15:00,554.0,1176.855
2015-07-13 11:30:00,543.0,1183.301
2015-07-13 11:45:00,537.0,1182.227
2015-07-13 12:00:00,538.5,1179.98
2015-07-13 12:15:00,530.5,1174.316
2015-07-13 12:30:00,529.0,1166.016
2015-07-13 12:45:00,502.5,1155.762
2015-07-13 13:00:00,511.0,1138.574
2015-07-13 13:15:00,502.5,1122.266
2015-07-13 13:30:00,500.5,1095.996
2015-07-13 13:45:00,493.0,1065.43
2015-07-13 14:00:00,480.5,1031.934
2015-07-13 14:15:00,463.0,996.68
2015-07-13 14:30:00,448.5,950.781
2015-07-13 14:45:00,427.5,897.07
2015-07-13 15:00:00,403.5,846.68
2015-07-13 15:15:00,384.5,793.262
2015-07-13 15:30:00,355.0,742.383
2015-07-13 15:45:00,319.5,674.316
2015-07-13 16:00:00,304.0,611.914
2015-07-13 16:15:00,206.5,525.0
2015-07-13 16:30:00,237.5,460.156
2015-07-13 16:45:00,201.5,436.914
2015-07-13 17:00:00,167.0,373.047
2015-07-13 17:15:00,132.5,310.254
2015-07-13 17:30:00,101.0,250.879
2015-07-13 17:45:00,66.0,197.168
2015-07-13 18:00:00,20.0,131.152
2015-07-13 18:15:00,17.5,38.379
2015-07-13 18:30:00,7.0,26.367
2015-07-13 18:45:00,4.5,12.695
2015-07-13 19:00:00,-1.0,5.664
2015-07-13 19:15:00,0.0,1.758
2015-07-13 19:30:00,-1.0,0.488
2015-07-13 19:45:00,0.0,0.488
2015-07-13 20:00:00,0.0,0.0
2015-07-13 20:15:00,-1.0,0.488
2015-07-13 20:30:00,0.0,0.488
2015-07-13 20:45:00,0.0,0.488
2015-07-13 21:00:00,-1.0,0.488
2015-07-13 21:15:00,0.0,0.586
2015-07-13 21:30:00,0.0,0.488
2015-07-13 21:45:00,0.0,0.488
2015-07-13 22:00:00,0.0,0.488
2015-07-13 22:15:00,-1.0,0.0
2015-07-13 22:30:00,-1.0,0.391
2015-07-13 22:45:00,0.0,0.391
2015-07-13 23:00:00,0.0,0.293
2015-07-13 23:15:00,-1.0,0.391
2015-07-13 23:30:00,0.0,0.293
2015-07-13 23:45:00,-1.0,0.293
2015-07-14 00:00:00,-1.0,0.391
2015-07-14 00:15:00,0.0,0.293
2015-07-14 00:30:00,-1.0,0.293
2015-07-14 00:45:00,-1.0,0.391
2015-07-14 01:00:00,0.0,0.195
2015-07-14 01:15:00,-1.0,0.293
2015-07-14 01:30:00,-1.0,0.293
2015-07-14 01:45:00,0.0,0.293
2015-07-14 02:00:00,0.0,0.391
2015-07-14 02:15:00,-1.0,0.195
2015-07-14 02:30:00,-1.0,0.293
2015-07-14 02:45:00,0.0,0.195
2015-07-14 03:00:00,-1.0,0.195
2015-07-14 03:15:00,-1.0,0.293
2015-07-14 03:30:00,0.0,0.293
2015-07-14 03:45:00,-1.0,0.293
2015-07-14 04:00:00,-1.0,0.293
2015-07-14 04:15:00,-1.0,0.0
2015-07-14 04:30:00,1.0,1.074
2015-07-14 04:45:00,-1.0,6.055
2015-07-14 05:00:00,10.5,13.77
2015-07-14 05:15:00,20.5,23.242
2015-07-14 05:30:00,35.0,69.824
2015-07-14 05:45:00,56.0,131.25
2015-07-14 06:00:00,79.5,189.746
2015-07-14 06:15:00,110.0,249.902
2015-07-14 06:30:00,145.5,306.348
2015-07-14 06:45:00,201.0,363.965
2015-07-14 07:00:00,236.5,437.5
2015-07-14 07:15:00,272.5,499.414
2015-07-14 07:30:00,307.5,563.379
2015-07-14 07:45:00,340.5,623.828
2015-07-14 08:00:00,366.5,680.664
2015-07-14 08:15:00,394.0,739.355
2015-07-14 08:30:00,416.5,800.0
2015-07-14 08:45:00,441.0,859.277
2015-07-14 09:00:00,460.0,913.379
2015-07-14 09:15:00,499.5,975.293
2015-07-14 09:30:00,563.5,1091.797
2015-07-14 09:45:00,586.5,1176.66
2015-07-14 10:00:00,461.5,1131.738
2015-07-14 10:15:00,610.5,1109.082
2015-07-14 10:30:00,500.0,1282.715
2015-07-14 10:45:00,566.0,925.391
2015-07-14 11:00:00,541.0,1242.676
2015-07-14 11:15:00,548.0,1214.062
2015-07-14 11:30:00,542.0,1196.191
2015-07-14 11:45:00,531.5,1181.543
2015-07-14 12:00:00,517.0,1173.828
2015-07-14 12:15:00,550.5,1170.215
2015-07-14 12:30:00,559.5,1167.48
2015-07-14 12:45:00,542.5,1156.25
2015-07-14 13:00:00,535.5,1140.918
2015-07-14 13:15:00,534.5,1122.461
2015-07-14 13:30:00,515.5,1103.711
2015-07-14 13:45:00,513.5,1077.637
2015-07-14 14:00:00,497.5,1040.039
2015-07-14 14:15:00,481.5,995.313
2015-07-14 14:30:00,466.0,950.488
2015-07-14 14:45:00,445.5,908.594
2015-07-14 15:00:00,418.5,856.348
2015-07-14 15:15:00,390.5,796.484
2015-07-14 15:30:00,361.5,733.984
2015-07-14 15:45:00,338.5,679.688
2015-07-14 16:00:00,308.0,622.754
2015-07-14 16:15:00,275.0,564.746
2015-07-14 16:30:00,242.0,503.906
2015-07-14 16:45:00,207.0,441.113
2015-07-14 17:00:00,172.0,379.004
2015-07-14 17:15:00,136.0,316.504
2015-07-14 17:30:00,101.5,256.055
2015-07-14 17:45:00,68.5,198.242
2015-07-14 18:00:00,38.0,138.281
2015-07-14 18:15:00,18.0,72.949
2015-07-14 18:30:00,9.0,31.445
2015-07-14 18:45:00,4.5,15.625
2015-07-14 19:00:00,0.5,7.324
2015-07-14 19:15:00,0.0,2.148
2015-07-14 19:30:00,-1.0,0.684
2015-07-14 19:45:00,0.0,0.488
2015-07-14 20:00:00,0.0,0.586
2015-07-14 20:15:00,0.0,0.586
2015-07-14 20:30:00,0.0,0.586
2015-07-14 20:45:00,0.0,0.586
2015-07-14 21:00:00,-1.0,0.586
2015-07-14 21:15:00,-1.0,0.391
2015-07-14 21:30:00,0.0,0.391
2015-07-14 21:45:00,0.0,0.195
2015-07-14 22:00:00,0.0,0.391
2015-07-14 22:15:00,0.0,0.391
2015-07-14 22:30:00,0.0,0.293
2015-07-14 22:45:00,0.0,0.293
2015-07-14 23:00:00,0.0,0.293
2015-07-14 23:15:00,0.0,0.293
2015-07-14 23:30:00,0.0,0.293
2015-07-14 23:45:00,-1.0,0.293
2015-07-15 00:00:00,-1.0,0.293
2015-07-15 00:15:00,0.0,0.293
2015-07-15 00:30:00,-1.0,0.293
2015-07-15 00:45:00,0.0,0.391
2015-07-15 01:00:00,0.0,0.293
2015-07-15 01:15:00,0.0,0.195
2015-07-15 01:30:00,-1.0,0.293
2015-07-15 01:45:00,0.0,0.293
2015-07-15 02:00:00,-1.0,0.195
2015-07-15 02:15:00,-1.0,0.195
2015-07-15 02:30:00,-1.0,0.293
2015-07-15 02:45:00,-1.0,0.0
2015-07-15 03:00:00,-1.0,0.293
2015-07-15 03:15:00,-1.0,0.293
2015-07-15 03:30:00,-1.0,0.293
2015-07-15 03:45:00,0.0,0.293
2015-07-15 04:00:00,-1.0,0.391
2015-07-15 04:15:00,-1.0,0.391
2015-07-15 04:30:00,2.0,1.367
2015-07-15 04:45:00,-1.0,6.055
2015-07-15 05:00:00,10.5,13.672
2015-07-15 05:15:00,20.5,22.852
2015-07-15 05:30:00,35.0,67.383
2015-07-15 05:45:00,56.5,127.344
2015-07-15 06:00:00,80.0,185.254
2015-07-15 06:15:00,109.0,246.387
2015-07-15 06:30:00,141.0,303.516
2015-07-15 06:45:00,197.0,361.328
2015-07-15 07:00:00,235.5,430.469
2015-07-15 07:15:00,270.5,494.531
2015-07-15 07:30:00,305.5,562.5
2015-07-15 07:45:00,336.0,624.316
2015-07-15 08:00:00,363.5,686.426
2015-07-15 08:15:00,390.0,744.434
2015-07-15 08:30:00,415.5,803.516
2015-07-15 08:45:00,436.0,860.156
2015-07-15 09:00:00,454.0,913.281
2015-07-15 09:15:00,473.5,960.547
2015-07-15 09:30:00,489.0,1005.762
2015-07-15 09:45:00,504.0,1046.875
2015-07-15 10:00:00,515.5,1083.496
2015-07-15 10:15:00,518.0,1113.184
2015-07-15 10:30:00,517.5,1140.137
2015-07-15 10:45:00,529.0,1163.281
2015-07-15 11:00:00,533.5,1180.078
2015-07-15 11:15:00,529.5,1187.988
2015-07-15 11:30:00,533.0,1190.82
2015-07-15 11:45:00,544.0,1195.605
2015-07-15 12:00:00,530.5,1196.484
2015-07-15 12:15:00,526.5,1190.82
2015-07-15 12:30:00,512.0,1180.078
2015-07-15 12:45:00,527.0,1168.066
2015-07-15 13:00:00,525.0,1157.129
2015-07-15 13:15:00,515.0,1138.867
2015-07-15 13:30:00,524.5,1122.754
2015-07-15 13:45:00,514.0,1098.73
2015-07-15 14:00:00,498.5,1059.473
2015-07-15 14:15:00,484.5,1022.266
2015-07-15 14:30:00,464.0,974.121
2015-07-15 14:45:00,446.0,926.172
2015-07-15 15:00:00,423.0,874.512
2015-07-15 15:15:00,400.5,815.918
2015-07-15 15:30:00,373.0,758.691
2015-07-15 15:45:00,345.5,697.949
2015-07-15 16:00:00,313.0,633.203
2015-07-15 16:15:00,276.5,569.336
2015-07-15 16:30:00,239.5,503.027
2015-07-15 16:45:00,200.0,436.523
2015-07-15 17:00:00,167.0,372.168
2015-07-15 17:15:00,134.0,310.547
2015-07-15 17:30:00,99.0,249.316
2015-07-15 17:45:00,68.0,193.75
2015-07-15 18:00:00,38.0,133.887
2015-07-15 18:15:00,19.5,72.559
2015-07-15 18:30:00,10.0,33.203
2015-07-15 18:45:00,6.0,17.188
2015-07-15 19:00:00,2.0,0.0
2015-07-15 19:15:00,0.0,2.051
2015-07-15 19:30:00,-1.0,0.488
2015-07-15 19:45:00,0.0,0.488
2015-07-15 20:00:00,0.0,0.391
2015-07-15 20:15:00,-1.0,0.488
2015-07-15 20:30:00,0.0,0.488
2015-07-15 20:45:00,0.0,0.488
2015-07-15 21:00:00,-1.0,0.586
2015-07-15 21:15:00,0.0,0.586
2015-07-15 21:30:00,0.0,0.391
2015-07-15 21:45:00,-1.0,0.391
2015-07-15 22:00:00,-1.0,0.391
2015-07-15 22:15:00,-1.0,0.391
2015-07-15 22:30:00,-1.0,0.391
2015-07-15 22:45:00,-1.0,0.293
2015-07-15 23:00:00,-1.0,0.293
2015-07-15 23:15:00,0.0,0.293
2015-07-15 23:30:00,-1.0,0.391
2015-07-15 23:45:00,0.0,0.293
2015-07-16 00:00:00,-1.0,0.0
2015-07-16 00:15:00,-1.0,0.195
2015-07-16 00:30:00,0.0,0.293
2015-07-16 00:45:00,0.0,0.195
2015-07-16 01:00:00,-1.0,0.293
2015-07-16 01:15:00,-1.0,0.195
2015-07-16 01:30:00,0.0,0.195
2015-07-16 01:45:00,0.0,0.195
2015-07-16 02:00:00,0.0,0.195
2015-07-16 02:15:00,-1.0,0.195
2015-07-16 02:30:00,0.0,0.195
2015-07-16 02:45:00,-1.0,0.195
2015-07-16 03:00:00,-1.0,0.195
2015-07-16 03:15:00,0.0,0.195
2015-07-16 03:30:00,-1.0,0.293
2015-07-16 03:45:00,-1.0,0.293
2015-07-16 04:00:00,-1.0,0.195
2015-07-16 04:15:00,-1.0,0.0
2015-07-16 04:30:00,1.0,1.27
2015-07-16 04:45:00,-1.0,5.762
2015-07-16 05:00:00,10.5,13.477
2015-07-16 05:15:00,20.0,21.777
2015-07-16 05:30:00,35.5,66.895
2015-07-16 05:45:00,53.0,127.246
2015-07-16 06:00:00,83.0,186.523
2015-07-16 06:15:00,122.0,248.047
2015-07-16 06:30:00,164.0,307.422
2015-07-16 06:45:00,199.0,367.09
2015-07-16 07:00:00,240.5,437.695
2015-07-16 07:15:00,273.0,504.395
2015-07-16 07:30:00,309.5,569.922
2015-07-16 07:45:00,341.5,634.375
2015-07-16 08:00:00,367.0,697.363
2015-07-16 08:15:00,394.5,758.496
2015-07-16 08:30:00,416.5,818.164
2015-07-16 08:45:00,438.0,875.781
2015-07-16 09:00:00,454.0,926.66
2015-07-16 09:15:00,469.5,975.488
2015-07-16 09:30:00,484.0,1022.559
2015-07-16 09:45:00,493.0,1062.402
2015-07-16 10:00:00,496.0,1096.973
2015-07-16 10:15:00,511.0,1122.363
2015-07-16 10:30:00,536.5,1148.828
2015-07-16 10:45:00,543.0,1173.047
2015-07-16 11:00:00,536.5,1181.543
2015-07-16 11:15:00,541.0,1194.531
2015-07-16 11:30:00,571.5,1206.641
2015-07-16 11:45:00,564.0,1209.766
2015-07-16 12:00:00,564.0,1208.789
2015-07-16 12:15:00,567.0,1206.25
2015-07-16 12:30:00,550.0,1198.535
2015-07-16 12:45:00,533.0,1187.598
2015-07-16 13:00:00,529.5,1169.531
2015-07-16 13:15:00,528.5,1149.805
2015-07-16 13:30:00,511.0,1120.117
2015-07-16 13:45:00,488.0,1086.523
2015-07-16 14:00:00,474.5,1052.832
2015-07-16 14:15:00,462.0,1008.398
2015-07-16 14:30:00,450.5,966.113
2015-07-16 14:45:00,435.0,921.094
2015-07-16 15:00:00,414.0,867.383
2015-07-16 15:15:00,387.0,811.133
2015-07-16 15:30:00,360.0,753.223
2015-07-16 15:45:00,334.0,693.164
2015-07-16 16:00:00,299.0,629.492
2015-07-16 16:15:00,265.5,567.773
2015-07-16 16:30:00,230.5,503.711
2015-07-16 16:45:00,189.5,439.453
2015-07-16 17:00:00,157.5,375.586
2015-07-16 17:15:00,124.0,314.16
2015-07-16 17:30:00,92.0,254.004
2015-07-16 17:45:00,62.0,197.461
2015-07-16 18:00:00,36.0,136.621
2015-07-16 18:15:00,16.5,71.484
2015-07-16 18:30:00,8.5,29.688
2015-07-16 18:45:00,5.0,14.258
2015-07-16 19:00:00,-1.0,6.738
2015-07-16 19:15:00,0.0,0.0
2015-07-16 19:30:00,-1.0,0.684
2015-07-16 19:45:00,-1.0,0.391
2015-07-16 20:00:00,-1.0,0.488
2015-07-16 20:15:00,-1.0,0.684
2015-07-16 20:30:00,0.0,0.488
2015-07-16 20:45:00,-1.0,0.684
2015-07-16 21:00:00,-1.0,0.586
2015-07-16 21:15:00,-1.0,0.586
2015-07-16 21:30:00,0.0,0.586
2015-07-16 21:45:00,0.0,0.586
2015-07-16 22:00:00,0.0,0.586
2015-07-16 22:15:00,-1.0,0.488
2015-07-16 22:30:00,0.0,0.488
2015-07-16 22:45:00,0.0,0.586
2015-07-16 23:00:00,-1.0,0.391
2015-07-16 23:15:00,-1.0,0.391
2015-07-16 23:30:00,0.0,0.391
2015-07-16 23:45:00,-1.0,0.488
2015-07-17 00:00:00,-1.0,0.391
2015-07-17 00:15:00,-1.0,0.488
2015-07-17 00:30:00,-1.0,0.293
2015-07-17 00:45:00,0.0,0.391
2015-07-17 01:00:00,-1.0,0.293
2015-07-17 01:15:00,0.0,0.293
2015-07-17 01:30:00,0.0,0.293
2015-07-17 01:45:00,-1.0,0.0
2015-07-17 02:00:00,-1.0,0.391
2015-07-17 02:15:00,-1.0,0.0
2015-07-17 02:30:00,0.0,0.195
2015-07-17 02:45:00,0.0,0.0
2015-07-17 03:00:00,-1.0,0.195
2015-07-17 03:15:00,-1.0,0.195
2015-07-17 03:30:00,0.0,0.293
2015-07-17 03:45:00,-1.0,0.098
2015-07-17 04:00:00,-1.0,0.195
2015-07-17 04:15:00,-1.0,0.293
2015-07-17 04:30:00,1.0,1.27
2015-07-17 04:45:00,-1.0,5.371
2015-07-17 05:00:00,9.0,12.305
2015-07-17 05:15:00,18.0,19.629
2015-07-17 05:30:00,33.5,65.527
2015-07-17 05:45:00,54.5,126.953
2015-07-17 06:00:00,78.0,188.574
2015-07-17 06:15:00,107.0,250.781
2015-07-17 06:30:00,141.5,309.863
2015-07-17 06:45:00,178.0,371.875
2015-07-17 07:00:00,216.5,439.063
2015-07-17 07:15:00,270.5,505.078
2015-07-17 07:30:00,307.5,568.066
2015-07-17 07:45:00,336.0,629.785
2015-07-17 08:00:00,363.0,692.285
2015-07-17 08:15:00,385.0,752.246
2015-07-17 08:30:00,409.5,808.789
2015-07-17 08:45:00,431.0,862.207
2015-07-17 09:00:00,446.5,914.258
2015-07-17 09:15:00,466.0,962.695
2015-07-17 09:30:00,479.0,1008.301
2015-07-17 09:45:00,506.5,1045.801
2015-07-17 10:00:00,518.0,1078.516
2015-07-17 10:15:00,528.5,1108.594
2015-07-17 10:30:00,540.0,1133.789
2015-07-17 10:45:00,548.5,1154.395
2015-07-17 11:00:00,556.5,1171.973
2015-07-17 11:15:00,564.0,1183.496
2015-07-17 11:30:00,565.0,1190.332
2015-07-17 11:45:00,565.0,1190.82
2015-07-17 12:00:00,568.0,1191.797
2015-07-17 12:15:00,567.5,1187.012
2015-07-17 12:30:00,560.5,1178.711
2015-07-17 12:45:00,551.5,1165.918
2015-07-17 13:00:00,534.5,1149.023
2015-07-17 13:15:00,534.5,1134.277
2015-07-17 13:30:00,523.5,1101.465
2015-07-17 13:45:00,519.0,1096.875
2015-07-17 14:00:00,492.5,1053.223
2015-07-17 14:15:00,478.5,1015.723
2015-07-17 14:30:00,469.0,718.164
2015-07-17 14:45:00,461.0,780.762
2015-07-17 15:00:00,434.5,875.684
2015-07-17 15:15:00,395.5,818.066
2015-07-17 15:30:00,361.5,742.188
2015-07-17 15:45:00,340.0,674.902
2015-07-17 16:00:00,330.5,633.398
2015-07-17 16:15:00,278.0,598.535
2015-07-17 16:30:00,112.0,481.836
2015-07-17 16:45:00,121.5,277.93
2015-07-17 17:00:00,88.0,181.738
2015-07-17 17:15:00,105.5,162.598
2015-07-17 17:30:00,139.0,258.984
2015-07-17 17:45:00,108.0,273.047
2015-07-17 18:00:00,89.0,217.188
2015-07-17 18:15:00,60.0,165.039
2015-07-17 18:30:00,24.0,76.074
2015-07-17 18:45:00,8.0,32.422
2015-07-17 19:00:00,2.0,11.035
2015-07-17 19:15:00,-1.0,1.758
2015-07-17 19:30:00,0.0,0.684
2015-07-17 19:45:00,0.0,0.488
2015-07-17 20:00:00,0.0,0.488
2015-07-17 20:15:00,0.0,0.488
2015-07-17 20:30:00,0.0,0.488
2015-07-17 20:45:00,-1.0,0.488
2015-07-17 21:00:00,-1.0,0.586
2015-07-17 21:15:00,0.0,0.586
2015-07-17 21:30:00,-1.0,0.586
2015-07-17 21:45:00,0.0,0.488
2015-07-17 22:00:00,0.0,0.684
2015-07-17 22:15:00,-1.0,0.586
2015-07-17 22:30:00,-1.0,0.586
2015-07-17 22:45:00,0.0,0.0
2015-07-17 23:00:00,0.0,0.586
2015-07-17 23:15:00,-1.0,0.488
2015-07-17 23:30:00,-1.0,0.488
2015-07-17 23:45:00,-1.0,0.488
2015-07-18 00:00:00,0.0,0.391
2015-07-18 00:15:00,0.0,0.488
2015-07-18 00:30:00,0.0,0.391
2015-07-18 00:45:00,0.0,0.391
2015-07-18 01:00:00,-1.0,0.488
2015-07-18 01:15:00,-1.0,0.391
2015-07-18 01:30:00,-1.0,0.391
2015-07-18 01:45:00,-1.0,0.488
2015-07-18 02:00:00,-1.0,0.391
2015-07-18 02:15:00,-1.0,0.391
2015-07-18 02:30:00,-1.0,0.391
2015-07-18 02:45:00,-1.0,0.293
2015-07-18 03:00:00,-1.0,0.391
2015-07-18 03:15:00,0.0,0.0
2015-07-18 03:30:00,-1.0,0.293
2015-07-18 03:45:00,-1.0,0.293
2015-07-18 04:00:00,-1.0,0.293
2015-07-18 04:15:00,-1.0,0.391
2015-07-18 04:30:00,-1.0,0.879
2015-07-18 04:45:00,0.0,3.711
2015-07-18 05:00:00,10.5,13.184
2015-07-18 05:15:00,19.5,26.074
2015-07-18 05:30:00,37.5,52.734
2015-07-18 05:45:00,58.0,103.613
2015-07-18 06:00:00,81.0,153.32
2015-07-18 06:15:00,108.5,206.543
2015-07-18 06:30:00,141.5,264.746
2015-07-18 06:45:00,183.5,328.418
2015-07-18 07:00:00,224.0,392.578
2015-07-18 07:15:00,278.5,462.793
2015-07-18 07:30:00,335.0,505.469
2015-07-18 07:45:00,266.5,524.707
2015-07-18 08:00:00,284.0,466.309
2015-07-18 08:15:00,402.0,573.34
2015-07-18 08:30:00,398.5,741.797
2015-07-18 08:45:00,440.0,804.59
2015-07-18 09:00:00,267.5,878.027
2015-07-18 09:15:00,321.0,898.535
2015-07-18 09:30:00,278.5,751.367
2015-07-18 09:45:00,319.5,753.906
2015-07-18 10:00:00,367.0,716.016
2015-07-18 10:15:00,362.5,728.809
2015-07-18 10:30:00,310.5,616.895
2015-07-18 10:45:00,234.0,507.91
2015-07-18 11:00:00,233.5,427.344
2015-07-18 11:15:00,232.0,407.715
2015-07-18 11:30:00,158.5,356.641
2015-07-18 11:45:00,81.0,209.863
2015-07-18 12:00:00,47.5,98.926
2015-07-18 12:15:00,35.0,70.703
2015-07-18 12:30:00,60.0,70.898
2015-07-18 12:45:00,70.5,107.031
2015-07-18 13:00:00,72.0,109.766
2015-07-18 13:15:00,71.5,115.137
2015-07-18 13:30:00,95.0,132.813
2015-07-18 13:45:00,143.0,191.992
2015-07-18 14:00:00,191.0,274.707
2015-07-18 14:15:00,288.5,353.613
2015-07-18 14:30:00,386.5,865.527
2015-07-18 14:45:00,254.0,452.539
2015-07-18 15:00:00,199.5,386.328
2015-07-18 15:15:00,174.5,306.738
2015-07-18 15:30:00,166.0,304.98
2015-07-18 15:45:00,136.0,249.609
2015-07-18 16:00:00,103.5,214.063
2015-07-18 16:15:00,94.5,171.289
2015-07-18 16:30:00,93.5,172.559
2015-07-18 16:45:00,72.0,132.031
2015-07-18 17:00:00,70.0,123.828
2015-07-18 17:15:00,60.5,114.746
2015-07-18 17:30:00,47.5,98.242
2015-07-18 17:45:00,41.0,82.129
2015-07-18 18:00:00,26.0,62.695
2015-07-18 18:15:00,13.5,34.766
2015-07-18 18:30:00,8.5,20.996
2015-07-18 18:45:00,2.0,9.668
2015-07-18 19:00:00,0.5,2.637
2015-07-18 19:15:00,-1.0,0.586
2015-07-18 19:30:00,0.0,0.391
2015-07-18 19:45:00,-1.0,0.391
2015-07-18 20:00:00,-1.0,0.391
2015-07-18 20:15:00,0.0,0.293
2015-07-18 20:30:00,-1.0,0.391
2015-07-18 20:45:00,-1.0,0.488
2015-07-18 21:00:00,0.0,0.488
2015-07-18 21:15:00,0.0,0.195
2015-07-18 21:30:00,-1.0,0.293
2015-07-18 21:45:00,0.0,0.293
2015-07-18 22:00:00,0.0,0.293
2015-07-18 22:15:00,0.0,0.293
2015-07-18 22:30:00,-1.0,0.391
2015-07-18 22:45:00,0.0,0.293
2015-07-18 23:00:00,0.0,0.293
2015-07-18 23:15:00,0.0,0.195
2015-07-18 23:30:00,0.0,0.293
2015-07-18 23:45:00,0.0,0.0
2015-07-19 00:00:00,0.0,0.195
2015-07-19 00:15:00,-1.0,0.293
2015-07-19 00:30:00,-1.0,0.195
2015-07-19 00:45:00,-1.0,0.195
2015-07-19 01:00:00,0.0,0.195
2015-07-19 01:15:00,-1.0,0.195
2015-07-19 01:30:00,0.0,0.293
2015-07-19 01:45:00,0.0,0.293
2015-07-19 02:00:00,-1.0,0.195
2015-07-19 02:15:00,-1.0,0.195
2015-07-19 02:30:00,-1.0,0.195
2015-07-19 02:45:00,-1.0,0.293
2015-07-19 03:00:00,0.0,0.293
2015-07-19 03:15:00,0.0,0.293
2015-07-19 03:30:00,-1.0,0.195
2015-07-19 03:45:00,-1.0,0.195
2015-07-19 04:00:00,-1.0,0.293
2015-07-19 04:15:00,-1.0,0.293
2015-07-19 04:30:00,-1.0,0.684
2015-07-19 04:45:00,-1.0,2.93
2015-07-19 05:00:00,8.5,9.375
2015-07-19 05:15:00,14.0,15.918
2015-07-19 05:30:00,27.5,39.063
2015-07-19 05:45:00,53.0,103.027
2015-07-19 06:00:00,87.0,179.492
2015-07-19 06:15:00,115.0,227.832
2015-07-19 06:30:00,153.5,284.961
2015-07-19 06:45:00,192.0,345.215
2015-07-19 07:00:00,232.5,415.039
2015-07-19 07:15:00,274.0,510.937
2015-07-19 07:30:00,318.5,524.902
2015-07-19 07:45:00,347.5,545.02
2015-07-19 08:00:00,406.0,700.0
2015-07-19 08:15:00,436.0,803.32
2015-07-19 08:30:00,450.5,826.758
2015-07-19 08:45:00,444.5,609.375
2015-07-19 09:00:00,467.5,895.898
2015-07-19 09:15:00,473.0,946.777
2015-07-19 09:30:00,480.5,966.992
2015-07-19 09:45:00,496.0,1012.695
2015-07-19 10:00:00,499.5,1034.277
2015-07-19 10:15:00,512.0,1063.672
2015-07-19 10:30:00,518.0,1091.797
2015-07-19 10:45:00,517.5,1113.281
2015-07-19 11:00:00,523.5,1125.879
2015-07-19 11:15:00,540.0,1140.332
2015-07-19 11:30:00,535.5,1148.242
2015-07-19 11:45:00,526.5,1152.93
2015-07-19 12:00:00,522.0,1153.516
2015-07-19 12:15:00,515.0,1153.027
2015-07-19 12:30:00,511.0,1147.852
2015-07-19 12:45:00,507.5,1140.918
2015-07-19 13:00:00,490.0,1121.777
2015-07-19 13:15:00,496.5,1097.852
2015-07-19 13:30:00,492.5,1074.902
2015-07-19 13:45:00,477.0,1040.625
2015-07-19 14:00:00,465.0,1005.664
2015-07-19 14:15:00,447.5,965.039
2015-07-19 14:30:00,435.0,922.363
2015-07-19 14:45:00,415.0,879.98
2015-07-19 15:00:00,396.0,827.832
2015-07-19 15:15:00,371.5,769.434
2015-07-19 15:30:00,347.5,704.785
2015-07-19 15:45:00,327.0,657.91
2015-07-19 16:00:00,305.0,609.668
2015-07-19 16:15:00,229.5,479.883
2015-07-19 16:30:00,207.0,268.359
2015-07-19 16:45:00,135.5,359.57
2015-07-19 17:00:00,164.5,322.168
2015-07-19 17:15:00,102.5,267.285
2015-07-19 17:30:00,69.5,157.324
2015-07-19 17:45:00,39.5,105.957
2015-07-19 18:00:00,21.5,53.906
2015-07-19 18:15:00,10.0,30.762
2015-07-19 18:30:00,8.0,16.992
2015-07-19 18:45:00,3.0,12.012
2015-07-19 19:00:00,-1.0,5.176
2015-07-19 19:15:00,-1.0,0.879
2015-07-19 19:30:00,0.0,0.684
2015-07-19 19:45:00,0.0,0.586
2015-07-19 20:00:00,-1.0,0.586
2015-07-19 20:15:00,-1.0,0.488
2015-07-19 20:30:00,0.0,0.488
2015-07-19 20:45:00,0.0,0.488
2015-07-19 21:00:00,-1.0,0.586
2015-07-19 21:15:00,-1.0,0.586
2015-07-19 21:30:00,-1.0,0.488
2015-07-19 21:45:00,-1.0,0.488
2015-07-19 22:00:00,-1.0,0.586
2015-07-19 22:15:00,-1.0,0.488
2015-07-19 22:30:00,0.0,0.586
2015-07-19 22:45:00,-1.0,0.488
2015-07-19 23:00:00,-1.0,0.0
2015-07-19 23:15:00,0.0,0.488
2015-07-19 23:30:00,-1.0,0.488
2015-07-19 23:45:00,-1.0,0.488
2015-07-20 00:00:00,-1.0,0.391
2015-07-20 00:15:00,0.0,0.488
2015-07-20 00:30:00,-1.0,0.391
2015-07-20 00:45:00,-1.0,0.391
2015-07-20 01:00:00,-1.0,0.586
2015-07-20 01:15:00,-1.0,0.391
2015-07-20 01:30:00,-1.0,0.391
2015-07-20 01:45:00,-1.0,0.391
2015-07-20 02:00:00,-1.0,0.391
2015-07-20 02:15:00,-1.0,0.293
2015-07-20 02:30:00,0.0,0.195
2015-07-20 02:45:00,-1.0,0.293
2015-07-20 03:00:00,-1.0,0.293
2015-07-20 03:15:00,-1.0,0.293
2015-07-20 03:30:00,-1.0,0.293
2015-07-20 03:45:00,-1.0,0.293
2015-07-20 04:00:00,0.0,0.195
2015-07-20 04:15:00,-1.0,0.195
2015-07-20 04:30:00,-1.0,0.488
2015-07-20 04:45:00,1.0,1.563
2015-07-20 05:00:00,-1.0,6.738
2015-07-20 05:15:00,5.0,8.887
2015-07-20 05:30:00,6.5,11.426
2015-07-20 05:45:00,10.5,15.332
2015-07-20 06:00:00,9.0,17.773
2015-07-20 06:15:00,15.5,20.996
2015-07-20 06:30:00,12.5,25.195
2015-07-20 06:45:00,50.5,45.996
2015-07-20 07:00:00,46.5,96.191
2015-07-20 07:15:00,59.0,90.527
2015-07-20 07:30:00,93.0,142.773
2015-07-20 07:45:00,47.0,123.34
2015-07-20 08:00:00,56.5,90.723
2015-07-20 08:15:00,62.0,108.887
2015-07-20 08:30:00,108.5,164.941
2015-07-20 08:45:00,152.5,219.141
2015-07-20 09:00:00,176.5,322.07
2015-07-20 09:15:00,409.5,604.395
2015-07-20 09:30:00,426.5,809.277
2015-07-20 09:45:00,569.0,796.191
2015-07-20 10:00:00,305.0,643.164
2015-07-20 10:15:00,249.0,559.18
2015-07-20 10:30:00,236.5,457.129
2015-07-20 10:45:00,268.5,451.563
2015-07-20 11:00:00,393.5,769.727
2015-07-20 11:15:00,387.0,887.988
2015-07-20 11:30:00,417.5,966.406
2015-07-20 11:45:00,363.0,854.883
2015-07-20 12:00:00,272.5,822.168
2015-07-20 12:15:00,294.5,528.711
2015-07-20 12:30:00,188.0,461.23
2015-07-20 12:45:00,340.5,417.578
2015-07-20 13:00:00,398.0,821.387
2015-07-20 13:15:00,360.0,639.453
2015-07-20 13:30:00,216.0,458.789
2015-07-20 13:45:00,516.0,522.266
2015-07-20 14:00:00,689.5,892.578
2015-07-20 14:15:00,390.5,1060.645
2015-07-20 14:30:00,554.5,1084.766
2015-07-20 14:45:00,398.5,986.621
2015-07-20 15:00:00,556.0,681.152
2015-07-20 15:15:00,192.0,434.668
2015-07-20 15:30:00,234.5,403.906
2015-07-20 15:45:00,117.0,253.711
2015-07-20 16:00:00,155.5,251.172
2015-07-20 16:15:00,127.5,245.605
2015-07-20 16:30:00,116.0,224.512
2015-07-20 16:45:00,100.5,181.738
2015-07-20 17:00:00,69.5,148.926
2015-07-20 17:15:00,64.0,118.262
2015-07-20 17:30:00,56.5,103.125
2015-07-20 17:45:00,76.5,184.277
2015-07-20 18:00:00,54.0,171.875
2015-07-20 18:15:00,33.0,83.203
2015-07-20 18:30:00,16.5,44.727
2015-07-20 18:45:00,5.0,21.973
2015-07-20 19:00:00,0.0,0.0
2015-07-20 19:15:00,-1.0,1.074
2015-07-20 19:30:00,0.0,0.391
2015-07-20 19:45:00,-1.0,0.488
2015-07-20 20:00:00,-1.0,0.391
2015-07-20 20:15:00,0.0,0.0
2015-07-20 20:30:00,0.0,0.293
2015-07-20 20:45:00,0.0,0.391
2015-07-20 21:00:00,0.0,0.293
2015-07-20 21:15:00,-1.0,0.391
2015-07-20 21:30:00,-1.0,0.195
2015-07-20 21:45:00,-1.0,0.391
2015-07-20 22:00:00,-1.0,0.293
2015-07-20 22:15:00,-1.0,0.391
2015-07-20 22:30:00,0.0,0.293
2015-07-20 22:45:00,0.0,0.293
2015-07-20 23:00:00,0.0,0.293
2015-07-20 23:15:00,-1.0,0.293
2015-07-20 23:30:00,-1.0,0.293
2015-07-20 23:45:00,0.0,0.293
2015-07-21 00:00:00,-1.0,0.293
2015-07-21 00:15:00,-1.0,0.293
2015-07-21 00:30:00,-1.0,0.293
2015-07-21 00:45:00,-1.0,0.293
2015-07-21 01:00:00,-1.0,0.293
2015-07-21 01:15:00,-1.0,0.293
2015-07-21 01:30:00,0.0,0.195
2015-07-21 01:45:00,-1.0,0.195
2015-07-21 02:00:00,-1.0,0.195
2015-07-21 02:15:00,-1.0,0.195
2015-07-21 02:30:00,-1.0,0.195
2015-07-21 02:45:00,-1.0,0.293
2015-07-21 03:00:00,-1.0,0.195
2015-07-21 03:15:00,-1.0,0.0
2015-07-21 03:30:00,-1.0,0.098
2015-07-21 03:45:00,-1.0,0.195
2015-07-21 04:00:00,-1.0,0.195
2015-07-21 04:15:00,-1.0,0.293
2015-07-21 04:30:00,-1.0,0.781
2015-07-21 04:45:00,-1.0,3.613
2015-07-21 05:00:00,8.5,9.473
2015-07-21 05:15:00,15.5,18.457
2015-07-21 05:30:00,31.0,51.758
2015-07-21 05:45:00,48.5,107.715
2015-07-21 06:00:00,71.5,162.207
2015-07-21 06:15:00,99.0,223.34
2015-07-21 06:30:00,130.5,279.688
2015-07-21 06:45:00,184.0,340.918
2015-07-21 07:00:00,226.0,403.613
2015-07-21 07:15:00,263.5,471.68
2015-07-21 07:30:00,307.0,414.551
2015-07-21 07:45:00,328.0,586.719
2015-07-21 08:00:00,355.0,651.172
2015-07-21 08:15:00,383.0,714.941
2015-07-21 08:30:00,404.0,770.41
2015-07-21 08:45:00,423.5,823.047
2015-07-21 09:00:00,446.5,877.344
2015-07-21 09:15:00,454.0,925.879
2015-07-21 09:30:00,472.5,969.434
2015-07-21 09:45:00,484.0,1008.398
2015-07-21 10:00:00,497.5,1042.871
2015-07-21 10:15:00,503.5,1076.66
2015-07-21 10:30:00,518.0,1097.656
2015-07-21 10:45:00,516.0,1126.953
2015-07-21 11:00:00,519.5,1137.793
2015-07-21 11:15:00,517.5,1147.754
2015-07-21 11:30:00,523.0,1155.566
2015-07-21 11:45:00,524.5,1164.941
2015-07-21 12:00:00,524.5,1158.887
2015-07-21 12:15:00,529.0,1166.406
2015-07-21 12:30:00,548.5,1167.285
2015-07-21 12:45:00,519.0,1150.293
2015-07-21 13:00:00,507.5,1168.848
2015-07-21 13:15:00,194.0,837.793
2015-07-21 13:30:00,523.0,1100.781
2015-07-21 13:45:00,419.5,1108.496
2015-07-21 14:00:00,574.0,604.59
2015-07-21 14:15:00,532.5,1055.859
2015-07-21 14:30:00,518.0,765.918
2015-07-21 14:45:00,304.0,839.453
2015-07-21 15:00:00,425.5,812.402
2015-07-21 15:15:00,62.0,746.875
2015-07-21 15:30:00,368.5,694.629
2015-07-21 15:45:00,332.5,675.586
2015-07-21 16:00:00,302.0,614.844
2015-07-21 16:15:00,267.0,549.414
2015-07-21 16:30:00,227.0,489.453
2015-07-21 16:45:00,193.0,420.508
2015-07-21 17:00:00,159.0,359.863
2015-07-21 17:15:00,125.5,297.656
2015-07-21 17:30:00,95.0,240.82
2015-07-21 17:45:00,62.5,185.254
2015-07-21 18:00:00,34.0,122.949
2015-07-21 18:15:00,18.0,65.625
2015-07-21 18:30:00,10.5,31.836
2015-07-21 18:45:00,5.0,16.309
2015-07-21 19:00:00,-1.0,5.078
2015-07-21 19:15:00,-1.0,0.0
2015-07-21 19:30:00,-1.0,0.488
2015-07-21 19:45:00,0.0,0.586
2015-07-21 20:00:00,0.0,0.488
2015-07-21 20:15:00,0.0,0.586
2015-07-21 20:30:00,-1.0,0.586
2015-07-21 20:45:00,0.0,0.586
2015-07-21 21:00:00,0.0,0.586
2015-07-21 21:15:00,0.0,0.586
2015-07-21 21:30:00,-1.0,0.684
2015-07-21 21:45:00,-1.0,0.684
2015-07-21 22:00:00,0.0,0.586
2015-07-21 22:15:00,-1.0,0.684
2015-07-21 22:30:00,0.0,0.586
2015-07-21 22:45:00,0.0,0.488
2015-07-21 23:00:00,0.0,0.488
2015-07-21 23:15:00,0.0,0.488
2015-07-21 23:30:00,0.0,0.488
2015-07-21 23:45:00,0.0,0.488
2015-07-22 00:00:00,-1.0,0.391
2015-07-22 00:15:00,0.0,0.293
2015-07-22 00:30:00,0.0,0.488
2015-07-22 00:45:00,-1.0,0.391
2015-07-22 01:00:00,0.0,0.391
2015-07-22 01:15:00,-1.0,0.391
2015-07-22 01:30:00,0.0,0.391
2015-07-22 01:45:00,-1.0,0.391
2015-07-22 02:00:00,-1.0,0.293
2015-07-22 02:15:00,-1.0,0.391
2015-07-22 02:30:00,0.0,0.391
2015-07-22 02:45:00,-1.0,0.293
2015-07-22 03:00:00,0.0,0.293
2015-07-22 03:15:00,0.0,0.293
2015-07-22 03:30:00,-1.0,0.293
2015-07-22 03:45:00,-1.0,0.195
2015-07-22 04:00:00,-1.0,0.293
2015-07-22 04:15:00,-1.0,0.391
2015-07-22 04:30:00,-1.0,0.879
2015-07-22 04:45:00,-1.0,4.199
2015-07-22 05:00:00,9.0,12.012
2015-07-22 05:15:00,18.0,21.289
2015-07-22 05:30:00,30.0,51.367
2015-07-22 05:45:00,49.5,108.594
2015-07-22 06:00:00,70.5,170.117
2015-07-22 06:15:00,104.5,229.492
2015-07-22 06:30:00,135.0,290.234
2015-07-22 06:45:00,178.0,348.242
2015-07-22 07:00:00,224.5,409.961
2015-07-22 07:15:00,261.0,475.195
2015-07-22 07:30:00,297.5,540.723
2015-07-22 07:45:00,326.0,603.125
2015-07-22 08:00:00,352.0,662.402
2015-07-22 08:15:00,380.0,723.145
2015-07-22 08:30:00,403.5,785.547
2015-07-22 08:45:00,427.0,840.527
2015-07-22 09:00:00,446.5,890.82
2015-07-22 09:15:00,463.5,937.988
2015-07-22 09:30:00,479.0,986.23
2015-07-22 09:45:00,496.5,1031.25
2015-07-22 10:00:00,515.5,1077.344
2015-07-22 10:15:00,87.5,1076.27
2015-07-22 10:30:00,534.5,1032.91
2015-07-22 10:45:00,572.0,985.254
2015-07-22 11:00:00,567.5,1224.512
2015-07-22 11:15:00,577.0,818.75
2015-07-22 11:30:00,151.0,713.281
2015-07-22 11:45:00,629.0,1166.113
2015-07-22 12:00:00,152.5,745.508
2015-07-22 12:15:00,169.0,853.418
2015-07-22 12:30:00,137.0,653.125
2015-07-22 12:45:00,199.5,721.875
2015-07-22 13:00:00,143.5,645.605
2015-07-22 13:15:00,108.5,863.184
2015-07-22 13:30:00,560.5,978.125
2015-07-22 13:45:00,91.0,1038.477
2015-07-22 14:00:00,506.0,996.094
2015-07-22 14:15:00,475.5,1004.004
2015-07-22 14:30:00,521.5,485.059
2015-07-22 14:45:00,499.5,942.188
2015-07-22 15:00:00,135.5,688.379
2015-07-22 15:15:00,420.5,794.141
2015-07-22 15:30:00,376.0,771.484
2015-07-22 15:45:00,338.5,670.996
2015-07-22 16:00:00,312.5,614.258
2015-07-22 16:15:00,272.5,558.105
2015-07-22 16:30:00,235.5,488.77
2015-07-22 16:45:00,191.5,421.582
2015-07-22 17:00:00,155.0,345.996
2015-07-22 17:15:00,116.5,286.035
2015-07-22 17:30:00,89.0,225.586
2015-07-22 17:45:00,29.0,158.691
2015-07-22 18:00:00,30.0,69.336
2015-07-22 18:15:00,16.0,58.789
2015-07-22 18:30:00,9.0,25.781
2015-07-22 18:45:00,5.0,13.965
2015-07-22 19:00:00,-1.0,5.371
2015-07-22 19:15:00,0.0,1.367
2015-07-22 19:30:00,-1.0,0.488
2015-07-22 19:45:00,0.0,0.488
2015-07-22 20:00:00,0.0,0.586
2015-07-22 20:15:00,0.0,0.586
2015-07-22 20:30:00,-1.0,0.586
2015-07-22 20:45:00,0.0,0.488
2015-07-22 21:00:00,0.0,0.0
2015-07-22 21:15:00,0.0,0.488
2015-07-22 21:30:00,-1.0,0.391
2015-07-22 21:45:00,0.0,0.586
2015-07-22 22:00:00,0.0,0.488
2015-07-22 22:15:00,0.0,0.488
2015-07-22 22:30:00,-1.0,0.488
2015-07-22 22:45:00,0.0,0.0
2015-07-22 23:00:00,-1.0,0.391
2015-07-22 23:15:00,0.0,0.391
2015-07-22 23:30:00,0.0,0.391
2015-07-22 23:45:00,0.0,0.488
2015-07-23 00:00:00,-1.0,0.391
2015-07-23 00:15:00,-1.0,0.488
2015-07-23 00:30:00,0.0,0.391
2015-07-23 00:45:00,-1.0,0.391
2015-07-23 01:00:00,-1.0,0.391
2015-07-23 01:15:00,0.0,0.391
2015-07-23 01:30:00,0.0,0.293
2015-07-23 01:45:00,-1.0,0.293
2015-07-23 02:00:00,0.0,0.293
2015-07-23 02:15:00,-1.0,0.293
2015-07-23 02:30:00,-1.0,0.293
2015-07-23 02:45:00,-1.0,0.195
2015-07-23 03:00:00,-1.0,0.195
2015-07-23 03:15:00,-1.0,0.293
2015-07-23 03:30:00,-1.0,0.195
2015-07-23 03:45:00,-1.0,0.195
2015-07-23 04:00:00,-1.0,0.195
2015-07-23 04:15:00,-1.0,0.293
2015-07-23 04:30:00,-1.0,0.879
2015-07-23 04:45:00,-1.0,3.809
2015-07-23 05:00:00,8.5,10.254
2015-07-23 05:15:00,16.5,17.383
2015-07-23 05:30:00,29.5,48.535
2015-07-23 05:45:00,49.0,109.863
2015-07-23 06:00:00,75.5,170.313
2015-07-23 06:15:00,114.0,230.078
2015-07-23 06:30:00,152.5,288.184
2015-07-23 06:45:00,188.0,348.73
2015-07-23 07:00:00,230.5,413.574
2015-07-23 07:15:00,263.5,482.324
2015-07-23 07:30:00,302.0,544.238
2015-07-23 07:45:00,333.0,610.547
2015-07-23 08:00:00,364.5,672.949
2015-07-23 08:15:00,392.5,734.668
2015-07-23 08:30:00,417.5,794.238
2015-07-23 08:45:00,438.5,853.223
2015-07-23 09:00:00,451.5,902.832
2015-07-23 09:15:00,471.0,952.734
2015-07-23 09:30:00,486.0,999.414
2015-07-23 09:45:00,500.0,1037.598
2015-07-23 10:00:00,506.0,1069.043
2015-07-23 10:15:00,522.0,1100.684
2015-07-23 10:30:00,527.0,1123.145
2015-07-23 10:45:00,524.5,1145.41
2015-07-23 11:00:00,538.5,1163.281
2015-07-23 11:15:00,546.0,1179.98
2015-07-23 11:30:00,532.5,1182.031
2015-07-23 11:45:00,533.0,1180.176
2015-07-23 12:00:00,546.0,1183.984
2015-07-23 12:15:00,546.5,1176.953
2015-07-23 12:30:00,544.0,1176.27
2015-07-23 12:45:00,545.0,1166.699
2015-07-23 13:00:00,523.5,1152.734
2015-07-23 13:15:00,527.0,1140.723
2015-07-23 13:30:00,516.0,1116.504
2015-07-23 13:45:00,516.0,1095.605
2015-07-23 14:00:00,498.0,1054.785
2015-07-23 14:15:00,481.5,1010.254
2015-07-23 14:30:00,452.0,958.398
2015-07-23 14:45:00,434.5,909.082
2015-07-23 15:00:00,412.0,856.836
2015-07-23 15:15:00,380.5,800.781
2015-07-23 15:30:00,359.5,743.262
2015-07-23 15:45:00,340.0,683.496
2015-07-23 16:00:00,309.5,621.582
2015-07-23 16:15:00,273.0,559.766
2015-07-23 16:30:00,240.0,500.879
2015-07-23 16:45:00,199.5,432.617
2015-07-23 17:00:00,164.5,368.066
2015-07-23 17:15:00,128.5,307.324
2015-07-23 17:30:00,94.5,246.484
2015-07-23 17:45:00,62.0,190.039
2015-07-23 18:00:00,31.5,124.707
2015-07-23 18:15:00,12.5,61.426
2015-07-23 18:30:00,7.0,24.805
2015-07-23 18:45:00,4.5,11.426
2015-07-23 19:00:00,-1.0,4.98
2015-07-23 19:15:00,0.0,1.172
2015-07-23 19:30:00,0.0,0.586
2015-07-23 19:45:00,0.0,0.0
2015-07-23 20:00:00,0.0,0.0
2015-07-23 20:15:00,0.0,0.488
2015-07-23 20:30:00,0.0,0.488
2015-07-23 20:45:00,0.0,0.488
2015-07-23 21:00:00,0.0,0.391
2015-07-23 21:15:00,0.0,0.0
2015-07-23 21:30:00,-1.0,0.391
2015-07-23 21:45:00,-1.0,0.391
2015-07-23 22:00:00,-1.0,0.0
2015-07-23 22:15:00,-1.0,0.391
2015-07-23 22:30:00,0.0,0.293
2015-07-23 22:45:00,-1.0,0.293
2015-07-23 23:00:00,0.0,0.391
2015-07-23 23:15:00,0.0,0.391
2015-07-23 23:30:00,0.0,0.293
2015-07-23 23:45:00,-1.0,0.391
2015-07-24 00:00:00,0.0,0.391
2015-07-24 00:15:00,0.0,0.293
2015-07-24 00:30:00,0.0,0.391
2015-07-24 00:45:00,-1.0,0.293
2015-07-24 01:00:00,-1.0,0.293
2015-07-24 01:15:00,0.0,0.293
2015-07-24 01:30:00,-1.0,0.293
2015-07-24 01:45:00,0.0,0.195
2015-07-24 02:00:00,-1.0,0.195
2015-07-24 02:15:00,-1.0,0.293
2015-07-24 02:30:00,-1.0,0.195
2015-07-24 02:45:00,-1.0,0.195
2015-07-24 03:00:00,-1.0,0.293
2015-07-24 03:15:00,-1.0,0.098
2015-07-24 03:30:00,-1.0,0.195
2015-07-24 03:45:00,-1.0,0.195
2015-07-24 04:00:00,-1.0,0.0
2015-07-24 04:15:00,-1.0,0.293
2015-07-24 04:30:00,-1.0,0.684
2015-07-24 04:45:00,3.0,2.832
2015-07-24 05:00:00,6.5,9.473
2015-07-24 05:15:00,14.0,15.918
2015-07-24 05:30:00,28.0,47.656
2015-07-24 05:45:00,46.5,113.379
2015-07-24 06:00:00,72.0,177.148
2015-07-24 06:15:00,100.5,234.863
2015-07-24 06:30:00,153.5,296.777
2015-07-24 06:45:00,195.0,362.695
2015-07-24 07:00:00,237.5,429.297
2015-07-24 07:15:00,274.5,497.852
2015-07-24 07:30:00,314.5,560.059
2015-07-24 07:45:00,345.5,626.66
2015-07-24 08:00:00,376.5,691.602
2015-07-24 08:15:00,405.5,753.32
2015-07-24 08:30:00,430.5,812.598
2015-07-24 08:45:00,457.5,874.023
2015-07-24 09:00:00,474.5,926.66
2015-07-24 09:15:00,491.0,977.148
2015-07-24 09:30:00,508.5,1016.211
2015-07-24 09:45:00,514.0,1060.938
2015-07-24 10:00:00,530.5,1088.574
2015-07-24 10:15:00,548.5,1123.438
2015-07-24 10:30:00,553.5,1150.879
2015-07-24 10:45:00,564.0,1173.437
2015-07-24 11:00:00,570.0,1193.359
2015-07-24 11:15:00,565.5,1204.199
2015-07-24 11:30:00,570.0,1209.082
2015-07-24 11:45:00,569.5,1213.867
2015-07-24 12:00:00,571.0,1208.789
2015-07-24 12:15:00,570.0,1211.621
2015-07-24 12:30:00,568.0,1208.398
2015-07-24 12:45:00,561.5,1200.098
2015-07-24 13:00:00,553.5,1183.691
2015-07-24 13:15:00,529.0,1163.965
2015-07-24 13:30:00,526.5,1135.84
2015-07-24 13:45:00,519.0,1111.328
2015-07-24 14:00:00,508.5,1075.977
2015-07-24 14:15:00,491.0,1034.375
2015-07-24 14:30:00,469.0,981.836
2015-07-24 14:45:00,449.5,933.398
2015-07-24 15:00:00,428.5,876.172
2015-07-24 15:15:00,403.5,816.895
2015-07-24 15:30:00,377.0,758.789
2015-07-24 15:45:00,345.5,696.875
2015-07-24 16:00:00,319.5,635.254
2015-07-24 16:15:00,282.5,574.902
2015-07-24 16:30:00,243.0,511.816
2015-07-24 16:45:00,203.5,443.066
2015-07-24 17:00:00,166.5,374.609
2015-07-24 17:15:00,131.5,310.254
2015-07-24 17:30:00,93.5,246.484
2015-07-24 17:45:00,60.5,187.695
2015-07-24 18:00:00,31.5,122.168
2015-07-24 18:15:00,14.0,60.449
2015-07-24 18:30:00,7.0,25.098
2015-07-24 18:45:00,4.0,11.719
2015-07-24 19:00:00,-1.0,4.883
2015-07-24 19:15:00,0.0,1.27
2015-07-24 19:30:00,0.0,0.0
2015-07-24 19:45:00,0.0,0.488
2015-07-24 20:00:00,0.0,0.586
2015-07-24 20:15:00,0.0,0.488
2015-07-24 20:30:00,0.0,0.488
2015-07-24 20:45:00,0.0,0.488
2015-07-24 21:00:00,0.0,0.488
2015-07-24 21:15:00,0.0,0.586
2015-07-24 21:30:00,0.0,0.488
2015-07-24 21:45:00,0.0,0.488
2015-07-24 22:00:00,0.0,0.488
2015-07-24 22:15:00,0.0,0.391
2015-07-24 22:30:00,0.0,0.488
2015-07-24 22:45:00,-1.0,0.391
2015-07-24 23:00:00,-1.0,0.488
2015-07-24 23:15:00,0.0,0.488
2015-07-24 23:30:00,-1.0,0.391
2015-07-24 23:45:00,0.0,0.0
2015-07-25 00:00:00,-1.0,0.391
2015-07-25 00:15:00,-1.0,0.293
2015-07-25 00:30:00,0.0,0.391
2015-07-25 00:45:00,-1.0,0.293
2015-07-25 01:00:00,0.0,0.391
2015-07-25 01:15:00,0.0,0.391
2015-07-25 01:30:00,-1.0,0.391
2015-07-25 01:45:00,0.0,0.293
2015-07-25 02:00:00,0.0,0.391
2015-07-25 02:15:00,-1.0,0.293
2015-07-25 02:30:00,-1.0,0.391
2015-07-25 02:45:00,-1.0,0.195
2015-07-25 03:00:00,0.0,0.293
2015-07-25 03:15:00,-1.0,0.293
2015-07-25 03:30:00,-1.0,0.195
2015-07-25 03:45:00,-1.0,0.195
2015-07-25 04:00:00,0.0,0.098
2015-07-25 04:15:00,-1.0,0.293
2015-07-25 04:30:00,-1.0,0.684
2015-07-25 04:45:00,0.0,3.32
2015-07-25 05:00:00,7.0,9.668
2015-07-25 05:15:00,15.5,16.113
2015-07-25 05:30:00,29.0,45.898
2015-07-25 05:45:00,47.0,112.598
2015-07-25 06:00:00,77.5,176.953
2015-07-25 06:15:00,117.0,236.133
2015-07-25 06:30:00,157.5,298.242
2015-07-25 06:45:00,193.5,363.281
2015-07-25 07:00:00,236.0,429.102
2015-07-25 07:15:00,274.0,500.586
2015-07-25 07:30:00,309.5,565.039
2015-07-25 07:45:00,341.5,631.348
2015-07-25 08:00:00,368.5,694.141
2015-07-25 08:15:00,394.5,757.129
2015-07-25 08:30:00,416.5,817.578
2015-07-25 08:45:00,437.0,874.121
2015-07-25 09:00:00,454.0,928.809
2015-07-25 09:15:00,471.5,978.32
2015-07-25 09:30:00,481.5,1023.926
2015-07-25 09:45:00,492.0,1065.332
2015-07-25 10:00:00,498.5,1100.977
2015-07-25 10:15:00,507.5,1133.105
2015-07-25 10:30:00,522.0,1162.207
2015-07-25 10:45:00,529.0,1182.227
2015-07-25 11:00:00,529.0,1203.418
2015-07-25 11:15:00,535.0,1209.375
2015-07-25 11:30:00,529.5,1212.891
2015-07-25 11:45:00,520.0,1216.602
2015-07-25 12:00:00,513.0,1213.672
2015-07-25 12:15:00,519.0,1206.934
2015-07-25 12:30:00,509.5,1203.711
2015-07-25 12:45:00,515.0,1192.578
2015-07-25 13:00:00,498.0,1173.437
2015-07-25 13:15:00,513.0,1152.246
2015-07-25 13:30:00,492.0,1129.004
2015-07-25 13:45:00,489.0,1096.973
2015-07-25 14:00:00,481.0,1061.328
2015-07-25 14:15:00,461.5,1020.02
2015-07-25 14:30:00,446.0,971.289
2015-07-25 14:45:00,428.5,923.828
2015-07-25 15:00:00,403.5,868.75
2015-07-25 15:15:00,381.0,812.695
2015-07-25 15:30:00,361.5,755.371
2015-07-25 15:45:00,336.0,699.609
2015-07-25 16:00:00,311.0,641.309
2015-07-25 16:15:00,272.5,577.051
2015-07-25 16:30:00,239.5,512.207
2015-07-25 16:45:00,199.5,445.996
2015-07-25 17:00:00,166.0,380.176
2015-07-25 17:15:00,129.5,315.332
2015-07-25 17:30:00,94.5,252.246
2015-07-25 17:45:00,60.5,195.605
2015-07-25 18:00:00,31.0,126.074
2015-07-25 18:15:00,12.5,60.352
2015-07-25 18:30:00,8.0,23.926
2015-07-25 18:45:00,3.0,10.938
2015-07-25 19:00:00,-1.0,4.59
2015-07-25 19:15:00,-1.0,1.074
2015-07-25 19:30:00,0.0,0.0
2015-07-25 19:45:00,0.0,0.0
2015-07-25 20:00:00,0.0,0.488
2015-07-25 20:15:00,0.0,0.488
2015-07-25 20:30:00,0.0,0.488
2015-07-25 20:45:00,-1.0,0.391
2015-07-25 21:00:00,0.0,0.586
2015-07-25 21:15:00,0.0,0.488
2015-07-25 21:30:00,-1.0,0.488
2015-07-25 21:45:00,0.0,0.488
2015-07-25 22:00:00,0.0,0.488
2015-07-25 22:15:00,0.0,0.0
2015-07-25 22:30:00,0.0,0.391
2015-07-25 22:45:00,0.0,0.391
2015-07-25 23:00:00,-1.0,0.293
2015-07-25 23:15:00,-1.0,0.293
2015-07-25 23:30:00,0.0,0.293
2015-07-25 23:45:00,-1.0,0.293
2015-07-26 00:00:00,-1.0,0.391
2015-07-26 00:15:00,-1.0,0.195
2015-07-26 00:30:00,0.0,0.293
2015-07-26 00:45:00,0.0,0.293
2015-07-26 01:00:00,0.0,0.195
2015-07-26 01:15:00,0.0,0.195
2015-07-26 01:30:00,0.0,0.293
2015-07-26 01:45:00,-1.0,0.195
2015-07-26 02:00:00,0.0,0.195
2015-07-26 02:15:00,-1.0,0.195
2015-07-26 02:30:00,0.0,0.0
2015-07-26 02:45:00,0.0,0.195
2015-07-26 03:00:00,-1.0,0.195
2015-07-26 03:15:00,-1.0,0.293
2015-07-26 03:30:00,-1.0,0.195
2015-07-26 03:45:00,-1.0,0.293
2015-07-26 04:00:00,-1.0,0.195
2015-07-26 04:15:00,-1.0,0.293
2015-07-26 04:30:00,-1.0,0.586
2015-07-26 04:45:00,3.0,3.125
2015-07-26 05:00:00,7.0,9.473
2015-07-26 05:15:00,14.5,16.113
2015-07-26 05:30:00,27.5,44.434
2015-07-26 05:45:00,48.5,115.039
2015-07-26 06:00:00,73.5,180.371
2015-07-26 06:15:00,102.5,240.527
2015-07-26 06:30:00,136.0,303.125
2015-07-26 06:45:00,174.5,368.066
2015-07-26 07:00:00,217.0,434.082
2015-07-26 07:15:00,255.0,505.957
2015-07-26 07:30:00,288.5,568.945
2015-07-26 07:45:00,343.5,636.426
2015-07-26 08:00:00,367.0,700.488
2015-07-26 08:15:00,394.5,762.695
2015-07-26 08:30:00,416.5,821.582
2015-07-26 08:45:00,434.5,876.563
2015-07-26 09:00:00,451.5,928.418
2015-07-26 09:15:00,465.5,977.246
2015-07-26 09:30:00,479.0,1018.652
2015-07-26 09:45:00,488.5,1057.031
2015-07-26 10:00:00,500.5,1091.699
2015-07-26 10:15:00,507.5,1123.438
2015-07-26 10:30:00,514.0,1151.953
2015-07-26 10:45:00,509.5,1171.68
2015-07-26 11:00:00,526.5,1187.891
2015-07-26 11:15:00,548.5,1197.754
2015-07-26 11:30:00,566.0,1211.523
2015-07-26 11:45:00,554.0,1214.453
2015-07-26 12:00:00,567.0,1213.281
2015-07-26 12:15:00,573.0,1208.691
2015-07-26 12:30:00,573.0,1203.125
2015-07-26 12:45:00,552.5,1191.992
2015-07-26 13:00:00,544.5,1176.758
2015-07-26 13:15:00,535.0,1155.762
2015-07-26 13:30:00,520.0,1129.004
2015-07-26 13:45:00,505.5,1097.754
2015-07-26 14:00:00,502.5,1062.598
2015-07-26 14:15:00,482.5,1023.828
2015-07-26 14:30:00,465.0,977.637
2015-07-26 14:45:00,442.0,926.465
2015-07-26 15:00:00,419.5,872.852
2015-07-26 15:15:00,394.5,816.992
2015-07-26 15:30:00,366.5,761.133
2015-07-26 15:45:00,334.5,701.074
2015-07-26 16:00:00,303.5,639.648
2015-07-26 16:15:00,267.0,576.563
2015-07-26 16:30:00,232.5,512.891
2015-07-26 16:45:00,191.0,447.266
2015-07-26 17:00:00,152.5,377.539
2015-07-26 17:15:00,119.0,309.863
2015-07-26 17:30:00,85.5,247.559
2015-07-26 17:45:00,55.0,188.77
2015-07-26 18:00:00,28.0,120.801
2015-07-26 18:15:00,12.5,58.203
2015-07-26 18:30:00,7.0,23.633
2015-07-26 18:45:00,4.0,10.938
2015-07-26 19:00:00,-1.0,4.492
2015-07-26 19:15:00,-1.0,1.074
2015-07-26 19:30:00,-1.0,0.586
2015-07-26 19:45:00,-1.0,0.586
2015-07-26 20:00:00,0.0,0.586
2015-07-26 20:15:00,0.0,0.488
2015-07-26 20:30:00,0.0,0.488
2015-07-26 20:45:00,-1.0,0.586
2015-07-26 21:00:00,0.0,0.586
2015-07-26 21:15:00,0.0,0.0
2015-07-26 21:30:00,0.0,0.0
2015-07-26 21:45:00,-1.0,0.0
2015-07-26 22:00:00,0.0,0.586
2015-07-26 22:15:00,-1.0,0.488
2015-07-26 22:30:00,-1.0,0.488
2015-07-26 22:45:00,-1.0,0.488
2015-07-26 23:00:00,-1.0,0.488
2015-07-26 23:15:00,-1.0,0.488
2015-07-26 23:30:00,0.0,0.488
2015-07-26 23:45:00,0.0,0.488
2015-07-27 00:00:00,-1.0,0.488
2015-07-27 00:15:00,-1.0,0.488
2015-07-27 00:30:00,0.0,0.391
2015-07-27 00:45:00,-1.0,0.391
2015-07-27 01:00:00,-1.0,0.391
2015-07-27 01:15:00,0.0,0.391
2015-07-27 01:30:00,-1.0,0.391
2015-07-27 01:45:00,0.0,0.391
2015-07-27 02:00:00,0.0,0.293
2015-07-27 02:15:00,-1.0,0.293
2015-07-27 02:30:00,0.0,0.293
2015-07-27 02:45:00,0.0,0.293
2015-07-27 03:00:00,-1.0,0.293
2015-07-27 03:15:00,-1.0,0.391
2015-07-27 03:30:00,0.0,0.293
2015-07-27 03:45:00,0.0,0.293
2015-07-27 04:00:00,0.0,0.293
2015-07-27 04:15:00,-1.0,0.293
2015-07-27 04:30:00,-1.0,0.684
2015-07-27 04:45:00,3.0,3.125
2015-07-27 05:00:00,8.0,10.059
2015-07-27 05:15:00,16.5,18.652
2015-07-27 05:30:00,29.0,45.117
2015-07-27 05:45:00,47.0,109.277
2015-07-27 06:00:00,73.5,170.605
2015-07-27 06:15:00,101.5,229.199
2015-07-27 06:30:00,130.0,287.988
2015-07-27 06:45:00,189.0,351.465
2015-07-27 07:00:00,232.5,418.652
2015-07-27 07:15:00,276.0,493.75
2015-07-27 07:30:00,313.5,556.348
2015-07-27 07:45:00,349.5,622.949
2015-07-27 08:00:00,377.0,687.012
2015-07-27 08:15:00,409.0,749.707
2015-07-27 08:30:00,437.0,810.449
2015-07-27 08:45:00,452.0,867.48
2015-07-27 09:00:00,475.5,920.703
2015-07-27 09:15:00,490.5,969.629
2015-07-27 09:30:00,499.5,1017.383
2015-07-27 09:45:00,503.5,1058.008
2015-07-27 10:00:00,513.5,1094.922
2015-07-27 10:15:00,516.0,1131.25
2015-07-27 10:30:00,527.5,1158.691
2015-07-27 10:45:00,524.5,1180.957
2015-07-27 11:00:00,529.0,1195.508
2015-07-27 11:15:00,519.0,1205.664
2015-07-27 11:30:00,530.5,1199.121
2015-07-27 11:45:00,527.0,1203.027
2015-07-27 12:00:00,540.5,1204.297
2015-07-27 12:15:00,540.0,1201.465
2015-07-27 12:30:00,531.0,1198.926
2015-07-27 12:45:00,531.5,1192.187
2015-07-27 13:00:00,517.0,1177.734
2015-07-27 13:15:00,508.0,1151.953
2015-07-27 13:30:00,496.5,1125.098
2015-07-27 13:45:00,486.5,1094.727
2015-07-27 14:00:00,464.0,1051.758
2015-07-27 14:15:00,449.5,1007.422
2015-07-27 14:30:00,430.0,959.863
2015-07-27 14:45:00,419.0,908.496
2015-07-27 15:00:00,406.0,866.602
2015-07-27 15:15:00,380.5,814.648
2015-07-27 15:30:00,352.0,752.734
2015-07-27 15:45:00,326.5,691.602
2015-07-27 16:00:00,294.0,626.953
2015-07-27 16:15:00,259.0,558.887
2015-07-27 16:30:00,223.0,495.117
2015-07-27 16:45:00,182.0,429.883
2015-07-27 17:00:00,152.5,365.723
2015-07-27 17:15:00,120.0,300.098
2015-07-27 17:30:00,88.0,236.035
2015-07-27 17:45:00,56.5,178.418
2015-07-27 18:00:00,29.0,111.035
2015-07-27 18:15:00,12.5,52.93
2015-07-27 18:30:00,8.0,22.754
2015-07-27 18:45:00,3.0,11.23
2015-07-27 19:00:00,-1.0,4.395
2015-07-27 19:15:00,-1.0,0.977
2015-07-27 19:30:00,-1.0,0.586
2015-07-27 19:45:00,0.0,0.586
2015-07-27 20:00:00,0.0,0.488
2015-07-27 20:15:00,0.0,0.488
2015-07-27 20:30:00,0.0,0.488
2015-07-27 20:45:00,-1.0,0.488
2015-07-27 21:00:00,0.0,0.391
2015-07-27 21:15:00,-1.0,0.488
2015-07-27 21:30:00,0.0,0.391
2015-07-27 21:45:00,0.0,0.293
2015-07-27 22:00:00,0.0,0.488
2015-07-27 22:15:00,-1.0,0.391
2015-07-27 22:30:00,0.0,0.293
2015-07-27 22:45:00,-1.0,0.391
2015-07-27 23:00:00,-1.0,0.293
2015-07-27 23:15:00,0.0,0.391
2015-07-27 23:30:00,0.0,0.391
2015-07-27 23:45:00,0.0,0.195
2015-07-28 00:00:00,0.0,0.293
2015-07-28 00:15:00,-1.0,0.195
2015-07-28 00:30:00,-1.0,0.195
2015-07-28 00:45:00,0.0,0.293
2015-07-28 01:00:00,0.0,0.195
2015-07-28 01:15:00,0.0,0.293
2015-07-28 01:30:00,0.0,0.195
2015-07-28 01:45:00,0.0,0.293
2015-07-28 02:00:00,-1.0,0.195
2015-07-28 02:15:00,-1.0,0.293
2015-07-28 02:30:00,0.0,0.195
2015-07-28 02:45:00,-1.0,0.293
2015-07-28 03:00:00,0.0,0.195
2015-07-28 03:15:00,-1.0,0.195
2015-07-28 03:30:00,0.0,0.195
2015-07-28 03:45:00,-1.0,0.098
2015-07-28 04:00:00,-1.0,0.098
2015-07-28 04:15:00,-1.0,0.195
2015-07-28 04:30:00,-1.0,0.488
2015-07-28 04:45:00,2.5,2.539
2015-07-28 05:00:00,6.5,9.082
2015-07-28 05:15:00,15.5,16.602
2015-07-28 05:30:00,27.5,39.648
2015-07-28 05:45:00,47.0,106.543
2015-07-28 06:00:00,73.5,168.848
2015-07-28 06:15:00,99.0,228.125
2015-07-28 06:30:00,139.0,289.941
2015-07-28 06:45:00,189.0,353.809
2015-07-28 07:00:00,229.5,419.043
2015-07-28 07:15:00,269.0,490.918
2015-07-28 07:30:00,306.0,555.469
2015-07-28 07:45:00,336.5,622.559
2015-07-28 08:00:00,362.5,685.938
2015-07-28 08:15:00,386.0,748.047
2015-07-28 08:30:00,407.5,806.348
2015-07-28 08:45:00,441.0,865.039
2015-07-28 09:00:00,466.0,916.992
2015-07-28 09:15:00,483.0,965.527
2015-07-28 09:30:00,494.5,1011.328
2015-07-28 09:45:00,511.0,1052.051
2015-07-28 10:00:00,517.0,1089.746
2015-07-28 10:15:00,519.5,1120.605
2015-07-28 10:30:00,522.0,1145.801
2015-07-28 10:45:00,522.0,1168.848
2015-07-28 11:00:00,535.0,1185.547
2015-07-28 11:15:00,531.5,1198.535
2015-07-28 11:30:00,534.5,1205.078
2015-07-28 11:45:00,525.0,1207.52
2015-07-28 12:00:00,526.5,1208.105
2015-07-28 12:15:00,523.5,1205.371
2015-07-28 12:30:00,517.5,1197.754
2015-07-28 12:45:00,512.0,1184.961
2015-07-28 13:00:00,504.0,1170.02
2015-07-28 13:15:00,497.5,1154.102
2015-07-28 13:30:00,484.0,1125.0
2015-07-28 13:45:00,477.0,1085.059
2015-07-28 14:00:00,463.0,1047.559
2015-07-28 14:15:00,450.0,1006.641
2015-07-28 14:30:00,434.5,962.402
2015-07-28 14:45:00,419.0,910.059
2015-07-28 15:00:00,403.5,855.566
2015-07-28 15:15:00,374.5,800.391
2015-07-28 15:30:00,349.0,739.844
2015-07-28 15:45:00,318.5,675.0
2015-07-28 16:00:00,289.5,613.184
2015-07-28 16:15:00,256.5,549.414
2015-07-28 16:30:00,219.0,485.645
2015-07-28 16:45:00,178.5,420.02
2015-07-28 17:00:00,145.0,355.078
2015-07-28 17:15:00,112.0,291.699
2015-07-28 17:30:00,81.0,230.078
2015-07-28 17:45:00,52.5,173.242
2015-07-28 18:00:00,27.0,108.789
2015-07-28 18:15:00,13.5,52.441
2015-07-28 18:30:00,8.5,23.047
2015-07-28 18:45:00,3.0,11.23
2015-07-28 19:00:00,-1.0,4.199
2015-07-28 19:15:00,-1.0,0.977
2015-07-28 19:30:00,0.0,0.586
2015-07-28 19:45:00,0.0,0.488
2015-07-28 20:00:00,0.0,0.488
2015-07-28 20:15:00,0.0,0.586
2015-07-28 20:30:00,-1.0,0.586
2015-07-28 20:45:00,0.0,0.488
2015-07-28 21:00:00,0.0,0.488
2015-07-28 21:15:00,-1.0,0.488
2015-07-28 21:30:00,0.0,0.0
2015-07-28 21:45:00,-1.0,0.391
2015-07-28 22:00:00,-1.0,0.293
2015-07-28 22:15:00,-1.0,0.391
2015-07-28 22:30:00,0.0,0.391
2015-07-28 22:45:00,-1.0,0.391
2015-07-28 23:00:00,-1.0,0.391
2015-07-28 23:15:00,-1.0,0.391
2015-07-28 23:30:00,-1.0,0.0
2015-07-28 23:45:00,0.0,0.0
2015-07-29 00:00:00,-1.0,0.391
2015-07-29 00:15:00,-1.0,0.293
2015-07-29 00:30:00,-1.0,0.293
2015-07-29 00:45:00,0.0,0.293
2015-07-29 01:00:00,0.0,0.293
2015-07-29 01:15:00,-1.0,0.391
2015-07-29 01:30:00,-1.0,0.293
2015-07-29 01:45:00,0.0,0.293
2015-07-29 02:00:00,0.0,0.293
2015-07-29 02:15:00,-1.0,0.293
2015-07-29 02:30:00,-1.0,0.293
2015-07-29 02:45:00,-1.0,0.293
2015-07-29 03:00:00,-1.0,0.195
2015-07-29 03:15:00,0.0,0.195
2015-07-29 03:30:00,-1.0,0.195
2015-07-29 03:45:00,0.0,0.195
2015-07-29 04:00:00,-1.0,0.293
2015-07-29 04:15:00,-1.0,0.293
2015-07-29 04:30:00,-1.0,0.391
2015-07-29 04:45:00,2.0,1.563
2015-07-29 05:00:00,-1.0,7.91
2015-07-29 05:15:00,12.5,16.016
2015-07-29 05:30:00,28.0,39.746
2015-07-29 05:45:00,49.5,99.414
2015-07-29 06:00:00,78.5,179.883
2015-07-29 06:15:00,105.0,241.895
2015-07-29 06:30:00,129.5,288.672
2015-07-29 06:45:00,164.5,345.801
2015-07-29 07:00:00,205.0,408.301
2015-07-29 07:15:00,261.5,478.125
2015-07-29 07:30:00,296.0,543.457
2015-07-29 07:45:00,324.5,609.375
2015-07-29 08:00:00,353.5,673.73
2015-07-29 08:15:00,379.0,737.109
2015-07-29 08:30:00,400.5,794.727
2015-07-29 08:45:00,420.5,847.559
2015-07-29 09:00:00,438.0,901.074
2015-07-29 09:15:00,464.0,951.27
2015-07-29 09:30:00,483.0,993.652
2015-07-29 09:45:00,497.5,1037.207
2015-07-29 10:00:00,511.5,1069.238
2015-07-29 10:15:00,520.0,1099.609
2015-07-29 10:30:00,519.5,1130.566
2015-07-29 10:45:00,521.0,1152.93
2015-07-29 11:00:00,519.5,1166.602
2015-07-29 11:15:00,515.0,1174.805
2015-07-29 11:30:00,508.5,1182.031
2015-07-29 11:45:00,519.5,1191.113
2015-07-29 12:00:00,492.5,1100.977
2015-07-29 12:15:00,523.5,1288.184
2015-07-29 12:30:00,517.0,1121.582
2015-07-29 12:45:00,302.0,1166.602
2015-07-29 13:00:00,492.5,1088.379
2015-07-29 13:15:00,497.5,1142.773
2015-07-29 13:30:00,503.5,1090.82
2015-07-29 13:45:00,450.0,1174.023
2015-07-29 14:00:00,364.5,700.195
2015-07-29 14:15:00,238.5,567.871
2015-07-29 14:30:00,187.5,439.941
2015-07-29 14:45:00,154.5,337.695
2015-07-29 15:00:00,128.5,272.852
2015-07-29 15:15:00,118.5,240.82
2015-07-29 15:30:00,112.5,223.926
2015-07-29 15:45:00,97.5,201.27
2015-07-29 16:00:00,82.0,170.996
2015-07-29 16:15:00,80.0,154.004
2015-07-29 16:30:00,78.0,151.27
2015-07-29 16:45:00,74.5,142.676
2015-07-29 17:00:00,64.0,138.574
2015-07-29 17:15:00,41.5,101.953
2015-07-29 17:30:00,37.0,74.707
2015-07-29 17:45:00,29.0,64.844
2015-07-29 18:00:00,18.5,45.996
2015-07-29 18:15:00,14.5,34.57
2015-07-29 18:30:00,5.0,21.973
2015-07-29 18:45:00,-1.0,8.008
2015-07-29 19:00:00,0.0,4.297
2015-07-29 19:15:00,-1.0,0.781
2015-07-29 19:30:00,-1.0,0.488
2015-07-29 19:45:00,0.0,0.586
2015-07-29 20:00:00,0.0,0.586
2015-07-29 20:15:00,-1.0,0.586
2015-07-29 20:30:00,0.0,0.586
2015-07-29 20:45:00,0.0,0.0
2015-07-29 21:00:00,-1.0,0.488
2015-07-29 21:15:00,-1.0,0.586
2015-07-29 21:30:00,0.0,0.684
2015-07-29 21:45:00,-1.0,0.684
2015-07-29 22:00:00,0.0,0.586
2015-07-29 22:15:00,0.0,0.586
2015-07-29 22:30:00,0.0,0.586
2015-07-29 22:45:00,0.0,0.586
2015-07-29 23:00:00,-1.0,0.684
2015-07-29 23:15:00,-1.0,0.586
2015-07-29 23:30:00,0.0,0.586
2015-07-29 23:45:00,0.0,0.586
2015-07-30 00:00:00,-1.0,0.586
2015-07-30 00:15:00,-1.0,0.586
2015-07-30 00:30:00,0.0,0.488
2015-07-30 00:45:00,-1.0,0.488
2015-07-30 01:00:00,-1.0,0.0
2015-07-30 01:15:00,-1.0,0.391
2015-07-30 01:30:00,-1.0,0.391
2015-07-30 01:45:00,-1.0,0.0
2015-07-30 02:00:00,-1.0,0.391
2015-07-30 02:15:00,-1.0,0.391
2015-07-30 02:30:00,-1.0,0.391
2015-07-30 02:45:00,-1.0,0.293
2015-07-30 03:00:00,-1.0,0.391
2015-07-30 03:15:00,-1.0,0.391
2015-07-30 03:30:00,-1.0,0.391
2015-07-30 03:45:00,-1.0,0.488
2015-07-30 04:00:00,-1.0,0.391
2015-07-30 04:15:00,-1.0,0.488
2015-07-30 04:30:00,-1.0,0.488
2015-07-30 04:45:00,1.0,1.953
2015-07-30 05:00:00,-1.0,8.691
2015-07-30 05:15:00,15.5,25.977
2015-07-30 05:30:00,29.0,40.137
2015-07-30 05:45:00,36.0,59.766
2015-07-30 06:00:00,48.5,75.781
2015-07-30 06:15:00,52.5,89.453
2015-07-30 06:30:00,64.0,115.43
2015-07-30 06:45:00,101.0,149.316
2015-07-30 07:00:00,136.0,301.66
2015-07-30 07:15:00,214.5,367.676
2015-07-30 07:30:00,154.5,384.082
2015-07-30 07:45:00,195.5,313.672
2015-07-30 08:00:00,275.0,429.297
2015-07-30 08:15:00,162.5,416.699
2015-07-30 08:30:00,407.0,400.684
2015-07-30 08:45:00,424.5,732.031
2015-07-30 09:00:00,389.5,827.344
2015-07-30 09:15:00,452.5,896.875
2015-07-30 09:30:00,471.0,995.508
2015-07-30 09:45:00,486.5,1031.348
2015-07-30 10:00:00,506.0,1085.645
2015-07-30 10:15:00,615.5,1093.555
2015-07-30 10:30:00,267.5,880.273
2015-07-30 10:45:00,237.5,549.316
2015-07-30 11:00:00,250.0,457.715
2015-07-30 11:15:00,481.5,750.684
2015-07-30 11:30:00,319.0,776.66
2015-07-30 11:45:00,417.0,845.41
2015-07-30 12:00:00,299.0,744.434
2015-07-30 12:15:00,322.5,562.012
2015-07-30 12:30:00,519.0,676.953
2015-07-30 12:45:00,417.5,993.359
2015-07-30 13:00:00,515.0,1053.027
2015-07-30 13:15:00,403.5,937.012
2015-07-30 13:30:00,461.5,905.664
2015-07-30 13:45:00,361.0,983.008
2015-07-30 14:00:00,247.0,692.383
2015-07-30 14:15:00,360.0,655.176
2015-07-30 14:30:00,342.5,853.613
2015-07-30 14:45:00,405.5,902.637
2015-07-30 15:00:00,382.5,842.969
2015-07-30 15:15:00,376.0,790.527
2015-07-30 15:30:00,440.0,768.75
2015-07-30 15:45:00,164.0,436.035
2015-07-30 16:00:00,152.5,327.832
2015-07-30 16:15:00,258.5,202.246
2015-07-30 16:30:00,249.0,373.926
2015-07-30 16:45:00,238.5,500.586
2015-07-30 17:00:00,180.0,456.152
2015-07-30 17:15:00,151.0,316.211
2015-07-30 17:30:00,76.5,210.84
2015-07-30 17:45:00,66.0,151.27
2015-07-30 18:00:00,33.0,86.914
2015-07-30 18:15:00,18.0,50.195
2015-07-30 18:30:00,8.0,27.148
2015-07-30 18:45:00,2.0,11.719
2015-07-30 19:00:00,-1.0,2.148
2015-07-30 19:15:00,-1.0,0.586
2015-07-30 19:30:00,0.0,0.391
2015-07-30 19:45:00,0.0,0.391
2015-07-30 20:00:00,0.0,0.488
2015-07-30 20:15:00,0.0,0.488
2015-07-30 20:30:00,0.0,0.488
2015-07-30 20:45:00,0.0,0.488
2015-07-30 21:00:00,-1.0,0.391
2015-07-30 21:15:00,-1.0,0.488
2015-07-30 21:30:00,0.0,0.488
2015-07-30 21:45:00,-1.0,0.586
2015-07-30 22:00:00,-1.0,0.488
2015-07-30 22:15:00,-1.0,0.488
2015-07-30 22:30:00,0.0,0.488
2015-07-30 22:45:00,-1.0,0.586
2015-07-30 23:00:00,-1.0,0.488
2015-07-30 23:15:00,0.0,0.488
2015-07-30 23:30:00,-1.0,0.488
2015-07-30 23:45:00,-1.0,0.488
2015-07-31 00:00:00,0.0,0.0
2015-07-31 00:15:00,-1.0,0.488
2015-07-31 00:30:00,-1.0,0.488
2015-07-31 00:45:00,-1.0,0.488
2015-07-31 01:00:00,0.0,0.488
2015-07-31 01:15:00,-1.0,0.488
2015-07-31 01:30:00,-1.0,0.586
2015-07-31 01:45:00,0.0,0.0
2015-07-31 02:00:00,-1.0,0.488
2015-07-31 02:15:00,-1.0,0.488
2015-07-31 02:30:00,0.0,0.586
2015-07-31 02:45:00,0.0,0.586
2015-07-31 03:00:00,-1.0,0.586
2015-07-31 03:15:00,-1.0,0.0
2015-07-31 03:30:00,0.0,0.488
2015-07-31 03:45:00,-1.0,0.586
2015-07-31 04:00:00,-1.0,0.0
2015-07-31 04:15:00,-1.0,0.391
2015-07-31 04:30:00,-1.0,0.488
2015-07-31 04:45:00,1.0,1.563
2015-07-31 05:00:00,-1.0,4.688
2015-07-31 05:15:00,11.0,14.063
2015-07-31 05:30:00,16.0,25.0
2015-07-31 05:45:00,35.0,37.598
2015-07-31 06:00:00,74.5,154.297
2015-07-31 06:15:00,110.0,219.238
2015-07-31 06:30:00,141.5,275.977
2015-07-31 06:45:00,203.5,346.094
2015-07-31 07:00:00,267.0,497.559
2015-07-31 07:15:00,295.5,490.82
2015-07-31 07:30:00,240.5,463.77
2015-07-31 07:45:00,135.0,586.816
2015-07-31 08:00:00,380.5,396.777
2015-07-31 08:15:00,434.0,691.699
2015-07-31 08:30:00,132.0,773.047
2015-07-31 08:45:00,410.0,686.719
2015-07-31 09:00:00,421.0,860.449
2015-07-31 09:15:00,438.0,908.008
2015-07-31 09:30:00,449.5,944.531
2015-07-31 09:45:00,464.0,985.156
2015-07-31 10:00:00,481.5,1020.117
2015-07-31 10:15:00,483.0,1053.418
2015-07-31 10:30:00,496.0,1077.246
2015-07-31 10:45:00,498.0,1099.805
2015-07-31 11:00:00,498.5,1114.258
2015-07-31 11:15:00,496.0,1127.637
2015-07-31 11:30:00,501.5,1134.082
2015-07-31 11:45:00,498.0,1137.012
2015-07-31 12:00:00,498.5,1142.969
2015-07-31 12:15:00,504.0,1141.016
2015-07-31 12:30:00,492.5,1141.699
2015-07-31 12:45:00,484.5,1129.492
2015-07-31 13:00:00,486.0,1104.688
2015-07-31 13:15:00,475.0,1083.594
2015-07-31 13:30:00,462.0,1048.535
2015-07-31 13:45:00,444.0,1021.68
2015-07-31 14:00:00,440.0,994.434
2015-07-31 14:15:00,427.5,948.34
2015-07-31 14:30:00,116.5,808.398
2015-07-31 14:45:00,393.5,770.801
2015-07-31 15:00:00,390.5,810.84
2015-07-31 15:15:00,359.5,726.563
2015-07-31 15:30:00,340.0,697.363
2015-07-31 15:45:00,330.5,651.855
2015-07-31 16:00:00,328.5,642.285
2015-07-31 16:15:00,294.0,588.477
2015-07-31 16:30:00,272.5,533.984
2015-07-31 16:45:00,202.5,501.758
2015-07-31 17:00:00,81.5,256.152
2015-07-31 17:15:00,54.5,125.977
2015-07-31 17:30:00,30.0,82.227
2015-07-31 17:45:00,27.5,54.004
2015-07-31 18:00:00,20.5,63.281
2015-07-31 18:15:00,12.0,35.156
2015-07-31 18:30:00,4.5,19.238
2015-07-31 18:45:00,-1.0,5.469
2015-07-31 19:00:00,-1.0,1.367
2015-07-31 19:15:00,-1.0,0.586
2015-07-31 19:30:00,-1.0,0.586
2015-07-31 19:45:00,0.0,0.488
2015-07-31 20:00:00,0.0,0.488
2015-07-31 20:15:00,0.0,0.488
2015-07-31 20:30:00,-1.0,0.391
2015-07-31 20:45:00,0.0,0.391
2015-07-31 21:00:00,0.0,0.391
2015-07-31 21:15:00,0.0,0.488
2015-07-31 21:30:00,-1.0,0.391
2015-07-31 21:45:00,0.0,0.0
2015-07-31 22:00:00,0.0,0.391
2015-07-31 22:15:00,-1.0,0.391
2015-07-31 22:30:00,-1.0,0.488
2015-07-31 22:45:00,0.0,0.586
2015-07-31 23:00:00,-1.0,0.488
2015-07-31 23:15:00,-1.0,0.488
2015-07-31 23:30:00,-1.0,0.488
2015-07-31 23:45:00,0.0,0.586
2015-08-01 00:00:00,-1.0,0.0
2015-08-01 00:15:00,-1.0,0.391
2015-08-01 00:30:00,-1.0,0.488
2015-08-01 00:45:00,0.0,0.488
2015-08-01 01:00:00,-1.0,0.488
2015-08-01 01:15:00,-1.0,0.488
2015-08-01 01:30:00,0.0,0.391
2015-08-01 01:45:00,-1.0,0.488
2015-08-01 02:00:00,-1.0,0.391
2015-08-01 02:15:00,-1.0,0.586
2015-08-01 02:30:00,-1.0,0.488
2015-08-01 02:45:00,-1.0,0.586
2015-08-01 03:00:00,-1.0,0.488
2015-08-01 03:15:00,-1.0,0.586
2015-08-01 03:30:00,-1.0,0.586
2015-08-01 03:45:00,-1.0,0.586
2015-08-01 04:00:00,-1.0,0.488
2015-08-01 04:15:00,0.0,0.488
2015-08-01 04:30:00,-1.0,0.488
2015-08-01 04:45:00,-1.0,0.977
2015-08-01 05:00:00,4.0,4.59
2015-08-01 05:15:00,14.5,19.141
2015-08-01 05:30:00,28.0,38.77
2015-08-01 05:45:00,47.0,66.895
2015-08-01 06:00:00,58.5,94.531
2015-08-01 06:15:00,62.0,106.641
2015-08-01 06:30:00,53.0,103.32
2015-08-01 06:45:00,66.0,103.32
2015-08-01 07:00:00,112.5,164.063
2015-08-01 07:15:00,158.5,261.914
2015-08-01 07:30:00,159.0,289.551
2015-08-01 07:45:00,178.0,302.441
2015-08-01 08:00:00,221.0,359.766
2015-08-01 08:15:00,306.0,579.59
2015-08-01 08:30:00,203.0,508.105
2015-08-01 08:45:00,191.0,355.762
2015-08-01 09:00:00,189.0,346.094
2015-08-01 09:15:00,149.5,311.719
2015-08-01 09:30:00,87.0,201.367
2015-08-01 09:45:00,66.0,135.352
2015-08-01 10:00:00,56.5,106.836
2015-08-01 10:15:00,67.5,94.824
2015-08-01 10:30:00,88.0,147.754
2015-08-01 10:45:00,80.0,163.281
2015-08-01 11:00:00,72.5,141.895
2015-08-01 11:15:00,46.5,99.121
2015-08-01 11:30:00,46.5,73.828
2015-08-01 11:45:00,56.0,91.895
2015-08-01 12:00:00,72.5,116.895
2015-08-01 12:15:00,76.5,128.613
2015-08-01 12:30:00,61.0,117.773
2015-08-01 12:45:00,71.5,110.742
2015-08-01 13:00:00,68.5,120.02
2015-08-01 13:15:00,73.5,118.555
2015-08-01 13:30:00,77.5,127.539
2015-08-01 13:45:00,81.0,137.207
2015-08-01 14:00:00,77.5,139.258
2015-08-01 14:15:00,70.0,124.512
2015-08-01 14:30:00,69.5,122.266
2015-08-01 14:45:00,66.0,117.773
2015-08-01 15:00:00,64.5,113.867
2015-08-01 15:15:00,54.0,100.098
2015-08-01 15:30:00,50.5,86.328
2015-08-01 15:45:00,49.0,85.938
2015-08-01 16:00:00,50.5,83.691
2015-08-01 16:15:00,53.0,91.406
2015-08-01 16:30:00,60.5,103.613
2015-08-01 16:45:00,47.0,103.809
2015-08-01 17:00:00,43.0,82.91
2015-08-01 17:15:00,35.0,70.605
2015-08-01 17:30:00,35.0,64.258
2015-08-01 17:45:00,28.0,59.375
2015-08-01 18:00:00,16.5,41.211
2015-08-01 18:15:00,8.5,22.266
2015-08-01 18:30:00,3.0,11.035
2015-08-01 18:45:00,-1.0,4.492
2015-08-01 19:00:00,-1.0,0.977
2015-08-01 19:15:00,-1.0,0.391
2015-08-01 19:30:00,0.0,0.391
2015-08-01 19:45:00,-1.0,0.391
2015-08-01 20:00:00,-1.0,0.391
2015-08-01 20:15:00,0.0,0.391
2015-08-01 20:30:00,-1.0,0.391
2015-08-01 20:45:00,-1.0,0.391
2015-08-01 21:00:00,0.0,0.391
2015-08-01 21:15:00,0.0,0.391
2015-08-01 21:30:00,-1.0,0.391
2015-08-01 21:45:00,0.0,0.391
2015-08-01 22:00:00,0.0,0.391
2015-08-01 22:15:00,0.0,0.391
2015-08-01 22:30:00,-1.0,0.391
2015-08-01 22:45:00,-1.0,0.293
2015-08-01 23:00:00,-1.0,0.293
2015-08-01 23:15:00,-1.0,0.391
2015-08-01 23:30:00,-1.0,0.391
2015-08-01 23:45:00,0.0,0.391
2015-08-02 00:00:00,-1.0,0.391
2015-08-02 00:15:00,-1.0,0.293
2015-08-02 00:30:00,-1.0,0.293
2015-08-02 00:45:00,0.0,0.0
2015-08-02 01:00:00,-1.0,0.293
2015-08-02 01:15:00,-1.0,0.293
2015-08-02 01:30:00,0.0,0.293
2015-08-02 01:45:00,0.0,0.195
2015-08-02 02:00:00,-1.0,0.293
2015-08-02 02:15:00,-1.0,0.195
2015-08-02 02:30:00,-1.0,0.293
2015-08-02 02:45:00,-1.0,0.293
2015-08-02 03:00:00,0.0,0.195
2015-08-02 03:15:00,0.0,0.195
2015-08-02 03:30:00,-1.0,0.195
2015-08-02 03:45:00,-1.0,0.195
2015-08-02 04:00:00,-1.0,0.195
2015-08-02 04:15:00,-1.0,0.195
2015-08-02 04:30:00,-1.0,0.293
2015-08-02 04:45:00,1.0,0.879
2015-08-02 05:00:00,-1.0,3.809
2015-08-02 05:15:00,8.0,10.156
2015-08-02 05:30:00,19.5,23.438
2015-08-02 05:45:00,17.5,36.816
2015-08-02 06:00:00,22.5,32.324
2015-08-02 06:15:00,42.5,63.672
2015-08-02 06:30:00,50.5,75.977
2015-08-02 06:45:00,124.0,149.707
2015-08-02 07:00:00,223.0,333.789
2015-08-02 07:15:00,229.5,442.48
2015-08-02 07:30:00,299.0,495.215
2015-08-02 07:45:00,331.0,592.578
2015-08-02 08:00:00,372.5,668.555
2015-08-02 08:15:00,405.0,766.797
2015-08-02 08:30:00,406.0,811.23
2015-08-02 08:45:00,417.0,835.156
2015-08-02 09:00:00,433.0,871.875
2015-08-02 09:15:00,446.5,918.555
2015-08-02 09:30:00,463.0,961.035
2015-08-02 09:45:00,471.5,998.633
2015-08-02 10:00:00,480.5,1033.984
2015-08-02 10:15:00,489.0,1067.578
2015-08-02 10:30:00,500.0,1094.922
2015-08-02 10:45:00,503.5,1119.336
2015-08-02 11:00:00,501.5,1133.203
2015-08-02 11:15:00,498.0,1146.191
2015-08-02 11:30:00,496.0,1152.246
2015-08-02 11:45:00,490.0,1158.398
2015-08-02 12:00:00,498.0,1160.645
2015-08-02 12:15:00,494.5,1154.492
2015-08-02 12:30:00,493.0,1146.387
2015-08-02 12:45:00,491.0,1136.816
2015-08-02 13:00:00,487.0,1120.02
2015-08-02 13:15:00,478.5,1100.0
2015-08-02 13:30:00,465.0,1074.805
2015-08-02 13:45:00,451.5,1041.211
2015-08-02 14:00:00,440.0,1003.613
2015-08-02 14:15:00,431.0,963.477
2015-08-02 14:30:00,416.5,915.82
2015-08-02 14:45:00,400.5,865.723
2015-08-02 15:00:00,379.0,815.332
2015-08-02 15:15:00,361.5,763.965
2015-08-02 15:30:00,338.0,706.055
2015-08-02 15:45:00,309.5,647.852
2015-08-02 16:00:00,282.0,585.449
2015-08-02 16:15:00,247.5,520.117
2015-08-02 16:30:00,211.0,454.98
2015-08-02 16:45:00,174.5,392.871
2015-08-02 17:00:00,141.0,329.492
2015-08-02 17:15:00,108.0,269.629
2015-08-02 17:30:00,76.0,209.18
2015-08-02 17:45:00,46.5,154.98
2015-08-02 18:00:00,24.0,91.992
2015-08-02 18:15:00,10.5,37.598
2015-08-02 18:30:00,6.0,15.234
2015-08-02 18:45:00,2.0,7.52
2015-08-02 19:00:00,0.0,2.441
2015-08-02 19:15:00,-1.0,0.586
2015-08-02 19:30:00,0.0,0.488
2015-08-02 19:45:00,0.0,0.488
2015-08-02 20:00:00,0.0,0.488
2015-08-02 20:15:00,0.0,0.586
2015-08-02 20:30:00,-1.0,0.586
2015-08-02 20:45:00,0.0,0.586
2015-08-02 21:00:00,0.0,0.586
2015-08-02 21:15:00,-1.0,0.586
2015-08-02 21:30:00,0.0,0.586
2015-08-02 21:45:00,-1.0,0.586
2015-08-02 22:00:00,-1.0,0.586
2015-08-02 22:15:00,0.0,0.488
2015-08-02 22:30:00,-1.0,0.586
2015-08-02 22:45:00,0.0,0.488
2015-08-02 23:00:00,-1.0,0.488
2015-08-02 23:15:00,0.0,0.586
2015-08-02 23:30:00,-1.0,0.586
2015-08-02 23:45:00,-1.0,0.586
2015-08-03 00:00:00,-1.0,0.488
2015-08-03 00:15:00,0.0,0.391
2015-08-03 00:30:00,-1.0,0.488
2015-08-03 00:45:00,-1.0,0.391
2015-08-03 01:00:00,-1.0,0.293
2015-08-03 01:15:00,-1.0,0.293
2015-08-03 01:30:00,0.0,0.293
2015-08-03 01:45:00,-1.0,0.293
2015-08-03 02:00:00,0.0,0.293
2015-08-03 02:15:00,-1.0,0.293
2015-08-03 02:30:00,-1.0,0.391
2015-08-03 02:45:00,-1.0,0.293
2015-08-03 03:00:00,0.0,0.293
2015-08-03 03:15:00,-1.0,0.391
2015-08-03 03:30:00,-1.0,0.391
2015-08-03 03:45:00,-1.0,0.293
2015-08-03 04:00:00,-1.0,0.293
2015-08-03 04:15:00,-1.0,0.293
2015-08-03 04:30:00,-1.0,0.391
2015-08-03 04:45:00,1.0,1.563
2015-08-03 05:00:00,-1.0,6.445
2015-08-03 05:15:00,12.0,14.746
2015-08-03 05:30:00,22.5,25.879
2015-08-03 05:45:00,41.0,85.059
2015-08-03 06:00:00,62.5,146.68
2015-08-03 06:15:00,88.0,203.809
2015-08-03 06:30:00,120.0,267.48
2015-08-03 06:45:00,157.0,323.535
2015-08-03 07:00:00,207.0,392.871
2015-08-03 07:15:00,259.0,463.574
2015-08-03 07:30:00,289.5,526.953
2015-08-03 07:45:00,317.5,589.746
2015-08-03 08:00:00,342.5,651.953
2015-08-03 08:15:00,369.0,715.918
2015-08-03 08:30:00,392.0,770.605
2015-08-03 08:45:00,416.5,827.441
2015-08-03 09:00:00,437.0,882.031
2015-08-03 09:15:00,450.5,931.641
2015-08-03 09:30:00,465.0,981.641
2015-08-03 09:45:00,473.0,1025.684
2015-08-03 10:00:00,483.0,1060.84
2015-08-03 10:15:00,489.0,1094.238
2015-08-03 10:30:00,494.0,1120.117
2015-08-03 10:45:00,508.5,1144.824
2015-08-03 11:00:00,504.5,1162.695
2015-08-03 11:15:00,502.0,1171.973
2015-08-03 11:30:00,510.0,1172.266
2015-08-03 11:45:00,527.0,1182.324
2015-08-03 12:00:00,529.0,1184.668
2015-08-03 12:15:00,527.5,1180.273
2015-08-03 12:30:00,531.5,1177.148
2015-08-03 12:45:00,519.5,1164.258
2015-08-03 13:00:00,511.5,1145.117
2015-08-03 13:15:00,494.5,1124.512
2015-08-03 13:30:00,488.0,1100.684
2015-08-03 13:45:00,475.0,1069.238
2015-08-03 14:00:00,467.0,1032.422
2015-08-03 14:15:00,463.0,988.477
2015-08-03 14:30:00,442.5,947.656
2015-08-03 14:45:00,421.5,899.316
2015-08-03 15:00:00,400.5,845.703
2015-08-03 15:15:00,378.5,786.914
2015-08-03 15:30:00,349.5,729.395
2015-08-03 15:45:00,313.0,660.938
2015-08-03 16:00:00,293.5,572.852
2015-08-03 16:15:00,256.5,542.188
2015-08-03 16:30:00,220.0,481.738
2015-08-03 16:45:00,180.5,415.625
2015-08-03 17:00:00,141.5,350.488
2015-08-03 17:15:00,107.0,284.766
2015-08-03 17:30:00,76.0,223.633
2015-08-03 17:45:00,47.0,166.797
2015-08-03 18:00:00,22.5,97.559
2015-08-03 18:15:00,10.5,42.969
2015-08-03 18:30:00,6.0,16.699
2015-08-03 18:45:00,2.0,7.52
2015-08-03 19:00:00,0.0,2.246
2015-08-03 19:15:00,-1.0,0.586
2015-08-03 19:30:00,0.0,0.488
2015-08-03 19:45:00,0.0,0.488
2015-08-03 20:00:00,0.0,0.586
2015-08-03 20:15:00,0.0,0.488
2015-08-03 20:30:00,-1.0,0.586
2015-08-03 20:45:00,0.0,0.488
2015-08-03 21:00:00,0.0,0.586
2015-08-03 21:15:00,-1.0,0.586
2015-08-03 21:30:00,0.0,0.586
2015-08-03 21:45:00,0.0,0.488
2015-08-03 22:00:00,0.0,0.586
2015-08-03 22:15:00,-1.0,0.488
2015-08-03 22:30:00,0.0,0.488
2015-08-03 22:45:00,-1.0,0.586
2015-08-03 23:00:00,0.0,0.488
2015-08-03 23:15:00,-1.0,0.488
2015-08-03 23:30:00,-1.0,0.391
2015-08-03 23:45:00,0.0,0.488
2015-08-04 00:00:00,0.0,0.0
2015-08-04 00:15:00,0.0,0.488
2015-08-04 00:30:00,-1.0,0.488
2015-08-04 00:45:00,-1.0,0.488
2015-08-04 01:00:00,0.0,0.488
2015-08-04 01:15:00,-1.0,0.488
2015-08-04 01:30:00,0.0,0.293
2015-08-04 01:45:00,-1.0,0.391
2015-08-04 02:00:00,0.0,0.293
2015-08-04 02:15:00,0.0,0.0
2015-08-04 02:30:00,-1.0,0.391
2015-08-04 02:45:00,-1.0,0.293
2015-08-04 03:00:00,0.0,0.195
2015-08-04 03:15:00,0.0,0.293
2015-08-04 03:30:00,-1.0,0.195
2015-08-04 03:45:00,-1.0,0.293
2015-08-04 04:00:00,0.0,0.293
2015-08-04 04:15:00,-1.0,0.195
2015-08-04 04:30:00,-1.0,0.195
2015-08-04 04:45:00,2.0,1.367
2015-08-04 05:00:00,-1.0,6.152
2015-08-04 05:15:00,11.0,13.574
2015-08-04 05:30:00,22.5,23.242
2015-08-04 05:45:00,41.0,85.645
2015-08-04 06:00:00,61.0,149.414
2015-08-04 06:15:00,92.0,208.008
2015-08-04 06:30:00,122.0,272.363
2015-08-04 06:45:00,159.0,330.566
2015-08-04 07:00:00,198.0,397.559
2015-08-04 07:15:00,261.0,469.336
2015-08-04 07:30:00,294.5,532.91
2015-08-04 07:45:00,324.0,599.707
2015-08-04 08:00:00,352.0,662.988
2015-08-04 08:15:00,376.5,725.098
2015-08-04 08:30:00,397.5,782.813
2015-08-04 08:45:00,421.5,840.137
2015-08-04 09:00:00,440.0,892.969
2015-08-04 09:15:00,461.0,945.215
2015-08-04 09:30:00,476.5,995.801
2015-08-04 09:45:00,496.0,1039.453
2015-08-04 10:00:00,501.5,1079.004
2015-08-04 10:15:00,511.5,1115.039
2015-08-04 10:30:00,520.0,1135.254
2015-08-04 10:45:00,523.0,1148.828
2015-08-04 11:00:00,522.0,1169.824
2015-08-04 11:15:00,527.5,1191.602
2015-08-04 11:30:00,543.0,1203.906
2015-08-04 11:45:00,548.5,1206.543
2015-08-04 12:00:00,556.0,1210.156
2015-08-04 12:15:00,557.5,1210.547
2015-08-04 12:30:00,544.0,1177.539
2015-08-04 12:45:00,483.0,1119.336
2015-08-04 13:00:00,361.0,1013.477
2015-08-04 13:15:00,399.5,815.723
2015-08-04 13:30:00,391.5,886.621
2015-08-04 13:45:00,535.5,839.746
2015-08-04 14:00:00,396.0,972.266
2015-08-04 14:15:00,511.0,894.629
2015-08-04 14:30:00,435.0,982.227
2015-08-04 14:45:00,441.0,877.246
2015-08-04 15:00:00,388.5,787.5
2015-08-04 15:15:00,336.5,676.172
2015-08-04 15:30:00,353.5,753.418
2015-08-04 15:45:00,294.0,602.441
2015-08-04 16:00:00,312.5,558.301
2015-08-04 16:15:00,280.0,480.762
2015-08-04 16:30:00,68.5,386.914
2015-08-04 16:45:00,35.0,72.363
2015-08-04 17:00:00,67.5,77.539
2015-08-04 17:15:00,75.5,226.758
2015-08-04 17:30:00,95.5,227.246
2015-08-04 17:45:00,66.0,200.098
2015-08-04 18:00:00,32.0,119.238
2015-08-04 18:15:00,10.0,48.438
2015-08-04 18:30:00,4.0,14.648
2015-08-04 18:45:00,-1.0,5.957
2015-08-04 19:00:00,0.0,1.66
2015-08-04 19:15:00,-1.0,0.586
2015-08-04 19:30:00,0.0,0.488
2015-08-04 19:45:00,0.0,0.488
2015-08-04 20:00:00,-1.0,0.586
2015-08-04 20:15:00,0.0,0.488
2015-08-04 20:30:00,-1.0,0.586
2015-08-04 20:45:00,-1.0,0.488
2015-08-04 21:00:00,0.0,0.391
2015-08-04 21:15:00,-1.0,0.586
2015-08-04 21:30:00,0.0,0.586
2015-08-04 21:45:00,0.0,0.0
2015-08-04 22:00:00,0.0,0.586
2015-08-04 22:15:00,-1.0,0.684
2015-08-04 22:30:00,-1.0,0.586
2015-08-04 22:45:00,0.0,0.488
2015-08-04 23:00:00,-1.0,0.684
2015-08-04 23:15:00,-1.0,0.586
2015-08-04 23:30:00,-1.0,0.586
2015-08-04 23:45:00,-1.0,0.586
2015-08-05 00:00:00,-1.0,0.684
2015-08-05 00:15:00,0.0,0.586
2015-08-05 00:30:00,-1.0,0.488
2015-08-05 00:45:00,0.0,0.586
2015-08-05 01:00:00,0.0,0.586
2015-08-05 01:15:00,-1.0,0.488
2015-08-05 01:30:00,-1.0,0.488
2015-08-05 01:45:00,0.0,0.586
2015-08-05 02:00:00,-1.0,0.391
2015-08-05 02:15:00,-1.0,0.488
2015-08-05 02:30:00,-1.0,0.0
2015-08-05 02:45:00,0.0,0.391
2015-08-05 03:00:00,0.0,0.488
2015-08-05 03:15:00,-1.0,0.488
2015-08-05 03:30:00,-1.0,0.488
2015-08-05 03:45:00,-1.0,0.488
2015-08-05 04:00:00,-1.0,0.391
2015-08-05 04:15:00,-1.0,0.391
2015-08-05 04:30:00,-1.0,0.488
2015-08-05 04:45:00,4.0,5.078
2015-08-05 05:00:00,8.5,14.551
2015-08-05 05:15:00,17.5,22.168
2015-08-05 05:30:00,37.0,48.926
2015-08-05 05:45:00,25.5,63.574
2015-08-05 06:00:00,77.5,69.141
2015-08-05 06:15:00,99.0,217.09
2015-08-05 06:30:00,147.5,184.961
2015-08-05 06:45:00,199.5,400.684
2015-08-05 07:00:00,278.0,491.016
2015-08-05 07:15:00,303.0,590.918
2015-08-05 07:30:00,362.5,648.73
2015-08-05 07:45:00,438.5,774.512
2015-08-05 08:00:00,495.0,844.043
2015-08-05 08:15:00,479.0,934.473
2015-08-05 08:30:00,504.5,953.32
2015-08-05 08:45:00,437.0,876.563
2015-08-05 09:00:00,533.0,908.691
2015-08-05 09:15:00,521.0,1124.121
2015-08-05 09:30:00,385.0,1075.879
2015-08-05 09:45:00,599.0,1080.859
2015-08-05 10:00:00,270.5,1192.969
2015-08-05 10:15:00,455.5,950.391
2015-08-05 10:30:00,286.0,1044.336
2015-08-05 10:45:00,336.0,703.418
2015-08-05 11:00:00,322.5,944.238
2015-08-05 11:15:00,650.0,1131.836
2015-08-05 11:30:00,635.0,1092.285
2015-08-05 11:45:00,528.5,1254.98
2015-08-05 12:00:00,408.0,831.738
2015-08-05 12:15:00,434.5,912.891
2015-08-05 12:30:00,301.0,668.945
2015-08-05 12:45:00,469.0,742.285
2015-08-05 13:00:00,284.5,567.773
2015-08-05 13:15:00,285.5,630.078
2015-08-05 13:30:00,297.0,608.594
2015-08-05 13:45:00,414.0,705.273
2015-08-05 14:00:00,207.0,737.5
2015-08-05 14:15:00,261.0,419.238
2015-08-05 14:30:00,197.5,399.121
2015-08-05 14:45:00,485.0,532.617
2015-08-05 15:00:00,207.0,667.09
2015-08-05 15:15:00,154.5,433.984
2015-08-05 15:30:00,189.0,342.285
2015-08-05 15:45:00,175.5,588.867
2015-08-05 16:00:00,191.5,322.852
2015-08-05 16:15:00,137.5,292.676
2015-08-05 16:30:00,108.5,235.156
2015-08-05 16:45:00,82.0,172.363
2015-08-05 17:00:00,76.5,146.387
2015-08-05 17:15:00,60.0,134.375
2015-08-05 17:30:00,39.0,115.43
2015-08-05 17:45:00,37.5,81.25
2015-08-05 18:00:00,26.0,64.746
2015-08-05 18:15:00,12.5,36.914
2015-08-05 18:30:00,4.5,18.066
2015-08-05 18:45:00,-1.0,5.371
2015-08-05 19:00:00,0.0,1.074
2015-08-05 19:15:00,-1.0,0.293
2015-08-05 19:30:00,0.0,0.391
2015-08-05 19:45:00,0.0,0.488
2015-08-05 20:00:00,0.0,0.488
2015-08-05 20:15:00,0.0,0.488
2015-08-05 20:30:00,0.0,0.488
2015-08-05 20:45:00,-1.0,0.488
2015-08-05 21:00:00,0.0,0.586
2015-08-05 21:15:00,0.0,0.391
2015-08-05 21:30:00,-1.0,0.488
2015-08-05 21:45:00,0.0,0.0
2015-08-05 22:00:00,-1.0,0.488
2015-08-05 22:15:00,-1.0,0.586
2015-08-05 22:30:00,-1.0,0.488
2015-08-05 22:45:00,-1.0,0.391
2015-08-05 23:00:00,-1.0,0.391
2015-08-05 23:15:00,-1.0,0.488
2015-08-05 23:30:00,0.0,0.391
2015-08-05 23:45:00,-1.0,0.391
2015-08-08 00:00:00,0.0,0.0
2015-08-08 00:15:00,-1.0,0.293
2015-08-08 00:30:00,0.0,0.293
2015-08-08 00:45:00,-1.0,0.293
2015-08-08 01:00:00,-1.0,0.293
2015-08-08 01:15:00,-1.0,0.293
2015-08-08 01:30:00,-1.0,0.391
2015-08-08 01:45:00,0.0,0.293
2015-08-08 02:00:00,-1.0,0.293
2015-08-08 02:15:00,-1.0,0.293
2015-08-08 02:30:00,-1.0,0.293
2015-08-08 02:45:00,0.0,0.195
2015-08-08 03:00:00,-1.0,0.195
2015-08-08 03:15:00,-1.0,0.293
2015-08-08 03:30:00,-1.0,0.195
2015-08-08 03:45:00,-1.0,0.195
2015-08-08 04:00:00,-1.0,0.195
2015-08-08 04:15:00,-1.0,0.195
2015-08-08 04:30:00,-1.0,0.195
2015-08-08 04:45:00,-1.0,0.879
2015-08-08 05:00:00,-1.0,4.688
2015-08-08 05:15:00,10.0,12.305
2015-08-08 05:30:00,20.0,19.531
2015-08-08 05:45:00,38.0,75.098
2015-08-08 06:00:00,63.0,141.895
2015-08-08 06:15:00,95.5,202.148
2015-08-08 06:30:00,129.5,266.895
2015-08-08 06:45:00,178.5,327.246
2015-08-08 07:00:00,222.0,388.965
2015-08-08 07:15:00,260.5,463.77
2015-08-08 07:30:00,292.5,529.59
2015-08-08 07:45:00,324.0,595.41
2015-08-08 08:00:00,352.0,658.691
2015-08-08 08:15:00,382.0,719.922
2015-08-08 08:30:00,406.0,780.078
2015-08-08 08:45:00,430.0,837.5
2015-08-08 09:00:00,450.5,893.164
2015-08-08 09:15:00,467.0,945.801
2015-08-08 09:30:00,481.5,991.309
2015-08-08 09:45:00,496.5,1039.063
2015-08-08 10:00:00,506.0,1076.367
2015-08-08 10:15:00,517.5,1110.84
2015-08-08 10:30:00,523.5,1140.43
2015-08-08 10:45:00,529.0,1160.254
2015-08-08 11:00:00,542.5,1181.934
2015-08-08 11:15:00,534.5,1188.477
2015-08-08 11:30:00,548.5,1199.219
2015-08-08 11:45:00,556.5,1211.426
2015-08-08 12:00:00,542.0,1207.324
2015-08-08 12:15:00,538.0,1200.781
2015-08-08 12:30:00,532.5,1190.82
2015-08-08 12:45:00,529.5,1177.051
2015-08-08 13:00:00,514.0,1155.176
2015-08-08 13:15:00,515.0,1127.246
2015-08-08 13:30:00,504.0,1099.805
2015-08-08 13:45:00,481.5,1064.063
2015-08-08 14:00:00,479.5,1031.055
2015-08-08 14:15:00,469.5,992.578
2015-08-08 14:30:00,448.0,948.438
2015-08-08 14:45:00,420.5,892.188
2015-08-08 15:00:00,405.5,839.746
2015-08-08 15:15:00,374.5,782.422
2015-08-08 15:30:00,348.0,724.316
2015-08-08 15:45:00,320.5,659.473
2015-08-08 16:00:00,289.5,597.07
2015-08-08 16:15:00,255.0,532.52
2015-08-08 16:30:00,219.0,466.504
2015-08-08 16:45:00,178.0,399.414
2015-08-08 17:00:00,142.0,334.766
2015-08-08 17:15:00,106.5,269.434
2015-08-08 17:30:00,71.5,208.398
2015-08-08 17:45:00,41.5,150.293
2015-08-08 18:00:00,20.5,82.422
2015-08-08 18:15:00,10.0,34.766
2015-08-08 18:30:00,4.0,14.16
2015-08-08 18:45:00,-1.0,5.469
2015-08-08 19:00:00,0.0,1.27
2015-08-08 19:15:00,-1.0,0.488
2015-08-08 19:30:00,0.0,0.488
2015-08-08 19:45:00,0.0,0.488
2015-08-08 20:00:00,0.0,0.488
2015-08-08 20:15:00,-1.0,0.488
2015-08-08 20:30:00,0.0,0.391
2015-08-08 20:45:00,-1.0,0.391
2015-08-08 21:00:00,0.0,0.391
2015-08-08 21:15:00,-1.0,0.391
2015-08-08 21:30:00,-1.0,0.391
2015-08-08 21:45:00,-1.0,0.391
2015-08-08 22:00:00,-1.0,0.293
2015-08-08 22:15:00,-1.0,0.293
2015-08-08 22:30:00,0.0,0.293
2015-08-08 22:45:00,0.0,0.391
2015-08-08 23:00:00,0.0,0.293
2015-08-08 23:15:00,0.0,0.293
2015-08-08 23:30:00,0.0,0.293
2015-08-08 23:45:00,0.0,0.293
2015-08-09 00:00:00,-1.0,0.195
2015-08-09 00:15:00,0.0,0.098
2015-08-09 00:30:00,-1.0,0.293
2015-08-09 00:45:00,0.0,0.195
2015-08-09 01:00:00,-1.0,0.293
2015-08-09 01:15:00,-1.0,0.195
2015-08-09 01:30:00,-1.0,0.195
2015-08-09 01:45:00,-1.0,0.293
2015-08-09 02:00:00,0.0,0.293
2015-08-09 02:15:00,-1.0,0.293
2015-08-09 02:30:00,-1.0,0.293
2015-08-09 02:45:00,-1.0,0.293
2015-08-09 03:00:00,-1.0,0.391
2015-08-09 03:15:00,-1.0,0.391
2015-08-09 03:30:00,-1.0,0.391
2015-08-09 03:45:00,-1.0,0.391
2015-08-09 04:00:00,-1.0,0.391
2015-08-09 04:15:00,-1.0,0.391
2015-08-09 04:30:00,-1.0,0.391
2015-08-09 04:45:00,-1.0,0.879
2015-08-09 05:00:00,-1.0,4.004
2015-08-09 05:15:00,10.0,10.84
2015-08-09 05:30:00,20.0,18.359
2015-08-09 05:45:00,39.0,71.289
2015-08-09 06:00:00,61.0,145.703
2015-08-09 06:15:00,103.5,160.449
2015-08-09 06:30:00,140.0,265.43
2015-08-09 06:45:00,179.5,330.273
2015-08-09 07:00:00,222.5,391.211
2015-08-09 07:15:00,270.5,408.105
2015-08-09 07:30:00,303.0,541.113
2015-08-09 07:45:00,355.5,543.555
2015-08-09 08:00:00,365.5,693.262
2015-08-09 08:15:00,380.5,725.195
2015-08-09 08:30:00,403.0,787.988
2015-08-09 08:45:00,423.5,844.629
2015-08-09 09:00:00,146.0,876.367
2015-08-09 09:15:00,500.5,516.113
2015-08-09 09:30:00,479.0,988.574
2015-08-09 09:45:00,491.0,1029.297
2015-08-09 10:00:00,497.5,1068.066
2015-08-09 10:15:00,504.0,1095.801
2015-08-09 10:30:00,511.0,1120.41
2015-08-09 10:45:00,538.0,1159.375
2015-08-09 11:00:00,513.5,1162.207
2015-08-09 11:15:00,515.5,1161.133
2015-08-09 11:30:00,493.0,1175.977
2015-08-09 11:45:00,503.5,1167.773
2015-08-09 12:00:00,513.0,1164.844
2015-08-09 12:15:00,501.5,1167.285
2015-08-09 12:30:00,502.5,1156.543
2015-08-09 12:45:00,487.0,1147.852
2015-08-09 13:00:00,486.0,1124.805
2015-08-09 13:15:00,472.5,1096.68
2015-08-09 13:30:00,472.5,1069.727
2015-08-09 13:45:00,457.0,1035.449
2015-08-09 14:00:00,459.0,997.07
2015-08-09 14:15:00,436.0,953.809
2015-08-09 14:30:00,413.0,905.859
2015-08-09 14:45:00,405.5,857.52
2015-08-09 15:00:00,380.5,806.152
2015-08-09 15:15:00,359.0,754.59
2015-08-09 15:30:00,327.0,690.918
2015-08-09 15:45:00,300.0,626.172
2015-08-09 16:00:00,276.0,570.996
2015-08-09 16:15:00,245.0,511.719
2015-08-09 16:30:00,216.5,463.574
2015-08-09 16:45:00,195.0,407.813
2015-08-09 17:00:00,162.0,379.98
2015-08-09 17:15:00,110.5,290.43
2015-08-09 17:30:00,74.0,215.137
2015-08-09 17:45:00,41.5,147.949
2015-08-09 18:00:00,13.5,59.863
2015-08-09 18:15:00,8.0,19.531
2015-08-09 18:30:00,4.5,12.598
2015-08-09 18:45:00,-1.0,4.883
2015-08-09 19:00:00,-1.0,1.172
2015-08-09 19:15:00,-1.0,0.488
2015-08-09 19:30:00,-1.0,0.293
2015-08-09 19:45:00,0.0,0.488
2015-08-09 20:00:00,0.0,0.488
2015-08-09 20:15:00,0.0,0.0
2015-08-09 20:30:00,0.0,0.0
2015-08-09 20:45:00,0.0,0.586
2015-08-09 21:00:00,0.0,0.586
2015-08-09 21:15:00,0.0,0.0
2015-08-09 21:30:00,-1.0,0.488
2015-08-09 21:45:00,0.0,0.488
2015-08-09 22:00:00,-1.0,0.488
2015-08-09 22:15:00,-1.0,0.488
2015-08-09 22:30:00,-1.0,0.0
2015-08-09 22:45:00,0.0,0.488
2015-08-09 23:00:00,0.0,0.488
2015-08-09 23:15:00,0.0,0.391
2015-08-09 23:30:00,0.0,0.391
2015-08-09 23:45:00,-1.0,0.391
2015-08-10 00:00:00,0.0,0.391
2015-08-10 00:15:00,-1.0,0.391
2015-08-10 00:30:00,0.0,0.0
2015-08-10 00:45:00,0.0,0.293
2015-08-10 01:00:00,-1.0,0.293
2015-08-10 01:15:00,0.0,0.391
2015-08-10 01:30:00,0.0,0.293
2015-08-10 01:45:00,-1.0,0.293
2015-08-10 02:00:00,-1.0,0.293
2015-08-10 02:15:00,-1.0,0.293
2015-08-10 02:30:00,-1.0,0.391
2015-08-10 02:45:00,-1.0,0.293
2015-08-10 03:00:00,-1.0,0.293
2015-08-10 03:15:00,0.0,0.195
2015-08-10 03:30:00,-1.0,0.293
2015-08-10 03:45:00,-1.0,0.293
2015-08-10 04:00:00,-1.0,0.293
2015-08-10 04:15:00,-1.0,0.293
2015-08-10 04:30:00,-1.0,0.293
2015-08-10 04:45:00,-1.0,0.781
2015-08-10 05:00:00,-1.0,3.809
2015-08-10 05:15:00,8.0,10.352
2015-08-10 05:30:00,16.5,17.09
2015-08-10 05:45:00,33.0,63.281
2015-08-10 06:00:00,55.0,137.598
2015-08-10 06:15:00,86.0,198.145
2015-08-10 06:30:00,116.5,262.109
2015-08-10 06:45:00,153.5,322.168
2015-08-10 07:00:00,211.5,384.18
2015-08-10 07:15:00,249.0,451.172
2015-08-10 07:30:00,282.5,516.895
2015-08-10 07:45:00,313.0,581.836
2015-08-10 08:00:00,344.0,646.973
2015-08-10 08:15:00,370.5,707.91
2015-08-10 08:30:00,394.0,767.188
2015-08-10 08:45:00,415.0,823.047
2015-08-10 09:00:00,434.0,877.637
2015-08-10 09:15:00,450.5,926.465
2015-08-10 09:30:00,467.5,970.41
2015-08-10 09:45:00,484.5,1012.012
2015-08-10 10:00:00,498.5,1047.852
2015-08-10 10:15:00,511.5,1080.273
2015-08-10 10:30:00,521.0,1107.324
2015-08-10 10:45:00,529.5,1128.809
2015-08-10 11:00:00,527.0,1142.188
2015-08-10 11:15:00,542.0,1155.566
2015-08-10 11:30:00,534.5,1163.77
2015-08-10 11:45:00,531.0,1172.07
2015-08-10 12:00:00,522.0,1170.703
2015-08-10 12:15:00,536.5,1167.188
2015-08-10 12:30:00,523.0,1158.789
2015-08-10 12:45:00,523.5,1150.195
2015-08-10 13:00:00,508.0,1129.98
2015-08-10 13:15:00,508.0,1102.637
2015-08-10 13:30:00,501.5,1078.125
2015-08-10 13:45:00,488.0,1047.656
2015-08-10 14:00:00,471.5,1003.223
2015-08-10 14:15:00,458.0,893.457
2015-08-10 14:30:00,439.0,917.48
2015-08-10 14:45:00,431.0,580.469
2015-08-10 15:00:00,396.5,818.848
2015-08-10 15:15:00,377.0,761.621
2015-08-10 15:30:00,343.5,706.641
2015-08-10 15:45:00,311.5,644.043
2015-08-10 16:00:00,280.0,578.125
2015-08-10 16:15:00,243.0,516.699
2015-08-10 16:30:00,211.0,451.27
2015-08-10 16:45:00,171.0,385.449
2015-08-10 17:00:00,130.0,321.973
2015-08-10 17:15:00,99.0,257.52
2015-08-10 17:30:00,62.5,196.777
2015-08-10 17:45:00,37.0,137.109
2015-08-10 18:00:00,17.5,71.973
2015-08-10 18:15:00,8.5,29.395
2015-08-10 18:30:00,3.0,11.816
2015-08-10 18:45:00,-1.0,4.785
2015-08-10 19:00:00,-1.0,1.172
2015-08-10 19:15:00,0.0,0.488
2015-08-10 19:30:00,0.0,0.586
2015-08-10 19:45:00,0.0,0.586
2015-08-10 20:00:00,0.0,0.586
2015-08-10 20:15:00,0.0,0.586
2015-08-10 20:30:00,0.0,0.488
2015-08-10 20:45:00,-1.0,0.488
2015-08-10 21:00:00,0.0,0.586
2015-08-10 21:15:00,0.0,0.0
2015-08-10 21:30:00,-1.0,0.586
2015-08-10 21:45:00,0.0,0.586
2015-08-10 22:00:00,-1.0,0.586
2015-08-10 22:15:00,-1.0,0.586
2015-08-10 22:30:00,0.0,0.586
2015-08-10 22:45:00,-1.0,0.586
2015-08-10 23:00:00,-1.0,0.586
2015-08-10 23:15:00,0.0,0.586
2015-08-10 23:30:00,0.0,0.586
2015-08-10 23:45:00,0.0,0.488
2015-08-11 00:00:00,-1.0,0.586
2015-08-11 00:15:00,0.0,0.0
2015-08-11 00:30:00,0.0,0.488
2015-08-11 00:45:00,-1.0,0.488
2015-08-11 01:00:00,0.0,0.0
2015-08-11 01:15:00,-1.0,0.391
2015-08-11 01:30:00,0.0,0.391
2015-08-11 01:45:00,-1.0,0.488
2015-08-11 02:00:00,-1.0,0.391
2015-08-11 02:15:00,-1.0,0.391
2015-08-11 02:30:00,-1.0,0.391
2015-08-11 02:45:00,-1.0,0.391
2015-08-11 03:00:00,-1.0,0.488
2015-08-11 03:15:00,-1.0,0.293
2015-08-11 03:30:00,-1.0,0.0
2015-08-11 03:45:00,-1.0,0.391
2015-08-11 04:00:00,-1.0,0.391
2015-08-11 04:15:00,-1.0,0.391
2015-08-11 04:30:00,-1.0,0.293
2015-08-11 04:45:00,-1.0,0.488
2015-08-11 05:00:00,2.5,2.246
2015-08-11 05:15:00,6.0,6.738
2015-08-11 05:30:00,11.0,13.086
2015-08-11 05:45:00,18.0,22.559
2015-08-11 06:00:00,24.5,40.918
2015-08-11 06:15:00,99.0,96.973
2015-08-11 06:30:00,143.5,178.125
2015-08-11 06:45:00,127.5,285.059
2015-08-11 07:00:00,85.5,152.637
2015-08-11 07:15:00,116.5,227.441
2015-08-11 07:30:00,122.5,185.449
2015-08-11 07:45:00,199.5,274.512
2015-08-11 08:00:00,217.0,351.172
2015-08-11 08:15:00,284.0,379.492
2015-08-11 08:30:00,457.5,827.539
2015-08-11 08:45:00,409.5,853.711
2015-08-11 09:00:00,427.0,838.574
2015-08-11 09:15:00,450.0,908.887
2015-08-11 09:30:00,423.5,950.195
2015-08-11 09:45:00,449.5,986.133
2015-08-11 10:00:00,503.5,1015.82
2015-08-11 10:15:00,517.0,985.645
2015-08-11 10:30:00,543.0,1131.738
2015-08-11 10:45:00,441.0,1123.34
2015-08-11 11:00:00,581.5,1170.703
2015-08-11 11:15:00,572.0,1139.551
2015-08-11 11:30:00,560.5,1231.055
2015-08-11 11:45:00,562.5,1250.391
2015-08-11 12:00:00,577.0,1317.773
2015-08-11 12:15:00,577.5,1219.727
2015-08-11 12:30:00,452.5,1156.152
2015-08-11 12:45:00,206.5,1110.547
2015-08-11 13:00:00,560.0,1207.812
2015-08-11 13:15:00,558.0,1247.559
2015-08-11 13:30:00,544.0,1170.996
2015-08-11 13:45:00,502.5,1014.746
2015-08-11 14:00:00,515.5,867.578
2015-08-11 14:15:00,512.0,790.82
2015-08-11 14:30:00,465.5,851.758
2015-08-11 14:45:00,369.0,845.117
2015-08-11 15:00:00,511.5,797.168
2015-08-11 15:15:00,203.5,666.895
2015-08-11 15:30:00,131.5,393.066
2015-08-11 15:45:00,72.5,191.504
2015-08-11 16:00:00,70.0,113.867
2015-08-11 16:15:00,74.5,120.41
2015-08-11 16:30:00,249.5,247.559
2015-08-11 16:45:00,104.5,270.02
2015-08-11 17:00:00,49.5,108.691
2015-08-11 17:15:00,110.5,126.66
2015-08-11 17:30:00,58.5,132.617
2015-08-11 17:45:00,33.5,118.457
2015-08-11 18:00:00,20.0,50.0
2015-08-11 18:15:00,14.0,32.422
2015-08-11 18:30:00,3.0,16.406
2015-08-11 18:45:00,-1.0,0.0
2015-08-11 19:00:00,-1.0,1.074
2015-08-11 19:15:00,-1.0,0.586
2015-08-11 19:30:00,0.0,0.488
2015-08-11 19:45:00,0.0,0.391
2015-08-11 20:00:00,0.0,0.488
2015-08-11 20:15:00,-1.0,0.488
2015-08-11 20:30:00,0.0,0.488
2015-08-11 20:45:00,0.0,0.586
2015-08-11 21:00:00,-1.0,0.586
2015-08-11 21:15:00,-1.0,0.488
2015-08-11 21:30:00,0.0,0.488
2015-08-11 21:45:00,-1.0,0.0
2015-08-11 22:00:00,0.0,0.586
2015-08-11 22:15:00,-1.0,0.488
2015-08-11 22:30:00,-1.0,0.488
2015-08-11 22:45:00,-1.0,0.488
2015-08-11 23:00:00,-1.0,0.488
2015-08-11 23:15:00,-1.0,0.586
2015-08-11 23:30:00,-1.0,0.488
2015-08-11 23:45:00,-1.0,0.488
2015-08-12 00:00:00,-1.0,0.391
2015-08-12 00:15:00,0.0,0.0
2015-08-12 00:30:00,0.0,0.488
2015-08-12 00:45:00,-1.0,0.488
2015-08-12 01:00:00,0.0,0.391
2015-08-12 01:15:00,-1.0,0.488
2015-08-12 01:30:00,-1.0,0.488
2015-08-12 01:45:00,-1.0,0.488
2015-08-12 02:00:00,0.0,0.488
2015-08-12 02:15:00,-1.0,0.293
2015-08-12 02:30:00,-1.0,0.391
2015-08-12 02:45:00,-1.0,0.391
2015-08-12 03:00:00,-1.0,0.391
2015-08-12 03:15:00,0.0,0.488
2015-08-12 03:30:00,-1.0,0.391
2015-08-12 03:45:00,0.0,0.293
2015-08-12 04:00:00,-1.0,0.391
2015-08-12 04:15:00,-1.0,0.293
2015-08-12 04:30:00,-1.0,0.293
2015-08-12 04:45:00,-1.0,0.586
2015-08-12 05:00:00,2.5,1.953
2015-08-12 05:15:00,12.0,13.184
2015-08-12 05:30:00,22.5,31.445
2015-08-12 05:45:00,36.0,54.492
2015-08-12 06:00:00,51.5,89.941
2015-08-12 06:15:00,60.0,92.578
2015-08-12 06:30:00,60.0,110.547
2015-08-12 06:45:00,94.5,139.258
2015-08-12 07:00:00,224.0,258.398
2015-08-12 07:15:00,263.0,419.238
2015-08-12 07:30:00,290.5,509.863
2015-08-12 07:45:00,364.5,614.063
2015-08-12 08:00:00,356.0,661.719
2015-08-12 08:15:00,430.0,740.234
2015-08-12 08:30:00,394.5,715.43
2015-08-12 08:45:00,443.5,780.469
2015-08-12 09:00:00,442.0,876.367
2015-08-12 09:15:00,488.5,940.43
2015-08-12 09:30:00,363.5,933.496
2015-08-12 09:45:00,330.5,886.621
2015-08-12 10:00:00,507.5,928.516
2015-08-12 10:15:00,528.5,1056.738
2015-08-12 10:30:00,519.5,1087.695
2015-08-12 10:45:00,526.5,1070.41
2015-08-12 11:00:00,548.5,1131.641
2015-08-12 11:15:00,477.5,1128.516
2015-08-12 11:30:00,534.5,1094.434
2015-08-12 11:45:00,529.0,1130.957
2015-08-12 12:00:00,527.0,1142.48
2015-08-12 12:15:00,508.5,1132.617
2015-08-12 12:30:00,504.0,1121.387
2015-08-12 12:45:00,521.5,851.074
2015-08-12 13:00:00,505.5,1112.695
2015-08-12 13:15:00,501.5,1119.531
2015-08-12 13:30:00,490.5,974.121
2015-08-12 13:45:00,466.0,1017.969
2015-08-12 14:00:00,454.0,980.664
2015-08-12 14:15:00,438.5,939.16
2015-08-12 14:30:00,415.0,891.602
2015-08-12 14:45:00,395.5,837.695
2015-08-12 15:00:00,369.0,784.375
2015-08-12 15:15:00,343.5,724.805
2015-08-12 15:30:00,317.0,669.727
2015-08-12 15:45:00,296.0,611.914
2015-08-12 16:00:00,254.0,557.129
2015-08-12 16:15:00,220.0,485.156
2015-08-12 16:30:00,120.0,419.434
2015-08-12 16:45:00,66.0,109.375
2015-08-12 17:00:00,32.0,108.398
2015-08-12 17:15:00,82.0,90.625
2015-08-12 17:30:00,58.0,171.387
2015-08-12 17:45:00,34.0,118.848
2015-08-12 18:00:00,14.5,59.766
2015-08-12 18:15:00,6.5,25.781
2015-08-12 18:30:00,3.0,9.863
2015-08-12 18:45:00,-1.0,3.711
2015-08-12 19:00:00,-1.0,0.879
2015-08-12 19:15:00,0.0,0.488
2015-08-12 19:30:00,0.0,0.586
2015-08-12 19:45:00,0.0,0.391
2015-08-12 20:00:00,-1.0,0.488
2015-08-12 20:15:00,0.0,0.0
2015-08-12 20:30:00,0.0,0.488
2015-08-12 20:45:00,-1.0,0.586
2015-08-12 21:00:00,0.0,0.586
2015-08-12 21:15:00,-1.0,0.586
2015-08-12 21:30:00,-1.0,0.0
2015-08-12 21:45:00,0.0,0.0
2015-08-12 22:00:00,0.0,0.586
2015-08-12 22:15:00,0.0,0.488
2015-08-12 22:30:00,0.0,0.684
2015-08-12 22:45:00,-1.0,0.586
2015-08-12 23:00:00,0.0,0.488
2015-08-12 23:15:00,0.0,0.586
2015-08-12 23:30:00,0.0,0.0
2015-08-12 23:45:00,0.0,0.684
2015-08-13 00:00:00,0.0,0.586
2015-08-13 00:15:00,0.0,0.586
2015-08-13 00:30:00,-1.0,0.586
2015-08-13 00:45:00,-1.0,0.488
2015-08-13 01:00:00,-1.0,0.488
2015-08-13 01:15:00,0.0,0.488
2015-08-13 01:30:00,0.0,0.488
2015-08-13 01:45:00,-1.0,0.391
2015-08-13 02:00:00,-1.0,0.391
2015-08-13 02:15:00,-1.0,0.293
2015-08-13 02:30:00,-1.0,0.391
2015-08-13 02:45:00,-1.0,0.293
2015-08-13 03:00:00,0.0,0.391
2015-08-13 03:15:00,0.0,0.293
2015-08-13 03:30:00,0.0,0.391
2015-08-13 03:45:00,-1.0,0.391
2015-08-13 04:00:00,-1.0,0.293
2015-08-13 04:15:00,-1.0,0.391
2015-08-13 04:30:00,-1.0,0.391
2015-08-13 04:45:00,-1.0,0.586
2015-08-13 05:00:00,3.0,3.027
2015-08-13 05:15:00,8.0,10.156
2015-08-13 05:30:00,17.5,18.359
2015-08-13 05:45:00,33.5,55.078
2015-08-13 06:00:00,56.0,121.973
2015-08-13 06:15:00,91.0,176.758
2015-08-13 06:30:00,120.0,236.621
2015-08-13 06:45:00,156.5,293.75
2015-08-13 07:00:00,198.0,355.957
2015-08-13 07:15:00,230.5,415.82
2015-08-13 07:30:00,267.0,488.184
2015-08-13 07:45:00,294.5,549.219
2015-08-13 08:00:00,332.0,613.77
2015-08-13 08:15:00,355.5,679.102
2015-08-13 08:30:00,380.0,735.547
2015-08-13 08:45:00,407.0,786.426
2015-08-13 09:00:00,427.5,837.305
2015-08-13 09:15:00,440.5,884.375
2015-08-13 09:30:00,452.0,931.25
2015-08-13 09:45:00,449.5,964.16
2015-08-13 10:00:00,420.5,1004.492
2015-08-13 10:15:00,502.5,1005.957
2015-08-13 10:30:00,495.0,1070.801
2015-08-13 10:45:00,491.0,1090.723
2015-08-13 11:00:00,490.0,1117.09
2015-08-13 11:15:00,521.0,1071.191
2015-08-13 11:30:00,535.0,1064.258
2015-08-13 11:45:00,511.5,1178.223
2015-08-13 12:00:00,503.5,1135.059
2015-08-13 12:15:00,506.5,1109.766
2015-08-13 12:30:00,530.5,1194.531
2015-08-13 12:45:00,257.5,1244.824
2015-08-13 13:00:00,205.5,559.473
2015-08-13 13:15:00,121.5,296.484
2015-08-13 13:30:00,99.5,207.52
2015-08-13 13:45:00,83.5,176.855
2015-08-13 14:00:00,46.5,120.02
2015-08-13 14:15:00,18.0,61.523
2015-08-13 14:30:00,12.5,26.758
2015-08-13 14:45:00,5.0,16.797
2015-08-13 15:00:00,6.0,11.328
2015-08-13 15:15:00,7.0,11.328
2015-08-13 15:30:00,11.0,14.941
2015-08-13 15:45:00,42.5,59.57
2015-08-13 16:00:00,74.5,113.965
2015-08-13 16:15:00,155.0,287.598
2015-08-13 16:30:00,228.0,296.289
2015-08-13 16:45:00,113.0,273.633
2015-08-13 17:00:00,44.5,111.328
2015-08-13 17:15:00,39.5,71.387
2015-08-13 17:30:00,37.5,70.117
2015-08-13 17:45:00,50.5,81.25
2015-08-13 18:00:00,47.5,114.063
2015-08-13 18:15:00,38.0,98.145
2015-08-13 18:30:00,2.5,24.707
2015-08-13 18:45:00,-1.0,2.246
2015-08-13 19:00:00,-1.0,0.586
2015-08-13 19:15:00,-1.0,0.391
2015-08-13 19:30:00,-1.0,0.0
2015-08-13 19:45:00,0.0,0.0
2015-08-13 20:00:00,-1.0,0.391
2015-08-13 20:15:00,0.0,0.488
2015-08-13 20:30:00,0.0,0.293
2015-08-13 20:45:00,0.0,0.293
2015-08-13 21:00:00,0.0,0.293
2015-08-13 21:15:00,0.0,0.391
2015-08-13 21:30:00,-1.0,0.391
2015-08-13 21:45:00,-1.0,0.391
2015-08-13 22:00:00,0.0,0.391
2015-08-13 22:15:00,0.0,0.391
2015-08-13 22:30:00,0.0,0.391
2015-08-13 22:45:00,0.0,0.293
2015-08-13 23:00:00,0.0,0.391
2015-08-13 23:15:00,0.0,0.293
2015-08-13 23:30:00,-1.0,0.0
2015-08-13 23:45:00,-1.0,0.391
2015-08-14 00:00:00,-1.0,0.0
2015-08-14 00:15:00,-1.0,0.391
2015-08-14 00:30:00,-1.0,0.391
2015-08-14 00:45:00,-1.0,0.391
2015-08-14 01:00:00,-1.0,0.391
2015-08-14 01:15:00,0.0,0.391
2015-08-14 01:30:00,-1.0,0.293
2015-08-14 01:45:00,-1.0,0.391
2015-08-14 02:00:00,-1.0,0.391
2015-08-14 02:15:00,0.0,0.293
2015-08-14 02:30:00,-1.0,0.0
2015-08-14 02:45:00,-1.0,0.293
2015-08-14 03:00:00,-1.0,0.293
2015-08-14 03:15:00,-1.0,0.195
2015-08-14 03:30:00,-1.0,0.0
2015-08-14 03:45:00,-1.0,0.293
2015-08-14 04:00:00,-1.0,0.293
2015-08-14 04:15:00,0.0,0.293
2015-08-14 04:30:00,-1.0,0.0
2015-08-14 04:45:00,-1.0,0.586
2015-08-14 05:00:00,3.0,3.711
2015-08-14 05:15:00,10.0,11.914
2015-08-14 05:30:00,20.0,21.387
2015-08-14 05:45:00,37.0,53.711
2015-08-14 06:00:00,61.0,120.898
2015-08-14 06:15:00,97.0,183.887
2015-08-14 06:30:00,132.5,244.727
2015-08-14 06:45:00,164.0,304.395
2015-08-14 07:00:00,205.5,364.551
2015-08-14 07:15:00,240.5,429.688
2015-08-14 07:30:00,270.5,495.703
2015-08-14 07:45:00,305.5,557.52
2015-08-14 08:00:00,330.5,616.895
2015-08-14 08:15:00,358.0,678.125
2015-08-14 08:30:00,382.5,736.621
2015-08-14 08:45:00,404.0,794.141
2015-08-14 09:00:00,423.5,848.242
2015-08-14 09:15:00,444.5,897.656
2015-08-14 09:30:00,458.0,945.801
2015-08-14 09:45:00,473.5,988.77
2015-08-14 10:00:00,479.5,1023.633
2015-08-14 10:15:00,486.0,1054.688
2015-08-14 10:30:00,491.0,1079.199
2015-08-14 10:45:00,495.0,1099.023
2015-08-14 11:00:00,496.0,1112.207
2015-08-14 11:15:00,486.5,1126.172
2015-08-14 11:30:00,496.5,1133.691
2015-08-14 11:45:00,491.0,1128.613
2015-08-14 12:00:00,500.0,1139.941
2015-08-14 12:15:00,260.5,996.582
2015-08-14 12:30:00,550.5,1011.426
2015-08-14 12:45:00,405.5,1245.41
2015-08-14 13:00:00,539.0,1212.793
2015-08-14 13:15:00,443.5,1211.719
2015-08-14 13:30:00,90.0,403.418
2015-08-14 13:45:00,35.0,106.934
2015-08-14 14:00:00,29.0,49.902
2015-08-14 14:15:00,47.5,68.75
2015-08-14 14:30:00,66.0,89.355
2015-08-14 14:45:00,213.0,366.406
2015-08-14 15:00:00,66.5,205.176
2015-08-14 15:15:00,76.0,139.941
2015-08-14 15:30:00,62.0,126.27
2015-08-14 15:45:00,51.0,102.051
2015-08-14 16:00:00,352.0,218.457
2015-08-14 16:15:00,330.5,666.699
2015-08-14 16:30:00,146.0,392.48
2015-08-14 16:45:00,121.5,240.527
2015-08-14 17:00:00,99.0,308.301
2015-08-14 17:15:00,140.0,272.949
2015-08-14 17:30:00,93.5,249.512
2015-08-14 17:45:00,67.5,190.137
2015-08-14 18:00:00,35.0,107.422
2015-08-14 18:15:00,22.0,56.055
2015-08-14 18:30:00,12.0,39.551
2015-08-14 18:45:00,0.5,12.402
2015-08-14 19:00:00,-1.0,0.781
2015-08-14 19:15:00,-1.0,0.586
2015-08-14 19:30:00,0.0,0.488
2015-08-14 19:45:00,-1.0,0.586
2015-08-14 20:00:00,0.0,0.586
2015-08-14 20:15:00,0.0,0.586
2015-08-14 20:30:00,0.0,0.586
2015-08-14 20:45:00,0.0,0.684
2015-08-14 21:00:00,0.0,0.586
2015-08-14 21:15:00,0.0,0.488
2015-08-14 21:30:00,-1.0,0.488
2015-08-14 21:45:00,0.0,0.488
2015-08-14 22:00:00,-1.0,0.391
2015-08-14 22:15:00,0.0,0.0
2015-08-14 22:30:00,0.0,0.488
2015-08-14 22:45:00,-1.0,0.488
2015-08-14 23:00:00,-1.0,0.488
2015-08-14 23:15:00,-1.0,0.391
2015-08-14 23:30:00,-1.0,0.0
2015-08-14 23:45:00,-1.0,0.391
2015-08-15 00:00:00,0.0,0.488
2015-08-15 00:15:00,0.0,0.391
2015-08-15 00:30:00,-1.0,0.391
2015-08-15 00:45:00,-1.0,0.391
2015-08-15 01:00:00,-1.0,0.391
2015-08-15 01:15:00,0.0,0.391
2015-08-15 01:30:00,0.0,0.391
2015-08-15 01:45:00,-1.0,0.391
2015-08-15 02:00:00,-1.0,0.0
2015-08-15 02:15:00,-1.0,0.391
2015-08-15 02:30:00,-1.0,0.391
2015-08-15 02:45:00,-1.0,0.391
2015-08-15 03:00:00,-1.0,0.0
2015-08-15 03:15:00,-1.0,0.293
2015-08-15 03:30:00,-1.0,0.391
2015-08-15 03:45:00,-1.0,0.293
2015-08-15 04:00:00,-1.0,0.391
2015-08-15 04:15:00,-1.0,0.293
2015-08-15 04:30:00,-1.0,0.293
2015-08-15 04:45:00,-1.0,0.488
2015-08-15 05:00:00,2.5,2.539
2015-08-15 05:15:00,8.0,9.57
2015-08-15 05:30:00,17.5,18.555
2015-08-15 05:45:00,31.5,48.926
2015-08-15 06:00:00,56.0,116.309
2015-08-15 06:15:00,89.5,165.234
2015-08-15 06:30:00,123.5,233.301
2015-08-15 06:45:00,161.0,293.652
2015-08-15 07:00:00,200.0,357.52
2015-08-15 07:15:00,238.5,423.34
2015-08-15 07:30:00,272.0,495.996
2015-08-15 07:45:00,303.0,558.594
2015-08-15 08:00:00,332.5,622.266
2015-08-15 08:15:00,358.0,683.887
2015-08-15 08:30:00,382.5,742.48
2015-08-15 08:45:00,400.5,798.73
2015-08-15 09:00:00,421.5,850.195
2015-08-15 09:15:00,440.0,900.684
2015-08-15 09:30:00,454.0,943.457
2015-08-15 09:45:00,468.0,984.18
2015-08-15 10:00:00,478.5,1020.313
2015-08-15 10:15:00,484.5,1052.441
2015-08-15 10:30:00,494.0,1082.324
2015-08-15 10:45:00,498.0,1106.348
2015-08-15 11:00:00,500.5,1123.242
2015-08-15 11:15:00,498.5,1136.23
2015-08-15 11:30:00,504.0,1143.652
2015-08-15 11:45:00,501.5,1146.582
2015-08-15 12:00:00,502.0,1145.605
2015-08-15 12:15:00,505.5,1142.188
2015-08-15 12:30:00,496.5,1129.98
2015-08-15 12:45:00,486.5,1115.43
2015-08-15 13:00:00,477.0,1099.414
2015-08-15 13:15:00,463.0,1076.855
2015-08-15 13:30:00,457.5,1044.824
2015-08-15 13:45:00,442.0,1011.23
2015-08-15 14:00:00,443.5,977.051
2015-08-15 14:15:00,437.0,938.672
2015-08-15 14:30:00,417.5,891.406
2015-08-15 14:45:00,395.5,841.602
2015-08-15 15:00:00,370.5,788.184
2015-08-15 15:15:00,342.5,733.789
2015-08-15 15:30:00,315.5,672.852
2015-08-15 15:45:00,286.0,613.77
2015-08-15 16:00:00,257.0,549.707
2015-08-15 16:15:00,223.0,488.867
2015-08-15 16:30:00,188.0,423.535
2015-08-15 16:45:00,151.5,358.789
2015-08-15 17:00:00,114.5,297.168
2015-08-15 17:15:00,82.0,236.133
2015-08-15 17:30:00,51.5,179.102
2015-08-15 17:45:00,29.5,117.773
2015-08-15 18:00:00,12.5,54.492
2015-08-15 18:15:00,5.0,19.043
2015-08-15 18:30:00,-1.0,6.055
2015-08-15 18:45:00,0.0,2.051
2015-08-15 19:00:00,-1.0,0.781
2015-08-15 19:15:00,-1.0,0.684
2015-08-15 19:30:00,0.0,0.0
2015-08-15 19:45:00,-1.0,0.586
2015-08-15 20:00:00,0.0,0.488
2015-08-15 20:15:00,0.0,0.488
2015-08-15 20:30:00,-1.0,0.391
2015-08-15 20:45:00,0.0,0.488
2015-08-15 21:00:00,0.0,0.488
2015-08-15 21:15:00,0.0,0.488
2015-08-15 21:30:00,0.0,0.586
2015-08-15 21:45:00,0.0,0.488
2015-08-15 22:00:00,0.0,0.0
2015-08-15 22:15:00,-1.0,0.488
2015-08-15 22:30:00,0.0,0.586
2015-08-15 22:45:00,0.0,0.586
2015-08-15 23:00:00,-1.0,0.488
2015-08-15 23:15:00,-1.0,0.586
2015-08-15 23:30:00,0.0,0.488
2015-08-15 23:45:00,-1.0,0.586
2015-08-16 00:00:00,0.0,0.586
2015-08-16 00:15:00,0.0,0.586
2015-08-16 00:30:00,0.0,0.0
2015-08-16 00:45:00,-1.0,0.488
2015-08-16 01:00:00,0.0,0.391
2015-08-16 01:15:00,-1.0,0.488
2015-08-16 01:30:00,-1.0,0.488
2015-08-16 01:45:00,0.0,0.0
2015-08-16 02:00:00,0.0,0.488
2015-08-16 02:15:00,-1.0,0.391
2015-08-16 02:30:00,0.0,0.391
2015-08-16 02:45:00,-1.0,0.0
2015-08-16 03:00:00,-1.0,0.391
2015-08-16 03:15:00,-1.0,0.391
2015-08-16 03:30:00,0.0,0.391
2015-08-16 03:45:00,-1.0,0.391
2015-08-16 04:00:00,-1.0,0.391
2015-08-16 04:15:00,-1.0,0.391
2015-08-16 04:30:00,-1.0,0.293
2015-08-16 04:45:00,-1.0,0.586
2015-08-16 05:00:00,2.5,2.539
2015-08-16 05:15:00,7.0,8.887
2015-08-16 05:30:00,15.5,16.602
2015-08-16 05:45:00,29.5,47.168
2015-08-16 06:00:00,51.0,122.949
2015-08-16 06:15:00,78.0,181.055
2015-08-16 06:30:00,110.5,241.309
2015-08-16 06:45:00,146.0,304.102
2015-08-16 07:00:00,183.5,368.555
2015-08-16 07:15:00,222.5,433.789
2015-08-16 07:30:00,274.0,506.055
2015-08-16 07:45:00,306.0,570.117
2015-08-16 08:00:00,333.0,635.938
2015-08-16 08:15:00,357.5,697.949
2015-08-16 08:30:00,378.5,758.105
2015-08-16 08:45:00,400.5,814.16
2015-08-16 09:00:00,421.5,869.824
2015-08-16 09:15:00,434.5,920.117
2015-08-16 09:30:00,447.5,964.648
2015-08-16 09:45:00,454.0,1005.957
2015-08-16 10:00:00,465.5,1044.531
2015-08-16 10:15:00,471.0,1077.051
2015-08-16 10:30:00,474.5,1103.613
2015-08-16 10:45:00,478.5,1126.855
2015-08-16 11:00:00,490.5,1142.969
2015-08-16 11:15:00,479.0,1155.078
2015-08-16 11:30:00,490.5,1163.184
2015-08-16 11:45:00,479.5,1166.113
2015-08-16 12:00:00,485.0,1168.652
2015-08-16 12:15:00,478.5,1165.527
2015-08-16 12:30:00,478.5,1153.125
2015-08-16 12:45:00,503.5,1144.922
2015-08-16 13:00:00,504.5,1125.977
2015-08-16 13:15:00,500.0,1105.566
2015-08-16 13:30:00,500.5,1039.941
2015-08-16 13:45:00,479.5,1051.66
2015-08-16 14:00:00,466.0,1011.426
2015-08-16 14:15:00,359.5,961.23
2015-08-16 14:30:00,414.0,872.363
2015-08-16 14:45:00,397.5,889.941
2015-08-16 15:00:00,381.0,717.871
2015-08-16 15:15:00,309.5,765.039
2015-08-16 15:30:00,321.0,699.707
2015-08-16 15:45:00,307.0,644.434
2015-08-16 16:00:00,266.5,568.066
2015-08-16 16:15:00,242.0,482.227
2015-08-16 16:30:00,182.5,416.016
2015-08-16 16:45:00,153.5,312.5
2015-08-16 17:00:00,113.0,342.285
2015-08-16 17:15:00,61.0,246.387
2015-08-16 17:30:00,33.5,130.273
2015-08-16 17:45:00,35.0,91.895
2015-08-16 18:00:00,18.5,72.266
2015-08-16 18:15:00,10.0,30.176
2015-08-16 18:30:00,2.5,13.379
2015-08-16 18:45:00,-1.0,3.027
2015-08-16 19:00:00,-1.0,0.879
2015-08-16 19:15:00,0.0,0.586
2015-08-16 19:30:00,-1.0,0.684
2015-08-16 19:45:00,0.0,0.0
2015-08-16 20:00:00,0.0,0.586
2015-08-16 20:15:00,0.0,0.488
2015-08-16 20:30:00,0.0,0.488
2015-08-16 20:45:00,-1.0,0.391
2015-08-16 21:00:00,0.0,0.488
2015-08-16 21:15:00,0.0,0.391
2015-08-16 21:30:00,0.0,0.391
2015-08-16 21:45:00,0.0,0.488
2015-08-16 22:00:00,-1.0,0.391
2015-08-16 22:15:00,0.0,0.391
2015-08-16 22:30:00,0.0,0.488
2015-08-16 22:45:00,-1.0,0.488
2015-08-16 23:00:00,0.0,0.391
2015-08-16 23:15:00,0.0,0.586
2015-08-16 23:30:00,-1.0,0.488
2015-08-16 23:45:00,-1.0,0.586
2015-08-17 00:00:00,0.0,0.586
2015-08-17 00:15:00,0.0,0.586
2015-08-17 00:30:00,0.0,0.586
2015-08-17 00:45:00,0.0,0.586
2015-08-17 01:00:00,0.0,0.488
2015-08-17 01:15:00,0.0,0.0
2015-08-17 01:30:00,-1.0,0.488
2015-08-17 01:45:00,0.0,0.391
2015-08-17 02:00:00,-1.0,0.488
2015-08-17 02:15:00,-1.0,0.391
2015-08-17 02:30:00,-1.0,0.391
2015-08-17 02:45:00,0.0,0.0
2015-08-17 03:00:00,-1.0,0.0
2015-08-17 03:15:00,-1.0,0.391
2015-08-17 03:30:00,0.0,0.391
2015-08-17 03:45:00,-1.0,0.391
2015-08-17 04:00:00,0.0,0.391
2015-08-17 04:15:00,-1.0,0.391
2015-08-17 04:30:00,-1.0,0.0
2015-08-17 04:45:00,-1.0,0.488
2015-08-17 05:00:00,2.0,1.953
2015-08-17 05:15:00,-1.0,5.566
2015-08-17 05:30:00,14.5,13.281
2015-08-17 05:45:00,32.0,45.215
2015-08-17 06:00:00,49.5,124.512
2015-08-17 06:15:00,77.5,182.715
2015-08-17 06:30:00,111.0,245.703
2015-08-17 06:45:00,146.0,310.352
2015-08-17 07:00:00,182.5,375.684
2015-08-17 07:15:00,222.0,441.992
2015-08-17 07:30:00,257.5,514.746
2015-08-17 07:45:00,305.5,578.32
2015-08-17 08:00:00,334.5,643.164
2015-08-17 08:15:00,361.5,704.98
2015-08-17 08:30:00,384.0,768.066
2015-08-17 08:45:00,405.5,825.977
2015-08-17 09:00:00,423.0,880.273
2015-08-17 09:15:00,438.5,930.176
2015-08-17 09:30:00,450.0,975.0
2015-08-17 09:45:00,460.0,1016.406
2015-08-17 10:00:00,466.0,1055.566
2015-08-17 10:15:00,472.5,1087.598
2015-08-17 10:30:00,480.5,1117.383
2015-08-17 10:45:00,490.0,1139.258
2015-08-17 11:00:00,496.0,1154.59
2015-08-17 11:15:00,492.5,1168.848
2015-08-17 11:30:00,490.5,1173.828
2015-08-17 11:45:00,481.0,1180.664
2015-08-17 12:00:00,492.0,1180.273
2015-08-17 12:15:00,494.5,1174.316
2015-08-17 12:30:00,480.5,1164.941
2015-08-17 12:45:00,492.0,1150.977
2015-08-17 13:00:00,473.0,1130.469
2015-08-17 13:15:00,463.5,1105.859
2015-08-17 13:30:00,465.0,1075.977
2015-08-17 13:45:00,461.0,1039.355
2015-08-17 14:00:00,436.0,999.609
2015-08-17 14:15:00,427.5,953.809
2015-08-17 14:30:00,410.0,900.195
2015-08-17 14:45:00,392.0,850.684
2015-08-17 15:00:00,373.0,797.656
2015-08-17 15:15:00,344.0,739.355
2015-08-17 15:30:00,315.0,676.27
2015-08-17 15:45:00,286.5,613.574
2015-08-17 16:00:00,113.0,462.598
2015-08-17 16:15:00,203.5,417.773
2015-08-17 16:30:00,98.5,319.336
2015-08-17 16:45:00,36.0,145.996
2015-08-17 17:00:00,33.0,59.473
2015-08-17 17:15:00,88.0,107.813
2015-08-17 17:30:00,54.5,184.277
2015-08-17 17:45:00,28.0,110.645
2015-08-17 18:00:00,10.5,44.922
2015-08-17 18:15:00,4.5,15.137
2015-08-17 18:30:00,-1.0,6.152
2015-08-17 18:45:00,0.0,2.051
2015-08-17 19:00:00,-1.0,0.879
2015-08-17 19:15:00,-1.0,0.684
2015-08-17 19:30:00,0.0,0.684
2015-08-17 19:45:00,0.0,0.684
2015-08-17 20:00:00,-1.0,0.488
2015-08-17 20:15:00,0.0,0.488
2015-08-17 20:30:00,0.0,0.0
2015-08-17 20:45:00,0.0,0.488
2015-08-17 21:00:00,0.0,0.391
2015-08-17 21:15:00,-1.0,0.391
2015-08-17 21:30:00,0.0,0.488
2015-08-17 21:45:00,0.0,0.488
2015-08-17 22:00:00,0.0,0.488
2015-08-17 22:15:00,-1.0,0.586
2015-08-17 22:30:00,-1.0,0.586
2015-08-17 22:45:00,-1.0,0.488
2015-08-17 23:00:00,-1.0,0.488
2015-08-17 23:15:00,0.0,0.586
2015-08-17 23:30:00,0.0,0.586
2015-08-17 23:45:00,-1.0,0.0
2015-08-18 00:00:00,-1.0,0.586
2015-08-18 00:15:00,-1.0,0.586
2015-08-18 00:30:00,0.0,0.586
2015-08-18 00:45:00,-1.0,0.488
2015-08-18 01:00:00,-1.0,0.586
2015-08-18 01:15:00,-1.0,0.488
2015-08-18 01:30:00,-1.0,0.391
2015-08-18 01:45:00,-1.0,0.488
2015-08-18 02:00:00,-1.0,0.488
2015-08-18 02:15:00,-1.0,0.488
2015-08-18 02:30:00,-1.0,0.488
2015-08-18 02:45:00,0.0,0.391
2015-08-18 03:00:00,-1.0,0.391
2015-08-18 03:15:00,-1.0,0.391
2015-08-18 03:30:00,-1.0,0.391
2015-08-18 03:45:00,-1.0,0.0
2015-08-18 04:00:00,-1.0,0.0
2015-08-18 04:15:00,-1.0,0.391
2015-08-18 04:30:00,-1.0,0.391
2015-08-18 04:45:00,-1.0,0.488
2015-08-18 05:00:00,1.0,1.855
2015-08-18 05:15:00,-1.0,8.203
2015-08-18 05:30:00,14.5,17.676
2015-08-18 05:45:00,31.5,41.602
2015-08-18 06:00:00,52.5,116.113
2015-08-18 06:15:00,78.0,179.297
2015-08-18 06:30:00,114.5,242.578
2015-08-18 06:45:00,168.5,307.422
2015-08-18 07:00:00,207.0,373.926
2015-08-18 07:15:00,242.0,443.164
2015-08-18 07:30:00,276.5,512.695
2015-08-18 07:45:00,306.0,574.121
2015-08-18 08:00:00,334.0,639.844
2015-08-18 08:15:00,361.0,702.246
2015-08-18 08:30:00,385.0,764.746
2015-08-18 08:45:00,408.0,824.512
2015-08-18 09:00:00,432.0,883.301
2015-08-18 09:15:00,446.0,880.957
2015-08-18 09:30:00,456.0,974.609
2015-08-18 09:45:00,469.0,1009.18
2015-08-18 10:00:00,481.5,1071.875
2015-08-18 10:15:00,481.0,1114.258
2015-08-18 10:30:00,502.5,1132.227
2015-08-18 10:45:00,383.0,1027.051
2015-08-18 11:00:00,507.5,1135.254
2015-08-18 11:15:00,500.0,1154.59
2015-08-18 11:30:00,400.5,1148.633
2015-08-18 11:45:00,531.5,1104.883
2015-08-18 12:00:00,484.5,1228.32
2015-08-18 12:15:00,458.0,937.793
2015-08-18 12:30:00,307.5,812.109
2015-08-18 12:45:00,543.0,983.008
2015-08-18 13:00:00,491.0,1182.129
2015-08-18 13:15:00,484.0,1143.262
2015-08-18 13:30:00,470.5,1059.961
2015-08-18 13:45:00,447.5,1054.59
2015-08-18 14:00:00,444.0,1011.816
2015-08-18 14:15:00,419.5,967.676
2015-08-18 14:30:00,407.5,891.016
2015-08-18 14:45:00,373.0,849.023
2015-08-18 15:00:00,353.0,758.887
2015-08-18 15:15:00,346.5,732.715
2015-08-18 15:30:00,332.5,716.113
2015-08-18 15:45:00,296.0,617.773
2015-08-18 16:00:00,278.5,556.445
2015-08-18 16:15:00,193.0,508.691
2015-08-18 16:30:00,220.0,434.277
2015-08-18 16:45:00,190.0,423.242
2015-08-18 17:00:00,122.5,329.688
2015-08-18 17:15:00,94.5,244.531
2015-08-18 17:30:00,74.0,198.828
2015-08-18 17:45:00,51.5,138.77
2015-08-18 18:00:00,29.0,85.84
2015-08-18 18:15:00,12.0,42.09
2015-08-18 18:30:00,1.0,12.793
2015-08-18 18:45:00,-1.0,2.246
2015-08-18 19:00:00,-1.0,0.0
2015-08-18 19:15:00,0.0,0.0
2015-08-18 19:30:00,0.0,0.684
2015-08-18 19:45:00,-1.0,0.586
2015-08-18 20:00:00,0.0,0.488
2015-08-18 20:15:00,-1.0,0.586
2015-08-18 20:30:00,0.0,0.488
2015-08-18 20:45:00,0.0,0.391
2015-08-18 21:00:00,0.0,0.488
2015-08-18 21:15:00,0.0,0.488
2015-08-18 21:30:00,0.0,0.586
2015-08-18 21:45:00,-1.0,0.488
2015-08-18 22:00:00,0.0,0.488
2015-08-18 22:15:00,0.0,0.488
2015-08-18 22:30:00,-1.0,0.488
2015-08-18 22:45:00,0.0,0.586
2015-08-18 23:00:00,0.0,0.586
2015-08-18 23:15:00,-1.0,0.0
2015-08-18 23:30:00,-1.0,0.586
2015-08-18 23:45:00,0.0,0.586
2015-08-19 00:00:00,-1.0,0.488
2015-08-19 00:15:00,-1.0,0.488
2015-08-19 00:30:00,0.0,0.0
2015-08-19 00:45:00,-1.0,0.488
2015-08-19 01:00:00,-1.0,0.488
2015-08-19 01:15:00,0.0,0.391
2015-08-19 01:30:00,-1.0,0.391
2015-08-19 01:45:00,0.0,0.391
2015-08-19 02:00:00,-1.0,0.293
2015-08-19 02:15:00,-1.0,0.391
2015-08-19 02:30:00,-1.0,0.293
2015-08-19 02:45:00,0.0,0.391
2015-08-19 03:00:00,-1.0,0.293
2015-08-19 03:15:00,-1.0,0.391
2015-08-19 03:30:00,-1.0,0.293
2015-08-19 03:45:00,-1.0,0.293
2015-08-19 04:00:00,-1.0,0.293
2015-08-19 04:15:00,-1.0,0.293
2015-08-19 04:30:00,0.0,0.293
2015-08-19 04:45:00,-1.0,0.391
2015-08-19 05:00:00,2.0,2.148
2015-08-19 05:15:00,-1.0,8.984
2015-08-19 05:30:00,17.5,21.582
2015-08-19 05:45:00,38.0,48.242
2015-08-19 06:00:00,62.5,115.82
2015-08-19 06:15:00,96.5,176.855
2015-08-19 06:30:00,128.5,242.285
2015-08-19 06:45:00,170.0,306.152
2015-08-19 07:00:00,215.0,385.254
2015-08-19 07:15:00,252.0,456.836
2015-08-19 07:30:00,275.0,517.578
2015-08-19 07:45:00,236.0,538.281
2015-08-19 08:00:00,336.0,616.211
2015-08-19 08:15:00,362.5,705.664
2015-08-19 08:30:00,386.0,776.27
2015-08-19 08:45:00,412.0,833.984
2015-08-19 09:00:00,427.0,893.359
2015-08-19 09:15:00,388.5,899.902
2015-08-19 09:30:00,469.0,895.605
2015-08-19 09:45:00,488.0,983.691
2015-08-19 10:00:00,485.0,1068.066
2015-08-19 10:15:00,493.0,1102.93
2015-08-19 10:30:00,498.5,1128.223
2015-08-19 10:45:00,459.5,1006.934
2015-08-19 11:00:00,396.0,1076.172
2015-08-19 11:15:00,501.5,1061.035
2015-08-19 11:30:00,508.0,1156.445
2015-08-19 11:45:00,509.5,1174.414
2015-08-19 12:00:00,495.0,1144.727
2015-08-19 12:15:00,490.0,1137.891
2015-08-19 12:30:00,490.0,1147.852
2015-08-19 12:45:00,485.0,1144.531
2015-08-19 13:00:00,481.5,1128.809
2015-08-19 13:15:00,448.5,1089.355
2015-08-19 13:30:00,463.5,1020.41
2015-08-19 13:45:00,446.0,1032.227
2015-08-19 14:00:00,431.0,974.512
2015-08-19 14:15:00,411.5,924.609
2015-08-19 14:30:00,395.5,878.027
2015-08-19 14:45:00,371.5,825.977
2015-08-19 15:00:00,346.0,767.676
2015-08-19 15:15:00,321.0,707.715
2015-08-19 15:30:00,296.0,645.02
2015-08-19 15:45:00,272.0,588.184
2015-08-19 16:00:00,240.5,522.168
2015-08-19 16:15:00,204.5,457.129
2015-08-19 16:30:00,171.0,391.895
2015-08-19 16:45:00,142.0,327.148
2015-08-19 17:00:00,104.5,263.574
2015-08-19 17:15:00,72.5,200.586
2015-08-19 17:30:00,47.5,146.484
2015-08-19 17:45:00,28.0,90.723
2015-08-19 18:00:00,14.0,45.508
2015-08-19 18:15:00,5.0,20.41
2015-08-19 18:30:00,-1.0,6.836
2015-08-19 18:45:00,-1.0,1.758
2015-08-19 19:00:00,-1.0,0.684
2015-08-19 19:15:00,0.0,0.391
2015-08-19 19:30:00,-1.0,0.391
2015-08-19 19:45:00,0.0,0.391
2015-08-19 20:00:00,-1.0,0.293
2015-08-19 20:15:00,-1.0,0.0
2015-08-19 20:30:00,0.0,0.391
2015-08-19 20:45:00,-1.0,0.391
2015-08-19 21:00:00,0.0,0.488
2015-08-19 21:15:00,0.0,0.586
2015-08-19 21:30:00,-1.0,0.488
2015-08-19 21:45:00,-1.0,0.586
2015-08-19 22:00:00,0.0,0.488
2015-08-19 22:15:00,-1.0,0.488
2015-08-19 22:30:00,0.0,0.488
2015-08-19 22:45:00,0.0,0.488
2015-08-19 23:00:00,0.0,0.586
2015-08-19 23:15:00,0.0,0.488
2015-08-19 23:30:00,-1.0,0.488
2015-08-19 23:45:00,0.0,0.488
2015-08-20 00:00:00,-1.0,0.391
2015-08-20 00:15:00,0.0,0.391
2015-08-20 00:30:00,-1.0,0.391
2015-08-20 00:45:00,-1.0,0.488
2015-08-20 01:00:00,-1.0,0.391
2015-08-20 01:15:00,-1.0,0.391
2015-08-20 01:30:00,0.0,0.391
2015-08-20 01:45:00,0.0,0.293
2015-08-20 02:00:00,-1.0,0.293
2015-08-20 02:15:00,-1.0,0.293
2015-08-20 02:30:00,0.0,0.293
2015-08-20 02:45:00,-1.0,0.293
2015-08-20 03:00:00,-1.0,0.391
2015-08-20 03:15:00,-1.0,0.391
2015-08-20 03:30:00,-1.0,0.293
2015-08-20 03:45:00,0.0,0.293
2015-08-20 04:00:00,-1.0,0.195
2015-08-20 04:15:00,-1.0,0.195
2015-08-20 04:30:00,-1.0,0.195
2015-08-20 04:45:00,-1.0,0.293
2015-08-20 05:00:00,1.0,1.367
2015-08-20 05:15:00,-1.0,7.422
2015-08-20 05:30:00,18.5,21.68
2015-08-20 05:45:00,33.0,40.137
2015-08-20 06:00:00,51.5,87.695
2015-08-20 06:15:00,71.5,152.051
2015-08-20 06:30:00,100.5,210.938
2015-08-20 06:45:00,151.0,271.582
2015-08-20 07:00:00,184.5,333.398
2015-08-20 07:15:00,220.0,396.973
2015-08-20 07:30:00,256.5,468.457
2015-08-20 07:45:00,287.5,532.617
2015-08-20 08:00:00,317.5,598.535
2015-08-20 08:15:00,346.5,661.719
2015-08-20 08:30:00,373.0,721.875
2015-08-20 08:45:00,396.0,780.469
2015-08-20 09:00:00,414.0,836.035
2015-08-20 09:15:00,430.5,885.449
2015-08-20 09:30:00,449.5,934.473
2015-08-20 09:45:00,461.5,976.758
2015-08-20 10:00:00,473.0,1013.77
2015-08-20 10:15:00,484.0,1043.262
2015-08-20 10:30:00,500.5,1079.395
2015-08-20 10:45:00,505.5,1101.465
2015-08-20 11:00:00,508.0,1120.605
2015-08-20 11:15:00,508.0,1130.469
2015-08-20 11:30:00,508.0,1136.133
2015-08-20 11:45:00,496.0,1135.449
2015-08-20 12:00:00,512.0,1139.063
2015-08-20 12:15:00,500.0,1130.762
2015-08-20 12:30:00,509.5,1123.535
2015-08-20 12:45:00,508.5,1122.363
2015-08-20 13:00:00,502.5,1102.148
2015-08-20 13:15:00,490.0,1074.316
2015-08-20 13:30:00,479.5,1045.605
2015-08-20 13:45:00,467.0,1011.328
2015-08-20 14:00:00,451.5,974.316
2015-08-20 14:15:00,434.0,927.734
2015-08-20 14:30:00,409.5,879.883
2015-08-20 14:45:00,382.0,819.141
2015-08-20 15:00:00,355.0,762.402
2015-08-20 15:15:00,328.0,702.832
2015-08-20 15:30:00,302.0,648.926
2015-08-20 15:45:00,273.0,589.453
2015-08-20 16:00:00,238.0,528.223
2015-08-20 16:15:00,203.5,458.984
2015-08-20 16:30:00,165.0,393.164
2015-08-20 16:45:00,132.5,326.66
2015-08-20 17:00:00,100.5,266.406
2015-08-20 17:15:00,70.0,204.883
2015-08-20 17:30:00,44.5,139.941
2015-08-20 17:45:00,25.5,91.895
2015-08-20 18:00:00,13.5,43.555
2015-08-20 18:15:00,4.5,17.871
2015-08-20 18:30:00,-1.0,5.762
2015-08-20 18:45:00,-1.0,1.563
2015-08-20 19:00:00,-1.0,0.586
2015-08-20 19:15:00,0.0,0.488
2015-08-20 19:30:00,-1.0,0.488
2015-08-20 19:45:00,0.0,0.293
2015-08-20 20:00:00,0.0,0.488
2015-08-20 20:15:00,0.0,0.391
2015-08-20 20:30:00,0.0,0.488
2015-08-20 20:45:00,0.0,0.391
2015-08-20 21:00:00,-1.0,0.586
2015-08-20 21:15:00,-1.0,0.488
2015-08-20 21:30:00,-1.0,0.586
2015-08-20 21:45:00,0.0,0.586
2015-08-20 22:00:00,0.0,0.488
2015-08-20 22:15:00,-1.0,0.586
2015-08-20 22:30:00,0.0,0.684
2015-08-20 22:45:00,-1.0,0.586
2015-08-20 23:00:00,-1.0,0.586
2015-08-20 23:15:00,-1.0,0.586
2015-08-20 23:30:00,0.0,0.684
2015-08-20 23:45:00,-1.0,0.488
2015-08-21 00:00:00,0.0,0.586
2015-08-21 00:15:00,0.0,0.488
2015-08-21 00:30:00,-1.0,0.586
2015-08-21 00:45:00,0.0,0.488
2015-08-21 01:00:00,-1.0,0.488
2015-08-21 01:15:00,-1.0,0.488
2015-08-21 01:30:00,0.0,0.488
2015-08-21 01:45:00,0.0,0.391
2015-08-21 02:00:00,-1.0,0.488
2015-08-21 02:15:00,0.0,0.391
2015-08-21 02:30:00,-1.0,0.488
2015-08-21 02:45:00,-1.0,0.391
2015-08-21 03:00:00,0.0,0.391
2015-08-21 03:15:00,-1.0,0.391
2015-08-21 03:30:00,0.0,0.391
2015-08-21 03:45:00,-1.0,0.293
2015-08-21 04:00:00,0.0,0.293
2015-08-21 04:15:00,-1.0,0.293
2015-08-21 04:30:00,-1.0,0.293
2015-08-21 04:45:00,-1.0,0.293
2015-08-21 05:00:00,1.0,1.367
2015-08-21 05:15:00,-1.0,6.152
2015-08-21 05:30:00,17.5,19.629
2015-08-21 05:45:00,33.0,38.184
2015-08-21 06:00:00,47.0,90.039
2015-08-21 06:15:00,70.0,148.828
2015-08-21 06:30:00,99.5,207.813
2015-08-21 06:45:00,130.5,269.727
2015-08-21 07:00:00,168.0,334.473
2015-08-21 07:15:00,203.0,403.711
2015-08-21 07:30:00,260.5,472.07
2015-08-21 07:45:00,291.5,530.371
2015-08-21 08:00:00,323.0,591.895
2015-08-21 08:15:00,352.0,655.176
2015-08-21 08:30:00,379.0,716.602
2015-08-21 08:45:00,403.5,778.906
2015-08-21 09:00:00,424.5,834.473
2015-08-21 09:15:00,440.5,883.984
2015-08-21 09:30:00,460.0,929.785
2015-08-21 09:45:00,467.0,970.02
2015-08-21 10:00:00,486.0,1007.715
2015-08-21 10:15:00,496.5,1038.77
2015-08-21 10:30:00,513.5,1069.727
2015-08-21 10:45:00,515.5,1096.094
2015-08-21 11:00:00,523.0,1110.938
2015-08-21 11:15:00,525.0,1119.238
2015-08-21 11:30:00,527.0,1129.297
2015-08-21 11:45:00,515.0,1128.516
2015-08-21 12:00:00,518.0,1122.168
2015-08-21 12:15:00,515.5,1112.793
2015-08-21 12:30:00,516.0,1105.664
2015-08-21 12:45:00,511.5,1091.016
2015-08-21 13:00:00,505.5,1077.051
2015-08-21 13:15:00,499.5,1059.863
2015-08-21 13:30:00,486.0,1028.613
2015-08-21 13:45:00,471.0,989.844
2015-08-21 14:00:00,455.5,950.195
2015-08-21 14:15:00,432.0,904.004
2015-08-21 14:30:00,411.0,854.395
2015-08-21 14:45:00,384.0,799.316
2015-08-21 15:00:00,354.0,743.457
2015-08-21 15:15:00,334.0,690.43
2015-08-21 15:30:00,301.5,629.59
2015-08-21 15:45:00,281.0,570.605
2015-08-21 16:00:00,251.0,511.523
2015-08-21 16:15:00,211.5,452.246
2015-08-21 16:30:00,180.0,389.648
2015-08-21 16:45:00,137.0,329.59
2015-08-21 17:00:00,100.5,243.848
2015-08-21 17:15:00,75.5,192.285
2015-08-21 17:30:00,42.5,148.535
2015-08-21 17:45:00,23.5,79.98
2015-08-21 18:00:00,12.5,39.258
2015-08-21 18:15:00,4.5,17.676
2015-08-21 18:30:00,-1.0,4.98
2015-08-21 18:45:00,-1.0,1.27
2015-08-21 19:00:00,0.0,0.488
2015-08-21 19:15:00,0.0,0.391
2015-08-21 19:30:00,0.0,0.488
2015-08-21 19:45:00,-1.0,0.391
2015-08-21 20:00:00,0.0,0.488
2015-08-21 20:15:00,0.0,0.391
2015-08-21 20:30:00,-1.0,0.391
2015-08-21 20:45:00,0.0,0.488
2015-08-21 21:00:00,0.0,0.488
2015-08-21 21:15:00,-1.0,0.0
2015-08-21 21:30:00,0.0,0.586
2015-08-21 21:45:00,-1.0,0.488
2015-08-21 22:00:00,-1.0,0.488
2015-08-21 22:15:00,0.0,0.586
2015-08-21 22:30:00,-1.0,0.0
2015-08-21 22:45:00,0.0,0.488
2015-08-21 23:00:00,-1.0,0.488
2015-08-21 23:15:00,-1.0,0.586
2015-08-21 23:30:00,-1.0,0.488
2015-08-21 23:45:00,-1.0,0.586
2015-08-22 00:00:00,-1.0,0.391
2015-08-22 00:15:00,-1.0,0.488
2015-08-22 00:30:00,-1.0,0.391
2015-08-22 00:45:00,-1.0,0.684
2015-08-22 01:00:00,-1.0,0.488
2015-08-22 01:15:00,0.0,0.488
2015-08-22 01:30:00,-1.0,0.586
2015-08-22 01:45:00,0.0,0.488
2015-08-22 02:00:00,-1.0,0.391
2015-08-22 02:15:00,-1.0,0.391
2015-08-22 02:30:00,-1.0,0.0
2015-08-22 02:45:00,-1.0,0.391
2015-08-22 03:00:00,-1.0,0.488
2015-08-22 03:15:00,-1.0,0.391
2015-08-22 03:30:00,0.0,0.488
2015-08-22 03:45:00,-1.0,0.391
2015-08-22 04:00:00,0.0,0.391
2015-08-22 04:15:00,-1.0,0.391
2015-08-22 04:30:00,-1.0,0.391
2015-08-22 04:45:00,-1.0,0.488
2015-08-22 05:00:00,1.0,1.367
2015-08-22 05:15:00,-1.0,5.859
2015-08-22 05:30:00,13.5,15.234
2015-08-22 05:45:00,24.5,28.125
2015-08-22 06:00:00,51.0,89.16
2015-08-22 06:15:00,74.0,157.031
2015-08-22 06:30:00,102.5,214.648
2015-08-22 06:45:00,152.5,279.98
2015-08-22 07:00:00,193.5,342.285
2015-08-22 07:15:00,230.5,414.355
2015-08-22 07:30:00,267.5,485.84
2015-08-22 07:45:00,301.5,550.488
2015-08-22 08:00:00,334.0,617.09
2015-08-22 08:15:00,365.5,679.688
2015-08-22 08:30:00,388.5,740.527
2015-08-22 08:45:00,409.5,796.777
2015-08-22 09:00:00,431.0,850.879
2015-08-22 09:15:00,449.5,900.391
2015-08-22 09:30:00,465.5,946.875
2015-08-22 09:45:00,479.5,988.965
2015-08-22 10:00:00,492.0,1021.777
2015-08-22 10:15:00,494.0,1050.293
2015-08-22 10:30:00,500.5,1081.348
2015-08-22 10:45:00,507.5,1105.273
2015-08-22 11:00:00,512.0,1122.363
2015-08-22 11:15:00,512.0,1133.887
2015-08-22 11:30:00,515.0,1142.383
2015-08-22 11:45:00,513.0,1141.602
2015-08-22 12:00:00,507.5,1138.477
2015-08-22 12:15:00,502.0,1129.297
2015-08-22 12:30:00,508.0,1120.313
2015-08-22 12:45:00,498.5,1107.813
2015-08-22 13:00:00,491.0,1091.602
2015-08-22 13:15:00,473.0,1067.383
2015-08-22 13:30:00,461.5,1030.566
2015-08-22 13:45:00,452.0,998.535
2015-08-22 14:00:00,438.5,957.031
2015-08-22 14:15:00,417.5,913.281
2015-08-22 14:30:00,403.5,861.621
2015-08-22 14:45:00,376.0,809.668
2015-08-22 15:00:00,353.0,753.711
2015-08-22 15:15:00,326.5,695.605
2015-08-22 15:30:00,298.0,636.035
2015-08-22 15:45:00,271.0,577.734
2015-08-22 16:00:00,239.5,522.07
2015-08-22 16:15:00,206.5,460.645
2015-08-22 16:30:00,169.0,393.555
2015-08-22 16:45:00,130.5,325.488
2015-08-22 17:00:00,95.0,258.105
2015-08-22 17:15:00,62.5,194.727
2015-08-22 17:30:00,39.0,138.184
2015-08-22 17:45:00,22.5,80.566
2015-08-22 18:00:00,12.0,38.477
2015-08-22 18:15:00,4.5,15.137
2015-08-22 18:30:00,-1.0,4.883
2015-08-22 18:45:00,-1.0,0.977
2015-08-22 19:00:00,0.0,0.488
2015-08-22 19:15:00,0.0,0.391
2015-08-22 19:30:00,0.0,0.0
2015-08-22 19:45:00,0.0,0.391
2015-08-22 20:00:00,-1.0,0.0
2015-08-22 20:15:00,-1.0,0.391
2015-08-22 20:30:00,-1.0,0.586
2015-08-22 20:45:00,0.0,0.488
2015-08-22 21:00:00,-1.0,0.586
2015-08-22 21:15:00,0.0,0.391
2015-08-22 21:30:00,-1.0,0.488
2015-08-22 21:45:00,0.0,0.488
2015-08-22 22:00:00,-1.0,0.488
2015-08-22 22:15:00,0.0,0.488
2015-08-22 22:30:00,-1.0,0.391
2015-08-22 22:45:00,0.0,0.391
2015-08-22 23:00:00,-1.0,0.391
2015-08-22 23:15:00,-1.0,0.0
2015-08-22 23:30:00,-1.0,0.293
2015-08-22 23:45:00,0.0,0.293
2015-08-23 00:00:00,0.0,0.391
2015-08-23 00:15:00,-1.0,0.391
2015-08-23 00:30:00,-1.0,0.293
2015-08-23 00:45:00,0.0,0.293
2015-08-23 01:00:00,0.0,0.391
2015-08-23 01:15:00,0.0,0.293
2015-08-23 01:30:00,-1.0,0.293
2015-08-23 01:45:00,0.0,0.391
2015-08-23 02:00:00,0.0,0.293
2015-08-23 02:15:00,-1.0,0.293
2015-08-23 02:30:00,0.0,0.391
2015-08-23 02:45:00,-1.0,0.391
2015-08-23 03:00:00,0.0,0.195
2015-08-23 03:15:00,0.0,0.293
2015-08-23 03:30:00,-1.0,0.195
2015-08-23 03:45:00,0.0,0.293
2015-08-23 04:00:00,-1.0,0.293
2015-08-23 04:15:00,0.0,0.293
2015-08-23 04:30:00,-1.0,0.195
2015-08-23 04:45:00,-1.0,0.293
2015-08-23 05:00:00,1.0,1.172
2015-08-23 05:15:00,-1.0,6.25
2015-08-23 05:30:00,14.5,16.211
2015-08-23 05:45:00,29.0,25.781
2015-08-23 06:00:00,51.0,89.746
2015-08-23 06:15:00,73.5,165.137
2015-08-23 06:30:00,105.5,226.66
2015-08-23 06:45:00,141.0,293.359
2015-08-23 07:00:00,196.0,353.32
2015-08-23 07:15:00,232.5,424.023
2015-08-23 07:30:00,267.0,496.191
2015-08-23 07:45:00,301.5,560.645
2015-08-23 08:00:00,331.0,625.781
2015-08-23 08:15:00,358.0,688.477
2015-08-23 08:30:00,382.5,747.656
2015-08-23 08:45:00,403.5,805.762
2015-08-23 09:00:00,424.5,862.305
2015-08-23 09:15:00,443.5,913.184
2015-08-23 09:30:00,458.0,958.984
2015-08-23 09:45:00,471.0,1002.441
2015-08-23 10:00:00,481.0,1041.992
2015-08-23 10:15:00,486.5,1075.0
2015-08-23 10:30:00,497.5,1100.391
2015-08-23 10:45:00,501.5,1123.047
2015-08-23 11:00:00,502.0,1142.48
2015-08-23 11:15:00,508.0,1155.176
2015-08-23 11:30:00,504.0,1163.965
2015-08-23 11:45:00,503.5,1169.043
2015-08-23 12:00:00,503.5,1173.145
2015-08-23 12:15:00,494.5,1165.137
2015-08-23 12:30:00,500.0,1144.824
2015-08-23 12:45:00,493.0,1132.031
2015-08-23 13:00:00,490.5,1113.477
2015-08-23 13:15:00,487.0,1095.313
2015-08-23 13:30:00,468.0,1071.191
2015-08-23 13:45:00,461.5,1040.82
2015-08-23 14:00:00,449.5,997.852
2015-08-23 14:15:00,439.0,954.004
2015-08-23 14:30:00,422.5,907.031
2015-08-23 14:45:00,400.5,856.641
2015-08-23 15:00:00,372.5,796.777
2015-08-23 15:15:00,346.0,737.012
2015-08-23 15:30:00,314.5,675.977
2015-08-23 15:45:00,283.5,615.918
2015-08-23 16:00:00,247.5,550.586
2015-08-23 16:15:00,211.5,482.715
2015-08-23 16:30:00,176.5,414.844
2015-08-23 16:45:00,140.0,349.121
2015-08-23 17:00:00,103.0,282.227
2015-08-23 17:15:00,66.5,218.75
2015-08-23 17:30:00,40.5,159.766
2015-08-23 17:45:00,20.5,91.797
2015-08-23 18:00:00,10.0,37.988
2015-08-23 18:15:00,3.0,12.793
2015-08-23 18:30:00,-1.0,4.688
2015-08-23 18:45:00,-1.0,0.977
2015-08-23 19:00:00,0.0,0.586
2015-08-23 19:15:00,0.0,0.0
2015-08-23 19:30:00,0.0,0.488
2015-08-23 19:45:00,0.0,0.586
2015-08-23 20:00:00,-1.0,0.586
2015-08-23 20:15:00,0.0,0.488
2015-08-23 20:30:00,-1.0,0.586
2015-08-23 20:45:00,-1.0,0.0
2015-08-23 21:00:00,0.0,0.586
2015-08-23 21:15:00,-1.0,0.586
2015-08-23 21:30:00,-1.0,0.684
2015-08-23 21:45:00,0.0,0.586
2015-08-23 22:00:00,-1.0,0.586
2015-08-23 22:15:00,0.0,0.488
2015-08-23 22:30:00,0.0,0.391
2015-08-23 22:45:00,0.0,0.0
2015-08-23 23:00:00,-1.0,0.391
2015-08-23 23:15:00,-1.0,0.391
2015-08-23 23:30:00,0.0,0.391
2015-08-23 23:45:00,-1.0,0.391
2015-08-24 00:00:00,-1.0,0.391
2015-08-24 00:15:00,-1.0,0.0
2015-08-24 00:30:00,-1.0,0.391
2015-08-24 00:45:00,0.0,0.293
2015-08-24 01:00:00,-1.0,0.293
2015-08-24 01:15:00,-1.0,0.293
2015-08-24 01:30:00,-1.0,0.293
2015-08-24 01:45:00,-1.0,0.293
2015-08-24 02:00:00,-1.0,0.293
2015-08-24 02:15:00,-1.0,0.0
2015-08-24 02:30:00,-1.0,0.195
2015-08-24 02:45:00,-1.0,0.293
2015-08-24 03:00:00,-1.0,0.195
2015-08-24 03:15:00,-1.0,0.293
2015-08-24 03:30:00,0.0,0.293
2015-08-24 03:45:00,0.0,0.195
2015-08-24 04:00:00,-1.0,0.293
2015-08-24 04:15:00,0.0,0.195
2015-08-24 04:30:00,-1.0,0.098
2015-08-24 04:45:00,-1.0,0.293
2015-08-24 05:00:00,1.0,1.074
2015-08-24 05:15:00,-1.0,5.273
2015-08-24 05:30:00,12.0,13.672
2015-08-24 05:45:00,28.0,21.582
2015-08-24 06:00:00,53.0,87.891
2015-08-24 06:15:00,83.5,171.68
2015-08-24 06:30:00,122.0,234.668
2015-08-24 06:45:00,162.5,303.711
2015-08-24 07:00:00,199.0,361.523
2015-08-24 07:15:00,236.0,433.301
2015-08-24 07:30:00,272.0,505.469
2015-08-24 07:45:00,303.0,567.871
2015-08-24 08:00:00,331.0,631.152
2015-08-24 08:15:00,361.0,696.484
2015-08-24 08:30:00,385.0,755.371
2015-08-24 08:45:00,404.0,811.523
2015-08-24 09:00:00,424.5,865.234
2015-08-24 09:15:00,440.0,915.43
2015-08-24 09:30:00,452.5,959.961
2015-08-24 09:45:00,469.5,1000.781
2015-08-24 10:00:00,477.0,1038.965
2015-08-24 10:15:00,488.5,1070.898
2015-08-24 10:30:00,492.0,1098.926
2015-08-24 10:45:00,500.0,1121.582
2015-08-24 11:00:00,496.0,1137.012
2015-08-24 11:15:00,502.5,1152.93
2015-08-24 11:30:00,502.0,1162.793
2015-08-24 11:45:00,505.5,1172.461
2015-08-24 12:00:00,492.5,1173.926
2015-08-24 12:15:00,500.0,1166.406
2015-08-24 12:30:00,492.0,1158.984
2015-08-24 12:45:00,494.0,1139.453
2015-08-24 13:00:00,486.0,1118.848
2015-08-24 13:15:00,474.5,1089.746
2015-08-24 13:30:00,469.0,1055.371
2015-08-24 13:45:00,454.0,1017.285
2015-08-24 14:00:00,440.5,974.219
2015-08-24 14:15:00,424.5,936.816
2015-08-24 14:30:00,406.0,882.617
2015-08-24 14:45:00,382.5,831.055
2015-08-24 15:00:00,358.0,777.246
2015-08-24 15:15:00,333.0,715.527
2015-08-24 15:30:00,305.0,657.227
2015-08-24 15:45:00,273.0,597.852
2015-08-24 16:00:00,241.5,533.984
2015-08-24 16:15:00,206.5,468.75
2015-08-24 16:30:00,170.0,399.219
2015-08-24 16:45:00,131.5,329.004
2015-08-24 17:00:00,96.5,264.746
2015-08-24 17:15:00,61.0,201.27
2015-08-24 17:30:00,36.0,142.578
2015-08-24 17:45:00,19.5,79.688
2015-08-24 18:00:00,8.5,33.301
2015-08-24 18:15:00,3.0,11.719
2015-08-24 18:30:00,-1.0,4.102
2015-08-24 18:45:00,-1.0,0.977
2015-08-24 19:00:00,0.0,0.684
2015-08-24 19:15:00,0.0,0.391
2015-08-24 19:30:00,0.0,0.488
2015-08-24 19:45:00,0.0,0.391
2015-08-24 20:00:00,-1.0,0.488
2015-08-24 20:15:00,-1.0,0.488
2015-08-24 20:30:00,-1.0,0.391
2015-08-24 20:45:00,-1.0,0.488
2015-08-24 21:00:00,0.0,0.586
2015-08-24 21:15:00,-1.0,0.488
2015-08-24 21:30:00,-1.0,0.488
2015-08-24 21:45:00,-1.0,0.488
2015-08-24 22:00:00,-1.0,0.391
2015-08-24 22:15:00,-1.0,0.0
2015-08-24 22:30:00,0.0,0.488
2015-08-24 22:45:00,-1.0,0.586
2015-08-24 23:00:00,-1.0,0.391
2015-08-24 23:15:00,-1.0,0.488
2015-08-24 23:30:00,-1.0,0.488
2015-08-24 23:45:00,0.0,0.0
2015-08-25 00:00:00,-1.0,0.391
2015-08-25 00:15:00,-1.0,0.391
2015-08-25 00:30:00,-1.0,0.391
2015-08-25 00:45:00,0.0,0.391
2015-08-25 01:00:00,0.0,0.488
2015-08-25 01:15:00,0.0,0.391
2015-08-25 01:30:00,-1.0,0.391
2015-08-25 01:45:00,-1.0,0.391
2015-08-25 02:00:00,-1.0,0.293
2015-08-25 02:15:00,0.0,0.391
2015-08-25 02:30:00,-1.0,0.391
2015-08-25 02:45:00,-1.0,0.293
2015-08-25 03:00:00,-1.0,0.293
2015-08-25 03:15:00,-1.0,0.391
2015-08-25 03:30:00,-1.0,0.391
2015-08-25 03:45:00,0.0,0.293
2015-08-25 04:00:00,-1.0,0.293
2015-08-25 04:15:00,0.0,0.391
2015-08-25 04:30:00,-1.0,0.293
2015-08-25 04:45:00,-1.0,0.293
2015-08-25 05:00:00,-1.0,0.488
2015-08-25 05:15:00,2.0,1.563
2015-08-25 05:30:00,0.0,5.762
2015-08-25 05:45:00,8.5,12.305
2015-08-25 06:00:00,16.0,25.293
2015-08-25 06:15:00,24.0,37.695
2015-08-25 06:30:00,26.0,46.387
2015-08-25 06:45:00,36.0,50.195
2015-08-25 07:00:00,60.0,91.992
2015-08-25 07:15:00,101.0,150.098
2015-08-25 07:30:00,147.0,250.977
2015-08-25 07:45:00,209.0,339.355
2015-08-25 08:00:00,159.5,343.359
2015-08-25 08:15:00,217.0,335.938
2015-08-25 08:30:00,191.0,544.531
2015-08-25 08:45:00,147.0,432.227
2015-08-25 09:00:00,178.5,313.281
2015-08-25 09:15:00,161.0,302.734
2015-08-25 09:30:00,186.0,305.469
2015-08-25 09:45:00,245.5,411.133
2015-08-25 10:00:00,280.5,427.441
2015-08-25 10:15:00,244.0,465.527
2015-08-25 10:30:00,244.0,428.027
2015-08-25 10:45:00,264.5,526.172
2015-08-25 11:00:00,184.5,409.668
2015-08-25 11:15:00,180.5,327.246
2015-08-25 11:30:00,222.0,389.258
2015-08-25 11:45:00,162.5,347.949
2015-08-25 12:00:00,147.0,278.027
2015-08-25 12:15:00,178.5,296.582
2015-08-25 12:30:00,213.5,364.063
2015-08-25 12:45:00,182.5,367.676
2015-08-25 13:00:00,123.5,293.164
2015-08-25 13:15:00,122.5,207.324
2015-08-25 13:30:00,127.5,228.711
2015-08-25 13:45:00,97.0,214.551
2015-08-25 14:00:00,93.0,166.797
2015-08-25 14:15:00,112.5,204.98
2015-08-25 14:30:00,78.0,175.488
2015-08-25 14:45:00,77.5,145.605
2015-08-25 15:00:00,77.5,144.531
2015-08-25 15:15:00,83.5,147.363
2015-08-25 15:30:00,72.0,153.32
2015-08-25 15:45:00,56.0,119.824
2015-08-25 16:00:00,56.0,102.93
2015-08-25 16:15:00,35.0,84.668
2015-08-25 16:30:00,24.0,55.664
2015-08-25 16:45:00,38.0,54.492
2015-08-25 17:00:00,54.0,98.145
2015-08-25 17:15:00,30.0,77.344
2015-08-25 17:30:00,15.5,42.383
2015-08-25 17:45:00,10.5,24.902
2015-08-25 18:00:00,4.5,14.551
2015-08-25 18:15:00,-1.0,4.98
2015-08-25 18:30:00,0.0,1.855
2015-08-25 18:45:00,-1.0,0.0
2015-08-25 19:00:00,0.0,0.586
2015-08-25 19:15:00,-1.0,0.586
2015-08-25 19:30:00,0.0,0.684
2015-08-25 19:45:00,-1.0,0.684
2015-08-25 20:00:00,-1.0,0.586
2015-08-25 20:15:00,-1.0,0.586
2015-08-25 20:30:00,0.0,0.586
2015-08-25 20:45:00,-1.0,0.586
2015-08-25 21:00:00,0.0,0.488
2015-08-25 21:15:00,0.0,0.488
2015-08-25 21:30:00,-1.0,0.488
2015-08-25 21:45:00,-1.0,0.586
2015-08-25 22:00:00,0.0,0.586
2015-08-25 22:15:00,-1.0,0.488
2015-08-25 22:30:00,0.0,0.488
2015-08-25 22:45:00,0.0,0.488
2015-08-25 23:00:00,-1.0,0.391
2015-08-25 23:15:00,-1.0,0.391
2015-08-25 23:30:00,0.0,0.488
2015-08-25 23:45:00,-1.0,0.391
2015-08-26 00:00:00,0.0,0.391
2015-08-26 00:15:00,0.0,0.488
2015-08-26 00:30:00,-1.0,0.488
2015-08-26 00:45:00,-1.0,0.488
2015-08-26 01:00:00,-1.0,0.293
2015-08-26 01:15:00,-1.0,0.391
2015-08-26 01:30:00,-1.0,0.391
2015-08-26 01:45:00,-1.0,0.391
2015-08-26 02:00:00,-1.0,0.391
2015-08-26 02:15:00,-1.0,0.391
2015-08-26 02:30:00,-1.0,0.391
2015-08-26 02:45:00,0.0,0.391
2015-08-26 03:00:00,-1.0,0.391
2015-08-26 03:15:00,-1.0,0.293
2015-08-26 03:30:00,-1.0,0.391
2015-08-26 03:45:00,-1.0,0.391
2015-08-26 04:00:00,-1.0,0.391
2015-08-26 04:15:00,-1.0,0.391
2015-08-26 04:30:00,-1.0,0.293
2015-08-26 04:45:00,-1.0,0.391
2015-08-26 05:00:00,-1.0,0.586
2015-08-26 05:15:00,1.0,1.465
2015-08-26 05:30:00,12.0,9.766
2015-08-26 05:45:00,18.0,35.84
2015-08-26 06:00:00,25.5,46.777
2015-08-26 06:15:00,35.0,57.324
2015-08-26 06:30:00,35.0,60.937
2015-08-26 06:45:00,41.0,71.289
2015-08-26 07:00:00,64.5,95.215
2015-08-26 07:15:00,83.0,142.285
2015-08-26 07:30:00,106.5,167.773
2015-08-26 07:45:00,147.5,235.742
2015-08-26 08:00:00,211.0,296.582
2015-08-26 08:15:00,166.5,482.52
2015-08-26 08:30:00,129.5,263.477
2015-08-26 08:45:00,109.0,206.445
2015-08-26 09:00:00,119.0,206.25
2015-08-26 09:15:00,132.0,223.535
2015-08-26 09:30:00,165.0,255.273
2015-08-26 09:45:00,203.0,326.758
2015-08-26 10:00:00,205.0,377.93
2015-08-26 10:15:00,184.5,336.914
2015-08-26 10:30:00,216.5,353.418
2015-08-26 10:45:00,288.5,475.977
2015-08-26 11:00:00,195.5,431.543
2015-08-26 11:15:00,176.0,327.051
2015-08-26 11:30:00,209.0,347.754
2015-08-26 11:45:00,218.5,379.395
2015-08-26 12:00:00,278.5,423.34
2015-08-26 12:15:00,556.5,736.719
2015-08-26 12:30:00,252.0,617.285
2015-08-26 12:45:00,355.5,879.297
2015-08-26 13:00:00,406.0,1129.785
2015-08-26 13:15:00,509.5,1056.25
2015-08-26 13:30:00,477.5,1027.832
2015-08-26 13:45:00,152.5,906.055
2015-08-26 14:00:00,442.5,781.543
2015-08-26 14:15:00,493.0,667.09
2015-08-26 14:30:00,433.0,804.297
2015-08-26 14:45:00,375.0,794.824
2015-08-26 15:00:00,380.0,690.625
2015-08-26 15:15:00,294.5,286.133
2015-08-26 15:30:00,296.0,631.055
2015-08-26 15:45:00,265.5,554.59
2015-08-26 16:00:00,231.5,493.555
2015-08-26 16:15:00,197.0,429.199
2015-08-26 16:30:00,161.0,360.059
2015-08-26 16:45:00,126.5,297.754
2015-08-26 17:00:00,91.0,235.84
2015-08-26 17:15:00,56.5,179.102
2015-08-26 17:30:00,35.5,121.094
2015-08-26 17:45:00,19.5,67.383
2015-08-26 18:00:00,7.0,26.855
2015-08-26 18:15:00,2.5,9.863
2015-08-26 18:30:00,-1.0,2.637
2015-08-26 18:45:00,-1.0,0.0
2015-08-26 19:00:00,0.0,0.586
2015-08-26 19:15:00,0.0,0.586
2015-08-26 19:30:00,0.0,0.586
2015-08-26 19:45:00,0.0,0.684
2015-08-26 20:00:00,0.0,0.586
2015-08-26 20:15:00,0.0,0.586
2015-08-26 20:30:00,-1.0,0.684
2015-08-26 20:45:00,-1.0,0.684
2015-08-26 21:00:00,0.0,0.0
2015-08-26 21:15:00,0.0,0.586
2015-08-26 21:30:00,0.0,0.0
2015-08-26 21:45:00,0.0,0.586
2015-08-26 22:00:00,0.0,0.488
2015-08-26 22:15:00,0.0,0.586
2015-08-26 22:30:00,0.0,0.488
2015-08-26 22:45:00,-1.0,0.0
2015-08-26 23:00:00,0.0,0.391
2015-08-26 23:15:00,0.0,0.391
2015-08-26 23:30:00,-1.0,0.391
2015-08-26 23:45:00,-1.0,0.391
2015-08-27 00:00:00,-1.0,0.293
2015-08-27 00:15:00,-1.0,0.391
2015-08-27 00:30:00,0.0,0.391
2015-08-27 00:45:00,-1.0,0.391
2015-08-27 01:00:00,0.0,0.293
2015-08-27 01:15:00,-1.0,0.391
2015-08-27 01:30:00,0.0,0.391
2015-08-27 01:45:00,-1.0,0.293
2015-08-27 02:00:00,-1.0,0.293
2015-08-27 02:15:00,-1.0,0.195
2015-08-27 02:30:00,-1.0,0.0
2015-08-27 02:45:00,-1.0,0.293
2015-08-27 03:00:00,-1.0,0.098
2015-08-27 03:15:00,0.0,0.195
2015-08-27 03:30:00,-1.0,0.293
2015-08-27 03:45:00,-1.0,0.293
2015-08-27 04:00:00,0.0,0.195
2015-08-27 04:15:00,-1.0,0.391
2015-08-27 04:30:00,-1.0,0.0
2015-08-27 04:45:00,-1.0,0.293
2015-08-27 05:00:00,-1.0,0.879
2015-08-27 05:15:00,-1.0,5.469
2015-08-27 05:30:00,13.5,16.895
2015-08-27 05:45:00,27.0,27.051
2015-08-27 06:00:00,49.0,63.867
2015-08-27 06:15:00,81.0,142.969
2015-08-27 06:30:00,101.5,221.68
2015-08-27 06:45:00,110.0,268.164
2015-08-27 07:00:00,193.5,341.992
2015-08-27 07:15:00,225.0,413.574
2015-08-27 07:30:00,266.5,483.398
2015-08-27 07:45:00,304.0,423.535
2015-08-27 08:00:00,334.0,573.34
2015-08-27 08:15:00,357.0,673.926
2015-08-27 08:30:00,381.0,724.219
2015-08-27 08:45:00,402.0,778.418
2015-08-27 09:00:00,420.5,829.688
2015-08-27 09:15:00,437.0,879.297
2015-08-27 09:30:00,452.0,924.023
2015-08-27 09:45:00,463.5,965.527
2015-08-27 10:00:00,476.5,1003.906
2015-08-27 10:15:00,485.0,1041.309
2015-08-27 10:30:00,494.5,1076.172
2015-08-27 10:45:00,505.5,1112.207
2015-08-27 11:00:00,509.5,1149.023
2015-08-27 11:15:00,521.0,1178.418
2015-08-27 11:30:00,528.5,1222.266
2015-08-27 11:45:00,490.5,1274.512
2015-08-27 12:00:00,415.0,1077.344
2015-08-27 12:15:00,517.5,767.773
2015-08-27 12:30:00,527.0,990.527
2015-08-27 12:45:00,376.5,1143.945
2015-08-27 13:00:00,476.5,1006.445
2015-08-27 13:15:00,276.0,1075.195
2015-08-27 13:30:00,172.5,376.66
2015-08-27 13:45:00,166.5,333.301
2015-08-27 14:00:00,218.0,380.957
2015-08-27 14:15:00,137.5,330.762
2015-08-27 14:30:00,193.5,285.938
2015-08-27 14:45:00,309.5,572.754
2015-08-27 15:00:00,408.0,737.012
2015-08-27 15:15:00,359.0,788.965
2015-08-27 15:30:00,309.0,686.621
2015-08-27 15:45:00,272.0,586.133
2015-08-27 16:00:00,240.5,514.844
2015-08-27 16:15:00,207.0,456.055
2015-08-27 16:30:00,168.5,382.813
2015-08-27 16:45:00,129.5,314.844
2015-08-27 17:00:00,87.5,245.703
2015-08-27 17:15:00,55.0,182.129
2015-08-27 17:30:00,33.0,125.977
2015-08-27 17:45:00,10.0,58.594
2015-08-27 18:00:00,6.0,15.82
2015-08-27 18:15:00,0.0,7.031
2015-08-27 18:30:00,-1.0,2.051
2015-08-27 18:45:00,-1.0,0.488
2015-08-27 19:00:00,0.0,0.488
2015-08-27 19:15:00,0.0,0.488
2015-08-27 19:30:00,-1.0,0.488
2015-08-27 19:45:00,0.0,0.586
2015-08-27 20:00:00,-1.0,0.586
2015-08-27 20:15:00,0.0,0.488
2015-08-27 20:30:00,-1.0,0.488
2015-08-27 20:45:00,0.0,0.488
2015-08-27 21:00:00,-1.0,0.488
2015-08-27 21:15:00,0.0,0.488
2015-08-27 21:30:00,0.0,0.488
2015-08-27 21:45:00,-1.0,0.488
2015-08-27 22:00:00,-1.0,0.0
2015-08-27 22:15:00,-1.0,0.488
2015-08-27 22:30:00,-1.0,0.0
2015-08-27 22:45:00,-1.0,0.488
2015-08-27 23:00:00,-1.0,0.488
2015-08-27 23:15:00,0.0,0.488
2015-08-27 23:30:00,0.0,0.488
2015-08-27 23:45:00,-1.0,0.488
2015-08-28 00:00:00,-1.0,0.391
2015-08-28 00:15:00,-1.0,0.391
2015-08-28 00:30:00,0.0,0.488
2015-08-28 00:45:00,-1.0,0.488
2015-08-28 01:00:00,-1.0,0.391
2015-08-28 01:15:00,-1.0,0.391
2015-08-28 01:30:00,-1.0,0.488
2015-08-28 01:45:00,-1.0,0.391
2015-08-28 02:00:00,-1.0,0.391
2015-08-28 02:15:00,-1.0,0.391
2015-08-28 02:30:00,-1.0,0.391
2015-08-28 02:45:00,-1.0,0.391
2015-08-28 03:00:00,-1.0,0.293
2015-08-28 03:15:00,-1.0,0.293
2015-08-28 03:30:00,0.0,0.391
2015-08-28 03:45:00,0.0,0.293
2015-08-28 04:00:00,-1.0,0.293
2015-08-28 04:15:00,0.0,0.293
2015-08-28 04:30:00,-1.0,0.293
2015-08-28 04:45:00,-1.0,0.293
2015-08-28 05:00:00,-1.0,0.781
2015-08-28 05:15:00,0.0,4.199
2015-08-28 05:30:00,10.5,12.012
2015-08-28 05:45:00,23.5,20.508
2015-08-28 06:00:00,45.5,63.965
2015-08-28 06:15:00,74.0,153.809
2015-08-28 06:30:00,97.5,214.258
2015-08-28 06:45:00,128.5,281.055
2015-08-28 07:00:00,183.5,341.309
2015-08-28 07:15:00,221.0,404.004
2015-08-28 07:30:00,257.0,479.492
2015-08-28 07:45:00,287.5,543.75
2015-08-28 08:00:00,314.5,606.738
2015-08-28 08:15:00,346.0,668.652
2015-08-28 08:30:00,369.0,728.418
2015-08-28 08:45:00,390.0,784.863
2015-08-28 09:00:00,409.0,839.453
2015-08-28 09:15:00,424.5,888.672
2015-08-28 09:30:00,441.0,935.742
2015-08-28 09:45:00,448.5,971.68
2015-08-28 10:00:00,466.0,1008.789
2015-08-28 10:15:00,475.0,1048.535
2015-08-28 10:30:00,481.5,1067.773
2015-08-28 10:45:00,488.0,1101.953
2015-08-28 11:00:00,491.0,1120.508
2015-08-28 11:15:00,508.5,1156.25
2015-08-28 11:30:00,279.0,881.445
2015-08-28 11:45:00,222.0,614.746
2015-08-28 12:00:00,240.0,468.848
2015-08-28 12:15:00,182.0,420.117
2015-08-28 12:30:00,176.0,336.328
2015-08-28 12:45:00,352.0,403.418
2015-08-28 13:00:00,206.5,411.035
2015-08-28 13:15:00,433.0,773.047
2015-08-28 13:30:00,439.0,603.32
2015-08-28 13:45:00,467.5,925.977
2015-08-28 14:00:00,434.5,974.414
2015-08-28 14:15:00,419.0,918.75
2015-08-28 14:30:00,388.5,864.941
2015-08-28 14:45:00,371.0,808.594
2015-08-28 15:00:00,345.5,754.199
2015-08-28 15:15:00,318.5,694.238
2015-08-28 15:30:00,293.5,630.176
2015-08-28 15:45:00,246.0,551.855
2015-08-28 16:00:00,225.0,494.238
2015-08-28 16:15:00,193.5,443.262
2015-08-28 16:30:00,158.5,352.246
2015-08-28 16:45:00,122.0,303.125
2015-08-28 17:00:00,91.5,193.066
2015-08-28 17:15:00,33.5,133.887
2015-08-28 17:30:00,28.0,76.367
2015-08-28 17:45:00,17.5,54.59
2015-08-28 18:00:00,8.5,28.027
2015-08-28 18:15:00,2.5,11.621
2015-08-28 18:30:00,0.0,4.98
2015-08-28 18:45:00,-1.0,0.586
2015-08-28 19:00:00,-1.0,0.586
2015-08-28 19:15:00,0.0,0.586
2015-08-28 19:30:00,0.0,0.488
2015-08-28 19:45:00,-1.0,0.488
2015-08-28 20:00:00,-1.0,0.488
2015-08-28 20:15:00,0.0,0.488
2015-08-28 20:30:00,-1.0,0.488
2015-08-28 20:45:00,0.0,0.391
2015-08-28 21:00:00,-1.0,0.488
2015-08-28 21:15:00,-1.0,0.488
2015-08-28 21:30:00,-1.0,0.488
2015-08-28 21:45:00,-1.0,0.488
2015-08-28 22:00:00,0.0,0.0
2015-08-28 22:15:00,-1.0,0.586
2015-08-28 22:30:00,-1.0,0.488
2015-08-28 22:45:00,-1.0,0.488
2015-08-28 23:00:00,0.0,0.488
2015-08-28 23:15:00,-1.0,0.488
2015-08-28 23:30:00,-1.0,0.488
2015-08-28 23:45:00,0.0,0.391
2015-08-29 00:00:00,-1.0,0.488
2015-08-29 00:15:00,0.0,0.488
2015-08-29 00:30:00,0.0,0.391
2015-08-29 00:45:00,-1.0,0.488
2015-08-29 01:00:00,-1.0,0.391
2015-08-29 01:15:00,-1.0,0.391
2015-08-29 01:30:00,-1.0,0.391
2015-08-29 01:45:00,-1.0,0.391
2015-08-29 02:00:00,0.0,0.293
2015-08-29 02:15:00,-1.0,0.293
2015-08-29 02:30:00,-1.0,0.293
2015-08-29 02:45:00,-1.0,0.293
2015-08-29 03:00:00,-1.0,0.293
2015-08-29 03:15:00,-1.0,0.391
2015-08-29 03:30:00,-1.0,0.391
2015-08-29 03:45:00,0.0,0.391
2015-08-29 04:00:00,-1.0,0.293
2015-08-29 04:15:00,-1.0,0.293
2015-08-29 04:30:00,-1.0,0.293
2015-08-29 04:45:00,-1.0,0.293
2015-08-29 05:00:00,-1.0,0.977
2015-08-29 05:15:00,-1.0,4.98
2015-08-29 05:30:00,10.5,12.988
2015-08-29 05:45:00,24.0,21.191
2015-08-29 06:00:00,42.5,61.719
2015-08-29 06:15:00,76.0,114.746
2015-08-29 06:30:00,111.0,218.457
2015-08-29 06:45:00,147.0,283.887
2015-08-29 07:00:00,187.5,350.488
2015-08-29 07:15:00,228.0,417.48
2015-08-29 07:30:00,263.0,489.062
2015-08-29 07:45:00,290.5,546.582
2015-08-29 08:00:00,316.5,581.055
2015-08-29 08:15:00,342.5,670.898
2015-08-29 08:30:00,365.5,722.559
2015-08-29 08:45:00,390.0,772.461
2015-08-29 09:00:00,406.0,843.555
2015-08-29 09:15:00,423.5,890.723
2015-08-29 09:30:00,440.0,938.965
2015-08-29 09:45:00,454.5,982.813
2015-08-29 10:00:00,460.0,1018.164
2015-08-29 10:15:00,481.5,1050.195
2015-08-29 10:30:00,491.0,1077.441
2015-08-29 10:45:00,503.5,1097.754
2015-08-29 11:00:00,513.5,1117.578
2015-08-29 11:15:00,516.0,1129.199
2015-08-29 11:30:00,515.5,1132.813
2015-08-29 11:45:00,519.5,1132.617
2015-08-29 12:00:00,517.5,1133.398
2015-08-29 12:15:00,517.5,1129.004
2015-08-29 12:30:00,513.5,1121.289
2015-08-29 12:45:00,504.5,1109.961
2015-08-29 13:00:00,492.0,1088.184
2015-08-29 13:15:00,484.0,1063.867
2015-08-29 13:30:00,475.0,1030.762
2015-08-29 13:45:00,459.5,997.656
2015-08-29 14:00:00,440.5,956.836
2015-08-29 14:15:00,423.0,911.816
2015-08-29 14:30:00,405.0,864.16
2015-08-29 14:45:00,380.5,805.566
2015-08-29 15:00:00,356.0,749.219
2015-08-29 15:15:00,326.0,692.285
2015-08-29 15:30:00,293.5,619.434
2015-08-29 15:45:00,257.0,551.758
2015-08-29 16:00:00,236.5,495.41
2015-08-29 16:15:00,201.0,441.211
2015-08-29 16:30:00,160.5,366.602
2015-08-29 16:45:00,127.5,307.715
2015-08-29 17:00:00,91.5,249.316
2015-08-29 17:15:00,57.0,190.039
2015-08-29 17:30:00,33.5,132.031
2015-08-29 17:45:00,14.5,66.016
2015-08-29 18:00:00,6.0,21.582
2015-08-29 18:15:00,1.0,7.52
2015-08-29 18:30:00,-1.0,1.855
2015-08-29 18:45:00,-1.0,0.684
2015-08-29 19:00:00,-1.0,0.586
2015-08-29 19:15:00,0.0,0.586
2015-08-29 19:30:00,0.0,0.391
2015-08-29 19:45:00,0.0,0.586
2015-08-29 20:00:00,0.0,0.488
2015-08-29 20:15:00,0.0,0.391
2015-08-29 20:30:00,0.0,0.488
2015-08-29 20:45:00,-1.0,0.488
2015-08-29 21:00:00,0.0,0.0
2015-08-29 21:15:00,-1.0,0.488
2015-08-29 21:30:00,-1.0,0.488
2015-08-29 21:45:00,0.0,0.586
2015-08-29 22:00:00,0.0,0.488
2015-08-29 22:15:00,-1.0,0.0
2015-08-29 22:30:00,-1.0,0.488
2015-08-29 22:45:00,-1.0,0.488
2015-08-29 23:00:00,0.0,0.586
2015-08-29 23:15:00,-1.0,0.586
2015-08-29 23:30:00,-1.0,0.586
2015-08-29 23:45:00,0.0,0.488
2015-08-30 00:00:00,-1.0,0.586
2015-08-30 00:15:00,0.0,0.586
2015-08-30 00:30:00,0.0,0.586
2015-08-30 00:45:00,-1.0,0.586
2015-08-30 01:00:00,-1.0,0.488
2015-08-30 01:15:00,0.0,0.488
2015-08-30 01:30:00,-1.0,0.488
2015-08-30 01:45:00,-1.0,0.488
2015-08-30 02:00:00,-1.0,0.488
2015-08-30 02:15:00,0.0,0.488
2015-08-30 02:30:00,-1.0,0.391
2015-08-30 02:45:00,-1.0,0.488
2015-08-30 03:00:00,-1.0,0.488
2015-08-30 03:15:00,-1.0,0.391
2015-08-30 03:30:00,-1.0,0.391
2015-08-30 03:45:00,-1.0,0.488
2015-08-30 04:00:00,-1.0,0.488
2015-08-30 04:15:00,-1.0,0.391
2015-08-30 04:30:00,-1.0,0.391
2015-08-30 04:45:00,-1.0,0.391
2015-08-30 05:00:00,-1.0,0.781
2015-08-30 05:15:00,6.0,8.887
2015-08-30 05:30:00,20.0,23.633
2015-08-30 05:45:00,38.0,45.898
2015-08-30 06:00:00,49.0,90.43
2015-08-30 06:15:00,64.0,137.5
2015-08-30 06:30:00,90.0,141.895
2015-08-30 06:45:00,146.0,227.148
2015-08-30 07:00:00,157.5,360.938
2015-08-30 07:15:00,154.5,292.09
2015-08-30 07:30:00,157.5,273.828
2015-08-30 07:45:00,160.5,288.184
2015-08-30 08:00:00,237.5,492.773
2015-08-30 08:15:00,363.0,537.891
2015-08-30 08:30:00,342.0,589.355
2015-08-30 08:45:00,389.5,601.465
2015-08-30 09:00:00,312.5,719.824
2015-08-30 09:15:00,386.0,767.871
2015-08-30 09:30:00,502.5,848.242
2015-08-30 09:45:00,365.0,1043.75
2015-08-30 10:00:00,303.0,731.934
2015-08-30 10:15:00,384.0,755.371
2015-08-30 10:30:00,603.0,1070.117
2015-08-30 10:45:00,608.5,1305.664
2015-08-30 11:00:00,363.0,1293.164
2015-08-30 11:15:00,570.0,1090.234
2015-08-30 11:30:00,515.0,1244.434
2015-08-30 11:45:00,288.5,736.133
2015-08-30 12:00:00,332.0,640.918
2015-08-30 12:15:00,269.0,608.496
2015-08-30 12:30:00,402.0,815.137
2015-08-30 12:45:00,390.0,901.27
2015-08-30 13:00:00,319.0,830.957
2015-08-30 13:15:00,332.5,690.527
2015-08-30 13:30:00,565.0,674.902
2015-08-30 13:45:00,418.5,858.301
2015-08-30 14:00:00,447.5,875.391
2015-08-30 14:15:00,296.0,614.355
2015-08-30 14:30:00,503.5,678.711
2015-08-30 14:45:00,360.0,828.613
2015-08-30 15:00:00,142.0,299.316
2015-08-30 15:15:00,207.5,284.082
2015-08-30 15:30:00,310.5,787.012
2015-08-30 15:45:00,329.0,655.957
2015-08-30 16:00:00,249.0,548.145
2015-08-30 16:15:00,218.5,480.566
2015-08-30 16:30:00,186.5,406.934
2015-08-30 16:45:00,164.5,358.203
2015-08-30 17:00:00,37.5,108.496
2015-08-30 17:15:00,25.5,54.785
2015-08-30 17:30:00,39.5,101.758
2015-08-30 17:45:00,18.0,75.684
2015-08-30 18:00:00,6.0,23.145
2015-08-30 18:15:00,0.0,7.129
2015-08-30 18:30:00,-1.0,1.66
2015-08-30 18:45:00,0.0,0.0
2015-08-30 19:00:00,-1.0,0.391
2015-08-30 19:15:00,0.0,0.488
2015-08-30 19:30:00,0.0,0.488
2015-08-30 19:45:00,-1.0,0.488
2015-08-30 20:00:00,0.0,0.488
2015-08-30 20:15:00,-1.0,0.586
2015-08-30 20:30:00,0.0,0.488
2015-08-30 20:45:00,0.0,0.488
2015-08-30 21:00:00,-1.0,0.488
2015-08-30 21:15:00,0.0,0.488
2015-08-30 21:30:00,0.0,0.488
2015-08-30 21:45:00,0.0,0.488
2015-08-30 22:00:00,0.0,0.488
2015-08-30 22:15:00,0.0,0.391
2015-08-30 22:30:00,0.0,0.391
2015-08-30 22:45:00,0.0,0.488
2015-08-30 23:00:00,0.0,0.391
2015-08-30 23:15:00,-1.0,0.391
2015-08-30 23:30:00,-1.0,0.391
2015-08-30 23:45:00,0.0,0.391
2015-08-31 00:00:00,-1.0,0.293
2015-08-31 00:15:00,-1.0,0.293
2015-08-31 00:30:00,-1.0,0.293
2015-08-31 00:45:00,-1.0,0.391
2015-08-31 01:00:00,0.0,0.0
2015-08-31 01:15:00,-1.0,0.293
2015-08-31 01:30:00,-1.0,0.293
2015-08-31 01:45:00,-1.0,0.293
2015-08-31 02:00:00,-1.0,0.0
2015-08-31 02:15:00,-1.0,0.293
2015-08-31 02:30:00,-1.0,0.195
2015-08-31 02:45:00,-1.0,0.195
2015-08-31 03:00:00,-1.0,0.293
2015-08-31 03:15:00,-1.0,0.293
2015-08-31 03:30:00,-1.0,0.195
2015-08-31 03:45:00,0.0,0.195
2015-08-31 04:00:00,-1.0,0.293
2015-08-31 04:15:00,-1.0,0.0
2015-08-31 04:30:00,-1.0,0.293
2015-08-31 04:45:00,-1.0,0.293
2015-08-31 05:00:00,-1.0,0.488
2015-08-31 05:15:00,3.0,2.539
2015-08-31 05:30:00,11.0,12.5
2015-08-31 05:45:00,33.0,30.957
2015-08-31 06:00:00,47.5,70.02
2015-08-31 06:15:00,71.5,165.039
2015-08-31 06:30:00,122.5,200.586
2015-08-31 06:45:00,170.0,310.059
2015-08-31 07:00:00,174.0,143.848
2015-08-31 07:15:00,154.5,333.203
2015-08-31 07:30:00,283.5,493.066
2015-08-31 07:45:00,308.0,583.789
2015-08-31 08:00:00,332.0,638.281
2015-08-31 08:15:00,363.5,699.023
2015-08-31 08:30:00,392.0,745.703
2015-08-31 08:45:00,409.0,687.793
2015-08-31 09:00:00,425.0,860.254
2015-08-31 09:15:00,440.0,908.301
2015-08-31 09:30:00,459.5,952.246
2015-08-31 09:45:00,475.5,998.047
2015-08-31 10:00:00,486.0,1034.18
2015-08-31 10:15:00,494.5,1066.309
2015-08-31 10:30:00,502.5,1089.453
2015-08-31 10:45:00,502.5,1108.008
2015-08-31 11:00:00,508.0,1123.34
2015-08-31 11:15:00,512.0,1134.57
2015-08-31 11:30:00,512.0,1139.844
2015-08-31 11:45:00,506.5,1141.699
2015-08-31 12:00:00,502.5,1138.574
2015-08-31 12:15:00,500.0,1127.734
2015-08-31 12:30:00,493.0,1115.527
2015-08-31 12:45:00,487.0,1104.102
2015-08-31 13:00:00,472.5,1088.574
2015-08-31 13:15:00,468.0,1075.488
2015-08-31 13:30:00,105.5,808.105
2015-08-31 13:45:00,555.5,438.184
2015-08-31 14:00:00,521.0,861.23
2015-08-31 14:15:00,469.0,843.066
2015-08-31 14:30:00,421.5,924.609
2015-08-31 14:45:00,390.0,833.984
2015-08-31 15:00:00,359.5,762.305
2015-08-31 15:15:00,330.0,694.141
2015-08-31 15:30:00,301.5,632.617
2015-08-31 15:45:00,268.5,568.848
2015-08-31 16:00:00,233.5,504.199
2015-08-31 16:15:00,195.0,420.313
2015-08-31 16:30:00,159.5,358.984
2015-08-31 16:45:00,124.0,303.906
2015-08-31 17:00:00,82.0,240.039
2015-08-31 17:15:00,49.5,176.27
2015-08-31 17:30:00,27.5,114.551
2015-08-31 17:45:00,12.0,53.516
2015-08-31 18:00:00,4.0,15.332
2015-08-31 18:15:00,-1.0,5.566
2015-08-31 18:30:00,0.0,1.367
2015-08-31 18:45:00,-1.0,0.488
2015-08-31 19:00:00,0.0,0.488
2015-08-31 19:15:00,-1.0,0.488
2015-08-31 19:30:00,0.0,0.488
2015-08-31 19:45:00,-1.0,0.586
2015-08-31 20:00:00,0.0,0.586
2015-08-31 20:15:00,-1.0,0.0
2015-08-31 20:30:00,0.0,0.488
2015-08-31 20:45:00,-1.0,0.586
2015-08-31 21:00:00,-1.0,0.586
2015-08-31 21:15:00,0.0,0.0
2015-08-31 21:30:00,-1.0,0.488
2015-08-31 21:45:00,-1.0,0.391
2015-08-31 22:00:00,-1.0,0.0
2015-08-31 22:15:00,-1.0,0.391
2015-08-31 22:30:00,0.0,0.391
2015-08-31 22:45:00,-1.0,0.391
2015-08-31 23:00:00,-1.0,0.391
2015-08-31 23:15:00,0.0,0.0
2015-08-31 23:30:00,0.0,0.293
2015-08-31 23:45:00,-1.0,0.293
2015-09-01 00:00:00,-1.0,0.391
2015-09-01 00:15:00,-1.0,0.293
2015-09-01 00:30:00,-1.0,0.293
2015-09-01 00:45:00,-1.0,0.293
2015-09-01 01:00:00,-1.0,0.293
2015-09-01 01:15:00,-1.0,0.0
2015-09-01 01:30:00,0.0,0.195
2015-09-01 01:45:00,0.0,0.293
2015-09-01 02:00:00,0.0,0.293
2015-09-01 02:15:00,0.0,0.195
2015-09-01 02:30:00,-1.0,0.293
2015-09-01 02:45:00,-1.0,0.195
2015-09-01 03:00:00,-1.0,0.293
2015-09-01 03:15:00,-1.0,0.195
2015-09-01 03:30:00,-1.0,0.293
2015-09-01 03:45:00,-1.0,0.195
2015-09-01 04:00:00,-1.0,0.195
2015-09-01 04:15:00,-1.0,0.195
2015-09-01 04:30:00,-1.0,0.195
2015-09-01 04:45:00,-1.0,0.195
2015-09-01 05:00:00,-1.0,0.488
2015-09-01 05:15:00,3.0,3.418
2015-09-01 05:30:00,11.0,11.328
2015-09-01 05:45:00,24.0,19.141
2015-09-01 06:00:00,43.0,48.34
2015-09-01 06:15:00,74.0,154.883
2015-09-01 06:30:00,111.0,217.871
2015-09-01 06:45:00,149.5,284.668
2015-09-01 07:00:00,185.5,344.531
2015-09-01 07:15:00,224.5,406.934
2015-09-01 07:30:00,264.5,483.594
2015-09-01 07:45:00,297.5,552.734
2015-09-01 08:00:00,325.0,616.797
2015-09-01 08:15:00,357.0,675.977
2015-09-01 08:30:00,379.0,737.5
2015-09-01 08:45:00,403.5,788.086
2015-09-01 09:00:00,423.0,837.5
2015-09-01 09:15:00,444.0,888.574
2015-09-01 09:30:00,459.0,933.984
2015-09-01 09:45:00,470.5,971.777
2015-09-01 10:00:00,484.0,1011.426
2015-09-01 10:15:00,499.5,1045.996
2015-09-01 10:30:00,508.0,1071.875
2015-09-01 10:45:00,517.0,1092.871
2015-09-01 11:00:00,517.5,1112.402
2015-09-01 11:15:00,523.5,1128.223
2015-09-01 11:30:00,518.0,1135.449
2015-09-01 11:45:00,528.5,1137.012
2015-09-01 12:00:00,521.5,1138.184
2015-09-01 12:15:00,507.5,1122.168
2015-09-01 12:30:00,517.0,1101.563
2015-09-01 12:45:00,521.5,1110.84
2015-09-01 13:00:00,546.5,828.418
2015-09-01 13:15:00,502.0,900.684
2015-09-01 13:30:00,494.5,1006.738
2015-09-01 13:45:00,511.0,988.281
2015-09-01 14:00:00,472.5,1032.715
2015-09-01 14:15:00,230.0,915.527
2015-09-01 14:30:00,124.0,661.426
2015-09-01 14:45:00,137.0,362.012
2015-09-01 15:00:00,199.0,250.098
2015-09-01 15:15:00,299.5,409.18
2015-09-01 15:30:00,152.5,349.023
2015-09-01 15:45:00,97.5,231.641
2015-09-01 16:00:00,139.5,171.875
2015-09-01 16:15:00,79.5,197.168
2015-09-01 16:30:00,59.0,163.574
2015-09-01 16:45:00,56.5,109.082
2015-09-01 17:00:00,31.5,92.578
2015-09-01 17:15:00,20.0,43.945
2015-09-01 17:30:00,24.5,67.676
2015-09-01 17:45:00,14.5,48.34
2015-09-01 18:00:00,7.0,20.02
2015-09-01 18:15:00,-1.0,6.348
2015-09-01 18:30:00,-1.0,1.953
2015-09-01 18:45:00,0.0,0.488
2015-09-01 19:00:00,0.0,0.0
2015-09-01 19:15:00,0.0,0.488
2015-09-01 19:30:00,0.0,0.586
2015-09-01 19:45:00,-1.0,0.586
2015-09-01 20:00:00,0.0,0.586
2015-09-01 20:15:00,-1.0,0.586
2015-09-01 20:30:00,-1.0,0.586
2015-09-01 20:45:00,-1.0,0.488
2015-09-01 21:00:00,0.0,0.586
2015-09-01 21:15:00,0.0,0.586
2015-09-01 21:30:00,-1.0,0.684
2015-09-01 21:45:00,-1.0,0.684
2015-09-01 22:00:00,-1.0,0.586
2015-09-01 22:15:00,-1.0,0.391
2015-09-01 22:30:00,-1.0,0.586
2015-09-01 22:45:00,-1.0,0.586
2015-09-01 23:00:00,-1.0,0.488
2015-09-01 23:15:00,-1.0,0.488
2015-09-01 23:30:00,0.0,0.391
2015-09-01 23:45:00,-1.0,0.488
2015-09-02 00:00:00,-1.0,0.391
2015-09-02 00:15:00,-1.0,0.391
2015-09-02 00:30:00,-1.0,0.391
2015-09-02 00:45:00,0.0,0.391
2015-09-02 01:00:00,-1.0,0.293
2015-09-02 01:15:00,-1.0,0.0
2015-09-02 01:30:00,0.0,0.293
2015-09-02 01:45:00,0.0,0.391
2015-09-02 02:00:00,0.0,0.293
2015-09-02 02:15:00,-1.0,0.391
2015-09-02 02:30:00,-1.0,0.391
2015-09-02 02:45:00,-1.0,0.293
2015-09-02 03:00:00,-1.0,0.0
2015-09-02 03:15:00,0.0,0.293
2015-09-02 03:30:00,-1.0,0.0
2015-09-02 03:45:00,-1.0,0.391
2015-09-02 04:00:00,-1.0,0.293
2015-09-02 04:15:00,-1.0,0.293
2015-09-02 04:30:00,-1.0,0.293
2015-09-02 04:45:00,-1.0,0.391
2015-09-02 05:00:00,-1.0,0.488
2015-09-02 05:15:00,6.0,4.492
2015-09-02 05:30:00,16.5,21.484
2015-09-02 05:45:00,20.5,32.227
2015-09-02 06:00:00,53.0,61.523
2015-09-02 06:15:00,84.0,179.199
2015-09-02 06:30:00,120.0,238.281
2015-09-02 06:45:00,146.0,236.914
2015-09-02 07:00:00,186.0,331.348
2015-09-02 07:15:00,222.0,406.25
2015-09-02 07:30:00,260.5,474.902
2015-09-02 07:45:00,295.5,544.043
2015-09-02 08:00:00,328.5,614.648
2015-09-02 08:15:00,320.5,609.961
2015-09-02 08:30:00,394.5,751.563
2015-09-02 08:45:00,414.0,806.641
2015-09-02 09:00:00,432.5,842.188
2015-09-02 09:15:00,471.0,932.422
2015-09-02 09:30:00,466.0,937.109
2015-09-02 09:45:00,478.5,988.281
2015-09-02 10:00:00,451.5,973.926
2015-09-02 10:15:00,461.5,995.703
2015-09-02 10:30:00,444.5,909.375
2015-09-02 10:45:00,526.5,1086.621
2015-09-02 11:00:00,517.5,1120.02
2015-09-02 11:15:00,516.0,1129.102
2015-09-02 11:30:00,530.5,1130.664
2015-09-02 11:45:00,514.0,1138.184
2015-09-02 12:00:00,521.5,1133.008
2015-09-02 12:15:00,522.0,1133.594
2015-09-02 12:30:00,513.5,1123.438
2015-09-02 12:45:00,504.5,1090.723
2015-09-02 13:00:00,508.0,1096.875
2015-09-02 13:15:00,508.0,1091.113
2015-09-02 13:30:00,481.5,1037.305
2015-09-02 13:45:00,484.0,1017.969
2015-09-02 14:00:00,467.0,982.813
2015-09-02 14:15:00,437.0,940.918
2015-09-02 14:30:00,419.0,888.379
2015-09-02 14:45:00,392.0,812.012
2015-09-02 15:00:00,373.5,765.723
2015-09-02 15:15:00,355.0,703.027
2015-09-02 15:30:00,232.0,650.293
2015-09-02 15:45:00,293.5,534.766
2015-09-02 16:00:00,247.0,519.141
2015-09-02 16:15:00,199.0,462.402
2015-09-02 16:30:00,170.5,264.453
2015-09-02 16:45:00,118.5,261.523
2015-09-02 17:00:00,93.0,242.09
2015-09-02 17:15:00,56.5,117.383
2015-09-02 17:30:00,38.0,117.09
2015-09-02 17:45:00,16.0,68.945
2015-09-02 18:00:00,6.0,22.559
2015-09-02 18:15:00,1.0,8.496
2015-09-02 18:30:00,-1.0,1.27
2015-09-02 18:45:00,0.0,0.586
2015-09-02 19:00:00,0.0,0.586
2015-09-02 19:15:00,-1.0,0.488
2015-09-02 19:30:00,0.0,0.586
2015-09-02 19:45:00,0.0,0.586
2015-09-02 20:00:00,0.0,0.586
2015-09-02 20:15:00,0.0,0.0
2015-09-02 20:30:00,0.0,0.586
2015-09-02 20:45:00,0.0,0.488
2015-09-02 21:00:00,-1.0,0.586
2015-09-02 21:15:00,0.0,0.586
2015-09-02 21:30:00,-1.0,0.488
2015-09-02 21:45:00,-1.0,0.391
2015-09-02 22:00:00,0.0,0.488
2015-09-02 22:15:00,-1.0,0.586
2015-09-02 22:30:00,-1.0,0.488
2015-09-02 22:45:00,-1.0,0.391
2015-09-02 23:00:00,0.0,0.488
2015-09-02 23:15:00,0.0,0.391
2015-09-02 23:30:00,0.0,0.391
2015-09-02 23:45:00,-1.0,0.391
2015-09-03 00:00:00,-1.0,0.293
2015-09-03 00:15:00,-1.0,0.391
2015-09-03 00:30:00,-1.0,0.293
2015-09-03 00:45:00,0.0,0.391
2015-09-03 01:00:00,-1.0,0.391
2015-09-03 01:15:00,0.0,0.391
2015-09-03 01:30:00,-1.0,0.488
2015-09-03 01:45:00,0.0,0.391
2015-09-03 02:00:00,0.0,0.391
2015-09-03 02:15:00,0.0,0.293
2015-09-03 02:30:00,-1.0,0.0
2015-09-03 02:45:00,-1.0,0.293
2015-09-03 03:00:00,-1.0,0.195
2015-09-03 03:15:00,-1.0,0.293
2015-09-03 03:30:00,-1.0,0.293
2015-09-03 03:45:00,-1.0,0.195
2015-09-03 04:00:00,-1.0,0.293
2015-09-03 04:15:00,-1.0,0.293
2015-09-03 04:30:00,-1.0,0.293
2015-09-03 04:45:00,-1.0,0.293
2015-09-03 05:00:00,-1.0,0.293
2015-09-03 05:15:00,2.0,2.051
2015-09-03 05:30:00,-1.0,9.277
2015-09-03 05:45:00,14.0,20.215
2015-09-03 06:00:00,39.5,35.938
2015-09-03 06:15:00,70.5,159.766
2015-09-03 06:30:00,96.5,218.848
2015-09-03 06:45:00,137.0,288.281
2015-09-03 07:00:00,187.5,351.563
2015-09-03 07:15:00,228.0,419.629
2015-09-03 07:30:00,263.5,487.305
2015-09-03 07:45:00,298.0,553.125
2015-09-03 08:00:00,332.0,618.652
2015-09-03 08:15:00,363.0,684.668
2015-09-03 08:30:00,388.0,745.703
2015-09-03 08:45:00,415.0,803.418
2015-09-03 09:00:00,434.5,855.566
2015-09-03 09:15:00,454.0,906.641
2015-09-03 09:30:00,471.0,950.0
2015-09-03 09:45:00,493.0,987.891
2015-09-03 10:00:00,506.5,1028.027
2015-09-03 10:15:00,520.0,1062.891
2015-09-03 10:30:00,521.5,1086.035
2015-09-03 10:45:00,534.5,1111.816
2015-09-03 11:00:00,530.5,1127.832
2015-09-03 11:15:00,535.5,1138.379
2015-09-03 11:30:00,541.0,1151.465
2015-09-03 11:45:00,545.0,1158.496
2015-09-03 12:00:00,533.5,1152.344
2015-09-03 12:15:00,526.5,1142.48
2015-09-03 12:30:00,513.0,1131.836
2015-09-03 12:45:00,499.5,1115.723
2015-09-03 13:00:00,493.0,1093.945
2015-09-03 13:15:00,493.0,1067.09
2015-09-03 13:30:00,481.5,1036.719
2015-09-03 13:45:00,460.0,1000.0
2015-09-03 14:00:00,448.0,960.742
2015-09-03 14:15:00,423.0,915.82
2015-09-03 14:30:00,407.5,867.871
2015-09-03 14:45:00,383.0,819.043
2015-09-03 15:00:00,352.0,762.207
2015-09-03 15:15:00,317.0,693.555
2015-09-03 15:30:00,287.5,628.809
2015-09-03 15:45:00,257.5,567.676
2015-09-03 16:00:00,222.0,502.93
2015-09-03 16:15:00,184.0,436.523
2015-09-03 16:30:00,147.0,368.75
2015-09-03 16:45:00,112.0,301.758
2015-09-03 17:00:00,74.0,236.523
2015-09-03 17:15:00,43.5,173.926
2015-09-03 17:30:00,22.5,107.227
2015-09-03 17:45:00,8.5,45.313
2015-09-03 18:00:00,3.0,10.156
2015-09-03 18:15:00,-1.0,4.297
2015-09-03 18:30:00,-1.0,1.074
2015-09-03 18:45:00,0.0,0.586
2015-09-03 19:00:00,0.0,0.488
2015-09-03 19:15:00,0.0,0.586
2015-09-03 19:30:00,0.0,0.488
2015-09-03 19:45:00,0.0,0.391
2015-09-03 20:00:00,0.0,0.391
2015-09-03 20:15:00,0.0,0.391
2015-09-03 20:30:00,-1.0,0.391
2015-09-03 20:45:00,-1.0,0.391
2015-09-03 21:00:00,0.0,0.293
2015-09-03 21:15:00,-1.0,0.391
2015-09-03 21:30:00,0.0,0.0
2015-09-03 21:45:00,-1.0,0.293
2015-09-03 22:00:00,0.0,0.293
2015-09-03 22:15:00,-1.0,0.391
2015-09-03 22:30:00,-1.0,0.391
2015-09-03 22:45:00,-1.0,0.391
2015-09-03 23:00:00,0.0,0.293
2015-09-03 23:15:00,-1.0,0.293
2015-09-03 23:30:00,0.0,0.391
2015-09-03 23:45:00,-1.0,0.195
2015-09-04 00:00:00,-1.0,0.293
2015-09-04 00:15:00,-1.0,0.0
2015-09-04 00:30:00,-1.0,0.391
2015-09-04 00:45:00,0.0,0.293
2015-09-04 01:00:00,-1.0,0.0
2015-09-04 01:15:00,-1.0,0.293
2015-09-04 01:30:00,-1.0,0.293
2015-09-04 01:45:00,-1.0,0.293
2015-09-04 02:00:00,-1.0,0.195
2015-09-04 02:15:00,-1.0,0.0
2015-09-04 02:30:00,0.0,0.293
2015-09-04 02:45:00,0.0,0.293
2015-09-04 03:00:00,-1.0,0.195
2015-09-04 03:15:00,0.0,0.195
2015-09-04 03:30:00,-1.0,0.293
2015-09-04 03:45:00,-1.0,0.293
2015-09-04 04:00:00,-1.0,0.293
2015-09-04 04:15:00,-1.0,0.293
2015-09-04 04:30:00,-1.0,0.293
2015-09-04 04:45:00,-1.0,0.391
2015-09-04 05:00:00,-1.0,0.488
2015-09-04 05:15:00,2.5,2.441
2015-09-04 05:30:00,8.0,9.375
2015-09-04 05:45:00,20.0,18.359
2015-09-04 06:00:00,39.5,33.984
2015-09-04 06:15:00,61.0,148.242
2015-09-04 06:30:00,94.5,207.227
2015-09-04 06:45:00,124.0,271.289
2015-09-04 07:00:00,180.5,336.816
2015-09-04 07:15:00,223.0,405.859
2015-09-04 07:30:00,264.5,474.902
2015-09-04 07:45:00,299.0,543.945
2015-09-04 08:00:00,331.0,611.523
2015-09-04 08:15:00,359.0,671.094
2015-09-04 08:30:00,384.0,727.637
2015-09-04 08:45:00,405.0,784.668
2015-09-04 09:00:00,429.0,832.031
2015-09-04 09:15:00,446.0,883.301
2015-09-04 09:30:00,462.0,926.953
2015-09-04 09:45:00,482.5,966.699
2015-09-04 10:00:00,490.5,1010.742
2015-09-04 10:15:00,506.0,1042.773
2015-09-04 10:30:00,527.5,1077.93
2015-09-04 10:45:00,568.0,1029.492
2015-09-04 11:00:00,343.5,1012.305
2015-09-04 11:15:00,213.5,563.281
2015-09-04 11:30:00,175.5,889.844
2015-09-04 11:45:00,160.5,573.926
2015-09-04 12:00:00,225.0,750.977
2015-09-04 12:15:00,175.5,693.164
2015-09-04 12:30:00,623.0,790.527
2015-09-04 12:45:00,532.5,960.84
2015-09-04 13:00:00,521.0,888.867
2015-09-04 13:15:00,587.0,877.246
2015-09-04 13:30:00,233.5,564.551
2015-09-04 13:45:00,546.0,779.98
2015-09-04 14:00:00,493.0,774.707
2015-09-04 14:15:00,460.0,945.996
2015-09-04 14:30:00,446.0,885.254
2015-09-04 14:45:00,436.5,876.172
2015-09-04 15:00:00,407.5,805.176
2015-09-04 15:15:00,336.0,689.16
2015-09-04 15:30:00,327.0,625.977
2015-09-04 15:45:00,91.0,500.391
2015-09-04 16:00:00,74.0,189.746
2015-09-04 16:15:00,71.5,293.75
2015-09-04 16:30:00,99.0,218.164
2015-09-04 16:45:00,134.0,319.434
2015-09-04 17:00:00,81.5,246.68
2015-09-04 17:15:00,48.5,164.063
2015-09-04 17:30:00,24.0,94.824
2015-09-04 17:45:00,7.0,28.027
2015-09-04 18:00:00,2.5,9.863
2015-09-04 18:15:00,-1.0,3.711
2015-09-04 18:30:00,-1.0,0.684
2015-09-04 18:45:00,0.0,0.586
2015-09-04 19:00:00,0.0,0.488
2015-09-04 19:15:00,0.0,0.488
2015-09-04 19:30:00,0.0,0.488
2015-09-04 19:45:00,0.0,0.488
2015-09-04 20:00:00,-1.0,0.488
2015-09-04 20:15:00,0.0,0.391
2015-09-04 20:30:00,-1.0,0.391
2015-09-04 20:45:00,0.0,0.488
2015-09-04 21:00:00,0.0,0.488
2015-09-04 21:15:00,0.0,0.293
2015-09-04 21:30:00,0.0,0.391
2015-09-04 21:45:00,-1.0,0.293
2015-09-04 22:00:00,0.0,0.293
2015-09-04 22:15:00,0.0,0.391
2015-09-04 22:30:00,-1.0,0.293
2015-09-04 22:45:00,0.0,0.293
2015-09-04 23:00:00,-1.0,0.293
2015-09-04 23:15:00,-1.0,0.195
2015-09-04 23:30:00,0.0,0.293
2015-09-04 23:45:00,-1.0,0.195
2015-09-05 00:00:00,0.0,0.293
2015-09-05 00:15:00,-1.0,0.293
2015-09-05 00:30:00,-1.0,0.195
2015-09-05 00:45:00,-1.0,0.293
2015-09-05 01:00:00,-1.0,0.195
2015-09-05 01:15:00,0.0,0.195
2015-09-05 01:30:00,0.0,0.195
2015-09-05 01:45:00,-1.0,0.293
2015-09-05 02:00:00,-1.0,0.195
2015-09-05 02:15:00,-1.0,0.0
2015-09-05 02:30:00,-1.0,0.293
2015-09-05 02:45:00,-1.0,0.293
2015-09-05 03:00:00,-1.0,0.195
2015-09-05 03:15:00,-1.0,0.293
2015-09-05 03:30:00,-1.0,0.391
2015-09-05 03:45:00,-1.0,0.391
2015-09-05 04:00:00,-1.0,0.391
2015-09-05 04:15:00,-1.0,0.293
2015-09-05 04:30:00,0.0,0.293
2015-09-05 04:45:00,-1.0,0.391
2015-09-05 05:00:00,-1.0,0.488
2015-09-05 05:15:00,2.0,1.758
2015-09-05 05:30:00,10.0,9.082
2015-09-05 05:45:00,19.5,20.02
2015-09-05 06:00:00,42.5,33.105
2015-09-05 06:15:00,72.5,150.293
2015-09-05 06:30:00,110.0,195.313
2015-09-05 06:45:00,150.5,280.859
2015-09-05 07:00:00,191.5,349.805
2015-09-05 07:15:00,227.0,419.434
2015-09-05 07:30:00,270.0,488.672
2015-09-05 07:45:00,307.0,561.621
2015-09-05 08:00:00,336.5,628.223
2015-09-05 08:15:00,373.0,694.727
2015-09-05 08:30:00,396.5,758.105
2015-09-05 08:45:00,426.5,815.625
2015-09-05 09:00:00,452.0,871.777
2015-09-05 09:15:00,471.0,922.656
2015-09-05 09:30:00,489.0,971.68
2015-09-05 09:45:00,514.0,1017.48
2015-09-05 10:00:00,527.5,1056.25
2015-09-05 10:15:00,534.5,1085.352
2015-09-05 10:30:00,544.0,1108.789
2015-09-05 10:45:00,548.0,1129.59
2015-09-05 11:00:00,548.5,1149.316
2015-09-05 11:15:00,548.0,1160.352
2015-09-05 11:30:00,551.5,1168.555
2015-09-05 11:45:00,554.5,1165.918
2015-09-05 12:00:00,554.0,1162.109
2015-09-05 12:15:00,539.0,1155.664
2015-09-05 12:30:00,535.0,1142.09
2015-09-05 12:45:00,526.5,1127.246
2015-09-05 13:00:00,512.0,1102.93
2015-09-05 13:15:00,503.5,1078.32
2015-09-05 13:30:00,494.0,1047.363
2015-09-05 13:45:00,479.0,1012.402
2015-09-05 14:00:00,459.5,972.07
2015-09-05 14:15:00,441.0,925.781
2015-09-05 14:30:00,419.0,871.484
2015-09-05 14:45:00,387.0,814.648
2015-09-05 15:00:00,369.0,757.324
2015-09-05 15:15:00,338.5,697.559
2015-09-05 15:30:00,307.0,632.031
2015-09-05 15:45:00,273.0,570.996
2015-09-05 16:00:00,234.0,503.516
2015-09-05 16:15:00,197.0,431.641
2015-09-05 16:30:00,153.5,361.133
2015-09-05 16:45:00,113.0,290.234
2015-09-05 17:00:00,74.5,225.781
2015-09-05 17:15:00,45.0,163.672
2015-09-05 17:30:00,23.5,95.215
2015-09-05 17:45:00,8.5,37.695
2015-09-05 18:00:00,4.0,11.328
2015-09-05 18:15:00,-1.0,3.809
2015-09-05 18:30:00,-1.0,0.684
2015-09-05 18:45:00,-1.0,0.488
2015-09-05 19:00:00,0.0,0.488
2015-09-05 19:15:00,0.0,0.391
2015-09-05 19:30:00,0.0,0.391
2015-09-05 19:45:00,0.0,0.391
2015-09-05 20:00:00,-1.0,0.293
2015-09-05 20:15:00,-1.0,0.293
2015-09-05 20:30:00,-1.0,0.293
2015-09-05 20:45:00,0.0,0.293
2015-09-05 21:00:00,-1.0,0.391
2015-09-05 21:15:00,0.0,0.195
2015-09-05 21:30:00,0.0,0.293
2015-09-05 21:45:00,0.0,0.293
2015-09-05 22:00:00,0.0,0.293
2015-09-05 22:15:00,0.0,0.195
2015-09-05 22:30:00,0.0,0.293
2015-09-05 22:45:00,0.0,0.195
2015-09-05 23:00:00,0.0,0.195
2015-09-05 23:15:00,0.0,0.195
2015-09-05 23:30:00,0.0,0.195
2015-09-05 23:45:00,0.0,0.098
2015-09-06 00:00:00,-1.0,0.0
2015-09-06 00:15:00,-1.0,0.0
2015-09-06 00:30:00,-1.0,0.195
2015-09-06 00:45:00,-1.0,0.195
2015-09-06 01:00:00,0.0,0.293
2015-09-06 01:15:00,-1.0,0.293
2015-09-06 01:30:00,-1.0,0.293
2015-09-06 01:45:00,0.0,0.0
2015-09-06 02:00:00,0.0,0.195
2015-09-06 02:15:00,-1.0,0.195
2015-09-06 02:30:00,-1.0,0.293
2015-09-06 02:45:00,-1.0,0.293
2015-09-06 03:00:00,-1.0,0.195
2015-09-06 03:15:00,0.0,0.293
2015-09-06 03:30:00,-1.0,0.195
2015-09-06 03:45:00,0.0,0.195
2015-09-06 04:00:00,-1.0,0.195
2015-09-06 04:15:00,-1.0,0.195
2015-09-06 04:30:00,-1.0,0.098
2015-09-06 04:45:00,-1.0,0.098
2015-09-06 05:00:00,-1.0,0.0
2015-09-06 05:15:00,2.5,2.051
2015-09-06 05:30:00,6.5,7.813
2015-09-06 05:45:00,14.0,15.82
2015-09-06 06:00:00,23.5,23.34
2015-09-06 06:15:00,24.5,35.254
2015-09-06 06:30:00,45.5,104.004
2015-09-06 06:45:00,166.0,235.742
2015-09-06 07:00:00,204.5,363.281
2015-09-06 07:15:00,255.0,448.926
2015-09-06 07:30:00,74.5,513.965
2015-09-06 07:45:00,334.0,497.461
2015-09-06 08:00:00,351.0,549.707
2015-09-06 08:15:00,353.5,692.48
2015-09-06 08:30:00,379.0,737.402
2015-09-06 08:45:00,416.5,812.5
2015-09-06 09:00:00,444.0,871.68
2015-09-06 09:15:00,450.0,941.113
2015-09-06 09:30:00,439.0,802.051
2015-09-06 09:45:00,496.5,896.094
2015-09-06 10:00:00,473.5,1031.738
2015-09-06 10:15:00,482.5,1043.75
2015-09-06 10:30:00,489.0,1068.555
2015-09-06 10:45:00,496.0,1089.258
2015-09-06 11:00:00,506.0,1105.566
2015-09-06 11:15:00,503.5,1116.406
2015-09-06 11:30:00,507.5,1122.656
2015-09-06 11:45:00,506.5,1124.316
2015-09-06 12:00:00,503.5,1124.414
2015-09-06 12:15:00,509.5,1121.582
2015-09-06 12:30:00,517.5,1125.879
2015-09-06 12:45:00,513.5,964.844
2015-09-06 13:00:00,488.5,1085.547
2015-09-06 13:15:00,475.5,1037.012
2015-09-06 13:30:00,463.0,1006.055
2015-09-06 13:45:00,445.5,966.699
2015-09-06 14:00:00,434.5,927.832
2015-09-06 14:15:00,413.0,883.984
2015-09-06 14:30:00,399.5,842.969
2015-09-06 14:45:00,247.0,700.586
2015-09-06 15:00:00,186.5,558.203
2015-09-06 15:15:00,168.5,367.578
2015-09-06 15:30:00,336.5,285.156
2015-09-06 15:45:00,303.5,515.82
2015-09-06 16:00:00,265.5,575.391
2015-09-06 16:15:00,68.5,456.25
2015-09-06 16:30:00,185.5,158.984
2015-09-06 16:45:00,120.5,288.672
2015-09-06 17:00:00,68.0,129.102
2015-09-06 17:15:00,43.5,160.352
2015-09-06 17:30:00,24.0,92.676
2015-09-06 17:45:00,8.0,38.086
2015-09-06 18:00:00,2.5,11.328
2015-09-06 18:15:00,-1.0,3.027
2015-09-06 18:30:00,-1.0,0.781
2015-09-06 18:45:00,0.0,0.586
2015-09-06 19:00:00,0.0,0.488
2015-09-06 19:15:00,0.0,0.586
2015-09-06 19:30:00,-1.0,0.586
2015-09-06 19:45:00,-1.0,0.586
2015-09-06 20:00:00,-1.0,0.586
2015-09-06 20:15:00,-1.0,0.0
2015-09-06 20:30:00,0.0,0.586
2015-09-06 20:45:00,0.0,0.488
2015-09-06 21:00:00,0.0,0.488
2015-09-06 21:15:00,0.0,0.391
2015-09-06 21:30:00,-1.0,0.391
2015-09-06 21:45:00,0.0,0.488
2015-09-06 22:00:00,-1.0,0.488
2015-09-06 22:15:00,0.0,0.391
2015-09-06 22:30:00,0.0,0.391
2015-09-06 22:45:00,0.0,0.488
2015-09-06 23:00:00,0.0,0.391
2015-09-06 23:15:00,-1.0,0.391
2015-09-06 23:30:00,-1.0,0.488
2015-09-06 23:45:00,0.0,0.293
2015-09-07 00:00:00,0.0,0.293
2015-09-07 00:15:00,-1.0,0.391
2015-09-07 00:30:00,0.0,0.391
2015-09-07 00:45:00,-1.0,0.293
2015-09-07 01:00:00,0.0,0.293
2015-09-07 01:15:00,-1.0,0.293
2015-09-07 01:30:00,-1.0,0.0
2015-09-07 01:45:00,0.0,0.293
2015-09-07 02:00:00,0.0,0.0
2015-09-07 02:15:00,-1.0,0.293
2015-09-07 02:30:00,-1.0,0.293
2015-09-07 02:45:00,-1.0,0.391
2015-09-07 03:00:00,-1.0,0.391
2015-09-07 03:15:00,-1.0,0.293
2015-09-07 03:30:00,-1.0,0.293
2015-09-07 03:45:00,-1.0,0.293
2015-09-07 04:00:00,-1.0,0.293
2015-09-07 04:15:00,-1.0,0.293
2015-09-07 04:30:00,-1.0,0.293
2015-09-07 04:45:00,-1.0,0.293
2015-09-07 05:00:00,-1.0,0.391
2015-09-07 05:15:00,1.0,1.27
2015-09-07 05:30:00,-1.0,6.641
2015-09-07 05:45:00,16.5,16.113
2015-09-07 06:00:00,37.5,22.949
2015-09-07 06:15:00,67.5,139.355
2015-09-07 06:30:00,103.0,205.469
2015-09-07 06:45:00,140.0,272.949
2015-09-07 07:00:00,180.0,340.527
2015-09-07 07:15:00,219.0,407.91
2015-09-07 07:30:00,255.0,474.023
2015-09-07 07:45:00,288.0,543.652
2015-09-07 08:00:00,319.5,607.813
2015-09-07 08:15:00,346.5,670.801
2015-09-07 08:30:00,373.0,732.813
2015-09-07 08:45:00,394.5,790.137
2015-09-07 09:00:00,413.5,845.02
2015-09-07 09:15:00,433.0,895.313
2015-09-07 09:30:00,448.5,939.355
2015-09-07 09:45:00,462.0,979.883
2015-09-07 10:00:00,472.5,1015.918
2015-09-07 10:15:00,483.0,1049.121
2015-09-07 10:30:00,481.0,1073.34
2015-09-07 10:45:00,490.0,1093.555
2015-09-07 11:00:00,495.0,1111.426
2015-09-07 11:15:00,493.0,1118.262
2015-09-07 11:30:00,493.0,1120.605
2015-09-07 11:45:00,494.0,1125.586
2015-09-07 12:00:00,491.0,1122.168
2015-09-07 12:15:00,484.0,1110.645
2015-09-07 12:30:00,486.0,1107.52
2015-09-07 12:45:00,488.5,1098.047
2015-09-07 13:00:00,469.5,1074.805
2015-09-07 13:15:00,469.0,1058.594
2015-09-07 13:30:00,462.0,1023.34
2015-09-07 13:45:00,461.5,981.543
2015-09-07 14:00:00,450.0,954.004
2015-09-07 14:15:00,418.5,902.051
2015-09-07 14:30:00,393.5,844.336
2015-09-07 14:45:00,366.5,784.375
2015-09-07 15:00:00,340.0,726.758
2015-09-07 15:15:00,332.0,684.277
2015-09-07 15:30:00,292.0,650.391
2015-09-07 15:45:00,257.5,562.695
2015-09-07 16:00:00,224.0,500.195
2015-09-07 16:15:00,182.5,426.074
2015-09-07 16:30:00,143.5,301.465
2015-09-07 16:45:00,103.0,280.371
2015-09-07 17:00:00,66.0,215.43
2015-09-07 17:15:00,37.0,155.664
2015-09-07 17:30:00,18.0,87.012
2015-09-07 17:45:00,6.0,28.906
2015-09-07 18:00:00,2.0,0.0
2015-09-07 18:15:00,0.0,2.637
2015-09-07 18:30:00,-1.0,0.0
2015-09-07 18:45:00,-1.0,0.391
2015-09-07 19:00:00,0.0,0.391
2015-09-07 19:15:00,-1.0,0.586
2015-09-07 19:30:00,0.0,0.586
2015-09-07 19:45:00,0.0,0.586
2015-09-07 20:00:00,0.0,0.488
2015-09-07 20:15:00,0.0,0.488
2015-09-07 20:30:00,0.0,0.586
2015-09-07 20:45:00,0.0,0.586
2015-09-07 21:00:00,-1.0,0.488
2015-09-07 21:15:00,0.0,0.0
2015-09-07 21:30:00,0.0,0.488
2015-09-07 21:45:00,-1.0,0.391
2015-09-07 22:00:00,0.0,0.391
2015-09-07 22:15:00,-1.0,0.488
2015-09-07 22:30:00,-1.0,0.391
2015-09-07 22:45:00,-1.0,0.391
2015-09-07 23:00:00,-1.0,0.391
2015-09-07 23:15:00,0.0,0.293
2015-09-07 23:30:00,-1.0,0.293
2015-09-07 23:45:00,-1.0,0.293
2015-09-08 00:00:00,-1.0,0.0
2015-09-08 00:15:00,0.0,0.293
2015-09-08 00:30:00,-1.0,0.391
2015-09-08 00:45:00,0.0,0.391
2015-09-08 01:00:00,-1.0,0.391
2015-09-08 01:15:00,0.0,0.293
2015-09-08 01:30:00,0.0,0.293
2015-09-08 01:45:00,-1.0,0.293
2015-09-08 02:00:00,0.0,0.0
2015-09-08 02:15:00,-1.0,0.391
2015-09-08 02:30:00,-1.0,0.293
2015-09-08 02:45:00,-1.0,0.293
2015-09-08 03:00:00,0.0,0.195
2015-09-08 03:15:00,0.0,0.195
2015-09-08 03:30:00,0.0,0.195
2015-09-08 03:45:00,-1.0,0.293
2015-09-08 04:00:00,-1.0,0.195
2015-09-08 04:15:00,-1.0,0.195
2015-09-08 04:30:00,-1.0,0.195
2015-09-08 04:45:00,-1.0,0.195
2015-09-08 05:00:00,-1.0,0.293
2015-09-08 05:15:00,2.0,1.66
2015-09-08 05:30:00,-1.0,6.055
2015-09-08 05:45:00,10.5,10.938
2015-09-08 06:00:00,35.0,17.188
2015-09-08 06:15:00,66.5,137.5
2015-09-08 06:30:00,89.0,209.863
2015-09-08 06:45:00,122.5,277.148
2015-09-08 07:00:00,157.0,342.285
2015-09-08 07:15:00,195.0,410.645
2015-09-08 07:30:00,256.5,477.734
2015-09-08 07:45:00,288.5,550.0
2015-09-08 08:00:00,319.5,612.891
2015-09-08 08:15:00,346.0,674.219
2015-09-08 08:30:00,371.5,735.449
2015-09-08 08:45:00,397.5,792.969
2015-09-08 09:00:00,417.5,846.484
2015-09-08 09:15:00,434.0,895.996
2015-09-08 09:30:00,448.0,939.551
2015-09-08 09:45:00,461.5,980.664
2015-09-08 10:00:00,468.0,1017.383
2015-09-08 10:15:00,479.5,1046.582
2015-09-08 10:30:00,486.5,1071.289
2015-09-08 10:45:00,486.0,1093.066
2015-09-08 11:00:00,488.0,1109.277
2015-09-08 11:15:00,485.0,1121.973
2015-09-08 11:30:00,484.5,1127.148
2015-09-08 11:45:00,488.0,1128.809
2015-09-08 12:00:00,484.5,1123.828
2015-09-08 12:15:00,475.5,1117.578
2015-09-08 12:30:00,480.5,1105.664
2015-09-08 12:45:00,475.0,1086.23
2015-09-08 13:00:00,467.5,1062.402
2015-09-08 13:15:00,452.0,1035.645
2015-09-08 13:30:00,440.5,1002.246
2015-09-08 13:45:00,430.0,964.355
2015-09-08 14:00:00,411.5,923.34
2015-09-08 14:15:00,396.5,875.879
2015-09-08 14:30:00,375.0,824.902
2015-09-08 14:45:00,352.0,772.266
2015-09-08 15:00:00,325.0,716.602
2015-09-08 15:15:00,295.5,656.934
2015-09-08 15:30:00,264.5,593.164
2015-09-08 15:45:00,234.0,530.176
2015-09-08 16:00:00,198.0,462.891
2015-09-08 16:15:00,162.5,396.68
2015-09-08 16:30:00,126.0,329.297
2015-09-08 16:45:00,91.0,264.453
2015-09-08 17:00:00,47.0,195.898
2015-09-08 17:15:00,16.5,106.348
2015-09-08 17:30:00,12.0,48.828
2015-09-08 17:45:00,5.0,21.191
2015-09-08 18:00:00,2.0,7.52
2015-09-08 18:15:00,0.0,2.148
2015-09-08 18:30:00,-1.0,0.586
2015-09-08 18:45:00,0.0,0.488
2015-09-08 19:00:00,0.0,0.391
2015-09-08 19:15:00,0.0,0.488
2015-09-08 19:30:00,0.0,0.488
2015-09-08 19:45:00,0.0,0.586
2015-09-08 20:00:00,0.0,0.586
2015-09-08 20:15:00,-1.0,0.586
2015-09-08 20:30:00,0.0,0.586
2015-09-08 20:45:00,-1.0,0.586
2015-09-08 21:00:00,0.0,0.586
2015-09-08 21:15:00,0.0,0.586
2015-09-08 21:30:00,0.0,0.586
2015-09-08 21:45:00,-1.0,0.586
2015-09-08 22:00:00,0.0,0.391
2015-09-08 22:15:00,-1.0,0.488
2015-09-08 22:30:00,0.0,0.391
2015-09-08 22:45:00,-1.0,0.488
2015-09-08 23:00:00,-1.0,0.391
2015-09-08 23:15:00,-1.0,0.488
2015-09-08 23:30:00,-1.0,0.488
2015-09-08 23:45:00,-1.0,0.391
2015-09-09 00:00:00,-1.0,0.391
2015-09-09 00:15:00,0.0,0.0
2015-09-09 00:30:00,-1.0,0.391
2015-09-09 00:45:00,-1.0,0.391
2015-09-09 01:00:00,-1.0,0.391
2015-09-09 01:15:00,-1.0,0.391
2015-09-09 01:30:00,0.0,0.391
2015-09-09 01:45:00,-1.0,0.391
2015-09-09 02:00:00,0.0,0.391
2015-09-09 02:15:00,-1.0,0.391
2015-09-09 02:30:00,-1.0,0.293
2015-09-09 02:45:00,-1.0,0.293
2015-09-09 03:00:00,-1.0,0.391
2015-09-09 03:15:00,0.0,0.0
2015-09-09 03:30:00,-1.0,0.0
2015-09-09 03:45:00,-1.0,0.391
2015-09-09 04:00:00,-1.0,0.0
2015-09-09 04:15:00,0.0,0.293
2015-09-09 04:30:00,-1.0,0.293
2015-09-09 04:45:00,-1.0,0.391
2015-09-09 05:00:00,-1.0,0.391
2015-09-09 05:15:00,1.0,1.66
2015-09-09 05:30:00,-1.0,7.227
2015-09-09 05:45:00,15.5,15.918
2015-09-09 06:00:00,35.5,23.828
2015-09-09 06:15:00,63.0,120.801
2015-09-09 06:30:00,86.0,193.555
2015-09-09 06:45:00,116.0,257.227
2015-09-09 07:00:00,147.0,320.508
2015-09-09 07:15:00,207.5,389.844
2015-09-09 07:30:00,246.0,455.859
2015-09-09 07:45:00,279.0,526.66
2015-09-09 08:00:00,311.0,588.574
2015-09-09 08:15:00,338.0,651.855
2015-09-09 08:30:00,365.0,712.012
2015-09-09 08:45:00,386.5,770.801
2015-09-09 09:00:00,407.0,823.047
2015-09-09 09:15:00,424.5,871.582
2015-09-09 09:30:00,438.5,919.238
2015-09-09 09:45:00,452.5,958.496
2015-09-09 10:00:00,466.0,995.996
2015-09-09 10:15:00,474.5,1028.613
2015-09-09 10:30:00,481.0,1058.496
2015-09-09 10:45:00,484.5,1086.523
2015-09-09 11:00:00,490.5,1100.684
2015-09-09 11:15:00,485.0,1114.063
2015-09-09 11:30:00,496.5,1124.023
2015-09-09 11:45:00,488.0,1127.148
2015-09-09 12:00:00,476.5,1120.02
2015-09-09 12:15:00,473.5,1112.988
2015-09-09 12:30:00,472.5,1101.27
2015-09-09 12:45:00,463.5,1087.598
2015-09-09 13:00:00,458.0,1055.078
2015-09-09 13:15:00,446.0,1031.445
2015-09-09 13:30:00,440.5,1005.176
2015-09-09 13:45:00,432.5,975.391
2015-09-09 14:00:00,412.0,934.961
2015-09-09 14:15:00,396.5,887.207
2015-09-09 14:30:00,378.0,840.723
2015-09-09 14:45:00,351.5,781.934
2015-09-09 15:00:00,325.0,721.289
2015-09-09 15:15:00,301.0,658.398
2015-09-09 15:30:00,268.5,597.559
2015-09-09 15:45:00,205.5,521.973
2015-09-09 16:00:00,197.5,422.656
2015-09-09 16:15:00,149.5,344.727
2015-09-09 16:30:00,93.0,250.0
2015-09-09 16:45:00,55.0,197.363
2015-09-09 17:00:00,59.0,149.512
2015-09-09 17:15:00,31.0,112.891
2015-09-09 17:30:00,14.5,43.262
2015-09-09 17:45:00,5.0,21.191
2015-09-09 18:00:00,-1.0,5.957
2015-09-09 18:15:00,0.0,1.367
2015-09-09 18:30:00,0.0,0.391
2015-09-09 18:45:00,-1.0,0.488
2015-09-09 19:00:00,0.0,0.586
2015-09-09 19:15:00,0.0,0.488
2015-09-09 19:30:00,0.0,0.391
2015-09-09 19:45:00,0.0,0.586
2015-09-09 20:00:00,0.0,0.586
2015-09-09 20:15:00,-1.0,0.586
2015-09-09 20:30:00,-1.0,0.586
2015-09-09 20:45:00,0.0,0.684
2015-09-09 21:00:00,0.0,0.586
2015-09-09 21:15:00,0.0,0.586
2015-09-09 21:30:00,0.0,0.586
2015-09-09 21:45:00,-1.0,0.488
2015-09-09 22:00:00,0.0,0.488
2015-09-09 22:15:00,0.0,0.488
2015-09-09 22:30:00,0.0,0.488
2015-09-09 22:45:00,-1.0,0.0
2015-09-09 23:00:00,0.0,0.488
2015-09-09 23:15:00,0.0,0.391
2015-09-09 23:30:00,0.0,0.488
2015-09-09 23:45:00,-1.0,0.391
2015-09-10 00:00:00,-1.0,0.488
2015-09-10 00:15:00,-1.0,0.488
2015-09-10 00:30:00,-1.0,0.391
2015-09-10 00:45:00,0.0,0.391
2015-09-10 01:00:00,0.0,0.391
2015-09-10 01:15:00,0.0,0.391
2015-09-10 01:30:00,-1.0,0.391
2015-09-10 01:45:00,-1.0,0.391
2015-09-10 02:00:00,-1.0,0.391
2015-09-10 02:15:00,-1.0,0.0
2015-09-10 02:30:00,-1.0,0.391
2015-09-10 02:45:00,0.0,0.391
2015-09-10 03:00:00,-1.0,0.293
2015-09-10 03:15:00,0.0,0.293
2015-09-10 03:30:00,-1.0,0.293
2015-09-10 03:45:00,-1.0,0.293
2015-09-10 04:00:00,0.0,0.293
2015-09-10 04:15:00,-1.0,0.293
2015-09-10 04:30:00,-1.0,0.195
2015-09-10 04:45:00,-1.0,0.293
2015-09-10 05:00:00,-1.0,0.195
2015-09-10 05:15:00,1.0,1.367
2015-09-10 05:30:00,-1.0,7.52
2015-09-10 05:45:00,18.5,19.434
2015-09-10 06:00:00,31.0,29.59
2015-09-10 06:15:00,60.0,112.109
2015-09-10 06:30:00,81.0,184.375
2015-09-10 06:45:00,115.0,249.414
2015-09-10 07:00:00,165.0,315.039
2015-09-10 07:15:00,199.5,377.734
2015-09-10 07:30:00,238.0,444.434
2015-09-10 07:45:00,274.5,517.578
2015-09-10 08:00:00,302.0,577.441
2015-09-10 08:15:00,330.5,639.941
2015-09-10 08:30:00,353.5,698.34
2015-09-10 08:45:00,379.0,752.246
2015-09-10 09:00:00,399.5,805.664
2015-09-10 09:15:00,416.5,855.273
2015-09-10 09:30:00,431.0,900.195
2015-09-10 09:45:00,445.5,940.527
2015-09-10 10:00:00,457.0,977.148
2015-09-10 10:15:00,466.0,1008.301
2015-09-10 10:30:00,473.5,1034.18
2015-09-10 10:45:00,474.5,1057.324
2015-09-10 11:00:00,484.5,1076.172
2015-09-10 11:15:00,478.5,1085.449
2015-09-10 11:30:00,486.5,1092.285
2015-09-10 11:45:00,479.0,1091.992
2015-09-10 12:00:00,475.5,1092.383
2015-09-10 12:15:00,479.0,1087.988
2015-09-10 12:30:00,466.0,1078.223
2015-09-10 12:45:00,461.0,1058.398
2015-09-10 13:00:00,456.0,1026.758
2015-09-10 13:15:00,450.0,1023.828
2015-09-10 13:30:00,440.5,962.5
2015-09-10 13:45:00,423.0,957.715
2015-09-10 14:00:00,409.0,919.922
2015-09-10 14:15:00,392.0,876.074
2015-09-10 14:30:00,365.5,820.703
2015-09-10 14:45:00,342.0,759.082
2015-09-10 15:00:00,319.5,695.117
2015-09-10 15:15:00,292.5,642.48
2015-09-10 15:30:00,265.5,584.375
2015-09-10 15:45:00,58.0,414.844
2015-09-10 16:00:00,203.0,313.867
2015-09-10 16:15:00,162.5,389.355
2015-09-10 16:30:00,123.5,312.5
2015-09-10 16:45:00,67.5,190.43
2015-09-10 17:00:00,49.5,108.203
2015-09-10 17:15:00,26.0,77.93
2015-09-10 17:30:00,13.5,59.766
2015-09-10 17:45:00,4.5,18.652
2015-09-10 18:00:00,-1.0,6.445
2015-09-10 18:15:00,-1.0,1.465
2015-09-10 18:30:00,0.0,0.586
2015-09-10 18:45:00,0.0,0.488
2015-09-10 19:00:00,0.0,0.488
2015-09-10 19:15:00,0.0,0.488
2015-09-10 19:30:00,0.0,0.488
2015-09-10 19:45:00,0.0,0.391
2015-09-10 20:00:00,-1.0,0.488
2015-09-10 20:15:00,0.0,0.488
2015-09-10 20:30:00,0.0,0.586
2015-09-10 20:45:00,0.0,0.488
2015-09-10 21:00:00,0.0,0.586
2015-09-10 21:15:00,-1.0,0.391
2015-09-10 21:30:00,-1.0,0.488
2015-09-10 21:45:00,-1.0,0.0
2015-09-10 22:00:00,0.0,0.488
2015-09-10 22:15:00,-1.0,0.586
2015-09-10 22:30:00,0.0,0.488
2015-09-10 22:45:00,-1.0,0.391
2015-09-10 23:00:00,-1.0,0.488
2015-09-10 23:15:00,0.0,0.391
2015-09-10 23:30:00,-1.0,0.293
2015-09-10 23:45:00,-1.0,0.391
2015-09-11 00:00:00,0.0,0.391
2015-09-11 00:15:00,0.0,0.391
2015-09-11 00:30:00,0.0,0.488
2015-09-11 00:45:00,-1.0,0.391
2015-09-11 01:00:00,0.0,0.391
2015-09-11 01:15:00,-1.0,0.0
2015-09-11 01:30:00,-1.0,0.293
2015-09-11 01:45:00,0.0,0.293
2015-09-11 02:00:00,0.0,0.391
2015-09-11 02:15:00,0.0,0.293
2015-09-11 02:30:00,0.0,0.391
2015-09-11 02:45:00,-1.0,0.391
2015-09-11 03:00:00,0.0,0.293
2015-09-11 03:15:00,-1.0,0.391
2015-09-11 03:30:00,-1.0,0.391
2015-09-11 03:45:00,-1.0,0.293
2015-09-11 04:00:00,-1.0,0.391
2015-09-11 04:15:00,-1.0,0.391
2015-09-11 04:30:00,0.0,0.293
2015-09-11 04:45:00,-1.0,0.293
2015-09-11 05:00:00,-1.0,0.293
2015-09-11 05:15:00,2.0,1.27
2015-09-11 05:30:00,-1.0,6.641
2015-09-11 05:45:00,17.5,17.48
2015-09-11 06:00:00,30.0,28.027
2015-09-11 06:15:00,58.0,104.102
2015-09-11 06:30:00,90.0,180.273
2015-09-11 06:45:00,119.0,244.922
2015-09-11 07:00:00,142.0,311.133
2015-09-11 07:15:00,176.5,378.32
2015-09-11 07:30:00,235.5,444.238
2015-09-11 07:45:00,270.5,512.5
2015-09-11 08:00:00,303.5,576.66
2015-09-11 08:15:00,333.0,646.094
2015-09-11 08:30:00,357.0,707.91
2015-09-11 08:45:00,376.5,763.477
2015-09-11 09:00:00,402.0,816.406
2015-09-11 09:15:00,417.5,866.504
2015-09-11 09:30:00,436.0,915.723
2015-09-11 09:45:00,448.5,959.766
2015-09-11 10:00:00,458.0,996.68
2015-09-11 10:15:00,469.5,1026.758
2015-09-11 10:30:00,475.5,1055.176
2015-09-11 10:45:00,481.0,1077.832
2015-09-11 11:00:00,482.5,1098.633
2015-09-11 11:15:00,486.5,1113.184
2015-09-11 11:30:00,477.0,1120.996
2015-09-11 11:45:00,481.5,1113.477
2015-09-11 12:00:00,478.5,1114.355
2015-09-11 12:15:00,477.0,1108.398
2015-09-11 12:30:00,471.0,1090.527
2015-09-11 12:45:00,465.5,1079.102
2015-09-11 13:00:00,455.5,1054.688
2015-09-11 13:15:00,445.5,1030.371
2015-09-11 13:30:00,433.0,995.703
2015-09-11 13:45:00,423.0,957.813
2015-09-11 14:00:00,407.0,918.457
2015-09-11 14:15:00,386.5,872.949
2015-09-11 14:30:00,365.0,817.285
2015-09-11 14:45:00,334.5,759.961
2015-09-11 15:00:00,308.0,696.973
2015-09-11 15:15:00,281.0,641.309
2015-09-11 15:30:00,251.5,579.102
2015-09-11 15:45:00,220.5,514.258
2015-09-11 16:00:00,185.5,446.387
2015-09-11 16:15:00,151.0,378.711
2015-09-11 16:30:00,116.0,310.742
2015-09-11 16:45:00,79.5,245.605
2015-09-11 17:00:00,49.5,180.469
2015-09-11 17:15:00,28.0,118.848
2015-09-11 17:30:00,10.0,52.93
2015-09-11 17:45:00,3.0,13.086
2015-09-11 18:00:00,-1.0,4.883
2015-09-11 18:15:00,-1.0,1.172
2015-09-11 18:30:00,-1.0,0.488
2015-09-11 18:45:00,-1.0,0.488
2015-09-11 19:00:00,0.0,0.586
2015-09-11 19:15:00,0.0,0.586
2015-09-11 19:30:00,0.0,0.684
2015-09-11 19:45:00,-1.0,0.586
2015-09-11 20:00:00,0.0,0.586
2015-09-11 20:15:00,-1.0,0.586
2015-09-11 20:30:00,-1.0,0.488
2015-09-11 20:45:00,-1.0,0.684
2015-09-11 21:00:00,-1.0,0.586
2015-09-11 21:15:00,-1.0,0.391
2015-09-11 21:30:00,-1.0,0.488
2015-09-11 21:45:00,0.0,0.488
2015-09-11 22:00:00,-1.0,0.391
2015-09-11 22:15:00,0.0,0.391
2015-09-11 22:30:00,-1.0,0.488
2015-09-11 22:45:00,0.0,0.391
2015-09-11 23:00:00,-1.0,0.488
2015-09-11 23:15:00,-1.0,0.0
2015-09-11 23:30:00,-1.0,0.293
2015-09-11 23:45:00,0.0,0.391
2015-09-12 00:00:00,-1.0,0.391
2015-09-12 00:15:00,-1.0,0.293
2015-09-12 00:30:00,-1.0,0.293
2015-09-12 00:45:00,0.0,0.293
2015-09-12 01:00:00,0.0,0.293
2015-09-12 01:15:00,-1.0,0.391
2015-09-12 01:30:00,-1.0,0.293
2015-09-12 01:45:00,-1.0,0.293
2015-09-12 02:00:00,-1.0,0.293
2015-09-12 02:15:00,-1.0,0.195
2015-09-12 02:30:00,0.0,0.195
2015-09-12 02:45:00,-1.0,0.293
2015-09-12 03:00:00,-1.0,0.195
2015-09-12 03:15:00,-1.0,0.293
2015-09-12 03:30:00,-1.0,0.293
2015-09-12 03:45:00,-1.0,0.391
2015-09-12 04:00:00,0.0,0.293
2015-09-12 04:15:00,0.0,0.293
2015-09-12 04:30:00,-1.0,0.195
2015-09-12 04:45:00,-1.0,0.195
2015-09-12 05:00:00,-1.0,0.293
2015-09-12 05:15:00,1.0,1.172
2015-09-12 05:30:00,-1.0,5.566
2015-09-12 05:45:00,15.5,13.477
2015-09-12 06:00:00,31.0,23.73
2015-09-12 06:15:00,60.5,105.176
2015-09-12 06:30:00,93.0,191.602
2015-09-12 06:45:00,113.0,257.617
2015-09-12 07:00:00,169.0,324.023
2015-09-12 07:15:00,207.0,391.113
2015-09-12 07:30:00,245.0,458.301
2015-09-12 07:45:00,275.0,529.102
2015-09-12 08:00:00,307.5,590.43
2015-09-12 08:15:00,336.5,657.422
2015-09-12 08:30:00,361.0,716.895
2015-09-12 08:45:00,386.0,775.488
2015-09-12 09:00:00,405.0,827.441
2015-09-12 09:15:00,424.5,878.516
2015-09-12 09:30:00,442.0,926.172
2015-09-12 09:45:00,454.0,965.332
2015-09-12 10:00:00,465.5,1002.051
2015-09-12 10:15:00,479.0,1036.133
2015-09-12 10:30:00,482.5,1061.523
2015-09-12 10:45:00,489.0,1083.203
2015-09-12 11:00:00,488.5,1101.27
2015-09-12 11:15:00,490.0,1112.012
2015-09-12 11:30:00,492.0,1119.141
2015-09-12 11:45:00,488.0,1121.289
2015-09-12 12:00:00,492.0,1121.582
2015-09-12 12:15:00,477.5,1111.23
2015-09-12 12:30:00,469.5,1101.66
2015-09-12 12:45:00,469.5,1081.152
2015-09-12 13:00:00,471.5,1081.641
2015-09-12 13:15:00,330.5,970.313
2015-09-12 13:30:00,373.5,732.324
2015-09-12 13:45:00,299.5,627.344
2015-09-12 14:00:00,288.5,554.688
2015-09-12 14:15:00,286.5,641.113
2015-09-12 14:30:00,181.5,462.695
2015-09-12 14:45:00,191.5,390.625
2015-09-12 15:00:00,149.0,329.98
2015-09-12 15:15:00,166.5,282.129
2015-09-12 15:30:00,130.5,283.301
2015-09-12 15:45:00,139.5,274.707
2015-09-12 16:00:00,213.5,558.789
2015-09-12 16:15:00,35.5,203.125
2015-09-12 16:30:00,27.5,55.371
2015-09-12 16:45:00,34.0,59.57
2015-09-12 17:00:00,27.5,59.277
2015-09-12 17:15:00,20.5,46.875
2015-09-12 17:30:00,11.0,30.859
2015-09-12 17:45:00,4.0,17.676
2015-09-12 18:00:00,-1.0,5.859
2015-09-12 18:15:00,-1.0,0.879
2015-09-12 18:30:00,0.0,0.488
2015-09-12 18:45:00,0.0,0.488
2015-09-12 19:00:00,0.0,0.488
2015-09-12 19:15:00,-1.0,0.488
2015-09-12 19:30:00,0.0,0.586
2015-09-12 19:45:00,0.0,0.488
2015-09-12 20:00:00,0.0,0.391
2015-09-12 20:15:00,-1.0,0.488
2015-09-12 20:30:00,-1.0,0.586
2015-09-12 20:45:00,0.0,0.586
2015-09-12 21:00:00,0.0,0.0
2015-09-12 21:15:00,-1.0,0.488
2015-09-12 21:30:00,0.0,0.391
2015-09-12 21:45:00,-1.0,0.488
2015-09-12 22:00:00,0.0,0.488
2015-09-12 22:15:00,0.0,0.391
2015-09-12 22:30:00,0.0,0.488
2015-09-12 22:45:00,-1.0,0.488
2015-09-12 23:00:00,0.0,0.488
2015-09-12 23:15:00,-1.0,0.391
2015-09-12 23:30:00,-1.0,0.0
2015-09-12 23:45:00,0.0,0.391
2015-09-13 00:00:00,-1.0,0.391
2015-09-13 00:15:00,0.0,0.391
2015-09-13 00:30:00,-1.0,0.293
2015-09-13 00:45:00,-1.0,0.0
2015-09-13 01:00:00,-1.0,0.391
2015-09-13 01:15:00,-1.0,0.0
2015-09-13 01:30:00,-1.0,0.391
2015-09-13 01:45:00,0.0,0.293
2015-09-13 02:00:00,-1.0,0.293
2015-09-13 02:15:00,-1.0,0.391
2015-09-13 02:30:00,0.0,0.293
2015-09-13 02:45:00,-1.0,0.391
2015-09-13 03:00:00,-1.0,0.293
2015-09-13 03:15:00,0.0,0.391
2015-09-13 03:30:00,0.0,0.195
2015-09-13 03:45:00,0.0,0.195
2015-09-13 04:00:00,-1.0,0.293
2015-09-13 04:15:00,-1.0,0.195
2015-09-13 04:30:00,-1.0,0.195
2015-09-13 04:45:00,-1.0,0.293
2015-09-13 05:00:00,-1.0,0.293
2015-09-13 05:15:00,-1.0,0.879
2015-09-13 05:30:00,-1.0,4.297
2015-09-13 05:45:00,12.0,11.719
2015-09-13 06:00:00,22.0,30.859
2015-09-13 06:15:00,41.0,56.445
2015-09-13 06:30:00,57.0,84.18
2015-09-13 06:45:00,173.0,254.102
2015-09-13 07:00:00,207.5,397.559
2015-09-13 07:15:00,260.5,469.824
2015-09-13 07:30:00,290.5,479.98
2015-09-13 07:45:00,275.0,587.695
2015-09-13 08:00:00,280.5,340.625
2015-09-13 08:15:00,374.5,724.414
2015-09-13 08:30:00,291.5,522.168
2015-09-13 08:45:00,201.5,435.254
2015-09-13 09:00:00,243.5,665.039
2015-09-13 09:15:00,463.5,880.762
2015-09-13 09:30:00,496.5,1032.227
2015-09-13 09:45:00,511.0,1039.746
2015-09-13 10:00:00,517.5,1165.43
2015-09-13 10:15:00,267.5,1211.816
2015-09-13 10:30:00,613.5,703.32
2015-09-13 10:45:00,206.5,861.914
2015-09-13 11:00:00,159.5,916.406
2015-09-13 11:15:00,554.0,991.602
2015-09-13 11:30:00,464.0,1242.969
2015-09-13 11:45:00,579.0,1155.566
2015-09-13 12:00:00,399.5,1179.98
2015-09-13 12:15:00,199.0,684.18
2015-09-13 12:30:00,216.5,433.887
2015-09-13 12:45:00,179.5,393.164
2015-09-13 13:00:00,266.5,488.77
2015-09-13 13:15:00,205.5,423.535
2015-09-13 13:30:00,621.0,712.305
2015-09-13 13:45:00,161.0,977.734
2015-09-13 14:00:00,149.0,295.801
2015-09-13 14:15:00,180.5,308.594
2015-09-13 14:30:00,203.0,460.547
2015-09-13 14:45:00,101.5,332.52
2015-09-13 15:00:00,98.5,172.266
2015-09-13 15:15:00,98.5,170.313
2015-09-13 15:30:00,90.0,167.773
2015-09-13 15:45:00,99.0,177.832
2015-09-13 16:00:00,68.5,149.805
2015-09-13 16:15:00,83.0,136.133
2015-09-13 16:30:00,89.0,220.313
2015-09-13 16:45:00,58.0,141.797
2015-09-13 17:00:00,41.5,98.633
2015-09-13 17:15:00,33.5,130.957
2015-09-13 17:30:00,7.0,50.684
2015-09-13 17:45:00,2.5,8.203
2015-09-13 18:00:00,0.5,2.734
2015-09-13 18:15:00,-1.0,0.781
2015-09-13 18:30:00,-1.0,0.586
2015-09-13 18:45:00,0.0,0.0
2015-09-13 19:00:00,-1.0,0.586
2015-09-13 19:15:00,-1.0,0.488
2015-09-13 19:30:00,0.0,0.586
2015-09-13 19:45:00,0.0,0.586
2015-09-13 20:00:00,0.0,0.586
2015-09-13 20:15:00,-1.0,0.586
2015-09-13 20:30:00,0.0,0.586
2015-09-13 20:45:00,-1.0,0.488
2015-09-13 21:00:00,0.0,0.488
2015-09-13 21:15:00,0.0,0.586
2015-09-13 21:30:00,0.0,0.391
2015-09-13 21:45:00,-1.0,0.488
2015-09-13 22:00:00,0.0,0.488
2015-09-13 22:15:00,0.0,0.0
2015-09-13 22:30:00,0.0,0.391
2015-09-13 22:45:00,0.0,0.488
2015-09-13 23:00:00,0.0,0.488
2015-09-13 23:15:00,-1.0,0.391
2015-09-13 23:30:00,0.0,0.391
2015-09-13 23:45:00,-1.0,0.0
2015-09-14 00:00:00,-1.0,0.391
2015-09-14 00:15:00,-1.0,0.293
2015-09-14 00:30:00,-1.0,0.391
2015-09-14 00:45:00,-1.0,0.391
2015-09-14 01:00:00,-1.0,0.391
2015-09-14 01:15:00,-1.0,0.391
2015-09-14 01:30:00,-1.0,0.293
2015-09-14 01:45:00,-1.0,0.391
2015-09-14 02:00:00,-1.0,0.391
2015-09-14 02:15:00,-1.0,0.293
2015-09-14 02:30:00,-1.0,0.391
2015-09-14 02:45:00,-1.0,0.293
2015-09-14 03:00:00,-1.0,0.293
2015-09-14 03:15:00,0.0,0.293
2015-09-14 03:30:00,-1.0,0.293
2015-09-14 03:45:00,-1.0,0.0
2015-09-14 04:00:00,-1.0,0.391
2015-09-14 04:15:00,-1.0,0.391
2015-09-14 04:30:00,-1.0,0.391
2015-09-14 04:45:00,-1.0,0.293
2015-09-14 05:00:00,-1.0,0.195
2015-09-14 05:15:00,-1.0,0.684
2015-09-14 05:30:00,0.0,3.516
2015-09-14 05:45:00,12.5,12.402
2015-09-14 06:00:00,32.0,21.289
2015-09-14 06:15:00,57.0,90.039
2015-09-14 06:30:00,88.0,180.371
2015-09-14 06:45:00,118.0,244.629
2015-09-14 07:00:00,166.0,315.723
2015-09-14 07:15:00,206.5,376.953
2015-09-14 07:30:00,242.0,448.535
2015-09-14 07:45:00,277.0,516.797
2015-09-14 08:00:00,310.5,575.879
2015-09-14 08:15:00,343.5,643.848
2015-09-14 08:30:00,368.5,705.078
2015-09-14 08:45:00,389.5,758.789
2015-09-14 09:00:00,413.0,811.133
2015-09-14 09:15:00,422.5,857.422
2015-09-14 09:30:00,440.0,898.828
2015-09-14 09:45:00,454.0,936.816
2015-09-14 10:00:00,473.0,981.543
2015-09-14 10:15:00,483.0,1012.109
2015-09-14 10:30:00,494.0,1038.184
2015-09-14 10:45:00,497.5,1062.109
2015-09-14 11:00:00,506.0,1078.223
2015-09-14 11:15:00,514.0,1117.578
2015-09-14 11:30:00,81.5,951.953
2015-09-14 11:45:00,180.0,291.895
2015-09-14 12:00:00,207.5,476.074
2015-09-14 12:15:00,149.0,774.902
2015-09-14 12:30:00,575.5,922.656
2015-09-14 12:45:00,565.5,1116.504
2015-09-14 13:00:00,623.0,832.422
2015-09-14 13:15:00,119.0,834.375
2015-09-14 13:30:00,403.5,297.363
2015-09-14 13:45:00,498.0,921.191
2015-09-14 14:00:00,444.0,975.0
2015-09-14 14:15:00,438.0,889.551
2015-09-14 14:30:00,301.0,536.523
2015-09-14 14:45:00,390.5,650.586
2015-09-14 15:00:00,48.5,360.645
2015-09-14 15:15:00,77.5,165.527
2015-09-14 15:30:00,74.5,120.703
2015-09-14 15:45:00,319.0,317.383
2015-09-14 16:00:00,276.0,579.785
2015-09-14 16:15:00,64.0,304.004
2015-09-14 16:30:00,110.0,200.879
2015-09-14 16:45:00,70.0,239.551
2015-09-14 17:00:00,24.0,83.105
2015-09-14 17:15:00,32.0,71.582
2015-09-14 17:30:00,10.0,35.645
2015-09-14 17:45:00,4.0,12.891
2015-09-14 18:00:00,-1.0,3.809
2015-09-14 18:15:00,-1.0,0.781
2015-09-14 18:30:00,-1.0,0.488
2015-09-14 18:45:00,0.0,0.391
2015-09-14 19:00:00,0.0,0.293
2015-09-14 19:15:00,0.0,0.391
2015-09-14 19:30:00,0.0,0.391
2015-09-14 19:45:00,0.0,0.391
2015-09-14 20:00:00,-1.0,0.391
2015-09-14 20:15:00,-1.0,0.293
2015-09-14 20:30:00,0.0,0.391
2015-09-14 20:45:00,0.0,0.293
2015-09-14 21:00:00,0.0,0.391
2015-09-14 21:15:00,-1.0,0.391
2015-09-14 21:30:00,-1.0,0.391
2015-09-14 21:45:00,0.0,0.293
2015-09-14 22:00:00,-1.0,0.293
2015-09-14 22:15:00,0.0,0.391
2015-09-14 22:30:00,-1.0,0.293
2015-09-14 22:45:00,-1.0,0.0
2015-09-14 23:00:00,-1.0,0.293
2015-09-14 23:15:00,-1.0,0.293
2015-09-14 23:30:00,0.0,0.293
2015-09-14 23:45:00,0.0,0.195
2015-09-15 00:00:00,-1.0,0.293
2015-09-15 00:15:00,-1.0,0.293
2015-09-15 00:30:00,-1.0,0.195
2015-09-15 00:45:00,-1.0,0.0
2015-09-15 01:00:00,-1.0,0.293
2015-09-15 01:15:00,-1.0,0.293
2015-09-15 01:30:00,-1.0,0.0
2015-09-15 01:45:00,-1.0,0.293
2015-09-15 02:00:00,0.0,0.195
2015-09-15 02:15:00,-1.0,0.195
2015-09-15 02:30:00,0.0,0.195
2015-09-15 02:45:00,-1.0,0.195
2015-09-15 03:00:00,-1.0,0.195
2015-09-15 03:15:00,-1.0,0.195
2015-09-15 03:30:00,-1.0,0.195
2015-09-15 03:45:00,-1.0,0.195
2015-09-15 04:00:00,-1.0,0.195
2015-09-15 04:15:00,0.0,0.195
2015-09-15 04:30:00,-1.0,0.098
2015-09-15 04:45:00,-1.0,0.195
2015-09-15 05:00:00,-1.0,0.195
2015-09-15 05:15:00,-1.0,0.879
2015-09-15 05:30:00,6.0,5.078
2015-09-15 05:45:00,16.0,16.895
2015-09-15 06:00:00,29.5,25.391
2015-09-15 06:15:00,56.5,82.324
2015-09-15 06:30:00,101.0,186.328
2015-09-15 06:45:00,56.5,141.895
2015-09-15 07:00:00,49.5,103.125
2015-09-15 07:15:00,256.5,315.43
2015-09-15 07:30:00,147.0,428.027
2015-09-15 07:45:00,115.0,201.172
2015-09-15 08:00:00,216.5,287.207
2015-09-15 08:15:00,462.0,880.078
2015-09-15 08:30:00,290.5,920.117
2015-09-15 08:45:00,294.5,580.273
2015-09-15 09:00:00,163.0,708.105
2015-09-15 09:15:00,643.5,577.734
2015-09-15 09:30:00,197.0,961.816
2015-09-15 09:45:00,321.0,580.273
2015-09-15 10:00:00,201.5,579.102
2015-09-15 10:15:00,141.5,328.125
2015-09-15 10:30:00,135.5,218.555
2015-09-15 10:45:00,69.5,165.625
2015-09-15 11:00:00,44.5,65.43
2015-09-15 11:15:00,182.0,132.813
2015-09-15 11:30:00,353.5,440.918
2015-09-15 11:45:00,184.0,408.887
2015-09-15 12:00:00,131.5,224.512
2015-09-15 12:15:00,201.5,245.508
2015-09-15 12:30:00,81.0,288.477
2015-09-15 12:45:00,101.5,152.539
2015-09-15 13:00:00,103.0,147.461
2015-09-15 13:15:00,155.5,191.504
2015-09-15 13:30:00,222.0,282.91
2015-09-15 13:45:00,253.0,397.07
2015-09-15 14:00:00,602.5,566.602
2015-09-15 14:15:00,417.5,867.188
2015-09-15 14:30:00,200.0,808.496
2015-09-15 14:45:00,189.0,522.168
2015-09-15 15:00:00,213.5,359.082
2015-09-15 15:15:00,359.5,717.48
2015-09-15 15:30:00,316.5,607.715
2015-09-15 15:45:00,267.0,333.887
2015-09-15 16:00:00,94.5,386.328
2015-09-15 16:15:00,76.5,125.586
2015-09-15 16:30:00,67.5,107.52
2015-09-15 16:45:00,128.0,293.555
2015-09-15 17:00:00,69.5,227.344
2015-09-15 17:15:00,33.0,136.328
2015-09-15 17:30:00,8.5,41.113
2015-09-15 17:45:00,3.0,10.84
2015-09-15 18:00:00,-1.0,3.418
2015-09-15 18:15:00,0.0,0.0
2015-09-15 18:30:00,0.0,0.293
2015-09-15 18:45:00,0.0,0.0
2015-09-15 19:00:00,-1.0,0.293
2015-09-15 19:15:00,0.0,0.195
2015-09-15 19:30:00,-1.0,0.293
2015-09-15 19:45:00,0.0,0.293
2015-09-15 20:00:00,-1.0,0.0
2015-09-15 20:15:00,0.0,0.195
2015-09-15 20:30:00,-1.0,0.293
2015-09-15 20:45:00,-1.0,0.0
2015-09-15 21:00:00,0.0,0.293
2015-09-15 21:15:00,-1.0,0.293
2015-09-15 21:30:00,0.0,0.293
2015-09-15 21:45:00,-1.0,0.391
2015-09-15 22:00:00,-1.0,0.293
2015-09-15 22:15:00,-1.0,0.391
2015-09-15 22:30:00,0.0,0.391
2015-09-15 22:45:00,-1.0,0.293
2015-09-15 23:00:00,-1.0,0.391
2015-09-15 23:15:00,0.0,0.293
2015-09-15 23:30:00,-1.0,0.391
2015-09-15 23:45:00,-1.0,0.391
2015-09-16 00:00:00,-1.0,0.293
2015-09-16 00:15:00,-1.0,0.293
2015-09-16 00:30:00,-1.0,0.0
2015-09-16 00:45:00,-1.0,0.391
2015-09-16 01:00:00,-1.0,0.293
2015-09-16 01:15:00,-1.0,0.391
2015-09-16 01:30:00,-1.0,0.293
2015-09-16 01:45:00,0.0,0.293
2015-09-16 02:00:00,-1.0,0.391
2015-09-16 02:15:00,0.0,0.293
2015-09-16 02:30:00,-1.0,0.293
2015-09-16 02:45:00,-1.0,0.293
2015-09-16 03:00:00,-1.0,0.293
2015-09-16 03:15:00,-1.0,0.293
2015-09-16 03:30:00,-1.0,0.195
2015-09-16 03:45:00,0.0,0.391
2015-09-16 04:00:00,0.0,0.293
2015-09-16 04:15:00,-1.0,0.293
2015-09-16 04:30:00,0.0,0.293
2015-09-16 04:45:00,0.0,0.293
2015-09-16 05:00:00,-1.0,0.195
2015-09-16 05:15:00,-1.0,0.879
2015-09-16 05:30:00,-1.0,4.59
2015-09-16 05:45:00,12.0,12.598
2015-09-16 06:00:00,31.5,19.727
2015-09-16 06:15:00,59.0,83.496
2015-09-16 06:30:00,89.5,192.676
2015-09-16 06:45:00,129.5,256.934
2015-09-16 07:00:00,165.0,313.77
2015-09-16 07:15:00,212.5,365.039
2015-09-16 07:30:00,255.0,447.656
2015-09-16 07:45:00,297.0,528.125
2015-09-16 08:00:00,332.0,592.969
2015-09-16 08:15:00,365.0,662.012
2015-09-16 08:30:00,394.5,723.242
2015-09-16 08:45:00,423.0,779.199
2015-09-16 09:00:00,447.5,834.277
2015-09-16 09:15:00,466.0,879.98
2015-09-16 09:30:00,487.0,923.535
2015-09-16 09:45:00,505.5,963.574
2015-09-16 10:00:00,517.0,1000.879
2015-09-16 10:15:00,531.0,1032.52
2015-09-16 10:30:00,540.5,1056.836
2015-09-16 10:45:00,549.0,1086.133
2015-09-16 11:00:00,548.0,1093.945
2015-09-16 11:15:00,552.0,1104.199
2015-09-16 11:30:00,557.5,1111.816
2015-09-16 11:45:00,551.5,1114.453
2015-09-16 12:00:00,547.0,1108.496
2015-09-16 12:15:00,235.5,1093.262
2015-09-16 12:30:00,531.5,1085.449
2015-09-16 12:45:00,533.5,1077.246
2015-09-16 13:00:00,522.0,1053.32
2015-09-16 13:15:00,514.0,1026.27
2015-09-16 13:30:00,495.0,989.258
2015-09-16 13:45:00,479.5,950.977
2015-09-16 14:00:00,461.0,904.395
2015-09-16 14:15:00,438.0,857.227
2015-09-16 14:30:00,412.0,805.176
2015-09-16 14:45:00,381.0,749.707
2015-09-16 15:00:00,349.5,691.016
2015-09-16 15:15:00,319.0,628.516
2015-09-16 15:30:00,282.5,565.82
2015-09-16 15:45:00,243.5,500.586
2015-09-16 16:00:00,204.5,433.008
2015-09-16 16:15:00,162.5,365.234
2015-09-16 16:30:00,121.5,299.609
2015-09-16 16:45:00,79.5,235.059
2015-09-16 17:00:00,44.5,173.145
2015-09-16 17:15:00,22.5,107.813
2015-09-16 17:30:00,6.5,30.664
2015-09-16 17:45:00,2.5,8.691
2015-09-16 18:00:00,0.5,3.125
2015-09-16 18:15:00,-1.0,0.488
2015-09-16 18:30:00,0.0,0.195
2015-09-16 18:45:00,0.0,0.391
2015-09-16 19:00:00,-1.0,0.293
2015-09-16 19:15:00,0.0,0.293
2015-09-16 19:30:00,0.0,0.195
2015-09-16 19:45:00,0.0,0.0
2015-09-16 20:00:00,0.0,0.293
2015-09-16 20:15:00,0.0,0.293
2015-09-16 20:30:00,0.0,0.195
2015-09-16 20:45:00,0.0,0.0
2015-09-16 21:00:00,-1.0,0.195
2015-09-16 21:15:00,0.0,0.195
2015-09-16 21:30:00,-1.0,0.293
2015-09-16 21:45:00,0.0,0.293
2015-09-16 22:00:00,0.0,0.195
2015-09-16 22:15:00,0.0,0.195
2015-09-16 22:30:00,-1.0,0.195
2015-09-16 22:45:00,-1.0,0.195
2015-09-16 23:00:00,-1.0,0.195
2015-09-16 23:15:00,-1.0,0.293
2015-09-16 23:30:00,0.0,0.293
2015-09-16 23:45:00,-1.0,0.391
2015-09-17 00:00:00,0.0,0.195
2015-09-17 00:15:00,-1.0,0.293
2015-09-17 00:30:00,-1.0,0.293
2015-09-17 00:45:00,-1.0,0.195
2015-09-17 01:00:00,-1.0,0.293
2015-09-17 01:15:00,-1.0,0.293
2015-09-17 01:30:00,-1.0,0.293
2015-09-17 01:45:00,-1.0,0.293
2015-09-17 02:00:00,0.0,0.195
2015-09-17 02:15:00,0.0,0.195
2015-09-17 02:30:00,0.0,0.195
2015-09-17 02:45:00,-1.0,0.195
2015-09-17 03:00:00,-1.0,0.195
2015-09-17 03:15:00,-1.0,0.195
2015-09-17 03:30:00,0.0,0.195
2015-09-17 03:45:00,-1.0,0.195
2015-09-17 04:00:00,-1.0,0.195
2015-09-17 04:15:00,-1.0,0.195
2015-09-17 04:30:00,-1.0,0.195
2015-09-17 04:45:00,-1.0,0.293
2015-09-17 05:00:00,-1.0,0.195
2015-09-17 05:15:00,-1.0,0.684
2015-09-17 05:30:00,-1.0,4.199
2015-09-17 05:45:00,11.0,10.742
2015-09-17 06:00:00,31.0,16.504
2015-09-17 06:15:00,61.0,78.125
2015-09-17 06:30:00,85.5,199.219
2015-09-17 06:45:00,118.0,270.313
2015-09-17 07:00:00,156.5,343.945
2015-09-17 07:15:00,224.5,403.613
2015-09-17 07:30:00,265.5,476.66
2015-09-17 07:45:00,303.5,553.418
2015-09-17 08:00:00,334.0,617.09
2015-09-17 08:15:00,363.0,682.91
2015-09-17 08:30:00,389.5,744.629
2015-09-17 08:45:00,413.0,801.66
2015-09-17 09:00:00,431.0,855.469
2015-09-17 09:15:00,451.5,905.566
2015-09-17 09:30:00,468.0,952.148
2015-09-17 09:45:00,479.5,993.359
2015-09-17 10:00:00,488.5,1028.711
2015-09-17 10:15:00,501.5,1060.156
2015-09-17 10:30:00,508.0,1089.355
2015-09-17 10:45:00,516.0,1109.766
2015-09-17 11:00:00,522.0,1128.809
2015-09-17 11:15:00,525.5,1141.992
2015-09-17 11:30:00,523.0,1150.195
2015-09-17 11:45:00,525.5,1149.609
2015-09-17 12:00:00,525.0,1145.02
2015-09-17 12:15:00,524.5,1132.91
2015-09-17 12:30:00,511.5,1115.137
2015-09-17 12:45:00,502.0,1095.117
2015-09-17 13:00:00,496.5,1072.656
2015-09-17 13:15:00,483.0,1048.438
2015-09-17 13:30:00,470.5,1010.059
2015-09-17 13:45:00,446.0,966.309
2015-09-17 14:00:00,431.0,924.707
2015-09-17 14:15:00,415.5,877.441
2015-09-17 14:30:00,387.0,826.563
2015-09-17 14:45:00,362.5,769.531
2015-09-17 15:00:00,337.5,711.426
2015-09-17 15:15:00,306.0,646.484
2015-09-17 15:30:00,277.0,583.789
2015-09-17 15:45:00,240.5,519.336
2015-09-17 16:00:00,201.5,451.172
2015-09-17 16:15:00,161.0,380.664
2015-09-17 16:30:00,118.0,311.23
2015-09-17 16:45:00,74.5,241.895
2015-09-17 17:00:00,43.5,175.488
2015-09-17 17:15:00,21.5,105.273
2015-09-17 17:30:00,5.0,26.563
2015-09-17 17:45:00,2.5,8.398
2015-09-17 18:00:00,0.5,2.637
2015-09-17 18:15:00,-1.0,0.488
2015-09-17 18:30:00,-1.0,0.293
2015-09-17 18:45:00,0.0,0.0
2015-09-17 19:00:00,0.0,0.293
2015-09-17 19:15:00,0.0,0.293
2015-09-17 19:30:00,-1.0,0.195
2015-09-17 19:45:00,0.0,0.0
2015-09-17 20:00:00,0.0,0.195
2015-09-17 20:15:00,-1.0,0.293
2015-09-17 20:30:00,-1.0,0.195
2015-09-17 20:45:00,0.0,0.0
2015-09-17 21:00:00,0.0,0.293
2015-09-17 21:15:00,-1.0,0.293
2015-09-17 21:30:00,-1.0,0.293
2015-09-17 21:45:00,0.0,0.293
2015-09-17 22:00:00,0.0,0.391
2015-09-17 22:15:00,-1.0,0.293
2015-09-17 22:30:00,0.0,0.293
2015-09-17 22:45:00,-1.0,0.293
2015-09-17 23:00:00,-1.0,0.293
2015-09-17 23:15:00,0.0,0.293
2015-09-17 23:30:00,-1.0,0.293
2015-09-17 23:45:00,0.0,0.195
2015-09-18 00:00:00,0.0,0.195
2015-09-18 00:15:00,-1.0,0.098
2015-09-18 00:30:00,-1.0,0.098
2015-09-18 00:45:00,-1.0,0.0
2015-09-18 01:00:00,-1.0,0.195
2015-09-18 01:15:00,-1.0,0.195
2015-09-18 01:30:00,0.0,0.098
2015-09-18 01:45:00,-1.0,0.098
2015-09-18 02:00:00,-1.0,0.098
2015-09-18 02:15:00,-1.0,0.195
2015-09-18 02:30:00,-1.0,0.098
2015-09-18 02:45:00,-1.0,0.195
2015-09-18 03:00:00,-1.0,0.098
2015-09-18 03:15:00,-1.0,0.098
2015-09-18 03:30:00,-1.0,0.098
2015-09-18 03:45:00,-1.0,0.098
2015-09-18 04:00:00,-1.0,0.195
2015-09-18 04:15:00,0.0,0.098
2015-09-18 04:30:00,-1.0,0.098
2015-09-18 04:45:00,-1.0,0.195
2015-09-18 05:00:00,-1.0,0.195
2015-09-18 05:15:00,-1.0,0.586
2015-09-18 05:30:00,-1.0,4.102
2015-09-18 05:45:00,11.0,11.133
2015-09-18 06:00:00,28.0,17.383
2015-09-18 06:15:00,60.5,73.145
2015-09-18 06:30:00,85.5,197.949
2015-09-18 06:45:00,115.0,268.457
2015-09-18 07:00:00,153.0,342.285
2015-09-18 07:15:00,220.5,404.492
2015-09-18 07:30:00,259.5,470.898
2015-09-18 07:45:00,297.5,548.242
2015-09-18 08:00:00,332.0,612.305
2015-09-18 08:15:00,360.0,678.223
2015-09-18 08:30:00,384.5,739.941
2015-09-18 08:45:00,405.0,797.266
2015-09-18 09:00:00,424.5,850.977
2015-09-18 09:15:00,442.5,901.855
2015-09-18 09:30:00,458.0,948.242
2015-09-18 09:45:00,470.5,985.84
2015-09-18 10:00:00,483.0,1022.07
2015-09-18 10:15:00,494.0,1056.445
2015-09-18 10:30:00,513.0,1081.543
2015-09-18 10:45:00,521.5,1102.637
2015-09-18 11:00:00,529.0,1117.676
2015-09-18 11:15:00,531.0,1128.223
2015-09-18 11:30:00,535.5,1134.082
2015-09-18 11:45:00,531.5,1136.035
2015-09-18 12:00:00,529.0,1131.445
2015-09-18 12:15:00,515.5,1124.316
2015-09-18 12:30:00,511.0,1111.133
2015-09-18 12:45:00,497.5,1091.211
2015-09-18 13:00:00,480.5,1065.43
2015-09-18 13:15:00,473.5,1037.891
2015-09-18 13:30:00,464.0,1004.785
2015-09-18 13:45:00,444.0,964.551
2015-09-18 14:00:00,423.0,920.313
2015-09-18 14:15:00,402.0,870.801
2015-09-18 14:30:00,376.0,816.895
2015-09-18 14:45:00,346.0,760.449
2015-09-18 15:00:00,317.0,702.637
2015-09-18 15:15:00,284.5,639.16
2015-09-18 15:30:00,248.0,571.387
2015-09-18 15:45:00,213.5,502.93
2015-09-18 16:00:00,177.5,436.035
2015-09-18 16:15:00,141.0,365.137
2015-09-18 16:30:00,104.5,295.703
2015-09-18 16:45:00,66.5,228.711
2015-09-18 17:00:00,37.5,165.039
2015-09-18 17:15:00,18.0,96.094
2015-09-18 17:30:00,6.5,21.582
2015-09-18 17:45:00,2.0,8.008
2015-09-18 18:00:00,0.0,0.0
2015-09-18 18:15:00,-1.0,0.488
2015-09-18 18:30:00,0.0,0.391
2015-09-18 18:45:00,0.0,0.195
2015-09-18 19:00:00,-1.0,0.293
2015-09-18 19:15:00,0.0,0.293
2015-09-18 19:30:00,0.0,0.098
2015-09-18 19:45:00,-1.0,0.293
2015-09-18 20:00:00,0.0,0.195
2015-09-18 20:15:00,0.0,0.195
2015-09-18 20:30:00,-1.0,0.195
2015-09-18 20:45:00,-1.0,0.195
2015-09-18 21:00:00,-1.0,0.195
2015-09-18 21:15:00,0.0,0.195
2015-09-18 21:30:00,0.0,0.195
2015-09-18 21:45:00,0.0,0.0
2015-09-18 22:00:00,0.0,0.098
2015-09-18 22:15:00,0.0,0.195
2015-09-18 22:30:00,-1.0,0.0
2015-09-18 22:45:00,0.0,0.293
2015-09-18 23:00:00,0.0,0.195
2015-09-18 23:15:00,-1.0,0.0
2015-09-18 23:30:00,0.0,0.293
2015-09-18 23:45:00,0.0,0.293
2015-09-19 00:00:00,0.0,0.195
2015-09-19 00:15:00,-1.0,0.293
2015-09-19 00:30:00,0.0,0.391
2015-09-19 00:45:00,-1.0,0.195
2015-09-19 01:00:00,-1.0,0.195
2015-09-19 01:15:00,-1.0,0.098
2015-09-19 01:30:00,-1.0,0.098
2015-09-19 01:45:00,-1.0,0.098
2015-09-19 02:00:00,-1.0,0.098
2015-09-19 02:15:00,-1.0,0.098
2015-09-19 02:30:00,-1.0,0.195
2015-09-19 02:45:00,-1.0,0.098
2015-09-19 03:00:00,0.0,0.098
2015-09-19 03:15:00,-1.0,0.098
2015-09-19 03:30:00,-1.0,0.098
2015-09-19 03:45:00,-1.0,0.098
2015-09-19 04:00:00,-1.0,0.098
2015-09-19 04:15:00,-1.0,0.098
2015-09-19 04:30:00,-1.0,0.195
2015-09-19 04:45:00,-1.0,0.195
2015-09-19 05:00:00,-1.0,0.098
2015-09-19 05:15:00,-1.0,0.488
2015-09-19 05:30:00,0.0,3.711
2015-09-19 05:45:00,10.0,10.449
2015-09-19 06:00:00,30.0,16.309
2015-09-19 06:15:00,60.5,66.113
2015-09-19 06:30:00,95.0,195.117
2015-09-19 06:45:00,136.0,265.82
2015-09-19 07:00:00,178.5,338.965
2015-09-19 07:15:00,220.0,403.711
2015-09-19 07:30:00,257.5,468.75
2015-09-19 07:45:00,294.5,548.047
2015-09-19 08:00:00,324.5,611.23
2015-09-19 08:15:00,356.0,678.516
2015-09-19 08:30:00,379.0,741.602
2015-09-19 08:45:00,407.5,799.707
2015-09-19 09:00:00,427.0,854.492
2015-09-19 09:15:00,442.5,905.469
2015-09-19 09:30:00,456.0,951.27
2015-09-19 09:45:00,470.5,992.48
2015-09-19 10:00:00,479.5,1027.051
2015-09-19 10:15:00,489.0,1060.449
2015-09-19 10:30:00,494.0,1088.477
2015-09-19 10:45:00,501.5,1109.473
2015-09-19 11:00:00,503.5,1125.781
2015-09-19 11:15:00,501.5,1137.305
2015-09-19 11:30:00,504.0,1142.871
2015-09-19 11:45:00,496.5,1145.117
2015-09-19 12:00:00,493.0,1142.773
2015-09-19 12:15:00,490.0,1134.18
2015-09-19 12:30:00,486.0,1117.969
2015-09-19 12:45:00,480.5,1095.703
2015-09-19 13:00:00,475.0,1070.605
2015-09-19 13:15:00,464.0,1039.551
2015-09-19 13:30:00,448.0,1001.367
2015-09-19 13:45:00,430.5,957.129
2015-09-19 14:00:00,414.0,912.5
2015-09-19 14:15:00,392.5,862.891
2015-09-19 14:30:00,370.5,809.668
2015-09-19 14:45:00,350.0,751.367
2015-09-19 15:00:00,321.0,691.406
2015-09-19 15:15:00,292.5,629.297
2015-09-19 15:30:00,257.5,564.551
2015-09-19 15:45:00,222.5,498.145
2015-09-19 16:00:00,186.0,429.688
2015-09-19 16:15:00,147.0,360.449
2015-09-19 16:30:00,105.0,291.895
2015-09-19 16:45:00,66.5,224.805
2015-09-19 17:00:00,37.5,161.035
2015-09-19 17:15:00,18.5,90.723
2015-09-19 17:30:00,5.0,17.09
2015-09-19 17:45:00,2.0,7.422
2015-09-19 18:00:00,0.0,2.148
2015-09-19 18:15:00,0.0,0.586
2015-09-19 18:30:00,0.0,0.391
2015-09-19 18:45:00,-1.0,0.391
2015-09-19 19:00:00,0.0,0.293
2015-09-19 19:15:00,-1.0,0.391
2015-09-19 19:30:00,0.0,0.391
2015-09-19 19:45:00,0.0,0.391
2015-09-19 20:00:00,-1.0,0.293
2015-09-19 20:15:00,0.0,0.293
2015-09-19 20:30:00,-1.0,0.293
2015-09-19 20:45:00,-1.0,0.195
2015-09-19 21:00:00,0.0,0.293
2015-09-19 21:15:00,0.0,0.293
2015-09-19 21:30:00,0.0,0.195
2015-09-19 21:45:00,0.0,0.293
2015-09-19 22:00:00,-1.0,0.293
2015-09-19 22:15:00,0.0,0.293
2015-09-19 22:30:00,0.0,0.195
2015-09-19 22:45:00,0.0,0.195
2015-09-19 23:00:00,-1.0,0.195
2015-09-19 23:15:00,0.0,0.195
2015-09-19 23:30:00,-1.0,0.293
2015-09-19 23:45:00,-1.0,0.293
2015-09-20 00:00:00,-1.0,0.391
2015-09-20 00:15:00,-1.0,0.293
2015-09-20 00:30:00,-1.0,0.293
2015-09-20 00:45:00,0.0,0.0
2015-09-20 01:00:00,-1.0,0.293
2015-09-20 01:15:00,0.0,0.293
2015-09-20 01:30:00,-1.0,0.0
2015-09-20 01:45:00,-1.0,0.293
2015-09-20 02:00:00,-1.0,0.293
2015-09-20 02:15:00,-1.0,0.195
2015-09-20 02:30:00,-1.0,0.195
2015-09-20 02:45:00,-1.0,0.195
2015-09-20 03:00:00,-1.0,0.195
2015-09-20 03:15:00,-1.0,0.0
2015-09-20 03:30:00,-1.0,0.195
2015-09-20 03:45:00,-1.0,0.098
2015-09-20 04:00:00,0.0,0.0
2015-09-20 04:15:00,-1.0,0.195
2015-09-20 04:30:00,-1.0,0.195
2015-09-20 04:45:00,-1.0,0.195
2015-09-20 05:00:00,-1.0,0.195
2015-09-20 05:15:00,-1.0,0.586
2015-09-20 05:30:00,-1.0,3.516
2015-09-20 05:45:00,10.0,10.156
2015-09-20 06:00:00,24.5,15.723
2015-09-20 06:15:00,54.0,60.547
2015-09-20 06:30:00,94.5,196.582
2015-09-20 06:45:00,135.5,268.262
2015-09-20 07:00:00,178.5,342.969
2015-09-20 07:15:00,216.0,408.594
2015-09-20 07:30:00,257.0,471.484
2015-09-20 07:45:00,292.5,551.855
2015-09-20 08:00:00,323.0,616.406
2015-09-20 08:15:00,353.0,680.957
2015-09-20 08:30:00,378.5,741.211
2015-09-20 08:45:00,400.5,800.098
2015-09-20 09:00:00,420.5,854.785
2015-09-20 09:15:00,437.0,907.129
2015-09-20 09:30:00,451.5,953.32
2015-09-20 09:45:00,463.0,994.336
2015-09-20 10:00:00,473.0,1030.078
2015-09-20 10:15:00,481.5,1063.574
2015-09-20 10:30:00,490.5,1091.895
2015-09-20 10:45:00,496.5,1114.063
2015-09-20 11:00:00,496.5,1130.371
2015-09-20 11:15:00,495.0,1141.602
2015-09-20 11:30:00,496.5,1149.121
2015-09-20 11:45:00,493.0,1149.219
2015-09-20 12:00:00,491.0,1146.777
2015-09-20 12:15:00,485.0,1136.426
2015-09-20 12:30:00,483.0,1121.973
2015-09-20 12:45:00,473.0,1100.781
2015-09-20 13:00:00,469.0,1071.973
2015-09-20 13:15:00,457.0,1042.969
2015-09-20 13:30:00,445.5,1006.25
2015-09-20 13:45:00,431.0,962.793
2015-09-20 14:00:00,411.0,919.824
2015-09-20 14:15:00,390.0,869.434
2015-09-20 14:30:00,369.5,817.48
2015-09-20 14:45:00,343.5,763.379
2015-09-20 15:00:00,314.5,701.66
2015-09-20 15:15:00,280.5,636.719
2015-09-20 15:30:00,249.0,572.461
2015-09-20 15:45:00,220.0,506.25
2015-09-20 16:00:00,184.5,435.352
2015-09-20 16:15:00,146.0,364.453
2015-09-20 16:30:00,103.0,294.434
2015-09-20 16:45:00,64.0,225.977
2015-09-20 17:00:00,35.5,160.547
2015-09-20 17:15:00,16.5,86.133
2015-09-20 17:30:00,4.5,14.258
2015-09-20 17:45:00,0.0,6.445
2015-09-20 18:00:00,0.0,1.758
2015-09-20 18:15:00,-1.0,0.586
2015-09-20 18:30:00,-1.0,0.488
2015-09-20 18:45:00,-1.0,0.391
2015-09-20 19:00:00,-1.0,0.391
2015-09-20 19:15:00,0.0,0.0
2015-09-20 19:30:00,-1.0,0.391
2015-09-20 19:45:00,0.0,0.293
2015-09-20 20:00:00,0.0,0.0
2015-09-20 20:15:00,0.0,0.0
2015-09-20 20:30:00,0.0,0.293
2015-09-20 20:45:00,0.0,0.391
2015-09-20 21:00:00,0.0,0.293
2015-09-20 21:15:00,-1.0,0.293
2015-09-20 21:30:00,0.0,0.293
2015-09-20 21:45:00,-1.0,0.293
2015-09-20 22:00:00,-1.0,0.195
2015-09-20 22:15:00,-1.0,0.293
2015-09-20 22:30:00,-1.0,0.195
2015-09-20 22:45:00,-1.0,0.293
2015-09-20 23:00:00,-1.0,0.293
2015-09-20 23:15:00,-1.0,0.195
2015-09-20 23:30:00,0.0,0.293
2015-09-20 23:45:00,-1.0,0.195
2015-09-21 00:00:00,-1.0,0.293
2015-09-21 00:15:00,-1.0,0.0
2015-09-21 00:30:00,-1.0,0.293
2015-09-21 00:45:00,-1.0,0.293
2015-09-21 01:00:00,-1.0,0.293
2015-09-21 01:15:00,-1.0,0.293
2015-09-21 01:30:00,-1.0,0.293
2015-09-21 01:45:00,-1.0,0.195
2015-09-21 02:00:00,-1.0,0.0
2015-09-21 02:15:00,-1.0,0.293
2015-09-21 02:30:00,0.0,0.293
2015-09-21 02:45:00,0.0,0.293
2015-09-21 03:00:00,0.0,0.195
2015-09-21 03:15:00,-1.0,0.293
2015-09-21 03:30:00,-1.0,0.0
2015-09-21 03:45:00,-1.0,0.195
2015-09-21 04:00:00,-1.0,0.098
2015-09-21 04:15:00,-1.0,0.195
2015-09-21 04:30:00,-1.0,0.098
2015-09-21 04:45:00,-1.0,0.098
2015-09-21 05:00:00,-1.0,0.098
2015-09-21 05:15:00,-1.0,0.195
2015-09-21 05:30:00,2.5,2.148
2015-09-21 05:45:00,8.0,7.324
2015-09-21 06:00:00,23.5,13.379
2015-09-21 06:15:00,49.0,51.855
2015-09-21 06:30:00,79.5,193.359
2015-09-21 06:45:00,111.0,229.883
2015-09-21 07:00:00,131.5,319.629
2015-09-21 07:15:00,157.0,298.34
2015-09-21 07:30:00,234.0,441.602
2015-09-21 07:45:00,249.0,439.844
2015-09-21 08:00:00,267.5,458.691
2015-09-21 08:15:00,276.5,537.598
2015-09-21 08:30:00,267.0,531.152
2015-09-21 08:45:00,395.5,714.746
2015-09-21 09:00:00,388.0,741.895
2015-09-21 09:15:00,435.0,880.176
2015-09-21 09:30:00,404.0,984.277
2015-09-21 09:45:00,477.0,864.355
2015-09-21 10:00:00,474.5,1032.227
2015-09-21 10:15:00,479.5,1050.098
2015-09-21 10:30:00,470.5,1078.223
2015-09-21 10:45:00,495.0,1082.91
2015-09-21 11:00:00,507.5,1117.48
2015-09-21 11:15:00,494.5,1139.844
2015-09-21 11:30:00,500.5,1122.852
2015-09-21 11:45:00,492.5,1117.871
2015-09-21 12:00:00,485.0,1119.238
2015-09-21 12:15:00,480.5,1112.012
2015-09-21 12:30:00,477.0,1097.852
2015-09-21 12:45:00,437.0,1024.219
2015-09-21 13:00:00,465.5,1001.074
2015-09-21 13:15:00,477.0,1024.121
2015-09-21 13:30:00,286.0,878.906
2015-09-21 13:45:00,310.5,721.289
2015-09-21 14:00:00,339.5,649.121
2015-09-21 14:15:00,318.5,675.098
2015-09-21 14:30:00,202.5,575.0
2015-09-21 14:45:00,183.5,543.262
2015-09-21 15:00:00,210.5,456.055
2015-09-21 15:15:00,151.0,327.148
2015-09-21 15:30:00,138.0,282.227
2015-09-21 15:45:00,167.0,271.582
2015-09-21 16:00:00,79.5,190.918
2015-09-21 16:15:00,60.0,129.688
2015-09-21 16:30:00,53.0,102.246
2015-09-21 16:45:00,38.0,79.004
2015-09-21 17:00:00,30.0,64.258
2015-09-21 17:15:00,15.5,45.117
2015-09-21 17:30:00,4.0,18.164
2015-09-21 17:45:00,-1.0,5.469
2015-09-21 18:00:00,0.0,1.855
2015-09-21 18:15:00,0.0,0.586
2015-09-21 18:30:00,0.0,0.488
2015-09-21 18:45:00,0.0,0.488
2015-09-21 19:00:00,-1.0,0.488
2015-09-21 19:15:00,0.0,0.488
2015-09-21 19:30:00,-1.0,0.488
2015-09-21 19:45:00,-1.0,0.391
2015-09-21 20:00:00,0.0,0.293
2015-09-21 20:15:00,0.0,0.391
2015-09-21 20:30:00,0.0,0.391
2015-09-21 20:45:00,0.0,0.391
2015-09-21 21:00:00,0.0,0.391
2015-09-21 21:15:00,-1.0,0.391
2015-09-21 21:30:00,0.0,0.391
2015-09-21 21:45:00,0.0,0.293
2015-09-21 22:00:00,0.0,0.391
2015-09-21 22:15:00,-1.0,0.293
2015-09-21 22:30:00,-1.0,0.293
2015-09-21 22:45:00,0.0,0.293
2015-09-21 23:00:00,0.0,0.293
2015-09-21 23:15:00,-1.0,0.293
2015-09-21 23:30:00,0.0,0.391
2015-09-21 23:45:00,-1.0,0.293
2015-09-22 00:00:00,0.0,0.293
2015-09-22 00:15:00,-1.0,0.293
2015-09-22 00:30:00,-1.0,0.293
2015-09-22 00:45:00,-1.0,0.391
2015-09-22 01:00:00,-1.0,0.0
2015-09-22 01:15:00,0.0,0.293
2015-09-22 01:30:00,-1.0,0.293
2015-09-22 01:45:00,-1.0,0.195
2015-09-22 02:00:00,-1.0,0.293
2015-09-22 02:15:00,-1.0,0.195
2015-09-22 02:30:00,-1.0,0.195
2015-09-22 02:45:00,-1.0,0.195
2015-09-22 03:00:00,-1.0,0.293
2015-09-22 03:15:00,0.0,0.293
2015-09-22 03:30:00,0.0,0.195
2015-09-22 03:45:00,-1.0,0.293
2015-09-22 04:00:00,-1.0,0.293
2015-09-22 04:15:00,-1.0,0.195
2015-09-22 04:30:00,-1.0,0.195
2015-09-22 04:45:00,-1.0,0.293
2015-09-22 05:00:00,-1.0,0.195
2015-09-22 05:15:00,-1.0,0.391
2015-09-22 05:30:00,1.0,1.465
2015-09-22 05:45:00,-1.0,7.715
2015-09-22 06:00:00,24.0,29.59
2015-09-22 06:15:00,42.5,59.473
2015-09-22 06:30:00,60.0,89.648
2015-09-22 06:45:00,122.0,168.652
2015-09-22 07:00:00,113.0,191.406
2015-09-22 07:15:00,140.0,229.199
2015-09-22 07:30:00,135.5,246.973
2015-09-22 07:45:00,134.0,240.918
2015-09-22 08:00:00,159.5,250.977
2015-09-22 08:15:00,175.5,291.211
2015-09-22 08:30:00,215.0,330.371
2015-09-22 08:45:00,307.0,515.527
2015-09-22 09:00:00,485.0,663.965
2015-09-22 09:15:00,328.5,641.016
2015-09-22 09:30:00,398.0,682.422
2015-09-22 09:45:00,278.0,568.652
2015-09-22 10:00:00,306.0,563.184
2015-09-22 10:15:00,365.5,599.512
2015-09-22 10:30:00,356.0,666.309
2015-09-22 10:45:00,328.5,635.742
2015-09-22 11:00:00,427.0,830.469
2015-09-22 11:15:00,452.0,873.926
2015-09-22 11:30:00,562.0,1217.578
2015-09-22 11:45:00,583.5,1273.535
2015-09-22 12:00:00,573.5,1122.07
2015-09-22 12:15:00,654.0,983.691
2015-09-22 12:30:00,445.5,791.113
2015-09-22 12:45:00,506.5,981.641
2015-09-22 13:00:00,242.0,907.129
2015-09-22 13:15:00,472.5,916.016
2015-09-22 13:30:00,430.0,934.668
2015-09-22 13:45:00,411.0,892.48
2015-09-22 14:00:00,391.5,839.844
2015-09-22 14:15:00,368.5,790.039
2015-09-22 14:30:00,341.5,737.012
2015-09-22 14:45:00,319.5,684.082
2015-09-22 15:00:00,288.5,631.543
2015-09-22 15:15:00,256.5,572.266
2015-09-22 15:30:00,225.0,510.059
2015-09-22 15:45:00,193.5,451.855
2015-09-22 16:00:00,79.5,379.98
2015-09-22 16:15:00,120.5,264.551
2015-09-22 16:30:00,83.0,249.121
2015-09-22 16:45:00,51.0,183.984
2015-09-22 17:00:00,27.5,122.07
2015-09-22 17:15:00,13.5,59.473
2015-09-22 17:30:00,5.0,15.332
2015-09-22 17:45:00,-1.0,5.566
2015-09-22 18:00:00,-1.0,1.27
2015-09-22 18:15:00,0.0,0.586
2015-09-22 18:30:00,0.0,0.488
2015-09-22 18:45:00,-1.0,0.391
2015-09-22 19:00:00,0.0,0.0
2015-09-22 19:15:00,-1.0,0.391
2015-09-22 19:30:00,0.0,0.391
2015-09-22 19:45:00,-1.0,0.391
2015-09-22 20:00:00,0.0,0.391
2015-09-22 20:15:00,-1.0,0.391
2015-09-22 20:30:00,-1.0,0.391
2015-09-22 20:45:00,-1.0,0.391
2015-09-22 21:00:00,-1.0,0.391
2015-09-22 21:15:00,0.0,0.391
2015-09-22 21:30:00,0.0,0.391
2015-09-22 21:45:00,0.0,0.293
2015-09-22 22:00:00,-1.0,0.391
2015-09-22 22:15:00,-1.0,0.391
2015-09-22 22:30:00,-1.0,0.293
2015-09-22 22:45:00,-1.0,0.293
2015-09-22 23:00:00,-1.0,0.293
2015-09-22 23:15:00,-1.0,0.391
2015-09-22 23:30:00,-1.0,0.195
2015-09-22 23:45:00,-1.0,0.293
2015-09-23 00:00:00,0.0,0.293
2015-09-23 00:15:00,-1.0,0.293
2015-09-23 00:30:00,0.0,0.195
2015-09-23 00:45:00,-1.0,0.195
2015-09-23 01:00:00,0.0,0.293
2015-09-23 01:15:00,-1.0,0.195
2015-09-23 01:30:00,-1.0,0.195
2015-09-23 01:45:00,0.0,0.195
2015-09-23 02:00:00,-1.0,0.195
2015-09-23 02:15:00,-1.0,0.098
2015-09-23 02:30:00,-1.0,0.293
2015-09-23 02:45:00,-1.0,0.195
2015-09-23 03:00:00,0.0,0.195
2015-09-23 03:15:00,-1.0,0.0
2015-09-23 03:30:00,-1.0,0.293
2015-09-23 03:45:00,-1.0,0.195
2015-09-23 04:00:00,-1.0,0.195
2015-09-23 04:15:00,-1.0,0.0
2015-09-23 04:30:00,-1.0,0.195
2015-09-23 04:45:00,0.0,0.195
2015-09-23 05:00:00,-1.0,0.293
2015-09-23 05:15:00,-1.0,0.488
2015-09-23 05:30:00,2.5,2.441
2015-09-23 05:45:00,8.5,9.668
2015-09-23 06:00:00,22.5,17.871
2015-09-23 06:15:00,45.5,39.453
2015-09-23 06:30:00,68.0,164.453
2015-09-23 06:45:00,98.5,226.758
2015-09-23 07:00:00,130.5,296.68
2015-09-23 07:15:00,166.0,358.887
2015-09-23 07:30:00,230.5,424.609
2015-09-23 07:45:00,265.5,496.191
2015-09-23 08:00:00,298.0,560.059
2015-09-23 08:15:00,329.0,622.949
2015-09-23 08:30:00,357.0,683.203
2015-09-23 08:45:00,380.0,739.648
2015-09-23 09:00:00,400.5,791.504
2015-09-23 09:15:00,417.5,840.625
2015-09-23 09:30:00,436.0,886.23
2015-09-23 09:45:00,446.5,925.586
2015-09-23 10:00:00,460.0,961.133
2015-09-23 10:15:00,471.0,991.992
2015-09-23 10:30:00,476.5,1017.871
2015-09-23 10:45:00,481.5,1037.598
2015-09-23 11:00:00,483.0,1054.102
2015-09-23 11:15:00,486.5,1063.477
2015-09-23 11:30:00,489.0,1070.02
2015-09-23 11:45:00,486.0,1070.313
2015-09-23 12:00:00,481.5,1067.773
2015-09-23 12:15:00,477.0,1056.738
2015-09-23 12:30:00,473.0,1043.945
2015-09-23 12:45:00,462.0,1024.805
2015-09-23 13:00:00,448.0,1001.27
2015-09-23 13:15:00,448.0,977.832
2015-09-23 13:30:00,429.0,945.215
2015-09-23 13:45:00,409.0,899.707
2015-09-23 14:00:00,394.0,856.445
2015-09-23 14:15:00,371.5,808.105
2015-09-23 14:30:00,346.5,756.348
2015-09-23 14:45:00,320.5,699.805
2015-09-23 15:00:00,288.0,640.625
2015-09-23 15:15:00,253.0,576.27
2015-09-23 15:30:00,224.5,511.523
2015-09-23 15:45:00,188.0,447.168
2015-09-23 16:00:00,159.0,380.859
2015-09-23 16:15:00,122.5,316.602
2015-09-23 16:30:00,84.0,250.781
2015-09-23 16:45:00,51.0,186.328
2015-09-23 17:00:00,27.0,123.438
2015-09-23 17:15:00,12.0,50.586
2015-09-23 17:30:00,4.0,12.598
2015-09-23 17:45:00,-1.0,4.59
2015-09-23 18:00:00,-1.0,1.074
2015-09-23 18:15:00,-1.0,0.0
2015-09-23 18:30:00,0.0,0.488
2015-09-23 18:45:00,-1.0,0.488
2015-09-23 19:00:00,-1.0,0.0
2015-09-23 19:15:00,0.0,0.391
2015-09-23 19:30:00,-1.0,0.391
2015-09-23 19:45:00,0.0,0.0
2015-09-23 20:00:00,0.0,0.391
2015-09-23 20:15:00,-1.0,0.391
2015-09-23 20:30:00,-1.0,0.391
2015-09-23 20:45:00,-1.0,0.391
2015-09-23 21:00:00,0.0,0.488
2015-09-23 21:15:00,-1.0,0.391
2015-09-23 21:30:00,-1.0,0.391
2015-09-23 21:45:00,-1.0,0.293
2015-09-23 22:00:00,0.0,0.0
2015-09-23 22:15:00,0.0,0.293
2015-09-23 22:30:00,0.0,0.293
2015-09-23 22:45:00,0.0,0.391
2015-09-23 23:00:00,-1.0,0.293
2015-09-23 23:15:00,-1.0,0.293
2015-09-23 23:30:00,-1.0,0.195
2015-09-23 23:45:00,-1.0,0.293
2015-09-24 00:00:00,0.0,0.293
2015-09-24 00:15:00,0.0,0.293
2015-09-24 00:30:00,-1.0,0.293
2015-09-24 00:45:00,-1.0,0.293
2015-09-24 01:00:00,-1.0,0.195
2015-09-24 01:15:00,0.0,0.195
2015-09-24 01:30:00,-1.0,0.391
2015-09-24 01:45:00,-1.0,0.293
2015-09-24 02:00:00,-1.0,0.293
2015-09-24 02:15:00,-1.0,0.293
2015-09-24 02:30:00,0.0,0.391
2015-09-24 02:45:00,-1.0,0.293
2015-09-24 03:00:00,-1.0,0.293
2015-09-24 03:15:00,-1.0,0.293
2015-09-24 03:30:00,0.0,0.391
2015-09-24 03:45:00,-1.0,0.293
2015-09-24 04:00:00,0.0,0.391
2015-09-24 04:15:00,-1.0,0.293
2015-09-24 04:30:00,-1.0,0.391
2015-09-24 04:45:00,-1.0,0.391
2015-09-24 05:00:00,-1.0,0.391
2015-09-24 05:15:00,-1.0,0.488
2015-09-24 05:30:00,2.5,2.441
2015-09-24 05:45:00,9.0,9.18
2015-09-24 06:00:00,22.0,16.797
2015-09-24 06:15:00,47.0,32.715
2015-09-24 06:30:00,74.0,172.461
2015-09-24 06:45:00,101.5,236.035
2015-09-24 07:00:00,138.0,306.934
2015-09-24 07:15:00,195.0,371.582
2015-09-24 07:30:00,233.5,436.23
2015-09-24 07:45:00,269.0,507.031
2015-09-24 08:00:00,292.0,572.461
2015-09-24 08:15:00,328.0,637.012
2015-09-24 08:30:00,355.0,697.852
2015-09-24 08:45:00,376.0,754.492
2015-09-24 09:00:00,396.5,808.691
2015-09-24 09:15:00,413.0,859.57
2015-09-24 09:30:00,428.5,905.273
2015-09-24 09:45:00,440.0,944.434
2015-09-24 10:00:00,450.5,982.422
2015-09-24 10:15:00,457.5,1004.297
2015-09-24 10:30:00,449.5,1031.836
2015-09-24 10:45:00,471.5,1051.074
2015-09-24 11:00:00,475.0,1070.703
2015-09-24 11:15:00,473.5,1082.422
2015-09-24 11:30:00,448.0,1082.813
2015-09-24 11:45:00,479.0,1089.16
2015-09-24 12:00:00,467.5,1081.934
2015-09-24 12:15:00,470.5,1076.465
2015-09-24 12:30:00,461.0,1055.859
2015-09-24 12:45:00,446.0,1037.109
2015-09-24 13:00:00,444.0,1007.715
2015-09-24 13:15:00,430.5,976.563
2015-09-24 13:30:00,422.5,948.438
2015-09-24 13:45:00,405.0,903.32
2015-09-24 14:00:00,388.0,863.281
2015-09-24 14:15:00,367.0,814.453
2015-09-24 14:30:00,340.5,762.793
2015-09-24 14:45:00,319.5,692.676
2015-09-24 15:00:00,282.0,597.656
2015-09-24 15:15:00,267.0,597.461
2015-09-24 15:30:00,232.5,528.223
2015-09-24 15:45:00,197.0,460.449
2015-09-24 16:00:00,162.0,390.527
2015-09-24 16:15:00,117.0,324.805
2015-09-24 16:30:00,83.5,253.027
2015-09-24 16:45:00,52.5,195.508
2015-09-24 17:00:00,27.5,128.906
2015-09-24 17:15:00,11.0,48.438
2015-09-24 17:30:00,4.0,12.598
2015-09-24 17:45:00,-1.0,3.516
2015-09-24 18:00:00,-1.0,0.684
2015-09-24 18:15:00,0.0,0.488
2015-09-24 18:30:00,-1.0,0.586
2015-09-24 18:45:00,0.0,0.488
2015-09-24 19:00:00,0.0,0.684
2015-09-24 19:15:00,0.0,0.586
2015-09-24 19:30:00,-1.0,0.0
2015-09-24 19:45:00,0.0,0.586
2015-09-24 20:00:00,0.0,0.684
2015-09-24 20:15:00,0.0,0.586
2015-09-24 20:30:00,-1.0,0.488
2015-09-24 20:45:00,0.0,0.488
2015-09-24 21:00:00,0.0,0.488
2015-09-24 21:15:00,0.0,0.391
2015-09-24 21:30:00,-1.0,0.391
2015-09-24 21:45:00,-1.0,0.293
2015-09-24 22:00:00,0.0,0.391
2015-09-24 22:15:00,-1.0,0.293
2015-09-24 22:30:00,0.0,0.293
2015-09-24 22:45:00,0.0,0.293
2015-09-24 23:00:00,0.0,0.293
2015-09-24 23:15:00,0.0,0.391
2015-09-24 23:30:00,-1.0,0.293
2015-09-24 23:45:00,-1.0,0.195
2015-09-25 00:00:00,-1.0,0.293
2015-09-25 00:15:00,-1.0,0.293
2015-09-25 00:30:00,-1.0,0.293
2015-09-25 00:45:00,-1.0,0.195
2015-09-25 01:00:00,-1.0,0.293
2015-09-25 01:15:00,-1.0,0.195
2015-09-25 01:30:00,-1.0,0.0
2015-09-25 01:45:00,-1.0,0.293
2015-09-25 02:00:00,0.0,0.293
2015-09-25 02:15:00,0.0,0.195
2015-09-25 02:30:00,-1.0,0.195
2015-09-25 02:45:00,-1.0,0.195
2015-09-25 03:00:00,-1.0,0.195
2015-09-25 03:15:00,-1.0,0.0
2015-09-25 03:30:00,-1.0,0.195
2015-09-25 03:45:00,0.0,0.098
2015-09-25 04:00:00,-1.0,0.293
2015-09-25 04:15:00,0.0,0.293
2015-09-25 04:30:00,-1.0,0.293
2015-09-25 04:45:00,-1.0,0.293
2015-09-25 05:00:00,-1.0,0.195
2015-09-25 05:15:00,-1.0,0.391
2015-09-25 05:30:00,2.5,0.0
2015-09-25 05:45:00,8.0,8.594
2015-09-25 06:00:00,22.0,15.82
2015-09-25 06:15:00,47.5,26.367
2015-09-25 06:30:00,71.5,172.07
2015-09-25 06:45:00,99.5,236.523
2015-09-25 07:00:00,148.5,304.102
2015-09-25 07:15:00,195.0,370.508
2015-09-25 07:30:00,232.0,436.816
2015-09-25 07:45:00,262.5,503.125
2015-09-25 08:00:00,292.5,568.945
2015-09-25 08:15:00,324.5,632.52
2015-09-25 08:30:00,349.5,692.48
2015-09-25 08:45:00,109.0,697.949
2015-09-25 09:00:00,185.5,573.73
2015-09-25 09:15:00,444.0,920.605
2015-09-25 09:30:00,136.0,725.684
2015-09-25 09:45:00,464.0,960.645
2015-09-25 10:00:00,388.5,974.316
2015-09-25 10:15:00,460.0,992.969
2015-09-25 10:30:00,466.0,1028.223
2015-09-25 10:45:00,467.5,1049.023
2015-09-25 11:00:00,471.5,1068.457
2015-09-25 11:15:00,472.5,1079.199
2015-09-25 11:30:00,465.0,1081.836
2015-09-25 11:45:00,465.0,1076.855
2015-09-25 12:00:00,463.0,1071.484
2015-09-25 12:15:00,462.0,1060.352
2015-09-25 12:30:00,469.5,1058.789
2015-09-25 12:45:00,539.0,1076.953
2015-09-25 13:00:00,468.0,1045.02
2015-09-25 13:15:00,149.5,577.539
2015-09-25 13:30:00,90.0,932.52
2015-09-25 13:45:00,233.5,616.895
2015-09-25 14:00:00,460.0,826.367
2015-09-25 14:15:00,231.5,754.785
2015-09-25 14:30:00,373.5,471.094
2015-09-25 14:45:00,58.0,209.668
2015-09-25 15:00:00,78.5,126.27
2015-09-25 15:15:00,306.0,394.336
2015-09-25 15:30:00,72.0,487.305
2015-09-25 15:45:00,209.5,365.82
2015-09-25 16:00:00,87.5,338.281
2015-09-25 16:15:00,38.0,215.625
2015-09-25 16:30:00,32.0,165.723
2015-09-25 16:45:00,50.5,133.105
2015-09-25 17:00:00,10.5,66.699
2015-09-25 17:15:00,6.5,16.699
2015-09-25 17:30:00,2.5,7.91
2015-09-25 17:45:00,0.0,2.734
2015-09-25 18:00:00,-1.0,0.684
2015-09-25 18:15:00,-1.0,0.488
2015-09-25 18:30:00,-1.0,0.488
2015-09-25 18:45:00,0.0,0.586
2015-09-25 19:00:00,-1.0,0.0
2015-09-25 19:15:00,0.0,0.488
2015-09-25 19:30:00,0.0,0.586
2015-09-25 19:45:00,0.0,0.586
2015-09-25 20:00:00,0.0,0.586
2015-09-25 20:15:00,-1.0,0.488
2015-09-25 20:30:00,-1.0,0.586
2015-09-25 20:45:00,0.0,0.391
2015-09-25 21:00:00,-1.0,0.488
2015-09-25 21:15:00,-1.0,0.488
2015-09-25 21:30:00,0.0,0.391
2015-09-25 21:45:00,-1.0,0.391
2015-09-25 22:00:00,-1.0,0.488
2015-09-25 22:15:00,0.0,0.293
2015-09-25 22:30:00,-1.0,0.391
2015-09-25 22:45:00,0.0,0.293
2015-09-25 23:00:00,-1.0,0.293
2015-09-25 23:15:00,-1.0,0.293
2015-09-25 23:30:00,-1.0,0.293
2015-09-25 23:45:00,0.0,0.293
2015-09-26 00:00:00,-1.0,0.195
2015-09-26 00:15:00,0.0,0.293
2015-09-26 00:30:00,-1.0,0.293
2015-09-26 00:45:00,0.0,0.195
2015-09-26 01:00:00,-1.0,0.293
2015-09-26 01:15:00,-1.0,0.293
2015-09-26 01:30:00,-1.0,0.293
2015-09-26 01:45:00,0.0,0.195
2015-09-26 02:00:00,0.0,0.293
2015-09-26 02:15:00,-1.0,0.293
2015-09-26 02:30:00,-1.0,0.195
2015-09-26 02:45:00,-1.0,0.0
2015-09-26 03:00:00,-1.0,0.0
2015-09-26 03:15:00,-1.0,0.293
2015-09-26 03:30:00,-1.0,0.293
2015-09-26 03:45:00,-1.0,0.293
2015-09-26 04:00:00,-1.0,0.293
2015-09-26 04:15:00,-1.0,0.195
2015-09-26 04:30:00,-1.0,0.293
2015-09-26 04:45:00,-1.0,0.195
2015-09-26 05:00:00,-1.0,0.293
2015-09-26 05:15:00,-1.0,0.391
2015-09-26 05:30:00,4.0,6.445
2015-09-26 05:45:00,16.0,16.016
2015-09-26 06:00:00,33.5,39.746
2015-09-26 06:15:00,69.5,58.984
2015-09-26 06:30:00,76.5,139.16
2015-09-26 06:45:00,73.5,155.176
2015-09-26 07:00:00,101.0,179.004
2015-09-26 07:15:00,111.0,252.734
2015-09-26 07:30:00,138.0,264.941
2015-09-26 07:45:00,138.0,218.848
2015-09-26 08:00:00,348.0,499.609
2015-09-26 08:15:00,178.0,501.27
2015-09-26 08:30:00,182.0,392.676
2015-09-26 08:45:00,305.0,428.223
2015-09-26 09:00:00,248.0,474.121
2015-09-26 09:15:00,460.0,714.746
2015-09-26 09:30:00,192.0,748.633
2015-09-26 09:45:00,362.5,520.41
2015-09-26 10:00:00,423.0,865.527
2015-09-26 10:15:00,261.0,1070.801
2015-09-26 10:30:00,491.0,890.918
2015-09-26 10:45:00,254.0,943.555
2015-09-26 11:00:00,421.0,786.523
2015-09-26 11:15:00,252.0,817.969
2015-09-26 11:30:00,446.5,580.371
2015-09-26 11:45:00,526.5,936.035
2015-09-26 12:00:00,557.5,823.926
2015-09-26 12:15:00,503.5,1003.32
2015-09-26 12:30:00,463.5,1072.461
2015-09-26 12:45:00,455.5,1028.906
2015-09-26 13:00:00,443.5,995.801
2015-09-26 13:15:00,424.5,960.059
2015-09-26 13:30:00,424.5,929.883
2015-09-26 13:45:00,386.5,817.09
2015-09-26 14:00:00,346.0,827.344
2015-09-26 14:15:00,270.0,609.082
2015-09-26 14:30:00,425.5,533.398
2015-09-26 14:45:00,338.0,783.887
2015-09-26 15:00:00,295.5,655.566
2015-09-26 15:15:00,261.0,576.953
2015-09-26 15:30:00,229.5,510.547
2015-09-26 15:45:00,196.0,448.438
2015-09-26 16:00:00,156.5,381.543
2015-09-26 16:15:00,118.5,312.695
2015-09-26 16:30:00,78.0,247.461
2015-09-26 16:45:00,40.5,182.52
2015-09-26 17:00:00,22.5,72.168
2015-09-26 17:15:00,7.0,36.328
2015-09-26 17:30:00,2.5,10.059
2015-09-26 17:45:00,-1.0,2.441
2015-09-26 18:00:00,-1.0,0.684
2015-09-26 18:15:00,0.0,0.586
2015-09-26 18:30:00,0.0,0.488
2015-09-26 18:45:00,0.0,0.586
2015-09-26 19:00:00,-1.0,0.488
2015-09-26 19:15:00,-1.0,0.391
2015-09-26 19:30:00,-1.0,0.488
2015-09-26 19:45:00,-1.0,0.391
2015-09-26 20:00:00,0.0,0.488
2015-09-26 20:15:00,-1.0,0.391
2015-09-26 20:30:00,0.0,0.391
2015-09-26 20:45:00,-1.0,0.293
2015-09-26 21:00:00,0.0,0.293
2015-09-26 21:15:00,0.0,0.391
2015-09-26 21:30:00,-1.0,0.391
2015-09-26 21:45:00,0.0,0.293
2015-09-26 22:00:00,-1.0,0.293
2015-09-26 22:15:00,-1.0,0.293
2015-09-26 22:30:00,0.0,0.293
2015-09-26 22:45:00,-1.0,0.391
2015-09-26 23:00:00,-1.0,0.391
2015-09-26 23:15:00,-1.0,0.0
2015-09-26 23:30:00,-1.0,0.293
2015-09-26 23:45:00,-1.0,0.195
2015-09-27 00:00:00,-1.0,0.293
2015-09-27 00:15:00,-1.0,0.293
2015-09-27 00:30:00,-1.0,0.293
2015-09-27 00:45:00,-1.0,0.195
2015-09-27 01:00:00,0.0,0.195
2015-09-27 01:15:00,-1.0,0.0
2015-09-27 01:30:00,-1.0,0.0
2015-09-27 01:45:00,-1.0,0.098
2015-09-27 02:00:00,-1.0,0.293
2015-09-27 02:15:00,0.0,0.293
2015-09-27 02:30:00,-1.0,0.195
2015-09-27 02:45:00,0.0,0.195
2015-09-27 03:00:00,-1.0,0.195
2015-09-27 03:15:00,-1.0,0.195
2015-09-27 03:30:00,-1.0,0.195
2015-09-27 03:45:00,-1.0,0.293
2015-09-27 04:00:00,-1.0,0.195
2015-09-27 04:15:00,0.0,0.0
2015-09-27 04:30:00,-1.0,0.293
2015-09-27 04:45:00,-1.0,0.293
2015-09-27 05:00:00,-1.0,0.293
2015-09-27 05:15:00,-1.0,0.391
2015-09-27 05:30:00,2.5,1.855
2015-09-27 05:45:00,-1.0,8.398
2015-09-27 06:00:00,22.0,17.48
2015-09-27 06:15:00,49.0,28.809
2015-09-27 06:30:00,64.5,176.074
2015-09-27 06:45:00,137.0,253.223
2015-09-27 07:00:00,105.5,223.926
2015-09-27 07:15:00,201.5,242.969
2015-09-27 07:30:00,150.5,369.043
2015-09-27 07:45:00,171.0,349.414
2015-09-27 08:00:00,211.0,494.336
2015-09-27 08:15:00,297.0,391.504
2015-09-27 08:30:00,237.5,585.352
2015-09-27 08:45:00,378.5,616.895
2015-09-27 09:00:00,390.5,793.555
2015-09-27 09:15:00,405.5,837.793
2015-09-27 09:30:00,422.5,879.98
2015-09-27 09:45:00,432.5,919.531
2015-09-27 10:00:00,446.5,954.199
2015-09-27 10:15:00,460.0,985.156
2015-09-27 10:30:00,469.0,1008.105
2015-09-27 10:45:00,475.0,1033.887
2015-09-27 11:00:00,479.0,1048.926
2015-09-27 11:15:00,481.5,1056.641
2015-09-27 11:30:00,475.5,1060.449
2015-09-27 11:45:00,478.5,1057.129
2015-09-27 12:00:00,496.5,1032.91
2015-09-27 12:15:00,471.0,1109.668
2015-09-27 12:30:00,478.5,1040.527
2015-09-27 12:45:00,473.0,1038.77
2015-09-27 13:00:00,425.0,886.426
2015-09-27 13:15:00,434.0,948.047
2015-09-27 13:30:00,433.0,865.82
2015-09-27 13:45:00,299.0,601.27
2015-09-27 14:00:00,218.0,656.836
2015-09-27 14:15:00,314.5,634.277
2015-09-27 14:30:00,293.5,434.961
2015-09-27 14:45:00,178.0,558.594
2015-09-27 15:00:00,184.0,413.281
2015-09-27 15:15:00,189.0,317.773
2015-09-27 15:30:00,153.0,378.516
2015-09-27 15:45:00,112.0,264.941
2015-09-27 16:00:00,174.5,223.73
2015-09-27 16:15:00,66.5,193.457
2015-09-27 16:30:00,35.0,87.402
2015-09-27 16:45:00,39.0,66.211
2015-09-27 17:00:00,19.5,64.258
2015-09-27 17:15:00,6.0,22.852
2015-09-27 17:30:00,1.0,7.324
2015-09-27 17:45:00,-1.0,1.367
2015-09-27 18:00:00,-1.0,0.586
2015-09-27 18:15:00,0.0,0.488
2015-09-27 18:30:00,0.0,0.391
2015-09-27 18:45:00,-1.0,0.391
2015-09-27 19:00:00,-1.0,0.586
2015-09-27 19:15:00,0.0,0.0
2015-09-27 19:30:00,-1.0,0.488
2015-09-27 19:45:00,0.0,0.0
2015-09-27 20:00:00,0.0,0.586
2015-09-27 20:15:00,0.0,0.488
2015-09-27 20:30:00,-1.0,0.586
2015-09-27 20:45:00,0.0,0.488
2015-09-27 21:00:00,0.0,0.586
2015-09-27 21:15:00,-1.0,0.586
2015-09-27 21:30:00,0.0,0.586
2015-09-27 21:45:00,-1.0,0.586
2015-09-27 22:00:00,0.0,0.488
2015-09-27 22:15:00,-1.0,0.488
2015-09-27 22:30:00,0.0,0.488
2015-09-27 22:45:00,-1.0,0.488
2015-09-27 23:00:00,-1.0,0.391
2015-09-27 23:15:00,-1.0,0.391
2015-09-27 23:30:00,0.0,0.391
2015-09-27 23:45:00,-1.0,0.293
2015-09-28 00:00:00,-1.0,0.391
2015-09-28 00:15:00,0.0,0.488
2015-09-28 00:30:00,-1.0,0.391
2015-09-28 00:45:00,-1.0,0.0
2015-09-28 01:00:00,-1.0,0.391
2015-09-28 01:15:00,-1.0,0.391
2015-09-28 01:30:00,-1.0,0.293
2015-09-28 01:45:00,-1.0,0.391
2015-09-28 02:00:00,-1.0,0.391
2015-09-28 02:15:00,-1.0,0.293
2015-09-28 02:30:00,-1.0,0.293
2015-09-28 02:45:00,-1.0,0.195
2015-09-28 03:00:00,-1.0,0.293
2015-09-28 03:15:00,-1.0,0.195
2015-09-28 03:30:00,-1.0,0.293
2015-09-28 03:45:00,0.0,0.293
2015-09-28 04:00:00,-1.0,0.293
2015-09-28 04:15:00,-1.0,0.195
2015-09-28 04:30:00,-1.0,0.293
2015-09-28 04:45:00,0.0,0.195
2015-09-28 05:00:00,-1.0,0.195
2015-09-28 05:15:00,-1.0,0.293
2015-09-28 05:30:00,2.0,1.172
2015-09-28 05:45:00,9.0,8.691
2015-09-28 06:00:00,28.0,24.609
2015-09-28 06:15:00,44.5,34.668
2015-09-28 06:30:00,84.0,140.82
2015-09-28 06:45:00,103.5,233.887
2015-09-28 07:00:00,115.0,310.742
2015-09-28 07:15:00,180.0,358.301
2015-09-28 07:30:00,230.0,408.398
2015-09-28 07:45:00,265.5,502.637
2015-09-28 08:00:00,288.0,574.316
2015-09-28 08:15:00,347.5,666.699
2015-09-28 08:30:00,385.0,644.336
2015-09-28 08:45:00,394.5,756.641
2015-09-28 09:00:00,394.5,824.316
2015-09-28 09:15:00,382.5,717.188
2015-09-28 09:30:00,463.0,796.094
2015-09-28 09:45:00,425.0,807.91
2015-09-28 10:00:00,454.5,964.258
2015-09-28 10:15:00,444.5,977.246
2015-09-28 10:30:00,504.0,935.742
2015-09-28 10:45:00,423.0,868.066
2015-09-28 11:00:00,435.0,898.242
2015-09-28 11:15:00,344.0,724.316
2015-09-28 11:30:00,379.0,813.574
2015-09-28 11:45:00,322.5,677.441
2015-09-28 12:00:00,331.0,666.406
2015-09-28 12:15:00,378.0,709.18
2015-09-28 12:30:00,454.0,916.992
2015-09-28 12:45:00,422.5,848.34
2015-09-28 13:00:00,196.0,630.566
2015-09-28 13:15:00,274.5,548.633
2015-09-28 13:30:00,472.5,620.801
2015-09-28 13:45:00,398.5,898.633
2015-09-28 14:00:00,413.5,761.523
2015-09-28 14:15:00,303.5,631.445
2015-09-28 14:30:00,224.0,477.344
2015-09-28 14:45:00,252.0,479.395
2015-09-28 15:00:00,137.5,364.355
2015-09-28 15:15:00,161.0,283.789
2015-09-28 15:30:00,139.0,272.559
2015-09-28 15:45:00,104.5,232.52
2015-09-28 16:00:00,63.0,145.801
2015-09-28 16:15:00,75.5,127.344
2015-09-28 16:30:00,42.5,107.715
2015-09-28 16:45:00,42.5,81.152
2015-09-28 17:00:00,43.0,120.605
2015-09-28 17:15:00,15.5,50.977
2015-09-28 17:30:00,2.0,16.211
2015-09-28 17:45:00,-1.0,1.953
2015-09-28 18:00:00,-1.0,0.684
2015-09-28 18:15:00,0.0,0.586
2015-09-28 18:30:00,0.0,0.586
2015-09-28 18:45:00,-1.0,0.391
2015-09-28 19:00:00,-1.0,0.391
2015-09-28 19:15:00,0.0,0.391
2015-09-28 19:30:00,0.0,0.391
2015-09-28 19:45:00,0.0,0.488
2015-09-28 20:00:00,0.0,0.488
2015-09-28 20:15:00,0.0,0.391
2015-09-28 20:30:00,0.0,0.391
2015-09-28 20:45:00,0.0,0.391
2015-09-28 21:00:00,0.0,0.0
2015-09-28 21:15:00,-1.0,0.0
2015-09-28 21:30:00,-1.0,0.0
2015-09-28 21:45:00,-1.0,0.293
2015-09-28 22:00:00,0.0,0.293
2015-09-28 22:15:00,-1.0,0.293
2015-09-28 22:30:00,0.0,0.195
2015-09-28 22:45:00,-1.0,0.293
2015-09-28 23:00:00,-1.0,0.0
2015-09-28 23:15:00,-1.0,0.293
2015-09-28 23:30:00,-1.0,0.195
2015-09-28 23:45:00,-1.0,0.293
2015-09-29 00:00:00,-1.0,0.195
2015-09-29 00:15:00,-1.0,0.098
2015-09-29 00:30:00,-1.0,0.195
2015-09-29 00:45:00,-1.0,0.195
2015-09-29 01:00:00,-1.0,0.0
2015-09-29 01:15:00,-1.0,0.195
2015-09-29 01:30:00,0.0,0.0
2015-09-29 01:45:00,-1.0,0.293
2015-09-29 02:00:00,0.0,0.195
2015-09-29 02:15:00,-1.0,0.293
2015-09-29 02:30:00,-1.0,0.293
2015-09-29 02:45:00,-1.0,0.195
2015-09-29 03:00:00,-1.0,0.293
2015-09-29 03:15:00,-1.0,0.195
2015-09-29 03:30:00,-1.0,0.293
2015-09-29 03:45:00,-1.0,0.293
2015-09-29 04:00:00,-1.0,0.195
2015-09-29 04:15:00,-1.0,0.293
2015-09-29 04:30:00,-1.0,0.0
2015-09-29 04:45:00,-1.0,0.391
2015-09-29 05:00:00,-1.0,0.293
2015-09-29 05:15:00,-1.0,0.391
2015-09-29 05:30:00,5.0,4.688
2015-09-29 05:45:00,10.0,13.672
2015-09-29 06:00:00,19.5,23.535
2015-09-29 06:15:00,29.0,33.203
2015-09-29 06:30:00,93.0,139.844
2015-09-29 06:45:00,106.5,244.336
2015-09-29 07:00:00,166.5,275.879
2015-09-29 07:15:00,206.5,371.582
2015-09-29 07:30:00,226.5,437.988
2015-09-29 07:45:00,290.5,500.684
2015-09-29 08:00:00,303.5,586.035
2015-09-29 08:15:00,359.0,576.367
2015-09-29 08:30:00,367.5,682.324
2015-09-29 08:45:00,417.5,750.0
2015-09-29 09:00:00,421.0,742.578
2015-09-29 09:15:00,312.5,837.012
2015-09-29 09:30:00,398.5,882.617
2015-09-29 09:45:00,317.0,818.164
2015-09-29 10:00:00,358.0,844.727
2015-09-29 10:15:00,403.0,987.402
2015-09-29 10:30:00,500.5,1037.207
2015-09-29 10:45:00,480.5,1038.672
2015-09-29 11:00:00,502.5,1054.102
2015-09-29 11:15:00,450.5,1073.145
2015-09-29 11:30:00,500.0,1036.035
2015-09-29 11:45:00,324.5,1064.258
2015-09-29 12:00:00,357.5,983.496
2015-09-29 12:15:00,502.0,958.301
2015-09-29 12:30:00,470.5,1076.27
2015-09-29 12:45:00,469.0,1052.637
2015-09-29 13:00:00,396.5,1034.277
2015-09-29 13:15:00,450.5,931.738
2015-09-29 13:30:00,431.0,920.703
2015-09-29 13:45:00,391.5,853.125
2015-09-29 14:00:00,338.5,778.125
2015-09-29 14:15:00,383.0,704.98
2015-09-29 14:30:00,344.5,758.105
2015-09-29 14:45:00,316.5,691.113
2015-09-29 15:00:00,286.0,624.023
2015-09-29 15:15:00,251.5,558.398
2015-09-29 15:30:00,214.5,495.703
2015-09-29 15:45:00,180.5,430.664
2015-09-29 16:00:00,147.0,364.551
2015-09-29 16:15:00,105.5,298.34
2015-09-29 16:30:00,65.0,229.98
2015-09-29 16:45:00,38.0,166.895
2015-09-29 17:00:00,18.0,101.855
2015-09-29 17:15:00,5.0,18.75
2015-09-29 17:30:00,2.0,7.324
2015-09-29 17:45:00,-1.0,1.27
2015-09-29 18:00:00,0.0,0.488
2015-09-29 18:15:00,0.0,0.0
2015-09-29 18:30:00,0.0,0.488
2015-09-29 18:45:00,0.0,0.586
2015-09-29 19:00:00,0.0,0.586
2015-09-29 19:15:00,0.0,0.488
2015-09-29 19:30:00,-1.0,0.391
2015-09-29 19:45:00,0.0,0.488
2015-09-29 20:00:00,-1.0,0.488
2015-09-29 20:15:00,-1.0,0.391
2015-09-29 20:30:00,0.0,0.391
2015-09-29 20:45:00,0.0,0.391
2015-09-29 21:00:00,0.0,0.488
2015-09-29 21:15:00,-1.0,0.293
2015-09-29 21:30:00,0.0,0.293
2015-09-29 21:45:00,0.0,0.0
2015-09-29 22:00:00,0.0,0.293
2015-09-29 22:15:00,-1.0,0.195
2015-09-29 22:30:00,-1.0,0.391
2015-09-29 22:45:00,0.0,0.293
2015-09-29 23:00:00,-1.0,0.293
2015-09-29 23:15:00,-1.0,0.293
2015-09-29 23:30:00,-1.0,0.293
2015-09-29 23:45:00,0.0,0.293
2015-09-30 00:00:00,-1.0,0.293
2015-09-30 00:15:00,-1.0,0.195
2015-09-30 00:30:00,-1.0,0.293
2015-09-30 00:45:00,-1.0,0.391
2015-09-30 01:00:00,-1.0,0.0
2015-09-30 01:15:00,-1.0,0.293
2015-09-30 01:30:00,-1.0,0.293
2015-09-30 01:45:00,0.0,0.0
2015-09-30 02:00:00,-1.0,0.391
2015-09-30 02:15:00,-1.0,0.391
2015-09-30 02:30:00,-1.0,0.391
2015-09-30 02:45:00,-1.0,0.293
2015-09-30 03:00:00,-1.0,0.391
2015-09-30 03:15:00,-1.0,0.293
2015-09-30 03:30:00,-1.0,0.391
2015-09-30 03:45:00,-1.0,0.391
2015-09-30 04:00:00,-1.0,0.391
2015-09-30 04:15:00,-1.0,0.391
2015-09-30 04:30:00,0.0,0.293
2015-09-30 04:45:00,0.0,0.391
2015-09-30 05:00:00,-1.0,0.293
2015-09-30 05:15:00,-1.0,0.293
2015-09-30 05:30:00,1.0,1.367
2015-09-30 05:45:00,-1.0,6.641
2015-09-30 06:00:00,21.5,23.438
2015-09-30 06:15:00,43.0,49.316
2015-09-30 06:30:00,92.0,146.289
2015-09-30 06:45:00,118.5,195.215
2015-09-30 07:00:00,203.0,242.871
2015-09-30 07:15:00,184.5,308.887
2015-09-30 07:30:00,243.0,441.113
2015-09-30 07:45:00,293.5,536.719
2015-09-30 08:00:00,301.0,571.582
2015-09-30 08:15:00,338.5,653.125
2015-09-30 08:30:00,355.5,711.621
2015-09-30 08:45:00,357.5,722.656
2015-09-30 09:00:00,361.0,832.91
2015-09-30 09:15:00,271.0,778.223
2015-09-30 09:30:00,355.0,781.348
2015-09-30 09:45:00,489.0,877.051
2015-09-30 10:00:00,423.5,981.836
2015-09-30 10:15:00,534.5,977.539
2015-09-30 10:30:00,493.0,878.516
2015-09-30 10:45:00,519.0,841.016
2015-09-30 11:00:00,518.0,1137.305
2015-09-30 11:15:00,505.5,1004.883
2015-09-30 11:30:00,526.5,1016.016
2015-09-30 11:45:00,467.0,731.738
2015-09-30 12:00:00,457.5,760.938
2015-09-30 12:15:00,479.5,1108.789
2015-09-30 12:30:00,317.5,844.238
2015-09-30 12:45:00,495.0,1119.922
2015-09-30 13:00:00,416.5,1017.969
2015-09-30 13:15:00,477.0,935.449
2015-09-30 13:30:00,436.5,937.793
2015-09-30 13:45:00,399.5,895.703
2015-09-30 14:00:00,380.5,836.914
2015-09-30 14:15:00,359.5,785.449
2015-09-30 14:30:00,339.5,731.836
2015-09-30 14:45:00,309.0,675.879
2015-09-30 15:00:00,284.0,615.918
2015-09-30 15:15:00,255.0,561.133
2015-09-30 15:30:00,226.0,505.078
2015-09-30 15:45:00,184.5,438.965
2015-09-30 16:00:00,143.0,362.305
2015-09-30 16:15:00,99.0,288.086
2015-09-30 16:30:00,63.0,221.777
2015-09-30 16:45:00,35.0,159.18
2015-09-30 17:00:00,16.5,93.066
2015-09-30 17:15:00,5.0,15.332
2015-09-30 17:30:00,-1.0,6.641
2015-09-30 17:45:00,-1.0,1.367
2015-09-30 18:00:00,-1.0,0.0
2015-09-30 18:15:00,-1.0,0.586
2015-09-30 18:30:00,-1.0,0.586
2015-09-30 18:45:00,0.0,0.488
2015-09-30 19:00:00,-1.0,0.586
2015-09-30 19:15:00,0.0,0.586
2015-09-30 19:30:00,0.0,0.488
2015-09-30 19:45:00,-1.0,0.0
2015-09-30 20:00:00,-1.0,0.488
2015-09-30 20:15:00,-1.0,0.488
2015-09-30 20:30:00,-1.0,0.0
2015-09-30 20:45:00,0.0,0.391
2015-09-30 21:00:00,0.0,0.488
2015-09-30 21:15:00,0.0,0.391
2015-09-30 21:30:00,0.0,0.391
2015-09-30 21:45:00,-1.0,0.293
2015-09-30 22:00:00,-1.0,0.293
2015-09-30 22:15:00,-1.0,0.391
2015-09-30 22:30:00,-1.0,0.293
2015-09-30 22:45:00,-1.0,0.293
2015-09-30 23:00:00,-1.0,0.293
2015-09-30 23:15:00,-1.0,0.293
2015-09-30 23:30:00,-1.0,0.293
2015-09-30 23:45:00,-1.0,0.195
2015-10-01 00:00:00,-1.0,0.293
2015-10-01 00:15:00,-1.0,0.195
2015-10-01 00:30:00,-1.0,0.195
2015-10-01 00:45:00,0.0,0.195
2015-10-01 01:00:00,-1.0,0.195
2015-10-01 01:15:00,-1.0,0.293
2015-10-01 01:30:00,-1.0,0.195
2015-10-01 01:45:00,0.0,0.293
2015-10-01 02:00:00,-1.0,0.293
2015-10-01 02:15:00,-1.0,0.195
2015-10-01 02:30:00,-1.0,0.293
2015-10-01 02:45:00,-1.0,0.293
2015-10-01 03:00:00,-1.0,0.293
2015-10-01 03:15:00,-1.0,0.293
2015-10-01 03:30:00,-1.0,0.195
2015-10-01 03:45:00,-1.0,0.293
2015-10-01 04:00:00,-1.0,0.195
2015-10-01 04:15:00,-1.0,0.293
2015-10-01 04:30:00,-1.0,0.293
2015-10-01 04:45:00,-1.0,0.293
2015-10-01 05:00:00,-1.0,0.293
2015-10-01 05:15:00,-1.0,0.293
2015-10-01 05:30:00,2.0,1.465
2015-10-01 05:45:00,-1.0,6.445
2015-10-01 06:00:00,18.0,15.82
2015-10-01 06:15:00,42.5,23.926
2015-10-01 06:30:00,70.5,131.641
2015-10-01 06:45:00,109.0,229.004
2015-10-01 07:00:00,151.0,297.266
2015-10-01 07:15:00,188.0,366.211
2015-10-01 07:30:00,224.0,428.516
2015-10-01 07:45:00,261.0,492.48
2015-10-01 08:00:00,254.0,567.48
2015-10-01 08:15:00,334.5,625.977
2015-10-01 08:30:00,357.5,705.176
2015-10-01 08:45:00,389.5,741.406
2015-10-01 09:00:00,418.5,842.285
2015-10-01 09:15:00,413.5,757.031
2015-10-01 09:30:00,467.5,769.922
2015-10-01 09:45:00,266.5,774.219
2015-10-01 10:00:00,519.0,956.543
2015-10-01 10:15:00,391.5,896.191
2015-10-01 10:30:00,358.0,798.535
2015-10-01 10:45:00,419.5,814.063
2015-10-01 11:00:00,550.5,955.176
2015-10-01 11:15:00,526.5,1053.906
2015-10-01 11:30:00,521.0,1097.656
2015-10-01 11:45:00,517.0,1081.445
2015-10-01 12:00:00,508.0,1071.582
2015-10-01 12:15:00,496.0,1051.27
2015-10-01 12:30:00,491.0,1038.672
2015-10-01 12:45:00,475.0,1009.961
2015-10-01 13:00:00,457.5,975.293
2015-10-01 13:15:00,446.5,923.047
2015-10-01 13:30:00,440.5,920.898
2015-10-01 13:45:00,420.5,886.133
2015-10-01 14:00:00,403.5,845.996
2015-10-01 14:15:00,378.0,793.262
2015-10-01 14:30:00,353.0,742.676
2015-10-01 14:45:00,322.5,684.082
2015-10-01 15:00:00,292.0,623.926
2015-10-01 15:15:00,259.0,557.715
2015-10-01 15:30:00,228.0,497.656
2015-10-01 15:45:00,188.0,433.789
2015-10-01 16:00:00,145.0,361.23
2015-10-01 16:15:00,101.5,265.625
2015-10-01 16:30:00,60.0,211.426
2015-10-01 16:45:00,35.5,148.438
2015-10-01 17:00:00,16.0,81.348
2015-10-01 17:15:00,4.5,16.309
2015-10-01 17:30:00,0.0,6.738
2015-10-01 17:45:00,-1.0,1.66
2015-10-01 18:00:00,-1.0,0.586
2015-10-01 18:15:00,0.0,0.488
2015-10-01 18:30:00,0.0,0.488
2015-10-01 18:45:00,-1.0,0.488
2015-10-01 19:00:00,-1.0,0.391
2015-10-01 19:15:00,0.0,0.0
2015-10-01 19:30:00,-1.0,0.391
2015-10-01 19:45:00,0.0,0.293
2015-10-01 20:00:00,-1.0,0.293
2015-10-01 20:15:00,-1.0,0.0
2015-10-01 20:30:00,0.0,0.293
2015-10-01 20:45:00,-1.0,0.0
2015-10-01 21:00:00,-1.0,0.293
2015-10-01 21:15:00,0.0,0.293
2015-10-01 21:30:00,-1.0,0.0
2015-10-01 21:45:00,-1.0,0.293
2015-10-01 22:00:00,-1.0,0.293
2015-10-01 22:15:00,-1.0,0.293
2015-10-01 22:30:00,0.0,0.293
2015-10-01 22:45:00,-1.0,0.391
2015-10-01 23:00:00,0.0,0.293
2015-10-01 23:15:00,0.0,0.195
2015-10-01 23:30:00,-1.0,0.195
2015-10-01 23:45:00,-1.0,0.0
2015-10-02 00:00:00,-1.0,0.195
2015-10-02 00:15:00,-1.0,0.293
2015-10-02 00:30:00,0.0,0.195
2015-10-02 00:45:00,-1.0,0.195
2015-10-02 01:00:00,-1.0,0.293
2015-10-02 01:15:00,-1.0,0.293
2015-10-02 01:30:00,-1.0,0.293
2015-10-02 01:45:00,-1.0,0.195
2015-10-02 02:00:00,-1.0,0.293
2015-10-02 02:15:00,-1.0,0.293
2015-10-02 02:30:00,-1.0,0.293
2015-10-02 02:45:00,-1.0,0.195
2015-10-02 03:00:00,0.0,0.293
2015-10-02 03:15:00,0.0,0.293
2015-10-02 03:30:00,0.0,0.195
2015-10-02 03:45:00,-1.0,0.195
2015-10-02 04:00:00,-1.0,0.293
2015-10-02 04:15:00,-1.0,0.293
2015-10-02 04:30:00,-1.0,0.293
2015-10-02 04:45:00,-1.0,0.293
2015-10-02 05:00:00,-1.0,0.195
2015-10-02 05:15:00,-1.0,0.195
2015-10-02 05:30:00,-1.0,0.879
2015-10-02 05:45:00,5.0,6.055
2015-10-02 06:00:00,17.5,14.258
2015-10-02 06:15:00,39.0,21.387
2015-10-02 06:30:00,72.0,121.289
2015-10-02 06:45:00,105.5,227.734
2015-10-02 07:00:00,153.5,300.781
2015-10-02 07:15:00,196.0,371.191
2015-10-02 07:30:00,238.0,440.234
2015-10-02 07:45:00,276.0,507.227
2015-10-02 08:00:00,313.5,575.781
2015-10-02 08:15:00,347.5,634.863
2015-10-02 08:30:00,376.0,693.945
2015-10-02 08:45:00,400.5,747.363
2015-10-02 09:00:00,423.5,798.73
2015-10-02 09:15:00,448.5,846.875
2015-10-02 09:30:00,463.5,889.648
2015-10-02 09:45:00,479.5,931.445
2015-10-02 10:00:00,499.5,966.895
2015-10-02 10:15:00,504.0,997.754
2015-10-02 10:30:00,517.0,1023.828
2015-10-02 10:45:00,525.0,1044.922
2015-10-02 11:00:00,524.5,1056.836
2015-10-02 11:15:00,533.5,1065.625
2015-10-02 11:30:00,533.5,1066.504
2015-10-02 11:45:00,537.0,1063.379
2015-10-02 12:00:00,531.0,1056.738
2015-10-02 12:15:00,529.0,1047.461
2015-10-02 12:30:00,516.0,1030.176
2015-10-02 12:45:00,509.5,1011.621
2015-10-02 13:00:00,492.5,986.816
2015-10-02 13:15:00,469.0,958.203
2015-10-02 13:30:00,452.0,919.434
2015-10-02 13:45:00,430.5,878.32
2015-10-02 14:00:00,409.0,834.375
2015-10-02 14:15:00,385.0,785.645
2015-10-02 14:30:00,358.0,730.566
2015-10-02 14:45:00,328.0,672.949
2015-10-02 15:00:00,299.5,612.598
2015-10-02 15:15:00,263.0,552.148
2015-10-02 15:30:00,228.0,489.844
2015-10-02 15:45:00,189.5,423.73
2015-10-02 16:00:00,147.5,356.543
2015-10-02 16:15:00,101.5,289.355
2015-10-02 16:30:00,64.0,223.145
2015-10-02 16:45:00,34.0,160.254
2015-10-02 17:00:00,12.0,80.762
2015-10-02 17:15:00,4.0,11.523
2015-10-02 17:30:00,-1.0,5.078
2015-10-02 17:45:00,0.0,1.172
2015-10-02 18:00:00,-1.0,0.391
2015-10-02 18:15:00,0.0,0.293
2015-10-02 18:30:00,0.0,0.195
2015-10-02 18:45:00,0.0,0.195
2015-10-02 19:00:00,-1.0,0.195
2015-10-02 19:15:00,-1.0,0.391
2015-10-02 19:30:00,0.0,0.293
2015-10-02 19:45:00,0.0,0.195
2015-10-02 20:00:00,0.0,0.293
2015-10-02 20:15:00,0.0,0.195
2015-10-02 20:30:00,0.0,0.0
2015-10-02 20:45:00,0.0,0.293
2015-10-02 21:00:00,0.0,0.293
2015-10-02 21:15:00,-1.0,0.195
2015-10-02 21:30:00,0.0,0.098
2015-10-02 21:45:00,0.0,0.098
2015-10-02 22:00:00,0.0,0.195
2015-10-02 22:15:00,-1.0,0.293
2015-10-02 22:30:00,-1.0,0.293
2015-10-02 22:45:00,-1.0,0.293
2015-10-02 23:00:00,0.0,0.293
2015-10-02 23:15:00,0.0,0.293
2015-10-02 23:30:00,0.0,0.293
2015-10-02 23:45:00,-1.0,0.293
2015-10-03 00:00:00,-1.0,0.391
2015-10-03 00:15:00,-1.0,0.391
2015-10-03 00:30:00,-1.0,0.488
2015-10-03 00:45:00,-1.0,0.391
2015-10-03 01:00:00,-1.0,0.391
2015-10-03 01:15:00,0.0,0.293
2015-10-03 01:30:00,-1.0,0.293
2015-10-03 01:45:00,-1.0,0.391
2015-10-03 02:00:00,-1.0,0.391
2015-10-03 02:15:00,-1.0,0.293
2015-10-03 02:30:00,-1.0,0.293
2015-10-03 02:45:00,-1.0,0.293
2015-10-03 03:00:00,-1.0,0.293
2015-10-03 03:15:00,-1.0,0.391
2015-10-03 03:30:00,-1.0,0.391
2015-10-03 03:45:00,-1.0,0.391
2015-10-03 04:00:00,-1.0,0.293
2015-10-03 04:15:00,-1.0,0.293
2015-10-03 04:30:00,-1.0,0.293
2015-10-03 04:45:00,-1.0,0.293
2015-10-03 05:00:00,-1.0,0.293
2015-10-03 05:15:00,-1.0,0.195
2015-10-03 05:30:00,-1.0,0.977
2015-10-03 05:45:00,-1.0,5.176
2015-10-03 06:00:00,15.5,12.012
2015-10-03 06:15:00,37.0,17.773
2015-10-03 06:30:00,66.5,112.5
2015-10-03 06:45:00,96.5,223.633
2015-10-03 07:00:00,136.0,291.211
2015-10-03 07:15:00,189.0,359.961
2015-10-03 07:30:00,227.0,420.703
2015-10-03 07:45:00,263.0,488.77
2015-10-03 08:00:00,299.0,558.496
2015-10-03 08:15:00,332.5,616.797
2015-10-03 08:30:00,363.5,678.223
2015-10-03 08:45:00,390.5,734.18
2015-10-03 09:00:00,417.0,786.426
2015-10-03 09:15:00,435.0,836.426
2015-10-03 09:30:00,449.5,880.273
2015-10-03 09:45:00,457.0,922.168
2015-10-03 10:00:00,466.0,957.227
2015-10-03 10:15:00,471.5,984.277
2015-10-03 10:30:00,479.0,1010.547
2015-10-03 10:45:00,484.0,1028.32
2015-10-03 11:00:00,486.5,1042.578
2015-10-03 11:15:00,488.0,1051.465
2015-10-03 11:30:00,488.0,1058.789
2015-10-03 11:45:00,490.0,1059.863
2015-10-03 12:00:00,481.5,1050.586
2015-10-03 12:15:00,475.0,1040.137
2015-10-03 12:30:00,470.5,1026.563
2015-10-03 12:45:00,463.5,1002.832
2015-10-03 13:00:00,450.0,972.559
2015-10-03 13:15:00,441.0,940.625
2015-10-03 13:30:00,421.0,899.121
2015-10-03 13:45:00,406.0,854.688
2015-10-03 14:00:00,386.5,811.426
2015-10-03 14:15:00,363.5,761.816
2015-10-03 14:30:00,339.5,709.082
2015-10-03 14:45:00,310.5,655.762
2015-10-03 15:00:00,278.0,597.754
2015-10-03 15:15:00,250.0,534.668
2015-10-03 15:30:00,213.5,475.586
2015-10-03 15:45:00,180.0,409.57
2015-10-03 16:00:00,141.0,345.508
2015-10-03 16:15:00,94.5,277.148
2015-10-03 16:30:00,60.0,210.84
2015-10-03 16:45:00,33.0,147.656
2015-10-03 17:00:00,14.5,66.797
2015-10-03 17:15:00,4.0,13.086
2015-10-03 17:30:00,-1.0,4.98
2015-10-03 17:45:00,0.0,0.879
2015-10-03 18:00:00,-1.0,0.391
2015-10-03 18:15:00,-1.0,0.391
2015-10-03 18:30:00,-1.0,0.293
2015-10-03 18:45:00,-1.0,0.293
2015-10-03 19:00:00,0.0,0.293
2015-10-03 19:15:00,0.0,0.293
2015-10-03 19:30:00,0.0,0.195
2015-10-03 19:45:00,0.0,0.195
2015-10-03 20:00:00,0.0,0.195
2015-10-03 20:15:00,-1.0,0.293
2015-10-03 20:30:00,0.0,0.293
2015-10-03 20:45:00,0.0,0.293
2015-10-03 21:00:00,-1.0,0.391
2015-10-03 21:15:00,0.0,0.391
2015-10-03 21:30:00,0.0,0.293
2015-10-03 21:45:00,0.0,0.391
2015-10-03 22:00:00,0.0,0.293
2015-10-03 22:15:00,0.0,0.293
2015-10-03 22:30:00,-1.0,0.293
2015-10-03 22:45:00,-1.0,0.293
2015-10-03 23:00:00,-1.0,0.293
2015-10-03 23:15:00,-1.0,0.195
2015-10-03 23:30:00,0.0,0.293
2015-10-03 23:45:00,-1.0,0.293
2015-10-04 00:00:00,-1.0,0.391
2015-10-04 00:15:00,-1.0,0.293
2015-10-04 00:30:00,-1.0,0.293
2015-10-04 00:45:00,-1.0,0.293
2015-10-04 01:00:00,0.0,0.293
2015-10-04 01:15:00,-1.0,0.293
2015-10-04 01:30:00,0.0,0.391
2015-10-04 01:45:00,-1.0,0.293
2015-10-04 02:00:00,0.0,0.293
2015-10-04 02:15:00,-1.0,0.293
2015-10-04 02:30:00,-1.0,0.293
2015-10-04 02:45:00,-1.0,0.293
2015-10-04 03:00:00,-1.0,0.0
2015-10-04 03:15:00,-1.0,0.195
2015-10-04 03:30:00,-1.0,0.195
2015-10-04 03:45:00,-1.0,0.195
2015-10-04 04:00:00,-1.0,0.195
2015-10-04 04:15:00,-1.0,0.293
2015-10-04 04:30:00,-1.0,0.293
2015-10-04 04:45:00,-1.0,0.293
2015-10-04 05:00:00,-1.0,0.0
2015-10-04 05:15:00,-1.0,0.293
2015-10-04 05:30:00,-1.0,0.684
2015-10-04 05:45:00,8.0,6.445
2015-10-04 06:00:00,22.5,25.977
2015-10-04 06:15:00,45.5,46.484
2015-10-04 06:30:00,49.0,65.137
2015-10-04 06:45:00,60.0,102.148
2015-10-04 07:00:00,81.0,271.484
2015-10-04 07:15:00,63.0,125.879
2015-10-04 07:30:00,55.0,91.016
2015-10-04 07:45:00,81.0,121.484
2015-10-04 08:00:00,117.0,173.926
2015-10-04 08:15:00,245.0,304.395
2015-10-04 08:30:00,149.5,299.414
2015-10-04 08:45:00,135.0,243.066
2015-10-04 09:00:00,135.5,373.145
2015-10-04 09:15:00,184.0,514.453
2015-10-04 09:30:00,130.0,428.027
2015-10-04 09:45:00,151.0,231.152
2015-10-04 10:00:00,128.0,222.266
2015-10-04 10:15:00,74.0,158.984
2015-10-04 10:30:00,240.5,218.555
2015-10-04 10:45:00,169.0,520.898
2015-10-04 11:00:00,199.5,239.063
2015-10-04 11:15:00,691.5,611.426
2015-10-04 11:30:00,206.5,1244.727
2015-10-04 11:45:00,599.0,776.563
2015-10-04 12:00:00,188.0,888.281
2015-10-04 12:15:00,641.0,689.063
2015-10-04 12:30:00,506.5,1167.969
2015-10-04 12:45:00,130.5,735.547
2015-10-04 13:00:00,579.0,480.762
2015-10-04 13:15:00,101.5,902.539
2015-10-04 13:30:00,102.5,571.875
2015-10-04 13:45:00,92.0,443.262
2015-10-04 14:00:00,294.5,623.242
2015-10-04 14:15:00,416.5,813.281
2015-10-04 14:30:00,397.5,818.262
2015-10-04 14:45:00,98.5,497.168
2015-10-04 15:00:00,320.5,543.262
2015-10-04 15:15:00,284.5,393.75
2015-10-04 15:30:00,225.0,472.266
2015-10-04 15:45:00,185.5,412.109
2015-10-04 16:00:00,87.0,337.5
2015-10-04 16:15:00,87.5,181.738
2015-10-04 16:30:00,31.0,158.887
2015-10-04 16:45:00,23.5,71.973
2015-10-04 17:00:00,15.5,29.297
2015-10-04 17:15:00,2.5,15.527
2015-10-04 17:30:00,0.0,0.0
2015-10-04 17:45:00,-1.0,0.488
2015-10-04 18:00:00,-1.0,0.0
2015-10-04 18:15:00,0.0,0.391
2015-10-04 18:30:00,-1.0,0.0
2015-10-04 18:45:00,-1.0,0.391
2015-10-04 19:00:00,-1.0,0.391
2015-10-04 19:15:00,0.0,0.391
2015-10-04 19:30:00,-1.0,0.391
2015-10-04 19:45:00,0.0,0.391
2015-10-04 20:00:00,0.0,0.293
2015-10-04 20:15:00,-1.0,0.293
2015-10-04 20:30:00,-1.0,0.293
2015-10-04 20:45:00,-1.0,0.293
2015-10-04 21:00:00,0.0,0.0
2015-10-04 21:15:00,0.0,0.391
2015-10-04 21:30:00,-1.0,0.293
2015-10-04 21:45:00,0.0,0.293
2015-10-04 22:00:00,-1.0,0.195
2015-10-04 22:15:00,0.0,0.293
2015-10-04 22:30:00,-1.0,0.195
2015-10-04 22:45:00,0.0,0.195
2015-10-04 23:00:00,-1.0,0.098
2015-10-04 23:15:00,-1.0,0.195
2015-10-04 23:30:00,0.0,0.195
2015-10-04 23:45:00,0.0,0.195
2015-10-05 00:00:00,0.0,0.098
2015-10-05 00:15:00,-1.0,0.195
2015-10-05 00:30:00,0.0,0.098
2015-10-05 00:45:00,-1.0,0.0
2015-10-05 01:00:00,-1.0,0.098
2015-10-05 01:15:00,-1.0,0.098
2015-10-05 01:30:00,-1.0,0.098
2015-10-05 01:45:00,-1.0,0.098
2015-10-05 02:00:00,-1.0,0.098
2015-10-05 02:15:00,-1.0,0.098
2015-10-05 02:30:00,-1.0,0.098
2015-10-05 02:45:00,-1.0,0.098
2015-10-05 03:00:00,-1.0,0.0
2015-10-05 03:15:00,-1.0,0.195
2015-10-05 03:30:00,-1.0,0.098
2015-10-05 03:45:00,-1.0,0.098
2015-10-05 04:00:00,-1.0,0.098
2015-10-05 04:15:00,-1.0,0.098
2015-10-05 04:30:00,-1.0,0.098
2015-10-05 04:45:00,-1.0,0.0
2015-10-05 05:00:00,-1.0,0.098
2015-10-05 05:15:00,-1.0,0.098
2015-10-05 05:30:00,-1.0,0.098
2015-10-05 05:45:00,-1.0,0.293
2015-10-05 06:00:00,1.0,1.074
2015-10-05 06:15:00,2.5,0.0
2015-10-05 06:30:00,8.0,7.813
2015-10-05 06:45:00,5.0,12.598
2015-10-05 07:00:00,-1.0,6.055
2015-10-05 07:15:00,27.0,21.191
2015-10-05 07:30:00,93.5,87.305
2015-10-05 07:45:00,103.5,206.445
2015-10-05 08:00:00,135.5,153.711
2015-10-05 08:15:00,68.5,241.992
2015-10-05 08:30:00,113.0,101.758
2015-10-05 08:45:00,90.0,123.145
2015-10-05 09:00:00,64.0,116.406
2015-10-05 09:15:00,151.0,175.879
2015-10-05 09:30:00,155.5,266.406
2015-10-05 09:45:00,131.5,228.223
2015-10-05 10:00:00,35.5,111.133
2015-10-05 10:15:00,312.5,142.383
2015-10-05 10:30:00,561.5,935.547
2015-10-05 10:45:00,313.5,853.516
2015-10-05 11:00:00,81.5,280.566
2015-10-05 11:15:00,36.0,83.105
2015-10-05 11:30:00,58.5,63.184
2015-10-05 11:45:00,45.0,76.465
2015-10-05 12:00:00,28.0,68.066
2015-10-05 12:15:00,100.5,60.84
2015-10-05 12:30:00,225.0,322.852
2015-10-05 12:45:00,89.5,150.293
2015-10-05 13:00:00,345.5,285.742
2015-10-05 13:15:00,572.0,716.406
2015-10-05 13:30:00,135.0,796.289
2015-10-05 13:45:00,129.5,199.121
2015-10-05 14:00:00,100.5,181.836
2015-10-05 14:15:00,143.5,235.254
2015-10-05 14:30:00,99.5,179.688
2015-10-05 14:45:00,80.0,151.758
2015-10-05 15:00:00,72.0,123.438
2015-10-05 15:15:00,118.0,175.0
2015-10-05 15:30:00,81.0,163.086
2015-10-05 15:45:00,63.0,113.184
2015-10-05 16:00:00,51.0,96.777
2015-10-05 16:15:00,37.0,72.754
2015-10-05 16:30:00,16.0,42.48
2015-10-05 16:45:00,6.0,18.066
2015-10-05 17:00:00,-1.0,6.836
2015-10-05 17:15:00,0.0,2.051
2015-10-05 17:30:00,-1.0,0.488
2015-10-05 17:45:00,-1.0,0.195
2015-10-05 18:00:00,-1.0,0.098
2015-10-05 18:15:00,-1.0,0.195
2015-10-05 18:30:00,0.0,0.195
2015-10-05 18:45:00,-1.0,0.098
2015-10-05 19:00:00,0.0,0.098
2015-10-05 19:15:00,-1.0,0.195
2015-10-05 19:30:00,-1.0,0.293
2015-10-05 19:45:00,-1.0,0.293
2015-10-05 20:00:00,-1.0,0.195
2015-10-05 20:15:00,-1.0,0.195
2015-10-05 20:30:00,-1.0,0.195
2015-10-05 20:45:00,-1.0,0.098
2015-10-05 21:00:00,-1.0,0.0
2015-10-05 21:15:00,-1.0,0.098
2015-10-05 21:30:00,-1.0,0.0
2015-10-05 21:45:00,-1.0,0.0
2015-10-05 22:00:00,-1.0,0.0
2015-10-05 22:15:00,-1.0,0.0
2015-10-05 22:30:00,0.0,0.0
2015-10-05 22:45:00,-1.0,0.0
2015-10-05 23:00:00,0.0,0.0
2015-10-05 23:15:00,-1.0,0.0
2015-10-05 23:30:00,-1.0,0.0
2015-10-05 23:45:00,-1.0,0.0
2015-10-06 00:00:00,-1.0,0.0
2015-10-06 00:15:00,-1.0,0.0
2015-10-06 00:30:00,0.0,0.0
2015-10-06 00:45:00,-1.0,0.0
2015-10-06 01:00:00,0.0,0.0
2015-10-06 01:15:00,-1.0,0.0
2015-10-06 01:30:00,-1.0,0.0
2015-10-06 01:45:00,-1.0,0.0
2015-10-06 02:00:00,-1.0,0.0
2015-10-06 02:15:00,-1.0,0.0
2015-10-06 02:30:00,-1.0,0.0
2015-10-06 02:45:00,0.0,0.0
2015-10-06 03:00:00,-1.0,0.0
2015-10-06 03:15:00,-1.0,0.0
2015-10-06 03:30:00,-1.0,0.0
2015-10-06 03:45:00,-1.0,0.0
2015-10-06 04:00:00,-1.0,0.0
2015-10-06 04:15:00,-1.0,0.0
2015-10-06 04:30:00,0.0,0.0
2015-10-06 04:45:00,-1.0,0.0
2015-10-06 05:00:00,-1.0,0.0
2015-10-06 05:15:00,-1.0,0.0
2015-10-06 05:30:00,-1.0,0.195
2015-10-06 05:45:00,0.5,2.344
2015-10-06 06:00:00,6.5,7.324
2015-10-06 06:15:00,12.5,13.672
2015-10-06 06:30:00,64.5,54.687
2015-10-06 06:45:00,105.0,199.805
2015-10-06 07:00:00,150.5,266.797
2015-10-06 07:15:00,191.5,334.277
2015-10-06 07:30:00,231.5,388.184
2015-10-06 07:45:00,270.0,456.934
2015-10-06 08:00:00,303.5,526.855
2015-10-06 08:15:00,336.0,588.672
2015-10-06 08:30:00,363.0,659.082
2015-10-06 08:45:00,386.0,716.504
2015-10-06 09:00:00,412.0,768.945
2015-10-06 09:15:00,427.0,818.457
2015-10-06 09:30:00,445.5,859.863
2015-10-06 09:45:00,459.0,899.512
2015-10-06 10:00:00,475.0,938.086
2015-10-06 10:15:00,486.0,969.141
2015-10-06 10:30:00,495.0,994.727
2015-10-06 10:45:00,506.0,1019.434
2015-10-06 11:00:00,525.5,1050.684
2015-10-06 11:15:00,520.0,1085.156
2015-10-06 11:30:00,531.5,1076.367
2015-10-06 11:45:00,450.0,773.047
2015-10-06 12:00:00,506.5,1036.523
2015-10-06 12:15:00,502.0,1050.879
2015-10-06 12:30:00,494.0,954.98
2015-10-06 12:45:00,482.5,1004.98
2015-10-06 13:00:00,459.0,968.359
2015-10-06 13:15:00,446.5,929.004
2015-10-06 13:30:00,428.5,886.523
2015-10-06 13:45:00,413.5,847.363
2015-10-06 14:00:00,392.0,799.609
2015-10-06 14:15:00,367.0,743.555
2015-10-06 14:30:00,344.5,607.031
2015-10-06 14:45:00,315.5,644.043
2015-10-06 15:00:00,282.5,587.402
2015-10-06 15:15:00,250.0,526.367
2015-10-06 15:30:00,210.5,460.254
2015-10-06 15:45:00,173.0,390.527
2015-10-06 16:00:00,132.0,294.238
2015-10-06 16:15:00,87.0,261.621
2015-10-06 16:30:00,54.0,194.922
2015-10-06 16:45:00,29.0,132.227
2015-10-06 17:00:00,10.5,27.93
2015-10-06 17:15:00,3.0,10.938
2015-10-06 17:30:00,-1.0,3.223
2015-10-06 17:45:00,-1.0,0.488
2015-10-06 18:00:00,0.0,0.391
2015-10-06 18:15:00,0.0,0.391
2015-10-06 18:30:00,0.0,0.195
2015-10-06 18:45:00,0.0,0.0
2015-10-06 19:00:00,0.0,0.293
2015-10-06 19:15:00,0.0,0.293
2015-10-06 19:30:00,0.0,0.293
2015-10-06 19:45:00,0.0,0.195
2015-10-06 20:00:00,-1.0,0.293
2015-10-06 20:15:00,-1.0,0.195
2015-10-06 20:30:00,0.0,0.0
2015-10-06 20:45:00,0.0,0.0
2015-10-06 21:00:00,-1.0,0.195
2015-10-06 21:15:00,-1.0,0.098
2015-10-06 21:30:00,0.0,0.195
2015-10-06 21:45:00,0.0,0.195
2015-10-06 22:00:00,-1.0,0.195
2015-10-06 22:15:00,0.0,0.098
2015-10-06 22:30:00,-1.0,0.195
2015-10-06 22:45:00,-1.0,0.195
2015-10-06 23:00:00,0.0,0.098
2015-10-06 23:15:00,-1.0,0.195
2015-10-06 23:30:00,0.0,0.195
2015-10-06 23:45:00,-1.0,0.195
2015-10-07 00:00:00,-1.0,0.195
2015-10-07 00:15:00,-1.0,0.293
2015-10-07 00:30:00,0.0,0.0
2015-10-07 00:45:00,-1.0,0.195
2015-10-07 01:00:00,-1.0,0.098
2015-10-07 01:15:00,-1.0,0.195
2015-10-07 01:30:00,-1.0,0.0
2015-10-07 01:45:00,-1.0,0.195
2015-10-07 02:00:00,-1.0,0.195
2015-10-07 02:15:00,-1.0,0.195
2015-10-07 02:30:00,-1.0,0.098
2015-10-07 02:45:00,-1.0,0.195
2015-10-07 03:00:00,0.0,0.293
2015-10-07 03:15:00,-1.0,0.195
2015-10-07 03:30:00,0.0,0.293
2015-10-07 03:45:00,-1.0,0.195
2015-10-07 04:00:00,0.0,0.195
2015-10-07 04:15:00,-1.0,0.195
2015-10-07 04:30:00,-1.0,0.195
2015-10-07 04:45:00,-1.0,0.195
2015-10-07 05:00:00,-1.0,0.195
2015-10-07 05:15:00,-1.0,0.098
2015-10-07 05:30:00,-1.0,0.391
2015-10-07 05:45:00,4.5,3.125
2015-10-07 06:00:00,13.5,10.352
2015-10-07 06:15:00,34.0,16.504
2015-10-07 06:30:00,66.0,77.051
2015-10-07 06:45:00,103.5,206.25
2015-10-07 07:00:00,143.5,278.711
2015-10-07 07:15:00,186.5,350.781
2015-10-07 07:30:00,226.0,409.082
2015-10-07 07:45:00,263.5,477.441
2015-10-07 08:00:00,298.0,548.926
2015-10-07 08:15:00,329.0,608.594
2015-10-07 08:30:00,353.5,667.871
2015-10-07 08:45:00,380.5,719.629
2015-10-07 09:00:00,400.5,771.289
2015-10-07 09:15:00,421.5,821.484
2015-10-07 09:30:00,438.0,866.309
2015-10-07 09:45:00,455.5,907.617
2015-10-07 10:00:00,462.0,943.066
2015-10-07 10:15:00,467.0,973.633
2015-10-07 10:30:00,475.0,995.117
2015-10-07 10:45:00,484.0,1016.406
2015-10-07 11:00:00,487.0,1031.934
2015-10-07 11:15:00,487.0,1043.652
2015-10-07 11:30:00,488.0,1049.512
2015-10-07 11:45:00,465.5,1042.969
2015-10-07 12:00:00,487.0,1035.547
2015-10-07 12:15:00,486.0,1026.563
2015-10-07 12:30:00,473.0,1016.895
2015-10-07 12:45:00,346.5,940.234
2015-10-07 13:00:00,324.5,759.082
2015-10-07 13:15:00,379.0,708.789
2015-10-07 13:30:00,444.0,934.668
2015-10-07 13:45:00,425.5,784.18
2015-10-07 14:00:00,411.0,818.848
2015-10-07 14:15:00,436.5,851.172
2015-10-07 14:30:00,347.5,761.523
2015-10-07 14:45:00,316.5,664.16
2015-10-07 15:00:00,286.0,575.195
2015-10-07 15:15:00,235.5,492.969
2015-10-07 15:30:00,101.5,407.324
2015-10-07 15:45:00,78.5,217.285
2015-10-07 16:00:00,149.5,221.777
2015-10-07 16:15:00,47.5,190.332
2015-10-07 16:30:00,51.5,189.551
2015-10-07 16:45:00,29.5,114.648
2015-10-07 17:00:00,8.0,20.605
2015-10-07 17:15:00,2.5,8.887
2015-10-07 17:30:00,0.5,2.637
2015-10-07 17:45:00,-1.0,0.293
2015-10-07 18:00:00,-1.0,0.293
2015-10-07 18:15:00,0.0,0.293
2015-10-07 18:30:00,0.0,0.195
2015-10-07 18:45:00,-1.0,0.293
2015-10-07 19:00:00,0.0,0.195
2015-10-07 19:15:00,0.0,0.195
2015-10-07 19:30:00,-1.0,0.195
2015-10-07 19:45:00,0.0,0.195
2015-10-07 20:00:00,0.0,0.293
2015-10-07 20:15:00,-1.0,0.195
2015-10-07 20:30:00,-1.0,0.293
2015-10-07 20:45:00,-1.0,0.195
2015-10-07 21:00:00,0.0,0.195
2015-10-07 21:15:00,-1.0,0.293
2015-10-07 21:30:00,0.0,0.391
2015-10-07 21:45:00,-1.0,0.293
2015-10-07 22:00:00,0.0,0.391
2015-10-07 22:15:00,-1.0,0.293
2015-10-07 22:30:00,0.0,0.0
2015-10-07 22:45:00,0.0,0.391
2015-10-07 23:00:00,0.0,0.391
2015-10-07 23:15:00,-1.0,0.391
2015-10-07 23:30:00,0.0,0.391
2015-10-07 23:45:00,-1.0,0.391
2015-10-08 00:00:00,-1.0,0.293
2015-10-08 00:15:00,-1.0,0.195
2015-10-08 00:30:00,0.0,0.195
2015-10-08 00:45:00,-1.0,0.195
2015-10-08 01:00:00,-1.0,0.195
2015-10-08 01:15:00,0.0,0.0
2015-10-08 01:30:00,-1.0,0.195
2015-10-08 01:45:00,-1.0,0.195
2015-10-08 02:00:00,-1.0,0.098
2015-10-08 02:15:00,0.0,0.293
2015-10-08 02:30:00,-1.0,0.098
2015-10-08 02:45:00,0.0,0.195
2015-10-08 03:00:00,-1.0,0.293
2015-10-08 03:15:00,0.0,0.195
2015-10-08 03:30:00,-1.0,0.195
2015-10-08 03:45:00,-1.0,0.195
2015-10-08 04:00:00,0.0,0.195
2015-10-08 04:15:00,-1.0,0.293
2015-10-08 04:30:00,-1.0,0.0
2015-10-08 04:45:00,-1.0,0.195
2015-10-08 05:00:00,-1.0,0.195
2015-10-08 05:15:00,-1.0,0.195
2015-10-08 05:30:00,-1.0,0.0
2015-10-08 05:45:00,2.5,2.246
2015-10-08 06:00:00,8.0,9.18
2015-10-08 06:15:00,18.0,23.438
2015-10-08 06:30:00,37.5,46.777
2015-10-08 06:45:00,52.5,74.512
2015-10-08 07:00:00,52.5,87.5
2015-10-08 07:15:00,180.5,170.996
2015-10-08 07:30:00,220.0,366.895
2015-10-08 07:45:00,126.0,387.891
2015-10-08 08:00:00,88.0,333.008
2015-10-08 08:15:00,327.0,314.063
2015-10-08 08:30:00,348.0,624.707
2015-10-08 08:45:00,386.5,711.23
2015-10-08 09:00:00,391.5,767.48
2015-10-08 09:15:00,420.5,793.457
2015-10-08 09:30:00,425.0,851.465
2015-10-08 09:45:00,454.0,898.926
2015-10-08 10:00:00,415.0,869.141
2015-10-08 10:15:00,479.0,965.625
2015-10-08 10:30:00,439.0,994.043
2015-10-08 10:45:00,479.0,777.051
2015-10-08 11:00:00,543.0,1154.004
2015-10-08 11:15:00,525.5,1201.953
2015-10-08 11:30:00,504.0,1140.625
2015-10-08 11:45:00,484.5,1078.223
2015-10-08 12:00:00,450.0,1050.879
2015-10-08 12:15:00,483.0,1041.016
2015-10-08 12:30:00,473.0,960.254
2015-10-08 12:45:00,457.0,991.211
2015-10-08 13:00:00,448.5,940.625
2015-10-08 13:15:00,439.0,928.809
2015-10-08 13:30:00,418.5,904.785
2015-10-08 13:45:00,400.5,850.391
2015-10-08 14:00:00,376.0,800.195
2015-10-08 14:15:00,354.0,739.844
2015-10-08 14:30:00,312.5,688.965
2015-10-08 14:45:00,286.5,622.852
2015-10-08 15:00:00,253.5,526.855
2015-10-08 15:15:00,257.0,536.621
2015-10-08 15:30:00,201.0,467.969
2015-10-08 15:45:00,65.0,360.449
2015-10-08 16:00:00,136.0,304.98
2015-10-08 16:15:00,101.5,285.449
2015-10-08 16:30:00,36.0,154.492
2015-10-08 16:45:00,14.5,52.637
2015-10-08 17:00:00,5.0,15.332
2015-10-08 17:15:00,-1.0,6.348
2015-10-08 17:30:00,0.0,1.563
2015-10-08 17:45:00,-1.0,0.488
2015-10-08 18:00:00,-1.0,0.488
2015-10-08 18:15:00,0.0,0.391
2015-10-08 18:30:00,0.0,0.488
2015-10-08 18:45:00,-1.0,0.391
2015-10-08 19:00:00,0.0,0.391
2015-10-08 19:15:00,0.0,0.293
2015-10-08 19:30:00,0.0,0.391
2015-10-08 19:45:00,-1.0,0.293
2015-10-08 20:00:00,0.0,0.0
2015-10-08 20:15:00,0.0,0.391
2015-10-08 20:30:00,-1.0,0.293
2015-10-08 20:45:00,-1.0,0.293
2015-10-08 21:00:00,-1.0,0.293
2015-10-08 21:15:00,0.0,0.293
2015-10-08 21:30:00,-1.0,0.293
2015-10-08 21:45:00,0.0,0.391
2015-10-08 22:00:00,-1.0,0.195
2015-10-08 22:15:00,-1.0,0.293
2015-10-08 22:30:00,-1.0,0.293
2015-10-08 22:45:00,-1.0,0.0
2015-10-08 23:00:00,0.0,0.391
2015-10-08 23:15:00,-1.0,0.391
2015-10-08 23:30:00,-1.0,0.293
2015-10-08 23:45:00,-1.0,0.293
2015-10-09 00:00:00,-1.0,0.293
2015-10-09 00:15:00,-1.0,0.293
2015-10-09 00:30:00,0.0,0.293
2015-10-09 00:45:00,-1.0,0.293
2015-10-09 01:00:00,-1.0,0.195
2015-10-09 01:15:00,0.0,0.293
2015-10-09 01:30:00,-1.0,0.0
2015-10-09 01:45:00,0.0,0.0
2015-10-09 02:00:00,-1.0,0.195
2015-10-09 02:15:00,-1.0,0.293
2015-10-09 02:30:00,-1.0,0.195
2015-10-09 02:45:00,-1.0,0.195
2015-10-09 03:00:00,-1.0,0.293
2015-10-09 03:15:00,-1.0,0.293
2015-10-09 03:30:00,-1.0,0.293
2015-10-09 03:45:00,-1.0,0.0
2015-10-09 04:00:00,-1.0,0.293
2015-10-09 04:15:00,-1.0,0.391
2015-10-09 04:30:00,0.0,0.488
2015-10-09 04:45:00,-1.0,0.293
2015-10-09 05:00:00,-1.0,0.293
2015-10-09 05:15:00,-1.0,0.0
2015-10-09 05:30:00,-1.0,0.586
2015-10-09 05:45:00,3.0,3.32
2015-10-09 06:00:00,10.0,9.18
2015-10-09 06:15:00,28.0,14.258
2015-10-09 06:30:00,58.5,60.937
2015-10-09 06:45:00,91.5,208.398
2015-10-09 07:00:00,131.5,279.492
2015-10-09 07:15:00,179.5,350.488
2015-10-09 07:30:00,217.0,411.23
2015-10-09 07:45:00,253.5,474.707
2015-10-09 08:00:00,286.5,549.121
2015-10-09 08:15:00,316.5,607.324
2015-10-09 08:30:00,341.5,667.09
2015-10-09 08:45:00,365.0,721.191
2015-10-09 09:00:00,384.5,769.727
2015-10-09 09:15:00,404.0,817.969
2015-10-09 09:30:00,417.5,862.305
2015-10-09 09:45:00,432.5,902.246
2015-10-09 10:00:00,446.0,937.012
2015-10-09 10:15:00,451.5,968.359
2015-10-09 10:30:00,459.0,991.602
2015-10-09 10:45:00,462.0,1010.156
2015-10-09 11:00:00,470.5,1025.684
2015-10-09 11:15:00,474.5,1036.23
2015-10-09 11:30:00,475.5,1037.695
2015-10-09 11:45:00,473.0,1035.059
2015-10-09 12:00:00,473.0,1028.613
2015-10-09 12:15:00,474.5,1017.773
2015-10-09 12:30:00,466.0,1001.367
2015-10-09 12:45:00,454.0,978.906
2015-10-09 13:00:00,442.0,950.879
2015-10-09 13:15:00,427.0,919.922
2015-10-09 13:30:00,407.0,883.301
2015-10-09 13:45:00,389.5,840.332
2015-10-09 14:00:00,368.5,798.438
2015-10-09 14:15:00,345.5,755.469
2015-10-09 14:30:00,274.0,687.891
2015-10-09 14:45:00,299.5,654.492
2015-10-09 15:00:00,65.0,490.723
2015-10-09 15:15:00,242.0,406.152
2015-10-09 15:30:00,201.0,490.43
2015-10-09 15:45:00,168.0,443.555
2015-10-09 16:00:00,121.5,343.164
2015-10-09 16:15:00,83.5,224.609
2015-10-09 16:30:00,35.0,157.031
2015-10-09 16:45:00,25.5,46.68
2015-10-09 17:00:00,9.0,29.102
2015-10-09 17:15:00,1.0,0.0
2015-10-09 17:30:00,-1.0,3.223
2015-10-09 17:45:00,-1.0,0.586
2015-10-09 18:00:00,-1.0,0.391
2015-10-09 18:15:00,0.0,0.391
2015-10-09 18:30:00,-1.0,0.391
2015-10-09 18:45:00,0.0,0.391
2015-10-09 19:00:00,0.0,0.391
2015-10-09 19:15:00,-1.0,0.391
2015-10-09 19:30:00,-1.0,0.391
2015-10-09 19:45:00,-1.0,0.391
2015-10-09 20:00:00,0.0,0.391
2015-10-09 20:15:00,-1.0,0.391
2015-10-09 20:30:00,0.0,0.391
2015-10-09 20:45:00,-1.0,0.293
2015-10-09 21:00:00,0.0,0.293
2015-10-09 21:15:00,-1.0,0.293
2015-10-09 21:30:00,0.0,0.195
2015-10-09 21:45:00,-1.0,0.195
2015-10-09 22:00:00,0.0,0.293
2015-10-09 22:15:00,0.0,0.0
2015-10-09 22:30:00,-1.0,0.195
2015-10-09 22:45:00,-1.0,0.0
2015-10-09 23:00:00,0.0,0.293
2015-10-09 23:15:00,0.0,0.293
2015-10-09 23:30:00,-1.0,0.293
2015-10-09 23:45:00,-1.0,0.391
2015-10-10 00:00:00,-1.0,0.0
2015-10-10 00:15:00,-1.0,0.293
2015-10-10 00:30:00,0.0,0.0
2015-10-10 00:45:00,-1.0,0.391
2015-10-10 01:00:00,-1.0,0.391
2015-10-10 01:15:00,0.0,0.391
2015-10-10 01:30:00,0.0,0.293
2015-10-10 01:45:00,0.0,0.293
2015-10-10 02:00:00,-1.0,0.391
2015-10-10 02:15:00,-1.0,0.293
2015-10-10 02:30:00,0.0,0.391
2015-10-10 02:45:00,-1.0,0.391
2015-10-10 03:00:00,-1.0,0.293
2015-10-10 03:15:00,-1.0,0.293
2015-10-10 03:30:00,-1.0,0.391
2015-10-10 03:45:00,-1.0,0.391
2015-10-10 04:00:00,0.0,0.293
2015-10-10 04:15:00,-1.0,0.293
2015-10-10 04:30:00,-1.0,0.293
2015-10-10 04:45:00,0.0,0.391
2015-10-10 05:00:00,-1.0,0.293
2015-10-10 05:15:00,-1.0,0.293
2015-10-10 05:30:00,-1.0,0.488
2015-10-10 05:45:00,7.0,10.059
2015-10-10 06:00:00,23.5,33.008
2015-10-10 06:15:00,45.0,45.703
2015-10-10 06:30:00,70.0,80.664
2015-10-10 06:45:00,101.5,220.605
2015-10-10 07:00:00,146.0,287.891
2015-10-10 07:15:00,197.0,375.0
2015-10-10 07:30:00,238.5,448.828
2015-10-10 07:45:00,270.5,508.984
2015-10-10 08:00:00,290.5,551.563
2015-10-10 08:15:00,325.0,628.906
2015-10-10 08:30:00,342.0,680.566
2015-10-10 08:45:00,358.0,713.379
2015-10-10 09:00:00,380.5,759.961
2015-10-10 09:15:00,401.5,806.641
2015-10-10 09:30:00,417.0,849.707
2015-10-10 09:45:00,430.5,888.086
2015-10-10 10:00:00,438.5,920.313
2015-10-10 10:15:00,448.5,949.023
2015-10-10 10:30:00,455.5,975.293
2015-10-10 10:45:00,461.5,995.215
2015-10-10 11:00:00,466.0,1008.691
2015-10-10 11:15:00,466.0,1018.262
2015-10-10 11:30:00,465.5,1021.973
2015-10-10 11:45:00,465.5,1020.508
2015-10-10 12:00:00,464.0,1013.77
2015-10-10 12:15:00,458.0,1001.953
2015-10-10 12:30:00,452.5,983.594
2015-10-10 12:45:00,442.0,961.328
2015-10-10 13:00:00,432.0,932.227
2015-10-10 13:15:00,417.5,899.707
2015-10-10 13:30:00,400.5,863.965
2015-10-10 13:45:00,382.5,821.68
2015-10-10 14:00:00,361.0,776.855
2015-10-10 14:15:00,335.0,726.172
2015-10-10 14:30:00,308.0,672.949
2015-10-10 14:45:00,278.5,616.113
2015-10-10 15:00:00,245.0,557.422
2015-10-10 15:15:00,211.0,493.457
2015-10-10 15:30:00,176.5,430.273
2015-10-10 15:45:00,141.0,364.746
2015-10-10 16:00:00,106.5,300.684
2015-10-10 16:15:00,67.5,235.254
2015-10-10 16:30:00,37.5,165.039
2015-10-10 16:45:00,16.5,27.051
2015-10-10 17:00:00,5.0,14.258
2015-10-10 17:15:00,0.0,7.031
2015-10-10 17:30:00,0.0,2.051
2015-10-10 17:45:00,0.0,0.586
2015-10-10 18:00:00,0.0,0.488
2015-10-10 18:15:00,-1.0,0.488
2015-10-10 18:30:00,0.0,0.391
2015-10-10 18:45:00,0.0,0.488
2015-10-10 19:00:00,0.0,0.488
2015-10-10 19:15:00,-1.0,0.391
2015-10-10 19:30:00,0.0,0.391
2015-10-10 19:45:00,0.0,0.391
2015-10-10 20:00:00,-1.0,0.391
2015-10-10 20:15:00,-1.0,0.391
2015-10-10 20:30:00,0.0,0.391
2015-10-10 20:45:00,0.0,0.391
2015-10-10 21:00:00,-1.0,0.391
2015-10-10 21:15:00,-1.0,0.293
2015-10-10 21:30:00,0.0,0.391
2015-10-10 21:45:00,-1.0,0.391
2015-10-10 22:00:00,0.0,0.391
2015-10-10 22:15:00,-1.0,0.391
2015-10-10 22:30:00,0.0,0.293
2015-10-10 22:45:00,0.0,0.293
2015-10-10 23:00:00,-1.0,0.293
2015-10-10 23:15:00,0.0,0.195
2015-10-10 23:30:00,-1.0,0.195
2015-10-10 23:45:00,-1.0,0.293
2015-10-11 00:00:00,0.0,0.293
2015-10-11 00:15:00,-1.0,0.391
2015-10-11 00:30:00,-1.0,0.391
2015-10-11 00:45:00,-1.0,0.293
2015-10-11 01:00:00,0.0,0.391
2015-10-11 01:15:00,0.0,0.293
2015-10-11 01:30:00,-1.0,0.391
2015-10-11 01:45:00,0.0,0.293
2015-10-11 02:00:00,0.0,0.391
2015-10-11 02:15:00,-1.0,0.293
2015-10-11 02:30:00,-1.0,0.195
2015-10-11 02:45:00,-1.0,0.293
2015-10-11 03:00:00,-1.0,0.195
2015-10-11 03:15:00,-1.0,0.195
2015-10-11 03:30:00,-1.0,0.0
2015-10-11 03:45:00,-1.0,0.195
2015-10-11 04:00:00,-1.0,0.195
2015-10-11 04:15:00,-1.0,0.195
2015-10-11 04:30:00,-1.0,0.195
2015-10-11 04:45:00,-1.0,0.195
2015-10-11 05:00:00,-1.0,0.098
2015-10-11 05:15:00,-1.0,0.195
2015-10-11 05:30:00,-1.0,0.391
2015-10-11 05:45:00,2.5,2.441
2015-10-11 06:00:00,8.5,8.594
2015-10-11 06:15:00,26.0,14.355
2015-10-11 06:30:00,58.0,43.555
2015-10-11 06:45:00,89.0,201.074
2015-10-11 07:00:00,130.5,266.113
2015-10-11 07:15:00,172.0,338.672
2015-10-11 07:30:00,209.5,399.414
2015-10-11 07:45:00,246.0,458.105
2015-10-11 08:00:00,280.5,532.91
2015-10-11 08:15:00,311.0,591.895
2015-10-11 08:30:00,339.5,651.855
2015-10-11 08:45:00,363.5,706.738
2015-10-11 09:00:00,382.5,759.277
2015-10-11 09:15:00,400.5,807.227
2015-10-11 09:30:00,417.5,851.563
2015-10-11 09:45:00,430.0,889.941
2015-10-11 10:00:00,440.5,922.656
2015-10-11 10:15:00,450.0,952.246
2015-10-11 10:30:00,459.0,976.953
2015-10-11 10:45:00,464.0,996.68
2015-10-11 11:00:00,465.0,1009.277
2015-10-11 11:15:00,465.0,1017.676
2015-10-11 11:30:00,460.0,1020.703
2015-10-11 11:45:00,463.5,1018.75
2015-10-11 12:00:00,461.5,1011.23
2015-10-11 12:15:00,453.5,1002.148
2015-10-11 12:30:00,443.5,983.496
2015-10-11 12:45:00,435.0,960.352
2015-10-11 13:00:00,425.0,931.348
2015-10-11 13:15:00,409.5,898.926
2015-10-11 13:30:00,393.5,861.23
2015-10-11 13:45:00,375.0,818.652
2015-10-11 14:00:00,355.5,771.191
2015-10-11 14:15:00,334.0,722.754
2015-10-11 14:30:00,306.0,670.117
2015-10-11 14:45:00,279.0,613.379
2015-10-11 15:00:00,248.0,553.613
2015-10-11 15:15:00,216.0,490.82
2015-10-11 15:30:00,182.0,426.172
2015-10-11 15:45:00,144.0,360.547
2015-10-11 16:00:00,105.0,295.02
2015-10-11 16:15:00,65.0,229.492
2015-10-11 16:30:00,37.0,151.66
2015-10-11 16:45:00,16.5,25.098
2015-10-11 17:00:00,5.0,13.672
2015-10-11 17:15:00,-1.0,6.445
2015-10-11 17:30:00,0.0,1.66
2015-10-11 17:45:00,0.0,0.391
2015-10-11 18:00:00,-1.0,0.293
2015-10-11 18:15:00,0.0,0.391
2015-10-11 18:30:00,0.0,0.391
2015-10-11 18:45:00,-1.0,0.391
2015-10-11 19:00:00,0.0,0.293
2015-10-11 19:15:00,0.0,0.391
2015-10-11 19:30:00,0.0,0.391
2015-10-11 19:45:00,0.0,0.0
2015-10-11 20:00:00,-1.0,0.0
2015-10-11 20:15:00,-1.0,0.391
2015-10-11 20:30:00,0.0,0.391
2015-10-11 20:45:00,-1.0,0.293
2015-10-11 21:00:00,0.0,0.293
2015-10-11 21:15:00,0.0,0.391
2015-10-11 21:30:00,0.0,0.293
2015-10-11 21:45:00,-1.0,0.195
2015-10-11 22:00:00,-1.0,0.195
2015-10-11 22:15:00,-1.0,0.293
2015-10-11 22:30:00,-1.0,0.195
2015-10-11 22:45:00,-1.0,0.195
2015-10-11 23:00:00,-1.0,0.195
2015-10-11 23:15:00,0.0,0.195
2015-10-11 23:30:00,-1.0,0.293
2015-10-11 23:45:00,0.0,0.293
2015-10-12 00:00:00,-1.0,0.293
2015-10-12 00:15:00,0.0,0.293
2015-10-12 00:30:00,0.0,0.293
2015-10-12 00:45:00,0.0,0.195
2015-10-12 01:00:00,-1.0,0.293
2015-10-12 01:15:00,-1.0,0.293
2015-10-12 01:30:00,-1.0,0.391
2015-10-12 01:45:00,-1.0,0.293
2015-10-12 02:00:00,-1.0,0.293
2015-10-12 02:15:00,-1.0,0.195
2015-10-12 02:30:00,-1.0,0.293
2015-10-12 02:45:00,-1.0,0.195
2015-10-12 03:00:00,-1.0,0.293
2015-10-12 03:15:00,-1.0,0.195
2015-10-12 03:30:00,-1.0,0.195
2015-10-12 03:45:00,-1.0,0.195
2015-10-12 04:00:00,-1.0,0.293
2015-10-12 04:15:00,-1.0,0.195
2015-10-12 04:30:00,0.0,0.293
2015-10-12 04:45:00,-1.0,0.195
2015-10-12 05:00:00,-1.0,0.195
2015-10-12 05:15:00,-1.0,0.293
2015-10-12 05:30:00,-1.0,0.0
2015-10-12 05:45:00,2.5,2.441
2015-10-12 06:00:00,8.5,8.496
2015-10-12 06:15:00,24.5,15.039
2015-10-12 06:30:00,54.5,35.449
2015-10-12 06:45:00,89.5,193.652
2015-10-12 07:00:00,128.0,258.789
2015-10-12 07:15:00,169.0,332.617
2015-10-12 07:30:00,207.0,394.531
2015-10-12 07:45:00,242.0,453.223
2015-10-12 08:00:00,276.5,528.027
2015-10-12 08:15:00,305.0,587.402
2015-10-12 08:30:00,330.5,645.801
2015-10-12 08:45:00,353.5,700.098
2015-10-12 09:00:00,374.5,751.758
2015-10-12 09:15:00,393.5,801.465
2015-10-12 09:30:00,409.0,843.164
2015-10-12 09:45:00,423.5,884.668
2015-10-12 10:00:00,434.5,917.48
2015-10-12 10:15:00,443.5,946.289
2015-10-12 10:30:00,452.0,972.461
2015-10-12 10:45:00,455.5,989.355
2015-10-12 11:00:00,463.5,1003.027
2015-10-12 11:15:00,464.0,1012.109
2015-10-12 11:30:00,461.5,1016.406
2015-10-12 11:45:00,462.0,1016.797
2015-10-12 12:00:00,454.5,1009.57
2015-10-12 12:15:00,447.5,997.656
2015-10-12 12:30:00,440.0,979.492
2015-10-12 12:45:00,432.0,958.301
2015-10-12 13:00:00,423.0,932.031
2015-10-12 13:15:00,408.0,901.27
2015-10-12 13:30:00,392.0,864.355
2015-10-12 13:45:00,371.5,823.438
2015-10-12 14:00:00,353.0,778.906
2015-10-12 14:15:00,330.0,733.398
2015-10-12 14:30:00,301.5,678.418
2015-10-12 14:45:00,279.0,618.848
2015-10-12 15:00:00,249.5,557.129
2015-10-12 15:15:00,216.5,495.117
2015-10-12 15:30:00,180.5,430.469
2015-10-12 15:45:00,143.0,363.086
2015-10-12 16:00:00,103.5,298.438
2015-10-12 16:15:00,63.0,232.52
2015-10-12 16:30:00,35.5,140.625
2015-10-12 16:45:00,16.0,24.219
2015-10-12 17:00:00,4.0,12.402
2015-10-12 17:15:00,-1.0,5.762
2015-10-12 17:30:00,0.0,1.465
2015-10-12 17:45:00,0.0,0.391
2015-10-12 18:00:00,0.0,0.391
2015-10-12 18:15:00,0.0,0.391
2015-10-12 18:30:00,-1.0,0.293
2015-10-12 18:45:00,-1.0,0.391
2015-10-12 19:00:00,0.0,0.293
2015-10-12 19:15:00,0.0,0.391
2015-10-12 19:30:00,0.0,0.0
2015-10-12 19:45:00,-1.0,0.293
2015-10-12 20:00:00,0.0,0.293
2015-10-12 20:15:00,-1.0,0.293
2015-10-12 20:30:00,-1.0,0.195
2015-10-12 20:45:00,0.0,0.0
2015-10-12 21:00:00,-1.0,0.293
2015-10-12 21:15:00,0.0,0.195
2015-10-12 21:30:00,0.0,0.293
2015-10-12 21:45:00,0.0,0.293
2015-10-12 22:00:00,-1.0,0.0
2015-10-12 22:15:00,-1.0,0.195
2015-10-12 22:30:00,0.0,0.195
2015-10-12 22:45:00,0.0,0.293
2015-10-12 23:00:00,-1.0,0.293
2015-10-12 23:15:00,0.0,0.293
2015-10-12 23:30:00,0.0,0.293
2015-10-12 23:45:00,-1.0,0.293
2015-10-13 00:00:00,0.0,0.391
2015-10-13 00:15:00,0.0,0.293
2015-10-13 00:30:00,-1.0,0.391
2015-10-13 00:45:00,0.0,0.391
2015-10-13 01:00:00,-1.0,0.391
2015-10-13 01:15:00,-1.0,0.391
2015-10-13 01:30:00,-1.0,0.391
2015-10-13 01:45:00,-1.0,0.293
2015-10-13 02:00:00,-1.0,0.293
2015-10-13 02:15:00,-1.0,0.391
2015-10-13 02:30:00,-1.0,0.293
2015-10-13 02:45:00,-1.0,0.391
2015-10-13 03:00:00,0.0,0.293
2015-10-13 03:15:00,-1.0,0.195
2015-10-13 03:30:00,-1.0,0.293
2015-10-13 03:45:00,-1.0,0.195
2015-10-13 04:00:00,0.0,0.195
2015-10-13 04:15:00,-1.0,0.098
2015-10-13 04:30:00,0.0,0.195
2015-10-13 04:45:00,-1.0,0.195
2015-10-13 05:00:00,-1.0,0.098
2015-10-13 05:15:00,-1.0,0.195
2015-10-13 05:30:00,-1.0,0.293
2015-10-13 05:45:00,3.0,2.637
2015-10-13 06:00:00,8.5,8.984
2015-10-13 06:15:00,19.5,17.676
2015-10-13 06:30:00,56.5,33.691
2015-10-13 06:45:00,93.5,197.949
2015-10-13 07:00:00,129.5,270.605
2015-10-13 07:15:00,165.0,330.566
2015-10-13 07:30:00,205.5,392.285
2015-10-13 07:45:00,250.0,464.941
2015-10-13 08:00:00,273.0,535.254
2015-10-13 08:15:00,303.0,584.961
2015-10-13 08:30:00,330.0,644.336
2015-10-13 08:45:00,351.5,697.559
2015-10-13 09:00:00,345.5,732.129
2015-10-13 09:15:00,383.0,668.652
2015-10-13 09:30:00,413.0,843.848
2015-10-13 09:45:00,422.5,878.906
2015-10-13 10:00:00,433.0,910.352
2015-10-13 10:15:00,441.0,938.477
2015-10-13 10:30:00,448.0,963.086
2015-10-13 10:45:00,455.5,981.445
2015-10-13 11:00:00,457.0,995.605
2015-10-13 11:15:00,459.5,1004.59
2015-10-13 11:30:00,457.5,1005.078
2015-10-13 11:45:00,454.5,1004.297
2015-10-13 12:00:00,452.5,996.484
2015-10-13 12:15:00,447.5,984.277
2015-10-13 12:30:00,438.5,966.016
2015-10-13 12:45:00,428.5,946.191
2015-10-13 13:00:00,416.5,918.457
2015-10-13 13:15:00,403.0,886.23
2015-10-13 13:30:00,386.0,848.926
2015-10-13 13:45:00,369.0,806.445
2015-10-13 14:00:00,349.5,762.5
2015-10-13 14:15:00,324.5,714.648
2015-10-13 14:30:00,301.5,659.961
2015-10-13 14:45:00,274.0,602.832
2015-10-13 15:00:00,243.5,545.117
2015-10-13 15:15:00,209.5,479.785
2015-10-13 15:30:00,173.0,414.844
2015-10-13 15:45:00,137.5,348.73
2015-10-13 16:00:00,95.5,282.813
2015-10-13 16:15:00,57.0,214.355
2015-10-13 16:30:00,32.0,112.793
2015-10-13 16:45:00,12.0,22.266
2015-10-13 17:00:00,4.0,12.109
2015-10-13 17:15:00,-1.0,4.98
2015-10-13 17:30:00,-1.0,1.172
2015-10-13 17:45:00,0.0,0.488
2015-10-13 18:00:00,0.0,0.391
2015-10-13 18:15:00,0.0,0.391
2015-10-13 18:30:00,-1.0,0.391
2015-10-13 18:45:00,0.0,0.0
2015-10-13 19:00:00,0.0,0.293
2015-10-13 19:15:00,0.0,0.293
2015-10-13 19:30:00,-1.0,0.391
2015-10-13 19:45:00,0.0,0.0
2015-10-13 20:00:00,0.0,0.293
2015-10-13 20:15:00,0.0,0.391
2015-10-13 20:30:00,-1.0,0.391
2015-10-13 20:45:00,0.0,0.293
2015-10-13 21:00:00,-1.0,0.293
2015-10-13 21:15:00,0.0,0.293
2015-10-13 21:30:00,0.0,0.293
2015-10-13 21:45:00,-1.0,0.293
2015-10-13 22:00:00,-1.0,0.195
2015-10-13 22:15:00,-1.0,0.293
2015-10-13 22:30:00,0.0,0.293
2015-10-13 22:45:00,0.0,0.293
2015-10-13 23:00:00,0.0,0.293
2015-10-13 23:15:00,0.0,0.391
2015-10-13 23:30:00,-1.0,0.391
2015-10-13 23:45:00,-1.0,0.293
2015-10-14 00:00:00,-1.0,0.293
2015-10-14 00:15:00,-1.0,0.293
2015-10-14 00:30:00,0.0,0.195
2015-10-14 00:45:00,0.0,0.195
2015-10-14 01:00:00,-1.0,0.293
2015-10-14 01:15:00,-1.0,0.293
2015-10-14 01:30:00,-1.0,0.293
2015-10-14 01:45:00,-1.0,0.293
2015-10-14 02:00:00,0.0,0.293
2015-10-14 02:15:00,-1.0,0.391
2015-10-14 02:30:00,-1.0,0.293
2015-10-14 02:45:00,-1.0,0.391
2015-10-14 03:00:00,-1.0,0.293
2015-10-14 03:15:00,-1.0,0.391
2015-10-14 03:30:00,-1.0,0.293
2015-10-14 03:45:00,-1.0,0.293
2015-10-14 04:00:00,-1.0,0.293
2015-10-14 04:15:00,-1.0,0.391
2015-10-14 04:30:00,-1.0,0.293
2015-10-14 04:45:00,-1.0,0.293
2015-10-14 05:00:00,-1.0,0.195
2015-10-14 05:15:00,-1.0,0.195
2015-10-14 05:30:00,-1.0,0.293
2015-10-14 05:45:00,2.5,3.711
2015-10-14 06:00:00,10.0,11.035
2015-10-14 06:15:00,24.0,19.141
2015-10-14 06:30:00,53.0,27.246
2015-10-14 06:45:00,87.0,187.109
2015-10-14 07:00:00,122.5,252.051
2015-10-14 07:15:00,159.5,319.043
2015-10-14 07:30:00,199.5,384.082
2015-10-14 07:45:00,235.5,446.582
2015-10-14 08:00:00,270.0,516.797
2015-10-14 08:15:00,298.0,578.418
2015-10-14 08:30:00,324.0,637.012
2015-10-14 08:45:00,346.5,690.332
2015-10-14 09:00:00,367.0,734.375
2015-10-14 09:15:00,388.0,782.715
2015-10-14 09:30:00,404.0,828.809
2015-10-14 09:45:00,421.0,867.48
2015-10-14 10:00:00,431.0,904.883
2015-10-14 10:15:00,440.5,934.668
2015-10-14 10:30:00,446.5,958.594
2015-10-14 10:45:00,451.5,977.148
2015-10-14 11:00:00,457.5,993.555
2015-10-14 11:15:00,463.0,1010.059
2015-10-14 11:30:00,467.0,1022.559
2015-10-14 11:45:00,475.0,1045.41
2015-10-14 12:00:00,469.5,1081.152
2015-10-14 12:15:00,496.5,1093.652
2015-10-14 12:30:00,477.0,1115.137
2015-10-14 12:45:00,407.5,1090.723
2015-10-14 13:00:00,283.5,576.367
2015-10-14 13:15:00,214.5,614.355
2015-10-14 13:30:00,185.5,363.086
2015-10-14 13:45:00,169.0,346.582
2015-10-14 14:00:00,163.0,320.898
2015-10-14 14:15:00,114.0,258.105
2015-10-14 14:30:00,307.5,635.645
2015-10-14 14:45:00,236.0,420.41
2015-10-14 15:00:00,95.5,361.523
2015-10-14 15:15:00,144.0,277.441
2015-10-14 15:30:00,139.0,305.957
2015-10-14 15:45:00,99.5,309.961
2015-10-14 16:00:00,83.5,233.691
2015-10-14 16:15:00,59.0,99.609
2015-10-14 16:30:00,31.0,104.785
2015-10-14 16:45:00,8.0,19.824
2015-10-14 17:00:00,2.0,8.984
2015-10-14 17:15:00,0.0,2.93
2015-10-14 17:30:00,-1.0,0.684
2015-10-14 17:45:00,0.0,0.488
2015-10-14 18:00:00,0.0,0.391
2015-10-14 18:15:00,0.0,0.391
2015-10-14 18:30:00,0.0,0.391
2015-10-14 18:45:00,-1.0,0.391
2015-10-14 19:00:00,-1.0,0.391
2015-10-14 19:15:00,-1.0,0.391
2015-10-14 19:30:00,0.0,0.293
2015-10-14 19:45:00,-1.0,0.293
2015-10-14 20:00:00,-1.0,0.293
2015-10-14 20:15:00,0.0,0.293
2015-10-14 20:30:00,0.0,0.293
2015-10-14 20:45:00,0.0,0.293
2015-10-14 21:00:00,-1.0,0.391
2015-10-14 21:15:00,-1.0,0.293
2015-10-14 21:30:00,-1.0,0.0
2015-10-14 21:45:00,0.0,0.293
2015-10-14 22:00:00,0.0,0.293
2015-10-14 22:15:00,0.0,0.293
2015-10-14 22:30:00,-1.0,0.195
2015-10-14 22:45:00,-1.0,0.391
2015-10-14 23:00:00,-1.0,0.391
2015-10-14 23:15:00,-1.0,0.0
2015-10-14 23:30:00,-1.0,0.293
2015-10-14 23:45:00,-1.0,0.293
2015-10-15 00:00:00,-1.0,0.293
2015-10-15 00:15:00,-1.0,0.391
2015-10-15 00:30:00,-1.0,0.0
2015-10-15 00:45:00,-1.0,0.293
2015-10-15 01:00:00,0.0,0.293
2015-10-15 01:15:00,0.0,0.293
2015-10-15 01:30:00,0.0,0.293
2015-10-15 01:45:00,-1.0,0.293
2015-10-15 02:00:00,-1.0,0.293
2015-10-15 02:15:00,-1.0,0.391
2015-10-15 02:30:00,0.0,0.293
2015-10-15 02:45:00,0.0,0.293
2015-10-15 03:00:00,-1.0,0.293
2015-10-15 03:15:00,-1.0,0.0
2015-10-15 03:30:00,-1.0,0.293
2015-10-15 03:45:00,-1.0,0.293
2015-10-15 04:00:00,-1.0,0.293
2015-10-15 04:15:00,-1.0,0.195
2015-10-15 04:30:00,0.0,0.293
2015-10-15 04:45:00,-1.0,0.293
2015-10-15 05:00:00,-1.0,0.293
2015-10-15 05:15:00,-1.0,0.293
2015-10-15 05:30:00,-1.0,0.293
2015-10-15 05:45:00,-1.0,3.809
2015-10-15 06:00:00,8.5,8.301
2015-10-15 06:15:00,27.5,31.934
2015-10-15 06:30:00,55.0,75.098
2015-10-15 06:45:00,116.5,176.758
2015-10-15 07:00:00,114.0,205.566
2015-10-15 07:15:00,207.0,350.586
2015-10-15 07:30:00,110.5,279.883
2015-10-15 07:45:00,118.5,186.035
2015-10-15 08:00:00,111.0,223.145
2015-10-15 08:15:00,56.5,134.863
2015-10-15 08:30:00,83.5,99.805
2015-10-15 08:45:00,157.5,209.57
2015-10-15 09:00:00,217.0,341.113
2015-10-15 09:15:00,176.5,358.203
2015-10-15 09:30:00,426.5,499.219
2015-10-15 09:45:00,138.0,597.168
2015-10-15 10:00:00,174.5,222.949
2015-10-15 10:15:00,212.5,365.332
2015-10-15 10:30:00,371.0,451.66
2015-10-15 10:45:00,551.5,638.77
2015-10-15 11:00:00,588.5,918.848
2015-10-15 11:15:00,309.5,989.746
2015-10-15 11:30:00,378.5,691.992
2015-10-15 11:45:00,157.0,356.055
2015-10-15 12:00:00,663.5,476.953
2015-10-15 12:15:00,526.5,1133.301
2015-10-15 12:30:00,286.5,687.891
2015-10-15 12:45:00,191.0,356.738
2015-10-15 13:00:00,274.5,443.652
2015-10-15 13:15:00,236.5,538.672
2015-10-15 13:30:00,256.5,446.582
2015-10-15 13:45:00,359.5,591.699
2015-10-15 14:00:00,367.5,708.496
2015-10-15 14:15:00,162.5,483.008
2015-10-15 14:30:00,108.5,243.555
2015-10-15 14:45:00,128.0,200.098
2015-10-15 15:00:00,94.5,184.375
2015-10-15 15:15:00,81.5,152.93
2015-10-15 15:30:00,70.5,134.961
2015-10-15 15:45:00,44.5,98.633
2015-10-15 16:00:00,22.5,62.109
2015-10-15 16:15:00,10.0,32.422
2015-10-15 16:30:00,9.0,17.578
2015-10-15 16:45:00,6.0,14.844
2015-10-15 17:00:00,0.0,7.422
2015-10-15 17:15:00,0.0,1.758
2015-10-15 17:30:00,-1.0,0.488
2015-10-15 17:45:00,0.0,0.391
2015-10-15 18:00:00,0.0,0.195
2015-10-15 18:15:00,0.0,0.293
2015-10-15 18:30:00,0.0,0.391
2015-10-15 18:45:00,-1.0,0.293
2015-10-15 19:00:00,-1.0,0.293
2015-10-15 19:15:00,-1.0,0.391
2015-10-15 19:30:00,-1.0,0.0
2015-10-15 19:45:00,-1.0,0.293
2015-10-15 20:00:00,0.0,0.293
2015-10-15 20:15:00,-1.0,0.391
2015-10-15 20:30:00,-1.0,0.293
2015-10-15 20:45:00,-1.0,0.293
2015-10-15 21:00:00,-1.0,0.391
2015-10-15 21:15:00,-1.0,0.293
2015-10-15 21:30:00,-1.0,0.391
2015-10-15 21:45:00,-1.0,0.293
2015-10-15 22:00:00,-1.0,0.293
2015-10-15 22:15:00,-1.0,0.293
2015-10-15 22:30:00,-1.0,0.195
2015-10-15 22:45:00,-1.0,0.293
2015-10-15 23:00:00,-1.0,0.293
2015-10-15 23:15:00,-1.0,0.195
2015-10-15 23:30:00,0.0,0.293
2015-10-15 23:45:00,-1.0,0.0
2015-10-16 00:00:00,-1.0,0.293
2015-10-16 00:15:00,-1.0,0.195
2015-10-16 00:30:00,-1.0,0.0
2015-10-16 00:45:00,-1.0,0.293
2015-10-16 01:00:00,-1.0,0.293
2015-10-16 01:15:00,-1.0,0.293
2015-10-16 01:30:00,-1.0,0.195
2015-10-16 01:45:00,-1.0,0.195
2015-10-16 02:00:00,-1.0,0.195
2015-10-16 02:15:00,-1.0,0.195
2015-10-16 02:30:00,-1.0,0.293
2015-10-16 02:45:00,-1.0,0.293
2015-10-16 03:00:00,-1.0,0.195
2015-10-16 03:15:00,-1.0,0.195
2015-10-16 03:30:00,-1.0,0.195
2015-10-16 03:45:00,-1.0,0.293
2015-10-16 04:00:00,-1.0,0.195
2015-10-16 04:15:00,-1.0,0.293
2015-10-16 04:30:00,-1.0,0.195
2015-10-16 04:45:00,-1.0,0.195
2015-10-16 05:00:00,-1.0,0.293
2015-10-16 05:15:00,-1.0,0.195
2015-10-16 05:30:00,-1.0,0.195
2015-10-16 05:45:00,-1.0,0.488
2015-10-16 06:00:00,-1.0,0.781
2015-10-16 06:15:00,0.0,2.734
2015-10-16 06:30:00,18.5,13.867
2015-10-16 06:45:00,37.5,46.484
2015-10-16 07:00:00,45.0,72.07
2015-10-16 07:15:00,47.0,78.125
2015-10-16 07:30:00,53.0,76.465
2015-10-16 07:45:00,68.0,111.328
2015-10-16 08:00:00,58.5,86.328
2015-10-16 08:15:00,35.0,70.41
2015-10-16 08:30:00,35.0,62.109
2015-10-16 08:45:00,31.5,57.422
2015-10-16 09:00:00,41.0,60.645
2015-10-16 09:15:00,58.5,90.625
2015-10-16 09:30:00,68.0,107.52
2015-10-16 09:45:00,128.5,166.406
2015-10-16 10:00:00,313.0,297.852
2015-10-16 10:15:00,204.5,463.477
2015-10-16 10:30:00,178.5,319.238
2015-10-16 10:45:00,137.5,271.777
2015-10-16 11:00:00,139.0,249.609
2015-10-16 11:15:00,117.0,238.965
2015-10-16 11:30:00,71.5,149.805
2015-10-16 11:45:00,59.0,98.438
2015-10-16 12:00:00,131.5,131.445
2015-10-16 12:15:00,271.0,299.902
2015-10-16 12:30:00,459.5,842.578
2015-10-16 12:45:00,205.0,759.473
2015-10-16 13:00:00,184.5,414.258
2015-10-16 13:15:00,102.5,225.293
2015-10-16 13:30:00,94.5,147.852
2015-10-16 13:45:00,207.5,266.699
2015-10-16 14:00:00,153.0,360.742
2015-10-16 14:15:00,100.5,208.594
2015-10-16 14:30:00,71.5,148.828
2015-10-16 14:45:00,79.5,112.402
2015-10-16 15:00:00,76.5,136.328
2015-10-16 15:15:00,81.5,131.348
2015-10-16 15:30:00,94.5,155.859
2015-10-16 15:45:00,68.5,137.695
2015-10-16 16:00:00,75.5,157.129
2015-10-16 16:15:00,57.0,124.902
2015-10-16 16:30:00,35.0,88.184
2015-10-16 16:45:00,10.5,40.723
2015-10-16 17:00:00,2.5,13.672
2015-10-16 17:15:00,-1.0,2.93
2015-10-16 17:30:00,-1.0,0.488
2015-10-16 17:45:00,0.0,0.0
2015-10-16 18:00:00,0.0,0.293
2015-10-16 18:15:00,0.0,0.293
2015-10-16 18:30:00,-1.0,0.0
2015-10-16 18:45:00,0.0,0.293
2015-10-16 19:00:00,-1.0,0.391
2015-10-16 19:15:00,-1.0,0.293
2015-10-16 19:30:00,-1.0,0.195
2015-10-16 19:45:00,-1.0,0.0
2015-10-16 20:00:00,-1.0,0.0
2015-10-16 20:15:00,-1.0,0.195
2015-10-16 20:30:00,-1.0,0.293
2015-10-16 20:45:00,-1.0,0.195
2015-10-16 21:00:00,0.0,0.293
2015-10-16 21:15:00,-1.0,0.195
2015-10-16 21:30:00,-1.0,0.293
2015-10-16 21:45:00,-1.0,0.293
2015-10-16 22:00:00,-1.0,0.293
2015-10-16 22:15:00,-1.0,0.293
2015-10-16 22:30:00,-1.0,0.293
2015-10-16 22:45:00,-1.0,0.293
2015-10-16 23:00:00,-1.0,0.195
2015-10-16 23:15:00,-1.0,0.195
2015-10-16 23:30:00,-1.0,0.195
2015-10-16 23:45:00,-1.0,0.098
2015-10-17 00:00:00,-1.0,0.195
2015-10-17 00:15:00,-1.0,0.0
2015-10-17 00:30:00,-1.0,0.195
2015-10-17 00:45:00,-1.0,0.098
2015-10-17 01:00:00,-1.0,0.195
2015-10-17 01:15:00,-1.0,0.195
2015-10-17 01:30:00,-1.0,0.195
2015-10-17 01:45:00,-1.0,0.195
2015-10-17 02:00:00,-1.0,0.195
2015-10-17 02:15:00,-1.0,0.0
2015-10-17 02:30:00,-1.0,0.098
2015-10-17 02:45:00,-1.0,0.195
2015-10-17 03:00:00,0.0,0.098
2015-10-17 03:15:00,-1.0,0.195
2015-10-17 03:30:00,-1.0,0.098
2015-10-17 03:45:00,-1.0,0.195
2015-10-17 04:00:00,-1.0,0.0
2015-10-17 04:15:00,-1.0,0.098
2015-10-17 04:30:00,-1.0,0.098
2015-10-17 04:45:00,-1.0,0.098
2015-10-17 05:00:00,-1.0,0.0
2015-10-17 05:15:00,-1.0,0.098
2015-10-17 05:30:00,-1.0,0.098
2015-10-17 05:45:00,-1.0,0.391
2015-10-17 06:00:00,3.0,2.051
2015-10-17 06:15:00,14.5,14.551
2015-10-17 06:30:00,24.0,31.934
2015-10-17 06:45:00,22.5,37.695
2015-10-17 07:00:00,37.0,43.359
2015-10-17 07:15:00,62.0,78.32
2015-10-17 07:30:00,95.0,109.961
2015-10-17 07:45:00,128.5,232.324
2015-10-17 08:00:00,120.0,325.293
2015-10-17 08:15:00,164.0,375.0
2015-10-17 08:30:00,166.5,373.535
2015-10-17 08:45:00,265.0,675.879
2015-10-17 09:00:00,236.5,432.91
2015-10-17 09:15:00,246.0,586.426
2015-10-17 09:30:00,487.0,544.727
2015-10-17 09:45:00,219.0,775.684
2015-10-17 10:00:00,173.0,712.598
2015-10-17 10:15:00,208.5,536.23
2015-10-17 10:30:00,535.0,841.992
2015-10-17 10:45:00,389.5,986.133
2015-10-17 11:00:00,320.5,808.691
2015-10-17 11:15:00,656.0,738.574
2015-10-17 11:30:00,481.5,823.242
2015-10-17 11:45:00,317.5,863.281
2015-10-17 12:00:00,416.5,687.891
2015-10-17 12:15:00,550.5,531.25
2015-10-17 12:30:00,151.0,725.0
2015-10-17 12:45:00,174.0,464.355
2015-10-17 13:00:00,439.0,937.305
2015-10-17 13:15:00,238.0,869.922
2015-10-17 13:30:00,111.0,617.188
2015-10-17 13:45:00,376.0,709.473
2015-10-17 14:00:00,370.5,724.414
2015-10-17 14:15:00,415.5,375.488
2015-10-17 14:30:00,307.0,483.008
2015-10-17 14:45:00,253.5,214.844
2015-10-17 15:00:00,270.5,559.766
2015-10-17 15:15:00,182.5,488.379
2015-10-17 15:30:00,89.0,375.293
2015-10-17 15:45:00,37.0,125.0
2015-10-17 16:00:00,78.0,122.363
2015-10-17 16:15:00,20.0,90.918
2015-10-17 16:30:00,17.5,33.203
2015-10-17 16:45:00,10.0,24.121
2015-10-17 17:00:00,2.5,10.352
2015-10-17 17:15:00,0.5,2.441
2015-10-17 17:30:00,-1.0,0.391
2015-10-17 17:45:00,-1.0,0.195
2015-10-17 18:00:00,-1.0,0.391
2015-10-17 18:15:00,-1.0,0.293
2015-10-17 18:30:00,0.0,0.391
2015-10-17 18:45:00,0.0,0.293
2015-10-17 19:00:00,0.0,0.293
2015-10-17 19:15:00,0.0,0.293
2015-10-17 19:30:00,-1.0,0.195
2015-10-17 19:45:00,0.0,0.293
2015-10-17 20:00:00,-1.0,0.0
2015-10-17 20:15:00,-1.0,0.391
2015-10-17 20:30:00,0.0,0.293
2015-10-17 20:45:00,-1.0,0.293
2015-10-17 21:00:00,-1.0,0.293
2015-10-17 21:15:00,-1.0,0.391
2015-10-17 21:30:00,-1.0,0.293
2015-10-17 21:45:00,0.0,0.391
2015-10-17 22:00:00,0.0,0.391
2015-10-17 22:15:00,0.0,0.293
2015-10-17 22:30:00,-1.0,0.391
2015-10-17 22:45:00,-1.0,0.293
2015-10-17 23:00:00,-1.0,0.0
2015-10-17 23:15:00,0.0,0.293
2015-10-17 23:30:00,-1.0,0.293
2015-10-17 23:45:00,0.0,0.391
2015-10-18 00:00:00,0.0,0.293
2015-10-18 00:15:00,0.0,0.195
2015-10-18 00:30:00,-1.0,0.293
2015-10-18 00:45:00,-1.0,0.195
2015-10-18 01:00:00,0.0,0.0
2015-10-18 01:15:00,-1.0,0.293
2015-10-18 01:30:00,-1.0,0.195
2015-10-18 01:45:00,-1.0,0.195
2015-10-18 02:00:00,-1.0,0.195
2015-10-18 02:15:00,-1.0,0.195
2015-10-18 02:30:00,0.0,0.195
2015-10-18 02:45:00,-1.0,0.0
2015-10-18 03:00:00,-1.0,0.195
2015-10-18 03:15:00,-1.0,0.0
2015-10-18 03:30:00,-1.0,0.293
2015-10-18 03:45:00,-1.0,0.195
2015-10-18 04:00:00,0.0,0.195
2015-10-18 04:15:00,-1.0,0.195
2015-10-18 04:30:00,-1.0,0.195
2015-10-18 04:45:00,-1.0,0.293
2015-10-18 05:00:00,-1.0,0.195
2015-10-18 05:15:00,-1.0,0.0
2015-10-18 05:30:00,-1.0,0.293
