datetime,dc_power,poa_irradiance
2008-01-01 00:00:00,0.0427,-2.8068
2008-01-01 00:15:00,0.01,-2.5266
2008-01-01 00:30:00,0.0406,-2.8292
2008-01-01 00:45:00,0.0145,-2.9034
2008-01-01 01:00:00,0.0447,-3.1411
2008-01-01 01:15:00,-0.0173,-3.2934
2008-01-01 01:30:00,0.0053,-2.6883
2008-01-01 01:45:00,-0.0077,-2.5289
2008-01-01 02:00:00,-0.0114,-3.3441
2008-01-01 02:15:00,-0.0027,-3.2458
2008-01-01 02:30:00,-0.0233,-3.3833
2008-01-01 02:45:00,-0.0271,-3.1159
2008-01-01 03:00:00,-0.0342,-3.4686
2008-01-01 03:15:00,0.0708,-3.8493
2008-01-01 03:30:00,-0.0387,-3.5652
2008-01-01 03:45:00,0.0017,-2.9729
2008-01-01 04:00:00,-0.0255,-3.6507
2008-01-01 04:15:00,0.0101,-4.4492
2008-01-01 04:30:00,-0.0295,-3.9943
2008-01-01 04:45:00,0.0172,-3.3574
2008-01-01 05:00:00,-0.0407,-3.5136
2008-01-01 05:15:00,-0.0014,-3.0273
2008-01-01 05:30:00,0.015,-2.9623
2008-01-01 05:45:00,-0.0117,-2.8992
2008-01-01 06:00:00,-0.0186,-2.8899
2008-01-01 06:15:00,-0.04,-2.5798
2008-01-01 06:30:00,0.0039,-2.8251
2008-01-01 06:45:00,0.0499,-2.5523
2008-01-01 07:00:00,0.9596,-2.298
2008-01-01 07:15:00,3.0695,-0.5852
2008-01-01 07:30:00,15.772,36.288
2008-01-01 07:45:00,103.23,158.26
2008-01-01 08:00:00,242.84,261.72
2008-01-01 08:15:00,363.31,356.72
2008-01-01 08:30:00,469.95,444.41
2008-01-01 08:45:00,566.57,526.61
2008-01-01 09:00:00,652.45,603.68
2008-01-01 09:15:00,716.78,671.12
2008-01-01 09:30:00,777.7,735.77
2008-01-01 09:45:00,836.07,796.17
2008-01-01 10:00:00,891.79,851.26
2008-01-01 10:15:00,935.95,900.41
2008-01-01 10:30:00,863.05,942.63
2008-01-01 10:45:00,211.29,982.56
2008-01-01 11:00:00,342.86,1017.1
2008-01-01 11:15:00,348.3,1042.3
2008-01-01 11:30:00,435.36,1064.5
2008-01-01 11:45:00,274.84,1080.0
2008-01-01 12:00:00,315.49,1088.2
2008-01-01 12:15:00,521.44,1091.6
2008-01-01 12:30:00,201.73,1085.2
2008-01-01 12:45:00,215.71,1071.9
2008-01-01 13:00:00,211.99,1054.2
2008-01-01 13:15:00,224.18,1031.6
2008-01-01 13:30:00,563.71,1001.6
2008-01-01 13:45:00,421.91,967.07
2008-01-01 14:00:00,631.61,925.1
2008-01-01 14:15:00,896.52,878.1
2008-01-01 14:30:00,847.82,826.67
2008-01-01 14:45:00,790.82,767.8
2008-01-01 15:00:00,731.82,705.84
2008-01-01 15:15:00,667.12,642.73
2008-01-01 15:30:00,594.97,573.87
2008-01-01 15:45:00,521.8,501.09
2008-01-01 16:00:00,441.44,431.52
2008-01-01 16:15:00,273.56,316.24
2008-01-01 16:30:00,12.49,34.518
2008-01-01 16:45:00,16.816,11.051
2008-01-01 17:00:00,5.3098,1.1056
2008-01-01 17:15:00,1.0387,-2.5898
2008-01-01 17:30:00,0.0982,-2.8443
2008-01-01 17:45:00,-0.0097,-2.6554
2008-01-01 18:00:00,-0.0199,-2.6482
2008-01-01 18:15:00,-0.0065,-2.7674
2008-01-01 18:30:00,0.014,-3.3411
2008-01-01 18:45:00,-0.0916,-3.4581
2008-01-01 19:00:00,0.0123,-3.4563
2008-01-01 19:15:00,0.0102,-3.1872
2008-01-01 19:30:00,0.0138,-3.191
2008-01-01 19:45:00,0.0076,-2.6696
2008-01-01 20:00:00,0.0047,-3.0467
2008-01-01 20:15:00,-0.0087,-3.0804
2008-01-01 20:30:00,-0.0103,-2.2654
2008-01-01 20:45:00,0.0074,-2.2357
2008-01-01 21:00:00,0.0231,-2.2283
2008-01-01 21:15:00,-0.0241,-2.31
2008-01-01 21:30:00,-0.0178,-2.336
2008-01-01 21:45:00,-0.0182,-2.1262
2008-01-01 22:00:00,-0.0041,-2.4233
2008-01-01 22:15:00,0.0262,-2.4735
2008-01-01 22:30:00,-0.0044,-2.349
2008-01-01 22:45:00,0.0037,-1.9442
2008-01-01 23:00:00,0.0041,-2.3602
2008-01-01 23:15:00,0.0101,-2.7985
2008-01-01 23:30:00,0.0054,-1.9852
2008-01-01 23:45:00,0.0157,-0.9528
2008-01-02 00:00:00,-0.0139,-1.7793
2008-01-02 00:15:00,0.0249,-2.407
2008-01-02 00:30:00,0.0292,-2.1805
2008-01-02 00:45:00,0.0157,-1.5601
2008-01-02 01:00:00,0.0146,-1.2722
2008-01-02 01:15:00,-0.0094,-1.1311
2008-01-02 01:30:00,-0.0077,-1.8257
2008-01-02 01:45:00,0.0454,-2.3978
2008-01-02 02:00:00,0.0434,-1.445
2008-01-02 02:15:00,0.0382,-1.0085
2008-01-02 02:30:00,0.0784,-0.7819
2008-01-02 02:45:00,0.0034,-1.1459
2008-01-02 03:00:00,0.0025,-1.523
2008-01-02 03:15:00,-0.0149,-1.627
2008-01-02 03:30:00,0.0267,-1.8573
2008-01-02 03:45:00,0.0116,-1.5583
2008-01-02 04:00:00,-0.0459,-1.874
2008-01-02 04:15:00,0.0069,-1.0326
2008-01-02 04:30:00,-0.0584,-1.1441
2008-01-02 04:45:00,0.0241,-0.9806
2008-01-02 05:00:00,-0.0433,-1.2629
2008-01-02 05:15:00,-0.0171,-1.2146
2008-01-02 05:30:00,-0.0342,-0.481
2008-01-02 05:45:00,0.005,-1.0139
2008-01-02 06:00:00,0.0553,-1.1699
2008-01-02 06:15:00,-0.0124,-1.7548
2008-01-02 06:30:00,-0.012,-2.8244
2008-01-02 06:45:00,0.0907,-2.7557
2008-01-02 07:00:00,0.9652,-2.0073
2008-01-02 07:15:00,4.6738,2.1949
2008-01-02 07:30:00,5.8838,20.112
2008-01-02 07:45:00,9.1626,32.268
2008-01-02 08:00:00,160.97,217.86
2008-01-02 08:15:00,321.9,327.28
2008-01-02 08:30:00,413.09,400.98
2008-01-02 08:45:00,282.69,496.69
2008-01-02 09:00:00,0.0,574.51
2008-01-02 09:15:00,21.618,643.95
2008-01-02 09:30:00,475.5,711.25
2008-01-02 09:45:00,807.64,770.43
2008-01-02 10:00:00,862.49,827.71
2008-01-02 10:15:00,912.3,876.21
2008-01-02 10:30:00,573.24,917.6
2008-01-02 10:45:00,925.1,951.37
2008-01-02 11:00:00,338.12,974.45
2008-01-02 11:15:00,315.87,1001.3
2008-01-02 11:30:00,458.65,1010.3
2008-01-02 11:45:00,212.95,1045.0
2008-01-02 12:00:00,155.81,1069.8
2008-01-02 12:15:00,614.7,1068.6
2008-01-02 12:30:00,483.92,1054.6
2008-01-02 12:45:00,537.24,1066.3
2008-01-02 13:00:00,223.74,1023.3
2008-01-02 13:15:00,776.08,859.63
2008-01-02 13:30:00,854.96,856.05
2008-01-02 13:45:00,810.54,812.28
2008-01-02 14:00:00,441.61,457.54
2008-01-02 14:15:00,452.56,453.57
2008-01-02 14:30:00,235.57,267.31
2008-01-02 14:45:00,155.69,195.58
2008-01-02 15:00:00,155.61,192.45
2008-01-02 15:15:00,263.0,283.07
2008-01-02 15:30:00,437.1,432.19
2008-01-02 15:45:00,150.16,195.18
2008-01-02 16:00:00,65.375,115.59
2008-01-02 16:15:00,11.15,67.483
2008-01-02 16:30:00,11.805,28.004
2008-01-02 16:45:00,14.012,6.2862
2008-01-02 17:00:00,2.6083,-0.5191
2008-01-02 17:15:00,0.6936,-2.5661
2008-01-02 17:30:00,0.0765,-2.0787
2008-01-02 17:45:00,-0.0454,-1.402
2008-01-02 18:00:00,-0.003,-1.4652
2008-01-02 18:15:00,-0.0207,-1.4708
2008-01-02 18:30:00,0.0607,-1.8288
2008-01-02 18:45:00,0.0592,-0.881
2008-01-02 19:00:00,0.014,-0.0427
2008-01-02 19:15:00,-0.0006,-0.4248
2008-01-02 19:30:00,-0.0094,-1.9031
2008-01-02 19:45:00,-0.0002,-1.8808
2008-01-02 20:00:00,0.005,-1.5173
2008-01-02 20:15:00,0.0126,-0.6325
2008-01-02 20:30:00,-0.0176,-1.8715
2008-01-02 20:45:00,-0.0513,-2.5468
2008-01-02 21:00:00,0.0258,-0.0445
2008-01-02 21:15:00,0.0248,0.102
2008-01-02 21:30:00,0.0239,-2.7656
2008-01-02 21:45:00,0.0054,-0.9682
2008-01-02 22:00:00,-0.0093,0.6714
2008-01-02 22:15:00,-0.0102,-1.0609
2008-01-02 22:30:00,0.0171,-1.8603
2008-01-02 22:45:00,-0.0194,-1.5747
2008-01-02 23:00:00,0.0017,-0.9088
2008-01-02 23:15:00,-0.0066,-1.5598
2008-01-02 23:30:00,-0.0175,-2.1754
2008-01-02 23:45:00,-0.0164,-1.2035
2008-01-03 00:00:00,0.0005,-1.2572
2008-01-03 00:15:00,-0.0109,-1.6372
2008-01-03 00:30:00,-0.022,-2.5735
2008-01-03 00:45:00,0.0,-2.6623
2008-01-03 01:00:00,-0.0081,-1.9355
2008-01-03 01:15:00,0.0037,-2.4062
2008-01-03 01:30:00,-0.0123,-2.2597
2008-01-03 01:45:00,-0.0089,-1.8611
2008-01-03 02:00:00,-0.004,-1.0566
2008-01-03 02:15:00,0.0014,-1.3476
2008-01-03 02:30:00,0.0059,-1.1678
2008-01-03 02:45:00,-0.0087,-1.5663
2008-01-03 03:00:00,-0.0025,-2.7378
2008-01-03 03:15:00,0.0089,-1.3568
2008-01-03 03:30:00,0.0129,-2.1187
2008-01-03 03:45:00,0.0282,-2.0723
2008-01-03 04:00:00,0.0112,-1.064
2008-01-03 04:15:00,0.0023,-1.8777
2008-01-03 04:30:00,-0.0057,-0.9138
2008-01-03 04:45:00,0.0301,-1.748
2008-01-03 05:00:00,-0.0489,-1.9408
2008-01-03 05:15:00,-0.0303,-0.7322
2008-01-03 05:30:00,0.0083,-0.1539
2008-01-03 05:45:00,0.0005,-0.671
2008-01-03 06:00:00,0.0282,-2.1094
2008-01-03 06:15:00,-0.0326,-0.9602
2008-01-03 06:30:00,-0.0054,-2.2911
2008-01-03 06:45:00,0.031,-3.1863
2008-01-03 07:00:00,0.6339,-2.1464
2008-01-03 07:15:00,9.5535,5.2067
2008-01-03 07:30:00,11.09,36.563
2008-01-03 07:45:00,94.698,157.39
2008-01-03 08:00:00,123.4,174.85
2008-01-03 08:15:00,41.589,94.308
2008-01-03 08:30:00,-1.8567,46.413
2008-01-03 08:45:00,-0.7837,47.749
2008-01-03 09:00:00,-1.3389,48.063
2008-01-03 09:15:00,0.5213,49.983
2008-01-03 09:30:00,8.1393,59.235
2008-01-03 09:45:00,13.943,66.581
2008-01-03 10:00:00,16.266,71.894
2008-01-03 10:15:00,29.012,80.566
2008-01-03 10:30:00,45.526,95.506
2008-01-03 10:45:00,50.243,101.81
2008-01-03 11:00:00,46.368,100.08
2008-01-03 11:15:00,46.914,99.065
2008-01-03 11:30:00,50.569,99.767
2008-01-03 11:45:00,42.657,94.025
2008-01-03 12:00:00,35.906,88.44
2008-01-03 12:15:00,36.138,87.731
2008-01-03 12:30:00,34.965,86.366
2008-01-03 12:45:00,34.523,86.681
2008-01-03 13:00:00,39.28,91.091
2008-01-03 13:15:00,40.066,90.925
2008-01-03 13:30:00,28.059,81.854
2008-01-03 13:45:00,26.201,80.845
2008-01-03 14:00:00,20.774,79.707
2008-01-03 14:15:00,10.355,71.427
2008-01-03 14:30:00,10.374,66.437
2008-01-03 14:45:00,8.2737,62.451
2008-01-03 15:00:00,6.0615,60.174
2008-01-03 15:15:00,-1.175,54.078
2008-01-03 15:30:00,-1.8483,50.42
2008-01-03 15:45:00,35.951,91.181
2008-01-03 16:00:00,120.85,175.02
2008-01-03 16:15:00,41.401,107.62
2008-01-03 16:30:00,18.924,35.192
2008-01-03 16:45:00,18.592,10.761
2008-01-03 17:00:00,3.3015,-0.8318
2008-01-03 17:15:00,0.9839,-2.8122
2008-01-03 17:30:00,0.0737,-3.4385
2008-01-03 17:45:00,-0.0201,-3.6703
2008-01-03 18:00:00,-0.0161,-2.5143
2008-01-03 18:15:00,0.0099,-1.4805
2008-01-03 18:30:00,0.0184,-2.3311
2008-01-03 18:45:00,-0.0369,-2.0977
2008-01-03 19:00:00,0.0065,-1.6326
2008-01-03 19:15:00,-0.0317,-0.7987
2008-01-03 19:30:00,0.0039,-0.7783
2008-01-03 19:45:00,-0.0137,-0.6097
2008-01-03 20:00:00,-0.035,-0.4726
2008-01-03 20:15:00,-0.016,-0.7876
2008-01-03 20:30:00,-0.0254,-1.1898
2008-01-03 20:45:00,-0.0052,-1.1805
2008-01-03 21:00:00,-0.0228,-1.503
2008-01-03 21:15:00,-0.0597,-1.4474
2008-01-03 21:30:00,-0.0027,-0.6875
2008-01-03 21:45:00,-0.0228,-0.7394
2008-01-03 22:00:00,0.0166,-1.2232
2008-01-03 22:15:00,-0.0037,-1.3214
2008-01-03 22:30:00,-0.0703,-1.5623
2008-01-03 22:45:00,-0.0083,-1.6606
2008-01-03 23:00:00,0.001,-1.4697
2008-01-03 23:15:00,0.0268,-1.5235
2008-01-03 23:30:00,-0.0468,-1.5939
2008-01-03 23:45:00,0.0816,-1.0972
2008-01-04 00:00:00,-0.0171,-0.9916
2008-01-04 00:15:00,0.0168,-1.4753
2008-01-04 00:30:00,0.0337,-2.085
2008-01-04 00:45:00,0.0099,-1.3326
2008-01-04 01:00:00,-0.0293,-1.8701
2008-01-04 01:15:00,-0.0087,-1.4883
2008-01-04 01:30:00,-0.0086,-1.3919
2008-01-04 01:45:00,-0.0142,-1.6941
2008-01-04 02:00:00,-0.0427,-1.2103
2008-01-04 02:15:00,-0.0089,-1.7275
2008-01-04 02:30:00,0.034,-2.3522
2008-01-04 02:45:00,-0.0246,-2.3931
2008-01-04 03:00:00,0.0329,-3.0994
2008-01-04 03:15:00,-0.0415,-2.358
2008-01-04 03:30:00,0.0096,-2.3118
2008-01-04 03:45:00,-0.0164,-1.7316
2008-01-04 04:00:00,-0.0513,-2.0487
2008-01-04 04:15:00,-0.0307,-2.3769
2008-01-04 04:30:00,-0.0248,-2.1489
2008-01-04 04:45:00,0.0033,-2.2861
2008-01-04 05:00:00,0.0178,-3.0297
2008-01-04 05:15:00,-0.0011,-3.5358
2008-01-04 05:30:00,-0.0074,-3.2114
2008-01-04 05:45:00,-0.02,-3.7343
2008-01-04 06:00:00,0.0199,-3.5582
2008-01-04 06:15:00,0.0505,-3.2689
2008-01-04 06:30:00,-0.001,-2.2473
2008-01-04 06:45:00,-0.0051,-3.434
2008-01-04 07:00:00,0.3628,-2.8147
2008-01-04 07:15:00,1.7257,-1.387
2008-01-04 07:30:00,10.272,9.2451
2008-01-04 07:45:00,63.276,122.89
2008-01-04 08:00:00,85.568,137.98
2008-01-04 08:15:00,0.5631,55.833
2008-01-04 08:30:00,19.886,80.663
2008-01-04 08:45:00,50.196,106.6
2008-01-04 09:00:00,89.407,144.95
2008-01-04 09:15:00,137.27,188.49
2008-01-04 09:30:00,151.2,202.27
2008-01-04 09:45:00,153.76,204.19
2008-01-04 10:00:00,171.28,219.57
2008-01-04 10:15:00,200.03,245.39
2008-01-04 10:30:00,263.87,301.38
2008-01-04 10:45:00,228.49,273.02
2008-01-04 11:00:00,273.97,314.7
2008-01-04 11:15:00,337.85,373.48
2008-01-04 11:30:00,599.63,610.77
2008-01-04 11:45:00,485.15,520.78
2008-01-04 12:00:00,328.7,817.7
2008-01-04 12:15:00,415.54,955.24
2008-01-04 12:30:00,371.76,943.01
2008-01-04 12:45:00,427.02,704.77
2008-01-04 13:00:00,269.55,1004.1
2008-01-04 13:15:00,343.47,755.8
2008-01-04 13:30:00,224.34,614.43
2008-01-04 13:45:00,499.75,1077.5
2008-01-04 14:00:00,295.75,1008.4
2008-01-04 14:15:00,482.03,981.48
2008-01-04 14:30:00,560.61,892.2
2008-01-04 14:45:00,622.72,630.88
2008-01-04 15:00:00,649.54,632.97
2008-01-04 15:15:00,339.36,368.57
2008-01-04 15:30:00,491.51,489.28
2008-01-04 15:45:00,338.26,359.11
2008-01-04 16:00:00,282.42,315.17
2008-01-04 16:15:00,103.15,157.8
2008-01-04 16:30:00,12.251,38.277
2008-01-04 16:45:00,18.448,14.439
2008-01-04 17:00:00,11.432,2.808
2008-01-04 17:15:00,1.3288,-2.5173
2008-01-04 17:30:00,0.117,-2.4655
2008-01-04 17:45:00,0.0238,-2.8751
2008-01-04 18:00:00,-0.0117,-3.1848
2008-01-04 18:15:00,-0.0225,-2.9534
2008-01-04 18:30:00,-0.017,-2.1309
2008-01-04 18:45:00,-0.0502,-3.7266
2008-01-04 19:00:00,-0.0256,-3.017
2008-01-04 19:15:00,-0.0369,-2.7799
2008-01-04 19:30:00,0.0765,-2.5966
2008-01-04 19:45:00,-0.0292,-0.7025
2008-01-04 20:00:00,-0.0031,-3.5346
2008-01-04 20:15:00,-0.0402,-2.7061
2008-01-04 20:30:00,0.0112,-1.6996
2008-01-04 20:45:00,-0.0225,-3.1453
2008-01-04 21:00:00,0.0044,-3.8868
2008-01-04 21:15:00,-0.0185,-3.7535
2008-01-04 21:30:00,-0.0087,-3.4589
2008-01-04 21:45:00,-0.0109,-3.1642
2008-01-04 22:00:00,0.0115,-1.4644
2008-01-04 22:15:00,0.0104,-2.0503
2008-01-04 22:30:00,0.0423,-3.1089
2008-01-04 22:45:00,-0.0373,-3.3963
2008-01-04 23:00:00,-0.0267,-2.7475
2008-01-04 23:15:00,0.0022,-3.3131
2008-01-04 23:30:00,-0.0312,-3.3521
2008-01-04 23:45:00,-0.01,-2.7421
2008-01-05 00:00:00,0.0098,-2.7922
2008-01-05 00:15:00,0.0036,-2.7367
2008-01-05 00:30:00,-0.0176,-3.0482
2008-01-05 00:45:00,0.0089,-3.7954
2008-01-05 01:00:00,-0.01,-3.1225
2008-01-05 01:15:00,-0.0129,-2.5494
2008-01-05 01:30:00,-0.0103,-2.5883
2008-01-05 01:45:00,0.0305,-2.7034
2008-01-05 02:00:00,0.0168,-1.8987
2008-01-05 02:15:00,-0.0275,-2.047
2008-01-05 02:30:00,-0.0137,-1.9079
2008-01-05 02:45:00,-0.0073,-2.0784
2008-01-05 03:00:00,-0.0337,-2.5549
2008-01-05 03:15:00,-0.0092,-2.8126
2008-01-05 03:30:00,0.0114,-2.0857
2008-01-05 03:45:00,0.0176,-0.0946
2008-01-05 04:00:00,0.0207,-1.6036
2008-01-05 04:15:00,0.0242,-2.8031
2008-01-05 04:30:00,-0.0049,-1.7833
2008-01-05 04:45:00,0.0192,-1.381
2008-01-05 05:00:00,-0.0133,2.9956
2008-01-05 05:15:00,-0.0431,0.5579
2008-01-05 05:30:00,0.0274,-0.556
2008-01-05 05:45:00,0.005,-0.6301
2008-01-05 06:00:00,-0.0023,-0.5133
2008-01-05 06:15:00,-0.074,-3.287
2008-01-05 06:30:00,-0.0126,-3.1738
2008-01-05 06:45:00,0.0314,-0.6318
2008-01-05 07:00:00,0.3082,0.478
2008-01-05 07:15:00,2.5264,-0.8245
2008-01-05 07:30:00,4.0567,1.7861
2008-01-05 07:45:00,15.166,13.381
2008-01-05 08:00:00,2.8587,35.373
2008-01-05 08:15:00,8.2549,65.998
2008-01-05 08:30:00,218.55,268.6
2008-01-05 08:45:00,423.17,452.04
2008-01-05 09:00:00,448.94,470.01
2008-01-05 09:15:00,521.39,542.27
2008-01-05 09:30:00,594.93,602.57
2008-01-05 09:45:00,711.82,714.4
2008-01-05 10:00:00,298.19,773.15
2008-01-05 10:15:00,311.64,868.17
2008-01-05 10:30:00,190.26,892.43
2008-01-05 10:45:00,646.44,909.06
2008-01-05 11:00:00,308.42,963.79
2008-01-05 11:15:00,166.35,1000.9
2008-01-05 11:30:00,305.99,989.41
2008-01-05 11:45:00,337.26,1030.5
2008-01-05 12:00:00,136.16,964.7
2008-01-05 12:15:00,201.56,910.32
2008-01-05 12:30:00,428.82,1005.6
2008-01-05 12:45:00,327.37,1005.0
2008-01-05 13:00:00,493.58,996.32
2008-01-05 13:15:00,172.97,971.36
2008-01-05 13:30:00,477.87,961.05
2008-01-05 13:45:00,829.63,837.9
2008-01-05 14:00:00,594.69,608.83
2008-01-05 14:15:00,453.29,459.45
2008-01-05 14:30:00,517.32,523.28
2008-01-05 14:45:00,195.74,248.54
2008-01-05 15:00:00,277.12,313.57
2008-01-05 15:15:00,293.93,333.95
2008-01-05 15:30:00,118.54,173.64
2008-01-05 15:45:00,19.453,78.078
2008-01-05 16:00:00,54.727,110.75
2008-01-05 16:15:00,-0.5706,52.463
2008-01-05 16:30:00,10.774,32.763
2008-01-05 16:45:00,15.768,8.0336
2008-01-05 17:00:00,3.3721,-0.3909
2008-01-05 17:15:00,0.9624,-1.571
2008-01-05 17:30:00,0.0757,-1.5248
2008-01-05 17:45:00,-0.0252,-1.1488
2008-01-05 18:00:00,0.0111,-0.6875
2008-01-05 18:15:00,0.0112,-0.9933
2008-01-05 18:30:00,-0.0296,-1.5252
2008-01-05 18:45:00,-0.0102,-1.7403
2008-01-05 19:00:00,0.0008,-1.5142
2008-01-05 19:15:00,-0.019,0.1335
2008-01-05 19:30:00,-0.0319,-0.8359
2008-01-05 19:45:00,0.035,-1.3252
2008-01-05 20:00:00,0.0016,-0.7414
2008-01-05 20:15:00,-0.0355,-0.8211
2008-01-05 20:30:00,0.0467,-1.0824
2008-01-05 20:45:00,-0.0209,-1.8887
2008-01-05 21:00:00,-0.0128,-3.4178
2008-01-05 21:15:00,-0.0334,-2.7247
2008-01-05 21:30:00,-0.0104,-2.6006
2008-01-05 21:45:00,-0.0189,-2.8215
2008-01-05 22:00:00,-0.0369,-2.6865
2008-01-05 22:15:00,0.0021,-1.9951
2008-01-05 22:30:00,-0.0148,-1.8025
2008-01-05 22:45:00,0.0296,-2.22
2008-01-05 23:00:00,-0.0132,-2.8136
2008-01-05 23:15:00,0.0057,-2.8192
2008-01-05 23:30:00,0.0011,-2.7172
2008-01-05 23:45:00,-0.0161,-2.7377
2008-01-06 00:00:00,0.0301,-2.2499
2008-01-06 00:15:00,-0.0273,-2.0366
2008-01-06 00:30:00,-0.0152,-2.1072
2008-01-06 00:45:00,0.0085,-2.3484
2008-01-06 01:00:00,0.0051,-1.293
2008-01-06 01:15:00,-0.0068,-0.7142
2008-01-06 01:30:00,-0.017,-0.8905
2008-01-06 01:45:00,-0.0181,-0.8979
2008-01-06 02:00:00,0.0248,-0.7142
2008-01-06 02:15:00,-0.0093,-0.7198
2008-01-06 02:30:00,-0.0014,-0.8905
2008-01-06 02:45:00,0.0491,-0.627
2008-01-06 03:00:00,-0.0066,-0.9814
2008-01-06 03:15:00,0.0371,-1.0667
2008-01-06 03:30:00,-0.0347,-0.6697
2008-01-06 03:45:00,0.0106,-0.1484
2008-01-06 04:00:00,-0.0287,0.1373
2008-01-06 04:15:00,0.0292,0.2875
2008-01-06 04:30:00,-0.0046,0.0835
2008-01-06 04:45:00,-0.0082,0.1799
2008-01-06 05:00:00,0.0506,0.0111
2008-01-06 05:15:00,-0.0256,-0.562
2008-01-06 05:30:00,0.0332,0.1966
2008-01-06 05:45:00,-0.0031,0.4229
2008-01-06 06:00:00,-0.0117,0.2077
2008-01-06 06:15:00,0.0256,0.2912
2008-01-06 06:30:00,-0.0226,0.2615
2008-01-06 06:45:00,0.0037,-0.6455
2008-01-06 07:00:00,0.0564,-1.5413
2008-01-06 07:15:00,1.0501,-1.035
2008-01-06 07:30:00,3.053,1.2427
2008-01-06 07:45:00,5.5905,4.3439
2008-01-06 08:00:00,11.807,8.3594
2008-01-06 08:15:00,9.7975,30.667
2008-01-06 08:30:00,10.525,58.912
2008-01-06 08:45:00,-0.9086,46.09
2008-01-06 09:00:00,2.7546,52.705
2008-01-06 09:15:00,1.8904,52.926
2008-01-06 09:30:00,36.543,86.675
2008-01-06 09:45:00,72.374,124.99
2008-01-06 10:00:00,108.69,157.05
2008-01-06 10:15:00,193.86,446.56
2008-01-06 10:30:00,310.41,587.72
2008-01-06 10:45:00,347.81,884.83
2008-01-06 11:00:00,152.46,930.17
2008-01-06 11:15:00,127.67,950.71
2008-01-06 11:30:00,195.14,971.42
2008-01-06 11:45:00,181.91,954.66
2008-01-06 12:00:00,405.42,494.43
2008-01-06 12:15:00,187.52,286.25
2008-01-06 12:30:00,198.28,753.65
2008-01-06 12:45:00,525.11,858.94
2008-01-06 13:00:00,401.72,627.16
2008-01-06 13:15:00,318.1,720.89
2008-01-06 13:30:00,576.86,648.52
2008-01-06 13:45:00,228.78,544.51
2008-01-06 14:00:00,227.65,275.36
2008-01-06 14:15:00,30.444,81.34
2008-01-06 14:30:00,272.28,442.18
2008-01-06 14:45:00,60.796,144.63
2008-01-06 15:00:00,187.69,225.34
2008-01-06 15:15:00,249.43,286.93
2008-01-06 15:30:00,41.706,94.705
2008-01-06 15:45:00,11.096,63.224
2008-01-06 16:00:00,-4.5126,43.173
2008-01-06 16:15:00,4.5948,36.33
2008-01-06 16:30:00,5.7361,36.916
2008-01-06 16:45:00,15.087,11.59
2008-01-06 17:00:00,4.6127,0.9752
2008-01-06 17:15:00,1.3487,-1.2515
2008-01-06 17:30:00,0.2614,-2.9259
2008-01-06 17:45:00,-0.0125,-3.6566
2008-01-06 18:00:00,-0.049,-3.2877
2008-01-06 18:15:00,0.0521,-3.1378
2008-01-06 18:30:00,0.0135,-3.025
2008-01-06 18:45:00,-0.0091,-3.4276
2008-01-06 19:00:00,0.014,-3.09
2008-01-06 19:15:00,0.0445,-2.9101
2008-01-06 19:30:00,0.0127,-2.8564
2008-01-06 19:45:00,0.0322,-2.7414
2008-01-06 20:00:00,-0.0082,-2.4187
2008-01-06 20:15:00,-0.0489,-2.4261
2008-01-06 20:30:00,0.045,-2.6302
2008-01-06 20:45:00,0.0068,-2.8529
2008-01-06 21:00:00,-0.0372,-2.5581
2008-01-06 21:15:00,-0.0164,-2.8291
2008-01-06 21:30:00,-0.0088,-3.1518
2008-01-06 21:45:00,0.0025,-3.5988
2008-01-06 22:00:00,-0.0123,-3.4987
2008-01-06 22:15:00,-0.0312,-2.4711
2008-01-06 22:30:00,0.0048,-2.215
2008-01-06 22:45:00,-0.0164,-1.9275
2008-01-06 23:00:00,0.0141,-1.9646
2008-01-06 23:15:00,0.0261,-2.1184
2008-01-06 23:30:00,-0.0161,-2.1703
2008-01-06 23:45:00,0.0033,-2.2259
2008-01-07 00:00:00,-0.054,-3.0438
2008-01-07 00:15:00,-0.0118,-2.7284
2008-01-07 00:30:00,-0.0056,-3.4407
2008-01-07 00:45:00,0.0109,-3.4226
2008-01-07 01:00:00,-0.0063,-2.5931
2008-01-07 01:15:00,0.0104,-2.0181
2008-01-07 01:30:00,-0.0065,-2.0794
2008-01-07 01:45:00,-0.027,-1.1705
2008-01-07 02:00:00,0.004,-1.6065
2008-01-07 02:15:00,0.0001,-1.8031
2008-01-07 02:30:00,-0.0061,-1.5249
2008-01-07 02:45:00,0.012,-2.369
2008-01-07 03:00:00,-0.0012,-2.7382
2008-01-07 03:15:00,0.0073,-3.3707
2008-01-07 03:30:00,-0.0337,-3.1796
2008-01-07 03:45:00,-0.0109,-3.3242
2008-01-07 04:00:00,-0.0395,-2.9161
2008-01-07 04:15:00,-0.0451,-2.0479
2008-01-07 04:30:00,0.0106,-3.1889
2008-01-07 04:45:00,-0.0103,-2.6083
2008-01-07 05:00:00,0.0039,-3.0274
2008-01-07 05:15:00,-0.0109,-3.1943
2008-01-07 05:30:00,0.0213,-3.5618
2008-01-07 05:45:00,0.0204,-3.1315
2008-01-07 06:00:00,0.001,-3.215
2008-01-07 06:15:00,0.0015,-2.638
2008-01-07 06:30:00,-0.0137,-2.9887
2008-01-07 06:45:00,0.0034,-3.1353
2008-01-07 07:00:00,0.5061,-1.9498
2008-01-07 07:15:00,2.1455,-1.2504
2008-01-07 07:30:00,14.952,32.082
2008-01-07 07:45:00,83.486,142.2
2008-01-07 08:00:00,193.37,236.77
2008-01-07 08:15:00,294.83,321.93
2008-01-07 08:30:00,386.85,400.03
2008-01-07 08:45:00,473.11,475.29
2008-01-07 09:00:00,556.66,551.32
2008-01-07 09:15:00,630.6,617.08
2008-01-07 09:30:00,697.38,682.71
2008-01-07 09:45:00,685.93,681.28
2008-01-07 10:00:00,677.52,675.01
2008-01-07 10:15:00,529.2,537.85
2008-01-07 10:30:00,363.11,384.12
2008-01-07 10:45:00,531.38,531.73
2008-01-07 11:00:00,710.65,704.74
2008-01-07 11:15:00,691.08,693.05
2008-01-07 11:30:00,793.86,801.43
2008-01-07 11:45:00,677.28,692.16
2008-01-07 12:00:00,789.69,802.74
2008-01-07 12:15:00,739.05,745.05
2008-01-07 12:30:00,473.71,714.0
2008-01-07 12:45:00,279.25,334.33
2008-01-07 13:00:00,230.34,265.45
2008-01-07 13:15:00,89.349,135.82
2008-01-07 13:30:00,44.398,90.441
2008-01-07 13:45:00,24.544,72.468
2008-01-07 14:00:00,3.4742,53.471
2008-01-07 14:15:00,-0.8788,48.534
2008-01-07 14:30:00,-2.7438,40.127
2008-01-07 14:45:00,-0.8517,39.119
2008-01-07 15:00:00,0.8725,47.238
2008-01-07 15:15:00,5.7193,28.932
2008-01-07 15:30:00,12.725,8.2416
2008-01-07 15:45:00,14.12,21.58
2008-01-07 16:00:00,19.545,15.331
2008-01-07 16:15:00,11.59,8.4497
2008-01-07 16:30:00,6.3745,5.2303
2008-01-07 16:45:00,2.3872,2.2183
2008-01-07 17:00:00,1.4495,0.9497
2008-01-07 17:15:00,0.5689,0.0204
2008-01-07 17:30:00,0.0321,-0.115
2008-01-07 17:45:00,-0.0073,-0.1465
2008-01-07 18:00:00,-0.0161,-0.0482
2008-01-07 18:15:00,-0.0114,-0.0928
2008-01-07 18:30:00,-0.0028,-0.0928
2008-01-07 18:45:00,0.0114,-0.2041
2008-01-07 19:00:00,0.0001,-0.308
2008-01-07 19:15:00,0.0088,-0.2375
2008-01-07 19:30:00,-0.0209,-0.2375
2008-01-07 19:45:00,-0.0215,-0.2635
2008-01-07 20:00:00,-0.012,-0.3432
2008-01-07 20:15:00,0.0165,-0.308
2008-01-07 20:30:00,0.0121,-0.2876
2008-01-07 20:45:00,0.0031,-0.3823
2008-01-07 21:00:00,-0.0231,-0.4472
2008-01-07 21:15:00,0.0459,-0.3953
2008-01-07 21:30:00,-0.0173,-0.5474
2008-01-07 21:45:00,0.0025,-0.7441
2008-01-07 22:00:00,-0.0277,-0.6272
2008-01-07 22:15:00,0.0076,-0.4454
2008-01-07 22:30:00,-0.0013,-0.2765
2008-01-07 22:45:00,-0.0014,-0.2394
2008-01-07 23:00:00,-0.0118,-0.2505
2008-01-07 23:15:00,0.0178,-0.232
2008-01-07 23:30:00,0.0138,-0.3303
2008-01-07 23:45:00,0.0128,-0.3767
2008-01-08 00:00:00,0.0277,-0.2338
2008-01-08 00:15:00,-0.0295,-0.4046
2008-01-08 00:30:00,0.0073,-0.9261
2008-01-08 00:45:00,-0.0052,-1.3455
2008-01-08 01:00:00,0.003,-1.4346
2008-01-08 01:15:00,-0.0322,-1.5737
2008-01-08 01:30:00,-0.0204,-1.6164
2008-01-08 01:45:00,-0.0178,-1.661
2008-01-08 02:00:00,0.021,-2.1936
2008-01-08 02:15:00,-0.0372,-2.6186
2008-01-08 02:30:00,0.0657,-2.6372
2008-01-08 02:45:00,0.0219,-2.5555
2008-01-08 03:00:00,-0.0059,-2.7542
2008-01-08 03:15:00,-0.0568,-2.9492
2008-01-08 03:30:00,0.0074,-3.2185
2008-01-08 03:45:00,0.0458,-3.7327
2008-01-08 04:00:00,0.0121,-2.8659
2008-01-08 04:15:00,0.0071,-2.9848
2008-01-08 04:30:00,-0.0141,-3.2187
2008-01-08 04:45:00,0.0051,-3.2929
2008-01-08 05:00:00,-0.0643,-3.2038
2008-01-08 05:15:00,0.002,-3.4915
2008-01-08 05:30:00,0.0481,-4.0428
2008-01-08 05:45:00,0.0026,-3.8795
2008-01-08 06:00:00,-0.0028,-4.2636
2008-01-08 06:15:00,0.0039,-5.4793
2008-01-08 06:30:00,-0.0225,-5.0748
2008-01-08 06:45:00,-0.0372,-3.8683
2008-01-08 07:00:00,0.0917,-3.3189
2008-01-08 07:15:00,0.9364,-1.1212
2008-01-08 07:30:00,5.1672,38.326
2008-01-08 07:45:00,18.06,173.98
2008-01-08 08:00:00,4.2849,241.7
2008-01-08 08:15:00,0.0,170.73
2008-01-08 08:30:00,0.0,331.46
2008-01-08 08:45:00,0.0,559.39
2008-01-08 09:00:00,15.025,649.19
2008-01-08 09:15:00,84.394,729.15
2008-01-08 09:30:00,322.67,795.77
2008-01-08 09:45:00,492.66,862.59
2008-01-08 10:00:00,584.21,876.01
2008-01-08 10:15:00,705.29,924.28
2008-01-08 10:30:00,790.71,971.08
2008-01-08 10:45:00,837.15,978.48
2008-01-08 11:00:00,847.98,953.31
2008-01-08 11:15:00,866.7,921.98
2008-01-08 11:30:00,560.58,1026.4
2008-01-08 11:45:00,424.93,1152.2
2008-01-08 12:00:00,306.83,1211.8
2008-01-08 12:15:00,554.45,1204.2
2008-01-08 12:30:00,298.94,1146.5
2008-01-08 12:45:00,389.11,1080.6
2008-01-08 13:00:00,765.53,1094.9
2008-01-08 13:15:00,568.26,1029.5
2008-01-08 13:30:00,1000.8,994.19
2008-01-08 13:45:00,968.81,962.64
2008-01-08 14:00:00,967.12,959.71
2008-01-08 14:15:00,787.33,786.92
2008-01-08 14:30:00,706.19,693.02
2008-01-08 14:45:00,710.57,692.36
2008-01-08 15:00:00,462.03,468.56
2008-01-08 15:15:00,633.46,615.97
2008-01-08 15:30:00,625.12,618.48
2008-01-08 15:45:00,484.66,491.29
2008-01-08 16:00:00,328.43,350.76
2008-01-08 16:15:00,65.362,119.57
2008-01-08 16:30:00,14.951,36.277
2008-01-08 16:45:00,17.304,6.0678
2008-01-08 17:00:00,5.1689,-0.1038
2008-01-08 17:15:00,1.5114,-2.6718
2008-01-08 17:30:00,0.2189,-3.2172
2008-01-08 17:45:00,-0.0004,-2.9469
2008-01-08 18:00:00,0.0061,-2.5836
2008-01-08 18:15:00,-0.0032,-2.3073
2008-01-08 18:30:00,0.0393,-2.4224
2008-01-08 18:45:00,-0.0301,-2.9009
2008-01-08 19:00:00,0.0066,-2.3037
2008-01-08 19:15:00,-0.0053,-2.0405
2008-01-08 19:30:00,-0.0422,-1.8699
2008-01-08 19:45:00,-0.0109,-1.818
2008-01-08 20:00:00,-0.0223,-2.3449
2008-01-08 20:15:00,-0.0013,-2.4804
2008-01-08 20:30:00,-0.0635,-2.4229
2008-01-08 20:45:00,-0.0087,-2.5509
2008-01-08 21:00:00,-0.0201,-1.8311
2008-01-08 21:15:00,-0.0356,-2.729
2008-01-08 21:30:00,-0.0175,-2.3171
2008-01-08 21:45:00,-0.0083,-1.0575
2008-01-08 22:00:00,-0.0009,-2.4192
2008-01-08 22:15:00,0.006,-1.5639
2008-01-08 22:30:00,-0.0259,-1.3005
2008-01-08 22:45:00,0.0033,-1.7532
2008-01-08 23:00:00,0.0342,-1.3784
2008-01-08 23:15:00,-0.0082,-1.7123
2008-01-08 23:30:00,-0.052,-1.6122
2008-01-08 23:45:00,-0.018,-1.5843
2008-01-09 00:00:00,0.0061,-1.7383
2008-01-09 00:15:00,0.0128,-2.0147
2008-01-09 00:30:00,0.0312,-1.8181
2008-01-09 00:45:00,0.0035,-2.6139
2008-01-09 01:00:00,-0.0142,-2.7882
2008-01-09 01:15:00,-0.0126,-2.0332
2008-01-09 01:30:00,0.0063,-2.124
2008-01-09 01:45:00,-0.0118,-2.2909
2008-01-09 02:00:00,0.0028,-1.7771
2008-01-09 02:15:00,-0.0004,-1.7771
2008-01-09 02:30:00,0.0172,-2.4578
2008-01-09 02:45:00,0.0115,-1.5007
2008-01-09 03:00:00,0.0175,-1.4172
2008-01-09 03:15:00,-0.0017,-2.0368
2008-01-09 03:30:00,-0.0113,-1.6231
2008-01-09 03:45:00,-0.0011,-1.445
2008-01-09 04:00:00,0.0572,-2.6061
2008-01-09 04:15:00,-0.0266,-2.9269
2008-01-09 04:30:00,0.0336,-2.8472
2008-01-09 04:45:00,-0.0394,-2.3724
2008-01-09 05:00:00,0.0001,-2.1888
2008-01-09 05:15:00,0.0062,-1.5673
2008-01-09 05:30:00,0.0405,-1.8715
2008-01-09 05:45:00,-0.0214,-1.2297
2008-01-09 06:00:00,0.0195,-2.0384
2008-01-09 06:15:00,-0.0294,-3.0864
2008-01-09 06:30:00,-0.0297,-3.5742
2008-01-09 06:45:00,0.008,-3.1661
2008-01-09 07:00:00,0.3225,-2.8286
2008-01-09 07:15:00,1.8647,-2.0904
2008-01-09 07:30:00,8.3011,3.7672
2008-01-09 07:45:00,15.651,13.259
2008-01-09 08:00:00,166.64,215.57
2008-01-09 08:15:00,306.93,320.81
2008-01-09 08:30:00,410.17,407.32
2008-01-09 08:45:00,506.07,484.57
2008-01-09 09:00:00,556.68,532.25
2008-01-09 09:15:00,642.7,613.39
2008-01-09 09:30:00,546.71,536.13
2008-01-09 09:45:00,211.78,251.65
2008-01-09 10:00:00,379.89,382.49
2008-01-09 10:15:00,309.18,324.18
2008-01-09 10:30:00,204.82,233.34
2008-01-09 10:45:00,381.33,379.68
2008-01-09 11:00:00,221.64,247.45
2008-01-09 11:15:00,141.57,177.1
2008-01-09 11:30:00,93.502,137.16
2008-01-09 11:45:00,142.21,173.4
2008-01-09 12:00:00,185.74,207.27
2008-01-09 12:15:00,141.23,171.8
2008-01-09 12:30:00,130.68,164.74
2008-01-09 12:45:00,78.429,118.43
2008-01-09 13:00:00,27.676,73.344
2008-01-09 13:15:00,22.2,66.489
2008-01-09 13:30:00,5.114,51.487
2008-01-09 13:45:00,14.181,70.665
2008-01-09 14:00:00,103.49,126.88
2008-01-09 14:15:00,129.47,135.35
2008-01-09 14:30:00,123.73,132.49
2008-01-09 14:45:00,69.43,96.171
2008-01-09 15:00:00,47.953,77.785
2008-01-09 15:15:00,37.094,69.054
2008-01-09 15:30:00,41.001,72.214
2008-01-09 15:45:00,1.4297,39.155
2008-01-09 16:00:00,1.5288,32.147
2008-01-09 16:15:00,9.611,20.43
2008-01-09 16:30:00,18.319,9.8636
2008-01-09 16:45:00,11.429,3.8797
2008-01-09 17:00:00,2.5856,0.2838
2008-01-09 17:15:00,1.0768,-0.9737
2008-01-09 17:30:00,0.1316,-1.3002
2008-01-09 17:45:00,-0.004,-0.9534
2008-01-09 18:00:00,-0.0077,-0.256
2008-01-09 18:15:00,-0.0217,-0.1039
2008-01-09 18:30:00,-0.0007,-0.1688
2008-01-09 18:45:00,-0.0094,-0.319
2008-01-09 19:00:00,0.0168,-0.8736
2008-01-09 19:15:00,0.0314,-1.176
2008-01-09 19:30:00,0.0159,-1.0146
2008-01-09 19:45:00,-0.0187,-1.1278
2008-01-09 20:00:00,-0.0073,-1.2762
2008-01-09 20:15:00,0.013,-1.3894
2008-01-09 20:30:00,0.0135,-1.9978
2008-01-09 20:45:00,-0.0202,-2.649
2008-01-09 21:00:00,0.0499,-3.124
2008-01-09 21:15:00,0.026,-3.4784
2008-01-09 21:30:00,0.0479,-3.97
2008-01-09 21:45:00,0.0063,-3.907
2008-01-09 22:00:00,0.0066,-3.4376
2008-01-09 22:15:00,0.0711,-3.0573
2008-01-09 22:30:00,0.0092,-2.8533
2008-01-09 22:45:00,0.0142,-3.0685
2008-01-09 23:00:00,-0.0484,-2.9739
2008-01-09 23:15:00,0.0191,-3.51
2008-01-09 23:30:00,0.0101,-3.7308
2008-01-09 23:45:00,0.0025,-4.2375
2008-01-10 00:00:00,-0.0069,-4.3471
2008-01-10 00:15:00,0.0212,-4.3863
2008-01-10 00:30:00,-0.011,-4.5236
2008-01-10 00:45:00,0.0006,-4.4346
2008-01-10 01:00:00,0.055,-4.1097
2008-01-10 01:15:00,-0.0348,-3.7851
2008-01-10 01:30:00,0.0008,-3.4307
2008-01-10 01:45:00,0.016,-3.1469
2008-01-10 02:00:00,0.0207,-3.1581
2008-01-10 02:15:00,0.064,-3.2081
2008-01-10 02:30:00,-0.038,-3.2695
2008-01-10 02:45:00,0.0089,-2.622
2008-01-10 03:00:00,-0.0428,-2.3865
2008-01-10 03:15:00,0.016,-2.7483
2008-01-10 03:30:00,-0.0063,-2.9543
2008-01-10 03:45:00,-0.0001,-3.2364
2008-01-10 04:00:00,-0.0043,-3.1417
2008-01-10 04:15:00,-0.0232,-3.0879
2008-01-10 04:30:00,-0.0192,-2.9245
2008-01-10 04:45:00,-0.0211,-2.8596
2008-01-10 05:00:00,-0.036,-2.6964
2008-01-10 05:15:00,0.0095,-2.6481
2008-01-10 05:30:00,0.003,-1.8557
2008-01-10 05:45:00,-0.0112,-1.5736
2008-01-10 06:00:00,-0.0215,-1.7926
2008-01-10 06:15:00,0.0274,-2.8819
2008-01-10 06:30:00,0.0528,-3.1694
2008-01-10 06:45:00,0.0547,-3.0766
2008-01-10 07:00:00,0.8072,-2.737
2008-01-10 07:15:00,2.9625,-0.7979
2008-01-10 07:30:00,14.347,33.986
2008-01-10 07:45:00,92.158,151.26
2008-01-10 08:00:00,211.3,249.87
2008-01-10 08:15:00,313.21,336.82
2008-01-10 08:30:00,404.61,415.99
2008-01-10 08:45:00,494.08,497.55
2008-01-10 09:00:00,574.48,572.55
2008-01-10 09:15:00,651.19,645.88
2008-01-10 09:30:00,722.13,712.49
2008-01-10 09:45:00,790.57,773.39
2008-01-10 10:00:00,837.23,823.05
2008-01-10 10:15:00,881.89,871.91
2008-01-10 10:30:00,921.04,914.53
2008-01-10 10:45:00,947.52,948.09
2008-01-10 11:00:00,972.39,973.64
2008-01-10 11:15:00,999.55,1005.2
2008-01-10 11:30:00,563.59,1026.2
2008-01-10 11:45:00,250.53,1041.5
2008-01-10 12:00:00,448.21,1053.9
2008-01-10 12:15:00,1072.9,1066.7
2008-01-10 12:30:00,345.57,1073.5
2008-01-10 12:45:00,440.23,1067.1
2008-01-10 13:00:00,371.44,860.8
2008-01-10 13:15:00,503.96,923.01
2008-01-10 13:30:00,376.0,406.84
2008-01-10 13:45:00,260.79,289.45
2008-01-10 14:00:00,115.02,164.97
2008-01-10 14:15:00,136.31,181.94
2008-01-10 14:30:00,101.88,149.51
2008-01-10 14:45:00,202.66,241.01
2008-01-10 15:00:00,67.117,117.38
2008-01-10 15:15:00,486.93,484.78
2008-01-10 15:30:00,660.37,638.9
2008-01-10 15:45:00,547.28,545.87
2008-01-10 16:00:00,427.5,439.49
2008-01-10 16:15:00,239.42,284.59
2008-01-10 16:30:00,37.913,85.95
2008-01-10 16:45:00,12.96,25.862
2008-01-10 17:00:00,11.775,4.4558
2008-01-10 17:15:00,1.9246,-1.6219
2008-01-10 17:30:00,0.4016,-2.1058
2008-01-10 17:45:00,0.0079,-2.3896
2008-01-10 18:00:00,-0.0018,-2.8866
2008-01-10 18:15:00,-0.0242,-2.2434
2008-01-10 18:30:00,0.0036,-1.9746
2008-01-10 18:45:00,0.0132,-2.4549
2008-01-10 19:00:00,-0.0019,-3.0297
2008-01-10 19:15:00,0.0179,-3.0148
2008-01-10 19:30:00,-0.0082,-3.0835
2008-01-10 19:45:00,0.0699,-3.7011
2008-01-10 20:00:00,0.0107,-3.7605
2008-01-10 20:15:00,0.0176,-3.4512
2008-01-10 20:30:00,-0.034,-3.3123
2008-01-10 20:45:00,-0.0356,-2.4594
2008-01-10 21:00:00,0.0471,-2.4464
2008-01-10 21:15:00,-0.0182,-3.4202
2008-01-10 21:30:00,-0.0262,-3.4202
2008-01-10 21:45:00,0.0033,-2.3166
2008-01-10 22:00:00,-0.0045,-3.2923
2008-01-10 22:15:00,0.0121,-3.1921
2008-01-10 22:30:00,0.0117,-2.9807
2008-01-10 22:45:00,-0.0011,-2.198
2008-01-10 23:00:00,0.006,-2.4836
2008-01-10 23:15:00,0.0248,-3.398
2008-01-10 23:30:00,-0.0154,-3.5761
2008-01-10 23:45:00,-0.0424,-2.9955
2008-01-11 00:00:00,-0.0045,-2.5448
2008-01-11 00:15:00,0.0259,-3.1179
2008-01-11 00:30:00,-0.0086,-3.2626
2008-01-11 00:45:00,-0.0151,-3.7021
2008-01-11 01:00:00,-0.0321,-3.767
2008-01-11 01:15:00,-0.0067,-3.6391
2008-01-11 01:30:00,-0.0104,-1.8381
2008-01-11 01:45:00,0.009,-1.9104
2008-01-11 02:00:00,0.0098,-1.7936
2008-01-11 02:15:00,-0.0033,-1.7212
2008-01-11 02:30:00,-0.06,-1.9828
2008-01-11 02:45:00,-0.0337,-2.4112
2008-01-11 03:00:00,-0.0102,-2.248
2008-01-11 03:15:00,-0.0153,-2.2313
2008-01-11 03:30:00,0.0518,-2.4205
2008-01-11 03:45:00,0.0238,-2.5206
2008-01-11 04:00:00,0.025,-2.7562
2008-01-11 04:15:00,-0.068,-2.1274
2008-01-11 04:30:00,0.005,-1.2074
2008-01-11 04:45:00,0.0178,-2.081
2008-01-11 05:00:00,0.0254,-2.6783
2008-01-11 05:15:00,-0.0348,-2.3351
2008-01-11 05:30:00,-0.0001,-1.4634
2008-01-11 05:45:00,0.0309,-1.7268
2008-01-11 06:00:00,-0.0202,-1.7973
2008-01-11 06:15:00,-0.0068,-2.5707
2008-01-11 06:30:00,-0.0225,-2.7617
2008-01-11 06:45:00,0.0454,-2.7061
2008-01-11 07:00:00,0.6158,-3.0288
2008-01-11 07:15:00,4.8048,0.6102
2008-01-11 07:30:00,16.968,36.01
2008-01-11 07:45:00,7.4489,52.446
2008-01-11 08:00:00,6.8619,27.568
2008-01-11 08:15:00,-1.0349,41.706
2008-01-11 08:30:00,4.7449,56.423
2008-01-11 08:45:00,23.998,78.952
2008-01-11 09:00:00,374.17,381.77
2008-01-11 09:15:00,689.15,644.43
2008-01-11 09:30:00,384.73,393.82
2008-01-11 09:45:00,288.73,304.9
2008-01-11 10:00:00,814.13,748.86
2008-01-11 10:15:00,969.44,895.4
2008-01-11 10:30:00,1029.5,953.98
2008-01-11 10:45:00,592.74,922.98
2008-01-11 11:00:00,1069.8,981.02
2008-01-11 11:15:00,1109.6,1025.7
2008-01-11 11:30:00,1144.2,1059.9
2008-01-11 11:45:00,641.61,1087.4
2008-01-11 12:00:00,633.84,1096.9
2008-01-11 12:15:00,1091.7,1037.8
2008-01-11 12:30:00,662.26,1072.7
2008-01-11 12:45:00,587.53,1064.0
2008-01-11 13:00:00,507.0,1061.9
2008-01-11 13:15:00,255.23,920.51
2008-01-11 13:30:00,944.37,1012.1
2008-01-11 13:45:00,1034.4,981.44
2008-01-11 14:00:00,1018.4,968.61
2008-01-11 14:15:00,1003.3,952.4
2008-01-11 14:30:00,953.23,900.32
2008-01-11 14:45:00,867.13,820.43
2008-01-11 15:00:00,595.53,583.77
2008-01-11 15:15:00,649.87,616.09
2008-01-11 15:30:00,674.28,638.52
2008-01-11 15:45:00,237.98,266.18
2008-01-11 16:00:00,11.181,63.37
2008-01-11 16:15:00,1.059,55.35
2008-01-11 16:30:00,1.7396,52.568
2008-01-11 16:45:00,10.56,28.707
2008-01-11 17:00:00,15.301,8.6536
2008-01-11 17:15:00,2.3877,-2.0932
2008-01-11 17:30:00,0.6508,-3.6676
2008-01-11 17:45:00,-0.0148,-3.438
2008-01-11 18:00:00,0.0398,-3.5199
2008-01-11 18:15:00,-0.0053,-3.6741
2008-01-11 18:30:00,-0.0183,-3.9376
2008-01-11 18:45:00,0.0188,-3.8412
2008-01-11 19:00:00,-0.0198,-3.3497
2008-01-11 19:15:00,-0.0337,-3.04
2008-01-11 19:30:00,-0.029,-3.2422
2008-01-11 19:45:00,0.0037,-3.3091
2008-01-11 20:00:00,-0.004,-3.9917
2008-01-11 20:15:00,-0.0249,-3.4669
2008-01-11 20:30:00,-0.0163,-3.1331
2008-01-11 20:45:00,-0.0337,-3.2722
2008-01-11 21:00:00,0.0126,-2.6769
2008-01-11 21:15:00,0.0137,-3.1111
2008-01-11 21:30:00,-0.0382,-3.1538
2008-01-11 21:45:00,-0.0328,-3.0851
2008-01-11 22:00:00,-0.0466,-2.8514
2008-01-11 22:15:00,0.0157,-2.5156
2008-01-11 22:30:00,0.0708,-2.6288
2008-01-11 22:45:00,-0.0055,-2.6122
2008-01-11 23:00:00,0.0085,-3.1448
2008-01-11 23:15:00,-0.0032,-2.9612
2008-01-11 23:30:00,0.004,-2.8518
2008-01-11 23:45:00,0.0085,-3.0522
2008-01-12 00:00:00,0.0373,-2.941
2008-01-12 00:15:00,0.0308,-2.8724
2008-01-12 00:30:00,0.0488,-2.5347
2008-01-12 00:45:00,-0.0123,-2.0467
2008-01-12 01:00:00,0.0153,-2.1358
2008-01-12 01:15:00,-0.0272,-1.4584
2008-01-12 01:30:00,0.0552,-2.0614
2008-01-12 01:45:00,-0.0129,-2.7311
2008-01-12 02:00:00,-0.0178,-3.4083
2008-01-12 02:15:00,0.0006,-3.9331
2008-01-12 02:30:00,0.0235,-2.6363
2008-01-12 02:45:00,0.0001,-2.063
2008-01-12 03:00:00,0.0076,-2.2615
2008-01-12 03:15:00,0.0107,-2.7921
2008-01-12 03:30:00,0.0266,-3.0815
2008-01-12 03:45:00,0.002,-3.6696
2008-01-12 04:00:00,0.039,-3.4989
2008-01-12 04:15:00,-0.0117,-3.497
2008-01-12 04:30:00,0.0292,-3.1872
2008-01-12 04:45:00,0.0438,-3.0704
2008-01-12 05:00:00,0.0151,-3.1316
2008-01-12 05:15:00,0.0038,-2.614
2008-01-12 05:30:00,0.0788,-2.6884
2008-01-12 05:45:00,-0.0361,-3.1801
2008-01-12 06:00:00,-0.0088,-2.7143
2008-01-12 06:15:00,-0.0312,-4.089
2008-01-12 06:30:00,-0.0528,-2.9796
2008-01-12 06:45:00,0.0601,-2.3135
2008-01-12 07:00:00,0.6494,-1.3822
2008-01-12 07:15:00,4.1861,0.7923
2008-01-12 07:30:00,21.595,43.28
2008-01-12 07:45:00,98.229,156.78
2008-01-12 08:00:00,101.92,148.31
2008-01-12 08:15:00,40.806,93.542
2008-01-12 08:30:00,215.07,243.83
2008-01-12 08:45:00,282.74,299.68
2008-01-12 09:00:00,326.56,334.43
2008-01-12 09:15:00,541.65,522.22
2008-01-12 09:30:00,564.1,550.23
2008-01-12 09:45:00,742.79,708.93
2008-01-12 10:00:00,850.87,810.23
2008-01-12 10:15:00,887.61,848.62
2008-01-12 10:30:00,939.13,899.25
2008-01-12 10:45:00,765.05,935.6
2008-01-12 11:00:00,371.15,969.09
2008-01-12 11:15:00,540.85,996.17
2008-01-12 11:30:00,343.36,1018.8
2008-01-12 11:45:00,228.97,1037.3
2008-01-12 12:00:00,286.44,1044.2
2008-01-12 12:15:00,241.05,1055.0
2008-01-12 12:30:00,186.07,1070.0
2008-01-12 12:45:00,107.23,1065.5
2008-01-12 13:00:00,178.96,1055.1
2008-01-12 13:15:00,193.99,1044.1
2008-01-12 13:30:00,390.86,931.22
2008-01-12 13:45:00,161.67,682.28
2008-01-12 14:00:00,71.922,522.31
2008-01-12 14:15:00,410.67,797.78
2008-01-12 14:30:00,369.07,823.31
2008-01-12 14:45:00,291.1,790.38
2008-01-12 15:00:00,445.13,734.97
2008-01-12 15:15:00,695.11,671.37
2008-01-12 15:30:00,619.24,600.57
2008-01-12 15:45:00,535.72,524.94
2008-01-12 16:00:00,444.22,448.74
2008-01-12 16:15:00,323.51,374.22
2008-01-12 16:30:00,142.37,179.76
2008-01-12 16:45:00,17.109,11.263
2008-01-12 17:00:00,13.458,3.4907
2008-01-12 17:15:00,3.1419,-1.9467
2008-01-12 17:30:00,0.6513,-3.8695
2008-01-12 17:45:00,0.0356,-4.0627
2008-01-12 18:00:00,-0.0115,-3.759
2008-01-12 18:15:00,0.0489,-3.7557
2008-01-12 18:30:00,-0.0312,-3.8894
2008-01-12 18:45:00,-0.0127,-4.1027
2008-01-12 19:00:00,-0.0162,-3.6725
2008-01-12 19:15:00,-0.0134,-3.7337
2008-01-12 19:30:00,-0.0217,-3.9324
2008-01-12 19:45:00,0.0273,-2.9588
2008-01-12 20:00:00,0.0239,-2.6732
2008-01-12 20:15:00,0.0174,-2.5639
2008-01-12 20:30:00,0.0359,-1.64
2008-01-12 20:45:00,-0.0584,-1.8274
2008-01-12 21:00:00,0.017,-1.7624
2008-01-12 21:15:00,-0.0177,-1.692
2008-01-12 21:30:00,0.0534,-1.6716
2008-01-12 21:45:00,0.0119,-1.6493
2008-01-12 22:00:00,0.022,-0.7904
2008-01-12 22:15:00,0.0386,-0.2245
2008-01-12 22:30:00,-0.0332,-1.4378
2008-01-12 22:45:00,0.0036,-1.8775
2008-01-12 23:00:00,-0.027,-1.7532
2008-01-12 23:15:00,0.0099,-1.4786
2008-01-12 23:30:00,-0.0191,-1.23
2008-01-12 23:45:00,-0.0347,-1.5509
2008-01-13 00:00:00,-0.0257,-1.8107
2008-01-13 00:15:00,0.0123,-1.4971
2008-01-13 00:30:00,0.0401,-1.9387
2008-01-13 00:45:00,-0.0115,-2.1872
2008-01-13 01:00:00,0.0181,-2.2948
2008-01-13 01:15:00,0.0118,-2.3004
2008-01-13 01:30:00,-0.0006,-2.0852
2008-01-13 01:45:00,-0.078,-2.3524
2008-01-13 02:00:00,0.0075,-2.1909
2008-01-13 02:15:00,0.0032,-2.471
2008-01-13 02:30:00,0.0138,-2.8105
2008-01-13 02:45:00,0.0207,-2.9477
2008-01-13 03:00:00,-0.0396,-3.2465
2008-01-13 03:15:00,0.019,-3.4116
2008-01-13 03:30:00,0.0481,-3.0257
2008-01-13 03:45:00,-0.0099,-3.2539
2008-01-13 04:00:00,-0.018,-2.9256
2008-01-13 04:15:00,-0.032,-3.1056
2008-01-13 04:30:00,-0.0926,-2.9831
2008-01-13 04:45:00,-0.0338,-2.9126
2008-01-13 05:00:00,-0.0289,-2.7345
2008-01-13 05:15:00,0.0104,-3.3041
2008-01-13 05:30:00,0.0521,-2.7661
2008-01-13 05:45:00,0.0086,-2.6121
2008-01-13 06:00:00,0.0068,-2.6511
2008-01-13 06:15:00,-0.0164,-2.6678
2008-01-13 06:30:00,-0.0019,-2.6975
2008-01-13 06:45:00,0.0437,-2.7069
2008-01-13 07:00:00,0.8172,-3.0726
2008-01-13 07:15:00,2.905,-1.1282
2008-01-13 07:30:00,12.864,35.407
2008-01-13 07:45:00,89.593,146.88
2008-01-13 08:00:00,205.93,242.0
2008-01-13 08:15:00,317.62,330.68
2008-01-13 08:30:00,417.17,413.33
2008-01-13 08:45:00,507.49,491.46
2008-01-13 09:00:00,587.54,562.83
2008-01-13 09:15:00,660.39,629.25
2008-01-13 09:30:00,734.63,692.3
2008-01-13 09:45:00,797.8,753.14
2008-01-13 10:00:00,845.6,806.7
2008-01-13 10:15:00,895.56,855.26
2008-01-13 10:30:00,524.84,898.09
2008-01-13 10:45:00,981.55,936.57
2008-01-13 11:00:00,891.47,969.35
2008-01-13 11:15:00,213.62,995.26
2008-01-13 11:30:00,150.83,1014.9
2008-01-13 11:45:00,162.58,1032.0
2008-01-13 12:00:00,328.57,1040.9
2008-01-13 12:15:00,237.23,1044.8
2008-01-13 12:30:00,243.51,1042.7
2008-01-13 12:45:00,315.95,1035.2
2008-01-13 13:00:00,319.3,1019.9
2008-01-13 13:15:00,163.99,997.36
2008-01-13 13:30:00,332.54,974.63
2008-01-13 13:45:00,306.36,939.91
2008-01-13 14:00:00,497.26,905.19
2008-01-13 14:15:00,481.29,864.51
2008-01-13 14:30:00,825.32,817.22
2008-01-13 14:45:00,777.99,764.68
2008-01-13 15:00:00,724.68,707.71
2008-01-13 15:15:00,666.15,646.27
2008-01-13 15:30:00,592.87,578.38
2008-01-13 15:45:00,514.38,506.0
2008-01-13 16:00:00,421.3,427.42
2008-01-13 16:15:00,287.27,338.04
2008-01-13 16:30:00,137.09,179.54
2008-01-13 16:45:00,17.339,10.89
2008-01-13 17:00:00,11.857,2.1653
2008-01-13 17:15:00,2.6504,-2.5957
2008-01-13 17:30:00,0.7382,-3.7176
2008-01-13 17:45:00,0.0184,-3.7013
2008-01-13 18:00:00,0.0137,-3.6072
2008-01-13 18:15:00,0.0246,-3.0955
2008-01-13 18:30:00,-0.0791,-2.311
2008-01-13 18:45:00,-0.0042,-2.7488
2008-01-13 19:00:00,-0.0296,-2.7545
2008-01-13 19:15:00,0.0039,-2.7046
2008-01-13 19:30:00,-0.0274,-2.8494
2008-01-13 19:45:00,0.0058,-2.7085
2008-01-13 20:00:00,0.0278,-2.9645
2008-01-13 20:15:00,-0.02,-3.0091
2008-01-13 20:30:00,0.0166,-2.9312
2008-01-13 20:45:00,-0.0294,-2.6233
2008-01-13 21:00:00,0.0319,-2.6103
2008-01-13 21:15:00,0.0306,-2.72
2008-01-13 21:30:00,-0.0009,-2.2284
2008-01-13 21:45:00,-0.0194,-1.3379
2008-01-13 22:00:00,-0.0073,-2.1933
2008-01-13 22:15:00,0.0492,-1.5772
2008-01-13 22:30:00,0.01,-2.6125
2008-01-13 22:45:00,0.0156,-2.4492
2008-01-13 23:00:00,-0.0209,-2.1911
2008-01-13 23:15:00,0.0091,-2.1892
2008-01-13 23:30:00,0.0259,-1.4285
2008-01-13 23:45:00,0.0221,-2.0407
2008-01-14 00:00:00,0.0116,-2.4062
2008-01-14 00:15:00,0.0124,-2.4915
2008-01-14 00:30:00,-0.0452,-2.5564
2008-01-14 00:45:00,0.011,-2.3839
2008-01-14 01:00:00,-0.0065,-2.4562
2008-01-14 01:15:00,-0.0166,-3.0332
2008-01-14 01:30:00,-0.0166,-2.6844
2008-01-14 01:45:00,-0.018,-2.497
2008-01-14 02:00:00,0.0214,-2.7957
2008-01-14 02:15:00,0.0056,-2.549
2008-01-14 02:30:00,-0.0404,-2.6288
2008-01-14 02:45:00,0.01,-2.3709
2008-01-14 03:00:00,-0.0313,-2.0518
2008-01-14 03:15:00,-0.0293,-2.2318
2008-01-14 03:30:00,-0.0074,-2.6436
2008-01-14 03:45:00,-0.0084,-2.6956
2008-01-14 04:00:00,0.0036,-2.7846
2008-01-14 04:15:00,0.0069,-2.7865
2008-01-14 04:30:00,0.01,-2.9349
2008-01-14 04:45:00,-0.0269,-2.7179
2008-01-14 05:00:00,0.0112,-2.9164
2008-01-14 05:15:00,0.0056,-2.9294
2008-01-14 05:30:00,-0.0132,-3.0611
2008-01-14 05:45:00,-0.0176,-3.2187
2008-01-14 06:00:00,-0.0076,-3.9719
2008-01-14 06:15:00,-0.0091,-3.7772
2008-01-14 06:30:00,-0.002,-3.4174
2008-01-14 06:45:00,0.0579,-3.2303
2008-01-14 07:00:00,0.8652,-2.9948
2008-01-14 07:15:00,2.9112,-1.3731
2008-01-14 07:30:00,11.338,30.056
2008-01-14 07:45:00,81.929,139.55
2008-01-14 08:00:00,198.12,234.47
2008-01-14 08:15:00,303.8,320.24
2008-01-14 08:30:00,398.7,400.28
2008-01-14 08:45:00,489.39,478.0
2008-01-14 09:00:00,569.49,552.52
2008-01-14 09:15:00,643.31,623.07
2008-01-14 09:30:00,711.1,689.84
2008-01-14 09:45:00,773.38,751.78
2008-01-14 10:00:00,826.63,804.6
2008-01-14 10:15:00,877.42,846.05
2008-01-14 10:30:00,931.86,892.73
2008-01-14 10:45:00,970.46,932.57
2008-01-14 11:00:00,995.76,964.71
2008-01-14 11:15:00,1016.5,993.71
2008-01-14 11:30:00,1026.0,1016.6
2008-01-14 11:45:00,580.5,1032.8
2008-01-14 12:00:00,1034.3,1040.5
2008-01-14 12:15:00,1047.5,1045.5
2008-01-14 12:30:00,1044.0,1041.9
2008-01-14 12:45:00,1042.9,1037.3
2008-01-14 13:00:00,1031.1,1023.8
2008-01-14 13:15:00,1019.4,1005.3
2008-01-14 13:30:00,1001.6,978.51
2008-01-14 13:45:00,969.48,949.58
2008-01-14 14:00:00,925.87,913.61
2008-01-14 14:15:00,880.0,869.86
2008-01-14 14:30:00,830.22,822.91
2008-01-14 14:45:00,783.54,772.26
2008-01-14 15:00:00,730.22,718.49
2008-01-14 15:15:00,664.85,657.47
2008-01-14 15:30:00,588.99,586.88
2008-01-14 15:45:00,503.47,509.58
2008-01-14 16:00:00,413.07,431.41
2008-01-14 16:15:00,290.06,346.74
2008-01-14 16:30:00,153.09,201.77
2008-01-14 16:45:00,15.11,13.121
2008-01-14 17:00:00,17.192,4.2625
2008-01-14 17:15:00,3.7713,-2.6856
2008-01-14 17:30:00,0.9526,-4.237
2008-01-14 17:45:00,0.0694,-4.0167
2008-01-14 18:00:00,-0.0187,-3.7428
2008-01-14 18:15:00,-0.0234,-3.25
2008-01-14 18:30:00,-0.0053,-3.3412
2008-01-14 18:45:00,-0.0071,-3.436
2008-01-14 19:00:00,0.0059,-3.4679
2008-01-14 19:15:00,-0.0146,-3.2585
2008-01-14 19:30:00,0.0197,-3.433
2008-01-14 19:45:00,-0.0559,-3.4368
2008-01-14 20:00:00,0.0059,-3.8041
2008-01-14 20:15:00,-0.0142,-2.7487
2008-01-14 20:30:00,-0.0634,-1.9141
2008-01-14 20:45:00,-0.0579,-2.1701
2008-01-14 21:00:00,-0.0145,-1.979
2008-01-14 21:15:00,0.0293,-2.0588
2008-01-14 21:30:00,-0.048,-2.7766
2008-01-14 21:45:00,0.0138,-2.9546
2008-01-14 22:00:00,-0.0186,-2.4798
2008-01-14 22:15:00,0.0255,-1.7452
2008-01-14 22:30:00,-0.0124,-2.5556
2008-01-14 22:45:00,-0.0186,-2.8188
2008-01-14 23:00:00,-0.0073,-2.5072
2008-01-14 23:15:00,-0.0013,-2.5275
2008-01-14 23:30:00,0.0012,-3.1337
2008-01-14 23:45:00,0.0312,-3.0075
2008-01-15 00:00:00,0.0102,-3.0853
2008-01-15 00:15:00,0.0124,-2.6274
2008-01-15 00:30:00,0.0226,-3.0705
2008-01-15 00:45:00,0.0129,-3.3838
2008-01-15 01:00:00,-0.0451,-3.0667
2008-01-15 01:15:00,-0.0107,-2.0265
2008-01-15 01:30:00,-0.0094,-2.3696
2008-01-15 01:45:00,0.0075,-2.1378
2008-01-15 02:00:00,-0.006,-1.8486
2008-01-15 02:15:00,0.0117,-1.6224
2008-01-15 02:30:00,-0.0036,-2.5123
2008-01-15 02:45:00,-0.0283,-2.1786
2008-01-15 03:00:00,0.003,-1.9617
2008-01-15 03:15:00,0.0035,-1.7002
2008-01-15 03:30:00,-0.0001,-1.5408
2008-01-15 03:45:00,-0.009,-1.8782
2008-01-15 04:00:00,-0.0114,-2.0375
2008-01-15 04:15:00,0.0068,-3.3335
2008-01-15 04:30:00,0.0214,-3.9527
2008-01-15 04:45:00,-0.007,-4.0731
2008-01-15 05:00:00,-0.0017,-2.8681
2008-01-15 05:15:00,-0.0071,-2.16
2008-01-15 05:30:00,-0.0186,-1.8726
2008-01-15 05:45:00,-0.0166,-2.5216
2008-01-15 06:00:00,-0.0014,-2.0024
2008-01-15 06:15:00,-0.0262,-3.074
2008-01-15 06:30:00,0.0279,-2.729
2008-01-15 06:45:00,0.1055,-1.2829
2008-01-15 07:00:00,0.6361,-0.773
2008-01-15 07:15:00,7.5976,4.017
2008-01-15 07:30:00,16.674,43.463
2008-01-15 07:45:00,23.841,81.162
2008-01-15 08:00:00,20.166,26.523
2008-01-15 08:15:00,21.257,10.369
2008-01-15 08:30:00,15.791,12.326
2008-01-15 08:45:00,14.223,14.0
2008-01-15 09:00:00,9.6603,16.719
2008-01-15 09:15:00,9.0506,20.253
2008-01-15 09:30:00,7.6163,24.871
2008-01-15 09:45:00,5.612,28.473
2008-01-15 10:00:00,-0.5521,36.031
2008-01-15 10:15:00,-2.4305,43.966
2008-01-15 10:30:00,2.1042,53.418
2008-01-15 10:45:00,11.691,63.842
2008-01-15 11:00:00,19.491,75.15
2008-01-15 11:15:00,24.207,77.931
2008-01-15 11:30:00,18.052,73.676
2008-01-15 11:45:00,31.599,83.901
2008-01-15 12:00:00,36.739,90.172
2008-01-15 12:15:00,72.534,125.18
2008-01-15 12:30:00,88.226,141.25
2008-01-15 12:45:00,108.7,162.38
2008-01-15 13:00:00,175.22,224.1
2008-01-15 13:15:00,357.28,392.08
2008-01-15 13:30:00,232.85,283.29
2008-01-15 13:45:00,246.51,293.75
2008-01-15 14:00:00,407.73,437.79
2008-01-15 14:15:00,650.54,660.06
2008-01-15 14:30:00,436.99,461.27
2008-01-15 14:45:00,417.16,431.5
2008-01-15 15:00:00,274.03,308.52
2008-01-15 15:15:00,416.76,432.3
2008-01-15 15:30:00,610.75,610.31
2008-01-15 15:45:00,495.86,515.35
2008-01-15 16:00:00,406.88,436.66
2008-01-15 16:15:00,274.56,330.59
2008-01-15 16:30:00,147.84,203.29
2008-01-15 16:45:00,13.085,34.408
2008-01-15 17:00:00,18.326,9.6557
2008-01-15 17:15:00,3.5573,-2.2362
2008-01-15 17:30:00,0.8765,-4.5173
2008-01-15 17:45:00,0.0262,-4.2101
2008-01-15 18:00:00,-0.0179,-2.8244
2008-01-15 18:15:00,-0.0045,-2.137
2008-01-15 18:30:00,-0.0393,-2.013
2008-01-15 18:45:00,-0.02,-2.1596
2008-01-15 19:00:00,-0.0308,-2.1302
2008-01-15 19:15:00,0.014,-1.5816
2008-01-15 19:30:00,-0.02,-2.3718
2008-01-15 19:45:00,0.0349,-2.1013
2008-01-15 20:00:00,0.028,-1.0646
2008-01-15 20:15:00,0.006,-0.7901
2008-01-15 20:30:00,0.037,-0.3617
2008-01-15 20:45:00,-0.018,-0.332
2008-01-15 21:00:00,0.0531,-0.5602
2008-01-15 21:15:00,-0.0266,-0.5139
2008-01-15 21:30:00,-0.0208,-0.5102
2008-01-15 21:45:00,0.0044,-0.5028
2008-01-15 22:00:00,0.0043,-0.7068
2008-01-15 22:15:00,0.02,-0.7625
2008-01-15 22:30:00,-0.0241,-0.4879
2008-01-15 22:45:00,-0.0041,-0.6642
2008-01-15 23:00:00,-0.0015,-0.9257
2008-01-15 23:15:00,-0.0213,-1.1076
2008-01-15 23:30:00,-0.0398,-0.9907
2008-01-15 23:45:00,-0.0178,-0.9313
2008-01-16 00:00:00,0.0098,-0.794
2008-01-16 00:15:00,0.0205,-0.6735
2008-01-16 00:30:00,-0.0245,-0.7347
2008-01-16 00:45:00,-0.0345,-0.7422
2008-01-16 01:00:00,-0.0085,-0.7403
2008-01-16 01:15:00,-0.0041,-0.6087
2008-01-16 01:30:00,0.022,-0.6699
2008-01-16 01:45:00,0.0049,-0.7145
2008-01-16 02:00:00,-0.0009,-0.5883
2008-01-16 02:15:00,0.0089,-0.5568
2008-01-16 02:30:00,0.001,-0.6366
2008-01-16 02:45:00,-0.0149,-0.7072
2008-01-16 03:00:00,0.0186,-0.6645
2008-01-16 03:15:00,0.0346,-0.6664
2008-01-16 03:30:00,0.0312,-0.4158
2008-01-16 03:45:00,-0.034,-0.3805
2008-01-16 04:00:00,0.0137,-0.375
2008-01-16 04:15:00,0.0038,-0.4622
2008-01-16 04:30:00,-0.007,-0.3713
2008-01-16 04:45:00,0.0054,-0.388
2008-01-16 05:00:00,-0.0417,-0.3453
2008-01-16 05:15:00,-0.0025,-0.3249
2008-01-16 05:30:00,0.0229,-0.3584
2008-01-16 05:45:00,0.0515,-0.4289
2008-01-16 06:00:00,0.0264,-0.5496
2008-01-16 06:15:00,-0.0046,-0.5477
2008-01-16 06:30:00,0.0411,-0.8096
2008-01-16 06:45:00,0.0069,-0.8931
2008-01-16 07:00:00,0.0461,-0.986
2008-01-16 07:15:00,0.8376,-0.4048
2008-01-16 07:30:00,1.495,1.5524
2008-01-16 07:45:00,4.0381,7.7768
2008-01-16 08:00:00,10.228,17.55
2008-01-16 08:15:00,19.629,35.896
2008-01-16 08:30:00,10.161,62.08
2008-01-16 08:45:00,4.7745,92.581
2008-01-16 09:00:00,-3.0699,121.54
2008-01-16 09:15:00,-2.7807,131.21
2008-01-16 09:30:00,6.4944,165.94
2008-01-16 09:45:00,25.108,213.43
2008-01-16 10:00:00,46.857,263.15
2008-01-16 10:15:00,47.503,254.43
2008-01-16 10:30:00,68.336,292.12
2008-01-16 10:45:00,63.425,283.99
2008-01-16 11:00:00,85.44,320.56
2008-01-16 11:15:00,112.8,364.98
2008-01-16 11:30:00,134.19,393.96
2008-01-16 11:45:00,167.18,443.6
2008-01-16 12:00:00,229.21,532.03
2008-01-16 12:15:00,454.55,629.35
2008-01-16 12:30:00,696.33,647.69
2008-01-16 12:45:00,857.02,787.86
2008-01-16 13:00:00,603.03,578.17
2008-01-16 13:15:00,398.88,398.87
2008-01-16 13:30:00,355.41,354.39
2008-01-16 13:45:00,667.37,617.15
2008-01-16 14:00:00,541.06,504.58
2008-01-16 14:15:00,155.65,194.42
2008-01-16 14:30:00,487.3,459.17
2008-01-16 14:45:00,854.46,784.11
2008-01-16 15:00:00,570.78,541.24
2008-01-16 15:15:00,159.93,194.18
2008-01-16 15:30:00,78.905,125.9
2008-01-16 15:45:00,271.0,284.48
2008-01-16 16:00:00,356.32,357.8
2008-01-16 16:15:00,229.49,266.29
2008-01-16 16:30:00,53.823,82.397
2008-01-16 16:45:00,14.077,23.518
2008-01-16 17:00:00,15.023,7.7367
2008-01-16 17:15:00,3.4788,0.2877
2008-01-16 17:30:00,1.038,-1.7598
2008-01-16 17:45:00,0.0869,-2.0402
2008-01-16 18:00:00,0.0121,-2.3914
2008-01-16 18:15:00,0.0059,-2.8372
2008-01-16 18:30:00,0.0031,-2.9877
2008-01-16 18:45:00,-0.0131,-2.8281
2008-01-16 19:00:00,-0.0279,-2.5943
2008-01-16 19:15:00,0.0027,-2.7951
2008-01-16 19:30:00,0.0084,-2.3401
2008-01-16 19:45:00,-0.0119,-2.2139
2008-01-16 20:00:00,0.0208,-1.7442
2008-01-16 20:15:00,0.0785,-1.7017
2008-01-16 20:30:00,0.0013,-2.1403
2008-01-16 20:45:00,0.0565,-2.4636
2008-01-16 21:00:00,-0.0284,-1.6554
2008-01-16 21:15:00,-0.0015,-1.3266
2008-01-16 21:30:00,0.0041,-1.1835
2008-01-16 21:45:00,0.0045,-1.1965
2008-01-16 22:00:00,0.0162,-1.2077
2008-01-16 22:15:00,0.0162,-1.2338
2008-01-16 22:30:00,0.0041,-1.3472
2008-01-16 22:45:00,0.0033,-1.836
2008-01-16 23:00:00,0.0364,-2.2299
2008-01-16 23:15:00,0.0139,-2.0144
2008-01-16 23:30:00,-0.057,-2.1761
2008-01-16 23:45:00,-0.0097,-1.8973
2008-01-17 00:00:00,0.0362,-2.4232
2008-01-17 00:15:00,0.0444,-2.2356
2008-01-17 00:30:00,0.0157,-1.9754
2008-01-17 00:45:00,-0.0266,-2.6091
2008-01-17 01:00:00,-0.0121,-2.2932
2008-01-17 01:15:00,-0.0033,-2.0554
2008-01-17 01:30:00,0.0374,-2.2933
2008-01-17 01:45:00,0.0044,-1.1541
2008-01-17 02:00:00,-0.0147,-1.0519
2008-01-17 02:15:00,0.0013,-1.4681
2008-01-17 02:30:00,0.0219,-3.2874
2008-01-17 02:45:00,0.0192,-3.449
2008-01-17 03:00:00,0.0101,-3.8058
2008-01-17 03:15:00,0.0037,-3.4118
2008-01-17 03:30:00,-0.0075,-2.0812
2008-01-17 03:45:00,0.0258,-1.4773
2008-01-17 04:00:00,-0.0184,-1.9473
2008-01-17 04:15:00,0.0098,-2.1237
2008-01-17 04:30:00,0.0254,-2.1404
2008-01-17 04:45:00,0.0765,-1.8319
2008-01-17 05:00:00,-0.0043,-1.9063
2008-01-17 05:15:00,-0.0172,-1.7631
2008-01-17 05:30:00,-0.0137,-1.8745
2008-01-17 05:45:00,0.0143,-1.9801
2008-01-17 06:00:00,-0.0031,-2.1155
2008-01-17 06:15:00,0.0002,-2.2455
2008-01-17 06:30:00,0.006,-2.1526
2008-01-17 06:45:00,0.0538,-1.7477
2008-01-17 07:00:00,0.8406,-1.3557
2008-01-17 07:15:00,3.9256,0.9954
2008-01-17 07:30:00,10.621,37.74
2008-01-17 07:45:00,77.62,140.68
2008-01-17 08:00:00,123.79,168.4
2008-01-17 08:15:00,89.471,137.88
2008-01-17 08:30:00,279.96,293.61
2008-01-17 08:45:00,393.46,385.71
2008-01-17 09:00:00,568.6,537.4
2008-01-17 09:15:00,558.97,531.45
2008-01-17 09:30:00,493.3,469.99
2008-01-17 09:45:00,390.39,384.19
2008-01-17 10:00:00,602.81,566.01
2008-01-17 10:15:00,875.27,808.8
2008-01-17 10:30:00,744.03,706.84
2008-01-17 10:45:00,703.35,668.19
2008-01-17 11:00:00,957.89,901.73
2008-01-17 11:15:00,806.97,774.9
2008-01-17 11:30:00,671.09,649.77
2008-01-17 11:45:00,436.47,428.21
2008-01-17 12:00:00,276.77,285.77
2008-01-17 12:15:00,262.88,273.08
2008-01-17 12:30:00,170.97,196.21
2008-01-17 12:45:00,137.48,168.68
2008-01-17 13:00:00,111.3,147.49
2008-01-17 13:15:00,94.611,131.94
2008-01-17 13:30:00,92.772,129.44
2008-01-17 13:45:00,49.623,91.841
2008-01-17 14:00:00,17.332,65.103
2008-01-17 14:15:00,4.3952,53.943
2008-01-17 14:30:00,-1.1892,44.015
2008-01-17 14:45:00,-3.3576,41.243
2008-01-17 15:00:00,3.5373,31.316
2008-01-17 15:15:00,-2.5875,36.271
2008-01-17 15:30:00,-1.0243,38.647
2008-01-17 15:45:00,1.9861,33.869
2008-01-17 16:00:00,4.7355,31.37
2008-01-17 16:15:00,2.399,31.491
2008-01-17 16:30:00,76.546,117.89
2008-01-17 16:45:00,20.505,37.034
2008-01-17 17:00:00,16.8,9.7971
2008-01-17 17:15:00,2.8003,0.4211
2008-01-17 17:30:00,0.9071,-1.8867
2008-01-17 17:45:00,0.0923,-2.1817
2008-01-17 18:00:00,0.0009,-2.1336
2008-01-17 18:15:00,0.0213,-2.2264
2008-01-17 18:30:00,-0.004,-2.4919
2008-01-17 18:45:00,0.0279,-2.338
2008-01-17 19:00:00,0.0651,-1.4529
2008-01-17 19:15:00,0.0276,-1.6441
2008-01-17 19:30:00,0.0315,-2.1637
2008-01-17 19:45:00,0.0593,-1.6349
2008-01-17 20:00:00,0.0062,-1.1395
2008-01-17 20:15:00,-0.059,-0.9743
2008-01-17 20:30:00,-0.0055,-0.8518
2008-01-17 20:45:00,-0.0012,-0.9483
2008-01-17 21:00:00,-0.0269,-1.0299
2008-01-17 21:15:00,0.0055,-0.8536
2008-01-17 21:30:00,-0.0206,-0.6718
2008-01-17 21:45:00,0.0038,-0.9947
2008-01-17 22:00:00,-0.0003,-1.6219
2008-01-17 22:15:00,-0.0554,-2.3251
2008-01-17 22:30:00,0.0105,-1.4808
2008-01-17 22:45:00,0.0464,-1.8482
2008-01-17 23:00:00,0.0162,-1.7091
2008-01-17 23:15:00,0.0017,-0.6124
2008-01-17 23:30:00,0.0166,-0.9798
2008-01-17 23:45:00,-0.0475,-1.4363
2008-01-18 00:00:00,-0.0001,-1.3305
2008-01-18 00:15:00,0.0451,-1.0225
2008-01-18 00:30:00,-0.008,-1.8204
2008-01-18 00:45:00,-0.0206,-2.0041
2008-01-18 01:00:00,-0.0202,-1.9929
2008-01-18 01:15:00,0.0168,-1.7146
2008-01-18 01:30:00,0.0008,-1.4418
2008-01-18 01:45:00,0.0023,-1.7796
2008-01-18 02:00:00,0.0062,-1.7926
2008-01-18 02:15:00,0.0447,-1.6442
2008-01-18 02:30:00,0.0092,-1.4845
2008-01-18 02:45:00,-0.0358,-1.4975
2008-01-18 03:00:00,-0.0045,-1.6422
2008-01-18 03:15:00,0.0117,-1.6812
2008-01-18 03:30:00,-0.0032,-1.6404
2008-01-18 03:45:00,0.038,-1.9763
2008-01-18 04:00:00,-0.0133,-1.941
2008-01-18 04:15:00,-0.0132,-1.9262
2008-01-18 04:30:00,0.0096,-2.1785
2008-01-18 04:45:00,-0.0061,-2.1284
2008-01-18 05:00:00,0.0023,-2.006
2008-01-18 05:15:00,0.0084,-1.9336
2008-01-18 05:30:00,0.0331,-1.6107
2008-01-18 05:45:00,0.0078,-1.7333
2008-01-18 06:00:00,-0.0321,-1.8669
2008-01-18 06:15:00,-0.0337,-2.0915
2008-01-18 06:30:00,0.0236,-2.0749
2008-01-18 06:45:00,0.0098,-1.9172
2008-01-18 07:00:00,0.2746,-1.6798
2008-01-18 07:15:00,1.6416,-0.5531
2008-01-18 07:30:00,3.7683,1.7374
2008-01-18 07:45:00,16.71,7.8889
2008-01-18 08:00:00,11.21,16.945
2008-01-18 08:15:00,3.492,27.884
2008-01-18 08:30:00,1.1462,42.767
2008-01-18 08:45:00,36.695,86.574
2008-01-18 09:00:00,61.598,110.75
2008-01-18 09:15:00,90.672,136.43
2008-01-18 09:30:00,123.33,164.59
2008-01-18 09:45:00,120.31,161.99
2008-01-18 10:00:00,121.04,160.27
2008-01-18 10:15:00,128.68,165.59
2008-01-18 10:30:00,152.21,185.64
2008-01-18 10:45:00,224.75,253.89
2008-01-18 11:00:00,549.25,535.82
2008-01-18 11:15:00,484.75,814.37
2008-01-18 11:30:00,412.41,409.24
2008-01-18 11:45:00,634.13,589.99
2008-01-18 12:00:00,511.37,902.46
2008-01-18 12:15:00,164.65,967.46
2008-01-18 12:30:00,238.38,1173.6
2008-01-18 12:45:00,334.53,1065.0
2008-01-18 13:00:00,175.51,425.59
2008-01-18 13:15:00,278.45,290.64
2008-01-18 13:30:00,331.44,333.7
2008-01-18 13:45:00,354.02,353.47
2008-01-18 14:00:00,448.92,443.09
2008-01-18 14:15:00,227.7,250.45
2008-01-18 14:30:00,135.35,164.7
2008-01-18 14:45:00,23.832,70.372
2008-01-18 15:00:00,2.2458,51.821
2008-01-18 15:15:00,5.4319,42.449
2008-01-18 15:30:00,5.3177,61.953
2008-01-18 15:45:00,9.5815,57.823
2008-01-18 16:00:00,6.3736,66.609
2008-01-18 16:15:00,9.6931,163.39
2008-01-18 16:30:00,9.4708,95.189
2008-01-18 16:45:00,15.678,44.689
2008-01-18 17:00:00,15.201,26.732
2008-01-18 17:15:00,2.2633,0.59
2008-01-18 17:30:00,0.9511,-3.173
2008-01-18 17:45:00,0.0476,-3.1156
2008-01-18 18:00:00,0.0042,-2.0692
2008-01-18 18:15:00,-0.0083,-1.6055
2008-01-18 18:30:00,0.0054,-0.9522
2008-01-18 18:45:00,-0.0155,-1.3179
2008-01-18 19:00:00,0.0391,-1.3439
2008-01-18 19:15:00,0.0126,-2.2275
2008-01-18 19:30:00,-0.0013,-2.1774
2008-01-18 19:45:00,-0.0096,-1.73
2008-01-18 20:00:00,-0.0051,-0.5532
2008-01-18 20:15:00,-0.0092,-0.323
2008-01-18 20:30:00,0.0243,-0.2617
2008-01-18 20:45:00,-0.0083,-0.4177
2008-01-18 21:00:00,0.0165,-0.4436
2008-01-18 21:15:00,0.0512,-0.4344
2008-01-18 21:30:00,-0.0043,-0.8316
2008-01-18 21:45:00,0.0056,-2.5227
2008-01-18 22:00:00,0.0133,-3.3227
2008-01-18 22:15:00,0.014,-2.608
2008-01-18 22:30:00,-0.0137,-0.9653
2008-01-18 22:45:00,0.0451,-0.4121
2008-01-18 23:00:00,0.0222,-0.5068
2008-01-18 23:15:00,-0.015,-2.6104
2008-01-18 23:30:00,-0.0019,-3.9917
2008-01-18 23:45:00,0.0064,-3.7169
2008-01-19 00:00:00,-0.0093,-3.186
2008-01-19 00:15:00,-0.0039,-3.2085
2008-01-19 00:30:00,-0.0062,-2.6739
2008-01-19 00:45:00,0.0052,-2.5755
2008-01-19 01:00:00,-0.0194,-2.7984
2008-01-19 01:15:00,-0.0276,-2.86
2008-01-19 01:30:00,0.0055,-2.5091
2008-01-19 01:45:00,-0.0053,-2.667
2008-01-19 02:00:00,0.0065,-3.0422
2008-01-19 02:15:00,-0.0005,-3.371
2008-01-19 02:30:00,0.0095,-3.4954
2008-01-19 02:45:00,-0.0646,-3.3895
2008-01-19 03:00:00,-0.0503,-3.657
2008-01-19 03:15:00,0.0459,-3.6663
2008-01-19 03:30:00,0.0262,-3.2818
2008-01-19 03:45:00,-0.0342,-3.5177
2008-01-19 04:00:00,0.0059,-3.4527
2008-01-19 04:15:00,-0.0014,-3.5103
2008-01-19 04:30:00,0.0077,-3.2967
2008-01-19 04:45:00,0.0237,-3.1462
2008-01-19 05:00:00,0.0688,-3.2056
2008-01-19 05:15:00,0.0317,-3.3653
2008-01-19 05:30:00,-0.0035,-3.213
2008-01-19 05:45:00,0.0525,-2.7153
2008-01-19 06:00:00,-0.0236,-3.0198
2008-01-19 06:15:00,0.0248,-3.0457
2008-01-19 06:30:00,0.0125,-2.5628
2008-01-19 06:45:00,-0.0088,-2.6463
2008-01-19 07:00:00,0.6047,-2.2711
2008-01-19 07:15:00,2.3492,0.5979
2008-01-19 07:30:00,6.4751,54.032
2008-01-19 07:45:00,8.5809,157.46
2008-01-19 08:00:00,32.105,200.62
2008-01-19 08:15:00,64.944,289.79
2008-01-19 08:30:00,171.55,455.96
2008-01-19 08:45:00,471.94,545.42
2008-01-19 09:00:00,622.8,595.73
2008-01-19 09:15:00,742.22,697.23
2008-01-19 09:30:00,817.73,761.24
2008-01-19 09:45:00,875.62,808.79
2008-01-19 10:00:00,900.2,829.09
2008-01-19 10:15:00,790.49,741.58
2008-01-19 10:30:00,1023.9,953.16
2008-01-19 10:45:00,174.89,1022.7
2008-01-19 11:00:00,1015.0,1023.6
2008-01-19 11:15:00,600.56,1040.7
2008-01-19 11:30:00,230.2,1052.3
2008-01-19 11:45:00,342.03,1065.9
2008-01-19 12:00:00,298.02,1086.9
2008-01-19 12:15:00,467.33,1057.6
2008-01-19 12:30:00,227.13,1082.2
2008-01-19 12:45:00,320.82,1081.3
2008-01-19 13:00:00,243.02,1059.7
2008-01-19 13:15:00,254.81,1020.4
2008-01-19 13:30:00,235.04,995.14
2008-01-19 13:45:00,409.17,967.56
2008-01-19 14:00:00,581.84,935.14
2008-01-19 14:15:00,908.09,899.31
2008-01-19 14:30:00,871.05,854.64
2008-01-19 14:45:00,824.91,804.27
2008-01-19 15:00:00,424.48,742.56
2008-01-19 15:15:00,481.97,499.27
2008-01-19 15:30:00,8.9914,64.888
2008-01-19 15:45:00,4.3598,40.686
2008-01-19 16:00:00,114.23,156.11
2008-01-19 16:15:00,235.49,291.9
2008-01-19 16:30:00,147.16,205.41
2008-01-19 16:45:00,39.626,92.547
2008-01-19 17:00:00,8.9089,38.641
2008-01-19 17:15:00,12.319,20.385
2008-01-19 17:30:00,1.7788,-0.6396
2008-01-19 17:45:00,0.2306,-1.9356
2008-01-19 18:00:00,-0.0054,-2.4845
2008-01-19 18:15:00,-0.0636,-2.1359
2008-01-19 18:30:00,0.0069,-2.2565
2008-01-19 18:45:00,-0.0116,-2.1249
2008-01-19 19:00:00,0.017,-1.4019
2008-01-19 19:15:00,-0.0311,-1.4465
2008-01-19 19:30:00,-0.0077,-1.4262
2008-01-19 19:45:00,0.0084,-1.9325
2008-01-19 20:00:00,-0.0171,-2.1421
2008-01-19 20:15:00,-0.014,-2.3165
2008-01-19 20:30:00,-0.0065,-1.8325
2008-01-19 20:45:00,0.0021,-1.3744
2008-01-19 21:00:00,-0.0023,-0.6863
2008-01-19 21:15:00,0.0213,-1.6192
2008-01-19 21:30:00,0.0326,-1.3837
2008-01-19 21:45:00,-0.0014,-1.8696
2008-01-19 22:00:00,0.0647,-1.1129
2008-01-19 22:15:00,0.0135,-0.7345
2008-01-19 22:30:00,0.0107,-1.4374
2008-01-19 22:45:00,0.0186,-1.7546
2008-01-19 23:00:00,0.0216,-1.9902
2008-01-19 23:15:00,-0.0092,-1.469
2008-01-19 23:30:00,-0.0328,-2.5893
2008-01-19 23:45:00,-0.0698,-2.9732
2008-01-20 00:00:00,-0.0128,-2.8769
2008-01-20 00:15:00,0.0226,-2.9048
2008-01-20 00:30:00,-0.0383,-2.6044
2008-01-20 00:45:00,-0.0047,-2.2724
2008-01-20 01:00:00,-0.0373,-2.2744
2008-01-20 01:15:00,-0.0063,-2.2002
2008-01-20 01:30:00,-0.0178,-2.0295
2008-01-20 01:45:00,0.0427,-1.7884
2008-01-20 02:00:00,0.0347,-1.2411
2008-01-20 02:15:00,-0.0021,-2.0555
2008-01-20 02:30:00,-0.0382,-2.9553
2008-01-20 02:45:00,0.016,-1.9313
2008-01-20 03:00:00,0.0072,-1.8998
2008-01-20 03:15:00,0.0082,-2.4174
2008-01-20 03:30:00,0.0185,-2.1169
2008-01-20 03:45:00,-0.0288,-1.4287
2008-01-20 04:00:00,-0.0146,-1.347
2008-01-20 04:15:00,0.0181,-1.9389
2008-01-20 04:30:00,-0.0228,-2.2711
2008-01-20 04:45:00,0.0233,-1.835
2008-01-20 05:00:00,0.0057,-2.6161
2008-01-20 05:15:00,0.0514,-2.4787
2008-01-20 05:30:00,0.0092,-2.3897
2008-01-20 05:45:00,0.0169,-2.8591
2008-01-20 06:00:00,0.0103,-2.5715
2008-01-20 06:15:00,0.0205,-1.2098
2008-01-20 06:30:00,-0.049,-1.8574
2008-01-20 06:45:00,-0.016,-1.1987
2008-01-20 07:00:00,0.5618,-1.4362
2008-01-20 07:15:00,2.2425,-0.7831
2008-01-20 07:30:00,12.849,6.0936
2008-01-20 07:45:00,14.632,15.271
2008-01-20 08:00:00,7.9802,24.259
2008-01-20 08:15:00,4.29,34.495
2008-01-20 08:30:00,82.725,140.59
2008-01-20 08:45:00,406.44,433.8
2008-01-20 09:00:00,546.22,545.92
2008-01-20 09:15:00,628.1,627.93
2008-01-20 09:30:00,706.24,690.68
2008-01-20 09:45:00,773.39,748.27
2008-01-20 10:00:00,830.3,801.89
2008-01-20 10:15:00,880.19,851.46
2008-01-20 10:30:00,935.28,894.63
2008-01-20 10:45:00,583.02,934.92
2008-01-20 11:00:00,511.38,966.75
2008-01-20 11:15:00,563.02,993.77
2008-01-20 11:30:00,1032.3,1015.2
2008-01-20 11:45:00,611.41,1029.9
2008-01-20 12:00:00,1010.4,1037.6
2008-01-20 12:15:00,1051.0,1040.8
2008-01-20 12:30:00,595.62,1041.0
2008-01-20 12:45:00,1055.5,1035.9
2008-01-20 13:00:00,1032.5,1009.0
2008-01-20 13:15:00,582.69,1010.9
2008-01-20 13:30:00,947.97,929.52
2008-01-20 13:45:00,920.67,893.94
2008-01-20 14:00:00,888.85,858.72
2008-01-20 14:15:00,374.66,722.35
2008-01-20 14:30:00,538.59,534.54
2008-01-20 14:45:00,775.08,730.88
2008-01-20 15:00:00,768.28,727.11
2008-01-20 15:15:00,702.38,671.51
2008-01-20 15:30:00,616.2,592.37
2008-01-20 15:45:00,504.68,495.11
2008-01-20 16:00:00,228.37,256.68
2008-01-20 16:15:00,62.929,109.92
2008-01-20 16:30:00,155.02,212.0
2008-01-20 16:45:00,37.455,64.405
2008-01-20 17:00:00,17.895,7.9878
2008-01-20 17:15:00,5.4632,1.7468
2008-01-20 17:30:00,1.3648,-1.888
2008-01-20 17:45:00,0.1378,-2.3147
2008-01-20 18:00:00,-0.0291,-0.6065
2008-01-20 18:15:00,0.0159,-0.4118
2008-01-20 18:30:00,0.0068,-0.4286
2008-01-20 18:45:00,0.0359,-0.5288
2008-01-20 19:00:00,0.0116,-0.5381
2008-01-20 19:15:00,0.037,-0.4416
2008-01-20 19:30:00,-0.036,-0.2171
2008-01-20 19:45:00,0.0263,-0.091
2008-01-20 20:00:00,0.0022,-0.0483
2008-01-20 20:15:00,0.0116,-0.2246
2008-01-20 20:30:00,0.0045,-0.206
2008-01-20 20:45:00,-0.0139,-0.1856
2008-01-20 21:00:00,0.0109,-0.1671
2008-01-20 21:15:00,0.0376,-0.1597
2008-01-20 21:30:00,0.0128,-0.1782
2008-01-20 21:45:00,0.0175,-0.13
2008-01-20 22:00:00,0.0067,-0.1411
2008-01-20 22:15:00,0.0047,-0.0743
2008-01-20 22:30:00,-0.0023,-0.0966
2008-01-20 22:45:00,0.0323,-0.1318
2008-01-20 23:00:00,0.0165,-0.104
2008-01-20 23:15:00,-0.0219,-0.1281
2008-01-20 23:30:00,0.0129,-0.0761
2008-01-20 23:45:00,0.0223,-0.091
2008-01-21 00:00:00,-0.0288,-0.1374
2008-01-21 00:15:00,-0.0041,-0.1486
2008-01-21 00:30:00,-0.0128,-0.0891
2008-01-21 00:45:00,-0.0396,-0.104
2008-01-21 01:00:00,-0.0096,-0.0854
2008-01-21 01:15:00,0.0113,-0.0539
2008-01-21 01:30:00,0.017,-0.104
2008-01-21 01:45:00,0.0146,-0.0576
2008-01-21 02:00:00,0.0171,-0.0464
2008-01-21 02:15:00,0.0001,-0.0669
2008-01-21 02:30:00,-0.007,-0.0966
2008-01-21 02:45:00,-0.0136,-0.0706
2008-01-21 03:00:00,0.0027,-0.0743
2008-01-21 03:15:00,-0.0031,-0.0167
2008-01-21 03:30:00,-0.0005,-0.0743
2008-01-21 03:45:00,0.004,-0.0669
2008-01-21 04:00:00,-0.0227,-0.0947
2008-01-21 04:15:00,0.0034,-0.1003
2008-01-21 04:30:00,0.0038,-0.0669
2008-01-21 04:45:00,0.0176,-0.0891
2008-01-21 05:00:00,0.0264,-0.0427
2008-01-21 05:15:00,-0.036,-0.0724
2008-01-21 05:30:00,-0.0072,-0.1411
2008-01-21 05:45:00,0.0052,-0.1003
2008-01-21 06:00:00,-0.0037,-0.1077
2008-01-21 06:15:00,0.0008,-0.1746
2008-01-21 06:30:00,0.0137,-0.1282
2008-01-21 06:45:00,-0.0127,-0.2117
2008-01-21 07:00:00,0.0732,-0.1542
2008-01-21 07:15:00,0.9774,0.2767
2008-01-21 07:30:00,1.6013,2.017
2008-01-21 07:45:00,3.4598,6.1736
2008-01-21 08:00:00,5.9837,11.461
2008-01-21 08:15:00,14.888,20.27
2008-01-21 08:30:00,20.868,35.209
2008-01-21 08:45:00,13.902,53.611
2008-01-21 09:00:00,10.681,74.428
2008-01-21 09:15:00,6.3795,101.21
2008-01-21 09:30:00,0.9066,125.91
2008-01-21 09:45:00,-0.4566,151.83
2008-01-21 10:00:00,-3.7902,175.88
2008-01-21 10:15:00,-2.2229,183.63
2008-01-21 10:30:00,9.4209,243.64
2008-01-21 10:45:00,11.642,273.52
2008-01-21 11:00:00,19.257,299.36
2008-01-21 11:15:00,41.011,380.73
2008-01-21 11:30:00,4.7304,198.06
2008-01-21 11:45:00,12.295,128.86
2008-01-21 12:00:00,8.6355,213.36
2008-01-21 12:15:00,10.686,267.04
2008-01-21 12:30:00,17.498,337.42
2008-01-21 12:45:00,7.2671,260.35
2008-01-21 13:00:00,30.965,393.54
2008-01-21 13:15:00,37.129,391.33
2008-01-21 13:30:00,17.913,276.42
2008-01-21 13:45:00,1.5924,189.89
2008-01-21 14:00:00,-0.788,177.3
2008-01-21 14:15:00,13.517,76.002
2008-01-21 14:30:00,2.9465,123.27
2008-01-21 14:45:00,1.904,176.63
2008-01-21 15:00:00,0.5773,144.76
2008-01-21 15:15:00,12.379,97.325
2008-01-21 15:30:00,11.739,74.355
2008-01-21 15:45:00,17.228,46.351
2008-01-21 16:00:00,21.193,34.437
2008-01-21 16:15:00,10.24,22.132
2008-01-21 16:30:00,10.089,19.758
2008-01-21 16:45:00,4.2913,9.4542
2008-01-21 17:00:00,2.6902,6.1821
2008-01-21 17:15:00,1.4408,2.0646
2008-01-21 17:30:00,0.6826,0.0724
2008-01-21 17:45:00,0.0427,-0.3157
2008-01-21 18:00:00,0.0253,-0.3194
2008-01-21 18:15:00,-0.034,-0.3325
2008-01-21 18:30:00,0.0224,-0.2433
2008-01-21 18:45:00,-0.0189,-0.2749
2008-01-21 19:00:00,-0.0144,-0.2917
2008-01-21 19:15:00,-0.029,-0.2861
2008-01-21 19:30:00,0.0868,-0.275
2008-01-21 19:45:00,-0.0162,-0.2471
2008-01-21 20:00:00,0.0091,-0.2731
2008-01-21 20:15:00,0.0536,-0.3214
2008-01-21 20:30:00,0.0095,-0.275
2008-01-21 20:45:00,-0.0351,-0.4422
2008-01-21 21:00:00,0.0657,-0.6912
2008-01-21 21:15:00,0.0395,-0.5927
2008-01-21 21:30:00,0.0227,-0.2824
2008-01-21 21:45:00,0.0402,-0.2806
2008-01-21 22:00:00,-0.0304,-0.2713
2008-01-21 22:15:00,0.0199,-0.5928
2008-01-21 22:30:00,0.0237,-1.0406
2008-01-21 22:45:00,0.0029,-0.6801
2008-01-21 23:00:00,-0.0026,-0.6095
2008-01-21 23:15:00,0.019,-0.2676
2008-01-21 23:30:00,0.0085,-0.2193
2008-01-21 23:45:00,0.0225,-0.498
2008-01-22 00:00:00,0.0023,-0.8381
2008-01-22 00:15:00,-0.0285,-1.0258
2008-01-22 00:30:00,0.039,-1.2191
2008-01-22 00:45:00,-0.0128,-1.0652
2008-01-22 01:00:00,0.0417,-1.0592
2008-01-22 01:15:00,0.0139,-1.1243
2008-01-22 01:30:00,0.007,-1.3028
2008-01-22 01:45:00,0.0537,-1.749
2008-01-22 02:00:00,-0.0003,-2.2211
2008-01-22 02:15:00,0.0046,-1.9702
2008-01-22 02:30:00,0.0046,-1.4349
2008-01-22 02:45:00,0.0194,-1.5836
2008-01-22 03:00:00,0.0488,-1.8512
2008-01-22 03:15:00,-0.0028,-2.1617
2008-01-22 03:30:00,0.0258,-1.9684
2008-01-22 03:45:00,0.0312,-1.8215
2008-01-22 04:00:00,0.0027,-1.8514
2008-01-22 04:15:00,0.0116,-1.5466
2008-01-22 04:30:00,-0.0161,-1.6136
2008-01-22 04:45:00,0.0512,-1.6843
2008-01-22 05:00:00,-0.0245,-1.1804
2008-01-22 05:15:00,0.0003,-1.4556
2008-01-22 05:30:00,0.0054,-1.6917
2008-01-22 05:45:00,-0.0399,-1.7437
2008-01-22 06:00:00,0.0161,-1.8737
2008-01-22 06:15:00,0.0246,-1.9108
2008-01-22 06:30:00,-0.0237,-1.9387
2008-01-22 06:45:00,0.0096,-2.0037
2008-01-22 07:00:00,0.6676,-1.1506
2008-01-22 07:15:00,1.7767,1.9758
2008-01-22 07:30:00,11.837,52.769
2008-01-22 07:45:00,2.1085,171.16
2008-01-22 08:00:00,10.711,277.31
2008-01-22 08:15:00,30.338,372.02
2008-01-22 08:30:00,103.94,453.68
2008-01-22 08:45:00,188.74,530.25
2008-01-22 09:00:00,306.09,599.15
2008-01-22 09:15:00,411.88,664.51
2008-01-22 09:30:00,477.22,736.76
2008-01-22 09:45:00,542.66,817.81
2008-01-22 10:00:00,624.8,901.73
2008-01-22 10:15:00,736.29,985.14
2008-01-22 10:30:00,853.35,1042.7
2008-01-22 10:45:00,946.38,1109.8
2008-01-22 11:00:00,569.16,1159.1
2008-01-22 11:15:00,493.67,1181.7
2008-01-22 11:30:00,202.71,1188.7
2008-01-22 11:45:00,323.41,1191.9
2008-01-22 12:00:00,231.59,1180.9
2008-01-22 12:15:00,298.98,1168.2
2008-01-22 12:30:00,361.43,1151.1
2008-01-22 12:45:00,341.62,1123.3
2008-01-22 13:00:00,1086.9,1094.9
2008-01-22 13:15:00,1072.8,1062.1
2008-01-22 13:30:00,1042.8,1025.3
2008-01-22 13:45:00,1002.8,986.98
2008-01-22 14:00:00,961.16,944.43
2008-01-22 14:15:00,915.92,894.47
2008-01-22 14:30:00,868.19,845.78
2008-01-22 14:45:00,810.1,790.38
2008-01-22 15:00:00,755.56,732.73
2008-01-22 15:15:00,687.34,669.23
2008-01-22 15:30:00,618.58,604.27
2008-01-22 15:45:00,536.71,533.55
2008-01-22 16:00:00,454.92,462.07
2008-01-22 16:15:00,357.52,380.75
2008-01-22 16:30:00,248.6,294.43
2008-01-22 16:45:00,71.773,101.28
2008-01-22 17:00:00,16.666,8.8132
2008-01-22 17:15:00,8.4786,0.5322
2008-01-22 17:30:00,1.9024,-3.1877
2008-01-22 17:45:00,0.3449,-3.2601
2008-01-22 18:00:00,-0.004,-2.9487
2008-01-22 18:15:00,-0.0167,-3.2883
2008-01-22 18:30:00,0.0257,-3.0773
2008-01-22 18:45:00,0.0149,-2.6917
2008-01-22 19:00:00,-0.0049,-3.5859
2008-01-22 19:15:00,0.0318,-3.4302
2008-01-22 19:30:00,-0.009,-2.5063
2008-01-22 19:45:00,-0.0092,-2.3061
2008-01-22 20:00:00,0.045,-1.2616
2008-01-22 20:15:00,0.0077,-1.4305
2008-01-22 20:30:00,0.039,-1.4732
2008-01-22 20:45:00,-0.0689,-1.5214
2008-01-22 21:00:00,-0.0158,-1.8275
2008-01-22 21:15:00,-0.0174,-1.9981
2008-01-22 21:30:00,0.0159,-1.6251
2008-01-22 21:45:00,0.0076,-1.6047
2008-01-22 22:00:00,-0.0243,-2.0685
2008-01-22 22:15:00,0.0178,-1.8273
2008-01-22 22:30:00,-0.0311,-2.1687
2008-01-22 22:45:00,-0.0022,-2.1761
2008-01-22 23:00:00,-0.0022,-2.3431
2008-01-22 23:15:00,-0.0289,-2.6102
2008-01-22 23:30:00,-0.0167,-2.8941
2008-01-22 23:45:00,-0.0168,-2.4509
2008-01-23 00:00:00,0.0105,-2.7349
2008-01-23 00:15:00,0.0016,-3.1598
2008-01-23 00:30:00,0.0349,-2.8723
2008-01-23 00:45:00,-0.0054,-2.0299
2008-01-23 01:00:00,0.0006,-1.4529
2008-01-23 01:15:00,0.0325,-2.2971
2008-01-23 01:30:00,0.0243,-1.7127
2008-01-23 01:45:00,-0.0401,-1.5512
2008-01-23 02:00:00,-0.0176,-1.6755
2008-01-23 02:15:00,0.0702,-1.8926
2008-01-23 02:30:00,-0.007,-2.2285
2008-01-23 02:45:00,-0.0326,-2.6255
2008-01-23 03:00:00,-0.0323,-2.3843
2008-01-23 03:15:00,0.002,-2.312
2008-01-23 03:30:00,0.0004,-1.7757
2008-01-23 03:45:00,0.0312,-1.9761
2008-01-23 04:00:00,0.0131,-2.2006
2008-01-23 04:15:00,0.0159,-1.9854
2008-01-23 04:30:00,-0.0146,-2.5087
2008-01-23 04:45:00,-0.0026,-2.3751
2008-01-23 05:00:00,0.0126,-2.4289
2008-01-23 05:15:00,0.0475,-2.8297
2008-01-23 05:30:00,0.003,-3.0746
2008-01-23 05:45:00,-0.0018,-3.1711
2008-01-23 06:00:00,0.0031,-3.0598
2008-01-23 06:15:00,-0.0277,-2.2378
2008-01-23 06:30:00,0.0012,-0.9501
2008-01-23 06:45:00,0.04,-1.7777
2008-01-23 07:00:00,0.9259,-1.9985
2008-01-23 07:15:00,3.9015,1.3045
2008-01-23 07:30:00,12.457,48.372
2008-01-23 07:45:00,90.126,149.78
2008-01-23 08:00:00,210.38,245.73
2008-01-23 08:15:00,318.6,331.32
2008-01-23 08:30:00,422.15,412.78
2008-01-23 08:45:00,517.72,492.93
2008-01-23 09:00:00,548.36,517.12
2008-01-23 09:15:00,657.16,609.48
2008-01-23 09:30:00,736.45,683.45
2008-01-23 09:45:00,810.34,744.03
2008-01-23 10:00:00,854.68,789.66
2008-01-23 10:15:00,899.21,835.16
2008-01-23 10:30:00,943.46,877.24
2008-01-23 10:45:00,993.02,920.13
2008-01-23 11:00:00,895.74,960.58
2008-01-23 11:15:00,382.69,992.52
2008-01-23 11:30:00,404.45,1016.0
2008-01-23 11:45:00,242.31,1033.9
2008-01-23 12:00:00,622.82,1050.1
2008-01-23 12:15:00,303.78,1057.3
2008-01-23 12:30:00,461.38,1056.3
2008-01-23 12:45:00,358.9,1048.7
2008-01-23 13:00:00,374.23,1039.6
2008-01-23 13:15:00,430.38,1022.4
2008-01-23 13:30:00,350.75,997.34
2008-01-23 13:45:00,503.4,967.97
2008-01-23 14:00:00,260.88,933.49
2008-01-23 14:15:00,765.88,895.53
2008-01-23 14:30:00,702.98,851.51
2008-01-23 14:45:00,635.25,797.53
2008-01-23 15:00:00,785.36,741.51
2008-01-23 15:15:00,715.7,680.14
2008-01-23 15:30:00,637.82,612.61
2008-01-23 15:45:00,554.2,541.03
2008-01-23 16:00:00,465.65,467.12
2008-01-23 16:15:00,370.5,387.73
2008-01-23 16:30:00,259.27,300.34
2008-01-23 16:45:00,83.263,115.78
2008-01-23 17:00:00,16.208,11.517
2008-01-23 17:15:00,10.344,2.5916
2008-01-23 17:30:00,1.8304,-2.2856
2008-01-23 17:45:00,0.3224,-3.2615
2008-01-23 18:00:00,0.0039,-3.9519
2008-01-23 18:15:00,-0.0155,-3.8019
2008-01-23 18:30:00,-0.0231,-3.6907
2008-01-23 18:45:00,-0.0073,-3.0972
2008-01-23 19:00:00,0.0094,-2.8339
2008-01-23 19:15:00,-0.0465,-2.4702
2008-01-23 19:30:00,-0.0173,-3.0661
2008-01-23 19:45:00,0.0136,-3.2221
2008-01-23 20:00:00,-0.0455,-2.9995
2008-01-23 20:15:00,0.0044,-3.0574
2008-01-23 20:30:00,-0.0414,-2.8961
2008-01-23 20:45:00,-0.0179,-2.7291
2008-01-23 21:00:00,-0.0037,-2.7013
2008-01-23 21:15:00,-0.0297,-2.783
2008-01-23 21:30:00,-0.0284,-2.731
2008-01-23 21:45:00,0.0065,-2.9464
2008-01-23 22:00:00,-0.0147,-2.9353
2008-01-23 22:15:00,0.0236,-2.332
2008-01-23 22:30:00,-0.0156,-2.2578
2008-01-23 22:45:00,-0.0013,-2.516
2008-01-23 23:00:00,-0.0071,-2.3583
2008-01-23 23:15:00,0.0082,-3.0416
2008-01-23 23:30:00,-0.0011,-3.3573
2008-01-23 23:45:00,-0.0159,-3.0918
2008-01-24 00:00:00,0.0236,-2.5793
2008-01-24 00:15:00,0.0088,-2.6183
2008-01-24 00:30:00,-0.0113,-2.336
2008-01-24 00:45:00,0.026,-2.1392
2008-01-24 01:00:00,0.0438,-2.0278
2008-01-24 01:15:00,0.0004,-2.4663
2008-01-24 01:30:00,0.0119,-1.7866
2008-01-24 01:45:00,-0.0104,-1.8703
2008-01-24 02:00:00,-0.0101,-2.5834
2008-01-24 02:15:00,-0.0101,-3.7645
2008-01-24 02:30:00,0.0003,-3.2945
2008-01-24 02:45:00,0.0111,-3.3092
2008-01-24 03:00:00,-0.0002,-2.78
2008-01-24 03:15:00,0.0259,-2.6744
2008-01-24 03:30:00,-0.0373,-2.3979
2008-01-24 03:45:00,0.0028,-2.7602
2008-01-24 04:00:00,-0.0285,-2.5969
2008-01-24 04:15:00,-0.0122,-3.2749
2008-01-24 04:30:00,-0.0062,-3.1728
2008-01-24 04:45:00,0.0087,-2.5542
2008-01-24 05:00:00,-0.0032,-3.1988
2008-01-24 05:15:00,-0.0284,-3.4886
2008-01-24 05:30:00,-0.0271,-3.7115
2008-01-24 05:45:00,0.007,-3.7949
2008-01-24 06:00:00,0.0474,-3.0499
2008-01-24 06:15:00,0.0273,-3.3323
2008-01-24 06:30:00,0.0145,-1.9133
2008-01-24 06:45:00,0.1438,-1.6904
2008-01-24 07:00:00,1.1979,-1.1703
2008-01-24 07:15:00,7.3225,3.3623
2008-01-24 07:30:00,18.302,63.055
2008-01-24 07:45:00,104.56,163.42
2008-01-24 08:00:00,220.31,261.05
2008-01-24 08:15:00,324.24,350.97
2008-01-24 08:30:00,417.31,433.29
2008-01-24 08:45:00,514.99,515.69
2008-01-24 09:00:00,521.11,525.01
2008-01-24 09:15:00,484.98,493.27
2008-01-24 09:30:00,712.68,702.37
2008-01-24 09:45:00,710.16,704.22
2008-01-24 10:00:00,828.63,817.99
2008-01-24 10:15:00,869.92,862.99
2008-01-24 10:30:00,318.65,904.6
2008-01-24 10:45:00,534.31,940.38
2008-01-24 11:00:00,481.32,967.18
2008-01-24 11:15:00,793.73,993.26
2008-01-24 11:30:00,210.38,1018.0
2008-01-24 11:45:00,484.57,1036.0
2008-01-24 12:00:00,281.43,1035.0
2008-01-24 12:15:00,360.19,1040.9
2008-01-24 12:30:00,189.3,1045.8
2008-01-24 12:45:00,568.32,1037.7
2008-01-24 13:00:00,832.19,995.97
2008-01-24 13:15:00,730.7,1004.3
2008-01-24 13:30:00,987.55,964.31
2008-01-24 13:45:00,866.85,848.3
2008-01-24 14:00:00,904.89,882.85
2008-01-24 14:15:00,861.42,840.8
2008-01-24 14:30:00,861.12,836.5
2008-01-24 14:45:00,803.59,781.15
2008-01-24 15:00:00,740.1,718.62
2008-01-24 15:15:00,674.3,655.04
2008-01-24 15:30:00,600.22,586.4
2008-01-24 15:45:00,518.53,513.57
2008-01-24 16:00:00,429.81,438.21
2008-01-24 16:15:00,335.22,360.19
2008-01-24 16:30:00,228.02,273.14
2008-01-24 16:45:00,76.256,113.01
2008-01-24 17:00:00,17.428,11.193
2008-01-24 17:15:00,11.409,2.4212
2008-01-24 17:30:00,2.1538,-2.3027
2008-01-24 17:45:00,0.4325,-3.6416
2008-01-24 18:00:00,0.0064,-3.2136
2008-01-24 18:15:00,0.028,-3.3974
2008-01-24 18:30:00,0.0256,-3.0455
2008-01-24 18:45:00,0.0383,-2.8196
2008-01-24 19:00:00,-0.0274,-2.8995
2008-01-24 19:15:00,-0.0359,-3.1186
2008-01-24 19:30:00,0.0437,-3.232
2008-01-24 19:45:00,-0.0117,-3.004
2008-01-24 20:00:00,0.0069,-2.4529
2008-01-24 20:15:00,-0.01,-2.6757
2008-01-24 20:30:00,-0.0096,-2.6554
2008-01-24 20:45:00,0.0197,-2.8207
2008-01-24 21:00:00,-0.0894,-2.7707
2008-01-24 21:15:00,-0.0156,-2.4089
2008-01-24 21:30:00,0.0181,-2.2196
2008-01-24 21:45:00,-0.0156,-2.498
2008-01-24 22:00:00,0.0105,-2.3198
2008-01-24 22:15:00,-0.0155,-2.4219
2008-01-24 22:30:00,0.007,-2.472
2008-01-24 22:45:00,-0.0359,-2.7189
2008-01-24 23:00:00,0.0415,-2.2475
2008-01-24 23:15:00,-0.0317,-2.1417
2008-01-24 23:30:00,-0.0205,-2.2716
2008-01-24 23:45:00,-0.0218,-1.6851
2008-01-25 00:00:00,0.0043,-1.7891
2008-01-25 00:15:00,-0.0095,-1.7557
2008-01-25 00:30:00,-0.0376,-1.1043
2008-01-25 00:45:00,0.015,-2.0285
2008-01-25 01:00:00,-0.004,-2.4404
2008-01-25 01:15:00,0.0047,-2.4959
2008-01-25 01:30:00,-0.0313,-2.6127
2008-01-25 01:45:00,-0.0558,-2.9986
2008-01-25 02:00:00,-0.0523,-2.5699
2008-01-25 02:15:00,0.0525,-2.1543
2008-01-25 02:30:00,0.0476,-1.7813
2008-01-25 02:45:00,-0.0452,-2.1376
2008-01-25 03:00:00,0.0214,-2.6682
2008-01-25 03:15:00,-0.0019,-3.2416
2008-01-25 03:30:00,0.0136,-3.2824
2008-01-25 03:45:00,0.0164,-3.0912
2008-01-25 04:00:00,-0.0386,-2.8871
2008-01-25 04:15:00,0.0053,-2.7274
2008-01-25 04:30:00,0.0348,-2.6586
2008-01-25 04:45:00,-0.0012,-2.744
2008-01-25 05:00:00,0.0373,-2.3952
2008-01-25 05:15:00,-0.0811,-2.0909
2008-01-25 05:30:00,0.0432,-3.1409
2008-01-25 05:45:00,-0.0061,-3.0073
2008-01-25 06:00:00,-0.0155,-2.9887
2008-01-25 06:15:00,0.003,-3.1185
2008-01-25 06:30:00,0.0016,-2.7846
2008-01-25 06:45:00,0.0599,-1.9497
2008-01-25 07:00:00,1.0386,-1.6511
2008-01-25 07:15:00,5.7731,1.0648
2008-01-25 07:30:00,19.059,69.881
2008-01-25 07:45:00,97.813,162.24
2008-01-25 08:00:00,205.02,252.68
2008-01-25 08:15:00,310.33,343.6
2008-01-25 08:30:00,404.99,425.41
2008-01-25 08:45:00,490.58,502.07
2008-01-25 09:00:00,572.68,572.31
2008-01-25 09:15:00,640.29,640.87
2008-01-25 09:30:00,706.78,705.87
2008-01-25 09:45:00,766.69,764.92
2008-01-25 10:00:00,823.32,820.5
2008-01-25 10:15:00,880.02,871.63
2008-01-25 10:30:00,928.64,914.78
2008-01-25 10:45:00,968.5,954.66
2008-01-25 11:00:00,996.95,990.06
2008-01-25 11:15:00,1025.1,1016.6
2008-01-25 11:30:00,584.51,1039.1
2008-01-25 11:45:00,223.64,1055.9
2008-01-25 12:00:00,455.64,1069.7
2008-01-25 12:15:00,301.21,1078.4
2008-01-25 12:30:00,531.77,1081.6
2008-01-25 12:45:00,347.55,1074.9
2008-01-25 13:00:00,402.21,1062.9
2008-01-25 13:15:00,447.33,1044.3
2008-01-25 13:30:00,312.27,1019.1
2008-01-25 13:45:00,416.48,989.58
2008-01-25 14:00:00,307.77,955.55
2008-01-25 14:15:00,488.22,914.44
2008-01-25 14:30:00,517.73,867.69
2008-01-25 14:45:00,569.16,817.51
2008-01-25 15:00:00,715.88,761.84
2008-01-25 15:15:00,733.93,702.86
2008-01-25 15:30:00,668.45,638.6
2008-01-25 15:45:00,587.33,567.38
2008-01-25 16:00:00,494.4,492.69
2008-01-25 16:15:00,402.66,416.83
2008-01-25 16:30:00,302.57,335.48
2008-01-25 16:45:00,121.31,156.37
2008-01-25 17:00:00,18.409,12.398
2008-01-25 17:15:00,12.673,4.5727
2008-01-25 17:30:00,2.7062,-0.5265
2008-01-25 17:45:00,0.6643,-2.1002
2008-01-25 18:00:00,-0.0248,-1.3644
2008-01-25 18:15:00,0.0256,-1.3181
2008-01-25 18:30:00,0.003,-1.2886
2008-01-25 18:45:00,0.0016,-1.3277
2008-01-25 19:00:00,-0.0323,-1.4631
2008-01-25 19:15:00,0.054,-1.4279
2008-01-25 19:30:00,-0.013,-1.4279
2008-01-25 19:45:00,-0.0078,-1.4705
2008-01-25 20:00:00,0.009,-1.541
2008-01-25 20:15:00,0.0421,-1.4984
2008-01-25 20:30:00,-0.0318,-1.5132
2008-01-25 20:45:00,-0.0446,-1.6356
2008-01-25 21:00:00,-0.0219,-1.732
2008-01-25 21:15:00,-0.0044,-1.5744
2008-01-25 21:30:00,0.0453,-1.6319
2008-01-25 21:45:00,-0.0408,-1.4965
2008-01-25 22:00:00,0.0108,-1.4743
2008-01-25 22:15:00,0.0078,-1.3685
2008-01-25 22:30:00,-0.0047,-1.4446
2008-01-25 22:45:00,-0.0448,-1.4297
2008-01-25 23:00:00,0.0051,-1.4334
2008-01-25 23:15:00,0.0053,-1.1479
2008-01-25 23:30:00,0.0634,-1.3277
2008-01-25 23:45:00,0.0153,-1.5985
2008-01-26 00:00:00,0.012,-1.9007
2008-01-26 00:15:00,-0.0182,-2.2735
2008-01-26 00:30:00,0.0353,-2.1937
2008-01-26 00:45:00,-0.022,-1.9637
2008-01-26 01:00:00,0.0072,-2.1233
2008-01-26 01:15:00,-0.0799,-1.923
2008-01-26 01:30:00,-0.0241,-2.1956
2008-01-26 01:45:00,0.0391,-2.1047
2008-01-26 02:00:00,-0.0391,-2.0009
2008-01-26 02:15:00,-0.0084,-1.8173
2008-01-26 02:30:00,-0.0082,-1.8173
2008-01-26 02:45:00,0.0726,-1.4947
2008-01-26 03:00:00,0.0093,-1.2685
2008-01-26 03:15:00,0.0307,-1.4113
2008-01-26 03:30:00,0.049,-1.7747
2008-01-26 03:45:00,-0.0357,-1.4279
2008-01-26 04:00:00,-0.0273,-1.5355
2008-01-26 04:15:00,-0.0522,-1.5373
2008-01-26 04:30:00,0.046,-1.6412
2008-01-26 04:45:00,-0.008,-1.554
2008-01-26 05:00:00,-0.0277,-1.5262
2008-01-26 05:15:00,-0.0049,-1.6801
2008-01-26 05:30:00,0.0243,-1.7617
2008-01-26 05:45:00,-0.0326,-1.7283
2008-01-26 06:00:00,0.0253,-1.7061
2008-01-26 06:15:00,-0.0372,-1.6634
2008-01-26 06:30:00,-0.0047,-1.7098
2008-01-26 06:45:00,0.1469,-1.771
2008-01-26 07:00:00,1.3545,-1.2962
2008-01-26 07:15:00,6.9526,2.7575
2008-01-26 07:30:00,23.579,78.025
2008-01-26 07:45:00,116.27,172.36
2008-01-26 08:00:00,221.03,260.22
2008-01-26 08:15:00,323.81,344.78
2008-01-26 08:30:00,421.86,423.46
2008-01-26 08:45:00,513.17,499.83
2008-01-26 09:00:00,599.08,572.56
2008-01-26 09:15:00,682.92,644.82
2008-01-26 09:30:00,749.85,707.79
2008-01-26 09:45:00,800.52,760.97
2008-01-26 10:00:00,482.4,815.84
2008-01-26 10:15:00,795.86,868.2
2008-01-26 10:30:00,218.16,911.85
2008-01-26 10:45:00,93.315,948.2
2008-01-26 11:00:00,408.4,980.64
2008-01-26 11:15:00,256.58,1009.3
2008-01-26 11:30:00,769.17,1036.1
2008-01-26 11:45:00,498.57,1055.8
2008-01-26 12:00:00,223.14,1062.0
2008-01-26 12:15:00,600.99,1066.8
2008-01-26 12:30:00,141.42,1070.5
2008-01-26 12:45:00,209.44,1062.7
2008-01-26 13:00:00,206.74,1049.5
2008-01-26 13:15:00,175.82,1034.7
2008-01-26 13:30:00,313.31,1023.0
2008-01-26 13:45:00,562.23,1010.7
2008-01-26 14:00:00,228.2,979.35
2008-01-26 14:15:00,209.15,960.04
2008-01-26 14:30:00,757.5,948.75
2008-01-26 14:45:00,497.41,889.39
2008-01-26 15:00:00,840.31,832.26
2008-01-26 15:15:00,746.69,745.08
2008-01-26 15:30:00,718.56,711.76
2008-01-26 15:45:00,627.32,631.12
2008-01-26 16:00:00,522.89,542.01
2008-01-26 16:15:00,419.1,444.31
2008-01-26 16:30:00,312.68,354.3
2008-01-26 16:45:00,129.31,172.62
2008-01-26 17:00:00,19.805,11.525
2008-01-26 17:15:00,14.239,2.3336
2008-01-26 17:30:00,2.8188,-3.4878
2008-01-26 17:45:00,0.5958,-4.2365
2008-01-26 18:00:00,0.0163,-4.2575
2008-01-26 18:15:00,0.0126,-3.8708
2008-01-26 18:30:00,-0.0269,-3.8879
2008-01-26 18:45:00,-0.0012,-3.6899
2008-01-26 19:00:00,-0.0202,-2.5726
2008-01-26 19:15:00,0.0013,-1.1029
2008-01-26 19:30:00,-0.0121,-2.7601
2008-01-26 19:45:00,0.0145,-2.5563
2008-01-26 20:00:00,-0.0099,-2.6473
2008-01-26 20:15:00,0.0054,-3.5669
2008-01-26 20:30:00,-0.0282,-3.4318
2008-01-26 20:45:00,-0.0398,-3.4839
2008-01-26 21:00:00,0.0181,-3.4376
2008-01-26 21:15:00,-0.0123,-3.1948
2008-01-26 21:30:00,-0.0222,-3.6344
2008-01-26 21:45:00,0.0042,-3.2414
2008-01-26 22:00:00,-0.0081,-3.3416
2008-01-26 22:15:00,-0.0085,-3.4047
2008-01-26 22:30:00,-0.0085,-3.6495
2008-01-26 22:45:00,-0.036,-3.5753
2008-01-26 23:00:00,0.028,-3.0968
2008-01-26 23:15:00,-0.0313,-3.3584
2008-01-26 23:30:00,0.032,-3.2509
2008-01-26 23:45:00,-0.0137,-3.353
2008-01-27 00:00:00,0.0024,-3.9279
2008-01-27 00:15:00,-0.0093,-2.8764
2008-01-27 00:30:00,-0.0501,-3.2325
2008-01-27 00:45:00,0.0019,-3.6721
2008-01-27 01:00:00,-0.0755,-3.7778
2008-01-27 01:15:00,0.0008,-3.3345
2008-01-27 01:30:00,0.0784,-3.3605
2008-01-27 01:45:00,-0.0616,-3.5497
2008-01-27 02:00:00,0.0305,-3.865
2008-01-27 02:15:00,-0.008,-3.494
2008-01-27 02:30:00,0.0142,-3.4848
2008-01-27 02:45:00,-0.0238,-3.4718
2008-01-27 03:00:00,-0.0032,-3.8074
2008-01-27 03:15:00,-0.0034,-3.3011
2008-01-27 03:30:00,-0.0336,-3.188
2008-01-27 03:45:00,-0.0294,-3.5867
2008-01-27 04:00:00,0.0294,-2.1865
2008-01-27 04:15:00,0.0409,-2.4758
2008-01-27 04:30:00,-0.0599,-2.7336
2008-01-27 04:45:00,0.0315,-3.4663
2008-01-27 05:00:00,-0.0057,-2.7226
2008-01-27 05:15:00,-0.0031,-3.0936
2008-01-27 05:30:00,0.0637,-3.6741
2008-01-27 05:45:00,-0.035,-2.9415
2008-01-27 06:00:00,-0.0169,-2.7579
2008-01-27 06:15:00,-0.0314,-3.2215
2008-01-27 06:30:00,-0.0093,-2.9618
2008-01-27 06:45:00,0.1984,-3.7073
2008-01-27 07:00:00,1.3956,-1.9343
2008-01-27 07:15:00,6.6362,2.3999
2008-01-27 07:30:00,8.3986,34.716
2008-01-27 07:45:00,91.433,139.72
2008-01-27 08:00:00,253.63,290.9
2008-01-27 08:15:00,349.78,374.19
2008-01-27 08:30:00,20.276,85.365
2008-01-27 08:45:00,200.11,233.51
2008-01-27 09:00:00,412.12,420.86
2008-01-27 09:15:00,429.83,453.52
2008-01-27 09:30:00,677.31,650.99
2008-01-27 09:45:00,562.89,566.78
2008-01-27 10:00:00,640.09,635.82
2008-01-27 10:15:00,916.45,890.69
2008-01-27 10:30:00,911.19,897.76
2008-01-27 10:45:00,447.57,928.96
2008-01-27 11:00:00,158.38,973.1
2008-01-27 11:15:00,106.96,1000.2
2008-01-27 11:30:00,302.34,1018.3
2008-01-27 11:45:00,232.46,1035.1
2008-01-27 12:00:00,412.67,1048.3
2008-01-27 12:15:00,494.94,1056.4
2008-01-27 12:30:00,603.98,934.37
2008-01-27 12:45:00,470.76,1018.8
2008-01-27 13:00:00,226.24,619.4
2008-01-27 13:15:00,756.8,755.19
2008-01-27 13:30:00,999.25,1006.0
2008-01-27 13:45:00,920.6,951.86
2008-01-27 14:00:00,886.78,909.99
2008-01-27 14:15:00,945.49,963.18
2008-01-27 14:30:00,931.28,942.64
2008-01-27 14:45:00,810.37,836.81
2008-01-27 15:00:00,786.01,795.4
2008-01-27 15:15:00,622.62,632.84
2008-01-27 15:30:00,503.67,528.27
2008-01-27 15:45:00,351.39,382.1
2008-01-27 16:00:00,186.17,234.82
2008-01-27 16:15:00,52.866,109.6
2008-01-27 16:30:00,21.982,74.821
2008-01-27 16:45:00,-0.1505,45.749
2008-01-27 17:00:00,12.347,19.567
2008-01-27 17:15:00,12.945,2.7385
2008-01-27 17:30:00,1.7643,-2.8166
2008-01-27 17:45:00,0.3461,-3.4908
2008-01-27 18:00:00,-0.0151,-3.2318
2008-01-27 18:15:00,-0.0378,-3.8265
2008-01-27 18:30:00,-0.0083,-3.7619
2008-01-27 18:45:00,-0.0234,-3.325
2008-01-27 19:00:00,-0.0216,-3.1049
2008-01-27 19:15:00,0.0422,-2.3751
2008-01-27 19:30:00,-0.037,-2.2438
2008-01-27 19:45:00,0.0053,-2.4423
2008-01-27 20:00:00,-0.0247,-2.6797
2008-01-27 20:15:00,0.02,-3.0764
2008-01-27 20:30:00,-0.0081,-1.3233
2008-01-27 20:45:00,-0.0303,2.4871
2008-01-27 21:00:00,-0.0382,0.9174
2008-01-27 21:15:00,-0.06,-0.1612
2008-01-27 21:30:00,-0.0699,-0.9322
2008-01-27 21:45:00,-0.0191,-0.7635
2008-01-27 22:00:00,-0.0383,-0.8821
2008-01-27 22:15:00,-0.0435,-1.6399
2008-01-27 22:30:00,-0.0081,-2.3458
2008-01-27 22:45:00,0.0039,-3.5724
2008-01-27 23:00:00,-0.0242,-3.3315
2008-01-27 23:15:00,-0.0015,-1.8548
2008-01-27 23:30:00,0.0364,-2.3219
2008-01-27 23:45:00,0.0111,-3.6749
2008-01-28 00:00:00,-0.0479,-3.2506
2008-01-28 00:15:00,0.0077,-2.1776
2008-01-28 00:30:00,-0.0406,-0.3985
2008-01-28 00:45:00,-0.0018,-0.5097
2008-01-28 01:00:00,0.0043,-0.7117
2008-01-28 01:15:00,0.0167,-1.112
2008-01-28 01:30:00,-0.0044,-0.9007
2008-01-28 01:45:00,0.0318,-0.6468
2008-01-28 02:00:00,0.0038,-0.5504
2008-01-28 02:15:00,-0.0003,-1.5475
2008-01-28 02:30:00,-0.0411,-1.4567
2008-01-28 02:45:00,-0.0465,-1.4363
2008-01-28 03:00:00,0.008,-2.5779
2008-01-28 03:15:00,-0.01,-2.5779
2008-01-28 03:30:00,-0.0075,-1.5605
2008-01-28 03:45:00,-0.0409,-2.098
2008-01-28 04:00:00,-0.0076,-1.1379
2008-01-28 04:15:00,-0.0098,-0.0853
2008-01-28 04:30:00,-0.0068,-0.3633
2008-01-28 04:45:00,-0.0289,-0.3484
2008-01-28 05:00:00,-0.0146,-0.5708
2008-01-28 05:15:00,0.0011,0.2669
2008-01-28 05:30:00,-0.0189,-0.2762
2008-01-28 05:45:00,-0.0331,-0.6209
2008-01-28 06:00:00,0.0183,-2.0794
2008-01-28 06:15:00,-0.0168,-1.8645
2008-01-28 06:30:00,-0.0343,-1.9312
2008-01-28 06:45:00,0.0195,-1.3382
2008-01-28 07:00:00,0.6469,-0.1279
2008-01-28 07:15:00,2.616,1.9387
2008-01-28 07:30:00,17.557,8.0889
2008-01-28 07:45:00,13.676,17.928
2008-01-28 08:00:00,92.355,138.72
2008-01-28 08:15:00,307.4,349.01
2008-01-28 08:30:00,397.27,426.25
2008-01-28 08:45:00,483.03,502.37
2008-01-28 09:00:00,566.75,576.95
2008-01-28 09:15:00,641.6,646.03
2008-01-28 09:30:00,750.54,745.96
2008-01-28 09:45:00,783.4,786.48
2008-01-28 10:00:00,860.54,860.9
2008-01-28 10:15:00,883.71,887.6
2008-01-28 10:30:00,916.91,930.02
2008-01-28 10:45:00,743.76,753.25
2008-01-28 11:00:00,970.44,958.26
2008-01-28 11:15:00,1043.1,1056.8
2008-01-28 11:30:00,1038.6,1048.9
2008-01-28 11:45:00,1048.3,1059.3
2008-01-28 12:00:00,1073.1,1075.1
2008-01-28 12:15:00,1087.9,1066.0
2008-01-28 12:30:00,1052.3,1068.6
2008-01-28 12:45:00,566.06,1063.1
2008-01-28 13:00:00,662.28,1053.4
2008-01-28 13:15:00,426.33,1024.8
2008-01-28 13:30:00,747.62,1020.5
2008-01-28 13:45:00,574.72,994.0
2008-01-28 14:00:00,536.08,948.75
2008-01-28 14:15:00,466.66,478.99
2008-01-28 14:30:00,707.6,679.08
2008-01-28 14:45:00,890.71,853.31
2008-01-28 15:00:00,801.15,776.26
2008-01-28 15:15:00,528.02,533.42
2008-01-28 15:30:00,90.793,145.54
2008-01-28 15:45:00,8.742,69.766
2008-01-28 16:00:00,31.96,83.546
2008-01-28 16:15:00,33.967,85.692
2008-01-28 16:30:00,6.6241,60.741
2008-01-28 16:45:00,9.8362,29.59
2008-01-28 17:00:00,16.646,12.829
2008-01-28 17:15:00,9.0891,4.0474
2008-01-28 17:30:00,1.9353,-0.291
2008-01-28 17:45:00,0.4274,-0.6728
2008-01-28 18:00:00,-0.0075,-0.6709
2008-01-28 18:15:00,-0.0292,-0.7543
2008-01-28 18:30:00,-0.0216,-1.2251
2008-01-28 18:45:00,0.0038,-1.0065
2008-01-28 19:00:00,-0.0321,-0.6858
2008-01-28 19:15:00,-0.0379,-0.899
2008-01-28 19:30:00,-0.0124,-1.0566
2008-01-28 19:45:00,0.0088,-1.407
2008-01-28 20:00:00,0.0381,-1.1771
2008-01-28 20:15:00,-0.0087,-0.8323
2008-01-28 20:30:00,-0.041,-0.6284
2008-01-28 20:45:00,0.0171,-2.0503
2008-01-28 21:00:00,0.0081,-2.5398
2008-01-28 21:15:00,0.0179,-0.4505
2008-01-28 21:30:00,-0.0129,0.2485
2008-01-28 21:45:00,-0.0092,0.1224
2008-01-28 22:00:00,-0.0537,-0.1539
2008-01-28 22:15:00,-0.0403,-0.7623
2008-01-28 22:30:00,-0.0085,-1.1222
2008-01-28 22:45:00,-0.0057,-1.2559
2008-01-28 23:00:00,-0.009,-1.5676
2008-01-28 23:15:00,-0.0666,-1.755
2008-01-28 23:30:00,-0.0068,-2.1
2008-01-28 23:45:00,-0.0216,-2.369
2008-01-29 00:00:00,-0.0296,-2.5064
2008-01-29 00:15:00,0.0493,-2.4991
2008-01-29 00:30:00,0.0062,-2.7628
2008-01-29 00:45:00,0.0044,-2.6033
2008-01-29 01:00:00,-0.0437,-2.2674
2008-01-29 01:15:00,-0.0309,-2.0894
2008-01-29 01:30:00,0.0234,-2.2752
2008-01-29 01:45:00,0.0228,-2.678
2008-01-29 02:00:00,-0.0337,-3.2033
2008-01-29 02:15:00,-0.0043,-2.6242
2008-01-29 02:30:00,0.0433,-2.2847
2008-01-29 02:45:00,0.0322,-1.8988
2008-01-29 03:00:00,0.0028,-1.587
2008-01-29 03:15:00,0.0252,-1.7207
2008-01-29 03:30:00,0.0105,-1.4646
2008-01-29 03:45:00,-0.0132,-1.8005
2008-01-29 04:00:00,-0.0105,-1.6001
2008-01-29 04:15:00,0.0028,-1.2845
2008-01-29 04:30:00,0.021,-1.6539
2008-01-29 04:45:00,0.0085,-1.5407
2008-01-29 05:00:00,0.0382,-1.4831
2008-01-29 05:15:00,-0.0164,-1.5147
2008-01-29 05:30:00,-0.0018,-1.3347
2008-01-29 05:45:00,0.0035,-1.474
2008-01-29 06:00:00,-0.0352,-1.5111
2008-01-29 06:15:00,0.0129,-1.7357
2008-01-29 06:30:00,0.0299,-1.7766
2008-01-29 06:45:00,0.1519,-1.7692
2008-01-29 07:00:00,1.2065,-1.565
2008-01-29 07:15:00,7.9994,7.4002
2008-01-29 07:30:00,28.926,88.725
2008-01-29 07:45:00,128.58,185.57
2008-01-29 08:00:00,241.12,271.48
2008-01-29 08:15:00,346.42,353.64
2008-01-29 08:30:00,448.15,436.83
2008-01-29 08:45:00,540.6,513.72
2008-01-29 09:00:00,623.49,585.3
2008-01-29 09:15:00,701.12,651.93
2008-01-29 09:30:00,774.86,715.78
2008-01-29 09:45:00,846.29,775.08
2008-01-29 10:00:00,922.75,841.6
2008-01-29 10:15:00,980.0,893.27
2008-01-29 10:30:00,1024.8,940.01
2008-01-29 10:45:00,1068.5,980.67
2008-01-29 11:00:00,1080.2,1004.2
2008-01-29 11:15:00,1096.6,1032.5
2008-01-29 11:30:00,965.18,1057.6
2008-01-29 11:45:00,792.59,1077.2
2008-01-29 12:00:00,1131.2,1088.1
2008-01-29 12:15:00,576.5,1119.6
2008-01-29 12:30:00,412.7,859.03
2008-01-29 12:45:00,414.98,613.2
2008-01-29 13:00:00,874.48,1145.4
2008-01-29 13:15:00,1095.1,1058.1
2008-01-29 13:30:00,1047.5,1032.5
2008-01-29 13:45:00,1019.6,1007.9
2008-01-29 14:00:00,989.72,972.27
2008-01-29 14:15:00,963.95,937.06
2008-01-29 14:30:00,931.82,892.9
2008-01-29 14:45:00,869.81,842.1
2008-01-29 15:00:00,814.08,784.22
2008-01-29 15:15:00,744.82,717.41
2008-01-29 15:30:00,674.5,656.11
2008-01-29 15:45:00,601.66,588.63
2008-01-29 16:00:00,523.82,523.32
2008-01-29 16:15:00,446.05,459.69
2008-01-29 16:30:00,339.51,369.4
2008-01-29 16:45:00,174.11,227.65
2008-01-29 17:00:00,12.642,22.401
2008-01-29 17:15:00,13.404,6.7446
2008-01-29 17:30:00,2.77,-0.471
2008-01-29 17:45:00,0.7289,-3.3307
2008-01-29 18:00:00,0.0428,-3.813
2008-01-29 18:15:00,-0.01,-3.7965
2008-01-29 18:30:00,-0.0096,-3.5817
2008-01-29 18:45:00,0.0039,-3.3149
2008-01-29 19:00:00,0.005,-3.5136
2008-01-29 19:15:00,0.027,-3.1222
2008-01-29 19:30:00,-0.0002,-3.1465
2008-01-29 19:45:00,-0.0064,-2.8164
2008-01-29 20:00:00,0.0263,-2.6255
2008-01-29 20:15:00,-0.006,-2.6237
2008-01-29 20:30:00,0.0058,-2.5439
2008-01-29 20:45:00,-0.0063,-2.1357
2008-01-29 21:00:00,0.013,-2.1079
2008-01-29 21:15:00,0.01,-2.2397
2008-01-29 21:30:00,-0.0078,-2.4588
2008-01-29 21:45:00,0.0274,-2.3141
2008-01-29 22:00:00,0.0015,-2.2473
2008-01-29 22:15:00,-0.0063,-2.2437
2008-01-29 22:30:00,-0.01,-2.3309
2008-01-29 22:45:00,0.0005,-2.1287
2008-01-29 23:00:00,-0.0055,-2.4386
2008-01-29 23:15:00,0.0499,-1.9375
2008-01-29 23:30:00,-0.0022,-2.1138
2008-01-29 23:45:00,-0.0115,-2.4665
2008-01-30 00:00:00,-0.0215,-3.0622
2008-01-30 00:15:00,0.0237,-2.9805
2008-01-30 00:30:00,0.0072,-2.3625
2008-01-30 00:45:00,-0.0224,-2.691
2008-01-30 01:00:00,-0.0479,-3.0956
2008-01-30 01:15:00,0.0231,-3.207
2008-01-30 01:30:00,0.0128,-2.845
2008-01-30 01:45:00,0.0141,-2.7912
2008-01-30 02:00:00,-0.04,-0.9391
2008-01-30 02:15:00,0.0214,-1.5775
2008-01-30 02:30:00,0.0175,-2.0674
2008-01-30 02:45:00,-0.0005,-2.6835
2008-01-30 03:00:00,0.0392,-2.4532
2008-01-30 03:15:00,-0.0037,-2.0634
2008-01-30 03:30:00,0.0362,-1.8055
2008-01-30 03:45:00,-0.0136,-1.7442
2008-01-30 04:00:00,-0.0012,-1.6922
2008-01-30 04:15:00,-0.0042,-1.8017
2008-01-30 04:30:00,0.0132,-1.7924
2008-01-30 04:45:00,0.0254,-2.1728
2008-01-30 05:00:00,0.0426,-2.0745
2008-01-30 05:15:00,0.0076,-1.9965
2008-01-30 05:30:00,0.0892,-2.4641
2008-01-30 05:45:00,-0.0329,-2.4585
2008-01-30 06:00:00,0.0119,-1.8091
2008-01-30 06:15:00,-0.0145,-2.1728
2008-01-30 06:30:00,0.0037,-2.1672
2008-01-30 06:45:00,0.1494,-1.9075
2008-01-30 07:00:00,1.3659,-0.0668
2008-01-30 07:15:00,12.635,6.8952
2008-01-30 07:30:00,16.125,16.581
2008-01-30 07:45:00,14.485,59.378
2008-01-30 08:00:00,47.117,100.72
2008-01-30 08:15:00,31.826,82.047
2008-01-30 08:30:00,133.8,173.06
2008-01-30 08:45:00,492.9,472.49
2008-01-30 09:00:00,424.93,419.12
2008-01-30 09:15:00,681.26,633.64
2008-01-30 09:30:00,759.02,710.85
2008-01-30 09:45:00,840.32,786.13
2008-01-30 10:00:00,887.92,837.65
2008-01-30 10:15:00,945.5,893.33
2008-01-30 10:30:00,991.27,940.2
2008-01-30 10:45:00,1040.1,1003.1
2008-01-30 11:00:00,599.39,1059.8
2008-01-30 11:15:00,198.59,1094.2
2008-01-30 11:30:00,304.43,1111.3
2008-01-30 11:45:00,398.02,1128.6
2008-01-30 12:00:00,153.59,1178.6
2008-01-30 12:15:00,388.79,1166.0
2008-01-30 12:30:00,337.08,1011.1
2008-01-30 12:45:00,611.93,1207.2
2008-01-30 13:00:00,320.9,1208.7
2008-01-30 13:15:00,556.03,1134.2
2008-01-30 13:30:00,421.25,1209.5
2008-01-30 13:45:00,400.54,702.14
2008-01-30 14:00:00,173.65,211.5
2008-01-30 14:15:00,201.07,232.14
2008-01-30 14:30:00,247.1,266.65
2008-01-30 14:45:00,102.11,144.56
2008-01-30 15:00:00,69.894,113.09
2008-01-30 15:15:00,69.915,116.52
2008-01-30 15:30:00,27.266,78.465
2008-01-30 15:45:00,22.826,74.092
2008-01-30 16:00:00,4.5099,57.022
2008-01-30 16:15:00,-0.3929,43.892
2008-01-30 16:30:00,4.5319,31.54
2008-01-30 16:45:00,9.7708,25.694
2008-01-30 17:00:00,8.5395,22.674
2008-01-30 17:15:00,11.931,6.838
2008-01-30 17:30:00,1.8008,0.0018
2008-01-30 17:45:00,0.4104,-0.5955
2008-01-30 18:00:00,-0.0015,-0.8812
2008-01-30 18:15:00,0.014,-1.4916
2008-01-30 18:30:00,0.0104,-1.8424
2008-01-30 18:45:00,0.0184,-1.6328
2008-01-30 19:00:00,0.0373,-1.3026
2008-01-30 19:15:00,-0.0253,-1.2024
2008-01-30 19:30:00,-0.0391,-1.0744
2008-01-30 19:45:00,-0.0097,-1.0262
2008-01-30 20:00:00,0.0275,-1.1617
2008-01-30 20:15:00,0.0212,-1.2861
2008-01-30 20:30:00,0.0179,-1.3529
2008-01-30 20:45:00,0.0298,-1.3028
2008-01-30 21:00:00,-0.0423,-1.2601
2008-01-30 21:15:00,-0.0268,-1.3641
2008-01-30 21:30:00,-0.0031,-1.5738
2008-01-30 21:45:00,0.0298,-1.546
2008-01-30 22:00:00,0.0141,-1.6536
2008-01-30 22:15:00,0.0141,-1.791
2008-01-30 22:30:00,-0.0202,-1.663
2008-01-30 22:45:00,-0.087,-1.6611
2008-01-30 23:00:00,-0.0082,-1.6463
2008-01-30 23:15:00,0.0144,-1.7039
2008-01-30 23:30:00,0.0094,-2.2867
2008-01-30 23:45:00,-0.0052,-3.0404
2008-01-31 00:00:00,-0.0188,-2.5931
2008-01-31 00:15:00,0.0105,-2.5504
2008-01-31 00:30:00,-0.0192,-2.647
2008-01-31 00:45:00,-0.0139,-2.5932
2008-01-31 01:00:00,0.031,-2.6582
2008-01-31 01:15:00,0.0004,-2.4895
2008-01-31 01:30:00,0.0285,-2.7365
2008-01-31 01:45:00,0.0674,-2.4859
2008-01-31 02:00:00,0.008,-2.3114
2008-01-31 02:15:00,0.0071,-2.3504
2008-01-31 02:30:00,0.0051,-2.4915
2008-01-31 02:45:00,-0.0245,-2.692
2008-01-31 03:00:00,0.0309,-2.7477
2008-01-31 03:15:00,0.0063,-2.6846
2008-01-31 03:30:00,0.0065,-2.1481
2008-01-31 03:45:00,0.0221,-2.1444
2008-01-31 04:00:00,-0.06,-2.473
2008-01-31 04:15:00,0.0117,-3.4495
2008-01-31 04:30:00,0.0063,-2.7942
2008-01-31 04:45:00,0.0182,-2.3597
2008-01-31 05:00:00,0.02,-2.6475
2008-01-31 05:15:00,-0.0117,-2.926
2008-01-31 05:30:00,0.0029,-3.4533
2008-01-31 05:45:00,0.0071,-2.8053
2008-01-31 06:00:00,-0.0179,-2.9409
2008-01-31 06:15:00,-0.004,-3.0244
2008-01-31 06:30:00,0.015,-2.9613
2008-01-31 06:45:00,0.289,-3.1061
2008-01-31 07:00:00,1.5588,-2.434
2008-01-31 07:15:00,7.4442,11.177
2008-01-31 07:30:00,40.078,105.41
2008-01-31 07:45:00,140.7,193.71
2008-01-31 08:00:00,258.91,286.76
2008-01-31 08:15:00,369.91,374.92
2008-01-31 08:30:00,469.64,456.56
2008-01-31 08:45:00,559.67,531.07
2008-01-31 09:00:00,641.37,601.87
2008-01-31 09:15:00,717.46,671.46
2008-01-31 09:30:00,789.91,736.15
2008-01-31 09:45:00,852.23,794.6
2008-01-31 10:00:00,908.28,847.64
2008-01-31 10:15:00,958.56,896.75
2008-01-31 10:30:00,1014.2,943.16
2008-01-31 10:45:00,247.42,985.85
2008-01-31 11:00:00,472.05,1021.7
2008-01-31 11:15:00,373.75,1050.6
2008-01-31 11:30:00,351.46,1073.8
2008-01-31 11:45:00,131.38,1089.8
2008-01-31 12:00:00,222.78,1102.7
2008-01-31 12:15:00,257.74,1107.4
2008-01-31 12:30:00,386.95,1106.8
2008-01-31 12:45:00,562.74,1099.8
2008-01-31 13:00:00,170.13,1087.8
2008-01-31 13:15:00,151.04,1066.0
2008-01-31 13:30:00,548.37,1040.0
2008-01-31 13:45:00,450.59,1012.5
2008-01-31 14:00:00,425.01,986.32
2008-01-31 14:15:00,769.38,934.72
2008-01-31 14:30:00,875.99,846.41
2008-01-31 14:45:00,867.85,838.73
2008-01-31 15:00:00,9.0791,74.824
2008-01-31 15:15:00,68.126,123.42
2008-01-31 15:30:00,704.55,677.86
2008-01-31 15:45:00,622.15,616.25
2008-01-31 16:00:00,519.7,526.92
2008-01-31 16:15:00,440.69,461.21
2008-01-31 16:30:00,357.09,390.52
2008-01-31 16:45:00,181.73,238.31
2008-01-31 17:00:00,26.779,70.389
2008-01-31 17:15:00,12.521,24.663
2008-01-31 17:30:00,9.7987,5.1195
2008-01-31 17:45:00,1.1125,-1.6355
2008-01-31 18:00:00,0.1532,-3.1171
2008-01-31 18:15:00,-0.023,-2.8428
2008-01-31 18:30:00,-0.0023,-3.2415
2008-01-31 18:45:00,-0.011,-3.3529
2008-01-31 19:00:00,0.0201,-3.4737
2008-01-31 19:15:00,-0.0198,-3.2697
2008-01-31 19:30:00,-0.0134,-1.2334
2008-01-31 19:45:00,0.0145,-2.8695
2008-01-31 20:00:00,-0.0084,-3.3779
2008-01-31 20:15:00,0.0609,-2.9049
2008-01-31 20:30:00,-0.0025,-3.2314
2008-01-31 20:45:00,-0.0451,-2.6119
2008-01-31 21:00:00,-0.0568,-2.9328
2008-01-31 21:15:00,0.0104,-2.4023
2008-01-31 21:30:00,0.0439,-0.883
2008-01-31 21:45:00,0.0176,-2.1723
2008-01-31 22:00:00,-0.0119,-3.0572
2008-01-31 22:15:00,0.0085,-3.148
2008-01-31 22:30:00,-0.0182,-2.827
2008-01-31 22:45:00,0.0253,-1.7066
2008-01-31 23:00:00,-0.057,-3.2964
2008-01-31 23:15:00,0.01,-3.0199
2008-01-31 23:30:00,0.0064,-2.9494
2008-01-31 23:45:00,-0.0349,0.0334
2008-02-01 00:00:00,-0.0017,-0.7679
2008-02-01 00:15:00,0.0202,-1.354
2008-02-01 00:30:00,0.0081,-1.4726
2008-02-01 00:45:00,0.0057,-1.1906
2008-02-01 01:00:00,-0.0145,-0.9031
2008-02-01 01:15:00,-0.0573,-1.0088
2008-02-01 01:30:00,0.0111,-1.413
2008-02-01 01:45:00,0.02,-1.3962
2008-02-01 02:00:00,-0.0416,-1.1347
2008-02-01 02:15:00,-0.0231,-1.1476
2008-02-01 02:30:00,0.009,-1.1921
2008-02-01 02:45:00,-0.0878,-0.8009
2008-02-01 03:00:00,-0.0009,-0.9751
2008-02-01 03:15:00,-0.0064,-1.0103
2008-02-01 03:30:00,0.039,-1.0437
2008-02-01 03:45:00,-0.0396,-1.5257
2008-02-01 04:00:00,0.0489,-1.9817
2008-02-01 04:15:00,-0.0014,-2.1782
2008-02-01 04:30:00,-0.0162,-2.4841
2008-02-01 04:45:00,-0.0054,-3.7503
2008-02-01 05:00:00,-0.0067,-3.2628
2008-02-01 05:15:00,0.0015,-3.7265
2008-02-01 05:30:00,0.0286,-2.95
2008-02-01 05:45:00,-0.0023,-2.5497
2008-02-01 06:00:00,0.0154,-3.3138
2008-02-01 06:15:00,0.0132,-3.3176
2008-02-01 06:30:00,-0.0369,-2.7724
2008-02-01 06:45:00,0.4398,-2.103
2008-02-01 07:00:00,2.8389,0.5305
2008-02-01 07:15:00,16.791,17.839
2008-02-01 07:30:00,6.0657,56.023
2008-02-01 07:45:00,2.8991,53.366
2008-02-01 08:00:00,79.316,131.95
2008-02-01 08:15:00,137.0,184.16
2008-02-01 08:30:00,179.19,223.2
2008-02-01 08:45:00,326.48,352.39
2008-02-01 09:00:00,457.41,452.25
2008-02-01 09:15:00,684.53,649.32
2008-02-01 09:30:00,741.49,704.17
2008-02-01 09:45:00,818.86,777.63
2008-02-01 10:00:00,878.72,834.5
2008-02-01 10:15:00,890.92,847.14
2008-02-01 10:30:00,861.82,824.63
2008-02-01 10:45:00,860.57,825.56
2008-02-01 11:00:00,941.39,891.5
2008-02-01 11:15:00,1091.3,1038.4
2008-02-01 11:30:00,1099.2,1047.6
2008-02-01 11:45:00,634.64,1072.5
2008-02-01 12:00:00,1093.3,1060.4
2008-02-01 12:15:00,1012.9,965.95
2008-02-01 12:30:00,1116.8,1070.4
2008-02-01 12:45:00,835.76,1096.6
2008-02-01 13:00:00,898.75,1081.2
2008-02-01 13:15:00,1071.8,1053.6
2008-02-01 13:30:00,1064.5,1039.9
2008-02-01 13:45:00,1049.2,1023.1
2008-02-01 14:00:00,855.67,843.46
2008-02-01 14:15:00,967.17,931.3
2008-02-01 14:30:00,917.08,892.92
2008-02-01 14:45:00,880.81,854.83
2008-02-01 15:00:00,826.9,798.14
2008-02-01 15:15:00,758.58,739.64
2008-02-01 15:30:00,702.21,688.0
2008-02-01 15:45:00,659.38,647.16
2008-02-01 16:00:00,569.62,567.59
2008-02-01 16:15:00,471.19,483.87
2008-02-01 16:30:00,361.07,392.12
2008-02-01 16:45:00,255.18,305.52
2008-02-01 17:00:00,55.674,85.206
2008-02-01 17:15:00,17.075,8.0545
2008-02-01 17:30:00,4.5543,-0.0315
2008-02-01 17:45:00,1.1819,-2.8969
2008-02-01 18:00:00,0.0981,-3.8833
2008-02-01 18:15:00,-0.0123,-3.7501
2008-02-01 18:30:00,0.0124,-2.2154
2008-02-01 18:45:00,-0.0084,-1.5074
2008-02-01 19:00:00,0.0051,-1.4445
2008-02-01 19:15:00,-0.0232,-2.789
2008-02-01 19:30:00,0.0562,-3.0766
2008-02-01 19:45:00,-0.0217,-2.5796
2008-02-01 20:00:00,0.0205,-2.3386
2008-02-01 20:15:00,0.0257,-2.5001
2008-02-01 20:30:00,-0.025,-0.9515
2008-02-01 20:45:00,-0.03,0.0761
2008-02-01 21:00:00,-0.0076,-0.3246
2008-02-01 21:15:00,0.0024,-1.8124
2008-02-01 21:30:00,-0.0397,-2.7696
2008-02-01 21:45:00,-0.0031,-2.5508
2008-02-01 22:00:00,-0.0338,-2.2298
2008-02-01 22:15:00,-0.0328,-1.9442
2008-02-01 22:30:00,-0.0089,-2.5156
2008-02-01 22:45:00,-0.0132,-2.5508
2008-02-01 23:00:00,-0.0527,-2.3449
2008-02-01 23:15:00,-0.0139,-2.2281
2008-02-01 23:30:00,0.0229,-2.2096
2008-02-01 23:45:00,-0.0625,-2.1095
2008-02-02 00:00:00,-0.0034,-1.8462
2008-02-02 00:15:00,-0.0052,-2.2099
2008-02-02 00:30:00,0.0056,-3.0022
2008-02-02 00:45:00,-0.0236,-2.8538
2008-02-02 01:00:00,0.0074,-3.1748
2008-02-02 01:15:00,-0.0355,-3.5608
2008-02-02 01:30:00,-0.0277,-2.9356
2008-02-02 01:45:00,-0.0049,-2.6407
2008-02-02 02:00:00,-0.0354,-2.7095
2008-02-02 02:15:00,0.0251,-2.4015
2008-02-02 02:30:00,-0.0272,-2.9082
2008-02-02 02:45:00,0.0256,-2.962
2008-02-02 03:00:00,0.0249,-2.3941
2008-02-02 03:15:00,0.008,-2.0582
2008-02-02 03:30:00,-0.0977,-2.3793
2008-02-02 03:45:00,0.0189,-2.0287
2008-02-02 04:00:00,-0.0204,-2.5002
2008-02-02 04:15:00,-0.0185,-2.4204
2008-02-02 04:30:00,0.0375,-2.1754
2008-02-02 04:45:00,0.0319,-1.7021
2008-02-02 05:00:00,-0.0219,-2.0603
2008-02-02 05:15:00,0.0173,-1.5648
2008-02-02 05:30:00,-0.0263,-1.8859
2008-02-02 05:45:00,-0.0318,-2.2404
2008-02-02 06:00:00,-0.038,-1.7634
2008-02-02 06:15:00,-0.0047,-1.7392
2008-02-02 06:30:00,-0.0073,-2.3629
2008-02-02 06:45:00,0.1619,-2.9495
2008-02-02 07:00:00,1.1233,-2.4316
2008-02-02 07:15:00,3.7801,0.0928
2008-02-02 07:30:00,13.662,6.2318
2008-02-02 07:45:00,3.0504,27.482
2008-02-02 08:00:00,11.797,59.053
2008-02-02 08:15:00,97.597,149.18
2008-02-02 08:30:00,336.18,351.99
2008-02-02 08:45:00,478.67,483.36
2008-02-02 09:00:00,572.89,573.3
2008-02-02 09:15:00,675.04,645.07
2008-02-02 09:30:00,746.03,712.67
2008-02-02 09:45:00,801.74,765.37
2008-02-02 10:00:00,880.34,834.12
2008-02-02 10:15:00,928.73,881.01
2008-02-02 10:30:00,540.22,934.34
2008-02-02 10:45:00,284.33,955.37
2008-02-02 11:00:00,440.61,999.89
2008-02-02 11:15:00,346.92,1029.5
2008-02-02 11:30:00,174.77,1049.1
2008-02-02 11:45:00,201.14,1070.9
2008-02-02 12:00:00,105.94,1083.5
2008-02-02 12:15:00,658.44,943.0
2008-02-02 12:30:00,693.18,704.18
2008-02-02 12:45:00,714.75,706.18
2008-02-02 13:00:00,704.18,693.4
2008-02-02 13:15:00,643.03,634.62
2008-02-02 13:30:00,311.52,334.21
2008-02-02 13:45:00,184.86,213.86
2008-02-02 14:00:00,236.19,254.79
2008-02-02 14:15:00,173.55,208.09
2008-02-02 14:30:00,257.06,273.81
2008-02-02 14:45:00,161.88,202.33
2008-02-02 15:00:00,42.332,88.88
2008-02-02 15:15:00,13.447,59.003
2008-02-02 15:30:00,-0.1771,41.393
2008-02-02 15:45:00,57.197,105.55
2008-02-02 16:00:00,58.13,108.04
2008-02-02 16:15:00,17.925,69.793
2008-02-02 16:30:00,16.623,67.966
2008-02-02 16:45:00,78.005,135.21
2008-02-02 17:00:00,21.044,60.148
2008-02-02 17:15:00,17.245,9.2707
2008-02-02 17:30:00,5.74,-0.6825
2008-02-02 17:45:00,1.1929,-3.5238
2008-02-02 18:00:00,0.1089,-3.5966
2008-02-02 18:15:00,0.0103,-3.0719
2008-02-02 18:30:00,-0.0054,-3.1296
2008-02-02 18:45:00,0.0087,-2.7846
2008-02-02 19:00:00,-0.0233,-3.1651
2008-02-02 19:15:00,-0.0162,-2.9594
2008-02-02 19:30:00,-0.0095,-2.7331
2008-02-02 19:45:00,-0.0169,-2.7536
2008-02-02 20:00:00,-0.0086,-2.7388
2008-02-02 20:15:00,0.0051,-3.2102
2008-02-02 20:30:00,-0.012,-2.8356
2008-02-02 20:45:00,-0.0512,-2.6
2008-02-02 21:00:00,-0.0579,-2.8079
2008-02-02 21:15:00,0.028,-3.4278
2008-02-02 21:30:00,0.0191,-2.7708
2008-02-02 21:45:00,0.0376,-2.6985
2008-02-02 22:00:00,-0.0056,-3.1978
2008-02-02 22:15:00,-0.009,-2.8916
2008-02-02 22:30:00,0.0117,-2.8155
2008-02-02 22:45:00,0.0258,-2.9509
2008-02-02 23:00:00,0.0419,-2.3943
2008-02-02 23:15:00,0.0437,-2.2978
2008-02-02 23:30:00,-0.0138,-2.4242
2008-02-02 23:45:00,0.0098,-2.4873
2008-02-03 00:00:00,0.0327,-1.8488
2008-02-03 00:15:00,0.0165,-1.9955
2008-02-03 00:30:00,0.0044,-2.3427
2008-02-03 00:45:00,-0.006,-2.0104
2008-02-03 01:00:00,-0.01,-1.8099
2008-02-03 01:15:00,0.0592,-2.0067
2008-02-03 01:30:00,-0.011,-2.3391
2008-02-03 01:45:00,0.0046,-2.2685
2008-02-03 02:00:00,-0.0005,-2.339
2008-02-03 02:15:00,-0.0474,-2.1962
2008-02-03 02:30:00,0.0059,-2.6064
2008-02-03 02:45:00,0.019,-2.5581
2008-02-03 03:00:00,0.0137,-3.0817
2008-02-03 03:15:00,-0.0004,-2.4023
2008-02-03 03:30:00,0.0153,-2.0013
2008-02-03 03:45:00,-0.0158,-2.3967
2008-02-03 04:00:00,-0.0206,-2.8683
2008-02-03 04:15:00,0.0442,-2.3652
2008-02-03 04:30:00,0.0606,-2.2166
2008-02-03 04:45:00,0.0259,-1.9826
2008-02-03 05:00:00,0.0188,-2.9833
2008-02-03 05:15:00,0.003,-1.7432
2008-02-03 05:30:00,0.0447,-1.94
2008-02-03 05:45:00,-0.0317,-2.8516
2008-02-03 06:00:00,-0.0613,-2.8238
2008-02-03 06:15:00,0.0179,-2.6177
2008-02-03 06:30:00,-0.0397,-2.5899
2008-02-03 06:45:00,0.3301,-2.0515
2008-02-03 07:00:00,2.1906,-0.7556
2008-02-03 07:15:00,6.2837,22.923
2008-02-03 07:30:00,43.628,108.65
2008-02-03 07:45:00,150.59,201.13
2008-02-03 08:00:00,263.69,291.08
2008-02-03 08:15:00,357.26,365.7
2008-02-03 08:30:00,327.85,339.82
2008-02-03 08:45:00,219.14,245.45
2008-02-03 09:00:00,268.05,287.53
2008-02-03 09:15:00,539.6,521.04
2008-02-03 09:30:00,660.89,634.96
2008-02-03 09:45:00,631.45,614.4
2008-02-03 10:00:00,715.76,685.23
2008-02-03 10:15:00,882.97,844.33
2008-02-03 10:30:00,836.77,818.31
2008-02-03 10:45:00,718.48,708.49
2008-02-03 11:00:00,768.4,757.22
2008-02-03 11:15:00,824.04,811.34
2008-02-03 11:30:00,775.34,865.57
2008-02-03 11:45:00,231.58,930.42
2008-02-03 12:00:00,451.96,963.63
2008-02-03 12:15:00,837.1,830.0
2008-02-03 12:30:00,736.01,725.23
2008-02-03 12:45:00,514.45,937.7
2008-02-03 13:00:00,714.03,698.81
2008-02-03 13:15:00,797.36,768.56
2008-02-03 13:30:00,773.24,748.37
2008-02-03 13:45:00,695.89,679.05
2008-02-03 14:00:00,807.12,781.33
2008-02-03 14:15:00,439.63,763.2
2008-02-03 14:30:00,482.64,832.28
2008-02-03 14:45:00,748.18,726.47
2008-02-03 15:00:00,410.58,424.64
2008-02-03 15:15:00,126.64,169.59
2008-02-03 15:30:00,96.79,141.7
2008-02-03 15:45:00,189.41,221.67
2008-02-03 16:00:00,221.8,255.3
2008-02-03 16:15:00,61.085,113.98
2008-02-03 16:30:00,91.487,139.64
2008-02-03 16:45:00,13.969,66.113
2008-02-03 17:00:00,8.0843,31.231
2008-02-03 17:15:00,16.15,13.807
2008-02-03 17:30:00,5.7274,0.3152
2008-02-03 17:45:00,1.1256,-2.9948
2008-02-03 18:00:00,0.1272,-2.561
2008-02-03 18:15:00,-0.0132,-2.9228
2008-02-03 18:30:00,0.0155,-2.6894
2008-02-03 18:45:00,-0.0304,-2.4504
2008-02-03 19:00:00,0.0054,-2.6157
2008-02-03 19:15:00,-0.0233,-2.3894
2008-02-03 19:30:00,-0.0187,-2.3022
2008-02-03 19:45:00,-0.0233,-2.5657
2008-02-03 20:00:00,-0.049,-2.4973
2008-02-03 20:15:00,-0.0228,-2.1337
2008-02-03 20:30:00,-0.0016,-1.8666
2008-02-03 20:45:00,0.0016,-2.0615
2008-02-03 21:00:00,-0.0389,-2.1338
2008-02-03 21:15:00,0.0356,-2.0132
2008-02-03 21:30:00,0.0105,-1.3638
2008-02-03 21:45:00,-0.0309,-1.3508
2008-02-03 22:00:00,-0.0023,-0.9704
2008-02-03 22:15:00,0.0113,-0.4008
2008-02-03 22:30:00,0.0001,0.1113
2008-02-03 22:45:00,0.0051,-0.7051
2008-02-03 23:00:00,0.02,-0.9352
2008-02-03 23:15:00,0.0043,-2.3434
2008-02-03 23:30:00,0.0072,-2.5493
2008-02-03 23:45:00,-0.0677,-2.4175
2008-02-04 00:00:00,-0.0242,-2.3933
2008-02-04 00:15:00,0.0151,-2.5196
2008-02-04 00:30:00,-0.0375,-2.2561
2008-02-04 00:45:00,-0.0104,-2.6032
2008-02-04 01:00:00,0.0047,-2.7591
2008-02-04 01:15:00,-0.0079,-2.581
2008-02-04 01:30:00,0.0011,-2.8111
2008-02-04 01:45:00,-0.0008,-2.774
2008-02-04 02:00:00,0.0125,-2.8352
2008-02-04 02:15:00,0.0114,-2.748
2008-02-04 02:30:00,0.005,-2.6107
2008-02-04 02:45:00,-0.0058,-2.7629
2008-02-04 03:00:00,0.0211,-2.0745
2008-02-04 03:15:00,0.0019,-1.8463
2008-02-04 03:30:00,-0.0032,-1.5438
2008-02-04 03:45:00,-0.005,-2.3565
2008-02-04 04:00:00,0.0058,-2.4623
2008-02-04 04:15:00,0.0026,-2.2304
2008-02-04 04:30:00,0.0221,-1.8426
2008-02-04 04:45:00,0.007,-1.4418
2008-02-04 05:00:00,0.0185,-1.4919
2008-02-04 05:15:00,0.0287,-1.4863
2008-02-04 05:30:00,-0.0044,-1.1152
2008-02-04 05:45:00,0.0086,-1.5568
2008-02-04 06:00:00,-0.0357,-2.2452
2008-02-04 06:15:00,0.0032,-1.336
2008-02-04 06:30:00,0.0132,-1.0595
2008-02-04 06:45:00,0.2297,-0.5993
2008-02-04 07:00:00,1.4062,0.3451
2008-02-04 07:15:00,10.272,13.528
2008-02-04 07:30:00,12.855,17.364
2008-02-04 07:45:00,6.0649,25.267
2008-02-04 08:00:00,5.2645,27.024
2008-02-04 08:15:00,49.67,97.833
2008-02-04 08:30:00,41.084,78.846
2008-02-04 08:45:00,11.965,26.299
2008-02-04 09:00:00,4.3297,33.115
2008-02-04 09:15:00,-3.452,39.57
2008-02-04 09:30:00,0.4279,49.124
2008-02-04 09:45:00,53.193,101.07
2008-02-04 10:00:00,107.15,147.31
2008-02-04 10:15:00,240.32,261.38
2008-02-04 10:30:00,237.01,258.89
2008-02-04 10:45:00,74.885,123.88
2008-02-04 11:00:00,20.016,71.806
2008-02-04 11:15:00,42.527,94.577
2008-02-04 11:30:00,8.6277,59.537
2008-02-04 11:45:00,5.3462,63.419
2008-02-04 12:00:00,1.7366,67.238
2008-02-04 12:15:00,37.226,136.3
2008-02-04 12:30:00,35.056,128.99
2008-02-04 12:45:00,0.6187,64.181
2008-02-04 13:00:00,2.2145,58.708
2008-02-04 13:15:00,8.3971,70.73
2008-02-04 13:30:00,6.3635,44.921
2008-02-04 13:45:00,2.4304,83.161
2008-02-04 14:00:00,-0.0229,92.301
2008-02-04 14:15:00,2.3527,117.87
2008-02-04 14:30:00,10.042,93.586
2008-02-04 14:45:00,10.322,80.816
2008-02-04 15:00:00,10.802,89.289
2008-02-04 15:15:00,19.068,63.376
2008-02-04 15:30:00,19.448,57.182
2008-02-04 15:45:00,22.053,56.293
2008-02-04 16:00:00,18.155,42.008
2008-02-04 16:15:00,6.9818,25.151
2008-02-04 16:30:00,7.1309,26.836
2008-02-04 16:45:00,6.505,26.79
2008-02-04 17:00:00,3.109,12.173
2008-02-04 17:15:00,1.4379,4.4617
2008-02-04 17:30:00,0.8512,1.3747
2008-02-04 17:45:00,0.1429,-0.0148
2008-02-04 18:00:00,-0.0156,-0.1781
2008-02-04 18:15:00,-0.0353,-0.2523
2008-02-04 18:30:00,0.0182,-0.4787
2008-02-04 18:45:00,-0.0196,-0.3229
2008-02-04 19:00:00,0.0414,-0.308
2008-02-04 19:15:00,-0.0081,-0.2969
2008-02-04 19:30:00,0.0365,-0.2301
2008-02-04 19:45:00,0.0123,-0.1652
2008-02-04 20:00:00,0.0479,-0.0984
2008-02-04 20:15:00,-0.0044,-0.1837
2008-02-04 20:30:00,0.0292,-0.1726
2008-02-04 20:45:00,0.0052,-0.1744
2008-02-04 21:00:00,-0.0328,-0.3062
2008-02-04 21:15:00,-0.0116,-0.3916
2008-02-04 21:30:00,0.0057,-0.4436
2008-02-04 21:45:00,-0.0097,-0.3304
2008-02-04 22:00:00,-0.0149,-0.2301
2008-02-04 22:15:00,-0.0075,-0.2357
2008-02-04 22:30:00,0.0201,-0.284
2008-02-04 22:45:00,0.0161,-0.3155
2008-02-04 23:00:00,-0.0147,-0.3396
2008-02-04 23:15:00,-0.024,-0.2877
2008-02-04 23:30:00,-0.0524,-0.2636
2008-02-04 23:45:00,0.0372,-0.2227
2008-02-05 00:00:00,-0.0029,-0.1838
2008-02-05 00:15:00,-0.0474,-0.1782
2008-02-05 00:30:00,0.0241,-0.1801
2008-02-05 00:45:00,0.027,-0.1949
2008-02-05 01:00:00,-0.0496,-0.1355
2008-02-05 01:15:00,-0.0158,-0.1411
2008-02-05 01:30:00,0.0242,-0.156
2008-02-05 01:45:00,-0.0641,-0.156
2008-02-05 02:00:00,-0.0187,-0.2117
2008-02-05 02:15:00,-0.0162,-0.1392
2008-02-05 02:30:00,0.006,-0.104
2008-02-05 02:45:00,-0.0458,-0.1597
2008-02-05 03:00:00,0.0432,-0.1875
2008-02-05 03:15:00,-0.0181,-0.0965
2008-02-05 03:30:00,0.0589,-0.1318
2008-02-05 03:45:00,0.0218,-0.1838
2008-02-05 04:00:00,-0.0278,-0.1931
2008-02-05 04:15:00,0.0065,-0.0724
2008-02-05 04:30:00,0.0233,-0.0149
2008-02-05 04:45:00,-0.0077,0.0501
2008-02-05 05:00:00,-0.0036,0.0446
2008-02-05 05:15:00,0.0128,-0.026
2008-02-05 05:30:00,0.0369,-0.0501
2008-02-05 05:45:00,0.0085,-0.0408
2008-02-05 06:00:00,-0.0451,-0.1541
2008-02-05 06:15:00,-0.0035,-0.1318
2008-02-05 06:30:00,-0.006,-0.13
2008-02-05 06:45:00,-0.0077,-0.0483
2008-02-05 07:00:00,0.158,0.3379
2008-02-05 07:15:00,0.6725,2.3541
2008-02-05 07:30:00,1.3738,6.7505
2008-02-05 07:45:00,1.3937,15.059
2008-02-05 08:00:00,2.2523,32.588
2008-02-05 08:15:00,3.8635,62.429
2008-02-05 08:30:00,5.7408,115.28
2008-02-05 08:45:00,12.955,201.85
2008-02-05 09:00:00,17.649,229.71
2008-02-05 09:15:00,22.472,295.21
2008-02-05 09:30:00,20.187,242.24
2008-02-05 09:45:00,21.716,275.19
2008-02-05 10:00:00,23.844,357.79
2008-02-05 10:15:00,21.789,584.5
2008-02-05 10:30:00,90.772,720.11
2008-02-05 10:45:00,204.02,850.7
2008-02-05 11:00:00,442.86,1017.9
2008-02-05 11:15:00,521.16,944.67
2008-02-05 11:30:00,551.94,880.99
2008-02-05 11:45:00,617.68,950.91
2008-02-05 12:00:00,418.48,1103.8
2008-02-05 12:15:00,564.53,930.31
2008-02-05 12:30:00,443.86,702.06
2008-02-05 12:45:00,532.36,563.2
2008-02-05 13:00:00,527.91,527.16
2008-02-05 13:15:00,424.41,831.4
2008-02-05 13:30:00,435.24,908.36
2008-02-05 13:45:00,379.18,1210.7
2008-02-05 14:00:00,524.89,987.28
2008-02-05 14:15:00,878.24,1023.3
2008-02-05 14:30:00,513.45,1046.3
2008-02-05 14:45:00,734.11,880.36
2008-02-05 15:00:00,350.08,452.33
2008-02-05 15:15:00,504.78,655.07
2008-02-05 15:30:00,577.23,745.7
2008-02-05 15:45:00,578.51,709.76
2008-02-05 16:00:00,466.66,594.49
2008-02-05 16:15:00,421.62,551.41
2008-02-05 16:30:00,332.83,458.77
2008-02-05 16:45:00,224.31,344.55
2008-02-05 17:00:00,89.284,182.13
2008-02-05 17:15:00,17.324,11.476
2008-02-05 17:30:00,11.267,2.5895
2008-02-05 17:45:00,2.231,-2.3614
2008-02-05 18:00:00,0.4697,-3.3262
2008-02-05 18:15:00,0.0167,-3.113
2008-02-05 18:30:00,0.0079,-3.0447
2008-02-05 18:45:00,0.0085,-2.8111
2008-02-05 19:00:00,0.0152,-2.6722
2008-02-05 19:15:00,0.0087,-2.626
2008-02-05 19:30:00,0.0103,-2.2458
2008-02-05 19:45:00,-0.0465,-2.5282
2008-02-05 20:00:00,0.0561,-2.5266
2008-02-05 20:15:00,-0.0008,-2.6419
2008-02-05 20:30:00,-0.0282,-2.7756
2008-02-05 20:45:00,0.0089,-2.9613
2008-02-05 21:00:00,0.0159,-2.6178
2008-02-05 21:15:00,-0.0153,-2.8481
2008-02-05 21:30:00,-0.009,-2.592
2008-02-05 21:45:00,0.0233,-2.659
2008-02-05 22:00:00,0.005,-2.7371
2008-02-05 22:15:00,0.0315,-2.8281
2008-02-05 22:30:00,0.0203,-2.7686
2008-02-05 22:45:00,0.0274,-2.4975
2008-02-05 23:00:00,0.0138,-2.5978
2008-02-05 23:15:00,0.0135,-2.804
2008-02-05 23:30:00,0.0723,-3.3647
2008-02-05 23:45:00,0.0061,-3.7973
2008-02-06 00:00:00,-0.0057,-3.5076
2008-02-06 00:15:00,-0.0128,-3.3146
2008-02-06 00:30:00,0.0039,-2.5905
2008-02-06 00:45:00,0.0021,-2.8004
2008-02-06 01:00:00,0.007,-2.3604
2008-02-06 01:15:00,0.0088,-1.157
2008-02-06 01:30:00,-0.0218,-0.8005
2008-02-06 01:45:00,-0.0167,-1.562
2008-02-06 02:00:00,0.0292,-3.1423
2008-02-06 02:15:00,0.0033,-3.3667
2008-02-06 02:30:00,0.0142,-2.5475
2008-02-06 02:45:00,-0.006,-2.8667
2008-02-06 03:00:00,0.0058,-3.2936
2008-02-06 03:15:00,0.0195,-2.8628
2008-02-06 03:30:00,0.0255,-2.3967
2008-02-06 03:45:00,-0.0023,-2.4224
2008-02-06 04:00:00,0.0086,-2.554
2008-02-06 04:15:00,0.0054,-3.2443
2008-02-06 04:30:00,0.0055,-3.3853
2008-02-06 04:45:00,-0.0011,-3.5967
2008-02-06 05:00:00,-0.0058,-3.7059
2008-02-06 05:15:00,-0.006,-3.2919
2008-02-06 05:30:00,-0.0055,-3.1953
2008-02-06 05:45:00,-0.0046,-3.0783
2008-02-06 06:00:00,0.0296,-3.0077
2008-02-06 06:15:00,-0.0291,-1.642
2008-02-06 06:30:00,0.1618,-2.0873
2008-02-06 06:45:00,0.977,-2.0056
2008-02-06 07:00:00,6.5165,13.137
2008-02-06 07:15:00,33.462,89.547
2008-02-06 07:30:00,136.85,192.61
2008-02-06 07:45:00,229.93,271.58
2008-02-06 08:00:00,116.63,158.55
2008-02-06 08:15:00,13.929,36.91
2008-02-06 08:30:00,4.4008,47.906
2008-02-06 08:45:00,15.301,66.924
2008-02-06 09:00:00,43.54,95.609
2008-02-06 09:15:00,60.761,112.98
2008-02-06 09:30:00,73.755,128.26
2008-02-06 09:45:00,110.07,166.12
2008-02-06 10:00:00,378.75,395.16
2008-02-06 10:15:00,559.1,852.07
2008-02-06 10:30:00,866.25,999.51
2008-02-06 10:45:00,593.53,1052.4
2008-02-06 11:00:00,196.21,979.91
2008-02-06 11:15:00,418.11,1141.7
2008-02-06 11:30:00,113.51,1111.1
2008-02-06 11:45:00,492.88,631.15
2008-02-06 12:00:00,218.34,254.55
2008-02-06 12:15:00,146.46,1090.8
2008-02-06 12:30:00,176.23,1162.6
2008-02-06 12:45:00,186.39,843.74
2008-02-06 13:00:00,213.32,1163.2
2008-02-06 13:15:00,275.55,1135.1
2008-02-06 13:30:00,210.99,1109.5
2008-02-06 13:45:00,241.47,1118.9
2008-02-06 14:00:00,211.99,1205.2
2008-02-06 14:15:00,193.12,1139.8
2008-02-06 14:30:00,323.89,1111.5
2008-02-06 14:45:00,399.29,987.46
2008-02-06 15:00:00,919.44,869.07
2008-02-06 15:15:00,841.01,792.79
2008-02-06 15:30:00,759.48,725.23
2008-02-06 15:45:00,675.64,651.97
2008-02-06 16:00:00,583.15,570.15
2008-02-06 16:15:00,358.89,380.62
2008-02-06 16:30:00,44.932,91.148
2008-02-06 16:45:00,14.416,29.468
2008-02-06 17:00:00,13.251,20.881
2008-02-06 17:15:00,15.952,8.5357
2008-02-06 17:30:00,5.0012,2.2013
2008-02-06 17:45:00,1.3592,-0.9792
2008-02-06 18:00:00,0.157,-0.8921
2008-02-06 18:15:00,-0.019,-1.0796
2008-02-06 18:30:00,0.0044,-1.6789
2008-02-06 18:45:00,-0.0157,-2.4988
2008-02-06 19:00:00,-0.0179,-2.395
2008-02-06 19:15:00,-0.0863,-2.2597
2008-02-06 19:30:00,-0.0276,-2.2228
2008-02-06 19:45:00,0.0503,-2.6199
2008-02-06 20:00:00,0.0094,-2.2767
2008-02-06 20:15:00,0.0317,-2.4456
2008-02-06 20:30:00,0.057,-2.1878
2008-02-06 20:45:00,0.0738,-2.2195
2008-02-06 21:00:00,-0.0509,-1.867
2008-02-06 21:15:00,0.0205,-1.7055
2008-02-06 21:30:00,-0.0394,-1.6276
2008-02-06 21:45:00,-0.0104,-2.1195
2008-02-06 22:00:00,-0.0001,-2.37
2008-02-06 22:15:00,-0.0653,-2.5221
2008-02-06 22:30:00,-0.0066,-2.4609
2008-02-06 22:45:00,0.0032,-2.1752
2008-02-06 23:00:00,0.0078,-2.0174
2008-02-06 23:15:00,-0.0398,-1.7428
2008-02-06 23:30:00,-0.0298,-1.9098
2008-02-06 23:45:00,-0.0292,-2.1214
2008-02-07 00:00:00,-0.0247,-2.3312
2008-02-07 00:15:00,0.0247,-2.6096
2008-02-07 00:30:00,-0.0123,-2.7451
2008-02-07 00:45:00,0.0351,-2.6858
2008-02-07 01:00:00,0.0257,-2.4427
2008-02-07 01:15:00,-0.0111,-2.5392
2008-02-07 01:30:00,-0.0175,-2.7935
2008-02-07 01:45:00,-0.017,-2.7843
2008-02-07 02:00:00,-0.0316,-2.7676
2008-02-07 02:15:00,-0.0005,-2.8864
2008-02-07 02:30:00,0.0337,-2.5895
2008-02-07 02:45:00,0.0132,-2.9868
2008-02-07 03:00:00,-0.0087,-2.7399
2008-02-07 03:15:00,0.0407,-3.0574
2008-02-07 03:30:00,0.0191,-3.1557
2008-02-07 03:45:00,0.0227,-2.8866
2008-02-07 04:00:00,-0.0031,-3.8055
2008-02-07 04:15:00,-0.0581,-3.4177
2008-02-07 04:30:00,0.0164,-3.1745
2008-02-07 04:45:00,0.0117,-2.7904
2008-02-07 05:00:00,-0.0035,-2.2594
2008-02-07 05:15:00,0.0189,-2.2613
2008-02-07 05:30:00,0.0061,-1.9364
2008-02-07 05:45:00,0.0082,-2.3152
2008-02-07 06:00:00,0.0132,-2.1574
2008-02-07 06:15:00,0.0168,-3.1079
2008-02-07 06:30:00,0.034,-2.8462
2008-02-07 06:45:00,0.754,-2.5249
2008-02-07 07:00:00,8.1066,3.301
2008-02-07 07:15:00,13.901,57.489
2008-02-07 07:30:00,103.59,172.15
2008-02-07 07:45:00,193.31,243.79
2008-02-07 08:00:00,241.97,281.53
2008-02-07 08:15:00,391.44,405.41
2008-02-07 08:30:00,147.18,197.85
2008-02-07 08:45:00,83.332,131.61
2008-02-07 09:00:00,57.612,106.15
2008-02-07 09:15:00,84.838,132.55
2008-02-07 09:30:00,202.33,233.98
2008-02-07 09:45:00,81.425,132.98
2008-02-07 10:00:00,80.963,134.45
2008-02-07 10:15:00,122.25,174.32
2008-02-07 10:30:00,362.48,378.41
2008-02-07 10:45:00,415.8,432.4
2008-02-07 11:00:00,636.26,626.44
2008-02-07 11:15:00,410.1,417.24
2008-02-07 11:30:00,363.43,376.01
2008-02-07 11:45:00,450.56,448.62
2008-02-07 12:00:00,332.58,352.38
2008-02-07 12:15:00,320.9,586.5
2008-02-07 12:30:00,411.26,771.52
2008-02-07 12:45:00,203.01,962.56
2008-02-07 13:00:00,114.32,865.29
2008-02-07 13:15:00,233.04,776.88
2008-02-07 13:30:00,874.21,854.23
2008-02-07 13:45:00,215.79,1039.5
2008-02-07 14:00:00,428.25,1127.5
2008-02-07 14:15:00,502.14,1109.1
2008-02-07 14:30:00,293.8,1058.5
2008-02-07 14:45:00,566.64,1003.9
2008-02-07 15:00:00,498.64,894.76
2008-02-07 15:15:00,798.93,773.41
2008-02-07 15:30:00,722.89,699.6
2008-02-07 15:45:00,516.19,534.32
2008-02-07 16:00:00,318.56,352.26
2008-02-07 16:15:00,19.699,82.775
2008-02-07 16:30:00,3.2996,47.48
2008-02-07 16:45:00,13.251,27.188
2008-02-07 17:00:00,20.249,12.45
2008-02-07 17:15:00,12.166,6.5719
2008-02-07 17:30:00,3.6383,2.6819
2008-02-07 17:45:00,1.1228,0.4078
2008-02-07 18:00:00,0.1154,-0.3652
2008-02-07 18:15:00,0.0134,-0.6599
2008-02-07 18:30:00,-0.0044,-0.7081
2008-02-07 18:45:00,-0.0122,-1.3718
2008-02-07 19:00:00,-0.009,-1.2773
2008-02-07 19:15:00,0.0322,-0.7916
2008-02-07 19:30:00,0.0139,-0.8676
2008-02-07 19:45:00,0.0012,-1.2477
2008-02-07 20:00:00,0.0265,-0.5803
2008-02-07 20:15:00,-0.0236,-1.3294
2008-02-07 20:30:00,0.0048,-0.9308
2008-02-07 20:45:00,-0.0456,-0.9549
2008-02-07 21:00:00,0.0012,-0.4951
2008-02-07 21:15:00,-0.0206,-0.5062
2008-02-07 21:30:00,-0.0206,-1.4668
2008-02-07 21:45:00,-0.0241,-1.5837
2008-02-07 22:00:00,-0.0016,-1.8508
2008-02-07 22:15:00,0.0237,-2.2514
2008-02-07 22:30:00,-0.0071,-1.8174
2008-02-07 22:45:00,-0.0285,-0.7845
2008-02-07 23:00:00,-0.0015,-0.9978
2008-02-07 23:15:00,-0.0255,-2.0531
2008-02-07 23:30:00,0.0285,-2.1718
2008-02-07 23:45:00,0.0194,-1.7805
2008-02-08 00:00:00,-0.0105,-0.345
2008-02-08 00:15:00,-0.0029,-1.1945
2008-02-08 00:30:00,0.0215,-2.6766
2008-02-08 00:45:00,0.0235,-2.1572
2008-02-08 01:00:00,0.018,-1.3393
2008-02-08 01:15:00,-0.0006,-1.9793
2008-02-08 01:30:00,-0.0256,-2.751
2008-02-08 01:45:00,0.0303,-2.4023
2008-02-08 02:00:00,0.0496,-2.0591
2008-02-08 02:15:00,0.0118,-1.6362
2008-02-08 02:30:00,-0.0414,-1.9663
2008-02-08 02:45:00,0.0041,-2.3096
2008-02-08 03:00:00,0.0301,-2.3133
2008-02-08 03:15:00,0.0136,-3.0961
2008-02-08 03:30:00,-0.0553,-2.8866
2008-02-08 03:45:00,-0.0385,-3.3522
2008-02-08 04:00:00,-0.1321,-3.0034
2008-02-08 04:15:00,-0.009,-2.9181
2008-02-08 04:30:00,0.0406,-2.8402
2008-02-08 04:45:00,-0.0359,-2.5842
2008-02-08 05:00:00,0.0131,-2.8384
2008-02-08 05:15:00,-0.0042,-2.0017
2008-02-08 05:30:00,0.0086,-1.8941
2008-02-08 05:45:00,0.0206,-2.9961
2008-02-08 06:00:00,-0.0458,-3.2948
2008-02-08 06:15:00,0.0109,-2.4843
2008-02-08 06:30:00,0.0611,-1.7404
2008-02-08 06:45:00,0.8172,-2.5161
2008-02-08 07:00:00,3.2109,-1.0929
2008-02-08 07:15:00,16.015,36.886
2008-02-08 07:30:00,71.032,141.24
2008-02-08 07:45:00,169.34,227.01
2008-02-08 08:00:00,272.46,312.97
2008-02-08 08:15:00,376.46,400.28
2008-02-08 08:30:00,468.79,479.43
2008-02-08 08:45:00,551.34,554.05
2008-02-08 09:00:00,626.83,625.73
2008-02-08 09:15:00,685.34,685.96
2008-02-08 09:30:00,765.21,757.31
2008-02-08 09:45:00,826.91,817.53
2008-02-08 10:00:00,248.36,876.59
2008-02-08 10:15:00,383.81,932.02
2008-02-08 10:30:00,537.46,974.76
2008-02-08 10:45:00,768.8,1012.3
2008-02-08 11:00:00,370.89,1053.6
2008-02-08 11:15:00,505.89,1090.6
2008-02-08 11:30:00,361.42,1122.4
2008-02-08 11:45:00,499.02,1163.7
2008-02-08 12:00:00,87.722,849.13
2008-02-08 12:15:00,396.05,435.4
2008-02-08 12:30:00,216.36,249.27
2008-02-08 12:45:00,225.42,259.1
2008-02-08 13:00:00,191.01,225.4
2008-02-08 13:15:00,182.5,216.32
2008-02-08 13:30:00,148.56,188.39
2008-02-08 13:45:00,141.8,360.71
2008-02-08 14:00:00,328.15,1154.6
2008-02-08 14:15:00,461.41,1170.1
2008-02-08 14:30:00,300.46,1088.7
2008-02-08 14:45:00,408.78,1056.9
2008-02-08 15:00:00,363.61,992.15
2008-02-08 15:15:00,844.75,853.81
2008-02-08 15:30:00,806.95,786.49
2008-02-08 15:45:00,705.51,683.42
2008-02-08 16:00:00,603.87,596.14
2008-02-08 16:15:00,516.3,524.72
2008-02-08 16:30:00,420.93,445.75
2008-02-08 16:45:00,75.278,132.11
2008-02-08 17:00:00,4.5491,54.655
2008-02-08 17:15:00,17.405,12.534
2008-02-08 17:30:00,11.397,3.5795
2008-02-08 17:45:00,2.2637,-1.1957
2008-02-08 18:00:00,0.5366,-2.1987
2008-02-08 18:15:00,0.0273,-2.5736
2008-02-08 18:30:00,-0.02,-2.5034
2008-02-08 18:45:00,-0.0168,-3.0394
2008-02-08 19:00:00,0.0141,-2.9227
2008-02-08 19:15:00,-0.0594,-2.7762
2008-02-08 19:30:00,-0.069,-3.2807
2008-02-08 19:45:00,-0.0092,-2.9321
2008-02-08 20:00:00,0.0244,-2.8338
2008-02-08 20:15:00,0.0406,-3.7835
2008-02-08 20:30:00,-0.0632,-2.4908
2008-02-08 20:45:00,-0.0132,-2.4241
2008-02-08 21:00:00,0.0128,-2.8321
2008-02-08 21:15:00,0.0161,-2.5558
2008-02-08 21:30:00,0.0006,-2.3814
2008-02-08 21:45:00,-0.0098,-1.6618
2008-02-08 22:00:00,0.0126,-1.5654
2008-02-08 22:15:00,-0.0217,-1.0702
2008-02-08 22:30:00,0.0123,-1.341
2008-02-08 22:45:00,-0.0523,-1.4485
2008-02-08 23:00:00,0.0331,-1.4615
2008-02-08 23:15:00,-0.0024,-1.736
2008-02-08 23:30:00,-0.0398,-2.5168
2008-02-08 23:45:00,-0.0356,-2.9563
2008-02-09 00:00:00,-0.012,-2.7672
2008-02-09 00:15:00,0.0196,-3.3347
2008-02-09 00:30:00,0.0262,-1.914
2008-02-09 00:45:00,0.0285,-2.3315
2008-02-09 01:00:00,0.0561,-3.0196
2008-02-09 01:15:00,-0.013,-3.2868
2008-02-09 01:30:00,0.0282,-2.8435
2008-02-09 01:45:00,0.0582,-2.2314
2008-02-09 02:00:00,-0.0193,-2.1295
2008-02-09 02:15:00,0.0431,-3.2184
2008-02-09 02:30:00,-0.0052,-2.187
2008-02-09 02:45:00,-0.0439,-1.6824
2008-02-09 03:00:00,-0.018,-1.7826
2008-02-09 03:15:00,-0.0224,-2.3483
2008-02-09 03:30:00,0.0657,-2.7413
2008-02-09 03:45:00,-0.0177,-2.8544
2008-02-09 04:00:00,-0.0314,-2.7041
2008-02-09 04:15:00,-0.0136,-3.1454
2008-02-09 04:30:00,0.0231,-2.168
2008-02-09 04:45:00,0.0602,-2.2719
2008-02-09 05:00:00,0.0263,-2.4036
2008-02-09 05:15:00,-0.013,-2.6799
2008-02-09 05:30:00,-0.0141,-2.8672
2008-02-09 05:45:00,0.0495,-2.7207
2008-02-09 06:00:00,0.0001,-3.188
2008-02-09 06:15:00,-0.0135,-3.329
2008-02-09 06:30:00,0.1017,-3.5737
2008-02-09 06:45:00,0.957,-3.4346
2008-02-09 07:00:00,4.8514,0.7047
2008-02-09 07:15:00,13.033,58.156
2008-02-09 07:30:00,80.19,148.55
2008-02-09 07:45:00,178.28,235.15
2008-02-09 08:00:00,236.38,282.41
2008-02-09 08:15:00,322.31,356.23
2008-02-09 08:30:00,360.85,388.78
2008-02-09 08:45:00,468.69,483.88
2008-02-09 09:00:00,623.67,626.76
2008-02-09 09:15:00,665.09,664.34
2008-02-09 09:30:00,746.69,748.68
2008-02-09 09:45:00,807.73,805.21
2008-02-09 10:00:00,862.52,859.75
2008-02-09 10:15:00,920.2,920.72
2008-02-09 10:30:00,932.42,951.2
2008-02-09 10:45:00,959.13,993.43
2008-02-09 11:00:00,353.26,1031.2
2008-02-09 11:15:00,858.82,1070.3
2008-02-09 11:30:00,535.37,956.87
2008-02-09 11:45:00,207.44,901.39
2008-02-09 12:00:00,365.71,1020.6
2008-02-09 12:15:00,251.79,1065.3
2008-02-09 12:30:00,738.07,985.67
2008-02-09 12:45:00,230.41,1167.6
2008-02-09 13:00:00,511.03,1191.8
2008-02-09 13:15:00,457.09,1093.7
2008-02-09 13:30:00,314.85,1003.7
2008-02-09 13:45:00,301.69,891.47
2008-02-09 14:00:00,315.88,1032.2
2008-02-09 14:15:00,518.28,940.51
2008-02-09 14:30:00,499.89,920.01
2008-02-09 14:45:00,521.56,894.81
2008-02-09 15:00:00,803.91,808.14
2008-02-09 15:15:00,733.8,742.47
2008-02-09 15:30:00,685.63,704.88
2008-02-09 15:45:00,599.65,621.11
2008-02-09 16:00:00,542.88,567.69
2008-02-09 16:15:00,473.94,508.69
2008-02-09 16:30:00,367.43,414.52
2008-02-09 16:45:00,269.6,327.57
2008-02-09 17:00:00,158.44,234.5
2008-02-09 17:15:00,18.104,16.604
2008-02-09 17:30:00,17.185,3.9468
2008-02-09 17:45:00,3.9084,-1.9041
2008-02-09 18:00:00,0.8351,-3.8993
2008-02-09 18:15:00,0.0167,-1.734
2008-02-09 18:30:00,-0.0278,-1.3618
2008-02-09 18:45:00,-0.0016,-1.8659
2008-02-09 19:00:00,0.0055,-1.942
2008-02-09 19:15:00,-0.0584,-1.8013
2008-02-09 19:30:00,0.0066,-1.4215
2008-02-09 19:45:00,-0.0108,-1.1361
2008-02-09 20:00:00,-0.0078,-1.3696
2008-02-09 20:15:00,-0.0045,-1.4919
2008-02-09 20:30:00,-0.005,-4.0421
2008-02-09 20:45:00,-0.0108,-3.5584
2008-02-09 21:00:00,0.0134,-3.6622
2008-02-09 21:15:00,0.0113,-4.563
2008-02-09 21:30:00,0.0045,-4.3483
2008-02-09 21:45:00,-0.0403,-4.1038
2008-02-09 22:00:00,-0.0191,-3.3645
2008-02-09 22:15:00,-0.0035,-3.3166
2008-02-09 22:30:00,-0.037,-2.7532
2008-02-09 22:45:00,0.022,-3.2169
2008-02-09 23:00:00,-0.0638,-3.4302
2008-02-09 23:15:00,0.0077,-2.6386
2008-02-09 23:30:00,-0.0097,-2.42
2008-02-09 23:45:00,-0.0077,-3.0171
2008-02-10 00:00:00,0.014,-2.4609
2008-02-10 00:15:00,-0.0352,-1.8303
2008-02-10 00:30:00,0.0404,-0.9421
2008-02-10 00:45:00,-0.0218,-0.2592
2008-02-10 01:00:00,0.0378,-0.9347
2008-02-10 01:15:00,-0.0053,-1.1052
2008-02-10 01:30:00,-0.015,-2.6444
2008-02-10 01:45:00,-0.0553,-3.2784
2008-02-10 02:00:00,-0.068,-3.8363
2008-02-10 02:15:00,0.0206,-3.5972
2008-02-10 02:30:00,0.056,-3.4245
2008-02-10 02:45:00,0.0664,-3.2317
2008-02-10 03:00:00,0.0017,-3.1353
2008-02-10 03:15:00,-0.0188,-3.2558
2008-02-10 03:30:00,-0.0566,-2.8202
2008-02-10 03:45:00,0.022,-2.7275
2008-02-10 04:00:00,0.0154,-2.5161
2008-02-10 04:15:00,0.0362,-2.7423
2008-02-10 04:30:00,0.0093,-2.6849
2008-02-10 04:45:00,0.0099,-2.6368
2008-02-10 05:00:00,-0.0084,-2.9539
2008-02-10 05:15:00,-0.0095,-2.8408
2008-02-10 05:30:00,-0.0771,-2.8704
2008-02-10 05:45:00,0.0234,-1.6132
2008-02-10 06:00:00,-0.0058,-2.0712
2008-02-10 06:15:00,0.0067,-2.6163
2008-02-10 06:30:00,0.172,-2.8628
2008-02-10 06:45:00,1.094,-2.3955
2008-02-10 07:00:00,15.091,5.6347
2008-02-10 07:15:00,9.4937,25.478
2008-02-10 07:30:00,10.428,47.276
2008-02-10 07:45:00,5.1696,30.406
2008-02-10 08:00:00,-2.3958,41.929
2008-02-10 08:15:00,-1.2636,48.482
2008-02-10 08:30:00,-5.3617,44.484
2008-02-10 08:45:00,-1.6196,49.108
2008-02-10 09:00:00,6.0415,56.376
2008-02-10 09:15:00,5.9803,57.942
2008-02-10 09:30:00,8.6822,61.088
2008-02-10 09:45:00,10.473,63.29
2008-02-10 10:00:00,18.655,74.013
2008-02-10 10:15:00,38.717,91.701
2008-02-10 10:30:00,37.274,89.108
2008-02-10 10:45:00,36.602,89.895
2008-02-10 11:00:00,45.882,96.57
2008-02-10 11:15:00,48.607,102.81
2008-02-10 11:30:00,63.826,118.34
2008-02-10 11:45:00,272.67,844.82
2008-02-10 12:00:00,191.89,1097.2
2008-02-10 12:15:00,573.4,1063.7
2008-02-10 12:30:00,246.32,1043.5
2008-02-10 12:45:00,295.59,1050.1
2008-02-10 13:00:00,474.43,1060.2
2008-02-10 13:15:00,315.31,1055.4
2008-02-10 13:30:00,522.07,1026.5
2008-02-10 13:45:00,565.59,999.68
2008-02-10 14:00:00,540.09,996.85
2008-02-10 14:15:00,961.6,967.89
2008-02-10 14:30:00,920.98,923.11
2008-02-10 14:45:00,861.77,875.09
2008-02-10 15:00:00,564.45,593.5
2008-02-10 15:15:00,373.52,406.04
2008-02-10 15:30:00,562.67,569.31
2008-02-10 15:45:00,445.55,466.13
2008-02-10 16:00:00,605.68,615.81
2008-02-10 16:15:00,552.8,576.44
2008-02-10 16:30:00,439.6,474.1
2008-02-10 16:45:00,334.21,383.49
2008-02-10 17:00:00,174.03,242.66
2008-02-10 17:15:00,13.394,39.468
2008-02-10 17:30:00,18.814,12.236
2008-02-10 17:45:00,3.6717,-1.1372
2008-02-10 18:00:00,0.7469,-3.9746
2008-02-10 18:15:00,0.0114,-3.7118
2008-02-10 18:30:00,-0.0129,-3.8882
2008-02-10 18:45:00,-0.0201,-3.8534
2008-02-10 19:00:00,-0.0307,-3.7351
2008-02-10 19:15:00,-0.0292,-3.389
2008-02-10 19:30:00,-0.0414,-1.729
2008-02-10 19:45:00,-0.0459,-3.7288
2008-02-10 20:00:00,0.0422,-4.2904
2008-02-10 20:15:00,-0.0147,-3.5269
2008-02-10 20:30:00,-0.0369,-3.4789
2008-02-10 20:45:00,0.0039,-1.1251
2008-02-10 21:00:00,-0.0361,-1.8277
2008-02-10 21:15:00,0.0528,-1.6571
2008-02-10 21:30:00,-0.0236,-3.7758
2008-02-10 21:45:00,-0.0156,-4.2577
2008-02-10 22:00:00,-0.0089,-4.0261
2008-02-10 22:15:00,0.0005,-3.8315
2008-02-10 22:30:00,0.0003,-3.6759
2008-02-10 22:45:00,-0.0286,-3.2756
2008-02-10 23:00:00,0.003,-2.2616
2008-02-10 23:15:00,0.0103,-1.6815
2008-02-10 23:30:00,0.0058,-1.8465
2008-02-10 23:45:00,-0.0273,-2.7198
2008-02-11 00:00:00,-0.0233,-2.0802
2008-02-11 00:15:00,-0.0104,-2.4251
2008-02-11 00:30:00,-0.018,-2.7069
2008-02-11 00:45:00,-0.0443,-3.0388
2008-02-11 01:00:00,-0.0337,-2.6938
2008-02-11 01:15:00,0.0237,-3.3926
2008-02-11 01:30:00,0.0285,-1.2736
2008-02-11 01:45:00,-0.0615,-2.0838
2008-02-11 02:00:00,0.0102,-2.4397
2008-02-11 02:15:00,-0.0491,-1.7389
2008-02-11 02:30:00,0.0013,-2.0911
2008-02-11 02:45:00,-0.0246,-2.3005
2008-02-11 03:00:00,0.0012,-1.1623
2008-02-11 03:15:00,0.0394,-1.6517
2008-02-11 03:30:00,0.0242,-3.016
2008-02-11 03:45:00,-0.0253,-2.6064
2008-02-11 04:00:00,-0.0108,-3.3831
2008-02-11 04:15:00,-0.023,-3.0864
2008-02-11 04:30:00,-0.022,-2.7399
2008-02-11 04:45:00,-0.0026,-2.0391
2008-02-11 05:00:00,0.0252,-1.5441
2008-02-11 05:15:00,-0.0099,-1.5257
2008-02-11 05:30:00,-0.0304,-1.5015
2008-02-11 05:45:00,0.0057,-1.4793
2008-02-11 06:00:00,0.039,-1.6831
2008-02-11 06:15:00,-0.0015,-1.2234
2008-02-11 06:30:00,-0.0332,-1.2104
2008-02-11 06:45:00,0.6595,-1.2066
2008-02-11 07:00:00,2.5658,0.3114
2008-02-11 07:15:00,15.307,7.5251
2008-02-11 07:30:00,9.8686,22.148
2008-02-11 07:45:00,-1.2717,41.713
2008-02-11 08:00:00,12.729,68.929
2008-02-11 08:15:00,16.631,73.45
2008-02-11 08:30:00,24.02,85.78
2008-02-11 08:45:00,51.325,109.24
2008-02-11 09:00:00,164.68,210.58
2008-02-11 09:15:00,452.63,457.94
2008-02-11 09:30:00,385.82,424.52
2008-02-11 09:45:00,782.64,750.04
2008-02-11 10:00:00,988.39,936.79
2008-02-11 10:15:00,1037.6,990.31
2008-02-11 10:30:00,988.15,1020.8
2008-02-11 10:45:00,355.47,1004.4
2008-02-11 11:00:00,489.01,866.57
2008-02-11 11:15:00,717.63,676.96
2008-02-11 11:30:00,523.76,850.37
2008-02-11 11:45:00,676.25,1147.6
2008-02-11 12:00:00,129.03,1120.2
2008-02-11 12:15:00,594.98,1152.9
2008-02-11 12:30:00,318.23,1131.0
2008-02-11 12:45:00,501.55,1119.2
2008-02-11 13:00:00,230.78,765.38
2008-02-11 13:15:00,74.1,633.01
2008-02-11 13:30:00,186.17,348.84
2008-02-11 13:45:00,178.0,916.51
2008-02-11 14:00:00,324.7,548.07
2008-02-11 14:15:00,87.634,254.8
2008-02-11 14:30:00,342.85,377.89
2008-02-11 14:45:00,460.6,912.76
2008-02-11 15:00:00,257.79,640.62
2008-02-11 15:15:00,270.62,456.24
2008-02-11 15:30:00,11.069,36.632
2008-02-11 15:45:00,39.82,64.11
2008-02-11 16:00:00,138.56,182.08
2008-02-11 16:15:00,89.926,139.68
2008-02-11 16:30:00,25.122,78.962
2008-02-11 16:45:00,22.398,54.005
2008-02-11 17:00:00,15.382,21.004
2008-02-11 17:15:00,16.927,14.638
2008-02-11 17:30:00,4.1392,2.4545
2008-02-11 17:45:00,1.3705,-0.0241
2008-02-11 18:00:00,0.2821,-0.6898
2008-02-11 18:15:00,0.0412,-1.0348
2008-02-11 18:30:00,-0.0071,-1.0199
2008-02-11 18:45:00,-0.0162,-1.0886
2008-02-11 19:00:00,0.0023,-1.3705
2008-02-11 19:15:00,-0.0993,-1.8936
2008-02-11 19:30:00,-0.059,-1.9493
2008-02-11 19:45:00,-0.0052,-1.8734
2008-02-11 20:00:00,-0.02,-0.7976
2008-02-11 20:15:00,0.0115,-0.6177
2008-02-11 20:30:00,0.0215,-0.4137
2008-02-11 20:45:00,-0.0005,-0.5528
2008-02-11 21:00:00,-0.0304,-0.6864
2008-02-11 21:15:00,-0.005,-1.076
2008-02-11 21:30:00,-0.0494,-1.5694
2008-02-11 21:45:00,-0.0144,-0.8608
2008-02-11 22:00:00,-0.0358,-0.8701
2008-02-11 22:15:00,-0.001,-0.7328
2008-02-11 22:30:00,-0.0026,-0.371
2008-02-11 22:45:00,-0.0064,-0.2393
2008-02-11 23:00:00,-0.0191,-0.2913
2008-02-11 23:15:00,0.0197,-0.4304
2008-02-11 23:30:00,0.0051,-0.8237
2008-02-11 23:45:00,0.0113,-1.5157
2008-02-12 00:00:00,0.0105,-1.5583
2008-02-12 00:15:00,-0.0156,-0.6586
2008-02-12 00:30:00,-0.0505,-0.7458
2008-02-12 00:45:00,-0.0296,-0.9331
2008-02-12 01:00:00,-0.0024,-1.5157
2008-02-12 01:15:00,-0.0241,-1.358
2008-02-12 01:30:00,-0.0116,-1.4285
2008-02-12 01:45:00,0.0279,-1.5843
2008-02-12 02:00:00,-0.0747,-1.6993
2008-02-12 02:15:00,0.0094,-1.7698
2008-02-12 02:30:00,-0.0508,-1.4693
2008-02-12 02:45:00,0.011,-1.5657
2008-02-12 03:00:00,0.0358,-1.332
2008-02-12 03:15:00,-0.0546,-1.1669
2008-02-12 03:30:00,-0.012,-1.3153
2008-02-12 03:45:00,-0.0601,-1.4433
2008-02-12 04:00:00,-0.0019,-1.3635
2008-02-12 04:15:00,0.0261,-1.1391
2008-02-12 04:30:00,0.0003,-1.306
2008-02-12 04:45:00,-0.0311,-1.7346
2008-02-12 05:00:00,0.0637,-1.7049
2008-02-12 05:15:00,-0.0097,-1.6251
2008-02-12 05:30:00,-0.0277,-1.5324
2008-02-12 05:45:00,-0.0353,-0.4304
2008-02-12 06:00:00,0.0056,-0.9443
2008-02-12 06:15:00,-0.0278,-1.6251
2008-02-12 06:30:00,0.0411,-1.844
2008-02-12 06:45:00,0.7901,-1.6585
2008-02-12 07:00:00,3.2807,0.6456
2008-02-12 07:15:00,14.64,6.5319
2008-02-12 07:30:00,8.7511,22.093
2008-02-12 07:45:00,2.8425,31.539
2008-02-12 08:00:00,0.7172,39.737
2008-02-12 08:15:00,21.374,72.455
2008-02-12 08:30:00,63.059,113.61
2008-02-12 08:45:00,76.026,128.17
2008-02-12 09:00:00,216.88,248.11
2008-02-12 09:15:00,432.19,430.07
2008-02-12 09:30:00,659.22,632.86
2008-02-12 09:45:00,760.49,725.69
2008-02-12 10:00:00,667.21,653.35
2008-02-12 10:15:00,455.91,472.41
2008-02-12 10:30:00,588.14,566.54
2008-02-12 10:45:00,460.53,468.22
2008-02-12 11:00:00,352.07,362.65
2008-02-12 11:15:00,528.19,514.0
2008-02-12 11:30:00,508.59,499.2
2008-02-12 11:45:00,176.12,378.86
2008-02-12 12:00:00,159.3,205.32
2008-02-12 12:15:00,183.67,223.39
2008-02-12 12:30:00,169.69,310.82
2008-02-12 12:45:00,179.77,451.69
2008-02-12 13:00:00,209.3,455.69
2008-02-12 13:15:00,248.51,579.53
2008-02-12 13:30:00,155.91,991.12
2008-02-12 13:45:00,308.03,1093.0
2008-02-12 14:00:00,373.94,891.12
2008-02-12 14:15:00,253.02,1014.7
2008-02-12 14:30:00,977.63,968.18
2008-02-12 14:45:00,910.44,894.7
2008-02-12 15:00:00,852.5,830.61
2008-02-12 15:15:00,784.21,762.04
2008-02-12 15:30:00,684.62,675.6
2008-02-12 15:45:00,600.13,601.26
2008-02-12 16:00:00,504.89,520.74
2008-02-12 16:15:00,411.57,435.73
2008-02-12 16:30:00,306.22,345.05
2008-02-12 16:45:00,85.772,143.65
2008-02-12 17:00:00,163.31,229.38
2008-02-12 17:15:00,29.018,52.078
2008-02-12 17:30:00,17.086,7.4351
2008-02-12 17:45:00,4.1485,-0.2354
2008-02-12 18:00:00,0.9393,-3.1841
2008-02-12 18:15:00,0.1174,-3.1286
2008-02-12 18:30:00,-0.0087,-3.4791
2008-02-12 18:45:00,-0.0013,-3.4793
2008-02-12 19:00:00,-0.0034,-3.2941
2008-02-12 19:15:00,0.0237,-3.2831
2008-02-12 19:30:00,0.0233,-3.4225
2008-02-12 19:45:00,-0.0277,-3.827
2008-02-12 20:00:00,0.0212,-3.8569
2008-02-12 20:15:00,0.0513,-3.4418
2008-02-12 20:30:00,-0.0111,-3.3734
2008-02-12 20:45:00,0.0517,-3.3439
2008-02-12 21:00:00,0.0012,-3.3941
2008-02-12 21:15:00,0.015,-3.0289
2008-02-12 21:30:00,-0.0222,-2.9086
2008-02-12 21:45:00,-0.0218,-2.6342
2008-02-12 22:00:00,0.0299,-2.3523
2008-02-12 22:15:00,0.0574,-2.5675
2008-02-12 22:30:00,0.0142,-3.0071
2008-02-12 22:45:00,-0.0443,-2.33
2008-02-12 23:00:00,0.0109,-2.2521
2008-02-12 23:15:00,-0.0259,-2.0926
2008-02-12 23:30:00,-0.0049,-1.5193
2008-02-12 23:45:00,0.0004,-1.5935
2008-02-13 00:00:00,0.0402,-2.354
2008-02-13 00:15:00,0.013,-2.1517
2008-02-13 00:30:00,-0.0335,-1.8548
2008-02-13 00:45:00,-0.0341,-2.0086
2008-02-13 01:00:00,0.007,-1.697
2008-02-13 01:15:00,-0.0059,-2.5704
2008-02-13 01:30:00,-0.0231,-2.5851
2008-02-13 01:45:00,-0.0569,-1.8285
2008-02-13 02:00:00,0.0177,-1.6875
2008-02-13 02:15:00,-0.0378,-1.6522
2008-02-13 02:30:00,0.0402,0.9569
2008-02-13 02:45:00,-0.0075,-0.2819
2008-02-13 03:00:00,-0.0633,-1.6133
2008-02-13 03:15:00,0.0025,-2.3512
2008-02-13 03:30:00,0.0173,-2.2343
2008-02-13 03:45:00,0.0131,-2.4048
2008-02-13 04:00:00,0.0469,-2.1971
2008-02-13 04:15:00,-0.0258,-3.3021
2008-02-13 04:30:00,0.0048,-3.4578
2008-02-13 04:45:00,0.0195,-3.5153
2008-02-13 05:00:00,0.0118,-3.8101
2008-02-13 05:15:00,-0.0261,-2.8295
2008-02-13 05:30:00,0.0064,-2.8926
2008-02-13 05:45:00,-0.0331,-1.7134
2008-02-13 06:00:00,0.0253,-2.0918
2008-02-13 06:15:00,-0.0248,-2.8243
2008-02-13 06:30:00,0.1525,-2.0418
2008-02-13 06:45:00,1.3217,-0.0593
2008-02-13 07:00:00,7.2958,7.8224
2008-02-13 07:15:00,12.708,73.794
2008-02-13 07:30:00,76.398,148.3
2008-02-13 07:45:00,175.62,230.04
2008-02-13 08:00:00,273.19,312.51
2008-02-13 08:15:00,367.37,388.98
2008-02-13 08:30:00,456.23,464.64
2008-02-13 08:45:00,536.81,536.49
2008-02-13 09:00:00,609.29,605.39
2008-02-13 09:15:00,674.91,670.95
2008-02-13 09:30:00,744.5,737.22
2008-02-13 09:45:00,808.52,799.06
2008-02-13 10:00:00,851.03,853.5
2008-02-13 10:15:00,892.5,903.0
2008-02-13 10:30:00,927.33,941.49
2008-02-13 10:45:00,956.86,979.44
2008-02-13 11:00:00,1001.5,1013.2
2008-02-13 11:15:00,1046.6,1044.9
2008-02-13 11:30:00,1045.6,1069.4
2008-02-13 11:45:00,1047.4,1080.5
2008-02-13 12:00:00,1047.0,1092.1
2008-02-13 12:15:00,618.57,1097.3
2008-02-13 12:30:00,169.2,1103.2
2008-02-13 12:45:00,338.9,1101.4
2008-02-13 13:00:00,384.21,1090.0
2008-02-13 13:15:00,582.15,1070.9
2008-02-13 13:30:00,1031.9,1039.5
2008-02-13 13:45:00,981.84,1018.4
2008-02-13 14:00:00,949.88,988.82
2008-02-13 14:15:00,927.19,954.4
2008-02-13 14:30:00,904.8,911.86
2008-02-13 14:45:00,850.75,864.7
2008-02-13 15:00:00,795.66,811.7
2008-02-13 15:15:00,738.45,753.76
2008-02-13 15:30:00,681.4,695.01
2008-02-13 15:45:00,618.1,632.61
2008-02-13 16:00:00,545.36,565.29
2008-02-13 16:15:00,456.67,491.75
2008-02-13 16:30:00,354.96,403.15
2008-02-13 16:45:00,205.9,266.04
2008-02-13 17:00:00,142.05,215.01
2008-02-13 17:15:00,32.75,67.479
2008-02-13 17:30:00,18.638,11.685
2008-02-13 17:45:00,5.7288,-2.4938
2008-02-13 18:00:00,0.9167,-4.7361
2008-02-13 18:15:00,0.0415,-3.4774
2008-02-13 18:30:00,-0.022,-3.361
2008-02-13 18:45:00,-0.02,-3.315
2008-02-13 19:00:00,-0.0027,-3.393
2008-02-13 19:15:00,0.0055,-3.2378
2008-02-13 19:30:00,-0.0064,-3.1659
2008-02-13 19:45:00,-0.0187,-3.0642
2008-02-13 20:00:00,-0.0042,-3.4496
2008-02-13 20:15:00,-0.0251,-2.9719
2008-02-13 20:30:00,-0.0229,-3.1926
2008-02-13 20:45:00,-0.0116,-3.9321
2008-02-13 21:00:00,-0.0133,-3.532
2008-02-13 21:15:00,-0.0162,-3.2171
2008-02-13 21:30:00,0.0069,-3.3895
2008-02-13 21:45:00,-0.0113,-2.7206
2008-02-13 22:00:00,-0.0011,-2.2722
2008-02-13 22:15:00,-0.0153,-2.3019
2008-02-13 22:30:00,-0.0101,-1.492
2008-02-13 22:45:00,-0.0095,-0.4986
2008-02-13 23:00:00,-0.0032,-0.4393
2008-02-13 23:15:00,-0.0469,-0.3504
2008-02-13 23:30:00,-0.0053,-0.2892
2008-02-13 23:45:00,-0.0052,-0.3078
2008-02-14 00:00:00,-0.0148,-0.3746
2008-02-14 00:15:00,-0.0176,-0.3227
2008-02-14 00:30:00,0.0151,-0.4043
2008-02-14 00:45:00,0.0113,-0.7473
2008-02-14 01:00:00,-0.0375,-0.8364
2008-02-14 01:15:00,0.0186,-0.1131
2008-02-14 01:30:00,-0.0181,0.3375
2008-02-14 01:45:00,0.0337,0.2986
2008-02-14 02:00:00,0.0094,0.3617
2008-02-14 02:15:00,-0.0225,0.0909
2008-02-14 02:30:00,-0.006,-0.0816
2008-02-14 02:45:00,0.0015,-0.2263
2008-02-14 03:00:00,0.0059,-0.1614
2008-02-14 03:15:00,-0.0509,-0.2523
2008-02-14 03:30:00,0.0038,-0.3098
2008-02-14 03:45:00,-0.017,-0.2096
2008-02-14 04:00:00,0.0171,-0.1688
2008-02-14 04:15:00,-0.0084,-0.1837
2008-02-14 04:30:00,-0.0005,-0.1317
2008-02-14 04:45:00,-0.0042,-0.4193
2008-02-14 05:00:00,0.0073,-0.2839
2008-02-14 05:15:00,-0.0076,-0.3563
2008-02-14 05:30:00,-0.0338,-0.3359
2008-02-14 05:45:00,0.0287,-0.3025
2008-02-14 06:00:00,-0.005,-0.2728
2008-02-14 06:15:00,0.0204,-0.36
2008-02-14 06:30:00,0.0262,-0.3878
2008-02-14 06:45:00,0.2834,0.0204
2008-02-14 07:00:00,1.1971,1.7148
2008-02-14 07:15:00,1.8571,6.5642
2008-02-14 07:30:00,3.8767,16.477
2008-02-14 07:45:00,5.4901,27.176
2008-02-14 08:00:00,7.3779,33.457
2008-02-14 08:15:00,18.831,76.188
2008-02-14 08:30:00,21.283,74.03
2008-02-14 08:45:00,18.15,95.057
2008-02-14 09:00:00,13.536,119.93
2008-02-14 09:15:00,3.5029,255.05
2008-02-14 09:30:00,-0.3449,294.51
2008-02-14 09:45:00,6.2564,247.92
2008-02-14 10:00:00,10.641,200.64
2008-02-14 10:15:00,9.7936,215.61
2008-02-14 10:30:00,8.5875,209.17
2008-02-14 10:45:00,11.088,180.46
2008-02-14 11:00:00,8.2938,209.67
2008-02-14 11:15:00,8.3163,203.08
2008-02-14 11:30:00,7.8011,227.48
2008-02-14 11:45:00,8.7857,204.97
2008-02-14 12:00:00,8.4008,203.66
2008-02-14 12:15:00,0.2063,278.3
2008-02-14 12:30:00,-0.4432,373.04
2008-02-14 12:45:00,2.0058,411.52
2008-02-14 13:00:00,2.3627,371.41
2008-02-14 13:15:00,-3.8829,304.36
2008-02-14 13:30:00,2.2131,336.36
2008-02-14 13:45:00,18.131,417.61
2008-02-14 14:00:00,122.94,747.06
2008-02-14 14:15:00,263.48,809.78
2008-02-14 14:30:00,424.24,754.35
2008-02-14 14:45:00,170.95,293.78
2008-02-14 15:00:00,177.72,294.74
2008-02-14 15:15:00,276.94,407.08
2008-02-14 15:30:00,125.08,226.7
2008-02-14 15:45:00,80.815,172.17
2008-02-14 16:00:00,67.863,152.65
2008-02-14 16:15:00,26.714,99.607
2008-02-14 16:30:00,1.3466,52.289
2008-02-14 16:45:00,8.7802,34.971
2008-02-14 17:00:00,17.994,17.598
2008-02-14 17:15:00,17.015,9.0139
2008-02-14 17:30:00,7.7809,5.381
2008-02-14 17:45:00,2.2691,0.9405
2008-02-14 18:00:00,0.9064,-1.076
2008-02-14 18:15:00,0.0469,-2.0574
2008-02-14 18:30:00,0.0187,-2.1818
2008-02-14 18:45:00,0.0193,-1.7385
2008-02-14 19:00:00,0.022,-1.1597
2008-02-14 19:15:00,-0.0134,-0.9723
2008-02-14 19:30:00,0.0067,-1.1079
2008-02-14 19:45:00,0.0511,-1.5979
2008-02-14 20:00:00,0.0333,-1.6981
2008-02-14 20:15:00,0.0159,-2.3886
2008-02-14 20:30:00,-0.0225,-2.1474
2008-02-14 20:45:00,-0.0249,-0.7629
2008-02-14 21:00:00,0.0363,0.1726
2008-02-14 21:15:00,0.0245,0.3787
2008-02-14 21:30:00,0.0282,-0.039
2008-02-14 21:45:00,0.0618,-0.1225
2008-02-14 22:00:00,-0.0286,-0.2729
2008-02-14 22:15:00,0.0352,-0.362
2008-02-14 22:30:00,-0.036,-0.3954
2008-02-14 22:45:00,-0.0063,-0.5531
2008-02-14 23:00:00,0.0162,-0.6645
2008-02-14 23:15:00,-0.0348,-0.6218
2008-02-14 23:30:00,-0.0112,-0.4585
2008-02-14 23:45:00,-0.0491,-0.5605
2008-02-15 00:00:00,-0.0258,-0.6422
2008-02-15 00:15:00,0.0309,-0.6774
2008-02-15 00:30:00,-0.0068,-0.6756
2008-02-15 00:45:00,0.0311,-0.5791
2008-02-15 01:00:00,0.0005,-0.5809
2008-02-15 01:15:00,-0.0213,-0.516
2008-02-15 01:30:00,0.0262,-0.5921
2008-02-15 01:45:00,0.0042,-0.6162
2008-02-15 02:00:00,-0.0301,-0.696
2008-02-15 02:15:00,-0.0457,-1.1229
2008-02-15 02:30:00,-0.0449,-1.3196
2008-02-15 02:45:00,-0.0052,-1.1266
2008-02-15 03:00:00,-0.0103,-0.5086
2008-02-15 03:15:00,0.0058,-0.7183
2008-02-15 03:30:00,0.0155,-0.6032
2008-02-15 03:45:00,-0.0093,-0.6738
2008-02-15 04:00:00,0.0104,-1.2826
2008-02-15 04:15:00,-0.1047,-0.9095
2008-02-15 04:30:00,0.0254,-1.1601
2008-02-15 04:45:00,0.0006,-0.6793
2008-02-15 05:00:00,0.0148,-0.5884
2008-02-15 05:15:00,0.0825,-0.8984
2008-02-15 05:30:00,0.035,-2.4501
2008-02-15 05:45:00,-0.0216,-3.1611
2008-02-15 06:00:00,0.0149,-2.9328
2008-02-15 06:15:00,0.0028,-2.3945
2008-02-15 06:30:00,0.1241,-2.4132
2008-02-15 06:45:00,1.2742,-1.5576
2008-02-15 07:00:00,8.4434,5.5975
2008-02-15 07:15:00,6.1305,60.568
2008-02-15 07:30:00,43.905,161.52
2008-02-15 07:45:00,111.38,271.04
2008-02-15 08:00:00,186.33,365.41
2008-02-15 08:15:00,258.26,430.16
2008-02-15 08:30:00,326.09,491.58
2008-02-15 08:45:00,394.54,564.97
2008-02-15 09:00:00,459.87,629.79
2008-02-15 09:15:00,547.21,699.13
2008-02-15 09:30:00,624.72,758.39
2008-02-15 09:45:00,705.48,815.54
2008-02-15 10:00:00,797.5,870.74
2008-02-15 10:15:00,885.81,919.2
2008-02-15 10:30:00,972.45,965.16
2008-02-15 10:45:00,1022.4,1005.5
2008-02-15 11:00:00,1058.6,1037.0
2008-02-15 11:15:00,1085.2,1061.0
2008-02-15 11:30:00,1095.5,1083.4
2008-02-15 11:45:00,609.03,1093.2
2008-02-15 12:00:00,1102.2,1107.1
2008-02-15 12:15:00,1096.0,1109.8
2008-02-15 12:30:00,619.02,1109.1
2008-02-15 12:45:00,499.67,1103.4
2008-02-15 13:00:00,211.52,1091.6
2008-02-15 13:15:00,590.6,1076.1
2008-02-15 13:30:00,1058.7,1054.6
2008-02-15 13:45:00,1029.1,1022.3
2008-02-15 14:00:00,991.59,980.73
2008-02-15 14:15:00,941.88,932.62
2008-02-15 14:30:00,893.17,883.56
2008-02-15 14:45:00,843.25,832.49
2008-02-15 15:00:00,786.51,776.14
2008-02-15 15:15:00,725.91,720.67
2008-02-15 15:30:00,655.53,654.65
2008-02-15 15:45:00,575.26,582.56
2008-02-15 16:00:00,503.62,515.84
2008-02-15 16:15:00,416.84,441.66
2008-02-15 16:30:00,323.02,360.4
2008-02-15 16:45:00,190.01,243.86
2008-02-15 17:00:00,87.479,153.53
2008-02-15 17:15:00,31.301,71.695
2008-02-15 17:30:00,17.37,8.9004
2008-02-15 17:45:00,6.5928,1.2456
2008-02-15 18:00:00,1.3629,-2.7341
2008-02-15 18:15:00,0.1368,-3.7093
2008-02-15 18:30:00,-0.016,-3.565
2008-02-15 18:45:00,-0.0183,-3.443
2008-02-15 19:00:00,0.0152,-3.6288
2008-02-15 19:15:00,-0.0023,-3.6476
2008-02-15 19:30:00,0.0229,-3.8146
2008-02-15 19:45:00,-0.0123,-3.5978
2008-02-15 20:00:00,0.0567,-2.7746
2008-02-15 20:15:00,0.0303,-2.7544
2008-02-15 20:30:00,0.0222,-2.8344
2008-02-15 20:45:00,0.0237,-2.8105
2008-02-15 21:00:00,-0.0563,-3.0814
2008-02-15 21:15:00,-0.0206,-2.7827
2008-02-15 21:30:00,-0.0032,-2.7605
2008-02-15 21:45:00,0.0348,-2.9404
2008-02-15 22:00:00,0.0119,-3.3635
2008-02-15 22:15:00,0.0211,-2.9629
2008-02-15 22:30:00,0.0126,-2.6661
2008-02-15 22:45:00,0.021,-2.7849
2008-02-15 23:00:00,0.0128,-2.8999
2008-02-15 23:15:00,-0.0417,-3.271
2008-02-15 23:30:00,0.0041,-3.3286
2008-02-15 23:45:00,-0.0137,-3.299
2008-02-16 00:00:00,0.0321,-3.1005
2008-02-16 00:15:00,0.0124,-2.9317
2008-02-16 00:30:00,-0.004,-2.6812
2008-02-16 00:45:00,-0.0169,-2.7944
2008-02-16 01:00:00,0.0227,-3.1618
2008-02-16 01:15:00,-0.0241,-2.9837
2008-02-16 01:30:00,-0.0037,-2.6571
2008-02-16 01:45:00,-0.007,-2.5569
2008-02-16 02:00:00,0.0276,-1.8445
2008-02-16 02:15:00,0.0085,-2.0541
2008-02-16 02:30:00,-0.0135,-2.1395
2008-02-16 02:45:00,0.0096,-2.685
2008-02-16 03:00:00,-0.0157,-2.7666
2008-02-16 03:15:00,0.0069,-2.2656
2008-02-16 03:30:00,-0.0069,-2.5846
2008-02-16 03:45:00,-0.0071,-2.8312
2008-02-16 04:00:00,0.0339,-2.7642
2008-02-16 04:15:00,-0.0018,-2.9293
2008-02-16 04:30:00,0.0533,-2.6083
2008-02-16 04:45:00,-0.0036,-2.7826
2008-02-16 05:00:00,0.0145,-2.9942
2008-02-16 05:15:00,0.0204,-3.0757
2008-02-16 05:30:00,-0.0605,-3.109
2008-02-16 05:45:00,-0.0176,-3.4744
2008-02-16 06:00:00,0.0105,-3.1609
2008-02-16 06:15:00,0.0209,-3.2722
2008-02-16 06:30:00,0.1544,-3.0625
2008-02-16 06:45:00,1.6314,-2.1276
2008-02-16 07:00:00,6.5056,16.138
2008-02-16 07:15:00,24.662,92.807
2008-02-16 07:30:00,106.05,176.02
2008-02-16 07:45:00,208.32,258.97
2008-02-16 08:00:00,307.69,341.88
2008-02-16 08:15:00,403.86,422.12
2008-02-16 08:30:00,496.27,499.68
2008-02-16 08:45:00,577.88,572.83
2008-02-16 09:00:00,647.62,641.17
2008-02-16 09:15:00,716.22,708.47
2008-02-16 09:30:00,770.09,770.55
2008-02-16 09:45:00,821.32,827.25
2008-02-16 10:00:00,882.18,877.66
2008-02-16 10:15:00,948.19,930.07
2008-02-16 10:30:00,990.75,971.63
2008-02-16 10:45:00,570.18,1007.6
2008-02-16 11:00:00,1054.2,1038.8
2008-02-16 11:15:00,1060.3,1058.6
2008-02-16 11:30:00,587.62,1086.0
2008-02-16 11:45:00,401.17,1105.0
2008-02-16 12:00:00,284.77,1126.9
2008-02-16 12:15:00,831.49,841.57
2008-02-16 12:30:00,670.66,661.13
2008-02-16 12:45:00,461.36,743.56
2008-02-16 13:00:00,322.73,566.99
2008-02-16 13:15:00,441.71,467.22
2008-02-16 13:30:00,433.9,456.33
2008-02-16 13:45:00,408.95,436.91
2008-02-16 14:00:00,647.28,666.13
2008-02-16 14:15:00,749.51,760.65
2008-02-16 14:30:00,951.42,970.74
2008-02-16 14:45:00,376.06,797.25
2008-02-16 15:00:00,130.85,183.2
2008-02-16 15:15:00,116.01,161.57
2008-02-16 15:30:00,128.04,171.31
2008-02-16 15:45:00,85.005,133.13
2008-02-16 16:00:00,29.256,82.066
2008-02-16 16:15:00,0.8955,45.614
2008-02-16 16:30:00,11.246,26.739
2008-02-16 16:45:00,70.84,124.3
2008-02-16 17:00:00,181.3,254.86
2008-02-16 17:15:00,40.747,100.86
2008-02-16 17:30:00,12.095,53.13
2008-02-16 17:45:00,10.562,5.5515
2008-02-16 18:00:00,1.3795,-1.7585
2008-02-16 18:15:00,0.1856,-2.4702
2008-02-16 18:30:00,-0.0028,-2.539
2008-02-16 18:45:00,-0.021,-2.9042
2008-02-16 19:00:00,-0.0227,-2.5485
2008-02-16 19:15:00,0.0073,-2.9417
2008-02-16 19:30:00,-0.0308,-3.2033
2008-02-16 19:45:00,0.0072,-3.565
2008-02-16 20:00:00,0.0423,-3.5858
2008-02-16 20:15:00,-0.036,-3.8031
2008-02-16 20:30:00,0.0455,-2.8056
2008-02-16 20:45:00,0.0213,-2.0102
2008-02-16 21:00:00,-0.0079,-2.2829
2008-02-16 21:15:00,-0.052,-0.8049
2008-02-16 21:30:00,-0.0093,-0.4247
2008-02-16 21:45:00,-0.009,-0.7214
2008-02-16 22:00:00,0.0183,-1.0794
2008-02-16 22:15:00,-0.0405,-1.4317
2008-02-16 22:30:00,-0.045,-2.7337
2008-02-16 22:45:00,-0.0089,-3.1342
2008-02-16 23:00:00,0.0034,-2.9117
2008-02-16 23:15:00,0.0192,-2.9563
2008-02-16 23:30:00,-0.035,-3.0416
2008-02-16 23:45:00,-0.0363,-3.3236
2008-02-17 00:00:00,-0.0335,-3.2457
2008-02-17 00:15:00,0.0572,-3.3664
2008-02-17 00:30:00,-0.0033,-2.6043
2008-02-17 00:45:00,-0.0174,-2.2668
2008-02-17 01:00:00,-0.0052,-2.0535
2008-02-17 01:15:00,-0.0173,-2.0461
2008-02-17 01:30:00,-0.0148,-2.5488
2008-02-17 01:45:00,-0.0539,-3.0941
2008-02-17 02:00:00,-0.0116,-3.352
2008-02-17 02:15:00,-0.0112,-3.4967
2008-02-17 02:30:00,-0.045,-2.8847
2008-02-17 02:45:00,-0.0133,-2.4117
2008-02-17 03:00:00,0.0022,-2.3839
2008-02-17 03:15:00,0.0052,-2.7178
2008-02-17 03:30:00,-0.0269,-3.176
2008-02-17 03:45:00,-0.0161,-3.6936
2008-02-17 04:00:00,0.0247,-3.4098
2008-02-17 04:15:00,-0.0298,-3.319
2008-02-17 04:30:00,0.0135,-2.9591
2008-02-17 04:45:00,-0.0428,-2.9925
2008-02-17 05:00:00,0.0137,-2.5491
2008-02-17 05:15:00,-0.0177,-2.5695
2008-02-17 05:30:00,-0.0435,-2.4266
2008-02-17 05:45:00,0.0142,-2.523
2008-02-17 06:00:00,0.0004,-2.523
2008-02-17 06:15:00,0.0003,-1.9776
2008-02-17 06:30:00,0.0695,-1.562
2008-02-17 06:45:00,1.0425,-1.0927
2008-02-17 07:00:00,2.4129,0.5695
2008-02-17 07:15:00,7.373,4.419
2008-02-17 07:30:00,7.1227,6.3984
2008-02-17 07:45:00,5.4544,7.9048
2008-02-17 08:00:00,6.7077,13.613
2008-02-17 08:15:00,12.084,23.329
2008-02-17 08:30:00,16.811,52.178
2008-02-17 08:45:00,11.863,65.568
2008-02-17 09:00:00,9.4467,78.18
2008-02-17 09:15:00,-0.5496,123.36
2008-02-17 09:30:00,-1.4951,157.29
2008-02-17 09:45:00,-2.8077,176.13
2008-02-17 10:00:00,-0.4395,171.49
2008-02-17 10:15:00,2.4598,162.06
2008-02-17 10:30:00,3.6766,178.07
2008-02-17 10:45:00,0.8599,180.61
2008-02-17 11:00:00,4.6529,182.82
2008-02-17 11:15:00,61.842,324.52
2008-02-17 11:30:00,120.3,357.55
2008-02-17 11:45:00,310.13,456.23
2008-02-17 12:00:00,153.09,214.01
2008-02-17 12:15:00,261.3,300.81
2008-02-17 12:30:00,169.13,204.16
2008-02-17 12:45:00,107.7,146.79
2008-02-17 13:00:00,123.52,158.69
2008-02-17 13:15:00,111.42,147.9
2008-02-17 13:30:00,181.06,208.4
2008-02-17 13:45:00,379.88,362.2
2008-02-17 14:00:00,116.19,164.67
2008-02-17 14:15:00,150.61,185.41
2008-02-17 14:30:00,124.2,162.56
2008-02-17 14:45:00,144.89,182.76
2008-02-17 15:00:00,193.08,233.65
2008-02-17 15:15:00,204.61,241.25
2008-02-17 15:30:00,258.71,284.79
2008-02-17 15:45:00,372.98,384.68
2008-02-17 16:00:00,172.9,210.02
2008-02-17 16:15:00,107.71,145.31
2008-02-17 16:30:00,49.995,103.74
2008-02-17 16:45:00,16.235,75.935
2008-02-17 17:00:00,2.5816,49.393
2008-02-17 17:15:00,14.049,25.492
2008-02-17 17:30:00,17.865,8.9536
2008-02-17 17:45:00,4.8157,2.0642
2008-02-17 18:00:00,1.5596,-1.0814
2008-02-17 18:15:00,0.2614,-2.2613
2008-02-17 18:30:00,0.013,-2.8513
2008-02-17 18:45:00,0.002,-2.3302
2008-02-17 19:00:00,0.0444,-2.5086
2008-02-17 19:15:00,0.0087,-2.5068
2008-02-17 19:30:00,-0.0106,-2.8019
2008-02-17 19:45:00,-0.0029,-2.8374
2008-02-17 20:00:00,-0.0101,-2.2827
2008-02-17 20:15:00,-0.0194,-1.713
2008-02-17 20:30:00,0.0081,-1.572
2008-02-17 20:45:00,-0.0076,-1.8319
2008-02-17 21:00:00,0.0039,-2.0992
2008-02-17 21:15:00,0.0036,-1.9675
2008-02-17 21:30:00,-0.0265,-1.8914
2008-02-17 21:45:00,0.0694,-2.0399
2008-02-17 22:00:00,-0.0084,-2.155
2008-02-17 22:15:00,-0.0194,-1.9118
2008-02-17 22:30:00,-0.0121,-1.6446
2008-02-17 22:45:00,-0.0355,-1.522
2008-02-17 23:00:00,0.0105,-1.5443
2008-02-17 23:15:00,-0.0417,-1.3996
2008-02-17 23:30:00,0.027,-1.3772
2008-02-17 23:45:00,-0.0414,-1.9693
2008-02-18 00:00:00,-0.0191,-1.676
2008-02-18 00:15:00,-0.0283,-1.5665
2008-02-18 00:30:00,-0.0109,-1.3734
2008-02-18 00:45:00,0.0003,-1.4383
2008-02-18 01:00:00,-0.043,-1.429
2008-02-18 01:15:00,0.0085,-1.3882
2008-02-18 01:30:00,0.0069,-1.2008
2008-02-18 01:45:00,-0.0068,-1.9543
2008-02-18 02:00:00,-0.017,-2.8544
2008-02-18 02:15:00,-0.0262,-2.4349
2008-02-18 02:30:00,-0.0342,-2.4739
2008-02-18 02:45:00,-0.0542,-2.8877
2008-02-18 03:00:00,-0.0047,-2.7002
2008-02-18 03:15:00,0.0199,-2.6499
2008-02-18 03:30:00,0.007,-2.7815
2008-02-18 03:45:00,-0.0096,-3.2806
2008-02-18 04:00:00,-0.0378,-2.9318
2008-02-18 04:15:00,0.0002,-3.095
2008-02-18 04:30:00,0.0441,-2.9577
2008-02-18 04:45:00,-0.0081,-2.8445
2008-02-18 05:00:00,0.0959,-2.9633
2008-02-18 05:15:00,-0.0371,-2.9373
2008-02-18 05:30:00,-0.0362,-2.9095
2008-02-18 05:45:00,0.0104,-2.928
2008-02-18 06:00:00,0.034,-2.7592
2008-02-18 06:15:00,-0.0313,-2.9243
2008-02-18 06:30:00,0.553,-2.7926
2008-02-18 06:45:00,2.8679,-0.7589
2008-02-18 07:00:00,14.015,7.8599
2008-02-18 07:15:00,30.114,97.387
2008-02-18 07:30:00,123.89,191.22
2008-02-18 07:45:00,171.7,228.25
2008-02-18 08:00:00,201.75,253.17
2008-02-18 08:15:00,380.62,409.56
2008-02-18 08:30:00,496.06,493.43
2008-02-18 08:45:00,613.85,581.95
2008-02-18 09:00:00,658.32,623.04
2008-02-18 09:15:00,593.32,574.64
2008-02-18 09:30:00,539.89,565.7
2008-02-18 09:45:00,438.18,828.6
2008-02-18 10:00:00,942.86,889.67
2008-02-18 10:15:00,709.68,904.94
2008-02-18 10:30:00,361.16,957.36
2008-02-18 10:45:00,431.82,1048.0
2008-02-18 11:00:00,174.27,1083.1
2008-02-18 11:15:00,120.32,1116.6
2008-02-18 11:30:00,472.11,1135.3
2008-02-18 11:45:00,560.26,1159.1
2008-02-18 12:00:00,101.66,1165.2
2008-02-18 12:15:00,273.22,1162.0
2008-02-18 12:30:00,604.27,973.29
2008-02-18 12:45:00,557.7,801.56
2008-02-18 13:00:00,620.73,678.48
2008-02-18 13:15:00,565.17,551.69
2008-02-18 13:30:00,524.9,510.62
2008-02-18 13:45:00,366.33,378.35
2008-02-18 14:00:00,369.64,380.43
2008-02-18 14:15:00,309.42,702.25
2008-02-18 14:30:00,851.16,832.0
2008-02-18 14:45:00,780.37,759.31
2008-02-18 15:00:00,652.48,629.39
2008-02-18 15:15:00,598.15,586.88
2008-02-18 15:30:00,430.72,440.72
2008-02-18 15:45:00,394.89,408.75
2008-02-18 16:00:00,250.33,288.63
2008-02-18 16:15:00,89.652,147.52
2008-02-18 16:30:00,254.5,293.76
2008-02-18 16:45:00,103.73,157.69
2008-02-18 17:00:00,46.204,105.55
2008-02-18 17:15:00,12.023,60.728
2008-02-18 17:30:00,15.913,15.87
2008-02-18 17:45:00,6.9711,2.773
2008-02-18 18:00:00,3.7999,0.4189
2008-02-18 18:15:00,0.2455,-3.1755
2008-02-18 18:30:00,-0.0054,-3.1626
2008-02-18 18:45:00,-0.0032,-2.8216
2008-02-18 19:00:00,-0.0354,-2.9312
2008-02-18 19:15:00,0.0013,-3.7952
2008-02-18 19:30:00,0.0151,-4.0808
2008-02-18 19:45:00,0.0111,-4.1089
2008-02-18 20:00:00,-0.0113,-3.9274
2008-02-18 20:15:00,0.0502,-3.7143
2008-02-18 20:30:00,0.0134,-3.4714
2008-02-18 20:45:00,-0.018,-3.6367
2008-02-18 21:00:00,-0.0129,-3.4198
2008-02-18 21:15:00,-0.0375,-3.1361
2008-02-18 21:30:00,-0.0256,-2.3202
2008-02-18 21:45:00,0.0075,-2.3241
2008-02-18 22:00:00,0.0209,-2.5281
2008-02-18 22:15:00,0.0232,-2.8044
2008-02-18 22:30:00,-0.0083,-2.949
2008-02-18 22:45:00,-0.0022,-3.2994
2008-02-18 23:00:00,-0.0301,-3.0007
2008-02-18 23:15:00,-0.0219,-2.9876
2008-02-18 23:30:00,-0.008,-2.9876
2008-02-18 23:45:00,-0.029,-3.0506
2008-02-19 00:00:00,-0.0029,-3.9778
2008-02-19 00:15:00,-0.0321,-4.2393
2008-02-19 00:30:00,-0.0193,-3.5476
2008-02-19 00:45:00,0.0082,-3.7443
2008-02-19 01:00:00,-0.0054,-2.9673
2008-02-19 01:15:00,0.0203,-2.8488
2008-02-19 01:30:00,0.0099,-1.9753
2008-02-19 01:45:00,0.0367,-3.5872
2008-02-19 02:00:00,-0.0141,-2.7341
2008-02-19 02:15:00,0.0033,-2.9995
2008-02-19 02:30:00,0.0618,-2.6043
2008-02-19 02:45:00,0.0141,-2.8491
2008-02-19 03:00:00,-0.0674,-2.981
2008-02-19 03:15:00,0.0131,-2.9846
2008-02-19 03:30:00,-0.0377,-2.6265
2008-02-19 03:45:00,-0.0259,-2.4299
2008-02-19 04:00:00,0.0079,-1.1352
2008-02-19 04:15:00,-0.01,-2.6785
2008-02-19 04:30:00,-0.0017,-3.4261
2008-02-19 04:45:00,0.0221,-2.6043
2008-02-19 05:00:00,0.0296,-2.5726
2008-02-19 05:15:00,-0.0563,-2.0384
2008-02-19 05:30:00,0.0088,-3.0548
2008-02-19 05:45:00,0.003,-3.4127
2008-02-19 06:00:00,0.016,-3.1901
2008-02-19 06:15:00,0.0173,-4.0915
2008-02-19 06:30:00,0.6862,-3.3847
2008-02-19 06:45:00,3.5773,0.089
2008-02-19 07:00:00,6.1492,29.03
2008-02-19 07:15:00,33.454,103.92
2008-02-19 07:30:00,101.9,167.14
2008-02-19 07:45:00,200.65,249.88
2008-02-19 08:00:00,309.08,342.24
2008-02-19 08:15:00,398.27,418.21
2008-02-19 08:30:00,482.87,491.1
2008-02-19 08:45:00,559.61,562.07
2008-02-19 09:00:00,628.81,627.93
2008-02-19 09:15:00,698.9,694.01
2008-02-19 09:30:00,759.33,757.18
2008-02-19 09:45:00,816.91,816.33
2008-02-19 10:00:00,885.51,868.78
2008-02-19 10:15:00,937.83,918.17
2008-02-19 10:30:00,979.38,958.91
2008-02-19 10:45:00,1018.4,998.68
2008-02-19 11:00:00,1051.3,1032.0
2008-02-19 11:15:00,1072.0,1059.1
2008-02-19 11:30:00,1091.6,1083.3
2008-02-19 11:45:00,1107.0,1100.3
2008-02-19 12:00:00,1114.3,1111.3
2008-02-19 12:15:00,1126.8,1119.0
2008-02-19 12:30:00,1124.7,1122.2
2008-02-19 12:45:00,1109.3,1116.1
2008-02-19 13:00:00,1091.3,1106.0
2008-02-19 13:15:00,1076.2,1090.5
2008-02-19 13:30:00,1043.1,1068.5
2008-02-19 13:45:00,1005.9,1039.1
2008-02-19 14:00:00,973.57,1004.7
2008-02-19 14:15:00,933.31,964.4
2008-02-19 14:30:00,891.75,920.18
2008-02-19 14:45:00,839.79,871.24
2008-02-19 15:00:00,800.91,820.91
2008-02-19 15:15:00,736.42,762.23
2008-02-19 15:30:00,670.06,698.36
2008-02-19 15:45:00,603.46,630.76
2008-02-19 16:00:00,529.15,561.0
2008-02-19 16:15:00,451.58,490.1
2008-02-19 16:30:00,370.67,418.48
2008-02-19 16:45:00,283.53,343.87
2008-02-19 17:00:00,155.75,228.04
2008-02-19 17:15:00,77.88,146.07
2008-02-19 17:30:00,18.358,8.5175
2008-02-19 17:45:00,7.4285,0.037
2008-02-19 18:00:00,1.879,-3.072
2008-02-19 18:15:00,0.3223,-3.837
2008-02-19 18:30:00,-0.0418,-4.2299
2008-02-19 18:45:00,-0.0183,-3.7987
2008-02-19 19:00:00,0.0108,-3.9585
2008-02-19 19:15:00,-0.0208,-3.9773
2008-02-19 19:30:00,0.0291,-4.2983
2008-02-19 19:45:00,-0.0249,-4.0337
2008-02-19 20:00:00,-0.0199,-3.693
2008-02-19 20:15:00,-0.0367,-3.9749
2008-02-19 20:30:00,0.0437,-4.0753
2008-02-19 20:45:00,-0.0201,-4.131
2008-02-19 21:00:00,0.0166,-3.7715
2008-02-19 21:15:00,-0.0542,-3.4825
2008-02-19 21:30:00,-0.0174,-3.6122
2008-02-19 21:45:00,0.0122,-3.9053
2008-02-19 22:00:00,-0.0164,-4.0777
2008-02-19 22:15:00,-0.0411,-3.9536
2008-02-19 22:30:00,0.0113,-3.3383
2008-02-19 22:45:00,0.0096,-3.6794
2008-02-19 23:00:00,-0.0093,-3.9521
2008-02-19 23:15:00,0.001,-3.7353
2008-02-19 23:30:00,-0.0209,-4.6918
2008-02-19 23:45:00,0.017,-4.5139
2008-02-20 00:00:00,0.0337,-4.2471
2008-02-20 00:15:00,0.042,-3.8636
2008-02-20 00:30:00,-0.0084,-3.5655
2008-02-20 00:45:00,-0.0346,-3.3785
2008-02-20 01:00:00,0.0089,-3.1932
2008-02-20 01:15:00,-0.0398,-3.4511
2008-02-20 01:30:00,0.0176,-3.2862
2008-02-20 01:45:00,0.0024,-3.3028
2008-02-20 02:00:00,-0.0219,-3.316
2008-02-20 02:15:00,0.0038,-3.6498
2008-02-20 02:30:00,0.0244,-3.4551
2008-02-20 02:45:00,-0.0408,-2.6447
2008-02-20 03:00:00,-0.0067,-2.4537
2008-02-20 03:15:00,-0.0426,-2.4537
2008-02-20 03:30:00,0.0015,-2.4427
2008-02-20 03:45:00,-0.0062,-2.5986
2008-02-20 04:00:00,0.0018,-2.5561
2008-02-20 04:15:00,-0.0134,-1.894
2008-02-20 04:30:00,0.0026,-2.2131
2008-02-20 04:45:00,-0.0097,-4.2575
2008-02-20 05:00:00,-0.0418,-3.2113
2008-02-20 05:15:00,-0.0177,-3.4784
2008-02-20 05:30:00,-0.0165,-3.432
2008-02-20 05:45:00,-0.0039,-3.1334
2008-02-20 06:00:00,-0.0036,-2.8161
2008-02-20 06:15:00,0.0258,-2.9145
2008-02-20 06:30:00,0.7476,-2.3449
2008-02-20 06:45:00,7.6555,2.6418
2008-02-20 07:00:00,8.6435,36.064
2008-02-20 07:15:00,27.331,91.75
2008-02-20 07:30:00,37.048,93.821
2008-02-20 07:45:00,104.53,163.44
2008-02-20 08:00:00,98.533,145.73
2008-02-20 08:15:00,187.84,239.04
2008-02-20 08:30:00,75.291,127.15
2008-02-20 08:45:00,178.97,221.48
2008-02-20 09:00:00,120.11,168.04
2008-02-20 09:15:00,378.17,382.62
2008-02-20 09:30:00,419.18,417.82
2008-02-20 09:45:00,764.06,729.4
2008-02-20 10:00:00,750.49,725.62
2008-02-20 10:15:00,860.25,837.2
2008-02-20 10:30:00,842.61,819.17
2008-02-20 10:45:00,909.27,884.77
2008-02-20 11:00:00,1022.4,1001.7
2008-02-20 11:15:00,886.42,873.4
2008-02-20 11:30:00,915.91,904.32
2008-02-20 11:45:00,975.93,962.96
2008-02-20 12:00:00,865.56,850.78
2008-02-20 12:15:00,545.15,546.05
2008-02-20 12:30:00,364.69,374.85
2008-02-20 12:45:00,557.49,542.34
2008-02-20 13:00:00,403.85,408.95
2008-02-20 13:15:00,371.86,889.54
2008-02-20 13:30:00,501.09,927.48
2008-02-20 13:45:00,852.09,842.67
2008-02-20 14:00:00,851.12,844.84
2008-02-20 14:15:00,579.4,588.38
2008-02-20 14:30:00,527.77,532.2
2008-02-20 14:45:00,317.04,340.53
2008-02-20 15:00:00,230.86,260.69
2008-02-20 15:15:00,144.4,183.14
2008-02-20 15:30:00,230.47,256.35
2008-02-20 15:45:00,310.62,332.2
2008-02-20 16:00:00,363.39,384.46
2008-02-20 16:15:00,302.44,335.36
2008-02-20 16:30:00,174.93,221.71
2008-02-20 16:45:00,87.353,141.49
2008-02-20 17:00:00,16.307,73.483
2008-02-20 17:15:00,3.7811,41.044
2008-02-20 17:30:00,16.188,15.065
2008-02-20 17:45:00,7.6404,2.3389
2008-02-20 18:00:00,1.375,-1.4086
2008-02-20 18:15:00,0.1566,-1.583
2008-02-20 18:30:00,0.0353,-1.1493
2008-02-20 18:45:00,-0.0043,-1.0456
2008-02-20 19:00:00,-0.0086,-1.142
2008-02-20 19:15:00,-0.0064,-1.2033
2008-02-20 19:30:00,-0.0014,-1.1293
2008-02-20 19:45:00,0.0065,-0.9494
2008-02-20 20:00:00,-0.0753,-1.0682
2008-02-20 20:15:00,0.0101,-0.9347
2008-02-20 20:30:00,-0.0108,-0.7641
2008-02-20 20:45:00,-0.0576,-0.931
2008-02-20 21:00:00,-0.0162,-0.9255
2008-02-20 21:15:00,0.0141,-0.8031
2008-02-20 21:30:00,-0.0394,-0.7178
2008-02-20 21:45:00,0.0223,-1.3539
2008-02-20 22:00:00,-0.019,-1.8158
2008-02-20 22:15:00,-0.0332,-1.8584
2008-02-20 22:30:00,-0.0447,-2.1552
2008-02-20 22:45:00,0.0232,-2.0645
2008-02-20 23:00:00,0.0042,-1.6861
2008-02-20 23:15:00,-0.0089,-2.0238
2008-02-20 23:30:00,0.0019,-1.5916
2008-02-20 23:45:00,0.0203,-1.3561
2008-02-21 00:00:00,-0.0638,-1.3895
2008-02-21 00:15:00,0.0194,-1.2986
2008-02-21 00:30:00,-0.014,-0.8682
2008-02-21 00:45:00,-0.0288,-1.2374
2008-02-21 01:00:00,-0.017,-1.2448
2008-02-21 01:15:00,-0.0004,-1.9609
2008-02-21 01:30:00,-0.0243,-1.9034
2008-02-21 01:45:00,0.039,-2.1687
2008-02-21 02:00:00,0.0114,-1.6882
2008-02-21 02:15:00,-0.0219,-1.8867
2008-02-21 02:30:00,0.0014,-1.5249
2008-02-21 02:45:00,0.0246,-1.8589
2008-02-21 03:00:00,-0.0438,-2.1149
2008-02-21 03:15:00,0.0088,-2.2058
2008-02-21 03:30:00,0.0062,-2.6825
2008-02-21 03:45:00,-0.0647,-3.2836
2008-02-21 04:00:00,0.0226,-2.727
2008-02-21 04:15:00,-0.027,-2.215
2008-02-21 04:30:00,-0.009,-2.7234
2008-02-21 04:45:00,-0.0524,-2.7846
2008-02-21 05:00:00,-0.0094,-2.5954
2008-02-21 05:15:00,0.0059,-2.87
2008-02-21 05:30:00,-0.0109,-2.9701
2008-02-21 05:45:00,0.0124,-2.7606
2008-02-21 06:00:00,-0.0337,-2.2932
2008-02-21 06:15:00,0.0311,-1.8777
2008-02-21 06:30:00,0.5517,-1.6217
2008-02-21 06:45:00,2.9879,0.2264
2008-02-21 07:00:00,14.03,7.8099
2008-02-21 07:15:00,16.499,68.731
2008-02-21 07:30:00,87.47,156.18
2008-02-21 07:45:00,113.95,168.04
2008-02-21 08:00:00,224.19,261.62
2008-02-21 08:15:00,304.05,330.5
2008-02-21 08:30:00,458.35,459.63
2008-02-21 08:45:00,566.83,557.08
2008-02-21 09:00:00,634.94,622.18
2008-02-21 09:15:00,653.4,642.12
2008-02-21 09:30:00,308.87,331.26
2008-02-21 09:45:00,409.71,415.79
2008-02-21 10:00:00,429.38,432.23
2008-02-21 10:15:00,541.79,528.88
2008-02-21 10:30:00,773.93,743.52
2008-02-21 10:45:00,1026.6,990.1
2008-02-21 11:00:00,951.62,929.28
2008-02-21 11:15:00,1069.9,1038.5
2008-02-21 11:30:00,941.7,925.89
2008-02-21 11:45:00,537.24,904.1
2008-02-21 12:00:00,360.72,1168.2
2008-02-21 12:15:00,628.1,894.22
2008-02-21 12:30:00,419.92,803.17
2008-02-21 12:45:00,733.43,999.49
2008-02-21 13:00:00,294.95,939.26
2008-02-21 13:15:00,638.4,870.35
2008-02-21 13:30:00,468.62,877.16
2008-02-21 13:45:00,919.54,920.11
2008-02-21 14:00:00,301.27,336.49
2008-02-21 14:15:00,157.55,204.19
2008-02-21 14:30:00,222.48,255.76
2008-02-21 14:45:00,301.16,327.04
2008-02-21 15:00:00,192.14,237.17
2008-02-21 15:15:00,111.75,163.4
2008-02-21 15:30:00,42.018,96.894
2008-02-21 15:45:00,36.189,86.327
2008-02-21 16:00:00,58.232,111.24
2008-02-21 16:15:00,29.858,84.86
2008-02-21 16:30:00,3.8063,56.476
2008-02-21 16:45:00,1.5774,40.659
2008-02-21 17:00:00,4.2906,34.466
2008-02-21 17:15:00,12.696,22.814
2008-02-21 17:30:00,12.274,13.963
2008-02-21 17:45:00,4.3932,1.4622
2008-02-21 18:00:00,1.3033,-0.5856
2008-02-21 18:15:00,0.2703,-1.8849
2008-02-21 18:30:00,-0.0083,-1.1361
2008-02-21 18:45:00,-0.0041,-1.214
2008-02-21 19:00:00,-0.0013,-1.6404
2008-02-21 19:15:00,0.0192,-2.1336
2008-02-21 19:30:00,0.0138,-3.4961
2008-02-21 19:45:00,-0.0202,-4.1432
2008-02-21 20:00:00,-0.0381,-3.3851
2008-02-21 20:15:00,0.0127,-2.3397
2008-02-21 20:30:00,-0.0148,-0.5915
2008-02-21 20:45:00,0.0057,-0.8381
2008-02-21 21:00:00,-0.0209,-1.4964
2008-02-21 21:15:00,-0.0392,-3.4231
2008-02-21 21:30:00,-0.0595,-3.9054
2008-02-21 21:45:00,-0.0423,-3.2027
2008-02-21 22:00:00,-0.0059,-3.0878
2008-02-21 22:15:00,0.0318,-3.0154
2008-02-21 22:30:00,0.0173,-2.6705
2008-02-21 22:45:00,0.0213,-1.9251
2008-02-21 23:00:00,-0.0142,-2.0513
2008-02-21 23:15:00,-0.0017,-2.8693
2008-02-21 23:30:00,0.0335,-3.5372
2008-02-21 23:45:00,-0.0147,-2.7695
2008-02-22 00:00:00,0.0087,-2.4005
2008-02-22 00:15:00,0.0231,-2.625
2008-02-22 00:30:00,0.0402,-2.8012
2008-02-22 00:45:00,-0.0161,-2.343
2008-02-22 01:00:00,-0.0133,-2.3078
2008-02-22 01:15:00,0.0231,-2.1186
2008-02-22 01:30:00,0.035,-1.7476
2008-02-22 01:45:00,-0.021,-1.9071
2008-02-22 02:00:00,-0.0402,-2.7512
2008-02-22 02:15:00,0.0629,-2.2985
2008-02-22 02:30:00,0.0248,-2.588
2008-02-22 02:45:00,-0.0299,-2.8774
2008-02-22 03:00:00,0.064,-2.2318
2008-02-22 03:15:00,-0.0304,-2.3654
2008-02-22 03:30:00,-0.0482,-1.9146
2008-02-22 03:45:00,0.0547,-2.4396
2008-02-22 04:00:00,0.0188,-2.4804
2008-02-22 04:15:00,-0.0313,-2.6214
2008-02-22 04:30:00,-0.0117,-2.9627
2008-02-22 04:45:00,0.0247,-3.1927
2008-02-22 05:00:00,-0.0519,-2.6918
2008-02-22 05:15:00,0.0109,-2.6604
2008-02-22 05:30:00,-0.0175,-2.8683
2008-02-22 05:45:00,0.0424,-2.6141
2008-02-22 06:00:00,0.0251,-2.8313
2008-02-22 06:15:00,0.0306,-2.7145
2008-02-22 06:30:00,0.8712,-2.2618
2008-02-22 06:45:00,3.9377,0.4732
2008-02-22 07:00:00,7.711,34.544
2008-02-22 07:15:00,35.896,108.24
2008-02-22 07:30:00,118.96,185.83
2008-02-22 07:45:00,217.03,264.46
2008-02-22 08:00:00,311.77,342.01
2008-02-22 08:15:00,399.16,414.27
2008-02-22 08:30:00,486.15,490.79
2008-02-22 08:45:00,567.75,562.06
2008-02-22 09:00:00,647.83,631.59
2008-02-22 09:15:00,714.09,692.78
2008-02-22 09:30:00,768.05,748.09
2008-02-22 09:45:00,833.94,810.11
2008-02-22 10:00:00,904.17,869.07
2008-02-22 10:15:00,955.9,915.98
2008-02-22 10:30:00,1009.2,963.33
2008-02-22 10:45:00,1046.7,1002.7
2008-02-22 11:00:00,1091.2,1042.2
2008-02-22 11:15:00,611.75,1078.8
2008-02-22 11:30:00,1070.0,1043.1
2008-02-22 11:45:00,1069.6,1043.1
2008-02-22 12:00:00,467.07,1082.2
2008-02-22 12:15:00,756.99,1089.1
2008-02-22 12:30:00,1146.4,1128.1
2008-02-22 12:45:00,610.9,1119.0
2008-02-22 13:00:00,1106.1,1105.7
2008-02-22 13:15:00,1082.6,1088.5
2008-02-22 13:30:00,1060.7,1067.2
2008-02-22 13:45:00,1049.9,1063.2
2008-02-22 14:00:00,982.57,997.54
2008-02-22 14:15:00,667.27,700.99
2008-02-22 14:30:00,447.44,479.11
2008-02-22 14:45:00,228.67,271.98
2008-02-22 15:00:00,188.48,228.29
2008-02-22 15:15:00,102.21,150.05
2008-02-22 15:30:00,156.12,194.93
2008-02-22 15:45:00,600.7,596.92
2008-02-22 16:00:00,545.85,564.07
2008-02-22 16:15:00,369.84,409.24
2008-02-22 16:30:00,347.98,395.09
2008-02-22 16:45:00,58.236,102.96
2008-02-22 17:00:00,12.274,47.417
2008-02-22 17:15:00,6.3979,34.215
2008-02-22 17:30:00,9.8383,25.85
2008-02-22 17:45:00,13.775,4.3994
2008-02-22 18:00:00,2.4437,-2.8326
2008-02-22 18:15:00,0.5082,-4.0057
2008-02-22 18:30:00,-0.004,-3.6133
2008-02-22 18:45:00,-0.018,-3.0114
2008-02-22 19:00:00,-0.0181,-1.8774
2008-02-22 19:15:00,0.0122,-1.0471
2008-02-22 19:30:00,0.0021,-2.2483
2008-02-22 19:45:00,-0.0246,-3.0158
2008-02-22 20:00:00,-0.0169,-1.8185
2008-02-22 20:15:00,-0.0437,-0.9621
2008-02-22 20:30:00,-0.017,-1.3681
2008-02-22 20:45:00,-0.0261,-2.2561
2008-02-22 21:00:00,0.0008,-2.0318
2008-02-22 21:15:00,0.0159,-3.3629
2008-02-22 21:30:00,-0.0159,-3.8411
2008-02-22 21:45:00,-0.0137,-3.869
2008-02-22 22:00:00,0.009,-3.6336
2008-02-22 22:15:00,-0.0148,-3.2613
2008-02-22 22:30:00,0.0192,-2.8648
2008-02-22 22:45:00,-0.0164,-2.6628
2008-02-22 23:00:00,-0.0261,-2.3847
2008-02-22 23:15:00,-0.0557,-2.7148
2008-02-22 23:30:00,-0.0124,-3.7886
2008-02-22 23:45:00,0.0038,-3.4827
2008-02-23 00:00:00,-0.0087,-3.1045
2008-02-23 00:15:00,-0.0219,-2.9431
2008-02-23 00:30:00,-0.0112,-3.3457
2008-02-23 00:45:00,0.0154,-2.4593
2008-02-23 01:00:00,0.0166,-2.7766
2008-02-23 01:15:00,-0.004,-2.8545
2008-02-23 01:30:00,0.016,-2.9509
2008-02-23 01:45:00,0.0186,-2.8341
2008-02-23 02:00:00,-0.0211,-2.1479
2008-02-23 02:15:00,-0.0224,-2.2184
2008-02-23 02:30:00,-0.0284,-2.0422
2008-02-23 02:45:00,0.0236,-2.0329
2008-02-23 03:00:00,-0.0291,-1.5118
2008-02-23 03:15:00,0.0134,-1.1111
2008-02-23 03:30:00,-0.0015,-0.9034
2008-02-23 03:45:00,0.0371,-1.4116
2008-02-23 04:00:00,-0.0156,-1.6621
2008-02-23 04:15:00,0.0473,-1.9311
2008-02-23 04:30:00,-0.0398,-2.0071
2008-02-23 04:45:00,-0.0076,-1.892
2008-02-23 05:00:00,-0.0075,-1.9235
2008-02-23 05:15:00,-0.0102,-1.6267
2008-02-23 05:30:00,-0.0327,-1.2576
2008-02-23 05:45:00,0.0012,-0.7679
2008-02-23 06:00:00,-0.0034,-0.9089
2008-02-23 06:15:00,-0.0184,-0.8495
2008-02-23 06:30:00,0.3481,-0.5732
2008-02-23 06:45:00,1.4836,0.2727
2008-02-23 07:00:00,6.356,3.795
2008-02-23 07:15:00,18.529,10.953
2008-02-23 07:30:00,7.2409,23.502
2008-02-23 07:45:00,2.0458,48.894
2008-02-23 08:00:00,44.666,95.981
2008-02-23 08:15:00,161.6,200.21
2008-02-23 08:30:00,407.75,412.22
2008-02-23 08:45:00,537.39,533.97
2008-02-23 09:00:00,478.51,483.2
2008-02-23 09:15:00,437.53,444.09
2008-02-23 09:30:00,433.42,441.47
2008-02-23 09:45:00,295.64,318.86
2008-02-23 10:00:00,315.18,333.57
2008-02-23 10:15:00,458.95,459.09
2008-02-23 10:30:00,723.82,693.94
2008-02-23 10:45:00,411.21,778.2
2008-02-23 11:00:00,767.9,752.98
2008-02-23 11:15:00,970.7,933.99
2008-02-23 11:30:00,431.44,974.33
2008-02-23 11:45:00,379.35,1058.6
2008-02-23 12:00:00,201.12,1075.6
2008-02-23 12:15:00,88.23,960.36
2008-02-23 12:30:00,294.57,340.74
2008-02-23 12:45:00,301.17,331.44
2008-02-23 13:00:00,255.46,619.41
2008-02-23 13:15:00,193.01,1121.9
2008-02-23 13:30:00,180.02,406.91
2008-02-23 13:45:00,283.86,592.46
2008-02-23 14:00:00,137.25,969.22
2008-02-23 14:15:00,250.22,854.17
2008-02-23 14:30:00,159.26,759.94
2008-02-23 14:45:00,506.47,659.5
2008-02-23 15:00:00,113.78,185.95
2008-02-23 15:15:00,182.58,233.0
2008-02-23 15:30:00,631.73,624.85
2008-02-23 15:45:00,537.2,564.72
2008-02-23 16:00:00,62.11,119.06
2008-02-23 16:15:00,400.07,432.67
2008-02-23 16:30:00,452.56,489.74
2008-02-23 16:45:00,243.85,302.8
2008-02-23 17:00:00,3.0592,54.194
2008-02-23 17:15:00,37.356,100.06
2008-02-23 17:30:00,24.07,52.231
2008-02-23 17:45:00,16.441,11.628
2008-02-23 18:00:00,3.0438,-0.2798
2008-02-23 18:15:00,0.5751,-2.2031
2008-02-23 18:30:00,0.0067,-2.8704
2008-02-23 18:45:00,-0.018,-3.7027
2008-02-23 19:00:00,-0.0372,-3.625
2008-02-23 19:15:00,-0.0321,-3.9179
2008-02-23 19:30:00,-0.0064,-3.7643
2008-02-23 19:45:00,0.0157,-3.8572
2008-02-23 20:00:00,-0.0232,-4.2448
2008-02-23 20:15:00,-0.0704,-2.0762
2008-02-23 20:30:00,-0.0381,-2.9273
2008-02-23 20:45:00,-0.0136,-3.4242
2008-02-23 21:00:00,-0.0179,-3.7674
2008-02-23 21:15:00,-0.0104,-3.5135
2008-02-23 21:30:00,0.002,-3.4302
2008-02-23 21:45:00,-0.0062,-2.4105
2008-02-23 22:00:00,-0.0225,-1.4055
2008-02-23 22:15:00,-0.0649,-1.7375
2008-02-23 22:30:00,0.0225,-2.3736
2008-02-23 22:45:00,-0.0339,-3.7218
2008-02-23 23:00:00,0.0216,-3.6773
2008-02-23 23:15:00,0.0168,-2.4423
2008-02-23 23:30:00,-0.0104,-3.4975
2008-02-23 23:45:00,0.0304,-3.8925
2008-02-24 00:00:00,0.0309,-4.74
2008-02-24 00:15:00,0.0486,-3.8239
2008-02-24 00:30:00,-0.031,-3.5847
2008-02-24 00:45:00,-0.0479,-3.0933
2008-02-24 01:00:00,0.0102,-2.689
2008-02-24 01:15:00,-0.0552,-2.7299
2008-02-24 01:30:00,-0.0153,-2.5112
2008-02-24 01:45:00,-0.0795,-3.1512
2008-02-24 02:00:00,0.0066,-3.2533
2008-02-24 02:15:00,0.0319,-2.5021
2008-02-24 02:30:00,-0.0915,-2.6116
2008-02-24 02:45:00,-0.0516,-2.5097
2008-02-24 03:00:00,-0.0093,-2.725
2008-02-24 03:15:00,-0.0757,-2.7918
2008-02-24 03:30:00,0.0154,-2.738
2008-02-24 03:45:00,0.0246,-3.0089
2008-02-24 04:00:00,-0.0153,-2.4079
2008-02-24 04:15:00,-0.0392,-2.2521
2008-02-24 04:30:00,0.0046,-1.9497
2008-02-24 04:45:00,0.0054,-2.3078
2008-02-24 05:00:00,0.0105,-2.3078
2008-02-24 05:15:00,0.0006,-2.2781
2008-02-24 05:30:00,-0.0074,-2.2224
2008-02-24 05:45:00,-0.0342,-2.6083
2008-02-24 06:00:00,-0.0187,-2.5007
2008-02-24 06:15:00,0.1281,-2.2002
2008-02-24 06:30:00,1.2487,-2.0462
2008-02-24 06:45:00,8.9828,3.9494
2008-02-24 07:00:00,8.7905,53.327
2008-02-24 07:15:00,26.004,78.757
2008-02-24 07:30:00,127.92,192.62
2008-02-24 07:45:00,91.94,146.35
2008-02-24 08:00:00,164.88,216.24
2008-02-24 08:15:00,257.35,294.97
2008-02-24 08:30:00,337.36,364.03
2008-02-24 08:45:00,203.26,242.27
2008-02-24 09:00:00,487.26,484.18
2008-02-24 09:15:00,479.44,487.3
2008-02-24 09:30:00,689.52,679.82
2008-02-24 09:45:00,693.98,690.81
2008-02-24 10:00:00,720.66,717.23
2008-02-24 10:15:00,667.91,667.64
2008-02-24 10:30:00,752.48,731.11
2008-02-24 10:45:00,851.17,829.41
2008-02-24 11:00:00,629.0,955.46
2008-02-24 11:15:00,785.87,887.25
2008-02-24 11:30:00,873.67,875.69
2008-02-24 11:45:00,505.53,966.77
2008-02-24 12:00:00,534.52,567.66
2008-02-24 12:15:00,650.78,655.72
2008-02-24 12:30:00,529.18,544.37
2008-02-24 12:45:00,692.41,692.22
2008-02-24 13:00:00,313.19,762.5
2008-02-24 13:15:00,197.55,821.15
2008-02-24 13:30:00,537.43,687.73
2008-02-24 13:45:00,248.37,423.25
2008-02-24 14:00:00,276.69,565.78
2008-02-24 14:15:00,429.58,452.85
2008-02-24 14:30:00,490.55,513.54
2008-02-24 14:45:00,489.96,516.37
2008-02-24 15:00:00,383.76,418.19
2008-02-24 15:15:00,305.62,343.46
2008-02-24 15:30:00,324.31,359.44
2008-02-24 15:45:00,148.74,199.42
2008-02-24 16:00:00,77.479,136.34
2008-02-24 16:15:00,53.335,110.34
2008-02-24 16:30:00,72.449,133.44
2008-02-24 16:45:00,6.4267,61.075
2008-02-24 17:00:00,5.9764,46.824
2008-02-24 17:15:00,12.069,24.262
2008-02-24 17:30:00,20.747,7.1911
2008-02-24 17:45:00,10.888,3.0688
2008-02-24 18:00:00,2.4877,-0.3186
2008-02-24 18:15:00,0.6086,-1.3375
2008-02-24 18:30:00,-0.0084,-0.8392
2008-02-24 18:45:00,-0.0292,-0.5743
2008-02-24 19:00:00,0.0263,-0.4243
2008-02-24 19:15:00,0.0044,-0.3558
2008-02-24 19:30:00,0.0026,-0.2335
2008-02-24 19:45:00,-0.011,-1.2842
2008-02-24 20:00:00,0.0357,-0.7098
2008-02-24 20:15:00,0.0527,-0.7487
2008-02-24 20:30:00,-0.0343,-1.4881
2008-02-24 20:45:00,-0.0242,-1.8903
2008-02-24 21:00:00,-0.0363,-1.0471
2008-02-24 21:15:00,0.0255,-0.9637
2008-02-24 21:30:00,-0.0519,-1.0138
2008-02-24 21:45:00,-0.0072,0.0
2008-02-24 22:00:00,-0.0337,-0.467
2008-02-24 22:15:00,-0.0068,-3.8957
2008-02-24 22:30:00,-0.0062,-3.0246
2008-02-24 22:45:00,-0.0094,-1.9942
2008-02-24 23:00:00,-0.0224,0.0593
2008-02-24 23:15:00,-0.0457,0.4096
2008-02-24 23:30:00,-0.0343,-0.5265
2008-02-24 23:45:00,0.0099,-1.2624
2008-02-25 00:00:00,0.0217,-0.3874
2008-02-25 00:15:00,-0.0204,-0.7916
2008-02-25 00:30:00,-0.0005,-2.0616
2008-02-25 00:45:00,-0.0108,-1.2385
2008-02-25 01:00:00,-0.0031,-1.2255
2008-02-25 01:15:00,-0.004,-2.4881
2008-02-25 01:30:00,0.0081,-3.0371
2008-02-25 01:45:00,0.0034,-2.0266
2008-02-25 02:00:00,-0.0249,-2.9576
2008-02-25 02:15:00,-0.0146,-1.7931
2008-02-25 02:30:00,0.0002,-2.917
2008-02-25 02:45:00,0.0121,-2.0417
2008-02-25 03:00:00,0.0,-1.9342
2008-02-25 03:15:00,0.0017,-3.6069
2008-02-25 03:30:00,-0.0069,-3.2897
2008-02-25 03:45:00,-0.0277,-2.9724
2008-02-25 04:00:00,0.0041,-3.8291
2008-02-25 04:15:00,0.0064,-3.5288
2008-02-25 04:30:00,0.0169,-3.2136
2008-02-25 04:45:00,0.0019,-3.6606
2008-02-25 05:00:00,0.0178,-3.6663
2008-02-25 05:15:00,-0.0297,-3.34
2008-02-25 05:30:00,-0.0333,-2.8505
2008-02-25 05:45:00,-0.019,-2.9823
2008-02-25 06:00:00,-0.0016,-2.8748
2008-02-25 06:15:00,0.0677,-2.8453
2008-02-25 06:30:00,1.1367,-2.3501
2008-02-25 06:45:00,4.0506,0.5231
2008-02-25 07:00:00,16.101,7.9061
2008-02-25 07:15:00,6.3446,25.337
2008-02-25 07:30:00,2.4751,33.929
2008-02-25 07:45:00,8.2506,61.213
2008-02-25 08:00:00,35.414,89.425
2008-02-25 08:15:00,52.632,103.8
2008-02-25 08:30:00,71.521,122.81
2008-02-25 08:45:00,120.03,166.07
2008-02-25 09:00:00,331.72,343.67
2008-02-25 09:15:00,536.45,520.97
2008-02-25 09:30:00,552.19,540.88
2008-02-25 09:45:00,636.76,617.84
2008-02-25 10:00:00,387.92,402.39
2008-02-25 10:15:00,447.29,445.81
2008-02-25 10:30:00,560.58,543.22
2008-02-25 10:45:00,647.26,622.75
2008-02-25 11:00:00,830.29,794.22
2008-02-25 11:15:00,731.17,729.45
2008-02-25 11:30:00,591.33,582.48
2008-02-25 11:45:00,843.71,856.91
2008-02-25 12:00:00,688.2,690.3
2008-02-25 12:15:00,219.49,247.8
2008-02-25 12:30:00,627.96,922.36
2008-02-25 12:45:00,430.68,1096.1
2008-02-25 13:00:00,1101.7,1109.8
2008-02-25 13:15:00,625.96,1137.6
2008-02-25 13:30:00,421.45,459.94
2008-02-25 13:45:00,246.55,286.37
2008-02-25 14:00:00,200.7,237.65
2008-02-25 14:15:00,155.14,194.07
2008-02-25 14:30:00,79.292,126.57
2008-02-25 14:45:00,223.19,250.01
2008-02-25 15:00:00,615.44,618.62
2008-02-25 15:15:00,156.09,200.06
2008-02-25 15:30:00,53.122,103.82
2008-02-25 15:45:00,58.236,109.51
2008-02-25 16:00:00,107.69,155.1
2008-02-25 16:15:00,437.86,456.64
2008-02-25 16:30:00,346.28,381.66
2008-02-25 16:45:00,339.0,385.38
2008-02-25 17:00:00,285.6,342.9
2008-02-25 17:15:00,139.36,216.64
2008-02-25 17:30:00,29.011,70.899
2008-02-25 17:45:00,16.907,14.491
2008-02-25 18:00:00,5.1435,0.645
2008-02-25 18:15:00,0.8598,-2.7541
2008-02-25 18:30:00,0.0604,-3.3456
2008-02-25 18:45:00,0.0017,-3.6202
2008-02-25 19:00:00,0.0183,-3.3017
2008-02-25 19:15:00,-0.0228,-1.1217
2008-02-25 19:30:00,-0.0028,-0.3189
2008-02-25 19:45:00,0.0103,-0.3672
2008-02-25 20:00:00,-0.0195,-0.4748
2008-02-25 20:15:00,-0.0102,-0.4989
2008-02-25 20:30:00,0.0354,-0.4803
2008-02-25 20:45:00,-0.0339,-0.612
2008-02-25 21:00:00,-0.028,-0.6714
2008-02-25 21:15:00,-0.046,-0.6602
2008-02-25 21:30:00,-0.0027,-0.625
2008-02-25 21:45:00,-0.024,-0.6158
2008-02-25 22:00:00,-0.0103,-0.5972
2008-02-25 22:15:00,0.0216,-0.345
2008-02-25 22:30:00,0.0329,-0.3301
2008-02-25 22:45:00,0.0094,-0.3747
2008-02-25 23:00:00,-0.011,-0.4785
2008-02-25 23:15:00,0.0174,-0.3153
2008-02-25 23:30:00,-0.0214,-0.408
2008-02-25 23:45:00,0.0123,-0.3765
2008-02-26 00:00:00,0.015,-0.5008
2008-02-26 00:15:00,0.0288,-0.3265
2008-02-26 00:30:00,0.0251,-0.2578
2008-02-26 00:45:00,-0.0358,-0.1567
2008-02-26 01:00:00,-0.0401,-0.2616
2008-02-26 01:15:00,-0.0123,-0.2096
2008-02-26 01:30:00,0.0089,-0.1725
2008-02-26 01:45:00,-0.0267,-0.1911
2008-02-26 02:00:00,0.0135,-0.2375
2008-02-26 02:15:00,-0.016,-0.3228
2008-02-26 02:30:00,0.0572,-0.4137
2008-02-26 02:45:00,-0.0099,-0.5361
2008-02-26 03:00:00,0.0041,-0.5547
2008-02-26 03:15:00,-0.0456,-0.5696
2008-02-26 03:30:00,-0.0306,-0.4638
2008-02-26 03:45:00,0.013,-0.4694
2008-02-26 04:00:00,-0.0124,-0.6586
2008-02-26 04:15:00,0.0216,-0.6197
2008-02-26 04:30:00,-0.0078,-0.5733
2008-02-26 04:45:00,0.0055,-0.5826
2008-02-26 05:00:00,0.0142,-0.7978
2008-02-26 05:15:00,0.0342,-0.8275
2008-02-26 05:30:00,-0.0353,-1.8369
2008-02-26 05:45:00,0.0071,-3.0857
2008-02-26 06:00:00,0.0021,-3.3473
2008-02-26 06:15:00,-0.0321,-2.9354
2008-02-26 06:30:00,0.3796,-2.5921
2008-02-26 06:45:00,1.2884,2.1097
2008-02-26 07:00:00,2.6009,30.136
2008-02-26 07:15:00,15.311,180.36
2008-02-26 07:30:00,71.152,295.56
2008-02-26 07:45:00,261.89,406.07
2008-02-26 08:00:00,361.74,491.63
2008-02-26 08:15:00,456.46,558.58
2008-02-26 08:30:00,542.47,640.13
2008-02-26 08:45:00,630.39,722.08
2008-02-26 09:00:00,705.85,799.46
2008-02-26 09:15:00,782.56,883.83
2008-02-26 09:30:00,834.96,952.27
2008-02-26 09:45:00,883.2,990.07
2008-02-26 10:00:00,931.4,1009.0
2008-02-26 10:15:00,975.26,1007.6
2008-02-26 10:30:00,1004.2,1013.4
2008-02-26 10:45:00,609.28,1054.6
2008-02-26 11:00:00,574.35,1087.4
2008-02-26 11:15:00,1089.3,1106.4
2008-02-26 11:30:00,1121.8,1126.8
2008-02-26 11:45:00,1144.0,1145.1
2008-02-26 12:00:00,1140.8,1146.6
2008-02-26 12:15:00,812.39,1147.9
2008-02-26 12:30:00,916.8,1149.0
2008-02-26 12:45:00,697.02,1134.5
2008-02-26 13:00:00,540.4,1123.3
2008-02-26 13:15:00,707.78,1113.4
2008-02-26 13:30:00,539.98,1029.8
2008-02-26 13:45:00,865.86,1064.1
2008-02-26 14:00:00,744.7,1037.6
2008-02-26 14:15:00,968.61,991.77
2008-02-26 14:30:00,934.66,951.25
2008-02-26 14:45:00,903.75,907.81
2008-02-26 15:00:00,865.09,857.56
2008-02-26 15:15:00,822.41,803.8
2008-02-26 15:30:00,761.07,743.13
2008-02-26 15:45:00,685.86,675.1
2008-02-26 16:00:00,603.5,606.54
2008-02-26 16:15:00,521.8,535.27
2008-02-26 16:30:00,427.08,458.07
2008-02-26 16:45:00,282.51,333.23
2008-02-26 17:00:00,209.49,275.36
2008-02-26 17:15:00,133.68,219.8
2008-02-26 17:30:00,28.526,65.368
2008-02-26 17:45:00,17.213,10.908
2008-02-26 18:00:00,5.8049,1.0638
2008-02-26 18:15:00,1.0825,-2.9153
2008-02-26 18:30:00,0.0344,-3.7885
2008-02-26 18:45:00,0.0114,-3.3291
2008-02-26 19:00:00,-0.0184,-2.9753
2008-02-26 19:15:00,0.0308,-3.1667
2008-02-26 19:30:00,-0.0116,-3.7065
2008-02-26 19:45:00,-0.0209,-3.933
2008-02-26 20:00:00,0.0114,-3.4733
2008-02-26 20:15:00,-0.0127,-3.4623
2008-02-26 20:30:00,-0.0167,-3.073
2008-02-26 20:45:00,-0.0074,-2.348
2008-02-26 21:00:00,0.0198,-2.6801
2008-02-26 21:15:00,0.0013,-2.9918
2008-02-26 21:30:00,-0.0037,-2.4966
2008-02-26 21:45:00,-0.0086,-2.5819
2008-02-26 22:00:00,-0.0165,-3.042
2008-02-26 22:15:00,-0.0009,-3.0419
2008-02-26 22:30:00,-0.0045,-2.8212
2008-02-26 22:45:00,0.0164,-2.8306
2008-02-26 23:00:00,0.0066,-3.0254
2008-02-26 23:15:00,0.0288,-3.1755
2008-02-26 23:30:00,-0.0129,-3.3536
2008-02-26 23:45:00,0.0064,-2.9511
2008-02-27 00:00:00,-0.0165,-3.1976
2008-02-27 00:15:00,-0.002,-3.8022
2008-02-27 00:30:00,-0.0184,-3.9264
2008-02-27 00:45:00,0.0198,-3.7538
2008-02-27 01:00:00,-0.0238,-4.1303
2008-02-27 01:15:00,-0.0006,-3.9801
2008-02-27 01:30:00,-0.0966,-3.0917
2008-02-27 01:45:00,-0.0031,-2.949
2008-02-27 02:00:00,-0.0277,-2.8229
2008-02-27 02:15:00,-0.0065,-3.8691
2008-02-27 02:30:00,0.0225,-3.8228
2008-02-27 02:45:00,0.0009,-3.4817
2008-02-27 03:00:00,0.0036,-3.3093
2008-02-27 03:15:00,0.0206,-3.5171
2008-02-27 03:30:00,0.0074,-3.3837
2008-02-27 03:45:00,-0.0098,-3.0424
2008-02-27 04:00:00,0.0552,-3.2725
2008-02-27 04:15:00,-0.0353,-3.0276
2008-02-27 04:30:00,-0.017,-3.1538
2008-02-27 04:45:00,0.0191,-2.8607
2008-02-27 05:00:00,-0.0246,-2.6975
2008-02-27 05:15:00,-0.0259,-2.5846
2008-02-27 05:30:00,-0.0091,-2.555
2008-02-27 05:45:00,-0.0214,-2.6348
2008-02-27 06:00:00,0.0278,-2.7833
2008-02-27 06:15:00,0.2579,-2.8649
2008-02-27 06:30:00,1.862,-2.0151
2008-02-27 06:45:00,10.856,10.443
2008-02-27 07:00:00,6.6508,49.883
2008-02-27 07:15:00,56.395,125.26
2008-02-27 07:30:00,161.18,215.05
2008-02-27 07:45:00,257.57,293.74
2008-02-27 08:00:00,318.76,342.45
2008-02-27 08:15:00,413.44,420.36
2008-02-27 08:30:00,423.19,428.82
2008-02-27 08:45:00,436.72,437.38
2008-02-27 09:00:00,508.6,504.15
2008-02-27 09:15:00,359.86,380.66
2008-02-27 09:30:00,631.28,611.77
2008-02-27 09:45:00,744.32,732.19
2008-02-27 10:00:00,932.14,908.23
2008-02-27 10:15:00,922.93,917.69
2008-02-27 10:30:00,995.93,1001.3
2008-02-27 10:45:00,1039.3,1044.4
2008-02-27 11:00:00,1053.4,1066.4
2008-02-27 11:15:00,1065.4,1092.5
2008-02-27 11:30:00,1097.7,1133.2
2008-02-27 11:45:00,616.25,972.62
2008-02-27 12:00:00,459.2,1222.1
2008-02-27 12:15:00,310.09,1217.6
2008-02-27 12:30:00,1133.2,1178.7
2008-02-27 12:45:00,1108.2,1159.8
2008-02-27 13:00:00,1074.1,1121.2
2008-02-27 13:15:00,737.25,766.1
2008-02-27 13:30:00,256.18,302.9
2008-02-27 13:45:00,166.16,213.51
2008-02-27 14:00:00,234.95,276.12
2008-02-27 14:15:00,153.49,206.1
2008-02-27 14:30:00,76.454,132.37
2008-02-27 14:45:00,58.285,117.27
2008-02-27 15:00:00,51.132,110.37
2008-02-27 15:15:00,317.19,341.98
2008-02-27 15:30:00,718.64,707.03
2008-02-27 15:45:00,572.04,583.69
2008-02-27 16:00:00,67.958,131.15
2008-02-27 16:15:00,342.01,376.61
2008-02-27 16:30:00,206.83,269.35
2008-02-27 16:45:00,14.709,41.889
2008-02-27 17:00:00,150.35,210.55
2008-02-27 17:15:00,128.69,215.49
2008-02-27 17:30:00,31.549,73.192
2008-02-27 17:45:00,17.856,13.482
2008-02-27 18:00:00,4.0736,-0.3112
2008-02-27 18:15:00,0.8222,-3.4396
2008-02-27 18:30:00,0.0496,-3.9974
2008-02-27 18:45:00,-0.0281,-4.2701
2008-02-27 19:00:00,0.0301,-3.9664
2008-02-27 19:15:00,0.0501,-3.9853
2008-02-27 19:30:00,-0.0327,-3.0482
2008-02-27 19:45:00,0.0122,-2.6853
2008-02-27 20:00:00,-0.0043,-2.8262
2008-02-27 20:15:00,-0.0464,-3.2563
2008-02-27 20:30:00,-0.0379,-3.1006
2008-02-27 20:45:00,-0.022,-2.3223
2008-02-27 21:00:00,-0.0063,-2.1
2008-02-27 21:15:00,-0.0485,-1.455
2008-02-27 21:30:00,-0.0094,-0.8637
2008-02-27 21:45:00,-0.0384,-0.6803
2008-02-27 22:00:00,-0.0228,-1.329
2008-02-27 22:15:00,-0.0266,-1.6145
2008-02-27 22:30:00,-0.0242,-2.0556
2008-02-27 22:45:00,-0.0137,-3.0584
2008-02-27 23:00:00,-0.0261,-3.9443
2008-02-27 23:15:00,-0.0054,-3.2102
2008-02-27 23:30:00,0.0229,-3.214
2008-02-27 23:45:00,-0.0202,-2.9231
2008-02-28 00:00:00,-0.0306,-1.9686
2008-02-28 00:15:00,-0.0034,-3.2644
2008-02-28 00:30:00,-0.0333,-3.6
2008-02-28 00:45:00,-0.022,-3.1496
2008-02-28 01:00:00,-0.0405,-2.5176
2008-02-28 01:15:00,0.0485,-2.512
2008-02-28 01:30:00,-0.0315,-2.9404
2008-02-28 01:45:00,0.0126,-2.4381
2008-02-28 02:00:00,0.0389,-0.9698
2008-02-28 02:15:00,0.0251,-0.3245
2008-02-28 02:30:00,-0.0279,-2.7127
2008-02-28 02:45:00,-0.0342,-3.167
2008-02-28 03:00:00,0.0453,-4.0698
2008-02-28 03:15:00,0.0101,-3.584
2008-02-28 03:30:00,0.013,-3.9215
2008-02-28 03:45:00,-0.0241,-2.3659
2008-02-28 04:00:00,-0.0323,-2.5013
2008-02-28 04:15:00,0.0091,-3.4341
2008-02-28 04:30:00,-0.0073,-1.1589
2008-02-28 04:45:00,0.0139,-0.6972
2008-02-28 05:00:00,-0.013,-1.3183
2008-02-28 05:15:00,-0.0233,-1.7075
2008-02-28 05:30:00,-0.0496,-1.839
2008-02-28 05:45:00,-0.0276,-1.9279
2008-02-28 06:00:00,-0.0378,-2.3448
2008-02-28 06:15:00,0.179,-2.252
2008-02-28 06:30:00,1.4287,-1.4345
2008-02-28 06:45:00,10.566,5.434
2008-02-28 07:00:00,17.349,14.175
2008-02-28 07:15:00,39.047,82.286
2008-02-28 07:30:00,159.17,225.15
2008-02-28 07:45:00,250.17,299.84
2008-02-28 08:00:00,341.77,374.84
2008-02-28 08:15:00,435.48,449.52
2008-02-28 08:30:00,524.71,523.21
2008-02-28 08:45:00,606.2,593.51
2008-02-28 09:00:00,687.55,660.98
2008-02-28 09:15:00,747.48,720.88
2008-02-28 09:30:00,810.46,781.43
2008-02-28 09:45:00,865.32,837.27
2008-02-28 10:00:00,912.62,886.53
2008-02-28 10:15:00,947.38,929.93
2008-02-28 10:30:00,990.26,978.1
2008-02-28 10:45:00,1006.1,1012.1
2008-02-28 11:00:00,989.21,992.28
2008-02-28 11:15:00,1017.4,1069.5
2008-02-28 11:30:00,650.82,1098.0
2008-02-28 11:45:00,1068.7,1108.0
2008-02-28 12:00:00,1074.3,1119.0
2008-02-28 12:15:00,1094.3,1127.0
2008-02-28 12:30:00,1086.7,1127.9
2008-02-28 12:45:00,596.93,1124.8
2008-02-28 13:00:00,1059.2,1115.6
2008-02-28 13:15:00,1009.3,1066.5
2008-02-28 13:30:00,528.39,1043.4
2008-02-28 13:45:00,724.34,803.83
2008-02-28 14:00:00,481.72,518.33
2008-02-28 14:15:00,666.27,709.6
2008-02-28 14:30:00,544.99,934.84
2008-02-28 14:45:00,932.52,947.16
2008-02-28 15:00:00,985.23,991.87
2008-02-28 15:15:00,827.37,839.62
2008-02-28 15:30:00,359.96,401.21
2008-02-28 15:45:00,298.86,341.27
2008-02-28 16:00:00,275.66,314.32
2008-02-28 16:15:00,200.12,247.03
2008-02-28 16:30:00,337.83,376.92
2008-02-28 16:45:00,231.99,286.07
2008-02-28 17:00:00,106.0,169.48
2008-02-28 17:15:00,63.899,130.61
2008-02-28 17:30:00,7.6858,47.658
2008-02-28 17:45:00,17.719,15.826
2008-02-28 18:00:00,6.9199,2.6962
2008-02-28 18:15:00,1.0516,-1.439
2008-02-28 18:30:00,0.0592,-1.9002
2008-02-28 18:45:00,0.0219,-2.304
2008-02-28 19:00:00,-0.0415,-2.4504
2008-02-28 19:15:00,0.0027,-2.4394
2008-02-28 19:30:00,0.0092,-2.095
2008-02-28 19:45:00,0.023,-2.0692
2008-02-28 20:00:00,0.0183,-3.0864
2008-02-28 20:15:00,-0.0469,-3.292
2008-02-28 20:30:00,-0.0734,-2.5567
2008-02-28 20:45:00,-0.073,-2.4939
2008-02-28 21:00:00,-0.0257,-2.9497
2008-02-28 21:15:00,-0.0108,-3.4205
2008-02-28 21:30:00,-0.0183,-2.7534
2008-02-28 21:45:00,-0.0601,-2.9128
2008-02-28 22:00:00,0.017,-3.0704
2008-02-28 22:15:00,0.0061,-2.118
2008-02-28 22:30:00,-0.0386,-3.6006
2008-02-28 22:45:00,-0.0217,-3.9121
2008-02-28 23:00:00,-0.0596,-4.3401
2008-02-28 23:15:00,-0.0042,-4.2903
2008-02-28 23:30:00,-0.0056,-4.3515
2008-02-28 23:45:00,-0.002,-3.9773
2008-02-29 00:00:00,-0.04,-4.2757
2008-02-29 00:15:00,-0.0221,-3.6327
2008-02-29 00:30:00,0.0198,-4.0665
2008-02-29 00:45:00,0.0026,-3.8108
2008-02-29 01:00:00,-0.0299,-3.4514
2008-02-29 01:15:00,-0.0105,-3.6574
2008-02-29 01:30:00,-0.0311,-3.6945
2008-02-29 01:45:00,-0.0122,-2.5972
2008-02-29 02:00:00,-0.0048,-2.373
2008-02-29 02:15:00,-0.0288,-3.2963
2008-02-29 02:30:00,-0.005,-3.5632
2008-02-29 02:45:00,-0.0036,-3.1906
2008-02-29 03:00:00,-0.0102,-2.9921
2008-02-29 03:15:00,-0.0179,-2.92
2008-02-29 03:30:00,-0.014,-3.0573
2008-02-29 03:45:00,-0.0036,-3.3745
2008-02-29 04:00:00,-0.0119,-3.269
2008-02-29 04:15:00,-0.0103,-3.3935
2008-02-29 04:30:00,0.0015,-3.8813
2008-02-29 04:45:00,-0.0117,-3.6959
2008-02-29 05:00:00,0.0083,-3.5885
2008-02-29 05:15:00,0.0167,-3.5552
2008-02-29 05:30:00,-0.0065,-3.6647
2008-02-29 05:45:00,-0.0074,-3.4719
2008-02-29 06:00:00,0.0183,-3.5239
2008-02-29 06:15:00,0.3173,-3.3312
2008-02-29 06:30:00,1.9806,-2.1479
2008-02-29 06:45:00,11.628,12.011
2008-02-29 07:00:00,7.8649,65.046
2008-02-29 07:15:00,59.233,133.66
2008-02-29 07:30:00,141.34,207.54
2008-02-29 07:45:00,231.32,285.73
2008-02-29 08:00:00,318.83,360.69
2008-02-29 08:15:00,419.38,434.7
2008-02-29 08:30:00,508.8,509.36
2008-02-29 08:45:00,587.99,581.73
2008-02-29 09:00:00,655.63,651.06
2008-02-29 09:15:00,721.7,716.6
2008-02-29 09:30:00,777.55,776.86
2008-02-29 09:45:00,848.64,839.53
2008-02-29 10:00:00,911.04,895.1
2008-02-29 10:15:00,971.55,952.45
2008-02-29 10:30:00,1023.4,999.95
2008-02-29 10:45:00,1066.5,1037.9
2008-02-29 11:00:00,1088.8,1071.4
2008-02-29 11:15:00,1107.8,1102.2
2008-02-29 11:30:00,1123.5,1126.5
2008-02-29 11:45:00,1138.4,1144.8
2008-02-29 12:00:00,1117.9,1140.7
2008-02-29 12:15:00,1144.7,1162.4
2008-02-29 12:30:00,1123.2,1156.4
2008-02-29 12:45:00,1098.1,1149.9
2008-02-29 13:00:00,1104.4,1138.1
2008-02-29 13:15:00,1078.5,1104.9
2008-02-29 13:30:00,1057.0,1100.8
2008-02-29 13:45:00,1007.0,1066.4
2008-02-29 14:00:00,988.4,1034.3
2008-02-29 14:15:00,964.05,1004.2
2008-02-29 14:30:00,762.36,806.29
2008-02-29 14:45:00,630.9,675.48
2008-02-29 15:00:00,449.44,497.64
2008-02-29 15:15:00,486.07,530.08
2008-02-29 15:30:00,547.45,615.75
2008-02-29 15:45:00,411.08,445.23
2008-02-29 16:00:00,669.7,698.2
2008-02-29 16:15:00,555.6,601.89
2008-02-29 16:30:00,436.81,490.87
2008-02-29 16:45:00,343.09,407.06
2008-02-29 17:00:00,246.77,321.16
2008-02-29 17:15:00,131.11,219.5
2008-02-29 17:30:00,27.564,70.384
2008-02-29 17:45:00,18.49,10.744
2008-02-29 18:00:00,6.0574,-0.3443
2008-02-29 18:15:00,1.2536,-4.0229
2008-02-29 18:30:00,0.0984,-4.7399
2008-02-29 18:45:00,-0.0181,-4.1627
2008-02-29 19:00:00,-0.0779,-4.1742
2008-02-29 19:15:00,-0.0556,-3.8469
2008-02-29 19:30:00,-0.027,-3.4083
2008-02-29 19:45:00,0.0442,-3.014
2008-02-29 20:00:00,-0.0333,-2.1381
2008-02-29 20:15:00,-0.0042,-2.1605
2008-02-29 20:30:00,-0.0603,-1.9734
2008-02-29 20:45:00,-0.0228,-1.5362
2008-02-29 21:00:00,0.0291,-2.4499
2008-02-29 21:15:00,0.0402,-3.295
2008-02-29 21:30:00,0.0258,-3.2005
2008-02-29 21:45:00,-0.0106,-3.1171
2008-02-29 22:00:00,-0.0307,-3.5841
2008-02-29 22:15:00,-0.0027,-2.8835
2008-02-29 22:30:00,0.0013,-2.7945
2008-02-29 22:45:00,-0.0057,-3.2727
2008-02-29 23:00:00,-0.007,-1.9903
2008-02-29 23:15:00,-0.0038,-1.9848
2008-02-29 23:30:00,0.025,-2.8059
2008-02-29 23:45:00,0.0156,-2.589
2008-03-01 00:00:00,0.0046,-2.2313
2008-03-01 00:15:00,-0.029,-2.9856
2008-03-01 00:30:00,0.0122,-2.4111
2008-03-01 00:45:00,0.0001,-2.2832
2008-03-01 01:00:00,0.0306,-2.6743
2008-03-01 01:15:00,-0.0118,-2.5779
2008-03-01 01:30:00,-0.0414,-2.8319
2008-03-01 01:45:00,-0.0541,-2.4612
2008-03-01 02:00:00,0.0222,-2.4241
2008-03-01 02:15:00,-0.0107,-2.1702
2008-03-01 02:30:00,-0.024,-1.5661
2008-03-01 02:45:00,0.0023,-2.1017
2008-03-01 03:00:00,-0.018,-2.463
2008-03-01 03:15:00,-0.0387,-2.7021
2008-03-01 03:30:00,-0.0615,-2.0794
2008-03-01 03:45:00,-0.0489,-1.996
2008-03-01 04:00:00,0.0056,-1.099
2008-03-01 04:15:00,0.0204,-2.5853
2008-03-01 04:30:00,-0.0319,-3.1857
2008-03-01 04:45:00,-0.0249,-2.1108
2008-03-01 05:00:00,-0.0194,-2.7243
2008-03-01 05:15:00,0.023,-2.5908
2008-03-01 05:30:00,-0.0272,-3.447
2008-03-01 05:45:00,-0.0072,-3.1004
2008-03-01 06:00:00,0.0023,-3.5358
2008-03-01 06:15:00,0.4313,-3.6897
2008-03-01 06:30:00,2.9765,-1.3955
2008-03-01 06:45:00,8.7532,23.638
2008-03-01 07:00:00,4.8861,39.599
2008-03-01 07:15:00,0.1932,40.107
2008-03-01 07:30:00,15.2,68.17
2008-03-01 07:45:00,49.776,104.21
2008-03-01 08:00:00,97.434,150.63
2008-03-01 08:15:00,160.6,209.88
2008-03-01 08:30:00,183.74,231.42
2008-03-01 08:45:00,206.36,252.91
2008-03-01 09:00:00,314.24,347.15
2008-03-01 09:15:00,358.41,388.09
2008-03-01 09:30:00,374.1,405.95
2008-03-01 09:45:00,380.44,413.35
2008-03-01 10:00:00,434.35,462.88
2008-03-01 10:15:00,587.3,604.71
2008-03-01 10:30:00,570.23,589.78
2008-03-01 10:45:00,657.61,672.53
2008-03-01 11:00:00,843.03,858.55
2008-03-01 11:15:00,280.81,1125.8
2008-03-01 11:30:00,433.25,1128.2
2008-03-01 11:45:00,589.64,1130.6
2008-03-01 12:00:00,595.95,1142.7
2008-03-01 12:15:00,251.24,1144.9
2008-03-01 12:30:00,449.35,1147.2
2008-03-01 12:45:00,584.53,1111.5
2008-03-01 13:00:00,684.97,1111.8
2008-03-01 13:15:00,458.76,1112.7
2008-03-01 13:30:00,856.05,963.64
2008-03-01 13:45:00,487.32,1006.9
2008-03-01 14:00:00,802.58,883.33
2008-03-01 14:15:00,419.79,473.55
2008-03-01 14:30:00,436.83,870.54
2008-03-01 14:45:00,501.6,960.3
2008-03-01 15:00:00,793.16,850.76
2008-03-01 15:15:00,743.62,792.78
2008-03-01 15:30:00,683.76,734.01
2008-03-01 15:45:00,628.32,670.1
2008-03-01 16:00:00,558.66,602.44
2008-03-01 16:15:00,483.22,533.8
2008-03-01 16:30:00,403.12,465.08
2008-03-01 16:45:00,323.27,394.4
2008-03-01 17:00:00,217.91,299.45
2008-03-01 17:15:00,13.693,53.587
2008-03-01 17:30:00,33.587,83.085
2008-03-01 17:45:00,18.825,12.311
2008-03-01 18:00:00,7.2189,0.4497
2008-03-01 18:15:00,1.1221,-2.5744
2008-03-01 18:30:00,0.1094,-2.2581
2008-03-01 18:45:00,0.0344,-1.8845
2008-03-01 19:00:00,0.0148,-1.4162
2008-03-01 19:15:00,-0.0474,-1.5348
2008-03-01 19:30:00,-0.0207,-1.994
2008-03-01 19:45:00,-0.0394,-2.2404
2008-03-01 20:00:00,-0.0197,-1.8202
2008-03-01 20:15:00,-0.043,-1.8222
2008-03-01 20:30:00,0.0129,-1.9464
2008-03-01 20:45:00,0.0725,-2.2261
2008-03-01 21:00:00,-0.0154,-2.9689
2008-03-01 21:15:00,0.0138,-2.217
2008-03-01 21:30:00,-0.0104,-1.9319
2008-03-01 21:45:00,-0.0132,-2.1302
2008-03-01 22:00:00,0.0059,-2.1302
2008-03-01 22:15:00,-0.0187,-3.4399
2008-03-01 22:30:00,-0.022,-3.8365
2008-03-01 22:45:00,-0.0188,-4.2831
2008-03-01 23:00:00,0.0155,-3.8183
2008-03-01 23:15:00,0.0057,-3.1867
2008-03-01 23:30:00,-0.0282,-3.5186
2008-03-01 23:45:00,-0.0335,-2.509
2008-03-02 00:00:00,0.0187,-2.7018
2008-03-02 00:15:00,0.0062,-3.3931
2008-03-02 00:30:00,-0.0241,-3.8177
2008-03-02 00:45:00,-0.0065,-2.9949
2008-03-02 01:00:00,0.007,-3.0876
2008-03-02 01:15:00,0.0065,-2.3778
2008-03-02 01:30:00,0.0036,-2.085
2008-03-02 01:45:00,0.0348,-1.5884
2008-03-02 02:00:00,0.0327,-2.1333
2008-03-02 02:15:00,-0.0255,-2.4928
2008-03-02 02:30:00,-0.0281,-2.0554
2008-03-02 02:45:00,-0.0037,-1.1028
2008-03-02 03:00:00,0.014,-1.2974
2008-03-02 03:15:00,0.0,-1.1065
2008-03-02 03:30:00,-0.002,-1.0509
2008-03-02 03:45:00,0.021,-1.1176
2008-03-02 04:00:00,-0.0258,-1.0657
2008-03-02 04:15:00,-0.0121,-0.886
2008-03-02 04:30:00,-0.0319,-0.8323
2008-03-02 04:45:00,0.0295,-0.6395
2008-03-02 05:00:00,-0.0305,-0.6711
2008-03-02 05:15:00,-0.0172,-0.7008
2008-03-02 05:30:00,0.0569,-0.7323
2008-03-02 05:45:00,-0.0111,-0.5395
2008-03-02 06:00:00,0.0001,-0.3059
2008-03-02 06:15:00,0.0086,-0.1817
2008-03-02 06:30:00,0.1461,0.0649
2008-03-02 06:45:00,0.5292,0.777
2008-03-02 07:00:00,1.0579,2.3831
2008-03-02 07:15:00,1.279,5.4155
2008-03-02 07:30:00,2.0955,9.2902
2008-03-02 07:45:00,3.1051,16.667
2008-03-02 08:00:00,3.3818,21.879
2008-03-02 08:15:00,3.2762,28.811
2008-03-02 08:30:00,3.5493,36.002
2008-03-02 08:45:00,4.5356,50.308
2008-03-02 09:00:00,5.5504,68.958
2008-03-02 09:15:00,9.2948,94.753
2008-03-02 09:30:00,16.246,129.29
2008-03-02 09:45:00,18.798,151.6
2008-03-02 10:00:00,19.966,164.88
2008-03-02 10:15:00,21.597,189.37
2008-03-02 10:30:00,21.553,183.82
2008-03-02 10:45:00,20.589,194.84
2008-03-02 11:00:00,17.989,176.07
2008-03-02 11:15:00,15.317,193.87
2008-03-02 11:30:00,14.074,224.35
2008-03-02 11:45:00,14.294,214.11
2008-03-02 12:00:00,12.485,231.25
2008-03-02 12:15:00,12.798,220.99
2008-03-02 12:30:00,9.6125,254.53
2008-03-02 12:45:00,8.0735,286.13
2008-03-02 13:00:00,9.3129,251.79
2008-03-02 13:15:00,5.3525,350.49
2008-03-02 13:30:00,5.7353,349.31
2008-03-02 13:45:00,9.8299,270.6
2008-03-02 14:00:00,8.2951,280.91
2008-03-02 14:15:00,10.716,234.68
2008-03-02 14:30:00,9.9558,231.21
2008-03-02 14:45:00,10.676,217.67
2008-03-02 15:00:00,13.858,182.57
2008-03-02 15:15:00,17.982,152.45
2008-03-02 15:30:00,20.352,139.95
2008-03-02 15:45:00,20.134,118.54
2008-03-02 16:00:00,20.316,119.11
2008-03-02 16:15:00,19.434,111.99
2008-03-02 16:30:00,18.381,103.35
2008-03-02 16:45:00,13.875,79.865
2008-03-02 17:00:00,11.052,72.184
2008-03-02 17:15:00,5.6971,46.509
2008-03-02 17:30:00,3.3193,24.253
2008-03-02 17:45:00,1.4256,7.0513
2008-03-02 18:00:00,1.1108,2.152
2008-03-02 18:15:00,0.2983,-0.6382
2008-03-02 18:30:00,-0.0086,-1.3468
2008-03-02 18:45:00,0.0052,-1.46
2008-03-02 19:00:00,-0.0095,-1.0259
2008-03-02 19:15:00,0.0074,-1.2004
2008-03-02 19:30:00,0.0005,-2.0094
2008-03-02 19:45:00,0.0237,-1.7998
2008-03-02 20:00:00,-0.0112,-1.7368
2008-03-02 20:15:00,-0.0118,-1.8351
2008-03-02 20:30:00,-0.0048,-3.0969
2008-03-02 20:45:00,0.0271,-2.3769
2008-03-02 21:00:00,0.0206,-2.0281
2008-03-02 21:15:00,-0.0123,-1.9242
2008-03-02 21:30:00,-0.0072,-0.72
2008-03-02 21:45:00,0.0061,-0.5993
2008-03-02 22:00:00,-0.0048,-0.9593
2008-03-02 22:15:00,0.0051,-1.002
2008-03-02 22:30:00,-0.0031,-1.2451
2008-03-02 22:45:00,-0.0076,-2.3417
2008-03-02 23:00:00,-0.0059,-3.0709
2008-03-02 23:15:00,0.0424,-3.3307
2008-03-02 23:30:00,-0.0157,-3.0265
2008-03-02 23:45:00,0.0049,-2.7967
2008-03-03 00:00:00,0.0134,-3.0957
2008-03-03 00:15:00,0.0313,-3.1719
2008-03-03 00:30:00,-0.0178,-3.0234
2008-03-03 00:45:00,0.0062,-3.0903
2008-03-03 01:00:00,-0.012,-2.6227
2008-03-03 01:15:00,-0.0333,-2.7935
2008-03-03 01:30:00,-0.0382,-2.7583
2008-03-03 01:45:00,-0.0127,-2.9124
2008-03-03 02:00:00,-0.0541,-2.905
2008-03-03 02:15:00,0.035,-2.48
2008-03-03 02:30:00,0.025,-1.7505
2008-03-03 02:45:00,0.0045,-1.784
2008-03-03 03:00:00,0.03,-2.9983
2008-03-03 03:15:00,-0.0113,-2.9408
2008-03-03 03:30:00,-0.0208,-2.3281
2008-03-03 03:45:00,0.0453,-1.8027
2008-03-03 04:00:00,-0.0335,-1.385
2008-03-03 04:15:00,0.0042,-1.6783
2008-03-03 04:30:00,-0.0146,-2.2056
2008-03-03 04:45:00,-0.0109,-2.0255
2008-03-03 05:00:00,0.0468,-1.9791
2008-03-03 05:15:00,-0.0374,-2.1054
2008-03-03 05:30:00,-0.0133,-2.3597
2008-03-03 05:45:00,-0.0256,-2.4507
2008-03-03 06:00:00,0.0071,-2.5045
2008-03-03 06:15:00,0.1244,-2.2298
2008-03-03 06:30:00,1.0444,0.6795
2008-03-03 06:45:00,3.9635,32.351
2008-03-03 07:00:00,13.144,88.737
2008-03-03 07:15:00,17.872,159.95
2008-03-03 07:30:00,10.741,236.14
2008-03-03 07:45:00,7.9718,317.82
2008-03-03 08:00:00,2.3787,402.26
2008-03-03 08:15:00,-1.5099,485.46
2008-03-03 08:30:00,0.1126,564.51
2008-03-03 08:45:00,47.431,639.09
2008-03-03 09:00:00,189.55,712.13
2008-03-03 09:15:00,407.68,780.54
2008-03-03 09:30:00,588.02,845.2
2008-03-03 09:45:00,738.4,907.33
2008-03-03 10:00:00,860.7,961.82
2008-03-03 10:15:00,954.12,1009.0
2008-03-03 10:30:00,1027.2,1056.1
2008-03-03 10:45:00,605.13,1098.6
2008-03-03 11:00:00,1140.6,1134.3
2008-03-03 11:15:00,650.35,1164.8
2008-03-03 11:30:00,1016.7,1188.8
2008-03-03 11:45:00,849.44,1205.6
2008-03-03 12:00:00,1226.8,1215.3
2008-03-03 12:15:00,1219.1,1216.3
2008-03-03 12:30:00,1208.9,1214.5
2008-03-03 12:45:00,1194.0,1206.3
2008-03-03 13:00:00,1182.8,1193.9
2008-03-03 13:15:00,1163.5,1173.0
2008-03-03 13:30:00,696.64,1147.0
2008-03-03 13:45:00,546.19,1115.3
2008-03-03 14:00:00,1058.7,1079.1
2008-03-03 14:15:00,1020.8,1037.5
2008-03-03 14:30:00,980.9,989.85
2008-03-03 14:45:00,930.93,939.77
2008-03-03 15:00:00,878.04,882.05
2008-03-03 15:15:00,813.4,820.84
2008-03-03 15:30:00,741.53,753.42
2008-03-03 15:45:00,670.49,687.54
2008-03-03 16:00:00,590.59,617.08
2008-03-03 16:15:00,510.96,543.68
2008-03-03 16:30:00,423.54,468.09
2008-03-03 16:45:00,333.68,391.05
2008-03-03 17:00:00,236.53,307.27
2008-03-03 17:15:00,125.12,196.0
2008-03-03 17:30:00,35.336,103.96
2008-03-03 17:45:00,15.658,8.8417
2008-03-03 18:00:00,8.4429,1.4956
2008-03-03 18:15:00,1.4712,-3.4953
2008-03-03 18:30:00,0.1747,-4.4407
2008-03-03 18:45:00,0.0217,-4.2872
2008-03-03 19:00:00,-0.0143,-3.2478
2008-03-03 19:15:00,-0.0106,-2.8606
2008-03-03 19:30:00,-0.0286,-3.2966
2008-03-03 19:45:00,0.0448,-2.9
2008-03-03 20:00:00,-0.0001,-3.1024
2008-03-03 20:15:00,0.0231,-1.2851
2008-03-03 20:30:00,-0.0856,-2.4035
2008-03-03 20:45:00,-0.0225,-3.5014
2008-03-03 21:00:00,0.0292,-3.4068
2008-03-03 21:15:00,0.0138,-2.3942
2008-03-03 21:30:00,-0.0402,-2.6669
2008-03-03 21:45:00,-0.0037,-2.1458
2008-03-03 22:00:00,-0.0011,-1.3464
2008-03-03 22:15:00,-0.0323,-1.4948
2008-03-03 22:30:00,0.0326,-1.0126
2008-03-03 22:45:00,0.0125,-1.5431
2008-03-03 23:00:00,0.0004,-0.7326
2008-03-03 23:15:00,-0.0425,-0.9496
2008-03-03 23:30:00,-0.0172,-1.4113
2008-03-03 23:45:00,0.0207,-1.3426
2008-03-04 00:00:00,0.0028,-0.7937
2008-03-04 00:15:00,0.0136,-0.9383
2008-03-04 00:30:00,-0.025,-0.3412
2008-03-04 00:45:00,-0.0203,-1.2886
2008-03-04 01:00:00,0.006,-2.0857
2008-03-04 01:15:00,-0.0714,-2.5954
2008-03-04 01:30:00,-0.0502,-1.941
2008-03-04 01:45:00,-0.0445,-2.638
2008-03-04 02:00:00,-0.0088,-2.4508
2008-03-04 02:15:00,-0.0626,-2.9441
2008-03-04 02:30:00,0.0374,-2.8292
2008-03-04 02:45:00,-0.0257,-3.1389
2008-03-04 03:00:00,0.0451,-3.0056
2008-03-04 03:15:00,-0.0183,-3.0335
2008-03-04 03:30:00,-0.0145,-3.3841
2008-03-04 03:45:00,0.0409,-2.7371
2008-03-04 04:00:00,-0.0293,-3.3862
2008-03-04 04:15:00,0.0138,-2.051
2008-03-04 04:30:00,0.0143,-1.7878
2008-03-04 04:45:00,-0.0458,-1.6802
2008-03-04 05:00:00,-0.0154,-1.3761
2008-03-04 05:15:00,-0.0477,-1.1981
2008-03-04 05:30:00,-0.0082,-2.4035
2008-03-04 05:45:00,-0.0209,-2.9896
2008-03-04 06:00:00,0.0355,-3.2492
2008-03-04 06:15:00,0.6252,-2.8264
2008-03-04 06:30:00,2.4585,-0.5063
2008-03-04 06:45:00,10.415,5.0092
2008-03-04 07:00:00,15.265,14.126
2008-03-04 07:15:00,6.9054,40.475
2008-03-04 07:30:00,143.17,216.65
2008-03-04 07:45:00,259.96,314.6
2008-03-04 08:00:00,349.51,392.74
2008-03-04 08:15:00,435.54,469.16
2008-03-04 08:30:00,539.83,545.61
2008-03-04 08:45:00,619.43,617.63
2008-03-04 09:00:00,696.66,688.39
2008-03-04 09:15:00,760.01,752.75
2008-03-04 09:30:00,823.31,814.35
2008-03-04 09:45:00,912.27,899.18
2008-03-04 10:00:00,995.86,980.58
2008-03-04 10:15:00,1022.0,1018.2
2008-03-04 10:30:00,928.09,923.76
2008-03-04 10:45:00,285.37,1020.1
2008-03-04 11:00:00,255.04,904.12
2008-03-04 11:15:00,181.81,1113.9
2008-03-04 11:30:00,368.26,1164.8
2008-03-04 11:45:00,437.23,1125.4
2008-03-04 12:00:00,405.45,1202.9
2008-03-04 12:15:00,258.35,1198.8
2008-03-04 12:30:00,246.71,1212.1
2008-03-04 12:45:00,238.35,1203.9
2008-03-04 13:00:00,264.89,706.77
2008-03-04 13:15:00,170.35,922.84
2008-03-04 13:30:00,332.79,364.79
2008-03-04 13:45:00,250.88,275.88
2008-03-04 14:00:00,493.16,496.35
2008-03-04 14:15:00,217.22,540.96
2008-03-04 14:30:00,520.99,530.12
2008-03-04 14:45:00,456.73,464.0
2008-03-04 15:00:00,115.5,153.37
2008-03-04 15:15:00,63.888,111.57
2008-03-04 15:30:00,239.83,267.56
2008-03-04 15:45:00,62.361,115.56
2008-03-04 16:00:00,119.75,165.32
2008-03-04 16:15:00,366.64,390.74
2008-03-04 16:30:00,172.85,222.88
2008-03-04 16:45:00,112.72,172.03
2008-03-04 17:00:00,-1.0947,63.465
2008-03-04 17:15:00,2.52,49.146
2008-03-04 17:30:00,5.4722,32.596
2008-03-04 17:45:00,15.767,13.222
2008-03-04 18:00:00,5.6444,2.7852
2008-03-04 18:15:00,1.4062,-1.3501
2008-03-04 18:30:00,0.2167,-2.0158
2008-03-04 18:45:00,-0.0341,-2.0086
2008-03-04 19:00:00,-0.0058,-2.3091
2008-03-04 19:15:00,0.0089,-2.3036
2008-03-04 19:30:00,-0.0118,-2.146
2008-03-04 19:45:00,0.0181,-1.7956
2008-03-04 20:00:00,-0.052,-1.6844
2008-03-04 20:15:00,-0.036,-2.1277
2008-03-04 20:30:00,-0.0505,-2.3504
2008-03-04 20:45:00,-0.0499,-2.6751
2008-03-04 21:00:00,-0.0051,-2.8921
2008-03-04 21:15:00,0.0581,-2.6695
2008-03-04 21:30:00,-0.023,-2.9348
2008-03-04 21:45:00,-0.0034,-2.6955
2008-03-04 22:00:00,0.0219,-2.5972
2008-03-04 22:15:00,0.0377,-2.8811
2008-03-04 22:30:00,0.036,-2.7085
2008-03-04 22:45:00,-0.0112,-2.6919
2008-03-04 23:00:00,-0.0043,-2.4173
2008-03-04 23:15:00,-0.0065,-2.6809
2008-03-04 23:30:00,-0.0071,-2.6588
2008-03-04 23:45:00,-0.0012,-2.5754
2008-03-05 00:00:00,-0.0245,-1.4028
2008-03-05 00:15:00,0.0036,-1.6013
2008-03-05 00:30:00,-0.0308,-1.913
2008-03-05 00:45:00,-0.029,-0.3952
2008-03-05 01:00:00,0.0136,-0.4769
2008-03-05 01:15:00,0.0022,-0.7515
2008-03-05 01:30:00,-0.0271,-0.848
2008-03-05 01:45:00,0.0093,-0.8517
2008-03-05 02:00:00,0.0109,-0.7812
2008-03-05 02:15:00,0.0238,-0.6086
2008-03-05 02:30:00,0.0218,-0.7311
2008-03-05 02:45:00,0.0548,-0.4546
2008-03-05 03:00:00,0.0277,-0.475
2008-03-05 03:15:00,0.0282,-0.3674
2008-03-05 03:30:00,-0.0312,-0.3971
2008-03-05 03:45:00,-0.0158,-0.295
2008-03-05 04:00:00,-0.0062,-0.2227
2008-03-05 04:15:00,-0.034,-0.3136
2008-03-05 04:30:00,0.012,-0.2858
2008-03-05 04:45:00,0.0278,-0.219
2008-03-05 05:00:00,-0.0641,-0.1076
2008-03-05 05:15:00,-0.0118,-0.0464
2008-03-05 05:30:00,-0.0163,-0.0111
2008-03-05 05:45:00,0.0007,0.0186
2008-03-05 06:00:00,0.0196,-0.0056
2008-03-05 06:15:00,0.0306,0.1113
2008-03-05 06:30:00,0.5574,1.3881
2008-03-05 06:45:00,1.2267,6.4543
2008-03-05 07:00:00,1.8711,17.747
2008-03-05 07:15:00,3.4734,36.728
2008-03-05 07:30:00,4.7407,55.3
2008-03-05 07:45:00,6.395,79.222
2008-03-05 08:00:00,13.156,108.58
2008-03-05 08:15:00,18.128,130.04
2008-03-05 08:30:00,20.905,171.95
2008-03-05 08:45:00,81.132,225.87
2008-03-05 09:00:00,132.73,227.23
2008-03-05 09:15:00,141.39,208.2
2008-03-05 09:30:00,181.69,247.09
2008-03-05 09:45:00,135.56,189.66
2008-03-05 10:00:00,127.77,186.8
2008-03-05 10:15:00,134.45,201.32
2008-03-05 10:30:00,182.31,259.55
2008-03-05 10:45:00,178.62,275.26
2008-03-05 11:00:00,162.16,270.12
2008-03-05 11:15:00,183.88,282.61
2008-03-05 11:30:00,201.68,289.2
2008-03-05 11:45:00,202.41,289.76
2008-03-05 12:00:00,231.24,324.68
2008-03-05 12:15:00,276.43,375.21
2008-03-05 12:30:00,280.46,344.16
2008-03-05 12:45:00,269.77,331.51
2008-03-05 13:00:00,253.22,308.81
2008-03-05 13:15:00,238.46,291.11
2008-03-05 13:30:00,348.69,406.3
2008-03-05 13:45:00,335.91,394.57
2008-03-05 14:00:00,265.19,325.85
2008-03-05 14:15:00,219.9,280.12
2008-03-05 14:30:00,241.32,297.15
2008-03-05 14:45:00,223.38,274.09
2008-03-05 15:00:00,226.93,274.57
2008-03-05 15:15:00,261.44,309.31
2008-03-05 15:30:00,182.24,232.06
2008-03-05 15:45:00,87.958,137.55
2008-03-05 16:00:00,33.655,84.417
2008-03-05 16:15:00,10.919,65.489
2008-03-05 16:30:00,2.3245,58.7
2008-03-05 16:45:00,13.684,41.038
2008-03-05 17:00:00,18.938,26.215
2008-03-05 17:15:00,10.697,17.823
2008-03-05 17:30:00,4.0813,11.975
2008-03-05 17:45:00,2.9275,8.4459
2008-03-05 18:00:00,1.4309,3.393
2008-03-05 18:15:00,0.8161,-0.0353
2008-03-05 18:30:00,-0.0002,-1.2059
2008-03-05 18:45:00,-0.0021,-1.4917
2008-03-05 19:00:00,-0.0215,-1.5493
2008-03-05 19:15:00,0.0075,-2.4084
2008-03-05 19:30:00,-0.0181,-2.9299
2008-03-05 19:45:00,-0.0131,-2.8334
2008-03-05 20:00:00,-0.005,-2.6777
2008-03-05 20:15:00,-0.0063,-1.7222
2008-03-05 20:30:00,-0.0124,-0.386
2008-03-05 20:45:00,-0.0215,-0.5568
2008-03-05 21:00:00,-0.0565,-1.0894
2008-03-05 21:15:00,-0.0075,-1.1043
2008-03-05 21:30:00,0.0078,-1.4866
2008-03-05 21:45:00,0.0081,-1.5998
2008-03-05 22:00:00,0.0261,-2.4554
2008-03-05 22:15:00,-0.0081,-3.2033
2008-03-05 22:30:00,0.0457,-3.1106
2008-03-05 22:45:00,-0.0262,-3.2962
2008-03-05 23:00:00,-0.0055,-3.2833
2008-03-05 23:15:00,0.0297,-3.1869
2008-03-05 23:30:00,0.0022,-3.4005
2008-03-05 23:45:00,-0.0148,-3.2539
2008-03-06 00:00:00,-0.0007,-3.1391
2008-03-06 00:15:00,0.0144,-3.0056
2008-03-06 00:30:00,-0.0075,-2.9241
2008-03-06 00:45:00,-0.0001,-2.913
2008-03-06 01:00:00,0.0144,-2.2483
2008-03-06 01:15:00,-0.0256,-2.2836
2008-03-06 01:30:00,0.0323,-2.7774
2008-03-06 01:45:00,0.0067,-2.7738
2008-03-06 02:00:00,0.0298,-2.9928
2008-03-06 02:15:00,0.0034,-2.7775
2008-03-06 02:30:00,-0.0063,-2.1797
2008-03-06 02:45:00,0.023,-2.4229
2008-03-06 03:00:00,0.0223,-2.2465
2008-03-06 03:15:00,-0.0396,-2.2484
2008-03-06 03:30:00,0.0253,-2.2151
2008-03-06 03:45:00,0.023,-2.8984
2008-03-06 04:00:00,-0.0228,-3.0971
2008-03-06 04:15:00,-0.0008,-3.0469
2008-03-06 04:30:00,-0.0185,-3.2157
2008-03-06 04:45:00,-0.0158,-2.642
2008-03-06 05:00:00,0.0001,-2.2651
2008-03-06 05:15:00,0.0733,-2.6048
2008-03-06 05:30:00,-0.0235,-2.9298
2008-03-06 05:45:00,0.015,-3.1117
2008-03-06 06:00:00,-0.0283,-3.0653
2008-03-06 06:15:00,0.5872,-2.5138
2008-03-06 06:30:00,2.1181,3.9935
2008-03-06 06:45:00,14.023,52.302
2008-03-06 07:00:00,8.6004,123.55
2008-03-06 07:15:00,-1.6294,202.99
2008-03-06 07:30:00,5.3332,285.83
2008-03-06 07:45:00,23.307,367.87
2008-03-06 08:00:00,44.968,450.74
2008-03-06 08:15:00,76.694,532.29
2008-03-06 08:30:00,213.85,609.62
2008-03-06 08:45:00,500.98,682.14
2008-03-06 09:00:00,783.92,789.94
2008-03-06 09:15:00,562.06,565.34
2008-03-06 09:30:00,486.82,492.38
2008-03-06 09:45:00,627.6,584.53
2008-03-06 10:00:00,374.95,372.68
2008-03-06 10:15:00,585.94,557.64
2008-03-06 10:30:00,704.7,664.9
2008-03-06 10:45:00,510.02,860.39
2008-03-06 11:00:00,805.19,770.26
2008-03-06 11:15:00,900.9,872.43
2008-03-06 11:30:00,765.74,735.69
2008-03-06 11:45:00,876.18,832.88
2008-03-06 12:00:00,549.73,1013.2
2008-03-06 12:15:00,302.14,1095.8
2008-03-06 12:30:00,113.9,1241.0
2008-03-06 12:45:00,290.34,1222.1
2008-03-06 13:00:00,203.71,1335.3
2008-03-06 13:15:00,183.56,1082.4
2008-03-06 13:30:00,227.02,1264.2
2008-03-06 13:45:00,173.06,1089.6
2008-03-06 14:00:00,412.45,859.03
2008-03-06 14:15:00,560.53,545.11
2008-03-06 14:30:00,569.37,546.32
2008-03-06 14:45:00,205.43,918.92
2008-03-06 15:00:00,594.83,841.14
2008-03-06 15:15:00,274.49,996.78
2008-03-06 15:30:00,420.2,855.89
2008-03-06 15:45:00,513.6,766.21
2008-03-06 16:00:00,819.27,786.43
2008-03-06 16:15:00,664.12,653.52
2008-03-06 16:30:00,510.47,527.16
2008-03-06 16:45:00,319.84,362.65
2008-03-06 17:00:00,94.499,154.37
2008-03-06 17:15:00,24.713,84.897
2008-03-06 17:30:00,21.482,94.456
2008-03-06 17:45:00,15.71,16.932
2008-03-06 18:00:00,9.6263,3.5151
2008-03-06 18:15:00,1.6222,-1.3351
2008-03-06 18:30:00,0.2321,-1.9676
2008-03-06 18:45:00,-0.0326,-1.9121
2008-03-06 19:00:00,0.0362,-1.6747
2008-03-06 19:15:00,0.0131,-1.6638
2008-03-06 19:30:00,-0.0126,-1.5303
2008-03-06 19:45:00,-0.0258,-1.4562
2008-03-06 20:00:00,0.0525,-1.6251
2008-03-06 20:15:00,-0.0412,-2.1761
2008-03-06 20:30:00,-0.0224,-3.1593
2008-03-06 20:45:00,0.0139,-3.2447
2008-03-06 21:00:00,-0.0198,-3.2039
2008-03-06 21:15:00,-0.0535,-3.0631
2008-03-06 21:30:00,0.0313,-2.6514
2008-03-06 21:45:00,-0.0015,-2.5958
2008-03-06 22:00:00,0.0044,-2.2841
2008-03-06 22:15:00,-0.0135,-2.067
2008-03-06 22:30:00,0.0221,-2.1673
2008-03-06 22:45:00,0.0161,-1.9594
2008-03-06 23:00:00,0.0172,-2.2044
2008-03-06 23:15:00,-0.0338,-2.7425
2008-03-06 23:30:00,0.0503,-2.3695
2008-03-06 23:45:00,0.0046,-1.5494
2008-03-07 00:00:00,0.0181,-1.6997
2008-03-07 00:15:00,0.0152,-2.2879
2008-03-07 00:30:00,0.0534,-1.9409
2008-03-07 00:45:00,0.0198,-1.8258
2008-03-07 01:00:00,0.0168,-2.6293
2008-03-07 01:15:00,-0.0239,-3.0412
2008-03-07 01:30:00,0.0148,-2.954
2008-03-07 01:45:00,-0.0265,-2.7276
2008-03-07 02:00:00,0.0335,-2.4159
2008-03-07 02:15:00,0.0085,-1.0892
2008-03-07 02:30:00,0.0132,0.0928
2008-03-07 02:45:00,0.0076,0.052
2008-03-07 03:00:00,0.0103,-0.6996
2008-03-07 03:15:00,-0.0301,-1.3175
2008-03-07 03:30:00,0.0205,-1.0094
2008-03-07 03:45:00,-0.0251,-1.3211
2008-03-07 04:00:00,-0.064,-1.4714
2008-03-07 04:15:00,-0.0233,-2.3972
2008-03-07 04:30:00,0.0046,-2.2172
2008-03-07 04:45:00,-0.0121,-2.0112
2008-03-07 05:00:00,-0.0325,-2.4454
2008-03-07 05:15:00,-0.0011,-2.0465
2008-03-07 05:30:00,0.0014,-2.4992
2008-03-07 05:45:00,-0.0085,-2.642
2008-03-07 06:00:00,0.0922,-2.5455
2008-03-07 06:15:00,1.4208,-1.6067
2008-03-07 06:30:00,6.6994,3.8071
2008-03-07 06:45:00,13.813,15.737
2008-03-07 07:00:00,0.3812,35.17
2008-03-07 07:15:00,6.8195,58.436
2008-03-07 07:30:00,108.6,163.24
2008-03-07 07:45:00,212.6,262.91
2008-03-07 08:00:00,361.72,378.54
2008-03-07 08:15:00,521.8,513.17
2008-03-07 08:30:00,556.39,541.88
2008-03-07 08:45:00,686.49,658.82
2008-03-07 09:00:00,720.42,692.99
2008-03-07 09:15:00,776.81,754.83
2008-03-07 09:30:00,825.07,805.22
2008-03-07 09:45:00,878.89,858.75
2008-03-07 10:00:00,761.44,959.11
2008-03-07 10:15:00,391.05,826.32
2008-03-07 10:30:00,552.12,627.65
2008-03-07 10:45:00,602.88,590.93
2008-03-07 11:00:00,467.37,858.12
2008-03-07 11:15:00,635.15,1061.7
2008-03-07 11:30:00,322.31,1123.4
2008-03-07 11:45:00,381.5,1145.6
2008-03-07 12:00:00,820.31,1057.9
2008-03-07 12:15:00,639.74,1020.5
2008-03-07 12:30:00,522.71,1010.8
2008-03-07 12:45:00,857.19,880.98
2008-03-07 13:00:00,941.16,942.56
2008-03-07 13:15:00,885.54,997.08
2008-03-07 13:30:00,611.86,926.66
2008-03-07 13:45:00,915.99,931.73
2008-03-07 14:00:00,1009.4,1028.3
2008-03-07 14:15:00,961.17,987.34
2008-03-07 14:30:00,925.41,946.09
2008-03-07 14:45:00,892.86,899.11
2008-03-07 15:00:00,834.01,839.81
2008-03-07 15:15:00,783.27,797.09
2008-03-07 15:30:00,719.02,736.6
2008-03-07 15:45:00,661.74,672.6
2008-03-07 16:00:00,583.28,599.5
2008-03-07 16:15:00,509.53,535.77
2008-03-07 16:30:00,425.99,464.7
2008-03-07 16:45:00,329.9,385.26
2008-03-07 17:00:00,239.07,309.86
2008-03-07 17:15:00,149.13,235.5
2008-03-07 17:30:00,55.538,155.04
2008-03-07 17:45:00,16.929,14.396
2008-03-07 18:00:00,11.576,3.4528
2008-03-07 18:15:00,2.1273,-2.4325
2008-03-07 18:30:00,0.3444,-3.5759
2008-03-07 18:45:00,0.0004,-2.887
2008-03-07 19:00:00,-0.0026,-2.9133
2008-03-07 19:15:00,0.021,-3.3081
2008-03-07 19:30:00,-0.0119,-1.9831
2008-03-07 19:45:00,0.0016,-1.6626
2008-03-07 20:00:00,-0.0714,-1.6053
2008-03-07 20:15:00,-0.0201,-1.3681
2008-03-07 20:30:00,-0.0001,-1.585
2008-03-07 20:45:00,0.0129,-1.9206
2008-03-07 21:00:00,-0.0676,-1.8446
2008-03-07 21:15:00,-0.0174,-1.852
2008-03-07 21:30:00,0.0101,-2.0651
2008-03-07 21:45:00,-0.0021,-1.6833
2008-03-07 22:00:00,-0.0366,-1.2513
2008-03-07 22:15:00,-0.0077,-2.3877
2008-03-07 22:30:00,-0.0335,-2.2988
2008-03-07 22:45:00,0.0064,-2.7827
2008-03-07 23:00:00,-0.0691,-3.0441
2008-03-07 23:15:00,-0.0173,-3.3686
2008-03-07 23:30:00,-0.0254,-3.6801
2008-03-07 23:45:00,-0.0498,-3.9489
2008-03-08 00:00:00,-0.0176,-4.1661
2008-03-08 00:15:00,-0.0181,-3.9087
2008-03-08 00:30:00,-0.0159,-3.6957
2008-03-08 00:45:00,-0.0186,-2.5054
2008-03-08 01:00:00,0.0307,-3.1879
2008-03-08 01:15:00,0.0171,-2.2904
2008-03-08 01:30:00,0.007,-3.4885
2008-03-08 01:45:00,0.0045,-2.7986
2008-03-08 02:00:00,0.0099,-2.1144
2008-03-08 02:15:00,-0.008,-2.0254
2008-03-08 02:30:00,0.038,-2.5354
2008-03-08 02:45:00,0.0197,-3.09
2008-03-08 03:00:00,0.0231,-2.7616
2008-03-08 03:15:00,-0.0225,-2.2181
2008-03-08 03:30:00,0.0338,-2.3089
2008-03-08 03:45:00,0.0137,-2.2105
2008-03-08 04:00:00,-0.012,-2.0677
2008-03-08 04:15:00,-0.0171,-2.6185
2008-03-08 04:30:00,-0.021,-2.8002
2008-03-08 04:45:00,0.0459,-3.1359
2008-03-08 05:00:00,-0.006,-2.7019
2008-03-08 05:15:00,0.0072,-2.6778
2008-03-08 05:30:00,0.0086,-2.9356
2008-03-08 05:45:00,-0.0555,-3.1377
2008-03-08 06:00:00,0.173,-2.9634
2008-03-08 06:15:00,1.5271,-2.4424
2008-03-08 06:30:00,13.351,11.448
2008-03-08 06:45:00,4.2545,51.263
2008-03-08 07:00:00,33.693,109.86
2008-03-08 07:15:00,115.57,189.61
2008-03-08 07:30:00,198.99,254.96
2008-03-08 07:45:00,262.36,304.21
2008-03-08 08:00:00,294.09,325.87
2008-03-08 08:15:00,392.73,405.7
2008-03-08 08:30:00,489.95,492.45
2008-03-08 08:45:00,596.15,577.95
2008-03-08 09:00:00,557.27,551.09
2008-03-08 09:15:00,525.87,520.33
2008-03-08 09:30:00,584.6,570.59
2008-03-08 09:45:00,779.89,750.42
2008-03-08 10:00:00,378.65,667.0
2008-03-08 10:15:00,813.56,785.97
2008-03-08 10:30:00,468.21,892.81
2008-03-08 10:45:00,151.89,941.69
2008-03-08 11:00:00,244.41,899.53
2008-03-08 11:15:00,151.33,985.8
2008-03-08 11:30:00,241.38,832.58
2008-03-08 11:45:00,93.383,969.3
2008-03-08 12:00:00,333.51,1050.3
2008-03-08 12:15:00,210.94,1046.3
2008-03-08 12:30:00,360.56,993.4
2008-03-08 12:45:00,222.33,1063.5
2008-03-08 13:00:00,193.21,1018.7
2008-03-08 13:15:00,241.85,1031.0
2008-03-08 13:30:00,208.95,1035.4
2008-03-08 13:45:00,600.05,913.4
2008-03-08 14:00:00,827.48,829.85
2008-03-08 14:15:00,470.38,886.59
2008-03-08 14:30:00,773.61,785.17
2008-03-08 14:45:00,603.33,622.91
2008-03-08 15:00:00,361.0,405.25
2008-03-08 15:15:00,461.07,486.1
2008-03-08 15:30:00,484.33,503.67
2008-03-08 15:45:00,384.97,414.12
2008-03-08 16:00:00,167.36,216.49
2008-03-08 16:15:00,118.49,166.81
2008-03-08 16:30:00,97.943,148.84
2008-03-08 16:45:00,54.055,110.29
2008-03-08 17:00:00,19.833,74.646
2008-03-08 17:15:00,5.069,38.732
2008-03-08 17:30:00,17.145,11.366
2008-03-08 17:45:00,5.7867,3.0603
2008-03-08 18:00:00,2.5722,0.7003
2008-03-08 18:15:00,1.1833,-0.504
2008-03-08 18:30:00,0.1972,-1.0043
2008-03-08 18:45:00,-0.0009,-1.0822
2008-03-08 19:00:00,-0.0055,-0.9266
2008-03-08 19:15:00,0.0457,-0.8877
2008-03-08 19:30:00,-0.0231,-0.9155
2008-03-08 19:45:00,-0.0177,-0.9007
2008-03-08 20:00:00,-0.0101,-1.3993
2008-03-08 20:15:00,0.0106,-1.1862
2008-03-08 20:30:00,-0.0209,-0.9157
2008-03-08 20:45:00,-0.0184,-0.8694
2008-03-08 21:00:00,-0.0185,-0.9807
2008-03-08 21:15:00,0.0078,-0.8175
2008-03-08 21:30:00,-0.0338,-0.8268
2008-03-08 21:45:00,-0.005,-0.8769
2008-03-08 22:00:00,-0.0172,-0.8343
2008-03-08 22:15:00,0.0209,-1.0457
2008-03-08 22:30:00,0.0107,-1.0271
2008-03-08 22:45:00,0.0044,-0.9882
2008-03-08 23:00:00,0.0065,-0.9122
2008-03-08 23:15:00,-0.0234,-0.9605
2008-03-08 23:30:00,-0.0107,-1.0829
2008-03-08 23:45:00,0.007,-1.0737
2008-03-09 00:00:00,0.0118,-0.9439
2008-03-09 00:15:00,0.054,-0.866
2008-03-09 00:30:00,-0.044,-0.8067
2008-03-09 00:45:00,0.0313,-0.7752
2008-03-09 01:00:00,-0.0594,-0.8327
2008-03-09 01:15:00,0.0215,-0.803
2008-03-09 01:30:00,0.0526,-0.9013
2008-03-09 01:45:00,0.0503,-1.0015
2008-03-09 02:00:00,-0.0337,-0.8846
2008-03-09 02:15:00,0.0457,-0.9106
2008-03-09 02:30:00,-0.0094,-1.1146
2008-03-09 02:45:00,0.0212,-1.9344
2008-03-09 03:00:00,-0.0231,-2.7153
2008-03-09 03:15:00,0.0278,-2.7523
2008-03-09 03:30:00,-0.0071,-2.6374
2008-03-09 03:45:00,-0.0198,-1.5469
2008-03-09 04:00:00,0.0686,-1.2149
2008-03-09 04:15:00,-0.0283,-1.8957
2008-03-09 04:30:00,0.0175,-2.8213
2008-03-09 04:45:00,-0.022,-3.0775
2008-03-09 05:00:00,0.0006,-3.0776
2008-03-09 05:15:00,0.0228,-2.7697
2008-03-09 05:30:00,0.0582,-2.9237
2008-03-09 05:45:00,-0.0477,-2.5731
2008-03-09 06:00:00,0.1608,-2.5657
2008-03-09 06:15:00,1.788,-1.6492
2008-03-09 06:30:00,11.138,6.291
2008-03-09 06:45:00,5.3325,37.733
2008-03-09 07:00:00,20.095,89.941
2008-03-09 07:15:00,78.208,157.06
2008-03-09 07:30:00,162.73,229.23
2008-03-09 07:45:00,251.8,302.11
2008-03-09 08:00:00,343.65,374.72
2008-03-09 08:15:00,442.15,449.68
2008-03-09 08:30:00,464.16,469.44
2008-03-09 08:45:00,601.97,585.68
2008-03-09 09:00:00,667.97,652.01
2008-03-09 09:15:00,612.32,718.45
2008-03-09 09:30:00,577.14,784.51
2008-03-09 09:45:00,852.6,844.0
2008-03-09 10:00:00,939.19,922.8
2008-03-09 10:15:00,606.51,815.97
2008-03-09 10:30:00,301.23,354.58
2008-03-09 10:45:00,412.99,904.44
2008-03-09 11:00:00,401.04,950.3
2008-03-09 11:15:00,420.63,1139.7
2008-03-09 11:30:00,333.31,1131.1
2008-03-09 11:45:00,475.08,1164.8
2008-03-09 12:00:00,290.78,1143.4
2008-03-09 12:15:00,550.54,1145.6
2008-03-09 12:30:00,204.79,1172.5
2008-03-09 12:45:00,241.06,1149.1
2008-03-09 13:00:00,441.88,1131.2
2008-03-09 13:15:00,532.22,1102.6
2008-03-09 13:30:00,252.93,1086.1
2008-03-09 13:45:00,720.83,1054.1
2008-03-09 14:00:00,338.12,1023.0
2008-03-09 14:15:00,954.73,972.5
2008-03-09 14:30:00,896.03,910.2
2008-03-09 14:45:00,882.26,891.77
2008-03-09 15:00:00,835.28,842.31
2008-03-09 15:15:00,444.21,475.01
2008-03-09 15:30:00,687.56,695.44
2008-03-09 15:45:00,621.32,637.74
2008-03-09 16:00:00,523.07,551.55
2008-03-09 16:15:00,436.23,475.55
2008-03-09 16:30:00,376.5,422.93
2008-03-09 16:45:00,294.57,354.03
2008-03-09 17:00:00,187.03,260.17
2008-03-09 17:15:00,34.166,94.548
2008-03-09 17:30:00,-1.6553,49.391
2008-03-09 17:45:00,15.276,21.727
2008-03-09 18:00:00,7.7763,3.0769
2008-03-09 18:15:00,2.1554,-0.3576
2008-03-09 18:30:00,0.3388,-1.2933
2008-03-09 18:45:00,-0.0343,-1.2359
2008-03-09 19:00:00,-0.0579,-1.3954
2008-03-09 19:15:00,0.0048,-1.6661
2008-03-09 19:30:00,-0.0201,-1.7495
2008-03-09 19:45:00,0.0068,-1.8459
2008-03-09 20:00:00,-0.0358,-1.6625
2008-03-09 20:15:00,-0.022,-1.366
2008-03-09 20:30:00,0.0894,-1.2696
2008-03-09 20:45:00,-0.0075,-1.3919
2008-03-09 21:00:00,-0.01,-1.4031
2008-03-09 21:15:00,-0.0118,-1.342
2008-03-09 21:30:00,0.0044,-1.4644
2008-03-09 21:45:00,0.004,-1.5107
2008-03-09 22:00:00,-0.0038,-1.6554
2008-03-09 22:15:00,0.0325,-2.2153
2008-03-09 22:30:00,-0.0275,-3.4444
2008-03-09 22:45:00,-0.0014,-4.0099
2008-03-09 23:00:00,0.0476,-3.8767
2008-03-09 23:15:00,0.007,-3.9363
2008-03-09 23:30:00,0.0336,-4.1443
2008-03-09 23:45:00,0.0034,-3.7254
2008-03-10 00:00:00,-0.0081,-3.5568
2008-03-10 00:15:00,-0.0017,-3.1285
2008-03-10 00:30:00,-0.0015,-3.264
2008-03-10 00:45:00,0.0211,-3.1176
2008-03-10 01:00:00,-0.0147,-2.5464
2008-03-10 01:15:00,-0.0204,-2.4371
2008-03-10 01:30:00,-0.0208,-2.4446
2008-03-10 01:45:00,0.0123,-2.8119
2008-03-10 02:00:00,0.0062,-2.9493
2008-03-10 02:15:00,-0.0089,-2.6266
2008-03-10 02:30:00,0.0076,-2.6619
2008-03-10 02:45:00,-0.0128,-2.686
2008-03-10 03:00:00,-0.0165,-2.4152
2008-03-10 03:15:00,0.0033,-2.2354
2008-03-10 03:30:00,0.0024,-1.92
2008-03-10 03:45:00,0.0097,-2.011
2008-03-10 04:00:00,-0.0091,-2.5063
2008-03-10 04:15:00,-0.0028,-2.7419
2008-03-10 04:30:00,0.0038,-2.6362
2008-03-10 04:45:00,-0.0066,-2.575
2008-03-10 05:00:00,-0.0223,-2.6065
2008-03-10 05:15:00,-0.0152,-2.69
2008-03-10 05:30:00,0.0095,-2.5286
2008-03-10 05:45:00,0.036,-2.6306
2008-03-10 06:00:00,0.4239,-2.5713
2008-03-10 06:15:00,2.2769,-1.3061
2008-03-10 06:30:00,12.81,10.035
2008-03-10 06:45:00,3.3199,55.662
2008-03-10 07:00:00,31.014,108.2
2008-03-10 07:15:00,94.696,170.21
2008-03-10 07:30:00,176.47,241.09
2008-03-10 07:45:00,261.34,312.98
2008-03-10 08:00:00,348.65,388.51
2008-03-10 08:15:00,433.88,463.1
2008-03-10 08:30:00,532.99,539.6
2008-03-10 08:45:00,632.28,619.73
2008-03-10 09:00:00,675.31,667.57
2008-03-10 09:15:00,675.57,659.49
2008-03-10 09:30:00,812.37,784.37
2008-03-10 09:45:00,868.64,848.76
2008-03-10 10:00:00,925.41,909.91
2008-03-10 10:15:00,893.15,895.22
2008-03-10 10:30:00,933.81,920.26
2008-03-10 10:45:00,819.63,813.0
2008-03-10 11:00:00,821.22,811.27
2008-03-10 11:15:00,701.61,698.9
2008-03-10 11:30:00,692.77,682.57
2008-03-10 11:45:00,904.47,887.7
2008-03-10 12:00:00,667.45,674.55
2008-03-10 12:15:00,629.99,629.71
2008-03-10 12:30:00,597.9,592.23
2008-03-10 12:45:00,646.03,640.87
2008-03-10 13:00:00,570.45,575.23
2008-03-10 13:15:00,674.54,670.31
2008-03-10 13:30:00,663.25,665.39
2008-03-10 13:45:00,732.13,731.12
2008-03-10 14:00:00,863.96,864.28
2008-03-10 14:15:00,838.93,847.55
2008-03-10 14:30:00,797.86,817.1
2008-03-10 14:45:00,780.31,791.8
2008-03-10 15:00:00,787.21,804.12
2008-03-10 15:15:00,730.02,752.68
2008-03-10 15:30:00,322.35,367.81
2008-03-10 15:45:00,358.4,416.3
2008-03-10 16:00:00,463.14,487.7
2008-03-10 16:15:00,413.91,455.55
2008-03-10 16:30:00,288.63,343.81
2008-03-10 16:45:00,59.881,120.06
2008-03-10 17:00:00,19.428,78.915
2008-03-10 17:15:00,-5.1797,51.073
2008-03-10 17:30:00,5.3703,34.893
2008-03-10 17:45:00,17.733,14.666
2008-03-10 18:00:00,8.7477,3.0026
2008-03-10 18:15:00,1.9355,-0.7577
2008-03-10 18:30:00,0.4734,-1.871
2008-03-10 18:45:00,-0.0193,-1.7266
2008-03-10 19:00:00,-0.0176,-1.962
2008-03-10 19:15:00,-0.0473,-3.6003
2008-03-10 19:30:00,0.0047,-4.2787
2008-03-10 19:45:00,-0.0132,-4.2105
2008-03-10 20:00:00,-0.0113,-3.3748
2008-03-10 20:15:00,0.0244,-3.2972
2008-03-10 20:30:00,0.0247,-3.503
2008-03-10 20:45:00,-0.0128,-3.8146
2008-03-10 21:00:00,0.0104,-3.3235
2008-03-10 21:15:00,-0.0121,-2.3468
2008-03-10 21:30:00,0.0164,-1.6276
2008-03-10 21:45:00,0.0046,-1.8205
2008-03-10 22:00:00,-0.0078,-1.7241
2008-03-10 22:15:00,0.0043,-1.8354
2008-03-10 22:30:00,0.0126,-1.9577
2008-03-10 22:45:00,-0.0147,-1.105
2008-03-10 23:00:00,-0.032,-1.0495
2008-03-10 23:15:00,-0.0263,-1.997
2008-03-10 23:30:00,-0.0554,-1.769
2008-03-10 23:45:00,-0.0075,-2.2827
2008-03-11 00:00:00,0.0151,-2.7055
2008-03-11 00:15:00,-0.0329,-2.2382
2008-03-11 00:30:00,0.0005,-2.5218
2008-03-11 00:45:00,0.0365,-3.6215
2008-03-11 01:00:00,0.0548,-3.0076
2008-03-11 01:15:00,0.0289,-3.3915
2008-03-11 01:30:00,-0.0186,-3.6975
2008-03-11 01:45:00,-0.0294,-3.0875
2008-03-11 02:00:00,0.0074,-2.8669
2008-03-11 02:15:00,-0.0233,-3.2582
2008-03-11 02:30:00,0.0216,-2.7556
2008-03-11 02:45:00,0.0151,-2.9597
2008-03-11 03:00:00,0.0003,-3.668
2008-03-11 03:15:00,-0.008,-3.49
2008-03-11 03:30:00,0.0267,-3.707
2008-03-11 03:45:00,0.0131,-3.6329
2008-03-11 04:00:00,0.027,-4.0132
2008-03-11 04:15:00,-0.0401,-3.6904
2008-03-11 04:30:00,-0.0012,-3.5068
2008-03-11 04:45:00,-0.0288,-4.5694
2008-03-11 05:00:00,0.0217,-4.2413
2008-03-11 05:15:00,-0.0279,-3.8333
2008-03-11 05:30:00,-0.0007,-2.3127
2008-03-11 05:45:00,0.0108,-1.5338
2008-03-11 06:00:00,0.495,-1.6396
2008-03-11 06:15:00,2.5706,-0.3394
2008-03-11 06:30:00,13.532,16.828
2008-03-11 06:45:00,3.6577,63.955
2008-03-11 07:00:00,40.501,126.26
2008-03-11 07:15:00,110.46,193.74
2008-03-11 07:30:00,192.92,266.12
2008-03-11 07:45:00,279.62,340.54
2008-03-11 08:00:00,364.02,414.62
2008-03-11 08:15:00,444.18,487.81
2008-03-11 08:30:00,523.74,556.73
2008-03-11 08:45:00,596.02,626.42
2008-03-11 09:00:00,664.04,695.0
2008-03-11 09:15:00,728.97,760.61
2008-03-11 09:30:00,785.63,821.05
2008-03-11 09:45:00,838.43,876.15
2008-03-11 10:00:00,885.31,928.49
2008-03-11 10:15:00,929.76,976.89
2008-03-11 10:30:00,995.49,1019.9
2008-03-11 10:45:00,1039.5,1056.8
2008-03-11 11:00:00,1065.0,1089.1
2008-03-11 11:15:00,1084.9,1114.5
2008-03-11 11:30:00,1106.9,1139.0
2008-03-11 11:45:00,1108.8,1153.4
2008-03-11 12:00:00,1121.6,1166.7
2008-03-11 12:15:00,1123.8,1172.0
2008-03-11 12:30:00,1112.1,1170.0
2008-03-11 12:45:00,1112.4,1162.6
2008-03-11 13:00:00,1099.3,1150.6
2008-03-11 13:15:00,1084.6,1133.3
2008-03-11 13:30:00,1052.3,1107.8
2008-03-11 13:45:00,1018.1,1078.6
2008-03-11 14:00:00,986.92,1043.5
2008-03-11 14:15:00,943.41,1002.3
2008-03-11 14:30:00,900.17,954.99
2008-03-11 14:45:00,855.76,904.01
2008-03-11 15:00:00,795.48,849.27
2008-03-11 15:15:00,745.09,793.99
2008-03-11 15:30:00,685.59,730.84
2008-03-11 15:45:00,617.62,663.71
2008-03-11 16:00:00,548.13,597.18
2008-03-11 16:15:00,474.4,529.99
2008-03-11 16:30:00,386.27,449.8
2008-03-11 16:45:00,319.33,391.06
2008-03-11 17:00:00,230.52,313.16
2008-03-11 17:15:00,75.233,154.48
2008-03-11 17:30:00,39.75,132.24
2008-03-11 17:45:00,14.812,47.679
2008-03-11 18:00:00,16.259,5.701
2008-03-11 18:15:00,2.7565,-1.9216
2008-03-11 18:30:00,0.6367,-2.9844
2008-03-11 18:45:00,0.0097,-3.0088
2008-03-11 19:00:00,-0.0153,-2.9294
2008-03-11 19:15:00,-0.0181,-2.9149
2008-03-11 19:30:00,0.004,-2.6151
2008-03-11 19:45:00,-0.0396,-1.8874
2008-03-11 20:00:00,-0.0278,-1.9727
2008-03-11 20:15:00,-0.0477,-1.9821
2008-03-11 20:30:00,0.0007,-2.0247
2008-03-11 20:45:00,-0.027,-1.4172
2008-03-11 21:00:00,0.0019,-1.7581
2008-03-11 21:15:00,0.0056,-1.7321
2008-03-11 21:30:00,-0.0099,-1.9545
2008-03-11 21:45:00,0.0064,-2.0842
2008-03-11 22:00:00,-0.0245,-3.4607
2008-03-11 22:15:00,-0.0226,-2.7549
2008-03-11 22:30:00,0.0078,-1.636
2008-03-11 22:45:00,-0.0052,-2.0528
2008-03-11 23:00:00,0.0229,-2.316
2008-03-11 23:15:00,-0.0516,-3.3443
2008-03-11 23:30:00,-0.0332,-2.5496
2008-03-11 23:45:00,-0.0263,-0.5188
2008-03-12 00:00:00,-0.0635,-1.9382
2008-03-12 00:15:00,0.0028,-2.8036
2008-03-12 00:30:00,-0.0217,-3.0074
2008-03-12 00:45:00,-0.0475,-2.3663
2008-03-12 01:00:00,0.0329,-2.6183
2008-03-12 01:15:00,-0.0226,-2.6017
2008-03-12 01:30:00,-0.0045,-3.089
2008-03-12 01:45:00,0.0088,-3.4059
2008-03-12 02:00:00,0.0567,-2.7555
2008-03-12 02:15:00,-0.03,-3.6191
2008-03-12 02:30:00,-0.0227,-2.9076
2008-03-12 02:45:00,0.0476,-3.8046
2008-03-12 03:00:00,0.0081,-4.2828
2008-03-12 03:15:00,0.0719,-4.4942
2008-03-12 03:30:00,-0.0327,-4.1644
2008-03-12 03:45:00,-0.0203,-4.0903
2008-03-12 04:00:00,0.0003,-4.752
2008-03-12 04:15:00,-0.0296,-4.0015
2008-03-12 04:30:00,-0.0181,-3.783
2008-03-12 04:45:00,0.0101,-2.9473
2008-03-12 05:00:00,0.0159,-2.7973
2008-03-12 05:15:00,-0.0113,-2.677
2008-03-12 05:30:00,0.0338,-2.3007
2008-03-12 05:45:00,0.0095,-3.1109
2008-03-12 06:00:00,0.426,-2.6418
2008-03-12 06:15:00,2.1199,-2.1654
2008-03-12 06:30:00,9.3669,20.535
2008-03-12 06:45:00,-0.9852,53.656
2008-03-12 07:00:00,18.68,89.785
2008-03-12 07:15:00,12.952,77.422
2008-03-12 07:30:00,47.241,109.47
2008-03-12 07:45:00,174.51,233.91
2008-03-12 08:00:00,197.8,250.95
2008-03-12 08:15:00,201.53,254.3
2008-03-12 08:30:00,285.43,327.86
2008-03-12 08:45:00,192.62,242.96
2008-03-12 09:00:00,187.65,237.26
2008-03-12 09:15:00,288.07,328.47
2008-03-12 09:30:00,461.52,490.99
2008-03-12 09:45:00,238.09,284.77
2008-03-12 10:00:00,134.95,182.38
2008-03-12 10:15:00,159.23,206.03
2008-03-12 10:30:00,198.71,243.95
2008-03-12 10:45:00,269.66,310.85
2008-03-12 11:00:00,395.03,428.48
2008-03-12 11:15:00,552.03,576.04
2008-03-12 11:30:00,692.16,712.92
2008-03-12 11:45:00,707.02,722.83
2008-03-12 12:00:00,601.11,608.54
2008-03-12 12:15:00,927.62,915.89
2008-03-12 12:30:00,823.43,843.82
2008-03-12 12:45:00,537.42,563.61
2008-03-12 13:00:00,444.92,478.09
2008-03-12 13:15:00,164.67,207.11
2008-03-12 13:30:00,165.29,208.0
2008-03-12 13:45:00,548.54,562.06
2008-03-12 14:00:00,557.66,580.6
2008-03-12 14:15:00,225.35,265.17
2008-03-12 14:30:00,249.44,286.6
2008-03-12 14:45:00,309.56,341.47
2008-03-12 15:00:00,695.93,697.11
2008-03-12 15:15:00,615.6,642.17
2008-03-12 15:30:00,207.66,253.98
2008-03-12 15:45:00,71.596,125.18
2008-03-12 16:00:00,67.657,121.2
2008-03-12 16:15:00,87.807,139.98
2008-03-12 16:30:00,95.983,149.27
2008-03-12 16:45:00,95.215,149.14
2008-03-12 17:00:00,252.4,318.45
2008-03-12 17:15:00,152.77,233.69
2008-03-12 17:30:00,66.265,151.27
2008-03-12 17:45:00,7.7491,37.982
2008-03-12 18:00:00,17.442,7.5792
2008-03-12 18:15:00,3.5009,-0.4778
2008-03-12 18:30:00,0.868,-2.7614
2008-03-12 18:45:00,-0.001,-2.7672
2008-03-12 19:00:00,-0.0186,-2.9342
2008-03-12 19:15:00,-0.0242,-2.1156
2008-03-12 19:30:00,-0.0176,-1.7713
2008-03-12 19:45:00,0.0482,-1.5398
2008-03-12 20:00:00,-0.0005,-1.4937
2008-03-12 20:15:00,-0.0311,-1.275
2008-03-12 20:30:00,-0.0042,-1.6939
2008-03-12 20:45:00,-0.0114,-1.3752
2008-03-12 21:00:00,-0.0463,-1.4067
2008-03-12 21:15:00,-0.0469,-1.2547
2008-03-12 21:30:00,-0.0432,-1.3975
2008-03-12 21:45:00,-0.0033,-1.416
2008-03-12 22:00:00,0.0069,-1.3326
2008-03-12 22:15:00,-0.0091,-1.5644
2008-03-12 22:30:00,-0.0344,-1.3513
2008-03-12 22:45:00,-0.041,-1.4124
2008-03-12 23:00:00,0.0026,-1.6219
2008-03-12 23:15:00,-0.0184,-1.9964
2008-03-12 23:30:00,-0.0334,-2.2541
2008-03-12 23:45:00,-0.0001,-2.534
2008-03-13 00:00:00,-0.0077,-2.3598
2008-03-13 00:15:00,-0.0353,-1.8037
2008-03-13 00:30:00,0.0139,-1.9725
2008-03-13 00:45:00,0.0183,-2.7511
2008-03-13 01:00:00,0.0189,-2.36
2008-03-13 01:15:00,0.0411,-1.5277
2008-03-13 01:30:00,-0.0144,-1.32
2008-03-13 01:45:00,-0.0159,-1.2792
2008-03-13 02:00:00,-0.0051,-2.4639
2008-03-13 02:15:00,0.0373,-2.5845
2008-03-13 02:30:00,0.0332,-2.3046
2008-03-13 02:45:00,0.0144,-3.966
2008-03-13 03:00:00,0.0239,-4.0497
2008-03-13 03:15:00,-0.0198,-3.4731
2008-03-13 03:30:00,-0.0015,-2.6221
2008-03-13 03:45:00,-0.046,-2.0863
2008-03-13 04:00:00,-0.0284,-2.3812
2008-03-13 04:15:00,0.018,-2.843
2008-03-13 04:30:00,-0.0363,-3.303
2008-03-13 04:45:00,-0.0259,-3.4588
2008-03-13 05:00:00,-0.0274,-4.5252
2008-03-13 05:15:00,0.0286,-3.7203
2008-03-13 05:30:00,-0.0474,-3.5682
2008-03-13 05:45:00,0.0359,-4.26
2008-03-13 06:00:00,0.5923,-3.6981
2008-03-13 06:15:00,6.1786,0.677
2008-03-13 06:30:00,7.0054,31.327
2008-03-13 06:45:00,25.245,95.88
2008-03-13 07:00:00,93.244,173.49
2008-03-13 07:15:00,167.56,238.88
2008-03-13 07:30:00,146.52,208.69
2008-03-13 07:45:00,143.03,197.63
2008-03-13 08:00:00,177.71,226.15
2008-03-13 08:15:00,173.79,225.99
2008-03-13 08:30:00,336.15,378.82
2008-03-13 08:45:00,475.36,502.3
2008-03-13 09:00:00,549.27,574.59
2008-03-13 09:15:00,621.39,649.74
2008-03-13 09:30:00,531.0,560.51
2008-03-13 09:45:00,462.16,489.28
2008-03-13 10:00:00,763.71,785.5
2008-03-13 10:15:00,279.83,323.28
2008-03-13 10:30:00,255.95,293.29
2008-03-13 10:45:00,492.2,506.87
2008-03-13 11:00:00,772.27,797.86
2008-03-13 11:15:00,521.33,1039.0
2008-03-13 11:30:00,397.44,1114.2
2008-03-13 11:45:00,407.46,1194.7
2008-03-13 12:00:00,674.15,738.15
2008-03-13 12:15:00,561.26,567.57
2008-03-13 12:30:00,968.66,968.22
2008-03-13 12:45:00,494.05,512.45
2008-03-13 13:00:00,774.47,765.65
2008-03-13 13:15:00,809.64,820.43
2008-03-13 13:30:00,476.54,857.2
2008-03-13 13:45:00,738.51,777.75
2008-03-13 14:00:00,166.31,216.26
2008-03-13 14:15:00,141.04,189.03
2008-03-13 14:30:00,182.21,221.79
2008-03-13 14:45:00,201.78,238.04
2008-03-13 15:00:00,541.39,540.91
2008-03-13 15:15:00,855.28,853.74
2008-03-13 15:30:00,740.9,753.8
2008-03-13 15:45:00,633.37,657.08
2008-03-13 16:00:00,647.88,657.16
2008-03-13 16:15:00,609.39,632.49
2008-03-13 16:30:00,531.43,561.6
2008-03-13 16:45:00,460.07,503.27
2008-03-13 17:00:00,287.85,353.75
2008-03-13 17:15:00,174.82,261.3
2008-03-13 17:30:00,50.166,137.72
2008-03-13 17:45:00,14.063,28.749
2008-03-13 18:00:00,16.88,7.3308
2008-03-13 18:15:00,3.8942,-0.7723
2008-03-13 18:30:00,0.9216,-3.5429
2008-03-13 18:45:00,0.0324,-3.8027
2008-03-13 19:00:00,-0.0294,-2.8658
2008-03-13 19:15:00,-0.0088,-1.7934
2008-03-13 19:30:00,-0.0143,-2.3792
2008-03-13 19:45:00,-0.0312,-1.1026
2008-03-13 20:00:00,-0.0489,-0.6208
2008-03-13 20:15:00,-0.009,-0.5171
2008-03-13 20:30:00,-0.0181,-1.5531
2008-03-13 20:45:00,0.0207,-3.1915
2008-03-13 21:00:00,-0.0268,-3.301
2008-03-13 21:15:00,-0.0413,-2.6468
2008-03-13 21:30:00,-0.0282,-1.6201
2008-03-13 21:45:00,-0.0045,-2.473
2008-03-13 22:00:00,-0.0122,-1.4182
2008-03-13 22:15:00,0.0226,-0.5914
2008-03-13 22:30:00,-0.0055,-0.5321
2008-03-13 22:45:00,-0.0091,-0.0148
2008-03-13 23:00:00,0.02,-1.6242
2008-03-13 23:15:00,0.0272,-3.1946
2008-03-13 23:30:00,0.0101,-2.3361
2008-03-13 23:45:00,0.02,-2.3974
2008-03-14 00:00:00,0.0226,-1.6223
2008-03-14 00:15:00,-0.0223,-3.5934
2008-03-14 00:30:00,-0.0034,-2.0082
2008-03-14 00:45:00,-0.0027,-1.2962
2008-03-14 01:00:00,0.0063,-0.2114
2008-03-14 01:15:00,-0.0338,-1.02
2008-03-14 01:30:00,-0.0034,-1.9194
2008-03-14 01:45:00,0.0416,-0.9736
2008-03-14 02:00:00,0.0354,-0.8048
2008-03-14 02:15:00,-0.0245,-1.1145
2008-03-14 02:30:00,0.0544,-1.0588
2008-03-14 02:45:00,-0.0074,-0.7899
2008-03-14 03:00:00,0.0214,-0.6916
2008-03-14 03:15:00,0.0058,-0.56
2008-03-14 03:30:00,-0.0269,-1.0698
2008-03-14 03:45:00,-0.0466,-1.5537
2008-03-14 04:00:00,-0.0112,-1.3368
2008-03-14 04:15:00,0.0027,-0.6044
2008-03-14 04:30:00,0.0185,-0.8343
2008-03-14 04:45:00,0.0077,-1.3442
2008-03-14 05:00:00,0.0046,-1.4239
2008-03-14 05:15:00,0.0406,-0.4858
2008-03-14 05:30:00,0.0008,-0.7824
2008-03-14 05:45:00,-0.0017,-0.7417
2008-03-14 06:00:00,0.3531,-0.8085
2008-03-14 06:15:00,1.4236,0.1725
2008-03-14 06:30:00,5.0118,3.5842
2008-03-14 06:45:00,16.245,12.954
2008-03-14 07:00:00,-0.037,34.01
2008-03-14 07:15:00,4.4328,55.995
2008-03-14 07:30:00,33.601,90.398
2008-03-14 07:45:00,85.254,138.76
2008-03-14 08:00:00,146.91,197.55
2008-03-14 08:15:00,118.16,171.67
2008-03-14 08:30:00,301.64,334.33
2008-03-14 08:45:00,384.73,420.29
2008-03-14 09:00:00,168.56,217.23
2008-03-14 09:15:00,294.65,326.42
2008-03-14 09:30:00,126.98,180.69
2008-03-14 09:45:00,490.76,495.49
2008-03-14 10:00:00,764.75,769.2
2008-03-14 10:15:00,1043.4,1039.0
2008-03-14 10:30:00,1009.7,988.9
2008-03-14 10:45:00,910.27,900.04
2008-03-14 11:00:00,185.53,997.49
2008-03-14 11:15:00,299.79,1008.9
2008-03-14 11:30:00,170.05,868.02
2008-03-14 11:45:00,93.711,808.12
2008-03-14 12:00:00,274.49,380.56
2008-03-14 12:15:00,353.47,704.29
2008-03-14 12:30:00,371.46,386.92
2008-03-14 12:45:00,280.23,295.46
2008-03-14 13:00:00,362.99,367.81
2008-03-14 13:15:00,506.39,502.08
2008-03-14 13:30:00,554.29,551.33
2008-03-14 13:45:00,199.13,232.49
2008-03-14 14:00:00,132.46,171.37
2008-03-14 14:15:00,230.63,561.88
2008-03-14 14:30:00,336.67,714.29
2008-03-14 14:45:00,305.75,339.13
2008-03-14 15:00:00,476.02,480.35
2008-03-14 15:15:00,547.63,567.78
2008-03-14 15:30:00,432.35,444.14
2008-03-14 15:45:00,466.4,632.36
2008-03-14 16:00:00,167.56,322.48
2008-03-14 16:15:00,185.85,223.4
2008-03-14 16:30:00,82.169,130.55
2008-03-14 16:45:00,24.862,78.207
2008-03-14 17:00:00,69.706,126.05
2008-03-14 17:15:00,206.48,280.59
2008-03-14 17:30:00,136.89,233.91
2008-03-14 17:45:00,25.201,106.82
2008-03-14 18:00:00,12.247,29.125
2008-03-14 18:15:00,11.364,7.331
2008-03-14 18:30:00,1.1456,-2.9467
2008-03-14 18:45:00,0.1116,-4.3738
2008-03-14 19:00:00,-0.0093,-4.35
2008-03-14 19:15:00,0.0026,-3.7184
2008-03-14 19:30:00,0.0013,-3.5073
2008-03-14 19:45:00,-0.0737,-3.4482
2008-03-14 20:00:00,-0.0461,-2.5401
2008-03-14 20:15:00,0.0649,-2.3122
2008-03-14 20:30:00,0.0066,-2.3846
2008-03-14 20:45:00,0.0259,-3.019
2008-03-14 21:00:00,-0.0081,-3.4363
2008-03-14 21:15:00,-0.0587,-2.7149
2008-03-14 21:30:00,-0.067,-3.0674
2008-03-14 21:45:00,0.0216,-3.4515
2008-03-14 22:00:00,-0.0192,-3.6463
2008-03-14 22:15:00,0.0341,-3.6259
2008-03-14 22:30:00,-0.0064,-3.0844
2008-03-14 22:45:00,-0.0255,-3.0307
2008-03-14 23:00:00,0.021,-2.6357
2008-03-14 23:15:00,-0.0211,-3.0959
2008-03-14 23:30:00,0.0382,-3.2872
2008-03-14 23:45:00,0.0358,-3.4468
2008-03-15 00:00:00,-0.0283,-3.3986
2008-03-15 00:15:00,-0.0111,-3.2335
2008-03-15 00:30:00,0.0122,-2.7141
2008-03-15 00:45:00,0.0627,-3.1705
2008-03-15 01:00:00,-0.0053,-3.1501
2008-03-15 01:15:00,-0.0388,-3.7104
2008-03-15 01:30:00,0.006,-3.2134
2008-03-15 01:45:00,0.0093,-3.169
2008-03-15 02:00:00,0.0443,-3.2638
2008-03-15 02:15:00,0.015,-2.9243
2008-03-15 02:30:00,-0.0158,-3.1024
2008-03-15 02:45:00,-0.0261,-3.0672
2008-03-15 03:00:00,0.0339,-3.7129
2008-03-15 03:15:00,-0.0378,-3.7204
2008-03-15 03:30:00,0.0806,-3.3548
2008-03-15 03:45:00,0.0406,-2.596
2008-03-15 04:00:00,-0.0167,-2.4143
2008-03-15 04:15:00,0.0199,-2.2084
2008-03-15 04:30:00,0.0298,-2.0322
2008-03-15 04:45:00,0.0418,-2.3236
2008-03-15 05:00:00,-0.0347,-2.7041
2008-03-15 05:15:00,-0.0025,-2.808
2008-03-15 05:30:00,-0.0505,-2.3217
2008-03-15 05:45:00,0.0849,-1.7409
2008-03-15 06:00:00,1.0516,-2.2735
2008-03-15 06:15:00,6.1642,2.1492
2008-03-15 06:30:00,11.81,30.505
2008-03-15 06:45:00,8.295,81.301
2008-03-15 07:00:00,50.168,141.76
2008-03-15 07:15:00,134.01,210.59
2008-03-15 07:30:00,220.57,284.19
2008-03-15 07:45:00,309.1,357.71
2008-03-15 08:00:00,396.47,431.13
2008-03-15 08:15:00,477.61,503.77
2008-03-15 08:30:00,553.58,574.45
2008-03-15 08:45:00,625.49,644.85
2008-03-15 09:00:00,696.04,714.04
2008-03-15 09:15:00,433.82,778.14
2008-03-15 09:30:00,808.02,842.3
2008-03-15 09:45:00,594.57,897.23
2008-03-15 10:00:00,214.01,949.76
2008-03-15 10:15:00,183.76,1002.1
2008-03-15 10:30:00,173.25,1043.3
2008-03-15 10:45:00,174.81,1082.1
2008-03-15 11:00:00,207.27,1130.1
2008-03-15 11:15:00,161.25,1209.7
2008-03-15 11:30:00,188.03,1106.6
2008-03-15 11:45:00,429.4,554.34
2008-03-15 12:00:00,282.93,315.21
2008-03-15 12:15:00,112.24,704.78
2008-03-15 12:30:00,249.41,1226.1
2008-03-15 12:45:00,400.41,1192.1
2008-03-15 13:00:00,236.2,1189.4
2008-03-15 13:15:00,401.16,1053.2
2008-03-15 13:30:00,469.81,995.91
2008-03-15 13:45:00,205.42,1071.2
2008-03-15 14:00:00,558.37,644.94
2008-03-15 14:15:00,349.79,382.44
2008-03-15 14:30:00,330.8,353.37
2008-03-15 14:45:00,496.97,503.35
2008-03-15 15:00:00,703.64,708.35
2008-03-15 15:15:00,269.15,316.05
2008-03-15 15:30:00,203.14,247.56
2008-03-15 15:45:00,253.54,294.06
2008-03-15 16:00:00,379.56,419.77
2008-03-15 16:15:00,344.97,391.82
2008-03-15 16:30:00,284.71,333.14
2008-03-15 16:45:00,308.16,366.55
2008-03-15 17:00:00,108.98,169.83
2008-03-15 17:15:00,47.537,110.92
2008-03-15 17:30:00,7.3277,39.458
2008-03-15 17:45:00,12.708,25.346
2008-03-15 18:00:00,14.54,5.6662
2008-03-15 18:15:00,2.3968,-0.2094
2008-03-15 18:30:00,0.7569,-1.76
2008-03-15 18:45:00,0.0459,-1.7472
2008-03-15 19:00:00,-0.061,-1.4861
2008-03-15 19:15:00,-0.0229,-1.1582
2008-03-15 19:30:00,-0.0047,-1.2639
2008-03-15 19:45:00,-0.044,-1.2046
2008-03-15 20:00:00,-0.013,-1.0527
2008-03-15 20:15:00,0.0041,-1.1565
2008-03-15 20:30:00,-0.0114,-0.8841
2008-03-15 20:45:00,-0.0038,-0.9787
2008-03-15 21:00:00,0.0405,-1.5514
2008-03-15 21:15:00,0.056,-1.7851
2008-03-15 21:30:00,-0.0343,-1.2809
2008-03-15 21:45:00,-0.0551,-0.9547
2008-03-15 22:00:00,0.0336,-0.9029
2008-03-15 22:15:00,0.004,-1.7074
2008-03-15 22:30:00,-0.0469,-1.9504
2008-03-15 22:45:00,-0.0239,-1.1569
2008-03-15 23:00:00,0.0066,-1.2663
2008-03-15 23:15:00,0.0232,-1.3313
2008-03-15 23:30:00,-0.0123,-0.9623
2008-03-15 23:45:00,0.0144,-0.7139
2008-03-16 00:00:00,0.0028,-0.764
2008-03-16 00:15:00,0.0363,-0.79
2008-03-16 00:30:00,-0.0363,-0.6751
2008-03-16 00:45:00,-0.0044,-0.6139
2008-03-16 01:00:00,-0.0313,-0.8179
2008-03-16 01:15:00,0.0239,-0.7363
2008-03-16 01:30:00,-0.0398,-1.1796
2008-03-16 01:45:00,-0.0197,-1.3168
2008-03-16 02:00:00,-0.0555,-1.9752
2008-03-16 02:15:00,0.0298,-2.6559
2008-03-16 02:30:00,-0.063,-3.3348
2008-03-16 02:45:00,-0.0121,-3.754
2008-03-16 03:00:00,-0.005,-3.3238
2008-03-16 03:15:00,-0.0408,-3.2237
2008-03-16 03:30:00,-0.0047,-3.3167
2008-03-16 03:45:00,0.0114,-2.9477
2008-03-16 04:00:00,-0.0035,-3.1463
2008-03-16 04:15:00,-0.0072,-2.6881
2008-03-16 04:30:00,0.0177,-3.1445
2008-03-16 04:45:00,0.0154,-3.5508
2008-03-16 05:00:00,-0.011,-3.5583
2008-03-16 05:15:00,0.006,-3.2059
2008-03-16 05:30:00,0.0174,-3.449
2008-03-16 05:45:00,0.0466,-3.7997
2008-03-16 06:00:00,0.9615,-3.2005
2008-03-16 06:15:00,7.4776,3.1635
2008-03-16 06:30:00,8.4737,37.394
2008-03-16 06:45:00,7.1103,83.815
2008-03-16 07:00:00,46.468,150.43
2008-03-16 07:15:00,122.83,209.57
2008-03-16 07:30:00,183.6,231.74
2008-03-16 07:45:00,282.41,323.37
2008-03-16 08:00:00,337.62,364.45
2008-03-16 08:15:00,418.66,431.93
2008-03-16 08:30:00,572.17,567.69
2008-03-16 08:45:00,623.65,613.03
2008-03-16 09:00:00,468.7,480.02
2008-03-16 09:15:00,410.64,429.33
2008-03-16 09:30:00,625.48,603.2
2008-03-16 09:45:00,764.36,744.71
2008-03-16 10:00:00,640.57,826.18
2008-03-16 10:15:00,766.57,981.63
2008-03-16 10:30:00,173.27,810.66
2008-03-16 10:45:00,308.44,914.69
2008-03-16 11:00:00,448.68,1064.4
2008-03-16 11:15:00,300.34,1023.6
2008-03-16 11:30:00,184.85,1063.4
2008-03-16 11:45:00,334.5,926.57
2008-03-16 12:00:00,303.51,925.52
2008-03-16 12:15:00,585.09,726.55
2008-03-16 12:30:00,404.77,426.89
2008-03-16 12:45:00,189.61,229.51
2008-03-16 13:00:00,187.22,223.14
2008-03-16 13:15:00,168.42,204.01
2008-03-16 13:30:00,100.35,144.36
2008-03-16 13:45:00,61.167,108.52
2008-03-16 14:00:00,1.6187,51.697
2008-03-16 14:15:00,20.655,71.953
2008-03-16 14:30:00,47.55,95.817
2008-03-16 14:45:00,38.598,84.444
2008-03-16 15:00:00,21.719,69.116
2008-03-16 15:15:00,40.052,86.277
2008-03-16 15:30:00,35.337,82.034
2008-03-16 15:45:00,62.86,111.2
2008-03-16 16:00:00,22.153,72.961
2008-03-16 16:15:00,-2.2778,45.19
2008-03-16 16:30:00,-1.7458,43.099
2008-03-16 16:45:00,0.4759,35.083
2008-03-16 17:00:00,0.9701,34.31
2008-03-16 17:15:00,14.376,14.434
2008-03-16 17:30:00,14.53,5.6274
2008-03-16 17:45:00,8.24,4.9936
2008-03-16 18:00:00,3.3479,3.5752
2008-03-16 18:15:00,1.0295,0.4302
2008-03-16 18:30:00,0.2508,-0.3283
2008-03-16 18:45:00,-0.0166,-0.549
2008-03-16 19:00:00,-0.0262,-0.5564
2008-03-16 19:15:00,0.0017,-0.3839
2008-03-16 19:30:00,-0.0234,-0.2949
2008-03-16 19:45:00,0.0084,-0.2893
2008-03-16 20:00:00,-0.0642,-0.1781
2008-03-16 20:15:00,-0.0259,-0.1725
2008-03-16 20:30:00,0.0052,-0.1781
2008-03-16 20:45:00,-0.0151,-0.1354
2008-03-16 21:00:00,0.0068,-0.1131
2008-03-16 21:15:00,0.0414,-0.1688
2008-03-16 21:30:00,0.0385,-0.0835
2008-03-16 21:45:00,0.0051,-0.0556
2008-03-16 22:00:00,-0.0266,-0.0761
2008-03-16 22:15:00,0.0343,-0.0594
2008-03-16 22:30:00,-0.026,-0.1224
2008-03-16 22:45:00,0.0035,-0.1447
2008-03-16 23:00:00,0.043,-0.2226
2008-03-16 23:15:00,0.0306,-0.154
2008-03-16 23:30:00,-0.0129,-0.1224
2008-03-16 23:45:00,-0.0158,-0.1224
2008-03-17 00:00:00,0.0068,-0.1113
2008-03-17 00:15:00,0.0026,-0.1002
2008-03-17 00:30:00,0.0022,-0.1373
2008-03-17 00:45:00,0.0451,-0.1511
2008-03-17 01:00:00,0.006,-0.167
2008-03-17 01:15:00,0.0163,-0.1243
2008-03-17 01:30:00,-0.0376,-0.1948
2008-03-17 01:45:00,0.0334,-0.2597
2008-03-17 02:00:00,0.0506,-0.3061
2008-03-17 02:15:00,-0.0051,-0.2579
2008-03-17 02:30:00,-0.0036,-0.141
2008-03-17 02:45:00,-0.0015,-0.1781
2008-03-17 03:00:00,-0.0367,-0.2542
2008-03-17 03:15:00,-0.0118,-0.2004
2008-03-17 03:30:00,-0.0165,-0.1929
2008-03-17 03:45:00,0.0805,-0.2263
2008-03-17 04:00:00,0.0219,-0.256
2008-03-17 04:15:00,0.0282,-0.2504
2008-03-17 04:30:00,0.0073,-0.243
2008-03-17 04:45:00,-0.0109,-0.2115
2008-03-17 05:00:00,-0.011,-0.1781
2008-03-17 05:15:00,-0.0435,-0.2133
2008-03-17 05:30:00,0.0099,-0.2634
2008-03-17 05:45:00,0.002,-0.3117
2008-03-17 06:00:00,0.0177,-0.1577
2008-03-17 06:15:00,0.3384,0.9758
2008-03-17 06:30:00,0.8788,3.3448
2008-03-17 06:45:00,1.3172,7.3075
2008-03-17 07:00:00,1.7159,20.06
2008-03-17 07:15:00,2.9239,37.541
2008-03-17 07:30:00,2.8277,36.548
2008-03-17 07:45:00,4.746,68.542
2008-03-17 08:00:00,4.9853,73.345
2008-03-17 08:15:00,5.4429,82.316
2008-03-17 08:30:00,5.3147,76.795
2008-03-17 08:45:00,5.0145,66.272
2008-03-17 09:00:00,5.1428,69.752
2008-03-17 09:15:00,5.1899,72.523
2008-03-17 09:30:00,5.828,85.442
2008-03-17 09:45:00,13.77,123.76
2008-03-17 10:00:00,11.862,145.88
2008-03-17 10:15:00,24.334,149.73
2008-03-17 10:30:00,71.73,166.36
2008-03-17 10:45:00,168.69,224.85
2008-03-17 11:00:00,237.57,275.76
2008-03-17 11:15:00,441.2,512.14
2008-03-17 11:30:00,560.96,662.38
2008-03-17 11:45:00,430.08,528.72
2008-03-17 12:00:00,306.06,370.51
2008-03-17 12:15:00,317.92,359.99
2008-03-17 12:30:00,231.61,279.16
2008-03-17 12:45:00,154.41,200.92
2008-03-17 13:00:00,289.76,327.64
2008-03-17 13:15:00,358.39,394.8
2008-03-17 13:30:00,414.99,447.53
2008-03-17 13:45:00,398.77,426.88
2008-03-17 14:00:00,406.63,422.74
2008-03-17 14:15:00,273.69,300.37
2008-03-17 14:30:00,256.48,279.22
2008-03-17 14:45:00,200.01,228.61
2008-03-17 15:00:00,123.1,163.83
2008-03-17 15:15:00,66.309,117.44
2008-03-17 15:30:00,79.386,128.98
2008-03-17 15:45:00,66.152,117.21
2008-03-17 16:00:00,123.38,169.52
2008-03-17 16:15:00,56.45,111.37
2008-03-17 16:30:00,104.31,154.51
2008-03-17 16:45:00,61.602,115.4
2008-03-17 17:00:00,24.818,80.336
2008-03-17 17:15:00,2.8084,57.534
2008-03-17 17:30:00,1.1156,39.551
2008-03-17 17:45:00,18.185,14.084
2008-03-17 18:00:00,13.79,6.9563
2008-03-17 18:15:00,4.2623,2.4524
2008-03-17 18:30:00,1.2213,-0.5024
2008-03-17 18:45:00,0.1507,-2.6344
2008-03-17 19:00:00,-0.0054,-3.925
2008-03-17 19:15:00,-0.0121,-3.8531
2008-03-17 19:30:00,-0.0319,-3.7198
2008-03-17 19:45:00,0.0283,-3.4845
2008-03-17 20:00:00,-0.0434,-3.1453
2008-03-17 20:15:00,0.0135,-2.2497
2008-03-17 20:30:00,0.0191,-1.4022
2008-03-17 20:45:00,-0.0212,-1.968
2008-03-17 21:00:00,0.0178,-2.597
2008-03-17 21:15:00,0.0053,-2.7548
2008-03-17 21:30:00,-0.0007,-2.7882
2008-03-17 21:45:00,-0.0031,-2.5916
2008-03-17 22:00:00,0.0024,-2.6714
2008-03-17 22:15:00,0.0186,-2.5935
2008-03-17 22:30:00,0.0472,-2.3542
2008-03-17 22:45:00,0.0283,-2.4878
2008-03-17 23:00:00,-0.0146,-2.5267
2008-03-17 23:15:00,-0.0091,-2.5082
2008-03-17 23:30:00,-0.014,-1.9442
2008-03-17 23:45:00,-0.0177,-2.6659
2008-03-18 00:00:00,-0.0128,-2.3041
2008-03-18 00:15:00,0.0153,-2.5397
2008-03-18 00:30:00,0.004,-2.8329
2008-03-18 00:45:00,-0.0728,-3.0166
2008-03-18 01:00:00,0.0053,-2.7401
2008-03-18 01:15:00,-0.0279,-3.1185
2008-03-18 01:30:00,-0.0721,-2.6251
2008-03-18 01:45:00,-0.0555,-2.5175
2008-03-18 02:00:00,-0.0152,-2.7865
2008-03-18 02:15:00,0.0203,-3.0944
2008-03-18 02:30:00,0.0015,-3.15
2008-03-18 02:45:00,0.0506,-3.1333
2008-03-18 03:00:00,0.0044,-3.2836
2008-03-18 03:15:00,0.0233,-3.4617
2008-03-18 03:30:00,0.0366,-3.3207
2008-03-18 03:45:00,-0.031,-3.2261
2008-03-18 04:00:00,-0.0082,-2.8402
2008-03-18 04:15:00,-0.0256,-2.7901
2008-03-18 04:30:00,-0.0448,-3.1445
2008-03-18 04:45:00,-0.0731,-3.3911
2008-03-18 05:00:00,0.0006,-3.2817
2008-03-18 05:15:00,0.0032,-3.4654
2008-03-18 05:30:00,0.0048,-3.2502
2008-03-18 05:45:00,0.1103,-2.9868
2008-03-18 06:00:00,1.3228,-2.5638
2008-03-18 06:15:00,11.482,4.4783
2008-03-18 06:30:00,7.2161,32.968
2008-03-18 06:45:00,12.866,86.86
2008-03-18 07:00:00,59.787,155.98
2008-03-18 07:15:00,149.86,229.38
2008-03-18 07:30:00,238.94,304.7
2008-03-18 07:45:00,328.47,377.72
2008-03-18 08:00:00,415.7,449.8
2008-03-18 08:15:00,501.74,524.29
2008-03-18 08:30:00,578.83,593.41
2008-03-18 08:45:00,654.54,663.23
2008-03-18 09:00:00,724.95,733.32
2008-03-18 09:15:00,805.49,797.12
2008-03-18 09:30:00,887.12,859.58
2008-03-18 09:45:00,516.25,917.41
2008-03-18 10:00:00,537.06,968.17
2008-03-18 10:15:00,1005.9,1008.6
2008-03-18 10:30:00,1038.5,1050.5
2008-03-18 10:45:00,1057.4,1085.1
2008-03-18 11:00:00,1073.1,1110.9
2008-03-18 11:15:00,1101.9,1134.5
2008-03-18 11:30:00,617.54,1153.8
2008-03-18 11:45:00,913.96,1163.0
2008-03-18 12:00:00,356.3,1177.1
2008-03-18 12:15:00,359.44,1173.9
2008-03-18 12:30:00,909.38,1168.3
2008-03-18 12:45:00,352.81,1169.6
2008-03-18 13:00:00,942.2,1157.9
2008-03-18 13:15:00,1072.5,1132.8
2008-03-18 13:30:00,683.51,1103.2
2008-03-18 13:45:00,1092.2,1081.5
2008-03-18 14:00:00,1056.5,1050.6
2008-03-18 14:15:00,1038.2,1011.2
2008-03-18 14:30:00,1008.4,967.7
2008-03-18 14:45:00,964.14,923.94
2008-03-18 15:00:00,906.19,869.21
2008-03-18 15:15:00,825.88,809.07
2008-03-18 15:30:00,744.9,743.4
2008-03-18 15:45:00,670.63,674.16
2008-03-18 16:00:00,595.05,607.01
2008-03-18 16:15:00,511.24,536.62
2008-03-18 16:30:00,422.98,462.44
2008-03-18 16:45:00,336.86,393.24
2008-03-18 17:00:00,246.46,321.0
2008-03-18 17:15:00,158.59,247.87
2008-03-18 17:30:00,71.629,176.3
2008-03-18 17:45:00,12.571,95.519
2008-03-18 18:00:00,17.379,12.748
2008-03-18 18:15:00,10.516,2.9796
2008-03-18 18:30:00,1.8515,-3.5433
2008-03-18 18:45:00,0.2594,-4.7685
2008-03-18 19:00:00,-0.0132,-4.0978
2008-03-18 19:15:00,-0.0161,-4.0538
2008-03-18 19:30:00,-0.008,-4.0708
2008-03-18 19:45:00,0.0053,-4.0988
2008-03-18 20:00:00,-0.0151,-3.7691
2008-03-18 20:15:00,0.0134,-4.1495
2008-03-18 20:30:00,0.0004,-4.2537
2008-03-18 20:45:00,-0.0124,-3.2099
2008-03-18 21:00:00,-0.0158,-3.4177
2008-03-18 21:15:00,0.0169,-3.8275
2008-03-18 21:30:00,0.011,-3.8073
2008-03-18 21:45:00,0.0055,-3.5532
2008-03-18 22:00:00,0.0026,-3.3028
2008-03-18 22:15:00,0.0221,-3.2565
2008-03-18 22:30:00,-0.0099,-2.9042
2008-03-18 22:45:00,-0.0047,-2.3163
2008-03-18 23:00:00,-0.0091,-2.8448
2008-03-18 23:15:00,0.0462,-2.8448
2008-03-18 23:30:00,0.0909,-2.7762
2008-03-18 23:45:00,0.002,-2.1067
2008-03-19 00:00:00,-0.0017,-3.0451
2008-03-19 00:15:00,0.0202,-3.837
2008-03-19 00:30:00,-0.0038,-3.6182
2008-03-19 00:45:00,-0.038,-3.4828
2008-03-19 01:00:00,0.0256,-3.3883
2008-03-19 01:15:00,0.0075,-3.5237
2008-03-19 01:30:00,0.0045,-3.7557
2008-03-19 01:45:00,-0.0119,-3.0269
2008-03-19 02:00:00,-0.0083,-2.9601
2008-03-19 02:15:00,0.0145,-3.1494
2008-03-19 02:30:00,-0.0091,-3.0473
2008-03-19 02:45:00,0.0421,-1.8714
2008-03-19 03:00:00,-0.0308,-2.4371
2008-03-19 03:15:00,0.0041,-2.8266
2008-03-19 03:30:00,-0.0019,-3.2866
2008-03-19 03:45:00,-0.0094,-2.6393
2008-03-19 04:00:00,-0.0036,-3.0584
2008-03-19 04:15:00,-0.0089,-3.5462
2008-03-19 04:30:00,-0.0101,-2.949
2008-03-19 04:45:00,0.0,-3.3627
2008-03-19 05:00:00,-0.0115,-3.4368
2008-03-19 05:15:00,-0.0241,-3.4498
2008-03-19 05:30:00,-0.0116,-3.8615
2008-03-19 05:45:00,0.2367,-3.0899
2008-03-19 06:00:00,1.7845,-1.4523
2008-03-19 06:15:00,12.412,6.4862
2008-03-19 06:30:00,7.1307,34.339
2008-03-19 06:45:00,10.801,84.527
2008-03-19 07:00:00,53.277,144.83
2008-03-19 07:15:00,131.06,211.83
2008-03-19 07:30:00,209.93,280.45
2008-03-19 07:45:00,296.2,350.87
2008-03-19 08:00:00,381.53,423.0
2008-03-19 08:15:00,466.56,494.85
2008-03-19 08:30:00,548.77,569.11
2008-03-19 08:45:00,613.6,628.72
2008-03-19 09:00:00,667.37,682.84
2008-03-19 09:15:00,738.72,753.54
2008-03-19 09:30:00,779.92,803.18
2008-03-19 09:45:00,860.66,859.35
2008-03-19 10:00:00,938.37,915.79
2008-03-19 10:15:00,993.33,970.47
2008-03-19 10:30:00,1022.2,1007.7
2008-03-19 10:45:00,1015.7,1025.6
2008-03-19 11:00:00,983.12,992.78
2008-03-19 11:15:00,919.27,927.97
2008-03-19 11:30:00,918.81,921.64
2008-03-19 11:45:00,804.4,814.22
2008-03-19 12:00:00,735.87,740.15
2008-03-19 12:15:00,744.5,746.25
2008-03-19 12:30:00,741.37,739.29
2008-03-19 12:45:00,669.21,677.9
2008-03-19 13:00:00,585.97,600.56
2008-03-19 13:15:00,565.98,583.76
2008-03-19 13:30:00,392.29,423.2
2008-03-19 13:45:00,734.48,735.6
2008-03-19 14:00:00,611.58,1109.3
2008-03-19 14:15:00,1001.7,1024.3
2008-03-19 14:30:00,530.13,965.19
2008-03-19 14:45:00,892.19,914.86
2008-03-19 15:00:00,850.47,870.29
2008-03-19 15:15:00,786.55,807.16
2008-03-19 15:30:00,701.68,729.04
2008-03-19 15:45:00,649.93,681.7
2008-03-19 16:00:00,570.68,607.9
2008-03-19 16:15:00,488.73,535.69
2008-03-19 16:30:00,406.32,466.89
2008-03-19 16:45:00,300.48,373.33
2008-03-19 17:00:00,215.87,299.92
2008-03-19 17:15:00,158.89,251.84
2008-03-19 17:30:00,63.901,157.29
2008-03-19 17:45:00,20.556,115.21
2008-03-19 18:00:00,14.678,23.756
2008-03-19 18:15:00,13.63,4.4225
2008-03-19 18:30:00,2.2366,-3.0456
2008-03-19 18:45:00,0.228,-4.3272
2008-03-19 19:00:00,-0.0128,-4.1204
2008-03-19 19:15:00,0.0028,-4.0634
2008-03-19 19:30:00,-0.0287,-4.1507
2008-03-19 19:45:00,-0.003,-4.0418
2008-03-19 20:00:00,0.0478,-4.0774
2008-03-19 20:15:00,-0.0434,-3.7629
2008-03-19 20:30:00,-0.011,-3.6447
2008-03-19 20:45:00,-0.0053,-3.7804
2008-03-19 21:00:00,0.0086,-3.6879
2008-03-19 21:15:00,-0.0094,-3.7844
2008-03-19 21:30:00,-0.0007,-3.8401
2008-03-19 21:45:00,-0.015,-3.4787
2008-03-19 22:00:00,-0.011,-3.3582
2008-03-19 22:15:00,-0.0003,-3.6903
2008-03-19 22:30:00,-0.0256,-3.6108
2008-03-19 22:45:00,0.0021,-3.3811
2008-03-19 23:00:00,0.0224,-3.5092
2008-03-19 23:15:00,-0.0174,-3.754
2008-03-19 23:30:00,-0.0075,-3.2591
2008-03-19 23:45:00,0.0056,-3.3018
2008-03-20 00:00:00,-0.0132,-3.2908
2008-03-20 00:15:00,0.0049,-3.5875
2008-03-20 00:30:00,-0.0124,-3.2519
2008-03-20 00:45:00,-0.0122,-3.8452
2008-03-20 01:00:00,0.0358,-2.5197
2008-03-20 01:15:00,0.018,-3.5487
2008-03-20 01:30:00,-0.0255,-4.0104
2008-03-20 01:45:00,-0.0232,-3.0241
2008-03-20 02:00:00,0.006,-2.4717
2008-03-20 02:15:00,-0.0489,-2.3717
2008-03-20 02:30:00,-0.028,-1.9768
2008-03-20 02:45:00,-0.0245,-2.9077
2008-03-20 03:00:00,0.0188,-3.2952
2008-03-20 03:15:00,-0.0012,-2.7205
2008-03-20 03:30:00,-0.0003,-3.3732
2008-03-20 03:45:00,0.0422,-3.3917
2008-03-20 04:00:00,0.0253,-3.4753
2008-03-20 04:15:00,-0.0158,-2.8949
2008-03-20 04:30:00,-0.0673,-3.2454
2008-03-20 04:45:00,0.0007,-2.4758
2008-03-20 05:00:00,0.0052,-2.7669
2008-03-20 05:15:00,-0.0046,-2.3905
2008-03-20 05:30:00,0.0344,-2.474
2008-03-20 05:45:00,0.3158,-3.0601
2008-03-20 06:00:00,2.2826,-1.0664
2008-03-20 06:15:00,13.882,7.9563
2008-03-20 06:30:00,5.6443,39.933
2008-03-20 06:45:00,14.723,93.721
2008-03-20 07:00:00,62.763,157.9
2008-03-20 07:15:00,149.4,228.4
2008-03-20 07:30:00,214.26,279.92
2008-03-20 07:45:00,243.66,296.28
2008-03-20 08:00:00,368.28,406.41
2008-03-20 08:15:00,471.3,491.76
2008-03-20 08:30:00,566.5,578.89
2008-03-20 08:45:00,622.04,635.23
2008-03-20 09:00:00,736.13,736.99
2008-03-20 09:15:00,792.04,783.11
2008-03-20 09:30:00,840.38,821.71
2008-03-20 09:45:00,929.17,904.31
2008-03-20 10:00:00,973.78,948.72
2008-03-20 10:15:00,1011.6,991.53
2008-03-20 10:30:00,1041.8,1029.2
2008-03-20 10:45:00,1067.8,1061.0
2008-03-20 11:00:00,1088.2,1090.5
2008-03-20 11:15:00,1104.3,1119.3
2008-03-20 11:30:00,1119.2,1144.4
2008-03-20 11:45:00,1117.2,1136.6
2008-03-20 12:00:00,377.53,422.23
2008-03-20 12:15:00,261.21,294.59
2008-03-20 12:30:00,447.06,905.68
2008-03-20 12:45:00,360.18,1059.0
2008-03-20 13:00:00,359.24,828.21
2008-03-20 13:15:00,364.67,1039.4
2008-03-20 13:30:00,390.11,647.63
2008-03-20 13:45:00,115.62,572.63
2008-03-20 14:00:00,427.16,1022.0
2008-03-20 14:15:00,693.33,916.3
2008-03-20 14:30:00,439.03,766.88
2008-03-20 14:45:00,458.8,876.22
2008-03-20 15:00:00,840.5,854.86
2008-03-20 15:15:00,784.53,800.5
2008-03-20 15:30:00,719.01,736.35
2008-03-20 15:45:00,653.05,673.9
2008-03-20 16:00:00,573.64,606.26
2008-03-20 16:15:00,497.29,536.03
2008-03-20 16:30:00,390.38,443.71
2008-03-20 16:45:00,144.33,212.06
2008-03-20 17:00:00,-2.1513,63.706
2008-03-20 17:15:00,4.0021,58.076
2008-03-20 17:30:00,-0.1503,45.478
2008-03-20 17:45:00,8.7862,29.814
2008-03-20 18:00:00,16.755,12.074
2008-03-20 18:15:00,6.7086,2.491
2008-03-20 18:30:00,1.4875,-0.9669
2008-03-20 18:45:00,0.211,-1.3765
2008-03-20 19:00:00,-0.0298,-1.5415
2008-03-20 19:15:00,-0.0224,-1.6473
2008-03-20 19:30:00,-0.0163,-1.4992
2008-03-20 19:45:00,0.0077,-2.865
2008-03-20 20:00:00,-0.0172,-3.523
2008-03-20 20:15:00,0.0126,-3.8307
2008-03-20 20:30:00,0.0529,-3.4694
2008-03-20 20:45:00,-0.0045,-2.1258
2008-03-20 21:00:00,0.0202,-3.475
2008-03-20 21:15:00,-0.0328,-4.1144
2008-03-20 21:30:00,-0.0102,-4.0552
2008-03-20 21:45:00,-0.031,-3.9757
2008-03-20 22:00:00,0.0037,-4.3318
2008-03-20 22:15:00,-0.0014,-4.4284
2008-03-20 22:30:00,0.0193,-4.1229
2008-03-20 22:45:00,-0.0285,-3.6448
2008-03-20 23:00:00,0.0225,-3.9248
2008-03-20 23:15:00,-0.009,-3.7267
2008-03-20 23:30:00,0.0171,-3.126
2008-03-20 23:45:00,-0.0317,-3.2375
2008-03-21 00:00:00,-0.0112,-3.4565
2008-03-21 00:15:00,0.0171,-3.5902
2008-03-21 00:30:00,-0.0348,-4.0334
2008-03-21 00:45:00,-0.0129,-3.9278
2008-03-21 01:00:00,-0.0314,-3.9205
2008-03-21 01:15:00,-0.0077,-3.4512
2008-03-21 01:30:00,0.0175,-3.2473
2008-03-21 01:45:00,0.0479,-3.3902
2008-03-21 02:00:00,-0.088,-3.3958
2008-03-21 02:15:00,-0.062,-3.4941
2008-03-21 02:30:00,-0.0415,-3.585
2008-03-21 02:45:00,0.0131,-3.7372
2008-03-21 03:00:00,-0.0219,-3.5091
2008-03-21 03:15:00,-0.0085,-3.1809
2008-03-21 03:30:00,0.0054,-3.3108
2008-03-21 03:45:00,0.0169,-3.218
2008-03-21 04:00:00,0.0136,-2.9435
2008-03-21 04:15:00,0.0329,-3.5797
2008-03-21 04:30:00,0.0231,-3.1754
2008-03-21 04:45:00,0.0259,-2.7545
2008-03-21 05:00:00,0.0352,-2.8603
2008-03-21 05:15:00,-0.0141,-3.0181
2008-03-21 05:30:00,0.0143,-3.7415
2008-03-21 05:45:00,0.3676,-3.2833
2008-03-21 06:00:00,2.1157,-2.0035
2008-03-21 06:15:00,13.055,8.1122
2008-03-21 06:30:00,2.9552,36.722
2008-03-21 06:45:00,12.791,82.279
2008-03-21 07:00:00,59.806,139.66
2008-03-21 07:15:00,138.41,208.33
2008-03-21 07:30:00,221.39,277.36
2008-03-21 07:45:00,306.26,345.67
2008-03-21 08:00:00,393.29,415.5
2008-03-21 08:15:00,474.65,482.88
2008-03-21 08:30:00,554.74,551.61
2008-03-21 08:45:00,637.18,619.41
2008-03-21 09:00:00,700.45,682.11
2008-03-21 09:15:00,764.7,741.07
2008-03-21 09:30:00,823.76,805.61
2008-03-21 09:45:00,890.9,871.49
2008-03-21 10:00:00,947.0,925.96
2008-03-21 10:15:00,548.23,963.99
2008-03-21 10:30:00,1046.4,1007.6
2008-03-21 10:45:00,599.7,1046.3
2008-03-21 11:00:00,185.65,1076.1
2008-03-21 11:15:00,249.61,1109.1
2008-03-21 11:30:00,478.09,1128.5
2008-03-21 11:45:00,218.97,1136.0
2008-03-21 12:00:00,178.62,1153.7
2008-03-21 12:15:00,129.86,1163.2
2008-03-21 12:30:00,366.03,1144.6
2008-03-21 12:45:00,138.3,572.99
2008-03-21 13:00:00,152.34,1133.6
2008-03-21 13:15:00,356.44,927.46
2008-03-21 13:30:00,153.88,633.0
2008-03-21 13:45:00,341.8,483.64
2008-03-21 14:00:00,147.25,534.1
2008-03-21 14:15:00,288.64,308.73
2008-03-21 14:30:00,740.55,727.51
2008-03-21 14:45:00,843.07,832.37
2008-03-21 15:00:00,827.64,829.11
2008-03-21 15:15:00,791.31,800.42
2008-03-21 15:30:00,682.91,696.32
2008-03-21 15:45:00,457.23,481.28
2008-03-21 16:00:00,458.29,486.42
2008-03-21 16:15:00,287.52,353.22
2008-03-21 16:30:00,84.885,153.07
2008-03-21 16:45:00,144.67,217.28
2008-03-21 17:00:00,111.34,188.95
2008-03-21 17:15:00,11.42,56.853
2008-03-21 17:30:00,1.979,58.774
2008-03-21 17:45:00,9.5603,34.396
2008-03-21 18:00:00,17.533,13.343
2008-03-21 18:15:00,10.257,3.9757
2008-03-21 18:30:00,1.8857,-1.662
2008-03-21 18:45:00,0.336,-3.5894
2008-03-21 19:00:00,0.0091,-3.4155
2008-03-21 19:15:00,0.0004,-3.79
2008-03-21 19:30:00,-0.0089,-4.1903
2008-03-21 19:45:00,-0.0075,-3.7551
2008-03-21 20:00:00,-0.0703,-3.9554
2008-03-21 20:15:00,0.0302,-4.0354
2008-03-21 20:30:00,-0.0114,-4.1099
2008-03-21 20:45:00,-0.0425,-3.691
2008-03-21 21:00:00,-0.0208,-3.5244
2008-03-21 21:15:00,0.044,-4.0121
2008-03-21 21:30:00,0.0027,-3.584
2008-03-21 21:45:00,-0.0127,-3.1021
2008-03-21 22:00:00,0.0017,-3.1283
2008-03-21 22:15:00,0.0072,-3.6533
2008-03-21 22:30:00,0.0008,-3.11
2008-03-21 22:45:00,-0.0202,-3.1415
2008-03-21 23:00:00,-0.0151,-2.9505
2008-03-21 23:15:00,0.0103,-3.1658
2008-03-21 23:30:00,-0.0409,-3.3475
2008-03-21 23:45:00,-0.0025,-3.2121
2008-03-22 00:00:00,0.0115,-2.4462
2008-03-22 00:15:00,0.0086,-2.6632
2008-03-22 00:30:00,-0.0086,-2.8562
2008-03-22 00:45:00,0.0749,-2.5595
2008-03-22 01:00:00,-0.0251,-2.4389
2008-03-22 01:15:00,-0.0247,-3.3236
2008-03-22 01:30:00,-0.0273,-3.4461
2008-03-22 01:45:00,0.0452,-2.8916
2008-03-22 02:00:00,0.0095,-1.6619
2008-03-22 02:15:00,0.0132,-2.2369
2008-03-22 02:30:00,0.0278,-2.1646
2008-03-22 02:45:00,0.0066,-1.1018
2008-03-22 03:00:00,0.0069,-1.8511
2008-03-22 03:15:00,-0.0285,-3.1236
2008-03-22 03:30:00,0.0063,-3.0847
2008-03-22 03:45:00,0.0337,-2.9011
2008-03-22 04:00:00,-0.0057,-2.9679
2008-03-22 04:15:00,0.0407,-2.9253
2008-03-22 04:30:00,-0.0087,-3.0515
2008-03-22 04:45:00,-0.0376,-3.1017
2008-03-22 05:00:00,-0.0135,-2.8457
2008-03-22 05:15:00,-0.0258,-2.4005
2008-03-22 05:30:00,0.0045,-3.0275
2008-03-22 05:45:00,0.4703,-1.8626
2008-03-22 06:00:00,2.3961,-0.7142
2008-03-22 06:15:00,13.631,8.5727
2008-03-22 06:30:00,3.3143,38.094
2008-03-22 06:45:00,13.128,86.742
2008-03-22 07:00:00,62.663,148.26
2008-03-22 07:15:00,139.83,217.62
2008-03-22 07:30:00,223.92,287.75
2008-03-22 07:45:00,310.86,358.66
2008-03-22 08:00:00,396.96,427.7
2008-03-22 08:15:00,479.62,498.35
2008-03-22 08:30:00,557.18,566.75
2008-03-22 08:45:00,631.52,632.48
2008-03-22 09:00:00,701.86,699.45
2008-03-22 09:15:00,768.61,765.16
2008-03-22 09:30:00,454.74,807.04
2008-03-22 09:45:00,481.06,836.79
2008-03-22 10:00:00,299.06,943.17
2008-03-22 10:15:00,172.96,971.08
2008-03-22 10:30:00,102.94,1010.0
2008-03-22 10:45:00,117.88,1026.4
2008-03-22 11:00:00,134.48,929.68
2008-03-22 11:15:00,86.07,547.88
2008-03-22 11:30:00,127.05,404.13
2008-03-22 11:45:00,172.59,583.99
2008-03-22 12:00:00,184.18,1109.7
2008-03-22 12:15:00,221.47,1260.4
2008-03-22 12:30:00,406.76,1160.0
2008-03-22 12:45:00,156.7,824.97
2008-03-22 13:00:00,553.59,706.98
2008-03-22 13:15:00,135.14,746.82
2008-03-22 13:30:00,390.67,613.88
2008-03-22 13:45:00,341.56,412.73
2008-03-22 14:00:00,308.23,330.52
2008-03-22 14:15:00,272.49,295.67
2008-03-22 14:30:00,219.95,252.14
2008-03-22 14:45:00,281.44,306.23
2008-03-22 15:00:00,256.05,280.95
2008-03-22 15:15:00,150.51,188.0
2008-03-22 15:30:00,140.36,180.82
2008-03-22 15:45:00,130.49,177.82
2008-03-22 16:00:00,88.394,137.85
2008-03-22 16:15:00,33.71,86.524
2008-03-22 16:30:00,-3.0561,46.763
2008-03-22 16:45:00,0.7193,52.537
2008-03-22 17:00:00,1.871,53.395
2008-03-22 17:15:00,1.8076,42.567
2008-03-22 17:30:00,16.931,11.863
2008-03-22 17:45:00,6.0929,4.536
2008-03-22 18:00:00,4.2681,3.4499
2008-03-22 18:15:00,2.5926,1.5981
2008-03-22 18:30:00,0.981,-0.0723
2008-03-22 18:45:00,0.1956,-0.4654
2008-03-22 19:00:00,-0.0126,-0.5137
2008-03-22 19:15:00,-0.0296,-0.4636
2008-03-22 19:30:00,-0.0407,-0.5045
2008-03-22 19:45:00,-0.0216,-0.4822
2008-03-22 20:00:00,0.0274,-0.5138
2008-03-22 20:15:00,-0.0408,-0.5639
2008-03-22 20:30:00,-0.0012,-0.2857
2008-03-22 20:45:00,-0.0614,-0.243
2008-03-22 21:00:00,-0.0099,-0.2319
2008-03-22 21:15:00,-0.0018,-0.6011
2008-03-22 21:30:00,0.0145,-0.7142
2008-03-22 21:45:00,0.0092,-0.5825
2008-03-22 22:00:00,-0.005,-0.5046
2008-03-22 22:15:00,0.0122,-0.8497
2008-03-22 22:30:00,0.0304,-0.948
2008-03-22 22:45:00,0.0295,-0.7773
2008-03-22 23:00:00,0.0406,-0.7625
2008-03-22 23:15:00,-0.0117,-0.7755
2008-03-22 23:30:00,-0.0022,-0.974
2008-03-22 23:45:00,0.0112,-0.9573
2008-03-23 00:00:00,-0.034,-1.0203
2008-03-23 00:15:00,0.0251,-0.8608
2008-03-23 00:30:00,0.0071,-0.666
2008-03-23 00:45:00,0.0055,-0.6326
2008-03-23 01:00:00,-0.014,-0.6233
2008-03-23 01:15:00,0.0059,-0.5287
2008-03-23 01:30:00,-0.0098,-0.5733
2008-03-23 01:45:00,0.0373,-0.4582
2008-03-23 02:00:00,-0.0521,-0.8348
2008-03-23 02:15:00,-0.0302,-0.4248
2008-03-23 02:30:00,-0.0237,-0.4026
2008-03-23 02:45:00,0.0229,-0.3581
2008-03-23 03:00:00,-0.0215,-0.4861
2008-03-23 03:15:00,0.0215,-1.6957
2008-03-23 03:30:00,-0.0112,-2.9962
2008-03-23 03:45:00,-0.0245,-3.2542
2008-03-23 04:00:00,-0.0435,-3.1374
2008-03-23 04:15:00,-0.0126,-4.0263
2008-03-23 04:30:00,0.0126,-4.0653
2008-03-23 04:45:00,-0.0248,-3.4865
2008-03-23 05:00:00,0.0387,-3.2249
2008-03-23 05:15:00,-0.0051,-3.5089
2008-03-23 05:30:00,0.0372,-3.3846
2008-03-23 05:45:00,0.6363,-3.5055
2008-03-23 06:00:00,3.1743,-0.5122
2008-03-23 06:15:00,14.701,19.188
2008-03-23 06:30:00,4.3352,72.266
2008-03-23 06:45:00,32.701,146.55
2008-03-23 07:00:00,87.014,223.22
2008-03-23 07:15:00,165.13,320.31
2008-03-23 07:30:00,246.58,417.52
2008-03-23 07:45:00,341.62,485.34
2008-03-23 08:00:00,438.93,533.23
2008-03-23 08:15:00,527.41,591.72
2008-03-23 08:30:00,603.88,652.66
2008-03-23 08:45:00,677.15,711.24
2008-03-23 09:00:00,744.85,765.34
2008-03-23 09:15:00,803.3,809.69
2008-03-23 09:30:00,487.82,858.5
2008-03-23 09:45:00,502.0,902.71
2008-03-23 10:00:00,541.06,948.32
2008-03-23 10:15:00,448.03,994.86
2008-03-23 10:30:00,156.14,1028.6
2008-03-23 10:45:00,128.95,1063.6
2008-03-23 11:00:00,228.78,1092.9
2008-03-23 11:15:00,213.17,1119.0
2008-03-23 11:30:00,129.51,1141.0
2008-03-23 11:45:00,181.9,1156.1
2008-03-23 12:00:00,182.95,1165.5
2008-03-23 12:15:00,150.3,1169.7
2008-03-23 12:30:00,166.56,1167.4
2008-03-23 12:45:00,151.26,1159.2
2008-03-23 13:00:00,187.25,1145.7
2008-03-23 13:15:00,91.249,1127.8
2008-03-23 13:30:00,163.29,1104.8
2008-03-23 13:45:00,700.11,1077.6
2008-03-23 14:00:00,1021.3,1044.4
2008-03-23 14:15:00,988.0,1005.6
2008-03-23 14:30:00,525.34,960.88
2008-03-23 14:45:00,883.23,912.12
2008-03-23 15:00:00,832.08,857.2
2008-03-23 15:15:00,769.8,800.88
2008-03-23 15:30:00,709.83,745.41
2008-03-23 15:45:00,660.3,688.54
2008-03-23 16:00:00,593.92,620.92
2008-03-23 16:15:00,513.56,550.35
2008-03-23 16:30:00,427.98,476.65
2008-03-23 16:45:00,338.2,403.3
2008-03-23 17:00:00,243.28,324.61
2008-03-23 17:15:00,108.42,181.93
2008-03-23 17:30:00,59.707,160.49
2008-03-23 17:45:00,12.163,111.65
2008-03-23 18:00:00,15.145,20.68
2008-03-23 18:15:00,15.937,6.7718
2008-03-23 18:30:00,3.8669,-0.8503
2008-03-23 18:45:00,0.4684,-3.5735
2008-03-23 19:00:00,0.0069,-4.1169
2008-03-23 19:15:00,-0.0297,-4.3007
2008-03-23 19:30:00,0.0064,-4.5605
2008-03-23 19:45:00,-0.0008,-4.5478
2008-03-23 20:00:00,0.0079,-4.7445
2008-03-23 20:15:00,0.0206,-4.4092
2008-03-23 20:30:00,-0.0405,-4.4502
2008-03-23 20:45:00,0.002,-4.4136
2008-03-23 21:00:00,0.0133,-4.5066
2008-03-23 21:15:00,-0.0112,-3.9989
2008-03-23 21:30:00,-0.0023,-4.1679
2008-03-23 21:45:00,-0.0144,-3.0816
2008-03-23 22:00:00,-0.0061,-3.7049
2008-03-23 22:15:00,0.0051,-3.8608
2008-03-23 22:30:00,-0.0281,-3.7571
2008-03-23 22:45:00,-0.0014,-3.4697
2008-03-23 23:00:00,-0.0095,-3.4771
2008-03-23 23:15:00,0.0311,-3.7942
2008-03-23 23:30:00,0.0523,-3.6718
2008-03-23 23:45:00,0.0008,-4.0408
2008-03-24 00:00:00,0.0086,-4.7121
2008-03-24 00:15:00,-0.0521,-4.0056
2008-03-24 00:30:00,0.021,-3.6774
2008-03-24 00:45:00,0.0196,-3.4289
2008-03-24 01:00:00,-0.0165,-2.2217
2008-03-24 01:15:00,0.0177,-2.6667
2008-03-24 01:30:00,-0.0218,-2.4498
2008-03-24 01:45:00,-0.0186,-2.6723
2008-03-24 02:00:00,0.0178,-2.0325
2008-03-24 02:15:00,-0.0644,-1.6022
2008-03-24 02:30:00,-0.0271,-2.3344
2008-03-24 02:45:00,-0.0019,-2.5457
2008-03-24 03:00:00,-0.0025,-2.54
2008-03-24 03:15:00,-0.0003,-2.3766
2008-03-24 03:30:00,-0.0303,-2.9603
2008-03-24 03:45:00,-0.0449,-3.0455
2008-03-24 04:00:00,0.029,-1.948
2008-03-24 04:15:00,-0.0162,-3.3974
2008-03-24 04:30:00,-0.0091,-3.3862
2008-03-24 04:45:00,-0.039,-2.8469
2008-03-24 05:00:00,0.0143,-2.8266
2008-03-24 05:15:00,-0.0256,-1.9778
2008-03-24 05:30:00,0.0104,-2.723
2008-03-24 05:45:00,0.4592,-2.2411
2008-03-24 06:00:00,2.1853,-1.2364
2008-03-24 06:15:00,14.55,6.8771
2008-03-24 06:30:00,9.1671,20.946
2008-03-24 06:45:00,-0.7781,41.219
2008-03-24 07:00:00,11.108,68.058
2008-03-24 07:15:00,40.918,100.44
2008-03-24 07:30:00,79.626,139.96
2008-03-24 07:45:00,125.03,184.1
2008-03-24 08:00:00,201.26,254.1
2008-03-24 08:15:00,205.4,260.41
2008-03-24 08:30:00,219.69,272.25
2008-03-24 08:45:00,213.62,267.5
2008-03-24 09:00:00,246.49,298.98
2008-03-24 09:15:00,315.3,365.26
2008-03-24 09:30:00,414.56,459.33
2008-03-24 09:45:00,445.36,490.19
2008-03-24 10:00:00,550.9,576.05
2008-03-24 10:15:00,643.13,654.56
2008-03-24 10:30:00,705.29,712.37
2008-03-24 10:45:00,668.56,687.18
2008-03-24 11:00:00,690.46,701.66
2008-03-24 11:15:00,749.46,756.2
2008-03-24 11:30:00,823.15,824.97
2008-03-24 11:45:00,860.27,860.09
2008-03-24 12:00:00,832.51,825.58
2008-03-24 12:15:00,809.38,803.17
2008-03-24 12:30:00,891.76,881.45
2008-03-24 12:45:00,877.22,865.2
2008-03-24 13:00:00,907.75,912.49
2008-03-24 13:15:00,940.82,954.58
2008-03-24 13:30:00,783.75,806.06
2008-03-24 13:45:00,657.23,674.58
2008-03-24 14:00:00,654.66,666.19
2008-03-24 14:15:00,500.94,526.46
2008-03-24 14:30:00,380.91,417.58
2008-03-24 14:45:00,453.32,478.7
2008-03-24 15:00:00,465.12,492.16
2008-03-24 15:15:00,396.71,431.99
2008-03-24 15:30:00,400.48,433.8
2008-03-24 15:45:00,322.76,365.83
2008-03-24 16:00:00,271.49,319.94
2008-03-24 16:15:00,249.58,300.26
2008-03-24 16:30:00,469.83,514.79
2008-03-24 16:45:00,475.82,540.12
2008-03-24 17:00:00,356.51,435.18
2008-03-24 17:15:00,252.26,344.14
2008-03-24 17:30:00,137.63,242.31
2008-03-24 17:45:00,39.423,131.86
2008-03-24 18:00:00,2.8219,43.799
2008-03-24 18:15:00,17.938,15.373
2008-03-24 18:30:00,8.7552,1.2623
2008-03-24 18:45:00,0.6778,-4.4208
2008-03-24 19:00:00,0.0283,-3.7398
2008-03-24 19:15:00,0.0015,-2.7866
2008-03-24 19:30:00,-0.0309,-3.0109
2008-03-24 19:45:00,-0.0062,-3.276
2008-03-24 20:00:00,0.0434,-3.0559
2008-03-24 20:15:00,-0.0068,-3.0209
2008-03-24 20:30:00,-0.0337,-2.2876
2008-03-24 20:45:00,0.0189,-2.1432
2008-03-24 21:00:00,-0.0164,-2.0062
2008-03-24 21:15:00,-0.0369,-2.1119
2008-03-24 21:30:00,-0.031,-3.4382
2008-03-24 21:45:00,-0.0107,-3.442
2008-03-24 22:00:00,-0.0287,-3.2661
2008-03-24 22:15:00,-0.0618,-4.0777
2008-03-24 22:30:00,-0.0156,-3.3051
2008-03-24 22:45:00,0.0012,-2.6365
2008-03-24 23:00:00,0.0028,-3.0498
2008-03-24 23:15:00,-0.0236,-3.6873
2008-03-24 23:30:00,-0.009,-3.4059
2008-03-24 23:45:00,-0.0333,-2.7018
2008-03-25 00:00:00,-0.0313,-3.3208
2008-03-25 00:15:00,-0.0079,-3.1967
2008-03-25 00:30:00,-0.0066,-1.2936
2008-03-25 00:45:00,-0.0049,-1.2232
2008-03-25 01:00:00,0.006,-3.0357
2008-03-25 01:15:00,-0.0276,-2.4649
2008-03-25 01:30:00,0.0081,-3.7659
2008-03-25 01:45:00,-0.0054,-4.1922
2008-03-25 02:00:00,-0.0026,-3.9625
2008-03-25 02:15:00,-0.0007,-3.7437
2008-03-25 02:30:00,-0.0145,-4.1033
2008-03-25 02:45:00,-0.0155,-4.0032
2008-03-25 03:00:00,0.0094,-3.9273
2008-03-25 03:15:00,0.0003,-3.4418
2008-03-25 03:30:00,-0.0212,-3.5753
2008-03-25 03:45:00,-0.0103,-3.377
2008-03-25 04:00:00,0.0042,-4.1148
2008-03-25 04:15:00,0.027,-4.1612
2008-03-25 04:30:00,-0.029,-3.4754
2008-03-25 04:45:00,0.0064,-3.5756
2008-03-25 05:00:00,0.0293,-3.2699
2008-03-25 05:15:00,0.0217,-3.1311
2008-03-25 05:30:00,0.0671,-2.7549
2008-03-25 05:45:00,0.9206,-2.0541
2008-03-25 06:00:00,4.3021,0.597
2008-03-25 06:15:00,14.842,14.462
2008-03-25 06:30:00,1.5851,48.913
2008-03-25 06:45:00,16.134,100.78
2008-03-25 07:00:00,73.198,161.77
2008-03-25 07:15:00,149.45,228.18
2008-03-25 07:30:00,230.32,297.38
2008-03-25 07:45:00,315.45,367.29
2008-03-25 08:00:00,397.74,435.53
2008-03-25 08:15:00,480.55,506.61
2008-03-25 08:30:00,558.26,574.96
2008-03-25 08:45:00,633.14,642.47
2008-03-25 09:00:00,696.73,704.77
2008-03-25 09:15:00,773.93,766.66
2008-03-25 09:30:00,851.12,824.22
2008-03-25 09:45:00,898.36,875.64
2008-03-25 10:00:00,933.55,920.56
2008-03-25 10:15:00,979.35,967.01
2008-03-25 10:30:00,1016.7,1009.7
2008-03-25 10:45:00,997.97,1002.7
2008-03-25 11:00:00,1068.0,1073.2
2008-03-25 11:15:00,1076.3,1089.4
2008-03-25 11:30:00,207.53,1098.7
2008-03-25 11:45:00,905.35,1018.3
2008-03-25 12:00:00,608.43,1049.2
2008-03-25 12:15:00,1014.5,1055.7
2008-03-25 12:30:00,756.18,1089.7
2008-03-25 12:45:00,847.94,1078.1
2008-03-25 13:00:00,1009.3,1053.7
2008-03-25 13:15:00,1035.7,1075.4
2008-03-25 13:30:00,996.46,1030.3
2008-03-25 13:45:00,949.7,964.18
2008-03-25 14:00:00,847.87,861.18
2008-03-25 14:15:00,813.01,817.35
2008-03-25 14:30:00,833.15,835.26
2008-03-25 14:45:00,807.65,825.47
2008-03-25 15:00:00,868.48,882.48
2008-03-25 15:15:00,795.38,817.19
2008-03-25 15:30:00,717.97,741.96
2008-03-25 15:45:00,651.21,678.49
2008-03-25 16:00:00,544.4,588.62
2008-03-25 16:15:00,467.29,517.29
2008-03-25 16:30:00,389.3,449.91
2008-03-25 16:45:00,302.61,373.95
2008-03-25 17:00:00,214.97,298.33
2008-03-25 17:15:00,93.46,179.04
2008-03-25 17:30:00,21.247,90.132
2008-03-25 17:45:00,7.3459,75.646
2008-03-25 18:00:00,13.83,25.534
2008-03-25 18:15:00,16.814,8.2981
2008-03-25 18:30:00,2.6965,-2.0216
2008-03-25 18:45:00,0.6982,-3.962
2008-03-25 19:00:00,0.0744,-3.6346
2008-03-25 19:15:00,-0.0059,-3.6239
2008-03-25 19:30:00,-0.0091,-3.5224
2008-03-25 19:45:00,0.0032,-3.645
2008-03-25 20:00:00,0.0195,-3.8564
2008-03-25 20:15:00,-0.0083,-4.0085
2008-03-25 20:30:00,0.0382,-3.792
2008-03-25 20:45:00,0.0093,-3.7571
2008-03-25 21:00:00,-0.0405,-3.9352
2008-03-25 21:15:00,0.0196,-4.23
2008-03-25 21:30:00,-0.0323,-3.8207
2008-03-25 21:45:00,-0.0429,-3.8932
2008-03-25 22:00:00,-0.0473,-4.0046
2008-03-25 22:15:00,0.0134,-3.2672
2008-03-25 22:30:00,0.0142,-3.7046
2008-03-25 22:45:00,0.034,-3.6658
2008-03-25 23:00:00,-0.0043,-4.5239
2008-03-25 23:15:00,0.0186,-3.9179
2008-03-25 23:30:00,0.0108,-3.5713
2008-03-25 23:45:00,0.0151,-3.7085
2008-03-26 00:00:00,0.0209,-4.0069
2008-03-26 00:15:00,-0.0064,-3.7477
2008-03-26 00:30:00,-0.0047,-3.5737
2008-03-26 00:45:00,0.0334,-3.9132
2008-03-26 01:00:00,-0.004,-4.0061
2008-03-26 01:15:00,-0.0133,-3.8691
2008-03-26 01:30:00,-0.0258,-3.8136
2008-03-26 01:45:00,0.0045,-4.0399
2008-03-26 02:00:00,-0.0203,-4.0752
2008-03-26 02:15:00,-0.006,-3.547
2008-03-26 02:30:00,0.0158,-3.2506
2008-03-26 02:45:00,-0.0137,-2.8002
2008-03-26 03:00:00,0.0403,-2.8152
2008-03-26 03:15:00,-0.0146,-3.2437
2008-03-26 03:30:00,-0.0124,-3.1324
2008-03-26 03:45:00,-0.0204,-3.7889
2008-03-26 04:00:00,0.0147,-3.1379
2008-03-26 04:15:00,-0.0255,-3.1714
2008-03-26 04:30:00,-0.0059,-3.0676
2008-03-26 04:45:00,-0.0133,-3.3959
2008-03-26 05:00:00,0.0271,-3.3552
2008-03-26 05:15:00,-0.0169,-3.4943
2008-03-26 05:30:00,0.0705,-2.8415
2008-03-26 05:45:00,1.0448,-2.452
2008-03-26 06:00:00,6.3787,1.8065
2008-03-26 06:15:00,14.215,16.419
2008-03-26 06:30:00,1.2607,50.523
2008-03-26 06:45:00,19.371,101.24
2008-03-26 07:00:00,77.623,161.41
2008-03-26 07:15:00,148.93,227.77
2008-03-26 07:30:00,225.67,293.74
2008-03-26 07:45:00,307.79,363.17
2008-03-26 08:00:00,393.28,435.97
2008-03-26 08:15:00,473.54,506.44
2008-03-26 08:30:00,545.14,572.12
2008-03-26 08:45:00,612.8,635.04
2008-03-26 09:00:00,677.2,696.49
2008-03-26 09:15:00,738.67,756.75
2008-03-26 09:30:00,796.58,816.24
2008-03-26 09:45:00,841.18,865.69
2008-03-26 10:00:00,883.27,911.55
2008-03-26 10:15:00,943.5,955.63
2008-03-26 10:30:00,1003.2,1003.1
2008-03-26 10:45:00,1039.3,1032.7
2008-03-26 11:00:00,1068.8,1052.8
2008-03-26 11:15:00,1086.2,1083.4
2008-03-26 11:30:00,1082.2,1105.2
2008-03-26 11:45:00,1089.3,1119.1
2008-03-26 12:00:00,1098.8,1142.8
2008-03-26 12:15:00,1141.9,1158.2
2008-03-26 12:30:00,1153.6,1154.9
2008-03-26 12:45:00,1141.2,1148.7
2008-03-26 13:00:00,1132.0,1142.0
2008-03-26 13:15:00,1106.7,1122.6
2008-03-26 13:30:00,1084.4,1099.2
2008-03-26 13:45:00,1053.7,1067.7
2008-03-26 14:00:00,1011.2,1031.6
2008-03-26 14:15:00,965.43,992.83
2008-03-26 14:30:00,936.72,949.52
2008-03-26 14:45:00,895.02,899.46
2008-03-26 15:00:00,839.77,848.91
2008-03-26 15:15:00,778.14,793.44
2008-03-26 15:30:00,712.16,734.14
2008-03-26 15:45:00,641.29,671.54
2008-03-26 16:00:00,573.2,606.85
2008-03-26 16:15:00,495.64,539.83
2008-03-26 16:30:00,407.94,465.99
2008-03-26 16:45:00,318.06,390.9
2008-03-26 17:00:00,219.52,307.81
2008-03-26 17:15:00,57.275,145.32
2008-03-26 17:30:00,14.396,31.023
2008-03-26 17:45:00,15.271,19.731
2008-03-26 18:00:00,17.927,11.151
2008-03-26 18:15:00,11.92,3.6352
2008-03-26 18:30:00,3.0376,-1.7289
2008-03-26 18:45:00,0.7029,-3.7302
2008-03-26 19:00:00,0.0127,-3.6122
2008-03-26 19:15:00,-0.0233,-2.7848
2008-03-26 19:30:00,0.0369,-1.8295
2008-03-26 19:45:00,0.0119,-1.9482
2008-03-26 20:00:00,-0.0516,-2.4725
2008-03-26 20:15:00,0.003,-3.4061
2008-03-26 20:30:00,-0.0161,-4.1377
2008-03-26 20:45:00,-0.0104,-4.2064
2008-03-26 21:00:00,0.0088,-3.7473
2008-03-26 21:15:00,0.0146,-3.5178
2008-03-26 21:30:00,-0.0343,-3.0253
2008-03-26 21:45:00,-0.0094,-2.9309
2008-03-26 22:00:00,-0.0034,-1.2599
2008-03-26 22:15:00,-0.0259,-0.9117
2008-03-26 22:30:00,0.0092,-0.9265
2008-03-26 22:45:00,-0.0285,-1.8253
2008-03-26 23:00:00,0.0263,-2.8537
2008-03-26 23:15:00,-0.0107,-2.1163
2008-03-26 23:30:00,-0.0227,-0.9544
2008-03-26 23:45:00,-0.0308,-1.086
2008-03-27 00:00:00,-0.0335,-2.485
2008-03-27 00:15:00,-0.0655,-1.9347
2008-03-27 00:30:00,0.0229,-2.6797
2008-03-27 00:45:00,0.0147,-3.4301
2008-03-27 01:00:00,-0.031,-2.8279
2008-03-27 01:15:00,0.0086,-2.9392
2008-03-27 01:30:00,0.0585,-2.8021
2008-03-27 01:45:00,-0.0406,-2.5482
2008-03-27 02:00:00,0.0266,-3.2321
2008-03-27 02:15:00,-0.0457,-3.3378
2008-03-27 02:30:00,0.0539,-3.3491
2008-03-27 02:45:00,-0.0255,-3.5495
2008-03-27 03:00:00,-0.0115,-3.6721
2008-03-27 03:15:00,-0.0033,-3.3108
2008-03-27 03:30:00,0.0019,-3.5724
2008-03-27 03:45:00,-0.0482,-3.048
2008-03-27 04:00:00,-0.0226,-2.4735
2008-03-27 04:15:00,0.0269,-0.7992
2008-03-27 04:30:00,-0.0133,-0.0464
2008-03-27 04:45:00,-0.0156,-0.1614
2008-03-27 05:00:00,-0.0146,-0.2263
2008-03-27 05:15:00,0.0232,-0.306
2008-03-27 05:30:00,0.0104,-0.2875
2008-03-27 05:45:00,0.6178,-0.1762
2008-03-27 06:00:00,1.8665,1.0052
2008-03-27 06:15:00,4.926,3.8353
2008-03-27 06:30:00,16.65,7.6689
2008-03-27 06:45:00,17.569,12.422
2008-03-27 07:00:00,15.491,12.569
2008-03-27 07:15:00,12.905,14.592
2008-03-27 07:30:00,8.6225,19.779
2008-03-27 07:45:00,7.1114,21.966
2008-03-27 08:00:00,8.5545,19.87
2008-03-27 08:15:00,5.8547,22.552
2008-03-27 08:30:00,1.7008,30.427
2008-03-27 08:45:00,2.1296,42.821
2008-03-27 09:00:00,5.7333,50.275
2008-03-27 09:15:00,5.5503,50.773
2008-03-27 09:30:00,26.469,73.069
2008-03-27 09:45:00,37.664,84.17
2008-03-27 10:00:00,57.426,103.01
2008-03-27 10:15:00,79.828,124.98
2008-03-27 10:30:00,49.531,96.424
2008-03-27 10:45:00,65.436,110.94
2008-03-27 11:00:00,52.388,99.004
2008-03-27 11:15:00,59.905,106.32
2008-03-27 11:30:00,141.47,180.28
2008-03-27 11:45:00,196.49,230.36
2008-03-27 12:00:00,120.28,161.98
2008-03-27 12:15:00,160.22,198.67
2008-03-27 12:30:00,192.19,229.1
2008-03-27 12:45:00,239.12,269.34
2008-03-27 13:00:00,311.3,345.69
2008-03-27 13:15:00,391.33,410.63
2008-03-27 13:30:00,310.52,341.57
2008-03-27 13:45:00,169.89,212.76
2008-03-27 14:00:00,222.75,259.66
2008-03-27 14:15:00,361.45,389.47
2008-03-27 14:30:00,287.94,327.09
2008-03-27 14:45:00,260.1,299.54
2008-03-27 15:00:00,358.0,393.71
2008-03-27 15:15:00,317.69,356.18
2008-03-27 15:30:00,222.01,269.24
2008-03-27 15:45:00,241.57,287.84
2008-03-27 16:00:00,496.69,539.95
2008-03-27 16:15:00,449.09,504.37
2008-03-27 16:30:00,309.16,377.52
2008-03-27 16:45:00,222.4,296.16
2008-03-27 17:00:00,171.3,254.11
2008-03-27 17:15:00,75.605,151.24
2008-03-27 17:30:00,8.0705,47.797
2008-03-27 17:45:00,1.838,48.637
2008-03-27 18:00:00,10.539,24.009
2008-03-27 18:15:00,14.364,7.4395
2008-03-27 18:30:00,2.9944,-0.4854
2008-03-27 18:45:00,0.749,-1.7918
2008-03-27 19:00:00,0.0148,-0.8821
2008-03-27 19:15:00,0.007,0.0222
2008-03-27 19:30:00,-0.0033,-0.0167
2008-03-27 19:45:00,-0.027,0.1909
2008-03-27 20:00:00,0.0239,-0.2743
2008-03-27 20:15:00,0.0075,-0.4579
2008-03-27 20:30:00,0.0035,-0.6043
2008-03-27 20:45:00,-0.0119,-0.6636
2008-03-27 21:00:00,0.0173,-0.7174
2008-03-27 21:15:00,0.012,-0.7786
2008-03-27 21:30:00,-0.0083,-1.0807
2008-03-27 21:45:00,0.0073,-1.2624
2008-03-27 22:00:00,0.0127,-0.9825
2008-03-27 22:15:00,-0.0235,-0.7026
2008-03-27 22:30:00,0.0052,-0.4542
2008-03-27 22:45:00,-0.0041,-0.3523
2008-03-27 23:00:00,0.0011,-0.2892
2008-03-27 23:15:00,-0.0503,-0.2596
2008-03-27 23:30:00,-0.0204,-0.254
2008-03-27 23:45:00,0.0099,-0.2021
2008-03-28 00:00:00,-0.0398,-0.2114
2008-03-28 00:15:00,0.0458,-0.1762
2008-03-28 00:30:00,0.0043,-0.1817
2008-03-28 00:45:00,-0.0219,-0.1929
2008-03-28 01:00:00,0.0223,-0.2856
2008-03-28 01:15:00,-0.0358,-0.1502
2008-03-28 01:30:00,-0.0317,-0.2671
2008-03-28 01:45:00,0.0186,-0.4192
2008-03-28 02:00:00,-0.0507,-0.4489
2008-03-28 02:15:00,0.0016,-0.473
2008-03-28 02:30:00,-0.0428,-0.434
2008-03-28 02:45:00,-0.0189,-0.4637
2008-03-28 03:00:00,0.01,-0.5212
2008-03-28 03:15:00,-0.0377,-0.5119
2008-03-28 03:30:00,-0.0006,-0.5713
2008-03-28 03:45:00,-0.0194,-0.5416
2008-03-28 04:00:00,-0.0124,-0.5008
2008-03-28 04:15:00,-0.0388,-0.4396
2008-03-28 04:30:00,0.0654,-0.3877
2008-03-28 04:45:00,-0.0077,-0.4637
2008-03-28 05:00:00,-0.0074,-0.4656
2008-03-28 05:15:00,-0.0047,-0.4415
2008-03-28 05:30:00,0.0259,-0.4341
2008-03-28 05:45:00,0.7022,-0.2541
2008-03-28 06:00:00,1.6457,0.9183
2008-03-28 06:15:00,4.5299,3.5914
2008-03-28 06:30:00,14.018,7.1197
2008-03-28 06:45:00,16.139,12.659
2008-03-28 07:00:00,8.5026,20.031
2008-03-28 07:15:00,3.4058,30.069
2008-03-28 07:30:00,-1.7568,40.634
2008-03-28 07:45:00,4.1839,52.629
2008-03-28 08:00:00,13.151,64.072
2008-03-28 08:15:00,25.542,76.101
2008-03-28 08:30:00,30.221,83.317
2008-03-28 08:45:00,46.481,95.515
2008-03-28 09:00:00,58.792,106.68
2008-03-28 09:15:00,75.773,123.03
2008-03-28 09:30:00,112.71,157.98
2008-03-28 09:45:00,119.0,164.71
2008-03-28 10:00:00,146.33,188.48
2008-03-28 10:15:00,180.56,219.81
2008-03-28 10:30:00,207.98,244.79
2008-03-28 10:45:00,212.08,248.64
2008-03-28 11:00:00,250.82,283.78
2008-03-28 11:15:00,276.02,308.03
2008-03-28 11:30:00,320.06,347.38
2008-03-28 11:45:00,395.59,416.81
2008-03-28 12:00:00,502.03,521.43
2008-03-28 12:15:00,589.91,603.96
2008-03-28 12:30:00,778.04,773.87
2008-03-28 12:45:00,580.05,796.49
2008-03-28 13:00:00,401.43,494.84
2008-03-28 13:15:00,268.77,728.6
2008-03-28 13:30:00,332.17,470.65
2008-03-28 13:45:00,436.06,1101.8
2008-03-28 14:00:00,775.39,980.91
2008-03-28 14:15:00,934.05,956.83
2008-03-28 14:30:00,817.95,828.72
2008-03-28 14:45:00,541.04,576.27
2008-03-28 15:00:00,294.57,339.69
2008-03-28 15:15:00,364.72,387.08
2008-03-28 15:30:00,205.63,246.9
2008-03-28 15:45:00,135.61,181.06
2008-03-28 16:00:00,89.18,137.71
2008-03-28 16:15:00,60.3,108.32
2008-03-28 16:30:00,39.172,88.093
2008-03-28 16:45:00,31.474,80.304
2008-03-28 17:00:00,17.387,67.845
2008-03-28 17:15:00,-0.361,47.3
2008-03-28 17:30:00,3.3585,31.894
2008-03-28 17:45:00,11.229,22.745
2008-03-28 18:00:00,11.063,17.585
2008-03-28 18:15:00,12.931,5.6769
2008-03-28 18:30:00,1.9642,-0.9209
2008-03-28 18:45:00,0.6964,-2.3701
2008-03-28 19:00:00,0.0163,-2.5222
2008-03-28 19:15:00,-0.0136,-3.032
2008-03-28 19:30:00,-0.0063,-3.4343
2008-03-28 19:45:00,-0.0118,-3.3881
2008-03-28 20:00:00,0.0007,-3.0621
2008-03-28 20:15:00,0.0015,-3.0882
2008-03-28 20:30:00,0.0052,-3.1384
2008-03-28 20:45:00,0.0035,-2.7141
2008-03-28 21:00:00,-0.0083,-2.8422
2008-03-28 21:15:00,-0.0118,-2.8664
2008-03-28 21:30:00,-0.0194,-2.4549
2008-03-28 21:45:00,0.0084,-2.2659
2008-03-28 22:00:00,0.0081,-1.9434
2008-03-28 22:15:00,-0.0149,-1.9676
2008-03-28 22:30:00,0.0327,-2.2161
2008-03-28 22:45:00,-0.0268,-2.3775
2008-03-28 23:00:00,-0.0105,-2.4313
2008-03-28 23:15:00,0.0115,-2.372
2008-03-28 23:30:00,-0.0104,-3.2605
2008-03-28 23:45:00,0.0168,-3.5239
2008-03-29 00:00:00,0.0561,-3.0843
2008-03-29 00:15:00,0.0017,-3.4887
2008-03-29 00:30:00,-0.0256,-3.3738
2008-03-29 00:45:00,0.0033,-3.244
2008-03-29 01:00:00,0.0589,-3.0863
2008-03-29 01:15:00,-0.0194,-3.0326
2008-03-29 01:30:00,-0.0122,-2.6227
2008-03-29 01:45:00,0.0477,-2.6654
2008-03-29 02:00:00,-0.0744,-2.6432
2008-03-29 02:15:00,-0.0231,-3.4983
2008-03-29 02:30:00,0.0,-3.2573
2008-03-29 02:45:00,-0.055,-2.4598
2008-03-29 03:00:00,-0.0158,-1.8959
2008-03-29 03:15:00,0.0011,-1.7438
2008-03-29 03:30:00,-0.0058,-1.5843
2008-03-29 03:45:00,-0.0337,-1.3097
2008-03-29 04:00:00,0.0267,-2.1445
2008-03-29 04:15:00,0.0135,-2.1223
2008-03-29 04:30:00,-0.0085,-2.4673
2008-03-29 04:45:00,0.0152,-2.2206
2008-03-29 05:00:00,0.0027,-2.3765
2008-03-29 05:15:00,-0.0121,-2.2522
2008-03-29 05:30:00,0.2588,-3.009
2008-03-29 05:45:00,1.7606,-2.0796
2008-03-29 06:00:00,11.885,5.5432
2008-03-29 06:15:00,10.831,23.171
2008-03-29 06:30:00,1.305,61.016
2008-03-29 06:45:00,24.488,112.35
2008-03-29 07:00:00,85.919,171.97
2008-03-29 07:15:00,161.64,238.1
2008-03-29 07:30:00,241.32,307.1
2008-03-29 07:45:00,322.89,375.49
2008-03-29 08:00:00,403.43,444.45
2008-03-29 08:15:00,478.3,512.15
2008-03-29 08:30:00,551.47,578.23
2008-03-29 08:45:00,624.45,645.48
2008-03-29 09:00:00,683.74,706.15
2008-03-29 09:15:00,746.0,767.28
2008-03-29 09:30:00,802.01,822.44
2008-03-29 09:45:00,867.64,877.43
2008-03-29 10:00:00,964.26,963.95
2008-03-29 10:15:00,1001.9,1007.2
2008-03-29 10:30:00,989.94,1017.1
2008-03-29 10:45:00,1021.6,1067.4
2008-03-29 11:00:00,642.79,1077.4
2008-03-29 11:15:00,622.29,1124.0
2008-03-29 11:30:00,502.06,1092.6
2008-03-29 11:45:00,567.95,1132.0
2008-03-29 12:00:00,333.14,1164.7
2008-03-29 12:15:00,450.89,1219.5
2008-03-29 12:30:00,170.48,1029.6
2008-03-29 12:45:00,307.81,1135.8
2008-03-29 13:00:00,281.99,1159.4
2008-03-29 13:15:00,276.26,1130.2
2008-03-29 13:30:00,250.02,1100.9
2008-03-29 13:45:00,623.37,1064.2
2008-03-29 14:00:00,410.22,1034.4
2008-03-29 14:15:00,821.67,994.51
2008-03-29 14:30:00,585.16,948.57
2008-03-29 14:45:00,836.32,900.18
2008-03-29 15:00:00,829.9,847.76
2008-03-29 15:15:00,772.57,789.41
2008-03-29 15:30:00,708.34,729.39
2008-03-29 15:45:00,641.3,667.25
2008-03-29 16:00:00,571.2,604.5
2008-03-29 16:15:00,486.09,532.53
2008-03-29 16:30:00,404.0,461.32
2008-03-29 16:45:00,311.97,382.72
2008-03-29 17:00:00,228.73,316.01
2008-03-29 17:15:00,148.67,247.5
2008-03-29 17:30:00,55.743,156.5
2008-03-29 17:45:00,6.3935,37.873
2008-03-29 18:00:00,14.996,20.225
2008-03-29 18:15:00,17.135,8.5266
2008-03-29 18:30:00,4.2335,-0.2111
2008-03-29 18:45:00,0.9107,-3.6455
2008-03-29 19:00:00,0.0626,-4.1996
2008-03-29 19:15:00,-0.0139,-3.5204
2008-03-29 19:30:00,0.0038,-3.7929
2008-03-29 19:45:00,-0.0011,-4.1026
2008-03-29 20:00:00,0.0157,-3.9268
2008-03-29 20:15:00,-0.0354,-3.9049
2008-03-29 20:30:00,-0.0083,-3.5976
2008-03-29 20:45:00,-0.0533,-3.683
2008-03-29 21:00:00,0.0061,-3.672
2008-03-29 21:15:00,0.0238,-3.272
2008-03-29 21:30:00,-0.0161,-3.9875
2008-03-29 21:45:00,-0.0166,-3.5282
2008-03-29 22:00:00,-0.0058,-1.4454
2008-03-29 22:15:00,-0.028,-0.9062
2008-03-29 22:30:00,-0.018,-1.6771
2008-03-29 22:45:00,0.0012,-1.3343
2008-03-29 23:00:00,-0.0047,-1.1527
2008-03-29 23:15:00,-0.0254,-1.086
2008-03-29 23:30:00,-0.0146,-0.9915
2008-03-29 23:45:00,-0.0191,-0.8562
2008-03-30 00:00:00,-0.0167,-0.8952
2008-03-30 00:15:00,-0.0427,-0.9823
2008-03-30 00:30:00,0.0087,-0.8229
2008-03-30 00:45:00,0.0003,-1.036
2008-03-30 01:00:00,-0.0711,-1.3345
2008-03-30 01:15:00,-0.0389,-1.9314
2008-03-30 01:30:00,0.0266,-1.0473
2008-03-30 01:45:00,0.0236,-0.4857
2008-03-30 02:00:00,-0.0293,-0.0204
2008-03-30 02:15:00,-0.0325,-0.1224
2008-03-30 02:30:00,-0.0316,-0.1168
2008-03-30 02:45:00,0.0488,-0.1706
2008-03-30 03:00:00,-0.0187,-0.1484
2008-03-30 03:15:00,-0.0028,-0.1261
2008-03-30 03:30:00,0.0129,-0.1335
2008-03-30 03:45:00,0.0368,-0.2077
2008-03-30 04:00:00,0.0071,-0.2485
2008-03-30 04:15:00,0.0249,-0.2244
2008-03-30 04:30:00,0.0313,-0.2708
2008-03-30 04:45:00,-0.0296,-0.204
2008-03-30 05:00:00,-0.0511,-0.1521
2008-03-30 05:15:00,-0.0013,-0.282
2008-03-30 05:30:00,-0.0096,-0.2374
2008-03-30 05:45:00,0.1583,-0.0056
2008-03-30 06:00:00,0.8477,1.7493
2008-03-30 06:15:00,1.252,5.7731
2008-03-30 06:30:00,1.7061,11.047
2008-03-30 06:45:00,2.3706,16.051
2008-03-30 07:00:00,2.9537,20.73
2008-03-30 07:15:00,3.7831,27.568
2008-03-30 07:30:00,4.4548,33.462
2008-03-30 07:45:00,4.7298,36.846
2008-03-30 08:00:00,5.7992,47.271
2008-03-30 08:15:00,7.016,52.618
2008-03-30 08:30:00,9.9403,60.297
2008-03-30 08:45:00,12.993,66.847
2008-03-30 09:00:00,17.582,85.324
2008-03-30 09:15:00,20.418,109.09
2008-03-30 09:30:00,16.775,124.01
2008-03-30 09:45:00,12.823,148.42
2008-03-30 10:00:00,11.106,156.63
2008-03-30 10:15:00,8.4267,196.19
2008-03-30 10:30:00,9.0971,296.75
2008-03-30 10:45:00,269.94,577.13
2008-03-30 11:00:00,494.01,733.44
2008-03-30 11:15:00,238.84,1003.2
2008-03-30 11:30:00,594.97,1143.8
2008-03-30 11:45:00,270.16,1153.9
2008-03-30 12:00:00,180.36,1163.1
2008-03-30 12:15:00,98.324,1162.8
2008-03-30 12:30:00,1094.9,1143.0
2008-03-30 12:45:00,334.1,1149.0
2008-03-30 13:00:00,417.19,1128.5
2008-03-30 13:15:00,1108.1,1103.4
2008-03-30 13:30:00,1076.6,1074.8
2008-03-30 13:45:00,1043.3,1038.8
2008-03-30 14:00:00,1015.2,1005.8
2008-03-30 14:15:00,960.23,950.6
2008-03-30 14:30:00,788.2,786.05
2008-03-30 14:45:00,574.02,575.01
2008-03-30 15:00:00,505.42,505.8
2008-03-30 15:15:00,504.99,520.22
2008-03-30 15:30:00,227.61,261.72
2008-03-30 15:45:00,292.81,328.7
2008-03-30 16:00:00,97.916,138.65
2008-03-30 16:15:00,322.9,348.13
2008-03-30 16:30:00,121.17,174.54
2008-03-30 16:45:00,26.529,79.172
2008-03-30 17:00:00,6.0069,59.16
2008-03-30 17:15:00,46.942,101.64
2008-03-30 17:30:00,26.408,82.904
2008-03-30 17:45:00,5.7443,36.547
2008-03-30 18:00:00,8.2039,27.356
2008-03-30 18:15:00,13.052,7.5227
2008-03-30 18:30:00,2.3623,0.5801
2008-03-30 18:45:00,0.7673,-0.7452
2008-03-30 19:00:00,0.0422,-1.9983
2008-03-30 19:15:00,0.004,-3.1051
2008-03-30 19:30:00,0.031,-3.2165
2008-03-30 19:45:00,-0.0209,-3.3
2008-03-30 20:00:00,0.0407,-2.5474
2008-03-30 20:15:00,-0.0159,-1.7318
2008-03-30 20:30:00,0.0315,-1.1274
2008-03-30 20:45:00,-0.0283,-1.1015
2008-03-30 21:00:00,0.0298,-0.9142
2008-03-30 21:15:00,-0.0189,-0.3746
2008-03-30 21:30:00,-0.0001,-0.7808
2008-03-30 21:45:00,-0.0008,-0.9124
2008-03-30 22:00:00,-0.0163,-0.2949
2008-03-30 22:15:00,0.0478,-0.1688
2008-03-30 22:30:00,0.0398,-0.1947
2008-03-30 22:45:00,0.0265,-0.2541
2008-03-30 23:00:00,0.0375,-0.1614
2008-03-30 23:15:00,-0.0202,-0.306
2008-03-30 23:30:00,0.0035,-0.3283
2008-03-30 23:45:00,-0.0028,-0.3005
2008-03-31 00:00:00,0.0506,-0.2523
2008-03-31 00:15:00,-0.0128,-0.2374
2008-03-31 00:30:00,-0.0078,-0.1799
2008-03-31 00:45:00,0.0074,-0.0538
2008-03-31 01:00:00,0.009,-0.1002
2008-03-31 01:15:00,-0.0139,-0.1855
2008-03-31 01:30:00,-0.0208,-0.3228
2008-03-31 01:45:00,-0.0097,-0.4081
2008-03-31 02:00:00,-0.0496,-0.9981
2008-03-31 02:15:00,0.018,-0.9517
2008-03-31 02:30:00,-0.0183,-0.679
2008-03-31 02:45:00,-0.0175,-0.308
2008-03-31 03:00:00,-0.0305,-0.3395
2008-03-31 03:15:00,-0.0074,-0.4564
2008-03-31 03:30:00,0.0446,-0.5232
2008-03-31 03:45:00,-0.0187,-0.6975
2008-03-31 04:00:00,0.0288,-0.6382
2008-03-31 04:15:00,-0.0355,-0.4582
2008-03-31 04:30:00,-0.03,-0.4211
2008-03-31 04:45:00,-0.0188,-0.2579
2008-03-31 05:00:00,0.0054,-0.2542
2008-03-31 05:15:00,-0.0024,-0.2171
2008-03-31 05:30:00,0.0219,-0.167
2008-03-31 05:45:00,0.7379,0.41
2008-03-31 06:00:00,1.8493,2.9868
2008-03-31 06:15:00,4.3085,7.3298
2008-03-31 06:30:00,7.3867,11.721
2008-03-31 06:45:00,17.346,18.989
2008-03-31 07:00:00,14.061,30.866
2008-03-31 07:15:00,5.4591,51.315
2008-03-31 07:30:00,4.5136,83.851
2008-03-31 07:45:00,9.559,113.17
2008-03-31 08:00:00,50.055,158.99
2008-03-31 08:15:00,53.498,121.66
2008-03-31 08:30:00,80.854,130.57
2008-03-31 08:45:00,76.095,119.17
2008-03-31 09:00:00,84.124,125.35
2008-03-31 09:15:00,99.088,138.06
2008-03-31 09:30:00,160.46,192.86
2008-03-31 09:45:00,208.56,236.94
2008-03-31 10:00:00,246.17,274.91
2008-03-31 10:15:00,242.99,273.03
2008-03-31 10:30:00,368.51,389.83
2008-03-31 10:45:00,223.29,260.09
2008-03-31 11:00:00,203.49,240.13
2008-03-31 11:15:00,218.5,254.97
2008-03-31 11:30:00,273.81,307.2
2008-03-31 11:45:00,205.1,238.61
2008-03-31 12:00:00,174.02,210.33
2008-03-31 12:15:00,183.96,218.64
2008-03-31 12:30:00,221.83,254.25
2008-03-31 12:45:00,253.09,280.3
2008-03-31 13:00:00,410.25,773.5
2008-03-31 13:15:00,509.76,556.86
2008-03-31 13:30:00,238.46,271.26
2008-03-31 13:45:00,145.2,182.03
2008-03-31 14:00:00,112.65,153.27
2008-03-31 14:15:00,159.21,196.41
2008-03-31 14:30:00,212.7,247.17
2008-03-31 14:45:00,427.7,452.54
2008-03-31 15:00:00,214.25,254.18
2008-03-31 15:15:00,177.41,216.08
2008-03-31 15:30:00,121.68,165.33
2008-03-31 15:45:00,90.781,136.55
2008-03-31 16:00:00,113.24,157.54
2008-03-31 16:15:00,53.722,101.8
2008-03-31 16:30:00,130.06,172.27
2008-03-31 16:45:00,157.17,214.48
2008-03-31 17:00:00,24.961,85.395
2008-03-31 17:15:00,17.076,77.137
2008-03-31 17:30:00,6.1422,39.19
2008-03-31 17:45:00,2.8345,39.151
2008-03-31 18:00:00,8.1977,26.608
2008-03-31 18:15:00,16.613,7.669
2008-03-31 18:30:00,5.2587,1.7668
2008-03-31 18:45:00,1.2203,-1.7521
2008-03-31 19:00:00,0.1172,-2.8054
2008-03-31 19:15:00,-0.0249,-2.7668
2008-03-31 19:30:00,-0.0086,-2.5092
2008-03-31 19:45:00,-0.001,-2.3479
2008-03-31 20:00:00,0.0535,-2.4167
2008-03-31 20:15:00,-0.0225,-2.5447
2008-03-31 20:30:00,0.0112,-2.2258
2008-03-31 20:45:00,0.0112,-2.2779
2008-03-31 21:00:00,0.0214,-2.2521
2008-03-31 21:15:00,0.0242,-2.2484
2008-03-31 21:30:00,0.0003,-2.2948
2008-03-31 21:45:00,0.009,-2.4618
2008-03-31 22:00:00,0.0193,-2.4655
2008-03-31 22:15:00,-0.015,-3.1408
2008-03-31 22:30:00,-0.0195,-3.0963
2008-03-31 22:45:00,-0.0245,-3.1446
2008-03-31 23:00:00,-0.0337,-3.7348
2008-03-31 23:15:00,-0.0122,-2.6031
2008-03-31 23:30:00,0.0139,-3.4363
2008-03-31 23:45:00,-0.0011,-3.416
2008-04-01 00:00:00,-0.0155,-3.3473
2008-04-01 00:15:00,-0.0014,-2.3343
2008-04-01 00:30:00,0.0208,-3.0542
2008-04-01 00:45:00,-0.0016,-3.0728
2008-04-01 01:00:00,-0.0022,-3.3941
2008-04-01 01:15:00,-0.0028,-3.6948
2008-04-01 01:30:00,-0.0199,-3.3072
2008-04-01 01:45:00,0.017,-3.1885
2008-04-01 02:00:00,-0.0028,-2.8545
2008-04-01 02:15:00,-0.0004,-3.1274
2008-04-01 02:30:00,-0.0155,-2.5725
2008-04-01 02:45:00,0.0309,-1.8672
2008-04-01 03:00:00,0.0373,-2.3592
2008-04-01 03:15:00,-0.0111,-3.0831
2008-04-01 03:30:00,-0.0477,-2.6896
2008-04-01 03:45:00,-0.0124,-1.6706
2008-04-01 04:00:00,0.0181,-2.3426
2008-04-01 04:15:00,-0.0079,-2.0679
2008-04-01 04:30:00,-0.0081,-2.3909
2008-04-01 04:45:00,0.0074,-1.886
2008-04-01 05:00:00,-0.003,-2.4431
2008-04-01 05:15:00,0.0106,-2.7866
2008-04-01 05:30:00,0.6781,-2.2149
2008-04-01 05:45:00,2.9041,-0.6294
2008-04-01 06:00:00,15.062,9.786
2008-04-01 06:15:00,9.2191,20.376
2008-04-01 06:30:00,4.2365,29.722
2008-04-01 06:45:00,13.541,77.337
2008-04-01 07:00:00,97.042,181.68
2008-04-01 07:15:00,179.65,250.74
2008-04-01 07:30:00,223.17,279.15
2008-04-01 07:45:00,368.77,411.25
2008-04-01 08:00:00,447.14,474.91
2008-04-01 08:15:00,529.55,542.36
2008-04-01 08:30:00,612.08,614.8
2008-04-01 08:45:00,678.57,675.43
2008-04-01 09:00:00,743.91,737.98
2008-04-01 09:15:00,803.47,796.54
2008-04-01 09:30:00,857.01,852.62
2008-04-01 09:45:00,901.47,899.03
2008-04-01 10:00:00,954.51,950.67
2008-04-01 10:15:00,552.95,992.96
2008-04-01 10:30:00,577.82,1033.5
2008-04-01 10:45:00,582.44,1066.2
2008-04-01 11:00:00,450.44,1095.6
2008-04-01 11:15:00,383.06,1114.9
2008-04-01 11:30:00,568.06,1102.5
2008-04-01 11:45:00,253.84,1077.8
2008-04-01 12:00:00,388.7,1094.4
2008-04-01 12:15:00,248.26,1110.1
2008-04-01 12:30:00,102.7,993.24
2008-04-01 12:45:00,380.93,951.82
2008-04-01 13:00:00,164.2,1183.4
2008-04-01 13:15:00,191.15,1201.9
2008-04-01 13:30:00,505.9,1078.7
2008-04-01 13:45:00,203.39,610.85
2008-04-01 14:00:00,371.58,667.24
2008-04-01 14:15:00,670.44,682.97
2008-04-01 14:30:00,738.67,745.53
2008-04-01 14:45:00,764.96,773.32
2008-04-01 15:00:00,319.18,345.33
2008-04-01 15:15:00,334.51,350.3
2008-04-01 15:30:00,214.98,246.29
2008-04-01 15:45:00,187.37,220.23
2008-04-01 16:00:00,289.44,321.75
2008-04-01 16:15:00,346.67,378.32
2008-04-01 16:30:00,244.94,303.07
2008-04-01 16:45:00,254.62,314.36
2008-04-01 17:00:00,110.98,168.78
2008-04-01 17:15:00,58.078,113.03
2008-04-01 17:30:00,19.386,72.021
2008-04-01 17:45:00,5.9997,41.641
2008-04-01 18:00:00,7.2562,26.735
2008-04-01 18:15:00,12.941,9.0035
2008-04-01 18:30:00,3.9458,0.9062
2008-04-01 18:45:00,0.9825,-2.4296
2008-04-01 19:00:00,0.1261,-2.9766
2008-04-01 19:15:00,0.018,-2.9713
2008-04-01 19:30:00,-0.0043,-3.5851
2008-04-01 19:45:00,-0.0038,-3.4185
2008-04-01 20:00:00,-0.0086,-3.1055
2008-04-01 20:15:00,0.0146,-3.2782
2008-04-01 20:30:00,-0.0027,-2.6406
2008-04-01 20:45:00,0.0167,-2.5499
2008-04-01 21:00:00,-0.0352,-2.7855
2008-04-01 21:15:00,-0.0183,-3.0471
2008-04-01 21:30:00,-0.0054,-2.6318
2008-04-01 21:45:00,0.0109,-2.9063
2008-04-01 22:00:00,-0.0125,-2.8229
2008-04-01 22:15:00,-0.0096,-2.8731
2008-04-01 22:30:00,-0.0075,-2.9195
2008-04-01 22:45:00,-0.008,-2.8509
2008-04-01 23:00:00,-0.0112,-2.8064
2008-04-01 23:15:00,0.0241,-2.3965
2008-04-01 23:30:00,0.0335,-2.5876
2008-04-01 23:45:00,0.0025,-2.43
2008-04-02 00:00:00,-0.0253,-1.7586
2008-04-02 00:15:00,-0.0216,-2.022
2008-04-02 00:30:00,0.0217,-2.0462
2008-04-02 00:45:00,-0.0046,-2.5007
2008-04-02 01:00:00,-0.044,-1.7438
2008-04-02 01:15:00,0.0366,-1.7568
2008-04-02 01:30:00,-0.0115,-2.2002
2008-04-02 01:45:00,-0.0303,-2.6733
2008-04-02 02:00:00,-0.0173,-2.7419
2008-04-02 02:15:00,-0.0042,-2.9237
2008-04-02 02:30:00,0.0197,-2.959
2008-04-02 02:45:00,-0.0076,-3.1371
2008-04-02 03:00:00,-0.0106,-3.5304
2008-04-02 03:15:00,0.0018,-3.7158
2008-04-02 03:30:00,-0.0246,-3.317
2008-04-02 03:45:00,-0.0192,-3.265
2008-04-02 04:00:00,-0.0414,-3.2131
2008-04-02 04:15:00,0.0435,-2.9386
2008-04-02 04:30:00,-0.0135,-2.9498
2008-04-02 04:45:00,0.0144,-2.7439
2008-04-02 05:00:00,-0.0021,-2.6773
2008-04-02 05:15:00,0.0106,-2.7998
2008-04-02 05:30:00,0.6588,-2.3657
2008-04-02 05:45:00,3.0528,0.1726
2008-04-02 06:00:00,13.179,11.961
2008-04-02 06:15:00,2.9162,31.928
2008-04-02 06:30:00,3.3346,68.723
2008-04-02 06:45:00,38.944,120.46
2008-04-02 07:00:00,96.51,177.44
2008-04-02 07:15:00,170.55,241.34
2008-04-02 07:30:00,249.67,309.21
2008-04-02 07:45:00,329.05,377.94
2008-04-02 08:00:00,408.2,447.45
2008-04-02 08:15:00,482.65,514.7
2008-04-02 08:30:00,554.55,581.52
2008-04-02 08:45:00,625.16,645.75
2008-04-02 09:00:00,693.42,706.32
2008-04-02 09:15:00,751.68,765.72
2008-04-02 09:30:00,805.41,819.28
2008-04-02 09:45:00,859.48,872.32
2008-04-02 10:00:00,900.73,916.8
2008-04-02 10:15:00,933.45,958.13
2008-04-02 10:30:00,988.04,993.65
2008-04-02 10:45:00,1046.0,1030.0
2008-04-02 11:00:00,835.22,1056.0
2008-04-02 11:15:00,852.49,1110.3
2008-04-02 11:30:00,1091.4,1088.2
2008-04-02 11:45:00,837.3,858.98
2008-04-02 12:00:00,747.36,733.47
2008-04-02 12:15:00,721.31,729.49
2008-04-02 12:30:00,557.53,560.48
2008-04-02 12:45:00,365.66,387.61
2008-04-02 13:00:00,495.51,504.23
2008-04-02 13:15:00,386.54,408.89
2008-04-02 13:30:00,333.83,351.84
2008-04-02 13:45:00,345.01,359.99
2008-04-02 14:00:00,220.36,247.01
2008-04-02 14:15:00,157.6,187.04
2008-04-02 14:30:00,151.3,182.4
2008-04-02 14:45:00,110.15,147.13
2008-04-02 15:00:00,121.15,156.44
2008-04-02 15:15:00,137.58,170.33
2008-04-02 15:30:00,162.36,195.41
2008-04-02 15:45:00,153.47,188.67
2008-04-02 16:00:00,104.64,147.29
2008-04-02 16:15:00,88.571,135.49
2008-04-02 16:30:00,136.37,184.1
2008-04-02 16:45:00,213.54,268.69
2008-04-02 17:00:00,155.55,217.57
2008-04-02 17:15:00,63.516,118.67
2008-04-02 17:30:00,44.404,95.12
2008-04-02 17:45:00,26.759,73.76
2008-04-02 18:00:00,3.0604,42.207
2008-04-02 18:15:00,13.51,16.289
2008-04-02 18:30:00,7.0868,1.1799
2008-04-02 18:45:00,1.1646,-3.3602
2008-04-02 19:00:00,0.1549,-3.6216
2008-04-02 19:15:00,-0.0013,-2.8919
2008-04-02 19:30:00,-0.0053,-2.8163
2008-04-02 19:45:00,-0.0006,-2.5423
2008-04-02 20:00:00,-0.0608,-2.5777
2008-04-02 20:15:00,0.0314,-2.3981
2008-04-02 20:30:00,-0.0625,-2.1776
2008-04-02 20:45:00,-0.0374,-2.1628
2008-04-02 21:00:00,-0.035,-1.9219
2008-04-02 21:15:00,-0.0141,-2.1702
2008-04-02 21:30:00,0.0173,-3.2396
2008-04-02 21:45:00,-0.0332,-3.3046
2008-04-02 22:00:00,-0.0359,-3.1045
2008-04-02 22:15:00,-0.043,-2.1463
2008-04-02 22:30:00,-0.0207,-2.4912
2008-04-02 22:45:00,-0.0104,-2.5357
2008-04-02 23:00:00,0.0092,-2.0408
2008-04-02 23:15:00,-0.0086,-1.8387
2008-04-02 23:30:00,0.0244,-1.8647
2008-04-02 23:45:00,0.0212,-2.0204
2008-04-03 00:00:00,-0.0045,-2.2688
2008-04-03 00:15:00,-0.013,-1.7016
2008-04-03 00:30:00,-0.0488,-1.9889
2008-04-03 00:45:00,-0.0702,-2.0112
2008-04-03 01:00:00,-0.0406,-1.9222
2008-04-03 01:15:00,0.0003,-2.2559
2008-04-03 01:30:00,0.0451,-2.497
2008-04-03 01:45:00,-0.029,-0.7471
2008-04-03 02:00:00,-0.0353,-0.3504
2008-04-03 02:15:00,-0.0162,-0.4245
2008-04-03 02:30:00,0.0059,-0.7137
2008-04-03 02:45:00,-0.0023,-0.7304
2008-04-03 03:00:00,-0.0056,-0.7416
2008-04-03 03:15:00,-0.0122,-0.634
2008-04-03 03:30:00,-0.0716,-0.445
2008-04-03 03:45:00,0.0326,-0.9159
2008-04-03 04:00:00,0.0428,-1.1607
2008-04-03 04:15:00,0.0429,-0.6082
2008-04-03 04:30:00,0.0112,-0.2077
2008-04-03 04:45:00,-0.0113,-0.1706
2008-04-03 05:00:00,0.0173,-0.1706
2008-04-03 05:15:00,-0.0088,-0.0853
2008-04-03 05:30:00,0.1459,-0.0241
2008-04-03 05:45:00,0.7667,0.2875
2008-04-03 06:00:00,1.6698,2.1477
2008-04-03 06:15:00,5.1242,5.9741
2008-04-03 06:30:00,8.397,8.8359
2008-04-03 06:45:00,15.036,13.625
2008-04-03 07:00:00,6.5981,32.808
2008-04-03 07:15:00,4.4124,61.504
2008-04-03 07:30:00,48.855,115.11
2008-04-03 07:45:00,66.38,137.0
2008-04-03 08:00:00,221.8,309.1
2008-04-03 08:15:00,261.7,329.07
2008-04-03 08:30:00,484.83,534.16
2008-04-03 08:45:00,646.54,672.59
2008-04-03 09:00:00,657.51,672.77
2008-04-03 09:15:00,802.36,813.78
2008-04-03 09:30:00,777.55,796.51
2008-04-03 09:45:00,328.81,557.42
2008-04-03 10:00:00,780.2,1034.0
2008-04-03 10:15:00,387.19,783.59
2008-04-03 10:30:00,343.13,753.36
2008-04-03 10:45:00,205.31,1132.1
2008-04-03 11:00:00,312.89,583.63
2008-04-03 11:15:00,592.03,603.75
2008-04-03 11:30:00,375.11,389.53
2008-04-03 11:45:00,303.21,325.27
2008-04-03 12:00:00,335.47,996.91
2008-04-03 12:15:00,660.31,1041.8
2008-04-03 12:30:00,164.64,702.48
2008-04-03 12:45:00,553.98,681.04
2008-04-03 13:00:00,251.18,288.34
2008-04-03 13:15:00,46.622,94.692
2008-04-03 13:30:00,74.849,117.65
2008-04-03 13:45:00,0.6752,42.266
2008-04-03 14:00:00,63.011,106.2
2008-04-03 14:15:00,131.72,167.78
2008-04-03 14:30:00,60.37,106.47
2008-04-03 14:45:00,32.195,77.498
2008-04-03 15:00:00,84.111,124.97
2008-04-03 15:15:00,8.1133,51.39
2008-04-03 15:30:00,19.191,54.033
2008-04-03 15:45:00,65.777,107.48
2008-04-03 16:00:00,131.48,170.67
2008-04-03 16:15:00,356.1,388.78
2008-04-03 16:30:00,225.5,288.36
2008-04-03 16:45:00,235.03,311.1
2008-04-03 17:00:00,140.95,222.09
2008-04-03 17:15:00,114.93,199.48
2008-04-03 17:30:00,46.975,123.76
2008-04-03 17:45:00,2.3028,37.839
2008-04-03 18:00:00,9.5596,24.679
2008-04-03 18:15:00,13.316,12.117
2008-04-03 18:30:00,8.4756,3.574
2008-04-03 18:45:00,1.4911,-1.003
2008-04-03 19:00:00,0.1986,-2.5233
2008-04-03 19:15:00,0.0069,-3.4803
2008-04-03 19:30:00,-0.0117,-3.5325
2008-04-03 19:45:00,0.0027,-3.9555
2008-04-03 20:00:00,0.0523,-4.0428
2008-04-03 20:15:00,0.0215,-4.2562
2008-04-03 20:30:00,-0.0274,-3.8262
2008-04-03 20:45:00,0.021,-3.4573
2008-04-03 21:00:00,-0.0083,-3.094
2008-04-03 21:15:00,-0.0311,-3.6581
2008-04-03 21:30:00,-0.0141,-3.0925
2008-04-03 21:45:00,-0.0039,-3.4561
2008-04-03 22:00:00,0.0328,-3.6602
2008-04-03 22:15:00,-0.0278,-3.3448
2008-04-03 22:30:00,0.0006,-3.0332
2008-04-03 22:45:00,0.0131,-3.3244
2008-04-03 23:00:00,-0.0248,-3.0703
2008-04-03 23:15:00,0.0005,-2.9237
2008-04-03 23:30:00,-0.0144,-3.1668
2008-04-03 23:45:00,0.0178,-3.0721
2008-04-04 00:00:00,-0.0108,-3.1723
2008-04-04 00:15:00,0.0049,-3.228
2008-04-04 00:30:00,-0.0311,-2.8236
2008-04-04 00:45:00,-0.0389,-3.0351
2008-04-04 01:00:00,0.0171,-2.8979
2008-04-04 01:15:00,0.0138,-3.0778
2008-04-04 01:30:00,0.0152,-2.8274
2008-04-04 01:45:00,0.0138,-2.8348
2008-04-04 02:00:00,-0.0444,-2.896
2008-04-04 02:15:00,-0.0006,-1.6734
2008-04-04 02:30:00,0.0113,-2.2077
2008-04-04 02:45:00,-0.021,-2.7772
2008-04-04 03:00:00,0.0089,-3.0536
2008-04-04 03:15:00,0.0357,-2.9905
2008-04-04 03:30:00,-0.0376,-3.0758
2008-04-04 03:45:00,-0.0564,-3.4133
2008-04-04 04:00:00,-0.0531,-3.6916
2008-04-04 04:15:00,0.0057,-3.5802
2008-04-04 04:30:00,0.0406,-3.2796
2008-04-04 04:45:00,-0.0024,-3.222
2008-04-04 05:00:00,-0.0431,-3.2572
2008-04-04 05:15:00,0.0581,-3.4463
2008-04-04 05:30:00,0.9274,-3.0066
2008-04-04 05:45:00,5.218,1.4987
2008-04-04 06:00:00,13.298,15.283
2008-04-04 06:15:00,1.5389,36.083
2008-04-04 06:30:00,5.5942,77.343
2008-04-04 06:45:00,44.982,132.73
2008-04-04 07:00:00,107.97,195.15
2008-04-04 07:15:00,184.67,263.19
2008-04-04 07:30:00,267.58,333.3
2008-04-04 07:45:00,350.22,403.93
2008-04-04 08:00:00,437.45,477.99
2008-04-04 08:15:00,518.46,548.85
2008-04-04 08:30:00,593.83,617.99
2008-04-04 08:45:00,658.77,679.19
2008-04-04 09:00:00,730.92,748.57
2008-04-04 09:15:00,786.0,806.94
2008-04-04 09:30:00,840.43,862.79
2008-04-04 09:45:00,925.64,912.65
2008-04-04 10:00:00,984.11,964.56
2008-04-04 10:15:00,1023.7,1005.7
2008-04-04 10:30:00,1055.2,1046.1
2008-04-04 10:45:00,1086.7,1080.1
2008-04-04 11:00:00,951.7,1108.0
2008-04-04 11:15:00,548.95,1132.4
2008-04-04 11:30:00,337.36,1152.3
2008-04-04 11:45:00,367.41,1165.3
2008-04-04 12:00:00,871.45,1171.7
2008-04-04 12:15:00,1043.0,1173.4
2008-04-04 12:30:00,731.71,1174.5
2008-04-04 12:45:00,821.8,1161.4
2008-04-04 13:00:00,892.9,1147.4
2008-04-04 13:15:00,1086.8,1127.1
2008-04-04 13:30:00,1053.6,1101.2
2008-04-04 13:45:00,1029.6,1069.9
2008-04-04 14:00:00,922.1,957.47
2008-04-04 14:15:00,917.26,957.17
2008-04-04 14:30:00,875.19,910.69
2008-04-04 14:45:00,890.87,924.13
2008-04-04 15:00:00,816.62,851.8
2008-04-04 15:15:00,747.11,782.87
2008-04-04 15:30:00,681.29,724.54
2008-04-04 15:45:00,624.55,666.24
2008-04-04 16:00:00,548.42,595.05
2008-04-04 16:15:00,466.1,522.5
2008-04-04 16:30:00,388.1,454.94
2008-04-04 16:45:00,305.94,384.95
2008-04-04 17:00:00,223.97,313.68
2008-04-04 17:15:00,141.79,240.03
2008-04-04 17:30:00,32.881,120.27
2008-04-04 17:45:00,-2.1354,46.727
2008-04-04 18:00:00,7.2134,30.996
2008-04-04 18:15:00,12.068,16.08
2008-04-04 18:30:00,6.9952,0.359
2008-04-04 18:45:00,1.1068,-3.3529
2008-04-04 19:00:00,0.1462,-3.9255
2008-04-04 19:15:00,-0.0097,-3.2426
2008-04-04 19:30:00,-0.0181,-3.6579
2008-04-04 19:45:00,0.015,-3.5878
2008-04-04 20:00:00,-0.002,-3.6584
2008-04-04 20:15:00,0.017,-3.4031
2008-04-04 20:30:00,-0.0231,-3.7201
2008-04-04 20:45:00,-0.0739,-3.4239
2008-04-04 21:00:00,0.0375,-3.6725
2008-04-04 21:15:00,0.0065,-3.4874
2008-04-04 21:30:00,-0.0052,-3.6209
2008-04-04 21:45:00,-0.0003,-3.7341
2008-04-04 22:00:00,0.0303,-3.9158
2008-04-04 22:15:00,0.018,-3.3599
2008-04-04 22:30:00,-0.02,-3.0783
2008-04-04 22:45:00,0.0238,-2.4445
2008-04-04 23:00:00,-0.0372,-3.2082
2008-04-04 23:15:00,0.0052,-3.8625
2008-04-04 23:30:00,-0.0265,-4.0739
2008-04-04 23:45:00,-0.0065,-3.5808
2008-04-05 00:00:00,-0.0188,-3.9499
2008-04-05 00:15:00,-0.009,-4.0539
2008-04-05 00:30:00,0.0409,-4.3099
2008-04-05 00:45:00,-0.0243,-4.2729
2008-04-05 01:00:00,0.0274,-3.5575
2008-04-05 01:15:00,-0.0242,-3.022
2008-04-05 01:30:00,0.0238,-2.9702
2008-04-05 01:45:00,-0.026,-3.189
2008-04-05 02:00:00,0.0333,-2.9203
2008-04-05 02:15:00,-0.0504,-3.1651
2008-04-05 02:30:00,0.0337,-3.1559
2008-04-05 02:45:00,0.0137,-3.334
2008-04-05 03:00:00,0.047,-2.8723
2008-04-05 03:15:00,-0.0263,-3.1728
2008-04-05 03:30:00,-0.0167,-3.0486
2008-04-05 03:45:00,-0.0311,-2.5258
2008-04-05 04:00:00,0.0123,-2.9579
2008-04-05 04:15:00,0.0049,-3.6905
2008-04-05 04:30:00,0.0159,-4.4897
2008-04-05 04:45:00,-0.0222,-3.7925
2008-04-05 05:00:00,0.0411,-4.0873
2008-04-05 05:15:00,0.0234,-3.759
2008-04-05 05:30:00,0.747,-3.2806
2008-04-05 05:45:00,5.4364,0.6064
2008-04-05 06:00:00,11.59,16.164
2008-04-05 06:15:00,-1.6306,45.895
2008-04-05 06:30:00,7.6186,64.369
2008-04-05 06:45:00,33.704,104.15
2008-04-05 07:00:00,67.22,140.26
2008-04-05 07:15:00,98.311,167.18
2008-04-05 07:30:00,254.27,318.18
2008-04-05 07:45:00,317.85,373.05
2008-04-05 08:00:00,437.59,487.33
2008-04-05 08:15:00,506.01,552.78
2008-04-05 08:30:00,589.34,628.36
2008-04-05 08:45:00,654.6,686.71
2008-04-05 09:00:00,719.62,748.24
2008-04-05 09:15:00,777.17,809.31
2008-04-05 09:30:00,920.32,931.09
2008-04-05 09:45:00,574.25,1021.2
2008-04-05 10:00:00,546.81,587.63
2008-04-05 10:15:00,396.78,793.42
2008-04-05 10:30:00,662.9,669.46
2008-04-05 10:45:00,675.2,749.84
2008-04-05 11:00:00,154.86,856.69
2008-04-05 11:15:00,213.77,863.65
2008-04-05 11:30:00,277.78,582.99
2008-04-05 11:45:00,278.72,1082.6
2008-04-05 12:00:00,257.71,1085.6
2008-04-05 12:15:00,175.17,838.77
2008-04-05 12:30:00,366.07,999.68
2008-04-05 12:45:00,566.3,1134.9
2008-04-05 13:00:00,301.39,677.13
2008-04-05 13:15:00,219.52,1108.0
2008-04-05 13:30:00,271.22,1104.0
2008-04-05 13:45:00,462.09,1000.1
2008-04-05 14:00:00,303.35,807.39
2008-04-05 14:15:00,557.5,958.44
2008-04-05 14:30:00,242.47,747.3
2008-04-05 14:45:00,466.69,504.68
2008-04-05 15:00:00,930.19,932.25
2008-04-05 15:15:00,804.96,818.59
2008-04-05 15:30:00,760.3,770.12
2008-04-05 15:45:00,655.62,677.92
2008-04-05 16:00:00,571.53,599.44
2008-04-05 16:15:00,487.99,532.31
2008-04-05 16:30:00,446.64,502.43
2008-04-05 16:45:00,373.02,441.63
2008-04-05 17:00:00,263.42,346.64
2008-04-05 17:15:00,156.94,252.96
2008-04-05 17:30:00,51.104,149.12
2008-04-05 17:45:00,4.1534,61.028
2008-04-05 18:00:00,-2.1394,49.172
2008-04-05 18:15:00,4.2806,29.64
2008-04-05 18:30:00,12.557,8.473
2008-04-05 18:45:00,1.4657,-1.5478
2008-04-05 19:00:00,0.2935,-2.6757
2008-04-05 19:15:00,0.0549,-2.4056
2008-04-05 19:30:00,0.0173,-3.4709
2008-04-05 19:45:00,-0.0178,-3.8397
2008-04-05 20:00:00,0.0053,-3.186
2008-04-05 20:15:00,0.0371,-1.6024
2008-04-05 20:30:00,-0.0435,-1.5303
2008-04-05 20:45:00,-0.0188,-1.7101
2008-04-05 21:00:00,-0.0182,-1.8213
2008-04-05 21:15:00,-0.0166,-1.9012
2008-04-05 21:30:00,-0.0018,-1.3842
2008-04-05 21:45:00,-0.0038,-1.7031
2008-04-05 22:00:00,-0.002,-2.0349
2008-04-05 22:15:00,-0.0293,-0.8933
2008-04-05 22:30:00,-0.0215,-0.7988
2008-04-05 22:45:00,-0.0187,-1.6588
2008-04-05 23:00:00,0.0042,-0.7358
2008-04-05 23:15:00,-0.0068,-1.2104
2008-04-05 23:30:00,-0.0185,-2.3819
2008-04-05 23:45:00,-0.0414,-2.041
2008-04-06 00:00:00,-0.0374,-2.282
2008-04-06 00:15:00,-0.0103,-1.9632
2008-04-06 00:30:00,-0.0519,-2.7827
2008-04-06 00:45:00,-0.0167,-2.7475
2008-04-06 01:00:00,-0.0269,-2.273
2008-04-06 01:15:00,0.0112,-3.5024
2008-04-06 01:30:00,0.0287,-3.4414
2008-04-06 01:45:00,0.0126,-3.4212
2008-04-06 02:00:00,-0.0223,-2.5999
2008-04-06 02:15:00,0.0272,-2.2735
2008-04-06 02:30:00,-0.0077,-2.2032
2008-04-06 02:45:00,0.0256,-2.921
2008-04-06 03:00:00,0.0046,-3.5183
2008-04-06 03:15:00,-0.0253,-2.9565
2008-04-06 03:30:00,0.012,-3.4833
2008-04-06 03:45:00,-0.0222,-3.2125
2008-04-06 04:00:00,0.053,-3.1607
2008-04-06 04:15:00,0.015,-2.6618
2008-04-06 04:30:00,0.013,-2.5767
2008-04-06 04:45:00,0.0286,-2.5675
2008-04-06 05:00:00,-0.0026,-2.0406
2008-04-06 05:15:00,0.1242,-2.4098
2008-04-06 05:30:00,1.0219,-1.9665
2008-04-06 05:45:00,6.404,3.3114
2008-04-06 06:00:00,12.464,15.53
2008-04-06 06:15:00,0.3515,38.205
2008-04-06 06:30:00,7.1052,81.862
2008-04-06 06:45:00,49.567,139.36
2008-04-06 07:00:00,115.36,203.43
2008-04-06 07:15:00,195.48,270.89
2008-04-06 07:30:00,278.73,340.97
2008-04-06 07:45:00,362.02,409.29
2008-04-06 08:00:00,443.07,477.79
2008-04-06 08:15:00,521.45,546.68
2008-04-06 08:30:00,330.51,614.27
2008-04-06 08:45:00,663.02,679.19
2008-04-06 09:00:00,736.25,742.22
2008-04-06 09:15:00,799.71,802.17
2008-04-06 09:30:00,855.86,856.56
2008-04-06 09:45:00,508.25,905.8
2008-04-06 10:00:00,544.76,953.98
2008-04-06 10:15:00,976.69,995.73
2008-04-06 10:30:00,184.38,1031.1
2008-04-06 10:45:00,244.05,1062.9
2008-04-06 11:00:00,289.6,1092.1
2008-04-06 11:15:00,290.2,1117.7
2008-04-06 11:30:00,525.39,1131.2
2008-04-06 11:45:00,205.3,1144.9
2008-04-06 12:00:00,174.1,1157.3
2008-04-06 12:15:00,250.7,1170.0
2008-04-06 12:30:00,376.95,1100.4
2008-04-06 12:45:00,217.51,1086.9
2008-04-06 13:00:00,398.55,1177.6
2008-04-06 13:15:00,199.47,1135.3
2008-04-06 13:30:00,307.6,361.81
2008-04-06 13:45:00,344.39,367.08
2008-04-06 14:00:00,164.24,201.11
2008-04-06 14:15:00,438.59,444.28
2008-04-06 14:30:00,226.37,522.22
2008-04-06 14:45:00,336.25,365.68
2008-04-06 15:00:00,316.21,336.32
2008-04-06 15:15:00,487.35,504.43
2008-04-06 15:30:00,474.45,501.21
2008-04-06 15:45:00,365.51,407.43
2008-04-06 16:00:00,229.32,275.37
2008-04-06 16:15:00,184.77,228.78
2008-04-06 16:30:00,120.21,169.02
2008-04-06 16:45:00,127.18,177.99
2008-04-06 17:00:00,103.86,157.9
2008-04-06 17:15:00,109.21,173.54
2008-04-06 17:30:00,60.202,127.93
2008-04-06 17:45:00,22.998,74.565
2008-04-06 18:00:00,1.6253,45.221
2008-04-06 18:15:00,13.628,13.419
2008-04-06 18:30:00,9.5958,2.4483
2008-04-06 18:45:00,1.506,-2.2022
2008-04-06 19:00:00,0.2883,-1.8781
2008-04-06 19:15:00,-0.006,-2.3748
2008-04-06 19:30:00,-0.0162,-2.8419
2008-04-06 19:45:00,0.0103,-3.2533
2008-04-06 20:00:00,-0.028,-3.2758
2008-04-06 20:15:00,-0.0027,-3.5264
2008-04-06 20:30:00,0.0144,-3.4265
2008-04-06 20:45:00,0.0125,-3.4897
2008-04-06 21:00:00,-0.0145,-3.3934
2008-04-06 21:15:00,-0.0141,-3.0211
2008-04-06 21:30:00,-0.0434,-1.9999
2008-04-06 21:45:00,-0.0156,-1.9574
2008-04-06 22:00:00,0.0208,-1.7999
2008-04-06 22:15:00,-0.0031,-1.5256
2008-04-06 22:30:00,0.0041,-1.268
2008-04-06 22:45:00,-0.0137,-1.0678
2008-04-06 23:00:00,0.0096,-0.9955
2008-04-06 23:15:00,-0.0592,-1.0567
2008-04-06 23:30:00,-0.0065,-0.8695
2008-04-06 23:45:00,0.0076,-0.6822
2008-04-07 00:00:00,-0.0181,-0.8806
2008-04-07 00:15:00,-0.039,-1.1031
2008-04-07 00:30:00,-0.0216,-1.1643
2008-04-07 00:45:00,-0.029,-1.0215
2008-04-07 01:00:00,0.0226,-0.8714
2008-04-07 01:15:00,0.0067,-0.8825
2008-04-07 01:30:00,-0.0128,-1.7724
2008-04-07 01:45:00,-0.0063,-3.3556
2008-04-07 02:00:00,-0.0105,-2.3286
2008-04-07 02:15:00,-0.0021,-1.3145
2008-04-07 02:30:00,-0.016,-0.9363
2008-04-07 02:45:00,-0.0129,-0.6583
2008-04-07 03:00:00,0.0073,-0.3968
2008-04-07 03:15:00,0.0143,-0.2485
2008-04-07 03:30:00,-0.0317,-0.306
2008-04-07 03:45:00,0.0347,-0.4859
2008-04-07 04:00:00,0.025,-0.6565
2008-04-07 04:15:00,-0.0133,-0.6973
2008-04-07 04:30:00,0.0245,-0.6343
2008-04-07 04:45:00,0.0066,-0.6362
2008-04-07 05:00:00,0.02,-0.3932
2008-04-07 05:15:00,0.0187,-0.1929
2008-04-07 05:30:00,0.6491,-0.2096
2008-04-07 05:45:00,1.0562,0.293
2008-04-07 06:00:00,2.1771,2.1774
2008-04-07 06:15:00,9.9119,18.347
2008-04-07 06:30:00,0.1236,34.261
2008-04-07 06:45:00,1.1528,40.755
2008-04-07 07:00:00,8.5195,22.691
2008-04-07 07:15:00,4.2094,34.779
2008-04-07 07:30:00,14.452,44.495
2008-04-07 07:45:00,21.807,52.534
2008-04-07 08:00:00,26.479,73.898
2008-04-07 08:15:00,134.85,147.22
2008-04-07 08:30:00,198.08,191.67
2008-04-07 08:45:00,58.005,97.134
2008-04-07 09:00:00,15.92,61.107
2008-04-07 09:15:00,71.618,106.24
2008-04-07 09:30:00,13.829,49.44
2008-04-07 09:45:00,9.4004,26.131
2008-04-07 10:00:00,11.541,103.96
2008-04-07 10:15:00,35.533,132.71
2008-04-07 10:30:00,205.75,268.14
2008-04-07 10:45:00,720.07,646.49
2008-04-07 11:00:00,394.44,423.47
2008-04-07 11:15:00,280.27,306.24
2008-04-07 11:30:00,225.21,254.97
2008-04-07 11:45:00,194.93,225.73
2008-04-07 12:00:00,86.391,131.22
2008-04-07 12:15:00,377.09,378.79
2008-04-07 12:30:00,447.52,456.14
2008-04-07 12:45:00,426.3,439.99
2008-04-07 13:00:00,327.99,356.08
2008-04-07 13:15:00,265.4,287.35
2008-04-07 13:30:00,116.47,152.06
2008-04-07 13:45:00,270.57,608.82
2008-04-07 14:00:00,537.25,575.03
2008-04-07 14:15:00,225.27,819.21
2008-04-07 14:30:00,623.36,818.57
2008-04-07 14:45:00,525.86,558.77
2008-04-07 15:00:00,114.37,152.06
2008-04-07 15:15:00,195.81,221.14
2008-04-07 15:30:00,191.54,220.03
2008-04-07 15:45:00,104.76,147.36
2008-04-07 16:00:00,82.764,129.31
2008-04-07 16:15:00,69.342,114.85
2008-04-07 16:30:00,138.5,178.87
2008-04-07 16:45:00,58.039,114.5
2008-04-07 17:00:00,22.101,77.048
2008-04-07 17:15:00,9.6603,65.555
2008-04-07 17:30:00,10.989,53.627
2008-04-07 17:45:00,1.5278,36.285
2008-04-07 18:00:00,9.4327,17.289
2008-04-07 18:15:00,11.274,5.7497
2008-04-07 18:30:00,2.0736,0.7044
2008-04-07 18:45:00,1.0606,-0.1947
2008-04-07 19:00:00,0.3677,-1.3774
2008-04-07 19:15:00,-0.0319,-1.548
2008-04-07 19:30:00,-0.0008,-0.9956
2008-04-07 19:45:00,0.0144,-0.3504
2008-04-07 20:00:00,0.0316,-0.521
2008-04-07 20:15:00,0.0152,-0.5155
2008-04-07 20:30:00,-0.0302,-1.6615
2008-04-07 20:45:00,-0.0445,-3.1562
2008-04-07 21:00:00,0.0128,-3.8591
2008-04-07 21:15:00,-0.0144,-3.5551
2008-04-07 21:30:00,-0.0006,-3.5682
2008-04-07 21:45:00,0.0079,-3.253
2008-04-07 22:00:00,-0.0016,-2.9434
2008-04-07 22:15:00,0.0164,-2.7524
2008-04-07 22:30:00,-0.0118,-1.9716
2008-04-07 22:45:00,0.0013,-2.2425
2008-04-07 23:00:00,-0.0069,-2.1499
2008-04-07 23:15:00,0.0,-1.6286
2008-04-07 23:30:00,0.0167,-2.4634
2008-04-07 23:45:00,0.0005,-2.1777
2008-04-08 00:00:00,-0.0397,-2.0535
2008-04-08 00:15:00,0.004,-2.343
2008-04-08 00:30:00,-0.0131,-2.5267
2008-04-08 00:45:00,-0.013,-2.4358
2008-04-08 01:00:00,-0.0019,-2.638
2008-04-08 01:15:00,-0.012,-3.1055
2008-04-08 01:30:00,-0.0021,-3.5285
2008-04-08 01:45:00,0.0106,-3.8178
2008-04-08 02:00:00,0.0319,-3.367
2008-04-08 02:15:00,-0.0092,-3.2966
2008-04-08 02:30:00,-0.0253,-3.2261
2008-04-08 02:45:00,0.0081,-3.009
2008-04-08 03:00:00,0.0274,-3.1036
2008-04-08 03:15:00,-0.0303,-3.2836
2008-04-08 03:30:00,-0.0175,-3.5415
2008-04-08 03:45:00,-0.0089,-3.6899
2008-04-08 04:00:00,0.0021,-2.7234
2008-04-08 04:15:00,0.0029,-3.1538
2008-04-08 04:30:00,0.0009,-3.1389
2008-04-08 04:45:00,0.0131,-3.0721
2008-04-08 05:00:00,0.0378,-2.8885
2008-04-08 05:15:00,0.24,-2.7475
2008-04-08 05:30:00,1.4834,-1.9999
2008-04-08 05:45:00,10.658,5.6916
2008-04-08 06:00:00,7.602,21.757
2008-04-08 06:15:00,-1.096,42.042
2008-04-08 06:30:00,11.511,85.118
2008-04-08 06:45:00,55.155,139.98
2008-04-08 07:00:00,118.2,203.19
2008-04-08 07:15:00,195.0,268.91
2008-04-08 07:30:00,276.19,337.26
2008-04-08 07:45:00,357.27,405.84
2008-04-08 08:00:00,452.89,489.28
2008-04-08 08:15:00,536.15,562.85
2008-04-08 08:30:00,603.18,626.05
2008-04-08 08:45:00,612.43,632.44
2008-04-08 09:00:00,729.45,738.47
2008-04-08 09:15:00,792.52,802.03
2008-04-08 09:30:00,828.1,841.03
2008-04-08 09:45:00,851.74,865.41
2008-04-08 10:00:00,924.17,948.58
2008-04-08 10:15:00,986.71,989.31
2008-04-08 10:30:00,1034.7,1027.3
2008-04-08 10:45:00,579.53,1061.7
2008-04-08 11:00:00,1054.9,1094.7
2008-04-08 11:15:00,1072.9,1119.8
2008-04-08 11:30:00,623.15,1135.7
2008-04-08 11:45:00,624.02,1146.6
2008-04-08 12:00:00,322.51,1153.3
2008-04-08 12:15:00,642.54,1119.3
2008-04-08 12:30:00,510.35,1051.1
2008-04-08 12:45:00,848.66,1114.8
2008-04-08 13:00:00,200.76,1144.4
2008-04-08 13:15:00,534.37,969.65
2008-04-08 13:30:00,927.46,947.13
2008-04-08 13:45:00,992.45,1005.3
2008-04-08 14:00:00,976.23,1003.4
2008-04-08 14:15:00,899.44,912.31
2008-04-08 14:30:00,834.41,854.26
2008-04-08 14:45:00,666.44,693.23
2008-04-08 15:00:00,701.7,716.63
2008-04-08 15:15:00,688.63,712.35
2008-04-08 15:30:00,620.04,656.43
2008-04-08 15:45:00,520.91,564.46
2008-04-08 16:00:00,464.18,502.0
2008-04-08 16:15:00,393.29,439.1
2008-04-08 16:30:00,247.09,297.45
2008-04-08 16:45:00,192.48,245.99
2008-04-08 17:00:00,109.7,165.4
2008-04-08 17:15:00,68.333,126.81
2008-04-08 17:30:00,37.826,92.956
2008-04-08 17:45:00,7.0874,61.008
2008-04-08 18:00:00,5.0489,33.43
2008-04-08 18:15:00,13.364,13.329
2008-04-08 18:30:00,7.3873,2.9241
2008-04-08 18:45:00,1.4452,-1.8614
2008-04-08 19:00:00,0.3507,-2.9302
2008-04-08 19:15:00,-0.0159,-3.0416
2008-04-08 19:30:00,-0.0139,-2.5343
2008-04-08 19:45:00,0.0043,-2.138
2008-04-08 20:00:00,0.0169,-1.7473
2008-04-08 20:15:00,0.0423,-1.5547
2008-04-08 20:30:00,-0.0206,-1.4102
2008-04-08 20:45:00,-0.0169,-1.4195
2008-04-08 21:00:00,0.0261,-1.2917
2008-04-08 21:15:00,-0.039,-1.4715
2008-04-08 21:30:00,-0.0255,-1.6995
2008-04-08 21:45:00,-0.0069,-1.7162
2008-04-08 22:00:00,-0.0009,-0.9193
2008-04-08 22:15:00,0.0091,-1.655
2008-04-08 22:30:00,-0.0076,-1.6921
2008-04-08 22:45:00,-0.014,-1.655
2008-04-08 23:00:00,-0.0227,-0.8637
2008-04-08 23:15:00,-0.0006,-0.784
2008-04-08 23:30:00,-0.0218,-2.0146
2008-04-08 23:45:00,0.0056,-3.0173
2008-04-09 00:00:00,-0.0127,-2.9952
2008-04-09 00:15:00,-0.0048,-2.1538
2008-04-09 00:30:00,-0.0227,-1.8572
2008-04-09 00:45:00,-0.0153,-1.7924
2008-04-09 01:00:00,-0.0275,-2.2169
2008-04-09 01:15:00,0.0424,-2.7972
2008-04-09 01:30:00,0.0129,-2.8881
2008-04-09 01:45:00,0.0512,-2.6008
2008-04-09 02:00:00,0.0039,-2.8661
2008-04-09 02:15:00,-0.0465,-2.8698
2008-04-09 02:30:00,0.0306,-3.1702
2008-04-09 02:45:00,0.0349,-2.896
2008-04-09 03:00:00,-0.0147,-2.77
2008-04-09 03:15:00,0.0131,-3.1019
2008-04-09 03:30:00,0.0068,-3.3356
2008-04-09 03:45:00,-0.0338,-3.2133
2008-04-09 04:00:00,-0.006,-3.3636
2008-04-09 04:15:00,0.0031,-2.9465
2008-04-09 04:30:00,0.0102,-2.6407
2008-04-09 04:45:00,0.0324,-2.9449
2008-04-09 05:00:00,-0.0048,-2.9375
2008-04-09 05:15:00,0.2062,-2.945
2008-04-09 05:30:00,1.2702,-2.4573
2008-04-09 05:45:00,5.1063,1.6432
2008-04-09 06:00:00,13.105,12.753
2008-04-09 06:15:00,1.4013,29.1
2008-04-09 06:30:00,6.9898,57.295
2008-04-09 06:45:00,22.651,76.624
2008-04-09 07:00:00,44.643,98.434
2008-04-09 07:15:00,71.225,123.67
2008-04-09 07:30:00,119.7,166.29
2008-04-09 07:45:00,168.67,210.19
2008-04-09 08:00:00,276.19,308.84
2008-04-09 08:15:00,319.35,352.65
2008-04-09 08:30:00,481.4,489.25
2008-04-09 08:45:00,599.47,593.44
2008-04-09 09:00:00,690.48,682.12
2008-04-09 09:15:00,618.45,618.94
2008-04-09 09:30:00,795.43,780.78
2008-04-09 09:45:00,892.49,883.99
2008-04-09 10:00:00,779.38,777.19
2008-04-09 10:15:00,597.99,595.04
2008-04-09 10:30:00,614.08,607.06
2008-04-09 10:45:00,744.37,735.96
2008-04-09 11:00:00,861.84,839.63
2008-04-09 11:15:00,879.52,877.02
2008-04-09 11:30:00,881.12,887.75
2008-04-09 11:45:00,921.26,917.41
2008-04-09 12:00:00,704.64,726.55
2008-04-09 12:15:00,682.25,685.81
2008-04-09 12:30:00,662.43,664.47
2008-04-09 12:45:00,631.97,628.71
2008-04-09 13:00:00,513.0,525.89
2008-04-09 13:15:00,516.92,528.99
2008-04-09 13:30:00,467.91,477.8
2008-04-09 13:45:00,246.7,272.12
2008-04-09 14:00:00,181.11,213.64
2008-04-09 14:15:00,249.39,275.75
2008-04-09 14:30:00,240.97,273.13
2008-04-09 14:45:00,152.62,193.29
2008-04-09 15:00:00,281.98,306.28
2008-04-09 15:15:00,50.854,101.46
2008-04-09 15:30:00,37.318,81.234
2008-04-09 15:45:00,23.924,66.321
2008-04-09 16:00:00,118.36,149.15
2008-04-09 16:15:00,149.13,185.59
2008-04-09 16:30:00,30.348,86.492
2008-04-09 16:45:00,23.761,73.515
2008-04-09 17:00:00,46.68,93.895
2008-04-09 17:15:00,25.655,50.85
2008-04-09 17:30:00,15.077,7.4108
2008-04-09 17:45:00,10.963,5.4249
2008-04-09 18:00:00,2.4233,-0.1038
2008-04-09 18:15:00,7.4923,4.3991
2008-04-09 18:30:00,6.6607,4.0435
2008-04-09 18:45:00,1.13,0.2317
2008-04-09 19:00:00,0.2752,-0.2724
2008-04-09 19:15:00,0.0025,0.0908
2008-04-09 19:30:00,-0.0109,0.1835
2008-04-09 19:45:00,-0.0053,-0.3466
2008-04-09 20:00:00,-0.0178,-0.2669
2008-04-09 20:15:00,0.0536,-0.3856
2008-04-09 20:30:00,0.0276,-0.5839
2008-04-09 20:45:00,-0.0108,-0.5876
2008-04-09 21:00:00,0.0063,-0.545
2008-04-09 21:15:00,0.0261,-0.6488
2008-04-09 21:30:00,-0.0114,-0.5728
2008-04-09 21:45:00,0.011,-0.4635
2008-04-09 22:00:00,0.0284,-0.3949
2008-04-09 22:15:00,-0.0084,-0.3949
2008-04-09 22:30:00,-0.0047,-0.5821
2008-04-09 22:45:00,-0.0146,-0.2151
2008-04-09 23:00:00,-0.0053,-0.0297
2008-04-09 23:15:00,-0.0064,-0.0668
2008-04-09 23:30:00,0.0221,-0.0612
2008-04-09 23:45:00,-0.0296,-0.0668
2008-04-10 00:00:00,0.0494,-0.0705
2008-04-10 00:15:00,0.0058,-0.0593
2008-04-10 00:30:00,0.0078,-0.0148
2008-04-10 00:45:00,0.0006,0.0278
2008-04-10 01:00:00,-0.0133,-0.0111
2008-04-10 01:15:00,0.0198,-0.013
2008-04-10 01:30:00,0.0148,-0.0594
2008-04-10 01:45:00,0.0051,-0.1447
2008-04-10 02:00:00,0.0031,-0.1298
2008-04-10 02:15:00,-0.0402,-0.1632
2008-04-10 02:30:00,0.0105,-0.1317
2008-04-10 02:45:00,-0.0098,-0.1818
2008-04-10 03:00:00,-0.0384,-0.2152
2008-04-10 03:15:00,-0.005,-0.1595
2008-04-10 03:30:00,0.0215,-0.1799
2008-04-10 03:45:00,0.0065,-0.1985
2008-04-10 04:00:00,0.0102,-0.1836
2008-04-10 04:15:00,0.0086,-0.2281
2008-04-10 04:30:00,-0.0067,-0.2003
2008-04-10 04:45:00,-0.0091,-0.0519
2008-04-10 05:00:00,0.005,-0.0556
2008-04-10 05:15:00,-0.0004,-0.0723
2008-04-10 05:30:00,0.4703,0.2968
2008-04-10 05:45:00,1.0719,1.8364
2008-04-10 06:00:00,1.6871,5.4611
2008-04-10 06:15:00,2.2176,7.2047
2008-04-10 06:30:00,2.5752,8.4216
2008-04-10 06:45:00,3.4996,12.527
2008-04-10 07:00:00,4.7076,20.142
2008-04-10 07:15:00,7.8789,29.283
2008-04-10 07:30:00,18.57,55.028
2008-04-10 07:45:00,12.951,74.723
2008-04-10 08:00:00,11.063,89.238
2008-04-10 08:15:00,9.8926,106.55
2008-04-10 08:30:00,8.0537,128.14
2008-04-10 08:45:00,8.6284,131.64
2008-04-10 09:00:00,12.621,103.42
2008-04-10 09:15:00,8.8939,131.1
2008-04-10 09:30:00,7.4252,162.15
2008-04-10 09:45:00,7.1688,163.58
2008-04-10 10:00:00,4.4946,189.44
2008-04-10 10:15:00,-0.8199,218.24
2008-04-10 10:30:00,14.962,239.05
2008-04-10 10:45:00,35.823,258.68
2008-04-10 11:00:00,84.498,266.41
2008-04-10 11:15:00,158.69,265.99
2008-04-10 11:30:00,273.26,309.33
2008-04-10 11:45:00,421.65,451.75
2008-04-10 12:00:00,420.21,464.19
2008-04-10 12:15:00,385.89,413.18
2008-04-10 12:30:00,348.78,370.8
2008-04-10 12:45:00,313.1,335.87
2008-04-10 13:00:00,269.48,288.6
2008-04-10 13:15:00,316.6,329.5
2008-04-10 13:30:00,348.03,349.03
2008-04-10 13:45:00,468.44,451.86
2008-04-10 14:00:00,403.89,396.91
2008-04-10 14:15:00,327.7,331.59
2008-04-10 14:30:00,249.36,264.79
2008-04-10 14:45:00,254.27,266.78
2008-04-10 15:00:00,252.87,266.15
2008-04-10 15:15:00,91.853,267.11
2008-04-10 15:30:00,98.021,233.46
2008-04-10 15:45:00,165.94,196.58
2008-04-10 16:00:00,107.41,144.8
2008-04-10 16:15:00,54.993,98.382
2008-04-10 16:30:00,5.0249,48.361
2008-04-10 16:45:00,9.8495,27.293
2008-04-10 17:00:00,11.938,48.057
2008-04-10 17:15:00,19.765,64.146
2008-04-10 17:30:00,15.258,66.708
2008-04-10 17:45:00,8.6898,59.336
2008-04-10 18:00:00,-0.9495,47.973
2008-04-10 18:15:00,2.4992,33.266
2008-04-10 18:30:00,14.095,11.521
2008-04-10 18:45:00,2.4207,0.2632
2008-04-10 19:00:00,0.706,-1.572
2008-04-10 19:15:00,0.0489,-1.9688
2008-04-10 19:30:00,0.0005,-1.8743
2008-04-10 19:45:00,-0.0276,-2.4287
2008-04-10 20:00:00,0.0263,-2.2027
2008-04-10 20:15:00,-0.0416,-1.7745
2008-04-10 20:30:00,0.0052,-1.6077
2008-04-10 20:45:00,0.0426,-2.1919
2008-04-10 21:00:00,-0.0144,-2.3385
2008-04-10 21:15:00,-0.028,-2.5054
2008-04-10 21:30:00,-0.0129,-2.4368
2008-04-10 21:45:00,-0.0099,-3.11
2008-04-10 22:00:00,-0.016,-2.945
2008-04-10 22:15:00,-0.0342,-2.8598
2008-04-10 22:30:00,-0.0185,-2.5408
2008-04-10 22:45:00,-0.0425,-2.8543
2008-04-10 23:00:00,-0.0027,-2.795
2008-04-10 23:15:00,-0.0147,-2.5891
2008-04-10 23:30:00,0.0013,-2.4148
2008-04-10 23:45:00,0.0102,-2.6319
2008-04-11 00:00:00,0.0069,-2.4075
2008-04-11 00:15:00,0.0142,-2.7989
2008-04-11 00:30:00,-0.0235,-2.1684
2008-04-11 00:45:00,0.0043,-2.3948
2008-04-11 01:00:00,0.0007,-2.1704
2008-04-11 01:15:00,-0.0122,-1.9441
2008-04-11 01:30:00,-0.0168,-1.9534
2008-04-11 01:45:00,0.0524,-2.0647
2008-04-11 02:00:00,0.0416,-2.0795
2008-04-11 02:15:00,-0.0053,-2.1371
2008-04-11 02:30:00,0.005,-2.3318
2008-04-11 02:45:00,0.0048,-1.9775
2008-04-11 03:00:00,0.0157,-1.9608
2008-04-11 03:15:00,-0.0026,-2.2853
2008-04-11 03:30:00,0.0047,-2.9159
2008-04-11 03:45:00,0.0049,-2.1461
2008-04-11 04:00:00,0.017,-1.4839
2008-04-11 04:15:00,-0.0084,-0.9979
2008-04-11 04:30:00,-0.0322,-1.1129
2008-04-11 04:45:00,0.0065,-1.3225
2008-04-11 05:00:00,-0.0027,-1.545
2008-04-11 05:15:00,0.3642,-1.8548
2008-04-11 05:30:00,1.2905,-0.6306
2008-04-11 05:45:00,4.6866,2.9714
2008-04-11 06:00:00,13.02,12.859
2008-04-11 06:15:00,2.1607,39.168
2008-04-11 06:30:00,14.002,66.042
2008-04-11 06:45:00,26.168,78.102
2008-04-11 07:00:00,43.568,95.088
2008-04-11 07:15:00,49.274,100.94
2008-04-11 07:30:00,85.265,133.03
2008-04-11 07:45:00,112.12,154.99
2008-04-11 08:00:00,105.78,144.31
2008-04-11 08:15:00,137.58,171.18
2008-04-11 08:30:00,168.99,199.86
2008-04-11 08:45:00,401.04,399.28
2008-04-11 09:00:00,335.18,344.71
2008-04-11 09:15:00,297.08,311.13
2008-04-11 09:30:00,505.97,482.51
2008-04-11 09:45:00,707.86,683.39
2008-04-11 10:00:00,388.55,388.76
2008-04-11 10:15:00,116.62,147.63
2008-04-11 10:30:00,66.389,102.24
2008-04-11 10:45:00,218.28,222.38
2008-04-11 11:00:00,820.97,729.32
2008-04-11 11:15:00,1079.3,1046.5
2008-04-11 11:30:00,1129.2,1110.7
2008-04-11 11:45:00,887.24,860.05
2008-04-11 12:00:00,572.42,563.3
2008-04-11 12:15:00,1070.2,1026.0
2008-04-11 12:30:00,714.42,726.8
2008-04-11 12:45:00,1188.1,1178.2
2008-04-11 13:00:00,395.77,436.41
2008-04-11 13:15:00,155.79,191.31
2008-04-11 13:30:00,123.8,159.79
2008-04-11 13:45:00,192.67,212.8
2008-04-11 14:00:00,172.51,195.85
2008-04-11 14:15:00,361.1,362.77
2008-04-11 14:30:00,135.0,167.55
2008-04-11 14:45:00,335.04,355.61
2008-04-11 15:00:00,208.71,242.06
2008-04-11 15:15:00,535.92,546.37
2008-04-11 15:30:00,274.71,312.32
2008-04-11 15:45:00,87.841,126.44
2008-04-11 16:00:00,101.71,137.98
2008-04-11 16:15:00,90.932,132.32
2008-04-11 16:30:00,257.59,295.03
2008-04-11 16:45:00,212.12,259.74
2008-04-11 17:00:00,57.752,104.68
2008-04-11 17:15:00,122.1,189.28
2008-04-11 17:30:00,40.395,93.562
2008-04-11 17:45:00,16.791,71.563
2008-04-11 18:00:00,8.1042,61.447
2008-04-11 18:15:00,8.4787,25.833
2008-04-11 18:30:00,14.855,9.6595
2008-04-11 18:45:00,3.9402,-0.0649
2008-04-11 19:00:00,0.7855,-3.6162
2008-04-11 19:15:00,0.0197,-3.904
2008-04-11 19:30:00,-0.0002,-3.4427
2008-04-11 19:45:00,-0.0261,-3.747
2008-04-11 20:00:00,0.0116,-3.6899
2008-04-11 20:15:00,-0.0035,-3.4102
2008-04-11 20:30:00,-0.0375,-3.2101
2008-04-11 20:45:00,-0.0132,-3.4941
2008-04-11 21:00:00,0.0073,-3.3606
2008-04-11 21:15:00,-0.0253,-2.9805
2008-04-11 21:30:00,0.0015,-2.899
2008-04-11 21:45:00,-0.0175,-2.7784
2008-04-11 22:00:00,0.0048,-3.1012
2008-04-11 22:15:00,0.0106,-2.8341
2008-04-11 22:30:00,0.0364,-2.7822
2008-04-11 22:45:00,-0.0142,-3.0568
2008-04-11 23:00:00,0.0028,-3.591
2008-04-11 23:15:00,-0.0115,-3.3666
2008-04-11 23:30:00,-0.0143,-3.4295
2008-04-11 23:45:00,-0.0013,-3.3943
2008-04-12 00:00:00,-0.0338,-3.107
2008-04-12 00:15:00,0.0193,-3.6727
2008-04-12 00:30:00,0.0111,-3.8046
2008-04-12 00:45:00,-0.0004,-3.4708
2008-04-12 01:00:00,0.0179,-3.1852
2008-04-12 01:15:00,0.0248,-2.7753
2008-04-12 01:30:00,-0.0416,-2.8514
2008-04-12 01:45:00,0.0316,-2.6566
2008-04-12 02:00:00,-0.0255,-2.9757
2008-04-12 02:15:00,-0.0416,-3.0926
2008-04-12 02:30:00,-0.0544,-2.7049
2008-04-12 02:45:00,-0.0007,-2.6047
2008-04-12 03:00:00,-0.026,-2.525
2008-04-12 03:15:00,0.0082,-2.4842
2008-04-12 03:30:00,0.0103,-2.4526
2008-04-12 03:45:00,-0.0102,-2.5585
2008-04-12 04:00:00,0.006,-2.6123
2008-04-12 04:15:00,-0.0112,-2.5157
2008-04-12 04:30:00,-0.0038,-2.5342
2008-04-12 04:45:00,-0.0271,-2.5435
2008-04-12 05:00:00,0.0242,-2.5972
2008-04-12 05:15:00,0.6926,-2.4173
2008-04-12 05:30:00,3.2139,0.7699
2008-04-12 05:45:00,11.508,15.047
2008-04-12 06:00:00,0.8291,31.132
2008-04-12 06:15:00,4.4835,53.7
2008-04-12 06:30:00,14.103,65.196
2008-04-12 06:45:00,45.685,97.848
2008-04-12 07:00:00,89.346,140.87
2008-04-12 07:15:00,164.76,214.5
2008-04-12 07:30:00,217.62,253.75
2008-04-12 07:45:00,268.03,299.6
2008-04-12 08:00:00,310.14,335.93
2008-04-12 08:15:00,550.29,549.9
2008-04-12 08:30:00,721.99,702.17
2008-04-12 08:45:00,495.17,501.81
2008-04-12 09:00:00,704.36,677.96
2008-04-12 09:15:00,761.65,735.45
2008-04-12 09:30:00,874.63,841.5
2008-04-12 09:45:00,900.65,874.38
2008-04-12 10:00:00,993.97,959.36
2008-04-12 10:15:00,1055.3,1018.0
2008-04-12 10:30:00,940.06,933.12
2008-04-12 10:45:00,632.03,639.41
2008-04-12 11:00:00,1025.1,985.9
2008-04-12 11:15:00,1083.7,1066.6
2008-04-12 11:30:00,556.23,560.96
2008-04-12 11:45:00,786.1,766.07
2008-04-12 12:00:00,782.17,773.51
2008-04-12 12:15:00,1101.5,1070.4
2008-04-12 12:30:00,1150.2,1130.1
2008-04-12 12:45:00,1164.2,1146.3
2008-04-12 13:00:00,1161.9,1146.4
2008-04-12 13:15:00,1085.0,1077.3
2008-04-12 13:30:00,1113.0,1101.0
2008-04-12 13:45:00,1008.4,995.61
2008-04-12 14:00:00,911.01,903.57
2008-04-12 14:15:00,1016.6,996.12
2008-04-12 14:30:00,780.71,770.79
2008-04-12 14:45:00,680.2,672.3
2008-04-12 15:00:00,572.47,570.74
2008-04-12 15:15:00,591.91,586.06
2008-04-12 15:30:00,622.03,623.13
2008-04-12 15:45:00,480.57,501.22
2008-04-12 16:00:00,607.01,623.87
2008-04-12 16:15:00,601.17,626.21
2008-04-12 16:30:00,533.53,569.91
2008-04-12 16:45:00,392.88,451.51
2008-04-12 17:00:00,258.14,339.89
2008-04-12 17:15:00,169.6,270.8
2008-04-12 17:30:00,36.719,166.68
2008-04-12 17:45:00,11.158,65.364
2008-04-12 18:00:00,10.262,61.64
2008-04-12 18:15:00,-0.2502,42.351
2008-04-12 18:30:00,13.134,16.961
2008-04-12 18:45:00,4.6955,1.7801
2008-04-12 19:00:00,0.8701,-0.9208
2008-04-12 19:15:00,0.0675,-1.1563
2008-04-12 19:30:00,0.0062,-1.0193
2008-04-12 19:45:00,-0.0369,-1.0934
2008-04-12 20:00:00,0.01,-0.6617
2008-04-12 20:15:00,0.0019,-0.5375
2008-04-12 20:30:00,0.0084,-0.608
2008-04-12 20:45:00,0.0052,-0.7489
2008-04-12 21:00:00,-0.0159,-0.634
2008-04-12 21:15:00,-0.0346,-0.6248
2008-04-12 21:30:00,-0.0043,-0.5618
2008-04-12 21:45:00,0.0137,-0.4654
2008-04-12 22:00:00,-0.0004,-0.458
2008-04-12 22:15:00,-0.0076,-0.4246
2008-04-12 22:30:00,0.0351,-0.4932
2008-04-12 22:45:00,-0.0163,-0.5563
2008-04-12 23:00:00,-0.0057,-0.4506
2008-04-12 23:15:00,0.0181,-0.3598
2008-04-12 23:30:00,0.007,-0.3765
2008-04-12 23:45:00,-0.0119,-0.3431
2008-04-13 00:00:00,-0.0124,-0.3412
2008-04-13 00:15:00,0.0198,-0.5211
2008-04-13 00:30:00,-0.021,-0.7622
2008-04-13 00:45:00,-0.0164,-0.3728
2008-04-13 01:00:00,-0.034,-0.3691
2008-04-13 01:15:00,-0.018,-0.4618
2008-04-13 01:30:00,-0.0229,-0.3858
2008-04-13 01:45:00,0.0026,-0.4228
2008-04-13 02:00:00,0.009,-1.3835
2008-04-13 02:15:00,-0.0156,-2.6762
2008-04-13 02:30:00,-0.0519,-3.4496
2008-04-13 02:45:00,-0.0302,-3.4718
2008-04-13 03:00:00,0.0198,-3.1288
2008-04-13 03:15:00,-0.0339,-3.4776
2008-04-13 03:30:00,0.0317,-3.5353
2008-04-13 03:45:00,-0.0494,-3.2999
2008-04-13 04:00:00,0.0118,-3.0386
2008-04-13 04:15:00,-0.0292,-2.6138
2008-04-13 04:30:00,-0.0065,-2.5935
2008-04-13 04:45:00,-0.0214,-2.3356
2008-04-13 05:00:00,0.0596,-2.3709
2008-04-13 05:15:00,0.798,-2.126
2008-04-13 05:30:00,3.86,1.5416
2008-04-13 05:45:00,13.213,18.368
2008-04-13 06:00:00,2.6264,47.787
2008-04-13 06:15:00,1.229,76.342
2008-04-13 06:30:00,41.631,127.5
2008-04-13 06:45:00,79.352,177.98
2008-04-13 07:00:00,137.05,224.78
2008-04-13 07:15:00,210.56,276.94
2008-04-13 07:30:00,292.44,343.5
2008-04-13 07:45:00,374.19,412.45
2008-04-13 08:00:00,453.33,479.98
2008-04-13 08:15:00,529.71,546.49
2008-04-13 08:30:00,605.06,612.19
2008-04-13 08:45:00,674.98,675.44
2008-04-13 09:00:00,737.52,735.06
2008-04-13 09:15:00,791.79,791.41
2008-04-13 09:30:00,848.53,846.64
2008-04-13 09:45:00,896.86,895.82
2008-04-13 10:00:00,943.42,939.53
2008-04-13 10:15:00,981.99,981.16
2008-04-13 10:30:00,1009.3,1017.1
2008-04-13 10:45:00,1023.2,1046.0
2008-04-13 11:00:00,1053.3,1078.0
2008-04-13 11:15:00,1059.5,1093.0
2008-04-13 11:30:00,1078.5,1112.0
2008-04-13 11:45:00,1096.1,1123.0
2008-04-13 12:00:00,1112.2,1132.3
2008-04-13 12:15:00,1093.7,1132.6
2008-04-13 12:30:00,1081.6,1124.6
2008-04-13 12:45:00,1094.5,1117.6
2008-04-13 13:00:00,1089.4,1104.7
2008-04-13 13:15:00,1059.2,1084.5
2008-04-13 13:30:00,1035.6,1060.4
2008-04-13 13:45:00,1008.1,1030.7
2008-04-13 14:00:00,973.73,997.73
2008-04-13 14:15:00,928.58,956.26
2008-04-13 14:30:00,885.62,912.16
2008-04-13 14:45:00,834.17,863.1
2008-04-13 15:00:00,789.42,813.79
2008-04-13 15:15:00,729.15,757.76
2008-04-13 15:30:00,662.62,696.61
2008-04-13 15:45:00,602.0,638.13
2008-04-13 16:00:00,530.39,573.41
2008-04-13 16:15:00,453.57,507.27
2008-04-13 16:30:00,374.32,440.31
2008-04-13 16:45:00,293.94,372.4
2008-04-13 17:00:00,212.19,303.83
2008-04-13 17:15:00,129.22,236.61
2008-04-13 17:30:00,9.6172,144.34
2008-04-13 17:45:00,10.173,38.022
2008-04-13 18:00:00,5.2896,29.047
2008-04-13 18:15:00,9.8156,19.626
2008-04-13 18:30:00,15.101,7.9186
2008-04-13 18:45:00,4.4895,-1.1349
2008-04-13 19:00:00,1.0754,-3.7789
2008-04-13 19:15:00,0.1172,-4.0034
2008-04-13 19:30:00,0.0,-3.8983
2008-04-13 19:45:00,0.0065,-3.7691
2008-04-13 20:00:00,-0.0167,-3.6379
2008-04-13 20:15:00,-0.0424,-3.7216
2008-04-13 20:30:00,-0.0187,-3.1309
2008-04-13 20:45:00,-0.0172,-3.4036
2008-04-13 21:00:00,-0.0104,-3.515
2008-04-13 21:15:00,0.0028,-2.8444
2008-04-13 21:30:00,-0.0205,-3.2374
2008-04-13 21:45:00,-0.0113,-2.9003
2008-04-13 22:00:00,0.013,-2.8318
2008-04-13 22:15:00,-0.0208,-3.2397
2008-04-13 22:30:00,0.0119,-3.601
2008-04-13 22:45:00,0.0072,-3.6066
2008-04-13 23:00:00,0.001,-3.2212
2008-04-13 23:15:00,0.0109,-3.086
2008-04-13 23:30:00,0.0213,-2.8805
2008-04-13 23:45:00,0.0002,-2.7304
2008-04-14 00:00:00,-0.0213,-3.1123
2008-04-14 00:15:00,-0.0437,-3.4034
2008-04-14 00:30:00,0.0377,-3.2903
2008-04-14 00:45:00,-0.029,-2.7083
2008-04-14 01:00:00,-0.0057,-1.8722
2008-04-14 01:15:00,0.0149,-2.89
2008-04-14 01:30:00,0.0145,-2.7639
2008-04-14 01:45:00,0.0036,-3.0717
2008-04-14 02:00:00,-0.0111,-3.396
2008-04-14 02:15:00,0.0039,-4.0001
2008-04-14 02:30:00,0.0054,-4.5429
2008-04-14 02:45:00,-0.0425,-3.6217
2008-04-14 03:00:00,-0.0201,-3.8646
2008-04-14 03:15:00,-0.0027,-4.1407
2008-04-14 03:30:00,-0.024,-4.1759
2008-04-14 03:45:00,0.0063,-4.3243
2008-04-14 04:00:00,-0.0201,-3.4533
2008-04-14 04:15:00,-0.0001,-3.6779
2008-04-14 04:30:00,-0.0091,-3.9469
2008-04-14 04:45:00,0.0014,-3.1554
2008-04-14 05:00:00,0.095,-3.4946
2008-04-14 05:15:00,1.0072,-2.1043
2008-04-14 05:30:00,5.9315,3.1242
2008-04-14 05:45:00,12.977,15.738
2008-04-14 06:00:00,5.5225,29.7
2008-04-14 06:15:00,0.2423,48.319
2008-04-14 06:30:00,14.373,97.929
2008-04-14 06:45:00,61.178,157.39
2008-04-14 07:00:00,129.32,221.77
2008-04-14 07:15:00,207.3,286.86
2008-04-14 07:30:00,288.24,353.13
2008-04-14 07:45:00,369.95,421.78
2008-04-14 08:00:00,450.72,492.34
2008-04-14 08:15:00,528.71,559.05
2008-04-14 08:30:00,601.43,623.74
2008-04-14 08:45:00,673.07,687.59
2008-04-14 09:00:00,744.16,752.32
2008-04-14 09:15:00,804.54,810.8
2008-04-14 09:30:00,860.75,864.45
2008-04-14 09:45:00,911.19,913.63
2008-04-14 10:00:00,951.31,957.98
2008-04-14 10:15:00,983.51,999.55
2008-04-14 10:30:00,1018.2,1037.1
2008-04-14 10:45:00,1040.7,1067.5
2008-04-14 11:00:00,1049.0,1091.2
2008-04-14 11:15:00,1074.4,1113.6
2008-04-14 11:30:00,1077.6,1130.4
2008-04-14 11:45:00,1078.6,1141.2
2008-04-14 12:00:00,1088.1,1148.8
2008-04-14 12:15:00,1072.4,1148.2
2008-04-14 12:30:00,1066.6,1143.4
2008-04-14 12:45:00,1076.5,1134.6
2008-04-14 13:00:00,1065.4,1120.0
2008-04-14 13:15:00,1018.5,1097.0
2008-04-14 13:30:00,988.08,1068.5
2008-04-14 13:45:00,971.66,1039.5
2008-04-14 14:00:00,941.32,1004.3
2008-04-14 14:15:00,905.8,964.89
2008-04-14 14:30:00,870.46,919.9
2008-04-14 14:45:00,822.92,872.08
2008-04-14 15:00:00,762.79,819.48
2008-04-14 15:15:00,701.94,761.86
2008-04-14 15:30:00,653.59,704.51
2008-04-14 15:45:00,589.97,643.08
2008-04-14 16:00:00,516.56,578.92
2008-04-14 16:15:00,441.79,511.84
2008-04-14 16:30:00,368.7,445.21
2008-04-14 16:45:00,290.67,377.35
2008-04-14 17:00:00,211.12,309.45
2008-04-14 17:15:00,126.48,241.68
2008-04-14 17:30:00,8.4089,152.71
2008-04-14 17:45:00,10.384,32.871
2008-04-14 18:00:00,5.3414,24.656
2008-04-14 18:15:00,8.2672,16.525
2008-04-14 18:30:00,14.774,6.4434
2008-04-14 18:45:00,5.3878,-1.0528
2008-04-14 19:00:00,0.831,-4.9351
2008-04-14 19:15:00,0.0631,-4.3619
2008-04-14 19:30:00,-0.0246,-3.7017
2008-04-14 19:45:00,0.0109,-4.1019
2008-04-14 20:00:00,-0.012,-3.2914
2008-04-14 20:15:00,-0.0049,-3.4473
2008-04-14 20:30:00,0.0122,-2.2107
2008-04-14 20:45:00,-0.0523,-2.2776
2008-04-14 21:00:00,-0.0071,-3.4019
2008-04-14 21:15:00,-0.0195,-3.63
2008-04-14 21:30:00,-0.0156,-2.9356
2008-04-14 21:45:00,0.0023,-3.8711
2008-04-14 22:00:00,-0.013,-4.4121
2008-04-14 22:15:00,-0.0058,-3.6158
2008-04-14 22:30:00,0.0034,-2.5136
2008-04-14 22:45:00,-0.0059,-2.4211
2008-04-14 23:00:00,-0.001,-4.044
2008-04-14 23:15:00,-0.0354,-3.4976
2008-04-14 23:30:00,-0.0297,-3.4698
2008-04-14 23:45:00,-0.0145,-3.9294
2008-04-15 00:00:00,0.0116,-3.9443
2008-04-15 00:15:00,0.0395,-3.9888
2008-04-15 00:30:00,-0.0256,-4.6096
2008-04-15 00:45:00,0.0037,-4.8912
2008-04-15 01:00:00,-0.0204,-4.0947
2008-04-15 01:15:00,0.0154,-3.8762
2008-04-15 01:30:00,-0.0168,-3.819
2008-04-15 01:45:00,-0.008,-3.7524
2008-04-15 02:00:00,0.0224,-3.2651
2008-04-15 02:15:00,-0.0581,-3.8489
2008-04-15 02:30:00,-0.0637,-4.0342
2008-04-15 02:45:00,-0.0184,-3.3022
2008-04-15 03:00:00,-0.0413,-3.8322
2008-04-15 03:15:00,0.008,-3.7711
2008-04-15 03:30:00,-0.0153,-3.8525
2008-04-15 03:45:00,-0.0312,-4.2286
2008-04-15 04:00:00,-0.0354,-4.1953
2008-04-15 04:15:00,0.0312,-3.4652
2008-04-15 04:30:00,0.0048,-3.2633
2008-04-15 04:45:00,-0.0054,-3.1355
2008-04-15 05:00:00,0.1144,-3.6748
2008-04-15 05:15:00,1.1082,-3.382
2008-04-15 05:30:00,6.6526,3.2412
2008-04-15 05:45:00,12.643,16.019
2008-04-15 06:00:00,2.9311,31.841
2008-04-15 06:15:00,-1.3744,50.793
2008-04-15 06:30:00,16.673,101.64
2008-04-15 06:45:00,65.231,161.58
2008-04-15 07:00:00,133.89,225.76
2008-04-15 07:15:00,215.51,295.41
2008-04-15 07:30:00,291.18,359.32
2008-04-15 07:45:00,371.83,429.58
2008-04-15 08:00:00,451.7,501.3
2008-04-15 08:15:00,525.13,565.59
2008-04-15 08:30:00,602.45,633.36
2008-04-15 08:45:00,678.47,704.64
2008-04-15 09:00:00,751.02,775.34
2008-04-15 09:15:00,800.77,833.84
2008-04-15 09:30:00,862.11,896.78
2008-04-15 09:45:00,931.52,977.15
2008-04-15 10:00:00,885.01,952.91
2008-04-15 10:15:00,834.23,891.36
2008-04-15 10:30:00,882.16,941.72
2008-04-15 10:45:00,868.04,910.35
2008-04-15 11:00:00,971.95,1014.8
2008-04-15 11:15:00,1015.3,1076.4
2008-04-15 11:30:00,1097.4,1176.9
2008-04-15 11:45:00,1096.2,1168.9
2008-04-15 12:00:00,1075.4,1148.9
2008-04-15 12:15:00,1054.3,1140.7
2008-04-15 12:30:00,1099.4,1170.4
2008-04-15 12:45:00,1103.1,1160.9
2008-04-15 13:00:00,1080.2,1137.4
2008-04-15 13:15:00,1079.9,1133.3
2008-04-15 13:30:00,1048.7,1117.0
2008-04-15 13:45:00,1013.8,1076.1
2008-04-15 14:00:00,961.23,995.7
2008-04-15 14:15:00,949.21,993.67
2008-04-15 14:30:00,900.17,939.76
2008-04-15 14:45:00,839.01,884.67
2008-04-15 15:00:00,789.67,833.44
2008-04-15 15:15:00,734.75,776.52
2008-04-15 15:30:00,676.88,718.17
2008-04-15 15:45:00,608.27,654.5
2008-04-15 16:00:00,541.05,590.99
2008-04-15 16:15:00,464.84,525.35
2008-04-15 16:30:00,390.87,462.48
2008-04-15 16:45:00,309.09,394.51
2008-04-15 17:00:00,223.79,321.74
2008-04-15 17:15:00,134.61,252.83
2008-04-15 17:30:00,5.2764,170.16
2008-04-15 17:45:00,2.5877,42.493
2008-04-15 18:00:00,-0.5127,35.552
2008-04-15 18:15:00,6.9333,23.173
2008-04-15 18:30:00,11.584,8.3563
2008-04-15 18:45:00,3.4915,1.123
2008-04-15 19:00:00,0.9436,-1.6524
2008-04-15 19:15:00,0.0859,-2.3927
2008-04-15 19:30:00,-0.0087,-2.2633
2008-04-15 19:45:00,0.0195,-1.8267
2008-04-15 20:00:00,-0.0188,-1.3197
2008-04-15 20:15:00,-0.0126,-1.5696
2008-04-15 20:30:00,-0.0159,-1.8399
2008-04-15 20:45:00,0.0115,-1.8159
2008-04-15 21:00:00,-0.009,-1.8771
2008-04-15 21:15:00,0.0005,-1.7531
2008-04-15 21:30:00,0.036,-1.7569
2008-04-15 21:45:00,-0.0109,-2.0197
2008-04-15 22:00:00,0.0194,-1.8514
2008-04-15 22:15:00,-0.0242,-2.4568
2008-04-15 22:30:00,-0.0045,-3.7955
2008-04-15 22:45:00,-0.0369,-3.1198
2008-04-15 23:00:00,0.0134,-2.759
2008-04-15 23:15:00,-0.0109,-2.285
2008-04-15 23:30:00,0.0048,-1.963
2008-04-15 23:45:00,-0.0364,-2.115
2008-04-16 00:00:00,-0.0164,-2.4541
2008-04-16 00:15:00,-0.0008,-2.7209
2008-04-16 00:30:00,-0.0402,-2.5098
2008-04-16 00:45:00,0.0198,-2.2673
2008-04-16 01:00:00,0.0102,-2.5563
2008-04-16 01:15:00,-0.0362,-2.4415
2008-04-16 01:30:00,0.0146,-2.8917
2008-04-16 01:45:00,-0.0288,-2.5232
2008-04-16 02:00:00,-0.042,-2.6252
2008-04-16 02:15:00,0.0075,-2.3031
2008-04-16 02:30:00,-0.0181,-2.3514
2008-04-16 02:45:00,0.0051,-2.4628
2008-04-16 03:00:00,0.0093,-2.5483
2008-04-16 03:15:00,0.0097,-2.6393
2008-04-16 03:30:00,-0.0208,-2.5431
2008-04-16 03:45:00,-0.0063,-2.4709
2008-04-16 04:00:00,-0.0002,-1.5312
2008-04-16 04:15:00,-0.0143,-1.9373
2008-04-16 04:30:00,-0.0006,-1.3367
2008-04-16 04:45:00,-0.0029,-0.7287
2008-04-16 05:00:00,0.0782,-2.3862
2008-04-16 05:15:00,0.6729,-0.4135
2008-04-16 05:30:00,5.2289,3.3653
2008-04-16 05:45:00,6.0607,19.714
2008-04-16 06:00:00,-1.0683,40.277
2008-04-16 06:15:00,7.9841,63.247
2008-04-16 06:30:00,33.649,103.01
2008-04-16 06:45:00,75.247,153.57
2008-04-16 07:00:00,135.22,210.46
2008-04-16 07:15:00,208.28,272.29
2008-04-16 07:30:00,289.87,339.64
2008-04-16 07:45:00,373.56,406.68
2008-04-16 08:00:00,456.39,474.81
2008-04-16 08:15:00,534.24,539.68
2008-04-16 08:30:00,609.5,603.06
2008-04-16 08:45:00,680.16,663.04
2008-04-16 09:00:00,744.71,720.84
2008-04-16 09:15:00,805.07,775.13
2008-04-16 09:30:00,830.89,806.13
2008-04-16 09:45:00,878.79,836.79
2008-04-16 10:00:00,736.61,715.39
2008-04-16 10:15:00,735.12,730.71
2008-04-16 10:30:00,410.48,416.43
2008-04-16 10:45:00,190.98,213.6
2008-04-16 11:00:00,130.64,156.88
2008-04-16 11:15:00,130.41,155.63
2008-04-16 11:30:00,78.245,112.67
2008-04-16 11:45:00,67.374,99.038
2008-04-16 12:00:00,60.174,94.31
2008-04-16 12:15:00,39.482,75.951
2008-04-16 12:30:00,118.48,143.45
2008-04-16 12:45:00,59.279,93.553
2008-04-16 13:00:00,19.115,53.234
2008-04-16 13:15:00,-1.0155,35.008
2008-04-16 13:30:00,0.9393,45.029
2008-04-16 13:45:00,-3.9537,70.349
2008-04-16 14:00:00,-0.7239,74.778
2008-04-16 14:15:00,-2.1607,50.812
2008-04-16 14:30:00,2.8341,46.499
2008-04-16 14:45:00,5.3123,51.24
2008-04-16 15:00:00,-1.7811,36.933
2008-04-16 15:15:00,-1.8159,31.076
2008-04-16 15:30:00,1.9532,40.262
2008-04-16 15:45:00,-1.5934,35.205
2008-04-16 16:00:00,8.1883,21.886
2008-04-16 16:15:00,10.258,18.579
2008-04-16 16:30:00,9.7378,14.226
2008-04-16 16:45:00,6.343,14.228
2008-04-16 17:00:00,4.1032,15.328
2008-04-16 17:15:00,4.183,18.499
2008-04-16 17:30:00,3.5088,17.125
2008-04-16 17:45:00,2.1368,9.6281
2008-04-16 18:00:00,1.81,7.8234
2008-04-16 18:15:00,1.1148,4.3828
2008-04-16 18:30:00,0.9307,1.7305
2008-04-16 18:45:00,0.4686,0.4006
2008-04-16 19:00:00,0.0385,-0.1855
2008-04-16 19:15:00,-0.0125,-0.2244
2008-04-16 19:30:00,-0.0168,-0.1855
2008-04-16 19:45:00,-0.0028,-0.204
2008-04-16 20:00:00,-0.023,-0.243
2008-04-16 20:15:00,-0.0007,-0.2374
2008-04-16 20:30:00,0.0144,-0.1818
2008-04-16 20:45:00,-0.0109,-0.1948
2008-04-16 21:00:00,-0.0128,-0.2504
2008-04-16 21:15:00,0.0096,-0.332
2008-04-16 21:30:00,-0.0163,-0.2912
2008-04-16 21:45:00,0.0039,-0.2652
2008-04-16 22:00:00,-0.0251,-0.2504
2008-04-16 22:15:00,0.0163,-0.2504
2008-04-16 22:30:00,0.0187,-0.2894
2008-04-16 22:45:00,-0.0191,-0.3617
2008-04-16 23:00:00,-0.0165,-0.3135
2008-04-16 23:15:00,0.0056,-0.1113
2008-04-16 23:30:00,0.0213,-0.0761
2008-04-16 23:45:00,0.0028,-0.2875
2008-04-17 00:00:00,-0.0303,-0.3116
2008-04-17 00:15:00,-0.0033,-0.4359
2008-04-17 00:30:00,0.0226,-0.5193
2008-04-17 00:45:00,-0.015,-0.549
2008-04-17 01:00:00,-0.0039,-0.7308
2008-04-17 01:15:00,0.0212,-0.7735
2008-04-17 01:30:00,-0.0103,-0.6622
2008-04-17 01:45:00,-0.0431,-0.7401
2008-04-17 02:00:00,-0.0261,-0.9497
2008-04-17 02:15:00,0.0277,-1.1278
2008-04-17 02:30:00,0.0035,-1.1463
2008-04-17 02:45:00,0.0477,-1.189
2008-04-17 03:00:00,-0.0074,-1.1945
2008-04-17 03:15:00,0.0176,-1.291
2008-04-17 03:30:00,-0.0032,-1.5655
2008-04-17 03:45:00,0.0053,-1.495
2008-04-17 04:00:00,0.0058,-1.1723
2008-04-17 04:15:00,-0.0041,-1.0035
2008-04-17 04:30:00,-0.0086,-1.124
2008-04-17 04:45:00,-0.0085,-1.4115
2008-04-17 05:00:00,0.0164,-1.5488
2008-04-17 05:15:00,0.1421,-1.2947
2008-04-17 05:30:00,0.6265,0.0594
2008-04-17 05:45:00,0.9598,3.4649
2008-04-17 06:00:00,1.3429,8.2281
2008-04-17 06:15:00,2.5621,19.15
2008-04-17 06:30:00,3.7235,34.769
2008-04-17 06:45:00,6.4956,58.886
2008-04-17 07:00:00,13.899,87.987
2008-04-17 07:15:00,10.801,105.97
2008-04-17 07:30:00,58.63,130.76
2008-04-17 07:45:00,144.42,164.42
2008-04-17 08:00:00,198.02,213.36
2008-04-17 08:15:00,254.33,292.46
2008-04-17 08:30:00,303.94,497.26
2008-04-17 08:45:00,400.82,825.08
2008-04-17 09:00:00,590.23,786.0
2008-04-17 09:15:00,674.2,841.57
2008-04-17 09:30:00,762.14,894.72
2008-04-17 09:45:00,828.99,941.9
2008-04-17 10:00:00,891.95,985.77
2008-04-17 10:15:00,948.24,1021.8
2008-04-17 10:30:00,984.16,1052.6
2008-04-17 10:45:00,1021.7,1080.4
2008-04-17 11:00:00,1061.7,1106.2
2008-04-17 11:15:00,1093.2,1124.3
2008-04-17 11:30:00,1126.7,1143.8
2008-04-17 11:45:00,1088.9,1107.6
2008-04-17 12:00:00,1197.0,1210.2
2008-04-17 12:15:00,928.15,959.33
2008-04-17 12:30:00,982.85,994.93
2008-04-17 12:45:00,1148.2,1161.5
2008-04-17 13:00:00,1095.3,1114.6
2008-04-17 13:15:00,881.32,905.25
2008-04-17 13:30:00,549.81,552.7
2008-04-17 13:45:00,743.13,742.6
2008-04-17 14:00:00,508.63,507.52
2008-04-17 14:15:00,426.92,431.12
2008-04-17 14:30:00,617.64,598.13
2008-04-17 14:45:00,805.51,802.09
2008-04-17 15:00:00,787.46,792.24
2008-04-17 15:15:00,610.14,637.47
2008-04-17 15:30:00,596.45,614.1
2008-04-17 15:45:00,604.04,620.28
2008-04-17 16:00:00,567.25,595.15
2008-04-17 16:15:00,482.01,520.24
2008-04-17 16:30:00,387.18,442.85
2008-04-17 16:45:00,247.54,317.79
2008-04-17 17:00:00,141.71,213.66
2008-04-17 17:15:00,147.0,227.64
2008-04-17 17:30:00,72.265,216.13
2008-04-17 17:45:00,38.245,87.04
2008-04-17 18:00:00,1.1273,41.254
2008-04-17 18:15:00,4.2983,24.54
2008-04-17 18:30:00,11.338,11.638
2008-04-17 18:45:00,7.7621,1.8005
2008-04-17 19:00:00,1.2961,-3.1477
2008-04-17 19:15:00,0.1949,-3.9154
2008-04-17 19:30:00,0.0368,-3.7101
2008-04-17 19:45:00,-0.0134,-3.5084
2008-04-17 20:00:00,0.0112,-3.5309
2008-04-17 20:15:00,0.0119,-3.4756
2008-04-17 20:30:00,-0.0507,-3.6373
2008-04-17 20:45:00,-0.011,-3.7099
2008-04-17 21:00:00,-0.0349,-3.3003
2008-04-17 21:15:00,0.0305,-2.9685
2008-04-17 21:30:00,-0.0052,-3.2764
2008-04-17 21:45:00,0.0087,-2.8129
2008-04-17 22:00:00,-0.0028,-1.9304
2008-04-17 22:15:00,0.012,-3.1971
2008-04-17 22:30:00,0.0187,-3.7869
2008-04-17 22:45:00,0.0156,-3.711
2008-04-17 23:00:00,0.0087,-2.0568
2008-04-17 23:15:00,0.0254,-2.884
2008-04-17 23:30:00,0.0037,-3.6388
2008-04-17 23:45:00,-0.045,-3.2715
2008-04-18 00:00:00,-0.0274,-3.1881
2008-04-18 00:15:00,-0.0022,-3.3141
2008-04-18 00:30:00,0.0206,-3.5198
2008-04-18 00:45:00,-0.001,-3.5828
2008-04-18 01:00:00,-0.0213,-3.9034
2008-04-18 01:15:00,0.0055,-3.9034
2008-04-18 01:30:00,-0.0467,-3.5306
2008-04-18 01:45:00,-0.0016,-3.4638
2008-04-18 02:00:00,-0.052,-3.6288
2008-04-18 02:15:00,-0.0021,-3.8866
2008-04-18 02:30:00,0.0098,-4.0571
2008-04-18 02:45:00,0.024,-3.1431
2008-04-18 03:00:00,-0.0171,-2.5923
2008-04-18 03:15:00,-0.0005,-2.7203
2008-04-18 03:30:00,-0.0243,-2.9502
2008-04-18 03:45:00,-0.0232,-3.2469
2008-04-18 04:00:00,-0.0015,-3.4842
2008-04-18 04:15:00,0.0193,-3.2653
2008-04-18 04:30:00,-0.0285,-2.9909
2008-04-18 04:45:00,-0.0007,-3.2059
2008-04-18 05:00:00,0.2504,-3.2967
2008-04-18 05:15:00,1.4782,-2.2453
2008-04-18 05:30:00,8.998,4.5722
2008-04-18 05:45:00,6.6476,20.117
2008-04-18 06:00:00,8.429,39.908
2008-04-18 06:15:00,5.674,64.281
2008-04-18 06:30:00,32.76,107.27
2008-04-18 06:45:00,79.322,160.2
2008-04-18 07:00:00,145.58,222.9
2008-04-18 07:15:00,223.55,289.17
2008-04-18 07:30:00,306.25,357.47
2008-04-18 07:45:00,390.1,425.98
2008-04-18 08:00:00,471.48,494.26
2008-04-18 08:15:00,549.32,560.47
2008-04-18 08:30:00,622.03,621.28
2008-04-18 08:45:00,692.13,683.67
2008-04-18 09:00:00,753.23,741.59
2008-04-18 09:15:00,812.24,797.59
2008-04-18 09:30:00,866.6,850.92
2008-04-18 09:45:00,910.64,898.67
2008-04-18 10:00:00,959.11,943.16
2008-04-18 10:15:00,996.66,984.87
2008-04-18 10:30:00,1028.9,1023.8
2008-04-18 10:45:00,1059.6,1055.8
2008-04-18 11:00:00,1064.0,1079.6
2008-04-18 11:15:00,1060.1,1092.0
2008-04-18 11:30:00,1067.2,1105.7
2008-04-18 11:45:00,1080.1,1121.9
2008-04-18 12:00:00,1079.7,1127.6
2008-04-18 12:15:00,1076.4,1130.7
2008-04-18 12:30:00,1065.2,1125.9
2008-04-18 12:45:00,1051.3,1118.2
2008-04-18 13:00:00,1046.6,1105.3
2008-04-18 13:15:00,1048.2,1086.8
2008-04-18 13:30:00,1031.3,1068.0
2008-04-18 13:45:00,997.33,1035.5
2008-04-18 14:00:00,971.88,1003.2
2008-04-18 14:15:00,941.2,966.35
2008-04-18 14:30:00,903.22,917.4
2008-04-18 14:45:00,867.37,874.84
2008-04-18 15:00:00,809.55,823.63
2008-04-18 15:15:00,729.89,761.48
2008-04-18 15:30:00,670.05,701.77
2008-04-18 15:45:00,608.95,641.95
2008-04-18 16:00:00,537.6,580.75
2008-04-18 16:15:00,453.65,508.7
2008-04-18 16:30:00,373.87,441.6
2008-04-18 16:45:00,292.95,373.16
2008-04-18 17:00:00,213.32,306.37
2008-04-18 17:15:00,128.68,239.11
2008-04-18 17:30:00,10.862,175.09
2008-04-18 17:45:00,-1.3795,46.933
2008-04-18 18:00:00,4.7229,26.551
2008-04-18 18:15:00,8.8376,17.266
2008-04-18 18:30:00,9.1772,14.273
2008-04-18 18:45:00,9.1734,3.424
2008-04-18 19:00:00,1.2154,-3.1189
2008-04-18 19:15:00,0.1825,-3.5618
2008-04-18 19:30:00,-0.0323,-3.0994
2008-04-18 19:45:00,-0.0001,-3.1312
2008-04-18 20:00:00,0.0009,-3.7742
2008-04-18 20:15:00,0.0445,-4.1838
2008-04-18 20:30:00,0.012,-4.1266
2008-04-18 20:45:00,0.0049,-3.6174
2008-04-18 21:00:00,-0.0105,-3.136
2008-04-18 21:15:00,-0.0474,-2.5564
2008-04-18 21:30:00,-0.0375,-2.7918
2008-04-18 21:45:00,-0.0069,-3.2494
2008-04-18 22:00:00,0.0076,-3.257
2008-04-18 22:15:00,-0.0065,-3.4998
2008-04-18 22:30:00,-0.0136,-3.8889
2008-04-18 22:45:00,-0.0286,-3.5462
2008-04-18 23:00:00,0.0003,-3.2313
2008-04-18 23:15:00,-0.0186,-2.9405
2008-04-18 23:30:00,-0.0495,-2.7756
2008-04-18 23:45:00,-0.0095,-3.252
2008-04-19 00:00:00,0.008,-2.9241
2008-04-19 00:15:00,0.0065,-3.2985
2008-04-19 00:30:00,-0.0337,-3.328
2008-04-19 00:45:00,0.0158,-4.1211
2008-04-19 01:00:00,0.0231,-3.9171
2008-04-19 01:15:00,0.0092,-3.8246
2008-04-19 01:30:00,-0.0139,-3.7527
2008-04-19 01:45:00,-0.0017,-3.1893
2008-04-19 02:00:00,-0.0139,-3.5118
2008-04-19 02:15:00,0.0099,-3.816
2008-04-19 02:30:00,0.0038,-3.3657
2008-04-19 02:45:00,0.0321,-3.4901
2008-04-19 03:00:00,0.0296,-2.5745
2008-04-19 03:15:00,-0.0358,-2.4245
2008-04-19 03:30:00,-0.0211,-2.9861
2008-04-19 03:45:00,-0.0188,-3.3124
2008-04-19 04:00:00,0.015,-3.1956
2008-04-19 04:15:00,0.0013,-3.381
2008-04-19 04:30:00,-0.0075,-3.1568
2008-04-19 04:45:00,-0.0121,-2.8306
2008-04-19 05:00:00,0.35,-1.9594
2008-04-19 05:15:00,1.7129,-0.393
2008-04-19 05:30:00,9.3995,6.1138
2008-04-19 05:45:00,8.8868,19.434
2008-04-19 06:00:00,-0.3028,37.039
2008-04-19 06:15:00,-0.6583,58.168
2008-04-19 06:30:00,22.57,104.17
2008-04-19 06:45:00,70.538,160.64
2008-04-19 07:00:00,138.55,223.25
2008-04-19 07:15:00,216.95,288.25
2008-04-19 07:30:00,297.1,355.41
2008-04-19 07:45:00,376.75,420.48
2008-04-19 08:00:00,452.92,489.03
2008-04-19 08:15:00,527.35,557.01
2008-04-19 08:30:00,601.24,620.99
2008-04-19 08:45:00,668.86,681.39
2008-04-19 09:00:00,728.93,739.93
2008-04-19 09:15:00,783.14,796.78
2008-04-19 09:30:00,853.11,856.28
2008-04-19 09:45:00,862.53,862.88
2008-04-19 10:00:00,953.12,958.26
2008-04-19 10:15:00,978.34,989.47
2008-04-19 10:30:00,1015.1,1024.6
2008-04-19 10:45:00,1042.9,1058.2
2008-04-19 11:00:00,1058.4,1083.3
2008-04-19 11:15:00,1078.8,1103.1
2008-04-19 11:30:00,1094.0,1120.8
2008-04-19 11:45:00,1106.0,1134.0
2008-04-19 12:00:00,1111.9,1139.5
2008-04-19 12:15:00,1117.6,1135.3
2008-04-19 12:30:00,1099.5,1136.1
2008-04-19 12:45:00,1096.3,1139.0
2008-04-19 13:00:00,1077.9,1116.9
2008-04-19 13:15:00,1049.6,1097.4
2008-04-19 13:30:00,1018.1,1073.9
2008-04-19 13:45:00,989.92,1042.5
2008-04-19 14:00:00,925.68,973.09
2008-04-19 14:15:00,926.17,981.2
2008-04-19 14:30:00,876.23,928.12
2008-04-19 14:45:00,827.57,881.78
2008-04-19 15:00:00,797.43,843.55
2008-04-19 15:15:00,742.24,782.8
2008-04-19 15:30:00,679.39,718.68
2008-04-19 15:45:00,608.35,653.9
2008-04-19 16:00:00,444.83,501.64
2008-04-19 16:15:00,440.18,517.38
2008-04-19 16:30:00,403.93,477.8
2008-04-19 16:45:00,308.86,393.13
2008-04-19 17:00:00,230.51,325.38
2008-04-19 17:15:00,143.37,255.05
2008-04-19 17:30:00,22.92,190.55
2008-04-19 17:45:00,-1.1569,65.974
2008-04-19 18:00:00,1.8343,37.686
2008-04-19 18:15:00,5.6225,27.223
2008-04-19 18:30:00,8.7986,18.61
2008-04-19 18:45:00,10.973,4.696
2008-04-19 19:00:00,1.6866,-2.1391
2008-04-19 19:15:00,0.2197,-2.8203
2008-04-19 19:30:00,0.0288,-4.379
2008-04-19 19:45:00,-0.0072,-3.7537
2008-04-19 20:00:00,-0.0512,-2.4527
2008-04-19 20:15:00,-0.0094,-2.7084
2008-04-19 20:30:00,-0.0764,-2.7217
2008-04-19 20:45:00,0.0134,-2.5441
2008-04-19 21:00:00,-0.0329,-4.8164
2008-04-19 21:15:00,0.0026,-4.7835
2008-04-19 21:30:00,-0.0266,-4.0577
2008-04-19 21:45:00,0.0001,-3.7912
2008-04-19 22:00:00,-0.0436,-3.708
2008-04-19 22:15:00,-0.0196,-2.9432
2008-04-19 22:30:00,0.0226,-3.0694
2008-04-19 22:45:00,-0.0026,-1.6765
2008-04-19 23:00:00,-0.0195,-1.6061
2008-04-19 23:15:00,-0.001,-3.5661
2008-04-19 23:30:00,-0.0194,-3.8032
2008-04-19 23:45:00,-0.0095,-3.5495
2008-04-20 00:00:00,-0.0057,-3.6609
2008-04-20 00:15:00,-0.0031,-1.5674
2008-04-20 00:30:00,-0.0055,0.9097
2008-04-20 00:45:00,-0.0292,0.5818
2008-04-20 01:00:00,-0.0093,-1.2321
2008-04-20 01:15:00,-0.0075,-1.7694
2008-04-20 01:30:00,0.0228,-1.5155
2008-04-20 01:45:00,0.0077,-1.0801
2008-04-20 02:00:00,-0.0396,-1.2728
2008-04-20 02:15:00,-0.0301,-1.5062
2008-04-20 02:30:00,-0.0009,-1.232
2008-04-20 02:45:00,-0.0124,-0.717
2008-04-20 03:00:00,-0.0084,-1.0931
2008-04-20 03:15:00,-0.0129,-2.7771
2008-04-20 03:30:00,0.0084,-1.8656
2008-04-20 03:45:00,-0.0137,-1.697
2008-04-20 04:00:00,-0.0062,-0.9912
2008-04-20 04:15:00,-0.0093,-1.4766
2008-04-20 04:30:00,-0.0304,-3.8979
2008-04-20 04:45:00,-0.0127,-4.1741
2008-04-20 05:00:00,0.34,-3.5201
2008-04-20 05:15:00,1.6868,-2.1881
2008-04-20 05:30:00,11.108,5.6364
2008-04-20 05:45:00,5.2843,21.7
2008-04-20 06:00:00,-2.3234,37.592
2008-04-20 06:15:00,1.8835,59.757
2008-04-20 06:30:00,27.053,107.14
2008-04-20 06:45:00,74.159,165.53
2008-04-20 07:00:00,142.0,229.67
2008-04-20 07:15:00,222.25,295.62
2008-04-20 07:30:00,303.07,364.51
2008-04-20 07:45:00,383.77,433.83
2008-04-20 08:00:00,465.01,501.98
2008-04-20 08:15:00,541.41,568.7
2008-04-20 08:30:00,604.72,630.46
2008-04-20 08:45:00,675.74,694.14
2008-04-20 09:00:00,738.77,752.31
2008-04-20 09:15:00,793.85,806.31
2008-04-20 09:30:00,836.0,858.53
2008-04-20 09:45:00,883.64,906.37
2008-04-20 10:00:00,930.79,953.84
2008-04-20 10:15:00,958.57,995.07
2008-04-20 10:30:00,993.3,1034.3
2008-04-20 10:45:00,1028.4,1064.2
2008-04-20 11:00:00,1039.1,1083.5
2008-04-20 11:15:00,1051.9,1105.5
2008-04-20 11:30:00,1069.5,1121.1
2008-04-20 11:45:00,1085.1,1134.5
2008-04-20 12:00:00,1101.3,1145.9
2008-04-20 12:15:00,1102.8,1149.9
2008-04-20 12:30:00,1105.3,1143.9
2008-04-20 12:45:00,1112.1,1137.0
2008-04-20 13:00:00,1103.1,1124.9
2008-04-20 13:15:00,1078.2,1106.5
2008-04-20 13:30:00,1065.4,1086.0
2008-04-20 13:45:00,1027.6,1055.2
2008-04-20 14:00:00,998.98,1018.8
2008-04-20 14:15:00,947.91,978.07
2008-04-20 14:30:00,906.93,933.91
2008-04-20 14:45:00,860.76,885.18
2008-04-20 15:00:00,802.19,831.45
2008-04-20 15:15:00,743.79,775.08
2008-04-20 15:30:00,684.68,716.19
2008-04-20 15:45:00,621.35,653.53
2008-04-20 16:00:00,545.38,589.15
2008-04-20 16:15:00,467.11,522.7
2008-04-20 16:30:00,385.74,453.73
2008-04-20 16:45:00,300.9,384.34
2008-04-20 17:00:00,220.07,315.2
2008-04-20 17:15:00,134.87,248.23
2008-04-20 17:30:00,13.262,184.49
2008-04-20 17:45:00,-0.0987,59.015
2008-04-20 18:00:00,6.1667,26.535
2008-04-20 18:15:00,10.318,15.421
2008-04-20 18:30:00,14.668,9.6134
2008-04-20 18:45:00,6.156,2.6039
2008-04-20 19:00:00,1.55,-1.2161
2008-04-20 19:15:00,0.3217,-2.2325
2008-04-20 19:30:00,-0.0095,-3.5823
2008-04-20 19:45:00,-0.0061,-2.605
2008-04-20 20:00:00,-0.0136,-2.2886
2008-04-20 20:15:00,-0.0109,-2.3721
2008-04-20 20:30:00,-0.0101,-1.7537
2008-04-20 20:45:00,0.007,-1.7946
2008-04-20 21:00:00,-0.0084,-2.1985
2008-04-20 21:15:00,-0.0076,-3.5821
2008-04-20 21:30:00,-0.0582,-2.8375
2008-04-20 21:45:00,-0.0372,-3.1025
2008-04-20 22:00:00,-0.0417,-3.2416
2008-04-20 22:15:00,0.0023,-3.0064
2008-04-20 22:30:00,0.0111,-2.5064
2008-04-20 22:45:00,-0.0327,-2.4435
2008-04-20 23:00:00,0.0019,-2.2434
2008-04-20 23:15:00,-0.0304,-2.2157
2008-04-20 23:30:00,-0.0194,-1.9786
2008-04-20 23:45:00,0.0043,-2.2343
2008-04-21 00:00:00,-0.0236,-3.0014
2008-04-21 00:15:00,0.0074,-3.9057
2008-04-21 00:30:00,-0.025,-3.7429
2008-04-21 00:45:00,-0.0524,-3.4873
2008-04-21 01:00:00,-0.0035,-3.8413
2008-04-21 01:15:00,0.0109,-3.86
2008-04-21 01:30:00,0.0022,-3.8881
2008-04-21 01:45:00,-0.0078,-3.8438
2008-04-21 02:00:00,-0.0164,-3.7255
2008-04-21 02:15:00,0.0169,-4.0593
2008-04-21 02:30:00,-0.0249,-4.0521
2008-04-21 02:45:00,0.0074,-3.6817
2008-04-21 03:00:00,0.0003,-4.3532
2008-04-21 03:15:00,0.0076,-4.2071
2008-04-21 03:30:00,-0.0156,-3.4693
2008-04-21 03:45:00,-0.0043,-3.284
2008-04-21 04:00:00,-0.0098,-3.0098
2008-04-21 04:15:00,-0.0087,-3.5755
2008-04-21 04:30:00,0.0073,-3.2437
2008-04-21 04:45:00,0.0042,-3.5034
2008-04-21 05:00:00,0.5116,-3.2124
2008-04-21 05:15:00,2.0884,-0.8402
2008-04-21 05:30:00,10.227,6.8496
2008-04-21 05:45:00,3.0479,23.518
2008-04-21 06:00:00,-1.087,41.693
2008-04-21 06:15:00,9.2112,65.84
2008-04-21 06:30:00,36.738,108.29
2008-04-21 06:45:00,81.0,159.87
2008-04-21 07:00:00,144.19,217.96
2008-04-21 07:15:00,218.31,280.0
2008-04-21 07:30:00,294.79,342.71
2008-04-21 07:45:00,373.33,406.72
2008-04-21 08:00:00,450.91,471.05
2008-04-21 08:15:00,524.49,532.0
2008-04-21 08:30:00,599.77,595.32
2008-04-21 08:45:00,670.82,656.3
2008-04-21 09:00:00,732.41,712.69
2008-04-21 09:15:00,792.18,770.44
2008-04-21 09:30:00,844.67,821.75
2008-04-21 09:45:00,889.42,868.58
2008-04-21 10:00:00,945.57,916.89
2008-04-21 10:15:00,980.66,956.76
2008-04-21 10:30:00,1007.0,987.8
2008-04-21 10:45:00,1025.7,1017.3
2008-04-21 11:00:00,1039.9,1041.4
2008-04-21 11:15:00,1057.3,1062.4
2008-04-21 11:30:00,1080.3,1081.1
2008-04-21 11:45:00,1098.6,1111.5
2008-04-21 12:00:00,1032.1,1032.1
2008-04-21 12:15:00,922.58,923.44
2008-04-21 12:30:00,621.97,615.2
2008-04-21 12:45:00,381.33,390.93
2008-04-21 13:00:00,834.59,822.52
2008-04-21 13:15:00,991.65,1001.2
2008-04-21 13:30:00,988.62,979.37
2008-04-21 13:45:00,1055.1,1040.7
2008-04-21 14:00:00,1005.2,992.4
2008-04-21 14:15:00,946.71,936.67
2008-04-21 14:30:00,855.17,845.43
2008-04-21 14:45:00,673.58,678.76
2008-04-21 15:00:00,431.11,461.7
2008-04-21 15:15:00,206.75,245.06
2008-04-21 15:30:00,194.7,225.43
2008-04-21 15:45:00,257.39,282.93
2008-04-21 16:00:00,117.45,154.32
2008-04-21 16:15:00,118.11,157.32
2008-04-21 16:30:00,82.6,124.36
2008-04-21 16:45:00,59.45,105.15
2008-04-21 17:00:00,64.18,110.1
2008-04-21 17:15:00,26.45,83.593
2008-04-21 17:30:00,14.092,73.581
2008-04-21 17:45:00,14.538,67.564
2008-04-21 18:00:00,15.66,64.5
2008-04-21 18:15:00,-0.4346,35.881
2008-04-21 18:30:00,7.1601,22.908
2008-04-21 18:45:00,9.4303,5.6188
2008-04-21 19:00:00,1.8429,-1.2599
2008-04-21 19:15:00,0.3775,-3.2313
2008-04-21 19:30:00,0.0073,-3.4945
2008-04-21 19:45:00,-0.0139,-3.3372
2008-04-21 20:00:00,0.0168,-3.5578
2008-04-21 20:15:00,-0.0116,-3.5431
2008-04-21 20:30:00,0.0005,-3.7639
2008-04-21 20:45:00,0.0115,-4.2125
2008-04-21 21:00:00,0.0075,-4.0979
2008-04-21 21:15:00,0.0,-3.9795
2008-04-21 21:30:00,-0.0238,-3.798
2008-04-21 21:45:00,0.053,-3.9112
2008-04-21 22:00:00,-0.013,-3.7407
2008-04-21 22:15:00,-0.0172,-3.8039
2008-04-21 22:30:00,0.0062,-3.943
2008-04-21 22:45:00,0.0254,-4.1509
2008-04-21 23:00:00,0.0069,-4.0843
2008-04-21 23:15:00,-0.0058,-3.8823
2008-04-21 23:30:00,-0.0145,-3.7694
2008-04-21 23:45:00,-0.0076,-3.586
2008-04-22 00:00:00,0.0147,-3.5249
2008-04-22 00:15:00,0.0088,-3.551
2008-04-22 00:30:00,0.0008,-3.4379
2008-04-22 00:45:00,0.024,-3.2878
2008-04-22 01:00:00,-0.0077,-3.1618
2008-04-22 01:15:00,-0.0081,-3.6552
2008-04-22 01:30:00,-0.0399,-3.0563
2008-04-22 01:45:00,0.0362,-3.0471
2008-04-22 02:00:00,0.0251,-2.8543
2008-04-22 02:15:00,0.0418,-2.8192
2008-04-22 02:30:00,-0.0011,-3.1568
2008-04-22 02:45:00,0.0285,-3.0381
2008-04-22 03:00:00,-0.027,-3.1345
2008-04-22 03:15:00,-0.0269,-3.218
2008-04-22 03:30:00,-0.0059,-3.474
2008-04-22 03:45:00,0.0475,-2.8656
2008-04-22 04:00:00,-0.0146,-2.925
2008-04-22 04:15:00,-0.0129,-3.3126
2008-04-22 04:30:00,-0.0228,-3.1494
2008-04-22 04:45:00,0.0307,-2.656
2008-04-22 05:00:00,0.6368,-2.8508
2008-04-22 05:15:00,2.7123,-0.0612
2008-04-22 05:30:00,11.336,9.0532
2008-04-22 05:45:00,3.4482,25.674
2008-04-22 06:00:00,-2.3953,42.421
2008-04-22 06:15:00,4.3552,64.643
2008-04-22 06:30:00,31.167,109.1
2008-04-22 06:45:00,77.264,162.05
2008-04-22 07:00:00,143.74,221.31
2008-04-22 07:15:00,218.67,284.36
2008-04-22 07:30:00,297.62,349.43
2008-04-22 07:45:00,375.8,415.75
2008-04-22 08:00:00,452.98,480.33
2008-04-22 08:15:00,527.62,544.27
2008-04-22 08:30:00,599.64,608.15
2008-04-22 08:45:00,662.27,666.93
2008-04-22 09:00:00,727.95,725.24
2008-04-22 09:15:00,785.34,779.78
2008-04-22 09:30:00,831.42,830.5
2008-04-22 09:45:00,877.82,879.56
2008-04-22 10:00:00,921.08,925.55
2008-04-22 10:15:00,953.91,966.0
2008-04-22 10:30:00,983.51,999.55
2008-04-22 10:45:00,1013.4,1031.9
2008-04-22 11:00:00,1036.2,1055.2
2008-04-22 11:15:00,1056.4,1077.2
2008-04-22 11:30:00,1061.9,1097.2
2008-04-22 11:45:00,1060.0,1097.8
2008-04-22 12:00:00,1061.6,1099.3
2008-04-22 12:15:00,1058.7,1098.9
2008-04-22 12:30:00,1054.5,1094.3
2008-04-22 12:45:00,1044.6,1086.3
2008-04-22 13:00:00,1015.7,1068.6
2008-04-22 13:15:00,1002.2,1053.9
2008-04-22 13:30:00,970.56,1028.9
2008-04-22 13:45:00,958.85,999.11
2008-04-22 14:00:00,926.74,965.17
2008-04-22 14:15:00,892.19,924.19
2008-04-22 14:30:00,841.74,876.15
2008-04-22 14:45:00,799.56,835.18
2008-04-22 15:00:00,712.89,756.97
2008-04-22 15:15:00,624.92,666.71
2008-04-22 15:30:00,622.79,662.8
2008-04-22 15:45:00,536.38,587.66
2008-04-22 16:00:00,366.99,432.48
2008-04-22 16:15:00,392.2,453.16
2008-04-22 16:30:00,336.51,407.03
2008-04-22 16:45:00,257.63,341.96
2008-04-22 17:00:00,193.26,287.28
2008-04-22 17:15:00,96.042,189.93
2008-04-22 17:30:00,10.338,118.82
2008-04-22 17:45:00,-1.3118,61.364
2008-04-22 18:00:00,5.5021,27.429
2008-04-22 18:15:00,12.146,12.648
2008-04-22 18:30:00,17.138,8.4471
2008-04-22 18:45:00,6.068,0.2442
2008-04-22 19:00:00,1.7517,-2.6727
2008-04-22 19:15:00,0.3174,-3.7484
2008-04-22 19:30:00,-0.0223,-4.2949
2008-04-22 19:45:00,-0.0017,-4.1881
2008-04-22 20:00:00,-0.0456,-3.9313
2008-04-22 20:15:00,-0.0083,-3.3836
2008-04-22 20:30:00,-0.0002,-3.5876
2008-04-22 20:45:00,-0.0305,-3.384
2008-04-22 21:00:00,-0.0439,-3.1639
2008-04-22 21:15:00,-0.0391,-3.2974
2008-04-22 21:30:00,0.0097,-3.229
2008-04-22 21:45:00,-0.0051,-3.5274
2008-04-22 22:00:00,0.0023,-3.17
2008-04-22 22:15:00,-0.0075,-3.4646
2008-04-22 22:30:00,-0.026,-2.6828
2008-04-22 22:45:00,-0.0225,-3.4073
2008-04-22 23:00:00,-0.0195,-3.5149
2008-04-22 23:15:00,-0.0119,-3.5224
2008-04-22 23:30:00,-0.009,-3.7503
2008-04-22 23:45:00,0.004,-3.7096
2008-04-23 00:00:00,0.0229,-3.404
2008-04-23 00:15:00,0.0115,-3.1706
2008-04-23 00:30:00,-0.0332,-3.4191
2008-04-23 00:45:00,0.0052,-2.9837
2008-04-23 01:00:00,-0.0298,-3.9493
2008-04-23 01:15:00,-0.0053,-3.4674
2008-04-23 01:30:00,-0.02,-3.6177
2008-04-23 01:45:00,-0.0277,-2.9821
2008-04-23 02:00:00,0.0122,-3.8719
2008-04-23 02:15:00,0.007,-3.833
2008-04-23 02:30:00,-0.0352,-3.8053
2008-04-23 02:45:00,-0.018,-3.3642
2008-04-23 03:00:00,-0.0195,-3.3105
2008-04-23 03:15:00,-0.0191,-3.0214
2008-04-23 03:30:00,-0.0232,-2.964
2008-04-23 03:45:00,-0.0244,-3.6055
2008-04-23 04:00:00,-0.0187,-3.8169
2008-04-23 04:15:00,0.047,-3.9447
2008-04-23 04:30:00,-0.0272,-3.5184
2008-04-23 04:45:00,0.0216,-3.411
2008-04-23 05:00:00,0.7077,-3.6559
2008-04-23 05:15:00,3.1319,-0.5265
2008-04-23 05:30:00,12.093,9.8077
2008-04-23 05:45:00,4.0907,25.774
2008-04-23 06:00:00,-1.784,40.608
2008-04-23 06:15:00,2.2352,62.02
2008-04-23 06:30:00,28.789,107.52
2008-04-23 06:45:00,75.507,162.16
2008-04-23 07:00:00,141.19,222.26
2008-04-23 07:15:00,216.06,285.46
2008-04-23 07:30:00,293.97,352.71
2008-04-23 07:45:00,370.42,418.07
2008-04-23 08:00:00,447.42,483.94
2008-04-23 08:15:00,520.8,549.15
2008-04-23 08:30:00,592.01,612.9
2008-04-23 08:45:00,657.31,672.33
2008-04-23 09:00:00,715.72,729.94
2008-04-23 09:15:00,772.98,786.17
2008-04-23 09:30:00,839.49,842.46
2008-04-23 09:45:00,890.39,892.65
2008-04-23 10:00:00,924.47,936.51
2008-04-23 10:15:00,961.28,973.03
2008-04-23 10:30:00,982.88,1007.5
2008-04-23 10:45:00,1004.3,1035.2
2008-04-23 11:00:00,1022.0,1063.5
2008-04-23 11:15:00,1038.5,1089.5
2008-04-23 11:30:00,1068.1,1113.3
2008-04-23 11:45:00,1093.5,1131.8
2008-04-23 12:00:00,1131.0,1173.1
2008-04-23 12:15:00,317.07,385.45
2008-04-23 12:30:00,594.56,621.19
2008-04-23 12:45:00,901.84,941.14
2008-04-23 13:00:00,639.13,686.25
2008-04-23 13:15:00,792.1,860.79
2008-04-23 13:30:00,716.66,770.63
2008-04-23 13:45:00,549.15,599.38
2008-04-23 14:00:00,622.75,643.32
2008-04-23 14:15:00,662.83,713.32
2008-04-23 14:30:00,900.66,931.17
2008-04-23 14:45:00,269.42,314.56
2008-04-23 15:00:00,187.48,225.41
2008-04-23 15:15:00,199.89,237.71
2008-04-23 15:30:00,203.21,243.26
2008-04-23 15:45:00,272.44,310.53
2008-04-23 16:00:00,220.67,264.53
2008-04-23 16:15:00,188.57,237.42
2008-04-23 16:30:00,433.72,503.17
2008-04-23 16:45:00,357.82,441.98
2008-04-23 17:00:00,181.51,250.14
2008-04-23 17:15:00,121.08,189.64
2008-04-23 17:30:00,28.846,89.538
2008-04-23 17:45:00,17.763,79.424
2008-04-23 18:00:00,14.437,62.409
2008-04-23 18:15:00,-0.9142,44.905
2008-04-23 18:30:00,2.0047,39.041
2008-04-23 18:45:00,10.513,4.5775
2008-04-23 19:00:00,1.9851,-3.5843
2008-04-23 19:15:00,0.4905,-3.2699
2008-04-23 19:30:00,0.0088,-2.5355
2008-04-23 19:45:00,-0.0117,-2.6375
2008-04-23 20:00:00,-0.012,-2.249
2008-04-23 20:15:00,-0.0054,-2.2824
2008-04-23 20:30:00,-0.0043,-2.5363
2008-04-23 20:45:00,-0.0193,-2.7309
2008-04-23 21:00:00,0.0144,-2.4293
2008-04-23 21:15:00,-0.0172,-2.9517
2008-04-23 21:30:00,-0.0048,-3.1426
2008-04-23 21:45:00,0.011,-2.4743
2008-04-23 22:00:00,0.005,-2.9411
2008-04-23 22:15:00,0.0001,-4.0247
2008-04-23 22:30:00,-0.0022,-4.1471
2008-04-23 22:45:00,-0.0038,-3.7842
2008-04-23 23:00:00,-0.0316,-3.6639
2008-04-23 23:15:00,-0.054,-3.5733
2008-04-23 23:30:00,-0.0138,-3.7827
2008-04-23 23:45:00,-0.0125,-3.9959
2008-04-24 00:00:00,-0.033,-3.857
2008-04-24 00:15:00,-0.0221,-3.8829
2008-04-24 00:30:00,-0.0211,-3.8774
2008-04-24 00:45:00,0.0061,-3.8905
2008-04-24 01:00:00,0.0044,-3.37
2008-04-24 01:15:00,-0.0111,-3.031
2008-04-24 01:30:00,-0.0461,-3.5054
2008-04-24 01:45:00,0.0085,-2.7033
2008-04-24 02:00:00,0.0368,-2.9554
2008-04-24 02:15:00,-0.0184,-3.6763
2008-04-24 02:30:00,-0.0143,-4.0858
2008-04-24 02:45:00,-0.0249,-4.3972
2008-04-24 03:00:00,0.0133,-3.995
2008-04-24 03:15:00,-0.0329,-3.971
2008-04-24 03:30:00,-0.0055,-3.8786
2008-04-24 03:45:00,-0.0159,-3.8325
2008-04-24 04:00:00,-0.0362,-2.9542
2008-04-24 04:15:00,-0.0056,-3.5696
2008-04-24 04:30:00,0.0292,-2.8339
2008-04-24 04:45:00,0.052,-3.0861
2008-04-24 05:00:00,0.72,-3.2289
2008-04-24 05:15:00,2.682,-0.6228
2008-04-24 05:30:00,10.932,10.211
2008-04-24 05:45:00,0.4555,28.503
2008-04-24 06:00:00,-0.1228,47.318
2008-04-24 06:15:00,11.754,70.467
2008-04-24 06:30:00,37.59,110.12
2008-04-24 06:45:00,84.283,163.39
2008-04-24 07:00:00,143.6,219.88
2008-04-24 07:15:00,213.07,281.85
2008-04-24 07:30:00,290.53,347.33
2008-04-24 07:45:00,362.43,407.91
2008-04-24 08:00:00,415.79,452.51
2008-04-24 08:15:00,519.37,543.55
2008-04-24 08:30:00,516.22,539.16
2008-04-24 08:45:00,577.67,607.42
2008-04-24 09:00:00,657.36,661.83
2008-04-24 09:15:00,750.42,755.08
2008-04-24 09:30:00,833.36,834.55
2008-04-24 09:45:00,931.02,937.93
2008-04-24 10:00:00,889.93,912.25
2008-04-24 10:15:00,783.98,801.54
2008-04-24 10:30:00,952.65,983.59
2008-04-24 10:45:00,880.18,915.71
2008-04-24 11:00:00,789.98,805.37
2008-04-24 11:15:00,1048.9,1088.7
2008-04-24 11:30:00,1021.4,1067.9
2008-04-24 11:45:00,1020.7,1070.9
2008-04-24 12:00:00,1049.1,1103.8
2008-04-24 12:15:00,882.5,922.33
2008-04-24 12:30:00,920.92,957.61
2008-04-24 12:45:00,379.61,423.2
2008-04-24 13:00:00,335.87,367.72
2008-04-24 13:15:00,957.73,957.28
2008-04-24 13:30:00,919.87,951.97
2008-04-24 13:45:00,988.89,1033.8
2008-04-24 14:00:00,833.87,879.81
2008-04-24 14:15:00,850.81,904.65
2008-04-24 14:30:00,839.38,875.68
2008-04-24 14:45:00,382.72,419.31
2008-04-24 15:00:00,303.08,352.88
2008-04-24 15:15:00,264.56,307.29
2008-04-24 15:30:00,438.55,484.22
2008-04-24 15:45:00,435.95,483.87
2008-04-24 16:00:00,92.412,147.97
2008-04-24 16:15:00,55.264,109.83
2008-04-24 16:30:00,142.05,198.04
2008-04-24 16:45:00,167.91,227.99
2008-04-24 17:00:00,100.56,168.09
2008-04-24 17:15:00,73.961,137.34
2008-04-24 17:30:00,64.537,167.56
2008-04-24 17:45:00,27.609,106.98
2008-04-24 18:00:00,4.353,55.894
2008-04-24 18:15:00,0.1069,34.604
2008-04-24 18:30:00,6.7967,22.325
2008-04-24 18:45:00,10.144,6.0435
2008-04-24 19:00:00,1.9508,-1.4222
2008-04-24 19:15:00,0.5798,-2.5244
2008-04-24 19:30:00,-0.0411,-1.5874
2008-04-24 19:45:00,-0.0002,-1.6524
2008-04-24 20:00:00,-0.0186,-1.7451
2008-04-24 20:15:00,-0.0125,-1.7784
2008-04-24 20:30:00,-0.0091,-1.8008
2008-04-24 20:45:00,-0.0057,-1.6396
2008-04-24 21:00:00,-0.0019,-1.7638
2008-04-24 21:15:00,-0.0133,-2.6292
2008-04-24 21:30:00,0.0051,-2.1198
2008-04-24 21:45:00,-0.0107,-1.2045
2008-04-24 22:00:00,-0.0108,-2.0942
2008-04-24 22:15:00,-0.0363,-3.3212
2008-04-24 22:30:00,-0.0175,-2.2648
2008-04-24 22:45:00,-0.0446,-2.8006
2008-04-24 23:00:00,0.0201,-2.519
2008-04-24 23:15:00,-0.0118,-1.6312
2008-04-24 23:30:00,-0.0365,-0.2336
2008-04-24 23:45:00,0.0042,0.0723
2008-04-25 00:00:00,-0.0184,-0.102
2008-04-25 00:15:00,-0.0238,-0.0575
2008-04-25 00:30:00,0.0273,-0.432
2008-04-25 00:45:00,0.0083,-0.7454
2008-04-25 01:00:00,0.0017,-1.3184
2008-04-25 01:15:00,-0.0048,-1.8005
2008-04-25 01:30:00,0.0056,-2.1528
2008-04-25 01:45:00,-0.0115,-3.4639
2008-04-25 02:00:00,-0.0199,-3.6271
2008-04-25 02:15:00,-0.0088,-4.0407
2008-04-25 02:30:00,-0.0083,-3.8479
2008-04-25 02:45:00,-0.0221,-3.7517
2008-04-25 03:00:00,0.0067,-3.6906
2008-04-25 03:15:00,-0.0004,-3.394
2008-04-25 03:30:00,-0.0132,-2.8822
2008-04-25 03:45:00,0.017,-3.2866
2008-04-25 04:00:00,-0.0065,-3.984
2008-04-25 04:15:00,-0.0034,-3.2941
2008-04-25 04:30:00,0.0336,-3.231
2008-04-25 04:45:00,0.0888,-3.7689
2008-04-25 05:00:00,0.7771,-3.385
2008-04-25 05:15:00,4.5886,0.9608
2008-04-25 05:30:00,9.965,15.133
2008-04-25 05:45:00,-1.1537,33.482
2008-04-25 06:00:00,0.2429,51.954
2008-04-25 06:15:00,14.635,77.337
2008-04-25 06:30:00,47.041,124.86
2008-04-25 06:45:00,94.085,174.49
2008-04-25 07:00:00,159.05,232.52
2008-04-25 07:15:00,226.45,288.47
2008-04-25 07:30:00,314.57,360.87
2008-04-25 07:45:00,399.95,429.45
2008-04-25 08:00:00,498.89,512.3
2008-04-25 08:15:00,576.14,575.4
2008-04-25 08:30:00,646.95,629.91
2008-04-25 08:45:00,711.67,685.85
2008-04-25 09:00:00,791.69,755.87
2008-04-25 09:15:00,851.13,809.65
2008-04-25 09:30:00,874.82,829.27
2008-04-25 09:45:00,935.57,891.96
2008-04-25 10:00:00,969.61,930.7
2008-04-25 10:15:00,1011.7,969.56
2008-04-25 10:30:00,1007.1,969.58
2008-04-25 10:45:00,1044.4,1022.4
2008-04-25 11:00:00,1092.0,1066.1
2008-04-25 11:15:00,1121.5,1090.7
2008-04-25 11:30:00,1143.6,1116.4
2008-04-25 11:45:00,1152.4,1117.8
2008-04-25 12:00:00,1117.4,1114.8
2008-04-25 12:15:00,1132.2,1113.4
2008-04-25 12:30:00,1115.6,1104.7
2008-04-25 12:45:00,1098.8,1085.9
2008-04-25 13:00:00,1074.9,1060.3
2008-04-25 13:15:00,1055.5,1049.6
2008-04-25 13:30:00,978.08,989.27
2008-04-25 13:45:00,1000.1,1008.0
2008-04-25 14:00:00,898.56,913.04
2008-04-25 14:15:00,825.2,827.7
2008-04-25 14:30:00,870.53,863.47
2008-04-25 14:45:00,819.95,825.71
2008-04-25 15:00:00,756.0,766.88
2008-04-25 15:15:00,708.31,725.51
2008-04-25 15:30:00,643.77,671.14
2008-04-25 15:45:00,562.81,600.89
2008-04-25 16:00:00,484.43,527.48
2008-04-25 16:15:00,406.04,460.7
2008-04-25 16:30:00,343.13,402.37
2008-04-25 16:45:00,270.17,338.8
2008-04-25 17:00:00,198.76,275.84
2008-04-25 17:15:00,132.72,216.99
2008-04-25 17:30:00,58.257,160.93
2008-04-25 17:45:00,21.888,95.368
2008-04-25 18:00:00,1.461,52.531
2008-04-25 18:15:00,-1.0671,34.791
2008-04-25 18:30:00,8.9928,18.685
2008-04-25 18:45:00,11.569,5.4748
2008-04-25 19:00:00,2.1806,-2.2784
2008-04-25 19:15:00,0.5902,-4.3051
2008-04-25 19:30:00,0.0276,-4.1906
2008-04-25 19:45:00,-0.0187,-4.3504
2008-04-25 20:00:00,0.0087,-4.5897
2008-04-25 20:15:00,-0.0148,-4.1137
2008-04-25 20:30:00,-0.0148,-3.4191
2008-04-25 20:45:00,0.0151,-4.5295
2008-04-25 21:00:00,-0.001,-4.1981
2008-04-25 21:15:00,-0.0134,-4.228
2008-04-25 21:30:00,0.0372,-4.5063
2008-04-25 21:45:00,0.0075,-3.9188
2008-04-25 22:00:00,-0.025,-3.8874
2008-04-25 22:15:00,-0.0169,-3.4482
2008-04-25 22:30:00,-0.0272,-3.1888
2008-04-25 22:45:00,-0.0108,-3.0351
2008-04-25 23:00:00,-0.0106,-2.299
2008-04-25 23:15:00,0.0242,-3.2392
2008-04-25 23:30:00,0.0077,-2.6014
2008-04-25 23:45:00,0.0098,-1.6947
2008-04-26 00:00:00,-0.0309,-1.3276
2008-04-26 00:15:00,0.015,-1.285
2008-04-26 00:30:00,-0.0239,-2.1063
2008-04-26 00:45:00,0.0238,-1.8708
2008-04-26 01:00:00,0.0053,-2.3381
2008-04-26 01:15:00,-0.001,-1.8801
2008-04-26 01:30:00,-0.0317,-2.6291
2008-04-26 01:45:00,-0.0054,-1.576
2008-04-26 02:00:00,0.0139,-1.3053
2008-04-26 02:15:00,0.0028,-2.364
2008-04-26 02:30:00,-0.0332,-2.0117
2008-04-26 02:45:00,-0.0064,-1.5834
2008-04-26 03:00:00,-0.0305,-0.8585
2008-04-26 03:15:00,0.0076,-1.1533
2008-04-26 03:30:00,-0.009,-2.7737
2008-04-26 03:45:00,-0.0325,-1.233
2008-04-26 04:00:00,-0.0186,-0.4469
2008-04-26 04:15:00,0.0104,-0.6991
2008-04-26 04:30:00,-0.016,-2.0527
2008-04-26 04:45:00,0.0407,-2.1287
2008-04-26 05:00:00,0.8607,-2.0526
2008-04-26 05:15:00,3.4512,1.0013
2008-04-26 05:30:00,11.835,11.54
2008-04-26 05:45:00,0.3662,32.341
2008-04-26 06:00:00,2.958,55.786
2008-04-26 06:15:00,16.031,79.953
2008-04-26 06:30:00,45.721,123.02
2008-04-26 06:45:00,88.375,172.76
2008-04-26 07:00:00,150.27,232.45
2008-04-26 07:15:00,224.41,293.29
2008-04-26 07:30:00,306.41,357.31
2008-04-26 07:45:00,388.14,420.86
2008-04-26 08:00:00,473.49,489.65
2008-04-26 08:15:00,556.58,559.33
2008-04-26 08:30:00,637.13,627.19
2008-04-26 08:45:00,719.11,691.64
2008-04-26 09:00:00,784.29,749.2
2008-04-26 09:15:00,567.75,566.17
2008-04-26 09:30:00,269.25,299.46
2008-04-26 09:45:00,795.49,761.81
2008-04-26 10:00:00,513.98,502.51
2008-04-26 10:15:00,256.65,271.96
2008-04-26 10:30:00,115.49,143.83
2008-04-26 10:45:00,34.97,77.653
2008-04-26 11:00:00,100.71,129.63
2008-04-26 11:15:00,157.88,171.36
2008-04-26 11:30:00,241.88,223.2
2008-04-26 11:45:00,519.29,429.43
2008-04-26 12:00:00,683.21,599.91
2008-04-26 12:15:00,735.29,692.57
2008-04-26 12:30:00,674.24,668.45
2008-04-26 12:45:00,536.91,544.21
2008-04-26 13:00:00,416.11,412.02
2008-04-26 13:15:00,183.32,210.1
2008-04-26 13:30:00,64.776,103.49
2008-04-26 13:45:00,486.82,481.64
2008-04-26 14:00:00,634.56,618.48
2008-04-26 14:15:00,589.73,586.47
2008-04-26 14:30:00,708.06,720.57
2008-04-26 14:45:00,672.74,668.65
2008-04-26 15:00:00,449.98,467.48
2008-04-26 15:15:00,520.45,547.4
2008-04-26 15:30:00,562.91,576.77
2008-04-26 15:45:00,562.39,582.05
2008-04-26 16:00:00,535.72,565.39
2008-04-26 16:15:00,405.61,449.04
2008-04-26 16:30:00,349.15,403.38
2008-04-26 16:45:00,270.71,338.79
2008-04-26 17:00:00,214.73,296.31
2008-04-26 17:15:00,133.8,231.87
2008-04-26 17:30:00,39.146,174.2
2008-04-26 17:45:00,5.2416,93.085
2008-04-26 18:00:00,-2.4987,41.242
2008-04-26 18:15:00,2.1566,28.412
2008-04-26 18:30:00,8.7771,17.277
2008-04-26 18:45:00,12.869,6.3005
2008-04-26 19:00:00,2.9895,-0.5189
2008-04-26 19:15:00,0.7344,-3.582
2008-04-26 19:30:00,0.0603,-4.1365
2008-04-26 19:45:00,-0.0266,-4.2631
2008-04-26 20:00:00,-0.003,-4.1578
2008-04-26 20:15:00,0.0164,-4.1267
2008-04-26 20:30:00,0.0061,-3.9825
2008-04-26 20:45:00,0.0225,-4.12
2008-04-26 21:00:00,0.0314,-4.1314
2008-04-26 21:15:00,-0.0168,-3.8498
2008-04-26 21:30:00,0.0014,-3.8741
2008-04-26 21:45:00,0.018,-3.7964
2008-04-26 22:00:00,-0.0186,-3.6556
2008-04-26 22:15:00,-0.0205,-3.0195
2008-04-26 22:30:00,-0.0404,-1.3985
2008-04-26 22:45:00,-0.0261,-1.2761
2008-04-26 23:00:00,0.0001,-1.4226
2008-04-26 23:15:00,-0.0033,-0.8161
2008-04-26 23:30:00,-0.0096,-1.814
2008-04-26 23:45:00,-0.0289,-1.6007
2008-04-27 00:00:00,0.0115,-1.0387
2008-04-27 00:15:00,0.0275,-0.8068
2008-04-27 00:30:00,-0.0298,-1.4857
2008-04-27 00:45:00,0.0219,-2.0365
2008-04-27 01:00:00,-0.0068,-2.4836
2008-04-27 01:15:00,-0.0003,-3.4778
2008-04-27 01:30:00,0.0159,-3.8061
2008-04-27 01:45:00,-0.0318,-3.2274
2008-04-27 02:00:00,0.013,-2.5505
2008-04-27 02:15:00,0.0151,-2.0276
2008-04-27 02:30:00,-0.008,-1.8496
2008-04-27 02:45:00,-0.0048,-2.3839
2008-04-27 03:00:00,0.0,-2.8533
2008-04-27 03:15:00,-0.0156,-2.974
2008-04-27 03:30:00,-0.0011,-3.1448
2008-04-27 03:45:00,0.0156,-3.837
2008-04-27 04:00:00,-0.0198,-3.1061
2008-04-27 04:15:00,-0.0285,-3.0617
2008-04-27 04:30:00,0.0044,-2.7835
2008-04-27 04:45:00,0.1588,-2.4867
2008-04-27 05:00:00,1.201,-2.0543
2008-04-27 05:15:00,6.8779,3.3403
2008-04-27 05:30:00,11.163,18.25
2008-04-27 05:45:00,-0.6935,44.985
2008-04-27 06:00:00,2.3139,69.164
2008-04-27 06:15:00,26.778,100.13
2008-04-27 06:30:00,69.246,144.92
2008-04-27 06:45:00,110.7,193.32
2008-04-27 07:00:00,154.49,244.51
2008-04-27 07:15:00,218.04,293.16
2008-04-27 07:30:00,293.95,352.83
2008-04-27 07:45:00,372.29,421.76
2008-04-27 08:00:00,458.36,497.04
2008-04-27 08:15:00,540.98,570.6
2008-04-27 08:30:00,609.0,631.1
2008-04-27 08:45:00,676.18,691.69
2008-04-27 09:00:00,731.39,745.52
2008-04-27 09:15:00,810.4,802.08
2008-04-27 09:30:00,873.78,850.75
2008-04-27 09:45:00,923.12,896.27
2008-04-27 10:00:00,962.67,939.45
2008-04-27 10:15:00,996.88,979.34
2008-04-27 10:30:00,1025.1,1013.0
2008-04-27 10:45:00,1057.7,1043.6
2008-04-27 11:00:00,1064.4,1064.8
2008-04-27 11:15:00,1067.0,1082.2
2008-04-27 11:30:00,1070.9,1093.6
2008-04-27 11:45:00,1084.3,1104.8
2008-04-27 12:00:00,1085.6,1104.8
2008-04-27 12:15:00,1083.5,1102.8
2008-04-27 12:30:00,1086.4,1101.7
2008-04-27 12:45:00,1074.7,1092.2
2008-04-27 13:00:00,1063.1,1079.2
2008-04-27 13:15:00,1026.8,1053.3
2008-04-27 13:30:00,1009.2,1035.6
2008-04-27 13:45:00,990.74,1008.8
2008-04-27 14:00:00,953.92,973.02
2008-04-27 14:15:00,907.75,931.99
2008-04-27 14:30:00,830.44,866.78
2008-04-27 14:45:00,815.9,842.97
2008-04-27 15:00:00,766.61,794.94
2008-04-27 15:15:00,702.79,736.2
2008-04-27 15:30:00,640.39,679.97
2008-04-27 15:45:00,579.67,619.94
2008-04-27 16:00:00,514.89,560.92
2008-04-27 16:15:00,437.84,495.46
2008-04-27 16:30:00,357.31,426.21
2008-04-27 16:45:00,278.17,358.28
2008-04-27 17:00:00,204.02,295.62
2008-04-27 17:15:00,125.83,232.57
2008-04-27 17:30:00,34.615,176.36
2008-04-27 17:45:00,-2.0122,98.471
2008-04-27 18:00:00,0.3876,39.947
2008-04-27 18:15:00,4.2301,29.556
2008-04-27 18:30:00,10.106,18.564
2008-04-27 18:45:00,15.73,7.2042
2008-04-27 19:00:00,4.8621,-0.6943
2008-04-27 19:15:00,0.7396,-3.8699
2008-04-27 19:30:00,0.0555,-4.013
2008-04-27 19:45:00,-0.0036,-3.669
2008-04-27 20:00:00,-0.017,-3.9156
2008-04-27 20:15:00,0.0104,-4.6643
2008-04-27 20:30:00,-0.0539,-5.0738
2008-04-27 20:45:00,-0.0356,-4.3034
2008-04-27 21:00:00,0.0002,-4.2758
2008-04-27 21:15:00,0.0271,-3.4645
2008-04-27 21:30:00,-0.0394,-3.2887
2008-04-27 21:45:00,-0.0039,-1.9511
2008-04-27 22:00:00,-0.0003,-2.5851
2008-04-27 22:15:00,-0.0114,-3.7934
2008-04-27 22:30:00,0.0065,-4.2828
2008-04-27 22:45:00,-0.0186,-4.483
2008-04-27 23:00:00,0.0485,-4.2645
2008-04-27 23:15:00,0.0303,-3.9088
2008-04-27 23:30:00,0.0229,-4.0941
2008-04-27 23:45:00,0.0197,-3.868
2008-04-28 00:00:00,-0.0312,-4.0591
2008-04-28 00:15:00,-0.0012,-3.8236
2008-04-28 00:30:00,0.0041,-3.8126
2008-04-28 00:45:00,-0.0056,-4.567
2008-04-28 01:00:00,0.011,-4.5151
2008-04-28 01:15:00,-0.0277,-4.2983
2008-04-28 01:30:00,0.0119,-4.0871
2008-04-28 01:45:00,-0.0525,-4.063
2008-04-28 02:00:00,-0.0474,-4.1687
2008-04-28 02:15:00,-0.0135,-4.0816
2008-04-28 02:30:00,-0.0039,-4.3429
2008-04-28 02:45:00,-0.0144,-4.0333
2008-04-28 03:00:00,-0.014,-4.3893
2008-04-28 03:15:00,-0.004,-4.3727
2008-04-28 03:30:00,0.0003,-4.0873
2008-04-28 03:45:00,-0.0108,-3.5832
2008-04-28 04:00:00,-0.0042,-2.5972
2008-04-28 04:15:00,0.0003,-2.7494
2008-04-28 04:30:00,0.0002,-3.3092
2008-04-28 04:45:00,0.2683,-4.023
2008-04-28 05:00:00,1.7536,-1.8799
2008-04-28 05:15:00,10.423,5.0522
2008-04-28 05:30:00,9.1087,19.986
2008-04-28 05:45:00,-0.0784,41.437
2008-04-28 06:00:00,6.7008,68.165
2008-04-28 06:15:00,22.129,85.853
2008-04-28 06:30:00,63.127,145.77
2008-04-28 06:45:00,112.55,204.16
2008-04-28 07:00:00,172.95,260.66
2008-04-28 07:15:00,148.66,219.91
2008-04-28 07:30:00,226.96,293.42
2008-04-28 07:45:00,311.07,363.81
2008-04-28 08:00:00,229.32,279.51
2008-04-28 08:15:00,161.9,211.84
2008-04-28 08:30:00,172.64,221.3
2008-04-28 08:45:00,204.36,252.62
2008-04-28 09:00:00,301.84,345.28
2008-04-28 09:15:00,494.97,514.44
2008-04-28 09:30:00,833.7,841.25
2008-04-28 09:45:00,615.61,628.13
2008-04-28 10:00:00,220.38,260.57
2008-04-28 10:15:00,146.26,185.83
2008-04-28 10:30:00,147.58,185.23
2008-04-28 10:45:00,166.46,201.64
2008-04-28 11:00:00,193.83,225.87
2008-04-28 11:15:00,195.29,227.93
2008-04-28 11:30:00,201.73,232.94
2008-04-28 11:45:00,323.11,344.16
2008-04-28 12:00:00,630.89,637.27
2008-04-28 12:15:00,724.75,747.04
2008-04-28 12:30:00,560.41,593.31
2008-04-28 12:45:00,684.56,695.88
2008-04-28 13:00:00,1122.5,1144.5
2008-04-28 13:15:00,1079.5,1115.0
2008-04-28 13:30:00,1051.0,1089.8
2008-04-28 13:45:00,951.09,999.06
2008-04-28 14:00:00,936.66,965.8
2008-04-28 14:15:00,997.6,1005.9
2008-04-28 14:30:00,976.4,994.91
2008-04-28 14:45:00,859.01,870.0
2008-04-28 15:00:00,822.83,846.51
2008-04-28 15:15:00,710.56,742.2
2008-04-28 15:30:00,429.97,473.48
2008-04-28 15:45:00,258.5,315.4
2008-04-28 16:00:00,85.227,146.78
2008-04-28 16:15:00,33.589,97.268
2008-04-28 16:30:00,191.75,258.83
2008-04-28 16:45:00,291.85,371.31
2008-04-28 17:00:00,263.66,359.44
2008-04-28 17:15:00,177.03,291.42
2008-04-28 17:30:00,56.761,209.61
2008-04-28 17:45:00,7.8277,115.7
2008-04-28 18:00:00,-2.9493,47.071
2008-04-28 18:15:00,1.6662,34.966
2008-04-28 18:30:00,11.399,20.68
2008-04-28 18:45:00,16.561,7.0932
2008-04-28 19:00:00,4.6976,-1.364
2008-04-28 19:15:00,0.9306,-4.3143
2008-04-28 19:30:00,0.1224,-4.1333
2008-04-28 19:45:00,0.0094,-3.9061
2008-04-28 20:00:00,-0.0362,-4.2008
2008-04-28 20:15:00,0.0004,-3.4735
2008-04-28 20:30:00,0.0148,-3.5348
2008-04-28 20:45:00,-0.0081,-3.5981
2008-04-28 21:00:00,0.0016,-3.7578
2008-04-28 21:15:00,0.0062,-3.532
2008-04-28 21:30:00,-0.0363,-3.5451
2008-04-28 21:45:00,0.0161,-3.3452
2008-04-28 22:00:00,0.0008,-3.538
2008-04-28 22:15:00,0.0198,-3.075
2008-04-28 22:30:00,-0.0017,-3.1048
2008-04-28 22:45:00,-0.0027,-2.9752
2008-04-28 23:00:00,0.0209,-3.2903
2008-04-28 23:15:00,-0.0405,-3.1514
2008-04-28 23:30:00,0.0099,-2.3585
2008-04-28 23:45:00,-0.0327,-2.2455
2008-04-29 00:00:00,-0.0086,-2.177
2008-04-29 00:15:00,-0.0046,-2.4735
2008-04-29 00:30:00,-0.0016,-2.2345
2008-04-29 00:45:00,-0.0219,-3.1127
2008-04-29 01:00:00,-0.0027,-2.7161
2008-04-29 01:15:00,-0.0049,-2.5845
2008-04-29 01:30:00,0.0266,-2.0769
2008-04-29 01:45:00,-0.0143,-2.931
2008-04-29 02:00:00,-0.013,-3.0421
2008-04-29 02:15:00,-0.0331,-3.0587
2008-04-29 02:30:00,-0.0378,-3.5238
2008-04-29 02:45:00,-0.0558,-2.7142
2008-04-29 03:00:00,-0.0399,-2.0102
2008-04-29 03:15:00,-0.0051,-2.0231
2008-04-29 03:30:00,-0.0331,-1.9639
2008-04-29 03:45:00,0.0101,-2.0194
2008-04-29 04:00:00,-0.0272,-2.6642
2008-04-29 04:15:00,-0.0228,-2.9217
2008-04-29 04:30:00,-0.0074,-3.0847
2008-04-29 04:45:00,0.1871,-2.2659
2008-04-29 05:00:00,1.6877,-1.5377
2008-04-29 05:15:00,5.2935,2.3548
2008-04-29 05:30:00,15.731,10.001
2008-04-29 05:45:00,6.5462,22.816
2008-04-29 06:00:00,-1.4512,38.562
2008-04-29 06:15:00,3.6157,53.342
2008-04-29 06:30:00,23.22,76.374
2008-04-29 06:45:00,44.477,99.825
2008-04-29 07:00:00,70.848,124.82
2008-04-29 07:15:00,99.551,152.69
2008-04-29 07:30:00,137.97,188.36
2008-04-29 07:45:00,170.23,218.04
2008-04-29 08:00:00,195.33,241.55
2008-04-29 08:15:00,227.58,273.79
2008-04-29 08:30:00,389.72,428.21
2008-04-29 08:45:00,528.69,564.65
2008-04-29 09:00:00,336.38,380.22
2008-04-29 09:15:00,365.63,401.36
2008-04-29 09:30:00,384.74,415.44
2008-04-29 09:45:00,236.45,278.55
2008-04-29 10:00:00,182.99,229.67
2008-04-29 10:15:00,280.69,315.76
2008-04-29 10:30:00,638.36,641.26
2008-04-29 10:45:00,559.68,573.08
2008-04-29 11:00:00,902.9,911.1
2008-04-29 11:15:00,370.27,402.68
2008-04-29 11:30:00,340.83,361.41
2008-04-29 11:45:00,368.73,387.87
2008-04-29 12:00:00,371.6,384.8
2008-04-29 12:15:00,573.77,572.17
2008-04-29 12:30:00,814.23,822.05
2008-04-29 12:45:00,318.74,356.03
2008-04-29 13:00:00,267.24,293.91
2008-04-29 13:15:00,687.51,693.43
2008-04-29 13:30:00,1048.5,1072.6
2008-04-29 13:45:00,943.07,999.39
2008-04-29 14:00:00,654.96,709.28
2008-04-29 14:15:00,727.96,783.15
2008-04-29 14:30:00,633.65,662.6
2008-04-29 14:45:00,629.62,677.16
2008-04-29 15:00:00,515.31,570.68
2008-04-29 15:15:00,497.31,551.36
2008-04-29 15:30:00,703.34,752.33
2008-04-29 15:45:00,554.64,610.26
2008-04-29 16:00:00,516.13,576.77
2008-04-29 16:15:00,435.53,507.45
2008-04-29 16:30:00,366.46,446.25
2008-04-29 16:45:00,264.57,357.17
2008-04-29 17:00:00,197.63,305.06
2008-04-29 17:15:00,109.39,232.13
2008-04-29 17:30:00,22.173,178.78
2008-04-29 17:45:00,4.4476,105.04
2008-04-29 18:00:00,7.1265,32.706
2008-04-29 18:15:00,7.4193,24.615
2008-04-29 18:30:00,11.62,16.001
2008-04-29 18:45:00,17.79,6.1016
2008-04-29 19:00:00,6.1543,0.2868
2008-04-29 19:15:00,1.047,-3.2605
2008-04-29 19:30:00,0.1028,-4.1899
2008-04-29 19:45:00,-0.0235,-3.8756
2008-04-29 20:00:00,0.001,-2.8135
2008-04-29 20:15:00,-0.0264,-2.9136
2008-04-29 20:30:00,0.0176,-2.9157
2008-04-29 20:45:00,0.0291,-3.0715
2008-04-29 21:00:00,-0.0245,-3.3791
2008-04-29 21:15:00,-0.0145,-2.796
2008-04-29 21:30:00,-0.0352,-2.8074
2008-04-29 21:45:00,-0.0164,-3.452
2008-04-29 22:00:00,0.0066,-3.0522
2008-04-29 22:15:00,-0.0326,-3.5504
2008-04-29 22:30:00,-0.014,-3.3579
2008-04-29 22:45:00,-0.0204,-3.7321
2008-04-29 23:00:00,-0.0006,-4.1267
2008-04-29 23:15:00,-0.0001,-4.0064
2008-04-29 23:30:00,-0.0206,-2.4247
2008-04-29 23:45:00,-0.0048,-2.9268
2008-04-30 00:00:00,-0.0058,-3.2548
2008-04-30 00:15:00,-0.0068,-4.2069
2008-04-30 00:30:00,-0.0223,-4.0809
2008-04-30 00:45:00,-0.0254,-4.0347
2008-04-30 01:00:00,-0.0067,-3.6161
2008-04-30 01:15:00,0.0016,-3.3309
2008-04-30 01:30:00,0.0162,-3.2402
2008-04-30 01:45:00,0.0422,-2.8215
2008-04-30 02:00:00,-0.0094,-2.6307
2008-04-30 02:15:00,-0.0052,-3.6367
2008-04-30 02:30:00,-0.0029,-3.7312
2008-04-30 02:45:00,0.0068,-3.4014
2008-04-30 03:00:00,0.0054,-3.2755
2008-04-30 03:15:00,-0.043,-3.4199
2008-04-30 03:30:00,0.0144,-3.4218
2008-04-30 03:45:00,-0.0149,-3.5479
2008-04-30 04:00:00,0.0115,-3.5386
2008-04-30 04:15:00,-0.0111,-4.5019
2008-04-30 04:30:00,-0.0092,-4.1741
2008-04-30 04:45:00,0.332,-2.7087
2008-04-30 05:00:00,1.7063,-1.7546
2008-04-30 05:15:00,9.7225,4.3504
2008-04-30 05:30:00,9.9633,18.688
2008-04-30 05:45:00,-0.0241,36.378
2008-04-30 06:00:00,-2.7316,50.365
2008-04-30 06:15:00,6.1375,71.938
2008-04-30 06:30:00,27.946,118.96
2008-04-30 06:45:00,78.987,173.29
2008-04-30 07:00:00,144.09,233.84
2008-04-30 07:15:00,218.85,299.84
2008-04-30 07:30:00,294.17,366.71
2008-04-30 07:45:00,367.62,429.29
2008-04-30 08:00:00,439.95,492.04
2008-04-30 08:15:00,506.85,552.51
2008-04-30 08:30:00,573.43,612.8
2008-04-30 08:45:00,641.62,670.83
2008-04-30 09:00:00,702.43,729.5
2008-04-30 09:15:00,760.07,784.31
2008-04-30 09:30:00,802.91,828.43
2008-04-30 09:45:00,845.05,876.54
2008-04-30 10:00:00,889.03,920.43
2008-04-30 10:15:00,915.53,953.41
2008-04-30 10:30:00,945.41,988.6
2008-04-30 10:45:00,984.0,1020.5
2008-04-30 11:00:00,991.81,1037.6
2008-04-30 11:15:00,992.01,1057.3
2008-04-30 11:30:00,1006.0,1078.2
2008-04-30 11:45:00,1018.4,1087.5
2008-04-30 12:00:00,1028.0,1088.1
2008-04-30 12:15:00,1046.8,1101.4
2008-04-30 12:30:00,800.54,859.28
2008-04-30 12:45:00,787.51,839.14
2008-04-30 13:00:00,446.15,508.75
2008-04-30 13:15:00,613.19,665.71
2008-04-30 13:30:00,734.84,795.03
2008-04-30 13:45:00,699.15,764.96
2008-04-30 14:00:00,865.78,916.0
2008-04-30 14:15:00,902.68,970.45
2008-04-30 14:30:00,857.53,906.49
2008-04-30 14:45:00,820.42,862.58
2008-04-30 15:00:00,789.05,828.7
2008-04-30 15:15:00,786.22,823.09
2008-04-30 15:30:00,518.11,577.88
2008-04-30 15:45:00,423.13,473.71
2008-04-30 16:00:00,353.44,415.39
2008-04-30 16:15:00,517.76,584.56
2008-04-30 16:30:00,252.81,323.55
2008-04-30 16:45:00,175.51,231.52
2008-04-30 17:00:00,177.78,257.75
2008-04-30 17:15:00,88.118,157.24
2008-04-30 17:30:00,31.838,84.806
2008-04-30 17:45:00,-1.3006,50.535
2008-04-30 18:00:00,-0.3464,40.028
2008-04-30 18:15:00,8.8874,23.521
2008-04-30 18:30:00,16.386,11.167
2008-04-30 18:45:00,10.939,4.065
2008-04-30 19:00:00,2.9486,-0.4145
2008-04-30 19:15:00,0.9572,-2.5705
2008-04-30 19:30:00,0.1365,-2.3135
2008-04-30 19:45:00,-0.0026,-1.9268
2008-04-30 20:00:00,0.0343,-1.5826
2008-04-30 20:15:00,-0.0109,-1.7272
2008-04-30 20:30:00,0.0226,-2.1068
2008-04-30 20:45:00,-0.0204,-2.7161
2008-04-30 21:00:00,-0.0312,-2.2793
2008-04-30 21:15:00,-0.0016,-2.4701
2008-04-30 21:30:00,0.0081,-2.3572
2008-04-30 21:45:00,0.0053,-2.4369
2008-04-30 22:00:00,0.0227,-2.0871
2008-04-30 22:15:00,-0.0487,-2.2576
2008-04-30 22:30:00,0.0014,-1.8762
2008-04-30 22:45:00,-0.0122,-1.7669
2008-04-30 23:00:00,-0.0551,-1.6225
2008-04-30 23:15:00,-0.0232,-1.643
2008-04-30 23:30:00,-0.0323,-1.706
2008-04-30 23:45:00,-0.0527,-1.632
2008-05-01 00:00:00,-0.0291,-1.671
2008-05-01 00:15:00,-0.0116,-1.6674
2008-05-01 00:30:00,-0.0024,-1.8416
2008-05-01 00:45:00,0.0027,-1.9918
2008-05-01 01:00:00,-0.011,-1.953
2008-05-01 01:15:00,-0.0198,-1.855
2008-05-01 01:30:00,0.0077,-1.9255
2008-05-01 01:45:00,-0.0149,-1.3269
2008-05-01 02:00:00,-0.0214,-1.0342
2008-05-01 02:15:00,-0.0521,-1.4827
2008-05-01 02:30:00,0.0014,-2.0667
2008-05-01 02:45:00,0.0194,-2.1594
2008-05-01 03:00:00,-0.0012,-0.5338
2008-05-01 03:15:00,0.0176,-1.6683
2008-05-01 03:30:00,-0.0001,-2.4043
2008-05-01 03:45:00,-0.0151,-1.8149
2008-05-01 04:00:00,-0.0016,-1.9706
2008-05-01 04:15:00,0.0051,-1.4794
2008-05-01 04:30:00,0.0035,-1.0716
2008-05-01 04:45:00,0.1798,-0.6508
2008-05-01 05:00:00,0.9439,-0.1428
2008-05-01 05:15:00,1.6099,0.8622
2008-05-01 05:30:00,4.0399,3.5228
2008-05-01 05:45:00,12.744,9.4687
2008-05-01 06:00:00,14.966,10.596
2008-05-01 06:15:00,7.7275,15.78
2008-05-01 06:30:00,7.3078,38.903
2008-05-01 06:45:00,9.0337,16.234
2008-05-01 07:00:00,4.0272,20.248
2008-05-01 07:15:00,0.3346,25.497
2008-05-01 07:30:00,3.0731,32.868
2008-05-01 07:45:00,11.226,16.117
2008-05-01 08:00:00,15.577,23.337
2008-05-01 08:15:00,9.9302,32.855
2008-05-01 08:30:00,1.0712,55.492
2008-05-01 08:45:00,5.9543,79.048
2008-05-01 09:00:00,24.343,88.331
2008-05-01 09:15:00,28.642,86.717
2008-05-01 09:30:00,32.383,87.746
2008-05-01 09:45:00,104.53,107.64
2008-05-01 10:00:00,144.37,127.55
2008-05-01 10:15:00,231.98,171.81
2008-05-01 10:30:00,310.22,233.03
2008-05-01 10:45:00,277.85,299.67
2008-05-01 11:00:00,377.48,400.48
2008-05-01 11:15:00,372.23,391.44
2008-05-01 11:30:00,261.83,289.28
2008-05-01 11:45:00,265.45,284.94
2008-05-01 12:00:00,371.44,374.68
2008-05-01 12:15:00,412.96,403.98
2008-05-01 12:30:00,393.99,382.03
2008-05-01 12:45:00,371.24,361.31
2008-05-01 13:00:00,396.77,383.33
2008-05-01 13:15:00,428.87,413.59
2008-05-01 13:30:00,404.53,392.13
2008-05-01 13:45:00,354.54,346.15
2008-05-01 14:00:00,377.99,368.93
2008-05-01 14:15:00,408.99,400.89
2008-05-01 14:30:00,482.56,467.27
2008-05-01 14:45:00,427.47,418.83
2008-05-01 15:00:00,656.46,645.11
2008-05-01 15:15:00,445.41,462.3
2008-05-01 15:30:00,290.44,308.15
2008-05-01 15:45:00,285.81,301.51
2008-05-01 16:00:00,237.54,258.05
2008-05-01 16:15:00,192.71,220.21
2008-05-01 16:30:00,155.9,191.13
2008-05-01 16:45:00,139.41,180.67
2008-05-01 17:00:00,124.09,172.81
2008-05-01 17:15:00,82.259,129.93
2008-05-01 17:30:00,48.182,94.746
2008-05-01 17:45:00,19.981,66.958
2008-05-01 18:00:00,3.6638,49.945
2008-05-01 18:15:00,-1.8428,34.852
2008-05-01 18:30:00,8.391,21.721
2008-05-01 18:45:00,13.32,8.7786
2008-05-01 19:00:00,3.1376,1.1509
2008-05-01 19:15:00,0.9012,-1.455
2008-05-01 19:30:00,0.1404,-1.9797
2008-05-01 19:45:00,-0.0088,-2.169
2008-05-01 20:00:00,-0.0105,-2.1117
2008-05-01 20:15:00,-0.0183,-1.7837
2008-05-01 20:30:00,-0.0197,-1.9934
2008-05-01 20:45:00,-0.0153,-2.4626
2008-05-01 21:00:00,0.0118,-2.0713
2008-05-01 21:15:00,0.0035,-1.9657
2008-05-01 21:30:00,-0.0278,-2.6945
2008-05-01 21:45:00,-0.0181,-2.1271
2008-05-01 22:00:00,-0.0237,-2.5276
2008-05-01 22:15:00,-0.0015,-3.0617
2008-05-01 22:30:00,0.0075,-3.2304
2008-05-01 22:45:00,0.0068,-3.0543
2008-05-01 23:00:00,-0.0136,-2.8317
2008-05-01 23:15:00,-0.0071,-3.0542
2008-05-01 23:30:00,0.0088,-2.893
2008-05-01 23:45:00,-0.0086,-2.8318
2008-05-02 00:00:00,-0.0357,-2.2124
2008-05-02 00:15:00,-0.0022,-1.8155
2008-05-02 00:30:00,-0.018,-2.2216
2008-05-02 00:45:00,-0.0174,-2.7798
2008-05-02 01:00:00,0.0078,-2.9393
2008-05-02 01:15:00,-0.0257,-2.4683
2008-05-02 01:30:00,-0.0141,-2.307
2008-05-02 01:45:00,0.0175,-2.4035
2008-05-02 02:00:00,-0.0177,-2.5054
2008-05-02 02:15:00,0.0116,-2.4182
2008-05-02 02:30:00,0.0182,-2.6612
2008-05-02 02:45:00,-0.036,-2.7354
2008-05-02 03:00:00,0.0047,-2.7503
2008-05-02 03:15:00,-0.0093,-2.6001
2008-05-02 03:30:00,-0.0187,-2.6334
2008-05-02 03:45:00,0.0044,-2.409
2008-05-02 04:00:00,0.0242,-2.1494
2008-05-02 04:15:00,-0.0263,-2.0659
2008-05-02 04:30:00,0.0094,-2.0604
2008-05-02 04:45:00,0.3706,-1.7618
2008-05-02 05:00:00,1.0681,-0.8456
2008-05-02 05:15:00,3.2938,1.6912
2008-05-02 05:30:00,10.616,5.552
2008-05-02 05:45:00,13.4,10.603
2008-05-02 06:00:00,6.6272,17.321
2008-05-02 06:15:00,0.2477,28.203
2008-05-02 06:30:00,10.022,52.102
2008-05-02 06:45:00,38.006,83.906
2008-05-02 07:00:00,111.95,155.14
2008-05-02 07:15:00,161.42,197.34
2008-05-02 07:30:00,212.91,243.15
2008-05-02 07:45:00,349.54,368.2
2008-05-02 08:00:00,491.25,499.51
2008-05-02 08:15:00,577.59,575.2
2008-05-02 08:30:00,582.42,580.43
2008-05-02 08:45:00,600.38,598.23
2008-05-02 09:00:00,511.99,514.98
2008-05-02 09:15:00,702.19,677.51
2008-05-02 09:30:00,670.05,652.91
2008-05-02 09:45:00,383.52,380.19
2008-05-02 10:00:00,341.39,337.57
2008-05-02 10:15:00,444.98,426.65
2008-05-02 10:30:00,411.2,398.11
2008-05-02 10:45:00,427.63,411.96
2008-05-02 11:00:00,759.62,720.03
2008-05-02 11:15:00,684.98,690.0
2008-05-02 11:30:00,561.12,542.06
2008-05-02 11:45:00,664.93,627.75
2008-05-02 12:00:00,705.97,677.26
2008-05-02 12:15:00,636.83,604.91
2008-05-02 12:30:00,635.81,606.64
2008-05-02 12:45:00,530.32,524.04
2008-05-02 13:00:00,526.54,526.31
2008-05-02 13:15:00,517.51,521.04
2008-05-02 13:30:00,401.78,409.87
2008-05-02 13:45:00,413.62,412.43
2008-05-02 14:00:00,265.89,282.58
2008-05-02 14:15:00,320.09,322.48
2008-05-02 14:30:00,335.31,335.54
2008-05-02 14:45:00,295.1,304.48
2008-05-02 15:00:00,286.79,300.15
2008-05-02 15:15:00,236.4,256.82
2008-05-02 15:30:00,240.81,256.45
2008-05-02 15:45:00,227.84,247.55
2008-05-02 16:00:00,178.77,206.82
2008-05-02 16:15:00,186.12,218.12
2008-05-02 16:30:00,201.43,238.4
2008-05-02 16:45:00,281.27,334.22
2008-05-02 17:00:00,181.52,260.99
2008-05-02 17:15:00,134.45,233.36
2008-05-02 17:30:00,49.42,173.13
2008-05-02 17:45:00,7.6604,115.27
2008-05-02 18:00:00,-2.9345,48.936
2008-05-02 18:15:00,0.0643,35.908
2008-05-02 18:30:00,8.0727,25.659
2008-05-02 18:45:00,11.456,13.577
2008-05-02 19:00:00,8.1387,2.8358
2008-05-02 19:15:00,1.3548,-2.8768
2008-05-02 19:30:00,0.2339,-3.196
2008-05-02 19:45:00,-0.0332,-3.6468
2008-05-02 20:00:00,-0.0268,-3.7768
2008-05-02 20:15:00,-0.0129,-3.842
2008-05-02 20:30:00,-0.0606,-3.6365
2008-05-02 20:45:00,-0.0113,-2.9655
2008-05-02 21:00:00,0.0301,-2.3629
2008-05-02 21:15:00,0.0259,-2.4631
2008-05-02 21:30:00,0.0015,-2.7043
2008-05-02 21:45:00,0.0016,-1.4597
2008-05-02 22:00:00,0.0105,-1.5432
2008-05-02 22:15:00,0.0054,-2.4205
2008-05-02 22:30:00,-0.0064,-1.4542
2008-05-02 22:45:00,-0.0165,-1.8474
2008-05-02 23:00:00,-0.0247,-1.5006
2008-05-02 23:15:00,0.0153,-1.0684
2008-05-02 23:30:00,-0.0263,-1.4579
2008-05-02 23:45:00,0.0007,-1.048
2008-05-03 00:00:00,0.0153,-1.0572
2008-05-03 00:15:00,0.0159,-1.712
2008-05-03 00:30:00,-0.0095,-1.5804
2008-05-03 00:45:00,-0.0028,-1.8716
2008-05-03 01:00:00,0.0173,-1.6582
2008-05-03 01:15:00,0.0337,-2.1888
2008-05-03 01:30:00,-0.0034,-2.224
2008-05-03 01:45:00,0.0443,-0.8477
2008-05-03 02:00:00,-0.0169,-1.586
2008-05-03 02:15:00,-0.009,-1.5488
2008-05-03 02:30:00,-0.0255,-2.226
2008-05-03 02:45:00,-0.0283,-3.4446
2008-05-03 03:00:00,0.0555,-2.8994
2008-05-03 03:15:00,-0.0102,-2.8104
2008-05-03 03:30:00,0.0012,-3.0943
2008-05-03 03:45:00,-0.0003,-3.1425
2008-05-03 04:00:00,-0.036,-3.0554
2008-05-03 04:15:00,0.0215,-2.8959
2008-05-03 04:30:00,0.0457,-2.9942
2008-05-03 04:45:00,0.6306,-3.1927
2008-05-03 05:00:00,2.3916,-0.0093
2008-05-03 05:15:00,12.544,7.7825
2008-05-03 05:30:00,6.7007,21.589
2008-05-03 05:45:00,-0.8063,37.586
2008-05-03 06:00:00,-3.0886,48.954
2008-05-03 06:15:00,6.5873,72.535
2008-05-03 06:30:00,30.401,120.58
2008-05-03 06:45:00,82.495,175.51
2008-05-03 07:00:00,156.31,237.71
2008-05-03 07:15:00,236.47,303.2
2008-05-03 07:30:00,313.91,365.26
2008-05-03 07:45:00,396.61,432.39
2008-05-03 08:00:00,479.11,498.46
2008-05-03 08:15:00,556.15,561.37
2008-05-03 08:30:00,627.67,624.05
2008-05-03 08:45:00,690.7,681.53
2008-05-03 09:00:00,749.33,736.03
2008-05-03 09:15:00,803.04,787.5
2008-05-03 09:30:00,850.47,837.51
2008-05-03 09:45:00,894.62,882.91
2008-05-03 10:00:00,927.11,922.81
2008-05-03 10:15:00,966.25,961.12
2008-05-03 10:30:00,1000.7,993.69
2008-05-03 10:45:00,1019.5,1021.2
2008-05-03 11:00:00,1048.3,1049.6
2008-05-03 11:15:00,1059.9,1065.7
2008-05-03 11:30:00,1064.6,1076.3
2008-05-03 11:45:00,1085.7,1090.2
2008-05-03 12:00:00,1088.6,1098.1
2008-05-03 12:15:00,1105.6,1126.7
2008-05-03 12:30:00,1012.6,1041.9
2008-05-03 12:45:00,946.43,955.86
2008-05-03 13:00:00,1001.4,1015.9
2008-05-03 13:15:00,999.22,1024.9
2008-05-03 13:30:00,1000.3,1019.4
2008-05-03 13:45:00,974.13,996.85
2008-05-03 14:00:00,952.9,972.76
2008-05-03 14:15:00,898.64,920.15
2008-05-03 14:30:00,851.51,880.75
2008-05-03 14:45:00,816.21,841.99
2008-05-03 15:00:00,780.98,804.08
2008-05-03 15:15:00,718.96,751.56
2008-05-03 15:30:00,665.63,699.12
2008-05-03 15:45:00,591.54,633.02
2008-05-03 16:00:00,509.66,556.57
2008-05-03 16:15:00,348.74,406.76
2008-05-03 16:30:00,350.04,421.25
2008-05-03 16:45:00,233.71,315.72
2008-05-03 17:00:00,132.64,217.09
2008-05-03 17:15:00,83.322,169.47
2008-05-03 17:30:00,0.9851,55.827
2008-05-03 17:45:00,21.755,75.664
2008-05-03 18:00:00,6.9742,64.686
2008-05-03 18:15:00,-2.7335,50.87
2008-05-03 18:30:00,8.2559,26.394
2008-05-03 18:45:00,15.857,6.0908
2008-05-03 19:00:00,4.9597,0.4258
2008-05-03 19:15:00,1.3788,-2.75
2008-05-03 19:30:00,0.284,-3.3096
2008-05-03 19:45:00,-0.0146,-3.3803
2008-05-03 20:00:00,-0.0137,-3.3768
2008-05-03 20:15:00,-0.0016,-3.3567
2008-05-03 20:30:00,0.0266,-2.9271
2008-05-03 20:45:00,0.0171,-2.8105
2008-05-03 21:00:00,-0.0805,-3.3128
2008-05-03 21:15:00,0.0055,-3.5631
2008-05-03 21:30:00,0.0319,-3.7615
2008-05-03 21:45:00,-0.0147,-3.2577
2008-05-03 22:00:00,0.0039,-2.4183
2008-05-03 22:15:00,-0.0431,-1.9162
2008-05-03 22:30:00,-0.0404,-1.7773
2008-05-03 22:45:00,-0.0027,-2.6984
2008-05-03 23:00:00,-0.0276,-3.2341
2008-05-03 23:15:00,-0.0025,-3.6568
2008-05-03 23:30:00,-0.0344,-3.5883
2008-05-03 23:45:00,-0.0183,-3.2455
2008-05-04 00:00:00,0.0064,-2.9879
2008-05-04 00:15:00,-0.0219,-2.7562
2008-05-04 00:30:00,-0.0364,-2.7934
2008-05-04 00:45:00,-0.0329,-2.8917
2008-05-04 01:00:00,-0.0057,-2.1133
2008-05-04 01:15:00,0.0099,-2.6342
2008-05-04 01:30:00,-0.0189,-3.1237
2008-05-04 01:45:00,0.0181,-3.337
2008-05-04 02:00:00,0.0105,-2.5547
2008-05-04 02:15:00,0.025,-2.488
2008-05-04 02:30:00,0.0257,-3.0369
2008-05-04 02:45:00,0.0068,-3.4596
2008-05-04 03:00:00,0.0014,-3.3336
2008-05-04 03:15:00,-0.0215,-2.618
2008-05-04 03:30:00,-0.007,-1.9969
2008-05-04 03:45:00,-0.0243,-2.416
2008-05-04 04:00:00,-0.0276,-2.0081
2008-05-04 04:15:00,0.0168,-2.5124
2008-05-04 04:30:00,0.0285,-3.9457
2008-05-04 04:45:00,0.6769,-3.6879
2008-05-04 05:00:00,2.6346,-0.3708
2008-05-04 05:15:00,13.265,7.1094
2008-05-04 05:30:00,8.3235,20.265
2008-05-04 05:45:00,0.3496,37.288
2008-05-04 06:00:00,-0.2611,53.445
2008-05-04 06:15:00,3.7194,65.983
2008-05-04 06:30:00,28.388,120.89
2008-05-04 06:45:00,80.926,173.4
2008-05-04 07:00:00,141.69,227.84
2008-05-04 07:15:00,230.44,305.11
2008-05-04 07:30:00,310.93,372.25
2008-05-04 07:45:00,382.9,431.98
2008-05-04 08:00:00,458.61,497.14
2008-05-04 08:15:00,531.43,559.58
2008-05-04 08:30:00,616.51,635.84
2008-05-04 08:45:00,619.39,641.34
2008-05-04 09:00:00,602.26,621.44
2008-05-04 09:15:00,785.24,789.95
2008-05-04 09:30:00,835.6,843.52
2008-05-04 09:45:00,868.97,885.59
2008-05-04 10:00:00,728.22,753.86
2008-05-04 10:15:00,898.09,902.42
2008-05-04 10:30:00,691.95,709.47
2008-05-04 10:45:00,630.2,643.47
2008-05-04 11:00:00,858.75,868.21
2008-05-04 11:15:00,877.37,909.73
2008-05-04 11:30:00,891.51,914.95
2008-05-04 11:45:00,892.76,910.95
2008-05-04 12:00:00,992.73,1020.1
2008-05-04 12:15:00,960.05,1004.9
2008-05-04 12:30:00,842.85,886.03
2008-05-04 12:45:00,828.26,859.75
2008-05-04 13:00:00,708.39,734.75
2008-05-04 13:15:00,474.52,497.83
2008-05-04 13:30:00,419.25,438.5
2008-05-04 13:45:00,444.46,461.21
2008-05-04 14:00:00,371.35,392.22
2008-05-04 14:15:00,336.79,357.99
2008-05-04 14:30:00,245.35,273.57
2008-05-04 14:45:00,184.79,218.62
2008-05-04 15:00:00,184.21,216.62
2008-05-04 15:15:00,180.8,213.13
2008-05-04 15:30:00,142.82,180.81
2008-05-04 15:45:00,67.617,110.97
2008-05-04 16:00:00,51.383,94.742
2008-05-04 16:15:00,64.653,107.8
2008-05-04 16:30:00,71.958,116.45
2008-05-04 16:45:00,52.221,97.899
2008-05-04 17:00:00,44.152,91.384
2008-05-04 17:15:00,39.451,89.84
2008-05-04 17:30:00,25.876,76.121
2008-05-04 17:45:00,6.9754,57.061
2008-05-04 18:00:00,1.3729,50.786
2008-05-04 18:15:00,1.3111,43.789
2008-05-04 18:30:00,9.3211,23.046
2008-05-04 18:45:00,15.555,9.6761
2008-05-04 19:00:00,4.0424,1.4255
2008-05-04 19:15:00,0.9458,-1.3145
2008-05-04 19:30:00,0.1295,-1.9922
2008-05-04 19:45:00,-0.0042,-2.0831
2008-05-04 20:00:00,0.0072,-1.9313
2008-05-04 20:15:00,-0.015,-1.4703
2008-05-04 20:30:00,0.0219,-1.2112
2008-05-04 20:45:00,0.0106,-1.7149
2008-05-04 21:00:00,-0.0183,-1.7872
2008-05-04 21:15:00,-0.0171,-1.778
2008-05-04 21:30:00,0.0402,-1.6095
2008-05-04 21:45:00,-0.0305,-1.6429
2008-05-04 22:00:00,0.0105,-1.8856
2008-05-04 22:15:00,-0.0578,-2.332
2008-05-04 22:30:00,0.0019,-2.0411
2008-05-04 22:45:00,-0.013,-1.9968
2008-05-04 23:00:00,0.0307,-1.7023
2008-05-04 23:15:00,-0.0282,-2.0339
2008-05-04 23:30:00,-0.0161,-2.4118
2008-05-04 23:45:00,0.0028,-2.7861
2008-05-05 00:00:00,-0.0084,-2.9954
2008-05-05 00:15:00,-0.0122,-2.951
2008-05-05 00:30:00,0.0086,-3.292
2008-05-05 00:45:00,-0.0055,-3.3087
2008-05-05 01:00:00,0.0107,-3.6867
2008-05-05 01:15:00,0.0084,-3.5126
2008-05-05 01:30:00,-0.0333,-3.3331
2008-05-05 01:45:00,0.0099,-3.3035
2008-05-05 02:00:00,-0.0296,-3.2795
2008-05-05 02:15:00,-0.0142,-3.3037
2008-05-05 02:30:00,0.0055,-2.9852
2008-05-05 02:45:00,0.0166,-2.7296
2008-05-05 03:00:00,0.0295,-3.1596
2008-05-05 03:15:00,-0.0102,-3.2692
2008-05-05 03:30:00,-0.0573,-4.0347
2008-05-05 03:45:00,-0.021,-3.4417
2008-05-05 04:00:00,-0.0381,-2.7784
2008-05-05 04:15:00,-0.0031,-2.6635
2008-05-05 04:30:00,0.0355,-2.8509
2008-05-05 04:45:00,0.7888,-2.432
2008-05-05 05:00:00,3.1933,0.0649
2008-05-05 05:15:00,14.065,8.9849
2008-05-05 05:30:00,7.3002,22.684
2008-05-05 05:45:00,1.8913,36.802
2008-05-05 06:00:00,-2.8697,48.431
2008-05-05 06:15:00,3.6592,72.491
2008-05-05 06:30:00,28.033,123.89
2008-05-05 06:45:00,83.23,181.11
2008-05-05 07:00:00,152.58,240.78
2008-05-05 07:15:00,226.95,304.43
2008-05-05 07:30:00,303.4,367.55
2008-05-05 07:45:00,385.49,437.47
2008-05-05 08:00:00,462.32,503.91
2008-05-05 08:15:00,532.71,565.96
2008-05-05 08:30:00,545.27,578.04
2008-05-05 08:45:00,638.59,662.63
2008-05-05 09:00:00,690.32,704.42
2008-05-05 09:15:00,787.57,801.24
2008-05-05 09:30:00,829.78,851.63
2008-05-05 09:45:00,874.12,904.72
2008-05-05 10:00:00,916.56,943.6
2008-05-05 10:15:00,927.88,964.69
2008-05-05 10:30:00,945.16,986.19
2008-05-05 10:45:00,978.36,1034.8
2008-05-05 11:00:00,993.74,1058.1
2008-05-05 11:15:00,1035.8,1097.6
2008-05-05 11:30:00,1039.4,1094.4
2008-05-05 11:45:00,1058.0,1134.7
2008-05-05 12:00:00,1075.0,1151.5
2008-05-05 12:15:00,959.41,1034.0
2008-05-05 12:30:00,638.95,685.96
2008-05-05 12:45:00,967.68,1057.8
2008-05-05 13:00:00,1013.4,1100.0
2008-05-05 13:15:00,412.17,476.92
2008-05-05 13:30:00,546.97,581.43
2008-05-05 13:45:00,481.26,513.51
2008-05-05 14:00:00,866.13,903.07
2008-05-05 14:15:00,452.33,497.63
2008-05-05 14:30:00,297.48,344.9
2008-05-05 14:45:00,347.46,392.27
2008-05-05 15:00:00,325.32,366.38
2008-05-05 15:15:00,303.28,343.4
2008-05-05 15:30:00,351.62,393.48
2008-05-05 15:45:00,242.71,290.91
2008-05-05 16:00:00,390.9,435.43
2008-05-05 16:15:00,266.5,330.06
2008-05-05 16:30:00,95.886,150.94
2008-05-05 16:45:00,43.018,92.736
2008-05-05 17:00:00,24.845,75.234
2008-05-05 17:15:00,43.629,93.455
2008-05-05 17:30:00,32.536,85.8
2008-05-05 17:45:00,13.073,68.084
2008-05-05 18:00:00,2.4334,37.016
2008-05-05 18:15:00,12.94,15.933
2008-05-05 18:30:00,15.905,6.3887
2008-05-05 18:45:00,8.9648,4.1374
2008-05-05 19:00:00,3.8416,0.607
2008-05-05 19:15:00,1.4222,-2.6908
2008-05-05 19:30:00,0.2512,-3.6237
2008-05-05 19:45:00,-0.0279,-3.028
2008-05-05 20:00:00,0.0082,-2.5784
2008-05-05 20:15:00,-0.0449,-2.1751
2008-05-05 20:30:00,-0.065,-2.2067
2008-05-05 20:45:00,-0.0279,-2.7492
2008-05-05 21:00:00,-0.0056,-3.4603
2008-05-05 21:15:00,0.0059,-3.2273
2008-05-05 21:30:00,-0.0128,-2.5442
2008-05-05 21:45:00,-0.0255,-2.7184
2008-05-05 22:00:00,-0.0202,-2.8964
2008-05-05 22:15:00,-0.0022,-2.7873
2008-05-05 22:30:00,-0.0298,-1.8299
2008-05-05 22:45:00,-0.0231,-1.8336
2008-05-05 23:00:00,-0.014,-1.9522
2008-05-05 23:15:00,-0.0093,-2.3875
2008-05-05 23:30:00,-0.0207,-2.8191
2008-05-05 23:45:00,-0.0109,-3.0767
2008-05-06 00:00:00,0.0199,-3.1694
2008-05-06 00:15:00,-0.0027,-3.3584
2008-05-06 00:30:00,-0.023,-2.4175
2008-05-06 00:45:00,0.0038,-2.123
2008-05-06 01:00:00,-0.0005,-1.7247
2008-05-06 01:15:00,0.0161,-1.8452
2008-05-06 01:30:00,-0.0038,-2.2769
2008-05-06 01:45:00,-0.0434,-2.0787
2008-05-06 02:00:00,0.0038,-2.566
2008-05-06 02:15:00,0.0002,-2.679
2008-05-06 02:30:00,0.0244,-2.3085
2008-05-06 02:45:00,-0.0524,-2.2381
2008-05-06 03:00:00,-0.0785,-3.3274
2008-05-06 03:15:00,-0.0027,-2.9958
2008-05-06 03:30:00,0.0235,-3.3756
2008-05-06 03:45:00,-0.0232,-3.8851
2008-05-06 04:00:00,0.0046,-2.9811
2008-05-06 04:15:00,0.016,-2.9533
2008-05-06 04:30:00,0.0495,-3.0348
2008-05-06 04:45:00,0.8152,-3.309
2008-05-06 05:00:00,3.432,-1.2284
2008-05-06 05:15:00,14.102,8.6877
2008-05-06 05:30:00,6.6691,22.23
2008-05-06 05:45:00,0.7922,37.23
2008-05-06 06:00:00,-3.5928,49.199
2008-05-06 06:15:00,4.896,74.456
2008-05-06 06:30:00,27.041,124.11
2008-05-06 06:45:00,75.277,176.71
2008-05-06 07:00:00,136.84,234.96
2008-05-06 07:15:00,205.53,295.13
2008-05-06 07:30:00,276.33,356.84
2008-05-06 07:45:00,345.95,419.1
2008-05-06 08:00:00,413.6,481.51
2008-05-06 08:15:00,481.99,542.97
2008-05-06 08:30:00,545.64,603.06
2008-05-06 08:45:00,604.74,662.26
2008-05-06 09:00:00,671.0,729.38
2008-05-06 09:15:00,738.74,802.06
2008-05-06 09:30:00,770.8,812.0
2008-05-06 09:45:00,736.58,784.9
2008-05-06 10:00:00,912.32,952.01
2008-05-06 10:15:00,728.24,783.67
2008-05-06 10:30:00,810.61,846.06
2008-05-06 10:45:00,921.44,975.7
2008-05-06 11:00:00,512.01,563.86
2008-05-06 11:15:00,250.41,292.92
2008-05-06 11:30:00,135.19,178.56
2008-05-06 11:45:00,177.93,212.69
2008-05-06 12:00:00,269.76,304.1
2008-05-06 12:15:00,312.46,341.67
2008-05-06 12:30:00,587.61,597.34
2008-05-06 12:45:00,708.94,752.09
2008-05-06 13:00:00,281.27,318.41
2008-05-06 13:15:00,255.4,282.66
2008-05-06 13:30:00,421.71,434.94
2008-05-06 13:45:00,902.32,915.27
2008-05-06 14:00:00,973.17,1017.1
2008-05-06 14:15:00,932.7,982.27
2008-05-06 14:30:00,588.81,641.32
2008-05-06 14:45:00,686.6,746.82
2008-05-06 15:00:00,238.11,301.58
2008-05-06 15:15:00,194.15,245.79
2008-05-06 15:30:00,126.15,173.41
2008-05-06 15:45:00,131.24,177.14
2008-05-06 16:00:00,113.11,164.96
2008-05-06 16:15:00,152.14,212.57
2008-05-06 16:30:00,113.46,171.11
2008-05-06 16:45:00,71.124,124.63
2008-05-06 17:00:00,31.59,80.38
2008-05-06 17:15:00,33.383,80.908
2008-05-06 17:30:00,11.46,57.554
2008-05-06 17:45:00,5.0589,26.903
2008-05-06 18:00:00,13.559,11.345
2008-05-06 18:15:00,9.236,3.2605
2008-05-06 18:30:00,4.1149,1.2343
2008-05-06 18:45:00,2.4602,-0.0592
2008-05-06 19:00:00,1.2163,-1.2049
2008-05-06 19:15:00,0.423,-1.675
2008-05-06 19:30:00,-0.0073,-1.6954
2008-05-06 19:45:00,-0.0308,-1.7548
2008-05-06 20:00:00,0.0124,-1.9085
2008-05-06 20:15:00,0.0082,-1.6846
2008-05-06 20:30:00,-0.0155,-2.0327
2008-05-06 20:45:00,0.0043,-1.8366
2008-05-06 21:00:00,-0.0328,-1.946
2008-05-06 21:15:00,0.0034,-2.5422
2008-05-06 21:30:00,-0.0124,-3.0292
2008-05-06 21:45:00,-0.0165,-2.5239
2008-05-06 22:00:00,-0.0128,-1.6962
2008-05-06 22:15:00,-0.0298,-1.124
2008-05-06 22:30:00,-0.0187,-0.4297
2008-05-06 22:45:00,-0.0397,-0.8723
2008-05-06 23:00:00,-0.0119,-1.2632
2008-05-06 23:15:00,-0.0249,-1.7095
2008-05-06 23:30:00,-0.0188,-1.6855
2008-05-06 23:45:00,0.006,-2.206
2008-05-07 00:00:00,-0.0151,-2.6006
2008-05-07 00:15:00,-0.0361,-2.3654
2008-05-07 00:30:00,-0.0204,-2.8471
2008-05-07 00:45:00,-0.0555,-3.2678
2008-05-07 01:00:00,0.0164,-3.4457
2008-05-07 01:15:00,-0.0381,-3.0845
2008-05-07 01:30:00,-0.0185,-2.4954
2008-05-07 01:45:00,-0.0334,-2.2306
2008-05-07 02:00:00,-0.0217,-2.3085
2008-05-07 02:15:00,-0.0344,-2.8217
2008-05-07 02:30:00,-0.0113,-3.1757
2008-05-07 02:45:00,0.0129,-3.0109
2008-05-07 03:00:00,-0.0287,-0.441
2008-05-07 03:15:00,0.0113,-0.4373
2008-05-07 03:30:00,-0.0246,-0.5725
2008-05-07 03:45:00,-0.0087,-1.2822
2008-05-07 04:00:00,0.0408,-2.3086
2008-05-07 04:15:00,-0.033,-1.9251
2008-05-07 04:30:00,0.0025,-0.8875
2008-05-07 04:45:00,0.2091,-0.4855
2008-05-07 05:00:00,0.9041,-0.4836
2008-05-07 05:15:00,2.4582,0.3039
2008-05-07 05:30:00,4.6324,3.1147
2008-05-07 05:45:00,10.78,5.6456
2008-05-07 06:00:00,16.253,7.6137
2008-05-07 06:15:00,15.832,7.7307
2008-05-07 06:30:00,14.678,7.4454
2008-05-07 06:45:00,18.189,10.134
2008-05-07 07:00:00,17.029,12.512
2008-05-07 07:15:00,3.4102,25.307
2008-05-07 07:30:00,1.4334,41.044
2008-05-07 07:45:00,1.2849,35.266
2008-05-07 08:00:00,1.0946,45.425
2008-05-07 08:15:00,32.129,82.763
2008-05-07 08:30:00,82.408,128.35
2008-05-07 08:45:00,101.24,147.38
2008-05-07 09:00:00,178.07,216.23
2008-05-07 09:15:00,148.6,190.44
2008-05-07 09:30:00,146.16,188.74
2008-05-07 09:45:00,245.76,283.94
2008-05-07 10:00:00,330.25,369.06
2008-05-07 10:15:00,551.64,576.92
2008-05-07 10:30:00,743.73,767.82
2008-05-07 10:45:00,667.13,680.16
2008-05-07 11:00:00,1091.9,1099.6
2008-05-07 11:15:00,1066.9,1085.1
2008-05-07 11:30:00,996.14,1016.6
2008-05-07 11:45:00,1106.4,1120.8
2008-05-07 12:00:00,1107.4,1119.9
2008-05-07 12:15:00,1094.2,1108.7
2008-05-07 12:30:00,1094.2,1109.4
2008-05-07 12:45:00,878.38,904.61
2008-05-07 13:00:00,1116.6,1128.0
2008-05-07 13:15:00,1099.1,1121.9
2008-05-07 13:30:00,625.47,675.13
2008-05-07 13:45:00,531.73,534.68
2008-05-07 14:00:00,892.67,920.78
2008-05-07 14:15:00,588.41,613.8
2008-05-07 14:30:00,187.06,233.1
2008-05-07 14:45:00,521.73,529.07
2008-05-07 15:00:00,706.06,742.7
2008-05-07 15:15:00,82.695,140.94
2008-05-07 15:30:00,78.648,130.71
2008-05-07 15:45:00,161.34,204.86
2008-05-07 16:00:00,79.295,127.42
2008-05-07 16:15:00,7.3467,58.49
2008-05-07 16:30:00,44.607,89.498
2008-05-07 16:45:00,12.975,60.988
2008-05-07 17:00:00,140.39,200.86
2008-05-07 17:15:00,136.92,242.17
2008-05-07 17:30:00,49.726,179.57
2008-05-07 17:45:00,2.2627,98.36
2008-05-07 18:00:00,7.6985,41.99
2008-05-07 18:15:00,5.8718,31.274
2008-05-07 18:30:00,15.343,15.511
2008-05-07 18:45:00,16.521,7.2524
2008-05-07 19:00:00,5.7403,1.081
2008-05-07 19:15:00,1.6166,-1.8533
2008-05-07 19:30:00,0.3728,-1.4961
2008-05-07 19:45:00,-0.0056,-0.2222
2008-05-07 20:00:00,-0.0461,-0.3796
2008-05-07 20:15:00,-0.0407,-1.0983
2008-05-07 20:30:00,-0.0386,-0.6945
2008-05-07 20:45:00,0.0499,-2.6134
2008-05-07 21:00:00,-0.0041,-1.3317
2008-05-07 21:15:00,-0.045,-1.3854
2008-05-07 21:30:00,-0.0029,-1.0595
2008-05-07 21:45:00,-0.0416,-0.5334
2008-05-07 22:00:00,-0.0004,-1.0984
2008-05-07 22:15:00,-0.0307,-0.7039
2008-05-07 22:30:00,-0.0289,-0.3816
2008-05-07 22:45:00,-0.0361,-1.3336
2008-05-07 23:00:00,-0.0334,-1.7634
2008-05-07 23:15:00,0.0159,-2.3172
2008-05-07 23:30:00,0.0138,-2.4488
2008-05-07 23:45:00,-0.0397,-3.1953
2008-05-08 00:00:00,-0.0373,-3.6233
2008-05-08 00:15:00,-0.0084,-3.5178
2008-05-08 00:30:00,-0.0371,-3.1399
2008-05-08 00:45:00,-0.0097,-3.2048
2008-05-08 01:00:00,0.0292,-3.3699
2008-05-08 01:15:00,-0.0706,-3.1736
2008-05-08 01:30:00,-0.0156,-2.4234
2008-05-08 01:45:00,0.0037,-2.1104
2008-05-08 02:00:00,0.0328,-1.7806
2008-05-08 02:15:00,-0.0051,-1.0395
2008-05-08 02:30:00,-0.034,-0.4799
2008-05-08 02:45:00,-0.0305,-0.7171
2008-05-08 03:00:00,0.0251,-3.5543
2008-05-08 03:15:00,0.0154,-3.5616
2008-05-08 03:30:00,-0.0083,-1.7993
2008-05-08 03:45:00,-0.0451,-1.892
2008-05-08 04:00:00,-0.0167,-2.4073
2008-05-08 04:15:00,0.0184,-1.6364
2008-05-08 04:30:00,0.0955,-1.5512
2008-05-08 04:45:00,0.9254,-2.387
2008-05-08 05:00:00,3.0965,-0.3892
2008-05-08 05:15:00,13.231,6.5958
2008-05-08 05:30:00,3.1916,27.95
2008-05-08 05:45:00,1.1721,49.64
2008-05-08 06:00:00,3.8011,38.511
2008-05-08 06:15:00,6.8045,74.444
2008-05-08 06:30:00,28.231,121.63
2008-05-08 06:45:00,80.973,175.91
2008-05-08 07:00:00,145.44,232.55
2008-05-08 07:15:00,223.67,299.48
2008-05-08 07:30:00,310.57,374.76
2008-05-08 07:45:00,449.24,495.04
2008-05-08 08:00:00,279.15,330.47
2008-05-08 08:15:00,189.96,237.49
2008-05-08 08:30:00,234.19,276.33
2008-05-08 08:45:00,222.27,261.29
2008-05-08 09:00:00,206.62,249.35
2008-05-08 09:15:00,269.69,308.81
2008-05-08 09:30:00,242.09,274.36
2008-05-08 09:45:00,120.15,162.41
2008-05-08 10:00:00,9.3707,35.994
2008-05-08 10:15:00,8.2074,30.929
2008-05-08 10:30:00,62.763,105.98
2008-05-08 10:45:00,125.47,166.26
2008-05-08 11:00:00,481.66,483.97
2008-05-08 11:15:00,1005.6,992.74
2008-05-08 11:30:00,1028.3,1050.2
2008-05-08 11:45:00,839.21,884.06
2008-05-08 12:00:00,607.82,607.89
2008-05-08 12:15:00,463.48,458.82
2008-05-08 12:30:00,651.38,663.11
2008-05-08 12:45:00,405.15,445.1
2008-05-08 13:00:00,537.92,551.74
2008-05-08 13:15:00,1058.8,1078.7
2008-05-08 13:30:00,894.9,954.89
2008-05-08 13:45:00,307.09,346.17
2008-05-08 14:00:00,380.83,407.74
2008-05-08 14:15:00,130.34,173.7
2008-05-08 14:30:00,167.37,200.38
2008-05-08 14:45:00,399.18,415.56
2008-05-08 15:00:00,216.78,259.94
2008-05-08 15:15:00,131.4,179.18
2008-05-08 15:30:00,244.07,274.88
2008-05-08 15:45:00,284.33,321.41
2008-05-08 16:00:00,395.24,428.31
2008-05-08 16:15:00,446.39,485.2
2008-05-08 16:30:00,474.47,533.53
2008-05-08 16:45:00,306.49,391.29
2008-05-08 17:00:00,176.43,269.59
2008-05-08 17:15:00,129.57,236.92
2008-05-08 17:30:00,30.694,130.17
2008-05-08 17:45:00,-0.5333,92.13
2008-05-08 18:00:00,0.8469,45.956
2008-05-08 18:15:00,0.2669,38.176
2008-05-08 18:30:00,-3.2737,42.139
2008-05-08 18:45:00,4.5029,30.008
2008-05-08 19:00:00,15.842,10.88
2008-05-08 19:15:00,2.7086,-1.4463
2008-05-08 19:30:00,0.619,-2.815
2008-05-08 19:45:00,0.0117,-3.4912
2008-05-08 20:00:00,-0.0041,-3.4026
2008-05-08 20:15:00,-0.0174,-3.2231
2008-05-08 20:30:00,-0.0384,-3.7141
2008-05-08 20:45:00,0.0034,-3.2437
2008-05-08 21:00:00,-0.0005,-2.9622
2008-05-08 21:15:00,0.0571,-3.2569
2008-05-08 21:30:00,0.0073,-1.421
2008-05-08 21:45:00,-0.0047,-2.0139
2008-05-08 22:00:00,-0.0244,-1.9159
2008-05-08 22:15:00,-0.0214,-1.3823
2008-05-08 22:30:00,-0.0169,-0.6171
2008-05-08 22:45:00,0.0057,-0.4763
2008-05-08 23:00:00,0.0343,-0.354
2008-05-08 23:15:00,-0.0054,-1.4658
2008-05-08 23:30:00,0.0312,-3.2468
2008-05-08 23:45:00,0.0074,-3.0023
2008-05-09 00:00:00,-0.0434,-1.3158
2008-05-09 00:15:00,0.0095,-0.1538
2008-05-09 00:30:00,0.0185,-0.0297
2008-05-09 00:45:00,-0.0256,-1.075
2008-05-09 01:00:00,0.0146,-2.4873
2008-05-09 01:15:00,-0.0195,-3.9924
2008-05-09 01:30:00,-0.0078,-3.1473
2008-05-09 01:45:00,0.0122,-2.9842
2008-05-09 02:00:00,-0.0128,-1.9518
2008-05-09 02:15:00,-0.0315,-2.4821
2008-05-09 02:30:00,0.0064,-3.1439
2008-05-09 02:45:00,-0.0062,-3.0864
2008-05-09 03:00:00,0.0145,-2.8864
2008-05-09 03:15:00,0.01,-2.0931
2008-05-09 03:30:00,-0.0209,-2.2377
2008-05-09 03:45:00,-0.019,-2.4325
2008-05-09 04:00:00,-0.0136,-2.9109
2008-05-09 04:15:00,-0.0154,-2.7032
2008-05-09 04:30:00,0.1896,-2.2564
2008-05-09 04:45:00,1.1847,-1.7744
2008-05-09 05:00:00,5.5678,2.5847
2008-05-09 05:15:00,14.616,12.306
2008-05-09 05:30:00,5.1002,26.217
2008-05-09 05:45:00,0.0442,41.987
2008-05-09 06:00:00,-3.3216,53.475
2008-05-09 06:15:00,5.3016,77.485
2008-05-09 06:30:00,34.228,125.41
2008-05-09 06:45:00,84.375,179.67
2008-05-09 07:00:00,150.99,237.77
2008-05-09 07:15:00,221.58,297.42
2008-05-09 07:30:00,298.47,361.16
2008-05-09 07:45:00,374.41,424.44
2008-05-09 08:00:00,442.0,482.32
2008-05-09 08:15:00,511.13,544.29
2008-05-09 08:30:00,582.32,607.62
2008-05-09 08:45:00,647.05,666.77
2008-05-09 09:00:00,708.13,722.1
2008-05-09 09:15:00,774.88,779.83
2008-05-09 09:30:00,834.92,836.83
2008-05-09 09:45:00,910.11,909.53
2008-05-09 10:00:00,973.9,978.02
2008-05-09 10:15:00,814.01,843.33
2008-05-09 10:30:00,964.06,975.23
2008-05-09 10:45:00,738.57,784.18
2008-05-09 11:00:00,755.52,781.03
2008-05-09 11:15:00,1099.3,1137.5
2008-05-09 11:30:00,1072.8,1132.4
2008-05-09 11:45:00,1099.9,1147.0
2008-05-09 12:00:00,743.64,793.82
2008-05-09 12:15:00,759.39,814.47
2008-05-09 12:30:00,1130.8,1180.6
2008-05-09 12:45:00,997.39,1078.8
2008-05-09 13:00:00,633.18,673.78
2008-05-09 13:15:00,651.81,693.37
2008-05-09 13:30:00,542.16,567.72
2008-05-09 13:45:00,806.61,826.13
2008-05-09 14:00:00,730.54,762.42
2008-05-09 14:15:00,552.35,598.15
2008-05-09 14:30:00,809.74,834.96
2008-05-09 14:45:00,761.6,811.93
2008-05-09 15:00:00,770.45,817.67
2008-05-09 15:15:00,643.16,686.49
2008-05-09 15:30:00,483.8,528.37
2008-05-09 15:45:00,549.52,601.88
2008-05-09 16:00:00,308.33,363.22
2008-05-09 16:15:00,436.3,501.32
2008-05-09 16:30:00,349.46,424.54
2008-05-09 16:45:00,284.55,370.73
2008-05-09 17:00:00,211.32,309.2
2008-05-09 17:15:00,135.0,240.88
2008-05-09 17:30:00,69.888,189.36
2008-05-09 17:45:00,27.265,128.92
2008-05-09 18:00:00,9.4574,69.372
2008-05-09 18:15:00,2.4891,56.173
2008-05-09 18:30:00,5.6302,31.342
2008-05-09 18:45:00,12.138,15.111
2008-05-09 19:00:00,12.802,6.1991
2008-05-09 19:15:00,1.866,-1.4102
2008-05-09 19:30:00,0.5658,-2.2136
2008-05-09 19:45:00,-0.0466,-2.2897
2008-05-09 20:00:00,-0.0114,-2.138
2008-05-09 20:15:00,0.0025,-1.9569
2008-05-09 20:30:00,0.0054,-1.6256
2008-05-09 20:45:00,-0.0337,-1.8721
2008-05-09 21:00:00,-0.0095,-1.6445
2008-05-09 21:15:00,-0.0011,-1.3686
2008-05-09 21:30:00,-0.0076,-1.1817
2008-05-09 21:45:00,-0.0068,-1.3207
2008-05-09 22:00:00,-0.0437,-3.2601
2008-05-09 22:15:00,0.0112,-4.2883
2008-05-09 22:30:00,-0.0146,-3.2734
2008-05-09 22:45:00,0.0037,-2.3102
2008-05-09 23:00:00,0.0001,-0.8522
2008-05-09 23:15:00,-0.031,-0.3557
2008-05-09 23:30:00,0.0006,-0.4743
2008-05-09 23:45:00,-0.0172,-0.4558
2008-05-10 00:00:00,-0.0123,-0.6115
2008-05-10 00:15:00,0.0217,-1.2822
2008-05-10 00:30:00,-0.0099,-2.8405
2008-05-10 00:45:00,-0.0026,-1.6028
2008-05-10 01:00:00,0.0103,-0.6727
2008-05-10 01:15:00,-0.0042,-0.354
2008-05-10 01:30:00,-0.003,0.1316
2008-05-10 01:45:00,-0.0454,0.0037
2008-05-10 02:00:00,-0.013,-0.3021
2008-05-10 02:15:00,-0.0389,-0.7099
2008-05-10 02:30:00,0.0058,-1.0603
2008-05-10 02:45:00,-0.063,-1.1382
2008-05-10 03:00:00,0.0013,-0.8583
2008-05-10 03:15:00,-0.0322,-0.2113
2008-05-10 03:30:00,0.0417,-0.3448
2008-05-10 03:45:00,-0.0188,-1.1085
2008-05-10 04:00:00,0.0005,-1.609
2008-05-10 04:15:00,-0.0516,-0.4245
2008-05-10 04:30:00,0.0364,-0.3689
2008-05-10 04:45:00,0.7093,-0.6099
2008-05-10 05:00:00,2.794,0.8916
2008-05-10 05:15:00,9.1956,7.9913
2008-05-10 05:30:00,7.309,18.074
2008-05-10 05:45:00,8.8509,54.213
2008-05-10 06:00:00,23.058,71.096
2008-05-10 06:15:00,27.108,76.216
2008-05-10 06:30:00,30.741,80.132
2008-05-10 06:45:00,61.631,111.99
2008-05-10 07:00:00,26.533,80.075
2008-05-10 07:15:00,133.33,194.14
2008-05-10 07:30:00,269.21,322.08
2008-05-10 07:45:00,393.46,431.84
2008-05-10 08:00:00,475.5,499.86
2008-05-10 08:15:00,557.02,566.19
2008-05-10 08:30:00,603.23,608.75
2008-05-10 08:45:00,292.5,322.26
2008-05-10 09:00:00,198.59,231.45
2008-05-10 09:15:00,227.27,260.79
2008-05-10 09:30:00,302.53,326.92
2008-05-10 09:45:00,837.2,796.37
2008-05-10 10:00:00,1010.4,967.88
2008-05-10 10:15:00,1046.8,1005.3
2008-05-10 10:30:00,844.76,819.57
2008-05-10 10:45:00,1108.1,1064.3
2008-05-10 11:00:00,1102.9,1064.6
2008-05-10 11:15:00,1117.5,1080.7
2008-05-10 11:30:00,1070.8,1055.6
2008-05-10 11:45:00,848.83,835.23
2008-05-10 12:00:00,1054.7,1023.2
2008-05-10 12:15:00,1132.5,1096.7
2008-05-10 12:30:00,608.4,694.45
2008-05-10 12:45:00,227.21,419.42
2008-05-10 13:00:00,520.1,531.75
2008-05-10 13:15:00,270.6,290.55
2008-05-10 13:30:00,211.93,235.14
2008-05-10 13:45:00,363.81,367.64
2008-05-10 14:00:00,471.24,465.67
2008-05-10 14:15:00,382.15,386.59
2008-05-10 14:30:00,596.98,591.87
2008-05-10 14:45:00,305.67,324.0
2008-05-10 15:00:00,786.36,758.97
2008-05-10 15:15:00,697.89,693.28
2008-05-10 15:30:00,248.86,295.66
2008-05-10 15:45:00,284.18,323.38
2008-05-10 16:00:00,466.08,499.15
2008-05-10 16:15:00,243.46,296.24
2008-05-10 16:30:00,325.36,382.67
2008-05-10 16:45:00,289.62,364.88
2008-05-10 17:00:00,216.48,305.89
2008-05-10 17:15:00,144.55,244.56
2008-05-10 17:30:00,72.159,184.88
2008-05-10 17:45:00,21.623,121.56
2008-05-10 18:00:00,4.293,61.646
2008-05-10 18:15:00,-3.0344,48.635
2008-05-10 18:30:00,2.0422,34.753
2008-05-10 18:45:00,9.6807,19.442
2008-05-10 19:00:00,12.952,6.126
2008-05-10 19:15:00,2.2788,-1.9618
2008-05-10 19:30:00,0.6417,-3.8165
2008-05-10 19:45:00,0.0405,-4.0353
2008-05-10 20:00:00,-0.0215,-4.1856
2008-05-10 20:15:00,-0.0261,-4.6158
2008-05-10 20:30:00,0.0038,-4.2196
2008-05-10 20:45:00,0.0025,-4.0847
2008-05-10 21:00:00,-0.0137,-3.9849
2008-05-10 21:15:00,0.0115,-3.8387
2008-05-10 21:30:00,0.0069,-4.0131
2008-05-10 21:45:00,-0.0333,-4.2247
2008-05-10 22:00:00,-0.0403,-3.5963
2008-05-10 22:15:00,-0.0511,-3.2684
2008-05-10 22:30:00,0.0039,-4.0898
2008-05-10 22:45:00,-0.0373,-4.179
2008-05-10 23:00:00,0.0223,-3.7916
2008-05-10 23:15:00,-0.011,-3.7509
2008-05-10 23:30:00,-0.0178,-3.5138
2008-05-10 23:45:00,-0.0011,-3.4749
2008-05-11 00:00:00,0.0044,-3.868
2008-05-11 00:15:00,-0.0335,-3.8402
2008-05-11 00:30:00,-0.0245,-3.7661
2008-05-11 00:45:00,-0.0006,-3.3434
2008-05-11 01:00:00,-0.0113,-4.2929
2008-05-11 01:15:00,0.004,-4.1984
2008-05-11 01:30:00,-0.0085,-3.9036
2008-05-11 01:45:00,0.0584,-3.3752
2008-05-11 02:00:00,0.0204,-4.0097
2008-05-11 02:15:00,0.0039,-3.8169
2008-05-11 02:30:00,0.0229,-3.051
2008-05-11 02:45:00,0.0221,-3.0993
2008-05-11 03:00:00,0.0417,-2.8063
2008-05-11 03:15:00,0.0029,-2.3463
2008-05-11 03:30:00,-0.01,-2.5689
2008-05-11 03:45:00,-0.0016,-2.1126
2008-05-11 04:00:00,-0.0167,-3.3441
2008-05-11 04:15:00,-0.0087,-2.9565
2008-05-11 04:30:00,0.2233,-3.3998
2008-05-11 04:45:00,1.1896,-0.983
2008-05-11 05:00:00,6.0106,2.8656
2008-05-11 05:15:00,13.057,14.348
2008-05-11 05:30:00,2.1395,29.726
2008-05-11 05:45:00,-1.3762,47.676
2008-05-11 06:00:00,7.9494,66.827
2008-05-11 06:15:00,19.013,91.853
2008-05-11 06:30:00,52.578,136.73
2008-05-11 06:45:00,94.948,182.97
2008-05-11 07:00:00,158.53,240.69
2008-05-11 07:15:00,231.37,303.93
2008-05-11 07:30:00,308.11,368.8
2008-05-11 07:45:00,384.57,433.65
2008-05-11 08:00:00,455.54,494.59
2008-05-11 08:15:00,523.88,554.92
2008-05-11 08:30:00,590.54,614.16
2008-05-11 08:45:00,652.2,669.74
2008-05-11 09:00:00,705.67,721.87
2008-05-11 09:15:00,752.45,771.72
2008-05-11 09:30:00,801.47,821.61
2008-05-11 09:45:00,836.26,861.93
2008-05-11 10:00:00,871.73,902.72
2008-05-11 10:15:00,904.91,940.67
2008-05-11 10:30:00,928.82,973.3
2008-05-11 10:45:00,956.34,998.91
2008-05-11 11:00:00,975.84,1020.8
2008-05-11 11:15:00,999.06,1039.5
2008-05-11 11:30:00,1010.7,1050.9
2008-05-11 11:45:00,1011.1,1061.4
2008-05-11 12:00:00,1005.1,1065.9
2008-05-11 12:15:00,992.72,1062.9
2008-05-11 12:30:00,980.83,1055.8
2008-05-11 12:45:00,980.55,1046.4
2008-05-11 13:00:00,974.85,1034.1
2008-05-11 13:15:00,952.08,1015.7
2008-05-11 13:30:00,920.3,991.67
2008-05-11 13:45:00,900.17,963.15
2008-05-11 14:00:00,874.44,929.88
2008-05-11 14:15:00,836.64,889.36
2008-05-11 14:30:00,797.63,850.29
2008-05-11 14:45:00,756.19,806.6
2008-05-11 15:00:00,684.3,732.02
2008-05-11 15:15:00,517.98,574.75
2008-05-11 15:30:00,201.56,264.66
2008-05-11 15:45:00,414.93,461.89
2008-05-11 16:00:00,454.76,515.58
2008-05-11 16:15:00,401.63,474.77
2008-05-11 16:30:00,335.24,416.92
2008-05-11 16:45:00,264.1,354.01
2008-05-11 17:00:00,210.64,306.8
2008-05-11 17:15:00,150.95,252.94
2008-05-11 17:30:00,79.04,188.88
2008-05-11 17:45:00,30.276,128.72
2008-05-11 18:00:00,13.995,71.686
2008-05-11 18:15:00,0.8267,52.757
2008-05-11 18:30:00,3.9628,33.326
2008-05-11 18:45:00,11.737,18.206
2008-05-11 19:00:00,13.316,4.5713
2008-05-11 19:15:00,2.4539,-2.1815
2008-05-11 19:30:00,0.704,-3.1864
2008-05-11 19:45:00,0.0183,-3.2016
2008-05-11 20:00:00,0.0034,-4.2995
2008-05-11 20:15:00,-0.0164,-3.6113
2008-05-11 20:30:00,-0.0046,-4.7685
2008-05-11 20:45:00,-0.0163,-3.4452
2008-05-11 21:00:00,-0.0512,-3.0587
2008-05-11 21:15:00,0.0089,-2.9368
2008-05-11 21:30:00,-0.0189,-3.0241
2008-05-11 21:45:00,-0.009,-2.6724
2008-05-11 22:00:00,0.019,-3.1042
2008-05-11 22:15:00,-0.0207,-2.6838
2008-05-11 22:30:00,-0.0065,-2.9896
2008-05-11 22:45:00,0.0139,-2.8729
2008-05-11 23:00:00,-0.0076,-2.8323
2008-05-11 23:15:00,0.0373,-3.0287
2008-05-11 23:30:00,0.0169,-3.3733
2008-05-11 23:45:00,-0.0347,-2.7657
2008-05-12 00:00:00,-0.0032,-2.1044
2008-05-12 00:15:00,-0.045,-2.2156
2008-05-12 00:30:00,0.0102,-2.9344
2008-05-12 00:45:00,0.0002,-3.3734
2008-05-12 01:00:00,-0.0177,-3.5031
2008-05-12 01:15:00,-0.014,-3.014
2008-05-12 01:30:00,-0.0411,-3.329
2008-05-12 01:45:00,0.0083,-4.3256
2008-05-12 02:00:00,-0.0134,-4.4257
2008-05-12 02:15:00,0.0242,-3.7051
2008-05-12 02:30:00,-0.0269,-3.355
2008-05-12 02:45:00,0.0454,-3.3421
2008-05-12 03:00:00,-0.0165,-3.5035
2008-05-12 03:15:00,0.0098,-3.3369
2008-05-12 03:30:00,-0.018,-3.6278
2008-05-12 03:45:00,-0.0794,-3.0758
2008-05-12 04:00:00,-0.029,-2.57
2008-05-12 04:15:00,-0.0092,-3.2038
2008-05-12 04:30:00,0.2493,-3.9487
2008-05-12 04:45:00,1.2337,-2.9277
2008-05-12 05:00:00,5.5513,2.3624
2008-05-12 05:15:00,13.111,12.789
2008-05-12 05:30:00,1.6281,29.058
2008-05-12 05:45:00,-1.1282,48.307
2008-05-12 06:00:00,6.6588,65.301
2008-05-12 06:15:00,16.099,86.825
2008-05-12 06:30:00,44.321,130.48
2008-05-12 06:45:00,90.518,179.88
2008-05-12 07:00:00,151.65,234.7
2008-05-12 07:15:00,217.69,293.48
2008-05-12 07:30:00,286.87,354.0
2008-05-12 07:45:00,354.65,414.66
2008-05-12 08:00:00,420.85,473.34
2008-05-12 08:15:00,490.55,533.99
2008-05-12 08:30:00,556.39,597.19
2008-05-12 08:45:00,608.56,649.55
2008-05-12 09:00:00,666.0,707.39
2008-05-12 09:15:00,713.55,756.81
2008-05-12 09:30:00,769.04,806.32
2008-05-12 09:45:00,594.06,856.12
2008-05-12 10:00:00,262.24,895.87
2008-05-12 10:15:00,893.99,931.9
2008-05-12 10:30:00,928.96,969.43
2008-05-12 10:45:00,941.11,998.27
2008-05-12 11:00:00,976.64,1024.2
2008-05-12 11:15:00,987.73,1043.8
2008-05-12 11:30:00,978.55,1054.5
2008-05-12 11:45:00,892.89,970.25
2008-05-12 12:00:00,983.37,1048.9
2008-05-12 12:15:00,793.03,861.62
2008-05-12 12:30:00,271.65,321.3
2008-05-12 12:45:00,689.32,721.44
2008-05-12 13:00:00,892.1,939.71
2008-05-12 13:15:00,900.14,947.29
2008-05-12 13:30:00,810.41,868.38
2008-05-12 13:45:00,837.92,902.4
2008-05-12 14:00:00,619.02,657.22
2008-05-12 14:15:00,634.7,670.95
2008-05-12 14:30:00,212.16,248.98
2008-05-12 14:45:00,279.94,303.94
2008-05-12 15:00:00,357.75,386.45
2008-05-12 15:15:00,208.48,246.14
2008-05-12 15:30:00,213.71,245.27
2008-05-12 15:45:00,225.72,256.13
2008-05-12 16:00:00,125.64,166.08
2008-05-12 16:15:00,44.734,92.812
2008-05-12 16:30:00,9.6274,31.68
2008-05-12 16:45:00,2.4289,34.88
2008-05-12 17:00:00,4.3499,23.721
2008-05-12 17:15:00,9.7927,15.242
2008-05-12 17:30:00,4.8299,17.766
2008-05-12 17:45:00,6.6579,12.647
2008-05-12 18:00:00,6.6514,0.9164
2008-05-12 18:15:00,3.8735,0.6166
2008-05-12 18:30:00,4.2387,1.7576
2008-05-12 18:45:00,7.1256,4.0324
2008-05-12 19:00:00,6.3183,3.2399
2008-05-12 19:15:00,1.093,-0.6299
2008-05-12 19:30:00,0.3243,-0.9468
2008-05-12 19:45:00,-0.0064,-0.7857
2008-05-12 20:00:00,-0.0165,-1.1397
2008-05-12 20:15:00,-0.0246,-0.9823
2008-05-12 20:30:00,-0.0298,-1.2956
2008-05-12 20:45:00,-0.0027,-1.1122
2008-05-12 21:00:00,-0.0001,-1.0955
2008-05-12 21:15:00,-0.0259,-0.9732
2008-05-12 21:30:00,-0.0119,-0.977
2008-05-12 21:45:00,-0.0228,-0.8509
2008-05-12 22:00:00,0.0097,-1.0011
2008-05-12 22:15:00,0.0013,-0.8269
2008-05-12 22:30:00,-0.0109,-0.9066
2008-05-12 22:45:00,-0.0042,-0.7472
2008-05-12 23:00:00,-0.002,-0.686
2008-05-12 23:15:00,-0.039,-0.623
2008-05-12 23:30:00,-0.0181,-0.649
2008-05-12 23:45:00,-0.0245,-0.649
2008-05-13 00:00:00,-0.0047,-0.6064
2008-05-13 00:15:00,-0.035,-1.2294
2008-05-13 00:30:00,0.0073,-0.9235
2008-05-13 00:45:00,-0.0049,-1.209
2008-05-13 01:00:00,0.02,-0.6472
2008-05-13 01:15:00,-0.0114,-0.5953
2008-05-13 01:30:00,-0.0121,-0.6008
2008-05-13 01:45:00,-0.0477,-1.0125
2008-05-13 02:00:00,-0.0171,-0.6491
2008-05-13 02:15:00,0.0204,-0.8438
2008-05-13 02:30:00,-0.014,-0.8216
2008-05-13 02:45:00,0.0092,-1.3167
2008-05-13 03:00:00,-0.0006,-0.8513
2008-05-13 03:15:00,-0.004,-0.4488
2008-05-13 03:30:00,-0.0014,-0.4767
2008-05-13 03:45:00,-0.0336,-0.2875
2008-05-13 04:00:00,-0.0196,-0.2318
2008-05-13 04:15:00,-0.0078,-0.1614
2008-05-13 04:30:00,0.0174,-0.1614
2008-05-13 04:45:00,0.289,-0.0501
2008-05-13 05:00:00,0.8841,0.5564
2008-05-13 05:15:00,1.6156,1.7008
2008-05-13 05:30:00,3.0352,3.2365
2008-05-13 05:45:00,8.3064,5.6496
2008-05-13 06:00:00,11.988,10.003
2008-05-13 06:15:00,3.0466,18.44
2008-05-13 06:30:00,-2.5651,25.599
2008-05-13 06:45:00,3.1804,32.323
2008-05-13 07:00:00,5.4151,34.628
2008-05-13 07:15:00,38.728,59.697
2008-05-13 07:30:00,41.611,64.594
2008-05-13 07:45:00,64.828,83.724
2008-05-13 08:00:00,157.0,133.38
2008-05-13 08:15:00,181.86,137.08
2008-05-13 08:30:00,191.15,145.82
2008-05-13 08:45:00,184.46,175.79
2008-05-13 09:00:00,250.78,257.25
2008-05-13 09:15:00,337.08,327.15
2008-05-13 09:30:00,297.2,292.68
2008-05-13 09:45:00,271.52,271.11
2008-05-13 10:00:00,106.81,134.41
2008-05-13 10:15:00,140.85,161.44
2008-05-13 10:30:00,133.49,156.21
2008-05-13 10:45:00,242.61,242.69
2008-05-13 11:00:00,279.85,274.57
2008-05-13 11:15:00,209.47,219.16
2008-05-13 11:30:00,140.29,161.91
2008-05-13 11:45:00,196.87,207.69
2008-05-13 12:00:00,255.71,256.4
2008-05-13 12:15:00,321.51,313.12
2008-05-13 12:30:00,246.29,254.89
2008-05-13 12:45:00,582.01,549.56
2008-05-13 13:00:00,523.23,509.23
2008-05-13 13:15:00,121.69,153.46
2008-05-13 13:30:00,215.07,224.65
2008-05-13 13:45:00,374.92,362.7
2008-05-13 14:00:00,533.97,517.06
2008-05-13 14:15:00,628.31,618.3
2008-05-13 14:30:00,594.48,602.17
2008-05-13 14:45:00,584.39,589.6
2008-05-13 15:00:00,337.0,363.58
2008-05-13 15:15:00,445.49,453.07
2008-05-13 15:30:00,578.66,592.13
2008-05-13 15:45:00,646.99,669.92
2008-05-13 16:00:00,544.52,577.86
2008-05-13 16:15:00,153.64,206.36
2008-05-13 16:30:00,269.33,331.9
2008-05-13 16:45:00,63.197,125.33
2008-05-13 17:00:00,77.36,132.44
2008-05-13 17:15:00,79.751,132.08
2008-05-13 17:30:00,74.322,127.38
2008-05-13 17:45:00,30.798,91.126
2008-05-13 18:00:00,20.159,77.245
2008-05-13 18:15:00,0.1773,49.639
2008-05-13 18:30:00,4.2198,29.183
2008-05-13 18:45:00,10.971,13.471
2008-05-13 19:00:00,14.041,6.7156
2008-05-13 19:15:00,3.5591,0.4075
2008-05-13 19:30:00,0.828,-2.8813
2008-05-13 19:45:00,0.0819,-3.1817
2008-05-13 20:00:00,-0.0007,-2.2054
2008-05-13 20:15:00,-0.0299,-2.3187
2008-05-13 20:30:00,0.0114,-2.1649
2008-05-13 20:45:00,-0.0253,-2.2893
2008-05-13 21:00:00,0.0008,-2.4339
2008-05-13 21:15:00,-0.0168,-2.2079
2008-05-13 21:30:00,0.0073,-2.5954
2008-05-13 21:45:00,-0.0031,-3.0925
2008-05-13 22:00:00,-0.0107,-3.0964
2008-05-13 22:15:00,-0.0104,-2.8963
2008-05-13 22:30:00,-0.0034,-2.6461
2008-05-13 22:45:00,-0.009,-2.8482
2008-05-13 23:00:00,0.0019,-2.4496
2008-05-13 23:15:00,-0.0025,-2.6276
2008-05-13 23:30:00,-0.0099,-3.1154
2008-05-13 23:45:00,0.0154,-2.3681
2008-05-14 00:00:00,0.008,-2.229
2008-05-14 00:15:00,-0.0208,-1.8619
2008-05-14 00:30:00,0.0219,-1.6932
2008-05-14 00:45:00,0.0056,-1.5801
2008-05-14 01:00:00,-0.0173,-1.8324
2008-05-14 01:15:00,-0.0123,-2.8432
2008-05-14 01:30:00,-0.0291,-2.7746
2008-05-14 01:45:00,0.0025,-2.4277
2008-05-14 02:00:00,0.0131,-2.1403
2008-05-14 02:15:00,-0.0328,-2.1866
2008-05-14 02:30:00,0.0004,-2.3832
2008-05-14 02:45:00,-0.0044,-3.1862
2008-05-14 03:00:00,-0.002,-2.8913
2008-05-14 03:15:00,0.0049,-2.1031
2008-05-14 03:30:00,-0.0194,-2.1754
2008-05-14 03:45:00,-0.0025,-2.3813
2008-05-14 04:00:00,0.0158,-1.7693
2008-05-14 04:15:00,0.0291,-1.6672
2008-05-14 04:30:00,0.4353,-1.1739
2008-05-14 04:45:00,2.3493,1.402
2008-05-14 05:00:00,11.889,7.3752
2008-05-14 05:15:00,5.4001,21.423
2008-05-14 05:30:00,-0.5549,41.11
2008-05-14 05:45:00,9.1049,63.679
2008-05-14 06:00:00,15.091,65.483
2008-05-14 06:15:00,32.538,87.701
2008-05-14 06:30:00,86.933,144.55
2008-05-14 06:45:00,133.87,195.49
2008-05-14 07:00:00,186.14,249.42
2008-05-14 07:15:00,259.41,314.75
2008-05-14 07:30:00,318.56,372.27
2008-05-14 07:45:00,339.04,392.48
2008-05-14 08:00:00,352.63,403.51
2008-05-14 08:15:00,430.26,472.96
2008-05-14 08:30:00,365.99,408.25
2008-05-14 08:45:00,509.19,542.85
2008-05-14 09:00:00,490.39,521.59
2008-05-14 09:15:00,762.84,786.92
2008-05-14 09:30:00,810.2,816.59
2008-05-14 09:45:00,889.93,906.15
2008-05-14 10:00:00,483.0,520.08
2008-05-14 10:15:00,731.34,742.72
2008-05-14 10:30:00,425.65,457.96
2008-05-14 10:45:00,553.06,559.34
2008-05-14 11:00:00,646.65,654.18
2008-05-14 11:15:00,800.38,814.18
2008-05-14 11:30:00,1104.5,1152.2
2008-05-14 11:45:00,724.24,762.82
2008-05-14 12:00:00,1098.4,1134.0
2008-05-14 12:15:00,1129.2,1194.2
2008-05-14 12:30:00,1074.9,1147.7
2008-05-14 12:45:00,1066.1,1131.9
2008-05-14 13:00:00,1059.1,1130.0
2008-05-14 13:15:00,688.72,753.97
2008-05-14 13:30:00,1058.9,1095.2
2008-05-14 13:45:00,750.6,803.81
2008-05-14 14:00:00,274.03,314.5
2008-05-14 14:15:00,365.63,382.55
2008-05-14 14:30:00,445.13,451.37
2008-05-14 14:45:00,339.29,356.69
2008-05-14 15:00:00,280.75,303.89
2008-05-14 15:15:00,192.8,222.74
2008-05-14 15:30:00,107.04,144.95
2008-05-14 15:45:00,79.088,119.81
2008-05-14 16:00:00,44.647,89.004
2008-05-14 16:15:00,57.495,100.15
2008-05-14 16:30:00,55.916,99.89
2008-05-14 16:45:00,23.168,72.713
2008-05-14 17:00:00,19.667,68.827
2008-05-14 17:15:00,10.559,60.458
2008-05-14 17:30:00,9.0784,56.447
2008-05-14 17:45:00,-0.1267,45.264
2008-05-14 18:00:00,4.4609,28.66
2008-05-14 18:15:00,3.9571,29.043
2008-05-14 18:30:00,1.2744,29.514
2008-05-14 18:45:00,10.779,16.083
2008-05-14 19:00:00,13.29,6.5446
2008-05-14 19:15:00,2.2689,-0.4056
2008-05-14 19:30:00,0.6237,-1.5724
2008-05-14 19:45:00,0.0494,-1.391
2008-05-14 20:00:00,0.001,-1.4299
2008-05-14 20:15:00,-0.0167,-1.4948
2008-05-14 20:30:00,-0.0132,-1.6097
2008-05-14 20:45:00,-0.0036,-2.1914
2008-05-14 21:00:00,-0.0127,-1.4597
2008-05-14 21:15:00,-0.0067,-1.3671
2008-05-14 21:30:00,-0.0036,-1.0356
2008-05-14 21:45:00,0.0158,-0.8948
2008-05-14 22:00:00,-0.0303,-2.6475
2008-05-14 22:15:00,-0.004,-2.8198
2008-05-14 22:30:00,-0.0213,-2.3567
2008-05-14 22:45:00,-0.0134,-0.8059
2008-05-14 23:00:00,0.0,-0.617
2008-05-14 23:15:00,-0.0179,-0.4744
2008-05-14 23:30:00,-0.0197,-0.3076
2008-05-14 23:45:00,-0.0058,-0.2558
2008-05-15 00:00:00,-0.01,-0.1742
2008-05-15 00:15:00,-0.0082,-0.1835
2008-05-15 00:30:00,0.0223,-0.1872
2008-05-15 00:45:00,0.0255,-0.1724
2008-05-15 01:00:00,-0.016,-0.165
2008-05-15 01:15:00,-0.0295,-0.3708
2008-05-15 01:30:00,-0.0148,-0.2688
2008-05-15 01:45:00,-0.005,-0.1928
2008-05-15 02:00:00,-0.0143,-0.2132
2008-05-15 02:15:00,0.0296,-0.2688
2008-05-15 02:30:00,0.0032,-0.1576
2008-05-15 02:45:00,0.0123,-0.4412
2008-05-15 03:00:00,0.018,-0.2429
2008-05-15 03:15:00,-0.0178,-0.3726
2008-05-15 03:30:00,0.0021,-0.3652
2008-05-15 03:45:00,-0.0234,-0.1075
2008-05-15 04:00:00,-0.0141,-0.0315
2008-05-15 04:15:00,-0.0001,0.1168
2008-05-15 04:30:00,0.3017,0.3931
2008-05-15 04:45:00,1.0918,0.7768
2008-05-15 05:00:00,3.0798,3.2963
2008-05-15 05:15:00,3.9143,3.7022
2008-05-15 05:30:00,5.6875,4.4197
2008-05-15 05:45:00,15.112,10.081
2008-05-15 06:00:00,5.8647,19.998
2008-05-15 06:15:00,1.4388,34.023
2008-05-15 06:30:00,-2.1647,45.606
2008-05-15 06:45:00,7.3925,55.139
2008-05-15 07:00:00,18.658,71.006
2008-05-15 07:15:00,89.212,138.5
2008-05-15 07:30:00,206.52,252.15
2008-05-15 07:45:00,117.19,163.77
2008-05-15 08:00:00,147.65,192.33
2008-05-15 08:15:00,286.24,320.47
2008-05-15 08:30:00,338.72,363.33
2008-05-15 08:45:00,188.94,225.8
2008-05-15 09:00:00,180.29,216.65
2008-05-15 09:15:00,137.42,179.2
2008-05-15 09:30:00,243.21,273.34
2008-05-15 09:45:00,79.983,122.82
2008-05-15 10:00:00,131.2,166.42
2008-05-15 10:15:00,468.48,482.68
2008-05-15 10:30:00,1064.6,1042.8
2008-05-15 10:45:00,617.49,627.19
2008-05-15 11:00:00,1141.7,1123.6
2008-05-15 11:15:00,688.04,705.52
2008-05-15 11:30:00,350.8,359.98
2008-05-15 11:45:00,1069.2,1016.8
2008-05-15 12:00:00,1149.1,1124.2
2008-05-15 12:15:00,1121.9,1108.7
2008-05-15 12:30:00,1133.4,1126.8
2008-05-15 12:45:00,1146.8,1153.4
2008-05-15 13:00:00,955.82,986.49
2008-05-15 13:15:00,547.82,555.7
2008-05-15 13:30:00,344.65,376.03
2008-05-15 13:45:00,1002.4,975.96
2008-05-15 14:00:00,930.85,942.41
2008-05-15 14:15:00,636.56,659.29
2008-05-15 14:30:00,896.12,902.1
2008-05-15 14:45:00,790.97,820.63
2008-05-15 15:00:00,221.19,276.97
2008-05-15 15:15:00,388.54,432.92
2008-05-15 15:30:00,267.47,313.1
2008-05-15 15:45:00,471.95,496.29
2008-05-15 16:00:00,478.83,523.68
2008-05-15 16:15:00,490.23,539.48
2008-05-15 16:30:00,326.8,394.7
2008-05-15 16:45:00,231.51,304.76
2008-05-15 17:00:00,223.36,297.97
2008-05-15 17:15:00,124.73,203.77
2008-05-15 17:30:00,72.947,156.03
2008-05-15 17:45:00,39.905,157.83
2008-05-15 18:00:00,23.781,82.165
2008-05-15 18:15:00,1.6996,52.835
2008-05-15 18:30:00,3.0303,35.264
2008-05-15 18:45:00,12.304,16.001
2008-05-15 19:00:00,17.839,8.6734
2008-05-15 19:15:00,3.7883,0.4093
2008-05-15 19:30:00,1.1187,-2.1465
2008-05-15 19:45:00,0.1721,-3.6303
2008-05-15 20:00:00,-0.0306,-2.9044
2008-05-15 20:15:00,-0.0133,-2.7898
2008-05-15 20:30:00,0.0045,-2.5195
2008-05-15 20:45:00,0.0196,-2.9438
2008-05-15 21:00:00,0.014,-3.3072
2008-05-15 21:15:00,0.0083,-2.7515
2008-05-15 21:30:00,-0.0016,-2.4014
2008-05-15 21:45:00,-0.0346,-2.3329
2008-05-15 22:00:00,-0.0334,-2.2905
2008-05-15 22:15:00,-0.0079,-2.0868
2008-05-15 22:30:00,-0.0111,-2.6706
2008-05-15 22:45:00,-0.0233,-2.8079
2008-05-15 23:00:00,0.0157,-2.7431
2008-05-15 23:15:00,-0.0185,-2.9193
2008-05-15 23:30:00,-0.0252,-2.7062
2008-05-15 23:45:00,-0.0215,-2.7767
2008-05-16 00:00:00,0.0044,-2.8305
2008-05-16 00:15:00,-0.0113,-2.6804
2008-05-16 00:30:00,0.0196,-2.7657
2008-05-16 00:45:00,-0.052,-2.7657
2008-05-16 01:00:00,-0.0317,-2.7213
2008-05-16 01:15:00,-0.0342,-2.5174
2008-05-16 01:30:00,-0.0886,-2.3377
2008-05-16 01:45:00,0.0023,-2.5453
2008-05-16 02:00:00,-0.0238,-2.5824
2008-05-16 02:15:00,0.013,-2.269
2008-05-16 02:30:00,-0.0338,-0.634
2008-05-16 02:45:00,-0.0003,-0.0519
2008-05-16 03:00:00,0.0003,-0.2466
2008-05-16 03:15:00,-0.0021,-0.3837
2008-05-16 03:30:00,0.048,-0.5487
2008-05-16 03:45:00,-0.048,-0.5672
2008-05-16 04:00:00,-0.0201,-0.5412
2008-05-16 04:15:00,-0.0311,-0.5004
2008-05-16 04:30:00,0.3445,-0.3318
2008-05-16 04:45:00,1.2423,0.0649
2008-05-16 05:00:00,2.3823,1.2677
2008-05-16 05:15:00,6.0745,4.2032
2008-05-16 05:30:00,14.701,7.3257
2008-05-16 05:45:00,20.664,10.453
2008-05-16 06:00:00,13.093,15.088
2008-05-16 06:15:00,2.9138,27.093
2008-05-16 06:30:00,0.2989,33.361
2008-05-16 06:45:00,-4.3251,39.233
2008-05-16 07:00:00,3.5831,52.346
2008-05-16 07:15:00,3.0799,41.629
2008-05-16 07:30:00,-2.1273,42.152
2008-05-16 07:45:00,23.249,71.209
2008-05-16 08:00:00,52.432,100.9
2008-05-16 08:15:00,129.73,173.95
2008-05-16 08:30:00,188.66,228.71
2008-05-16 08:45:00,227.06,265.67
2008-05-16 09:00:00,265.68,297.46
2008-05-16 09:15:00,423.5,442.97
2008-05-16 09:30:00,694.07,699.17
2008-05-16 09:45:00,916.3,918.1
2008-05-16 10:00:00,818.09,834.63
2008-05-16 10:15:00,726.74,744.36
2008-05-16 10:30:00,726.27,741.14
2008-05-16 10:45:00,852.14,846.96
2008-05-16 11:00:00,603.96,623.02
2008-05-16 11:15:00,1043.5,1043.1
2008-05-16 11:30:00,720.54,762.71
2008-05-16 11:45:00,655.57,663.85
2008-05-16 12:00:00,772.38,785.85
2008-05-16 12:15:00,728.99,765.5
2008-05-16 12:30:00,576.15,598.74
2008-05-16 12:45:00,475.96,498.65
2008-05-16 13:00:00,830.36,835.41
2008-05-16 13:15:00,829.23,855.76
2008-05-16 13:30:00,635.01,660.87
2008-05-16 13:45:00,930.85,944.92
2008-05-16 14:00:00,781.43,807.29
2008-05-16 14:15:00,874.45,913.6
2008-05-16 14:30:00,893.38,934.75
2008-05-16 14:45:00,774.89,828.49
2008-05-16 15:00:00,401.12,457.14
2008-05-16 15:15:00,211.05,259.33
2008-05-16 15:30:00,375.12,414.4
2008-05-16 15:45:00,234.69,286.41
2008-05-16 16:00:00,218.68,266.64
2008-05-16 16:15:00,175.78,227.52
2008-05-16 16:30:00,264.75,316.42
2008-05-16 16:45:00,253.61,323.96
2008-05-16 17:00:00,157.13,238.34
2008-05-16 17:15:00,115.48,206.64
2008-05-16 17:30:00,98.494,201.41
2008-05-16 17:45:00,60.775,157.45
2008-05-16 18:00:00,26.619,85.911
2008-05-16 18:15:00,8.0382,61.896
2008-05-16 18:30:00,3.7627,54.288
2008-05-16 18:45:00,2.9977,33.14
2008-05-16 19:00:00,13.619,15.43
2008-05-16 19:15:00,3.2035,-0.0888
2008-05-16 19:30:00,1.0571,-4.5618
2008-05-16 19:45:00,0.1737,-3.5202
2008-05-16 20:00:00,-0.0192,-2.595
2008-05-16 20:15:00,-0.0308,-2.3213
2008-05-16 20:30:00,-0.011,-2.5399
2008-05-16 20:45:00,0.0095,-4.2823
2008-05-16 21:00:00,0.0086,-2.3978
2008-05-16 21:15:00,0.0121,-2.1239
2008-05-16 21:30:00,0.0052,-2.0611
2008-05-16 21:45:00,0.0119,-1.9224
2008-05-16 22:00:00,0.0008,-1.7446
2008-05-16 22:15:00,0.0146,-2.5615
2008-05-16 22:30:00,0.0145,-1.7188
2008-05-16 22:45:00,-0.0059,-1.5911
2008-05-16 23:00:00,-0.0078,-2.3042
2008-05-16 23:15:00,0.0091,-1.5577
2008-05-16 23:30:00,-0.0091,-1.6726
2008-05-16 23:45:00,0.0064,-2.1598
2008-05-17 00:00:00,0.0097,-1.7597
2008-05-17 00:15:00,0.0014,-1.5522
2008-05-17 00:30:00,-0.0238,-1.5337
2008-05-17 00:45:00,-0.016,-1.493
2008-05-17 01:00:00,-0.0194,-1.5967
2008-05-17 01:15:00,-0.013,-2.2394
2008-05-17 01:30:00,-0.0174,-2.119
2008-05-17 01:45:00,-0.0141,-2.6062
2008-05-17 02:00:00,-0.0078,-2.1654
2008-05-17 02:15:00,-0.0027,-1.4967
2008-05-17 02:30:00,-0.012,-2.1079
2008-05-17 02:45:00,-0.0369,-2.7988
2008-05-17 03:00:00,-0.0058,-2.71
2008-05-17 03:15:00,-0.0543,-2.8027
2008-05-17 03:30:00,-0.0641,-3.0787
2008-05-17 03:45:00,-0.0167,-2.849
2008-05-17 04:00:00,0.0205,-3.1399
2008-05-17 04:15:00,0.0207,-3.0603
2008-05-17 04:30:00,0.6477,-2.6083
2008-05-17 04:45:00,2.4362,-0.7003
2008-05-17 05:00:00,9.0848,4.2684
2008-05-17 05:15:00,12.787,15.11
2008-05-17 05:30:00,6.3362,23.384
2008-05-17 05:45:00,1.2059,42.836
2008-05-17 06:00:00,9.524,61.026
2008-05-17 06:15:00,35.545,93.774
2008-05-17 06:30:00,24.622,87.355
2008-05-17 06:45:00,95.818,194.1
2008-05-17 07:00:00,152.0,243.07
2008-05-17 07:15:00,217.42,296.85
2008-05-17 07:30:00,287.85,357.69
2008-05-17 07:45:00,360.0,419.17
2008-05-17 08:00:00,432.33,480.08
2008-05-17 08:15:00,497.29,536.51
2008-05-17 08:30:00,568.12,596.92
2008-05-17 08:45:00,628.22,653.33
2008-05-17 09:00:00,684.1,708.04
2008-05-17 09:15:00,732.95,757.85
2008-05-17 09:30:00,780.21,806.09
2008-05-17 09:45:00,821.52,850.22
2008-05-17 10:00:00,857.91,889.76
2008-05-17 10:15:00,889.28,925.82
2008-05-17 10:30:00,916.21,956.52
2008-05-17 10:45:00,948.21,984.3
2008-05-17 11:00:00,975.02,1008.9
2008-05-17 11:15:00,988.41,1026.9
2008-05-17 11:30:00,1007.8,1042.6
2008-05-17 11:45:00,1022.6,1056.5
2008-05-17 12:00:00,1018.9,1059.2
2008-05-17 12:15:00,1004.9,1054.1
2008-05-17 12:30:00,1012.9,1052.1
2008-05-17 12:45:00,991.58,1038.2
2008-05-17 13:00:00,974.34,1024.5
2008-05-17 13:15:00,965.24,1009.7
2008-05-17 13:30:00,916.03,975.06
2008-05-17 13:45:00,885.21,949.96
2008-05-17 14:00:00,865.15,922.42
2008-05-17 14:15:00,572.79,886.77
2008-05-17 14:30:00,701.62,847.74
2008-05-17 14:45:00,751.85,803.33
2008-05-17 15:00:00,701.1,754.77
2008-05-17 15:15:00,648.45,702.12
2008-05-17 15:30:00,588.15,645.62
2008-05-17 15:45:00,529.12,591.71
2008-05-17 16:00:00,465.21,535.25
2008-05-17 16:15:00,397.09,475.07
2008-05-17 16:30:00,328.26,414.83
2008-05-17 16:45:00,256.97,353.9
2008-05-17 17:00:00,184.7,291.19
2008-05-17 17:15:00,119.06,233.41
2008-05-17 17:30:00,12.832,86.081
2008-05-17 17:45:00,2.4248,72.118
2008-05-17 18:00:00,3.3899,48.721
2008-05-17 18:15:00,0.0593,34.011
2008-05-17 18:30:00,2.4534,29.69
2008-05-17 18:45:00,6.9355,21.038
2008-05-17 19:00:00,14.629,8.5714
2008-05-17 19:15:00,4.2542,-0.544
2008-05-17 19:30:00,1.2571,-2.5573
2008-05-17 19:45:00,0.1967,-3.3218
2008-05-17 20:00:00,-0.0276,-2.9204
2008-05-17 20:15:00,-0.0159,-2.5635
2008-05-17 20:30:00,-0.0072,-2.3045
2008-05-17 20:45:00,0.032,-2.1436
2008-05-17 21:00:00,-0.0263,-2.005
2008-05-17 21:15:00,0.008,-2.1402
2008-05-17 21:30:00,-0.0033,-2.7698
2008-05-17 21:45:00,0.004,-2.8718
2008-05-17 22:00:00,-0.0445,-3.0403
2008-05-17 22:15:00,0.0,-2.9941
2008-05-17 22:30:00,0.019,-3.383
2008-05-17 22:45:00,0.0024,-3.1017
2008-05-17 23:00:00,0.02,-3.3092
2008-05-17 23:15:00,-0.0238,-2.7834
2008-05-17 23:30:00,-0.004,-2.928
2008-05-17 23:45:00,0.0113,-2.7836
2008-05-18 00:00:00,0.0018,-2.4226
2008-05-18 00:15:00,-0.0137,-2.0579
2008-05-18 00:30:00,0.0034,-2.3431
2008-05-18 00:45:00,-0.022,-2.3988
2008-05-18 01:00:00,-0.0326,-2.2451
2008-05-18 01:15:00,-0.0112,-2.4304
2008-05-18 01:30:00,-0.0374,-2.1544
2008-05-18 01:45:00,-0.0103,-1.7432
2008-05-18 02:00:00,-0.0357,-2.6139
2008-05-18 02:15:00,0.0104,-2.8714
2008-05-18 02:30:00,0.0065,-2.5843
2008-05-18 02:45:00,-0.0123,-2.1823
2008-05-18 03:00:00,-0.021,-1.9174
2008-05-18 03:15:00,0.0094,-1.382
2008-05-18 03:30:00,-0.0203,-1.8489
2008-05-18 03:45:00,0.0013,-1.7877
2008-05-18 04:00:00,0.0126,-1.8248
2008-05-18 04:15:00,0.0306,-1.9768
2008-05-18 04:30:00,0.5671,-2.377
2008-05-18 04:45:00,2.1015,-0.7688
2008-05-18 05:00:00,11.072,5.6487
2008-05-18 05:15:00,8.7891,18.224
2008-05-18 05:30:00,2.6132,31.23
2008-05-18 05:45:00,0.1006,44.301
2008-05-18 06:00:00,-4.2571,53.841
2008-05-18 06:15:00,3.271,76.962
2008-05-18 06:30:00,29.945,127.03
2008-05-18 06:45:00,76.731,182.44
2008-05-18 07:00:00,141.74,239.11
2008-05-18 07:15:00,212.71,298.33
2008-05-18 07:30:00,282.97,357.49
2008-05-18 07:45:00,354.03,417.0
2008-05-18 08:00:00,406.67,463.15
2008-05-18 08:15:00,474.4,525.86
2008-05-18 08:30:00,522.21,571.09
2008-05-18 08:45:00,571.57,618.22
2008-05-18 09:00:00,652.53,699.5
2008-05-18 09:15:00,743.86,772.47
2008-05-18 09:30:00,730.84,766.97
2008-05-18 09:45:00,588.93,629.96
2008-05-18 10:00:00,537.66,573.47
2008-05-18 10:15:00,726.24,753.7
2008-05-18 10:30:00,917.63,954.09
2008-05-18 10:45:00,933.62,980.37
2008-05-18 11:00:00,1001.3,1051.8
2008-05-18 11:15:00,1005.1,1055.1
2008-05-18 11:30:00,1083.5,1139.8
2008-05-18 11:45:00,1101.5,1166.7
2008-05-18 12:00:00,1094.0,1160.3
2008-05-18 12:15:00,673.02,725.01
2008-05-18 12:30:00,876.17,917.48
2008-05-18 12:45:00,871.14,900.09
2008-05-18 13:00:00,1008.5,1062.1
2008-05-18 13:15:00,1071.1,1126.7
2008-05-18 13:30:00,964.92,1030.4
2008-05-18 13:45:00,744.92,821.08
2008-05-18 14:00:00,832.64,882.57
2008-05-18 14:15:00,794.83,835.57
2008-05-18 14:30:00,674.26,724.77
2008-05-18 14:45:00,730.31,769.08
2008-05-18 15:00:00,566.49,606.32
2008-05-18 15:15:00,550.95,596.33
2008-05-18 15:30:00,240.44,286.1
2008-05-18 15:45:00,191.14,233.04
2008-05-18 16:00:00,171.48,213.09
2008-05-18 16:15:00,211.34,255.28
2008-05-18 16:30:00,288.79,353.39
2008-05-18 16:45:00,215.34,301.41
2008-05-18 17:00:00,86.757,150.46
2008-05-18 17:15:00,86.72,143.07
2008-05-18 17:30:00,89.109,164.41
2008-05-18 17:45:00,27.487,92.982
2008-05-18 18:00:00,0.0021,60.349
2008-05-18 18:15:00,-1.2339,40.55
2008-05-18 18:30:00,4.2004,28.52
2008-05-18 18:45:00,4.9942,25.811
2008-05-18 19:00:00,8.1585,17.438
2008-05-18 19:15:00,5.9524,0.505
2008-05-18 19:30:00,1.046,-2.9899
2008-05-18 19:45:00,0.1483,-4.5572
2008-05-18 20:00:00,-0.0108,-4.4187
2008-05-18 20:15:00,-0.0207,-3.7362
2008-05-18 20:30:00,-0.0192,-3.5882
2008-05-18 20:45:00,-0.0291,-3.3867
2008-05-18 21:00:00,0.0021,-2.7613
2008-05-18 21:15:00,-0.0132,-2.9855
2008-05-18 21:30:00,0.0408,-3.0393
2008-05-18 21:45:00,-0.0606,-3.2838
2008-05-18 22:00:00,0.0068,-3.1266
2008-05-18 22:15:00,0.0142,-3.1379
2008-05-18 22:30:00,0.0248,-2.4808
2008-05-18 22:45:00,0.0001,-2.605
2008-05-18 23:00:00,-0.0004,-2.57
2008-05-18 23:15:00,-0.013,-2.8515
2008-05-18 23:30:00,-0.0083,-3.3441
2008-05-18 23:45:00,-0.0035,-2.7183
2008-05-19 00:00:00,-0.0192,-2.2814
2008-05-19 00:15:00,-0.0014,-2.3722
2008-05-19 00:30:00,-0.0392,-2.6149
2008-05-19 00:45:00,-0.0067,-2.5723
2008-05-19 01:00:00,-0.0316,-1.789
2008-05-19 01:15:00,-0.0105,-1.3927
2008-05-19 01:30:00,-0.0099,-1.7965
2008-05-19 01:45:00,-0.0597,-1.9262
2008-05-19 02:00:00,-0.0026,-2.1855
2008-05-19 02:15:00,-0.0286,-2.7263
2008-05-19 02:30:00,-0.047,-1.4465
2008-05-19 02:45:00,-0.0522,-2.7058
2008-05-19 03:00:00,0.0122,-4.6448
2008-05-19 03:15:00,-0.0278,-4.204
2008-05-19 03:30:00,-0.0067,-3.115
2008-05-19 03:45:00,-0.0106,-2.4872
2008-05-19 04:00:00,-0.0018,-2.478
2008-05-19 04:15:00,-0.0088,-2.2817
2008-05-19 04:30:00,0.5991,-2.654
2008-05-19 04:45:00,2.324,-1.2353
2008-05-19 05:00:00,10.311,5.6395
2008-05-19 05:15:00,9.5322,18.763
2008-05-19 05:30:00,-2.0797,36.279
2008-05-19 05:45:00,-0.3385,52.381
2008-05-19 06:00:00,7.16,69.092
2008-05-19 06:15:00,16.049,93.657
2008-05-19 06:30:00,39.563,127.58
2008-05-19 06:45:00,87.706,189.4
2008-05-19 07:00:00,144.57,242.7
2008-05-19 07:15:00,206.91,297.74
2008-05-19 07:30:00,260.2,343.57
2008-05-19 07:45:00,320.14,397.45
2008-05-19 08:00:00,404.23,473.53
2008-05-19 08:15:00,446.14,509.17
2008-05-19 08:30:00,530.82,574.57
2008-05-19 08:45:00,547.23,582.01
2008-05-19 09:00:00,558.8,594.56
2008-05-19 09:15:00,660.57,688.23
2008-05-19 09:30:00,763.97,792.04
2008-05-19 09:45:00,770.71,813.08
2008-05-19 10:00:00,808.87,851.73
2008-05-19 10:15:00,751.59,801.34
2008-05-19 10:30:00,398.83,459.14
2008-05-19 10:45:00,480.5,536.09
2008-05-19 11:00:00,539.95,587.11
2008-05-19 11:15:00,848.56,898.71
2008-05-19 11:30:00,742.71,798.47
2008-05-19 11:45:00,810.11,893.48
2008-05-19 12:00:00,707.51,765.37
2008-05-19 12:15:00,751.19,838.15
2008-05-19 12:30:00,466.65,528.51
2008-05-19 12:45:00,302.06,352.72
2008-05-19 13:00:00,542.69,602.29
2008-05-19 13:15:00,327.39,375.91
2008-05-19 13:30:00,245.66,292.8
2008-05-19 13:45:00,424.48,464.91
2008-05-19 14:00:00,371.73,423.72
2008-05-19 14:15:00,409.49,455.39
2008-05-19 14:30:00,275.81,333.26
2008-05-19 14:45:00,215.65,269.62
2008-05-19 15:00:00,225.04,282.19
2008-05-19 15:15:00,300.35,356.05
2008-05-19 15:30:00,220.6,271.79
2008-05-19 15:45:00,159.85,214.91
2008-05-19 16:00:00,219.02,273.85
2008-05-19 16:15:00,277.68,340.7
2008-05-19 16:30:00,340.55,410.75
2008-05-19 16:45:00,278.73,363.24
2008-05-19 17:00:00,145.78,220.16
2008-05-19 17:15:00,59.764,120.44
2008-05-19 17:30:00,53.933,121.42
2008-05-19 17:45:00,40.756,101.6
2008-05-19 18:00:00,39.712,100.41
2008-05-19 18:15:00,8.2432,58.543
2008-05-19 18:30:00,1.8383,35.339
2008-05-19 18:45:00,2.14,29.888
2008-05-19 19:00:00,12.557,11.666
2008-05-19 19:15:00,3.7151,0.0795
2008-05-19 19:30:00,0.8811,-1.1618
2008-05-19 19:45:00,0.1527,-1.9926
2008-05-19 20:00:00,0.0214,-2.2407
2008-05-19 20:15:00,-0.0333,-2.1206
2008-05-19 20:30:00,-0.011,-2.3556
2008-05-19 20:45:00,-0.0379,-2.3816
2008-05-19 21:00:00,0.0156,-2.2152
2008-05-19 21:15:00,-0.0378,-1.8581
2008-05-19 21:30:00,-0.0282,-2.4023
2008-05-19 21:45:00,-0.0171,-2.1765
2008-05-19 22:00:00,-0.0512,-2.1821
2008-05-19 22:15:00,-0.0679,-2.3451
2008-05-19 22:30:00,-0.0464,-2.4915
2008-05-19 22:45:00,0.0091,-2.4508
2008-05-19 23:00:00,0.0029,-2.5175
2008-05-19 23:15:00,-0.0023,-2.7009
2008-05-19 23:30:00,-0.0068,-2.838
2008-05-19 23:45:00,-0.0188,-2.692
2008-05-20 00:00:00,-0.0242,-2.8199
2008-05-20 00:15:00,-0.0045,-2.822
2008-05-20 00:30:00,-0.025,-2.7183
2008-05-20 00:45:00,-0.0467,-2.7462
2008-05-20 01:00:00,-0.0033,-3.0741
2008-05-20 01:15:00,-0.007,-3.2002
2008-05-20 01:30:00,0.0268,-3.4003
2008-05-20 01:45:00,0.0105,-3.0392
2008-05-20 02:00:00,0.0448,-3.0449
2008-05-20 02:15:00,-0.0112,-3.0839
2008-05-20 02:30:00,-0.0562,-2.8044
2008-05-20 02:45:00,-0.0073,-2.8397
2008-05-20 03:00:00,0.003,-2.7249
2008-05-20 03:15:00,-0.0382,-2.3249
2008-05-20 03:30:00,0.0086,-2.1545
2008-05-20 03:45:00,0.0322,-2.3768
2008-05-20 04:00:00,0.0149,-2.8104
2008-05-20 04:15:00,0.0425,-2.3213
2008-05-20 04:30:00,0.6875,-2.3177
2008-05-20 04:45:00,2.7528,0.1408
2008-05-20 05:00:00,12.918,7.0254
2008-05-20 05:15:00,6.9859,19.018
2008-05-20 05:30:00,-1.7241,34.771
2008-05-20 05:45:00,-1.3348,48.469
2008-05-20 06:00:00,5.5309,63.187
2008-05-20 06:15:00,12.621,85.777
2008-05-20 06:30:00,41.346,135.22
2008-05-20 06:45:00,93.166,190.76
2008-05-20 07:00:00,163.03,253.7
2008-05-20 07:15:00,256.59,334.63
2008-05-20 07:30:00,331.85,401.06
2008-05-20 07:45:00,379.34,441.57
2008-05-20 08:00:00,446.84,500.28
2008-05-20 08:15:00,523.28,563.03
2008-05-20 08:30:00,580.77,612.25
2008-05-20 08:45:00,641.04,667.66
2008-05-20 09:00:00,679.72,709.9
2008-05-20 09:15:00,728.36,760.45
2008-05-20 09:30:00,771.85,801.86
2008-05-20 09:45:00,809.22,840.37
2008-05-20 10:00:00,844.53,877.62
2008-05-20 10:15:00,875.21,910.65
2008-05-20 10:30:00,899.19,940.93
2008-05-20 10:45:00,914.4,960.45
2008-05-20 11:00:00,933.49,982.41
2008-05-20 11:15:00,926.9,985.42
2008-05-20 11:30:00,954.51,1015.8
2008-05-20 11:45:00,957.67,1027.0
2008-05-20 12:00:00,1002.9,1068.5
2008-05-20 12:15:00,963.93,1030.6
2008-05-20 12:30:00,961.6,1023.2
2008-05-20 12:45:00,939.58,1005.1
2008-05-20 13:00:00,936.15,1005.9
2008-05-20 13:15:00,901.86,975.08
2008-05-20 13:30:00,879.38,952.21
2008-05-20 13:45:00,879.49,954.27
2008-05-20 14:00:00,823.2,899.64
2008-05-20 14:15:00,796.18,861.41
2008-05-20 14:30:00,755.27,820.87
2008-05-20 14:45:00,726.32,791.89
2008-05-20 15:00:00,709.06,778.49
2008-05-20 15:15:00,648.04,719.88
2008-05-20 15:30:00,475.95,562.43
2008-05-20 15:45:00,119.07,182.52
2008-05-20 16:00:00,278.32,338.56
2008-05-20 16:15:00,374.04,445.6
2008-05-20 16:30:00,162.19,232.29
2008-05-20 16:45:00,82.646,138.51
2008-05-20 17:00:00,231.06,314.69
2008-05-20 17:15:00,154.57,268.15
2008-05-20 17:30:00,75.322,191.15
2008-05-20 17:45:00,16.751,122.82
2008-05-20 18:00:00,-1.2043,62.832
2008-05-20 18:15:00,0.2344,36.856
2008-05-20 18:30:00,2.1042,29.616
2008-05-20 18:45:00,3.8381,24.708
2008-05-20 19:00:00,12.584,10.756
2008-05-20 19:15:00,5.7253,0.4365
2008-05-20 19:30:00,1.2073,-3.5403
2008-05-20 19:45:00,0.2263,-3.6404
2008-05-20 20:00:00,-0.0044,-3.4095
2008-05-20 20:15:00,-0.0191,-3.2155
2008-05-20 20:30:00,-0.0225,-2.8772
2008-05-20 20:45:00,-0.0327,-2.8552
2008-05-20 21:00:00,-0.0342,-2.6111
2008-05-20 21:15:00,-0.0365,-2.5299
2008-05-20 21:30:00,0.0678,-2.3061
2008-05-20 21:45:00,-0.0394,-2.8688
2008-05-20 22:00:00,-0.007,-2.9745
2008-05-20 22:15:00,-0.0342,-2.4896
2008-05-20 22:30:00,-0.0075,-2.3158
2008-05-20 22:45:00,-0.0063,-2.103
2008-05-20 23:00:00,-0.0619,-2.0828
2008-05-20 23:15:00,-0.022,-2.205
2008-05-20 23:30:00,-0.0008,-2.1273
2008-05-20 23:45:00,-0.0074,-1.5516
2008-05-21 00:00:00,-0.0081,-1.722
2008-05-21 00:15:00,-0.016,-2.0442
2008-05-21 00:30:00,-0.0144,-2.8885
2008-05-21 00:45:00,-0.0004,-2.407
2008-05-21 01:00:00,-0.0416,-2.0701
2008-05-21 01:15:00,0.0097,-2.5145
2008-05-21 01:30:00,0.0004,-2.1571
2008-05-21 01:45:00,-0.0653,-2.2885
2008-05-21 02:00:00,-0.0675,-2.2331
2008-05-21 02:15:00,-0.0224,-1.7906
2008-05-21 02:30:00,0.0017,-1.6018
2008-05-21 02:45:00,-0.0164,-1.5203
2008-05-21 03:00:00,0.0093,-1.0204
2008-05-21 03:15:00,-0.0393,-1.5074
2008-05-21 03:30:00,-0.0226,-1.9796
2008-05-21 03:45:00,0.0034,-2.1723
2008-05-21 04:00:00,0.0275,-2.0833
2008-05-21 04:15:00,-0.0012,-1.8167
2008-05-21 04:30:00,0.4865,-1.9797
2008-05-21 04:45:00,1.2879,-0.9278
2008-05-21 05:00:00,4.7998,2.5871
2008-05-21 05:15:00,16.047,9.7688
2008-05-21 05:30:00,5.9701,20.583
2008-05-21 05:45:00,1.2999,27.893
2008-05-21 06:00:00,-0.8731,36.056
2008-05-21 06:15:00,5.7214,48.738
2008-05-21 06:30:00,12.168,62.34
2008-05-21 06:45:00,25.236,73.097
2008-05-21 07:00:00,38.557,86.881
2008-05-21 07:15:00,55.728,104.87
2008-05-21 07:30:00,68.386,117.77
2008-05-21 07:45:00,56.267,103.0
2008-05-21 08:00:00,82.831,129.84
2008-05-21 08:15:00,107.39,153.06
2008-05-21 08:30:00,124.15,166.69
2008-05-21 08:45:00,143.97,185.64
2008-05-21 09:00:00,106.0,155.1
2008-05-21 09:15:00,255.07,289.46
2008-05-21 09:30:00,584.65,602.62
2008-05-21 09:45:00,844.55,860.3
2008-05-21 10:00:00,867.09,902.61
2008-05-21 10:15:00,873.04,910.81
2008-05-21 10:30:00,922.26,957.4
2008-05-21 10:45:00,964.76,1012.5
2008-05-21 11:00:00,1017.3,1075.5
2008-05-21 11:15:00,985.83,1056.3
2008-05-21 11:30:00,935.53,1000.8
2008-05-21 11:45:00,859.8,915.07
2008-05-21 12:00:00,823.59,874.49
2008-05-21 12:15:00,1059.1,1125.5
2008-05-21 12:30:00,917.6,985.85
2008-05-21 12:45:00,938.81,1005.8
2008-05-21 13:00:00,1008.3,1082.5
2008-05-21 13:15:00,964.51,1036.4
2008-05-21 13:30:00,593.41,659.54
2008-05-21 13:45:00,590.15,646.31
2008-05-21 14:00:00,259.23,310.42
2008-05-21 14:15:00,169.06,212.64
2008-05-21 14:30:00,305.89,336.24
2008-05-21 14:45:00,271.33,315.82
2008-05-21 15:00:00,201.11,253.79
2008-05-21 15:15:00,615.25,664.21
2008-05-21 15:30:00,441.53,504.54
2008-05-21 15:45:00,426.93,491.62
2008-05-21 16:00:00,410.81,478.33
2008-05-21 16:15:00,228.79,282.97
2008-05-21 16:30:00,259.47,322.53
2008-05-21 16:45:00,234.66,310.11
2008-05-21 17:00:00,116.95,166.52
2008-05-21 17:15:00,73.789,135.69
2008-05-21 17:30:00,29.184,115.5
2008-05-21 17:45:00,13.012,124.67
2008-05-21 18:00:00,2.2045,71.827
2008-05-21 18:15:00,9.6233,65.025
2008-05-21 18:30:00,6.706,31.168
2008-05-21 18:45:00,11.475,16.522
2008-05-21 19:00:00,14.804,8.803
2008-05-21 19:15:00,3.5784,0.8343
2008-05-21 19:30:00,1.0458,-1.4708
2008-05-21 19:45:00,0.2714,-2.8789
2008-05-21 20:00:00,-0.0131,-2.99
2008-05-21 20:15:00,-0.0248,-1.7097
2008-05-21 20:30:00,-0.0452,-1.2343
2008-05-21 20:45:00,0.0167,-1.66
2008-05-21 21:00:00,0.0072,-2.2616
2008-05-21 21:15:00,-0.0314,-1.6694
2008-05-21 21:30:00,0.0056,-0.8163
2008-05-21 21:45:00,-0.0111,-0.6182
2008-05-21 22:00:00,-0.0037,-1.3847
2008-05-21 22:15:00,-0.0055,-1.8752
2008-05-21 22:30:00,-0.0475,-1.8327
2008-05-21 22:45:00,-0.0133,-0.4869
2008-05-21 23:00:00,0.0062,-2.7455
2008-05-21 23:15:00,-0.0042,-2.1142
2008-05-21 23:30:00,-0.0208,-2.1254
2008-05-21 23:45:00,-0.011,-2.094
2008-05-22 00:00:00,-0.0145,-2.507
2008-05-22 00:15:00,-0.0195,-2.1645
2008-05-22 00:30:00,-0.0101,-1.8535
2008-05-22 00:45:00,-0.0387,-1.6573
2008-05-22 01:00:00,-0.0079,-1.6869
2008-05-22 01:15:00,-0.0301,-1.7481
2008-05-22 01:30:00,-0.0361,-1.8074
2008-05-22 01:45:00,0.0122,-1.9963
2008-05-22 02:00:00,-0.0172,-2.3537
2008-05-22 02:15:00,-0.0137,-2.5741
2008-05-22 02:30:00,0.0023,-2.8187
2008-05-22 02:45:00,-0.0084,-2.6521
2008-05-22 03:00:00,-0.0118,-2.5577
2008-05-22 03:15:00,-0.0112,-2.0318
2008-05-22 03:30:00,-0.009,-1.8337
2008-05-22 03:45:00,-0.0133,-1.5522
2008-05-22 04:00:00,-0.0217,-1.2114
2008-05-22 04:15:00,0.0161,-0.3483
2008-05-22 04:30:00,0.5491,-1.1096
2008-05-22 04:45:00,2.2695,0.8113
2008-05-22 05:00:00,14.004,7.8801
2008-05-22 05:15:00,6.5985,20.415
2008-05-22 05:30:00,2.8145,27.119
2008-05-22 05:45:00,0.5928,46.42
2008-05-22 06:00:00,14.28,64.95
2008-05-22 06:15:00,41.19,93.396
2008-05-22 06:30:00,38.01,87.025
2008-05-22 06:45:00,40.176,91.381
2008-05-22 07:00:00,57.55,108.72
2008-05-22 07:15:00,60.513,110.83
2008-05-22 07:30:00,161.28,204.09
2008-05-22 07:45:00,143.43,195.11
2008-05-22 08:00:00,198.9,241.89
2008-05-22 08:15:00,515.38,533.92
2008-05-22 08:30:00,303.74,340.48
2008-05-22 08:45:00,449.33,469.75
2008-05-22 09:00:00,661.98,676.47
2008-05-22 09:15:00,662.17,683.53
2008-05-22 09:30:00,554.95,584.65
2008-05-22 09:45:00,633.92,634.97
2008-05-22 10:00:00,424.23,466.77
2008-05-22 10:15:00,704.57,697.79
2008-05-22 10:30:00,478.75,506.71
2008-05-22 10:45:00,446.15,491.81
2008-05-22 11:00:00,271.03,311.17
2008-05-22 11:15:00,5.2972,45.832
2008-05-22 11:30:00,620.09,644.41
2008-05-22 11:45:00,256.74,290.55
2008-05-22 12:00:00,952.08,933.62
2008-05-22 12:15:00,1050.7,1077.6
2008-05-22 12:30:00,389.84,429.51
2008-05-22 12:45:00,199.98,229.95
2008-05-22 13:00:00,257.39,279.05
2008-05-22 13:15:00,662.63,676.02
2008-05-22 13:30:00,990.67,1016.0
2008-05-22 13:45:00,961.88,991.96
2008-05-22 14:00:00,823.53,868.92
2008-05-22 14:15:00,340.65,391.63
2008-05-22 14:30:00,115.38,156.27
2008-05-22 14:45:00,168.68,213.34
2008-05-22 15:00:00,329.43,362.52
2008-05-22 15:15:00,622.51,644.47
2008-05-22 15:30:00,496.49,528.69
2008-05-22 15:45:00,173.22,223.58
2008-05-22 16:00:00,71.131,119.45
2008-05-22 16:15:00,254.17,288.18
2008-05-22 16:30:00,347.26,392.74
2008-05-22 16:45:00,268.99,338.55
2008-05-22 17:00:00,182.04,271.29
2008-05-22 17:15:00,22.745,85.576
2008-05-22 17:30:00,15.774,71.046
2008-05-22 17:45:00,10.382,63.749
2008-05-22 18:00:00,7.4525,61.551
2008-05-22 18:15:00,-0.5635,44.582
2008-05-22 18:30:00,4.0596,33.635
2008-05-22 18:45:00,10.626,21.149
2008-05-22 19:00:00,16.516,8.7232
2008-05-22 19:15:00,5.5788,1.9666
2008-05-22 19:30:00,1.8217,-1.3372
2008-05-22 19:45:00,0.5254,-2.3708
2008-05-22 20:00:00,-0.0101,-2.4228
2008-05-22 20:15:00,-0.0505,-1.9932
2008-05-22 20:30:00,-0.0127,-1.7617
2008-05-22 20:45:00,0.0048,-2.338
2008-05-22 21:00:00,-0.0405,-2.5364
2008-05-22 21:15:00,0.0087,-2.8403
2008-05-22 21:30:00,-0.02,-3.0164
2008-05-22 21:45:00,0.01,-3.022
2008-05-22 22:00:00,-0.0174,-2.985
2008-05-22 22:15:00,-0.0049,-3.0999
2008-05-22 22:30:00,-0.0032,-3.2538
2008-05-22 22:45:00,0.0039,-2.8556
2008-05-22 23:00:00,0.0055,-3.6915
2008-05-22 23:15:00,-0.0072,-3.1911
2008-05-22 23:30:00,-0.0285,-3.2283
2008-05-22 23:45:00,-0.0278,-2.4408
2008-05-23 00:00:00,-0.0132,-3.4731
2008-05-23 00:15:00,-0.0211,-3.3602
2008-05-23 00:30:00,-0.0038,-2.8097
2008-05-23 00:45:00,-0.0125,-1.9961
2008-05-23 01:00:00,0.0004,-1.3438
2008-05-23 01:15:00,-0.0133,-2.4967
2008-05-23 01:30:00,-0.0089,-1.9797
2008-05-23 01:45:00,0.002,-1.3291
2008-05-23 02:00:00,-0.0256,-2.1059
2008-05-23 02:15:00,0.0136,-1.2327
2008-05-23 02:30:00,0.0212,-1.3143
2008-05-23 02:45:00,-0.0331,-0.8398
2008-05-23 03:00:00,-0.0583,-1.1809
2008-05-23 03:15:00,-0.0004,-2.1727
2008-05-23 03:30:00,-0.0816,-2.5601
2008-05-23 03:45:00,0.0205,-2.649
2008-05-23 04:00:00,-0.0034,-3.0179
2008-05-23 04:15:00,0.0718,-2.7603
2008-05-23 04:30:00,0.8539,-1.0882
2008-05-23 04:45:00,2.7265,0.8862
2008-05-23 05:00:00,13.013,11.98
2008-05-23 05:15:00,4.8419,23.803
2008-05-23 05:30:00,2.2286,33.666
2008-05-23 05:45:00,-3.3035,47.25
2008-05-23 06:00:00,-1.2703,56.634
2008-05-23 06:15:00,9.9241,81.699
2008-05-23 06:30:00,40.1,120.24
2008-05-23 06:45:00,82.002,179.74
2008-05-23 07:00:00,146.91,236.73
2008-05-23 07:15:00,220.77,298.11
2008-05-23 07:30:00,300.24,365.61
2008-05-23 07:45:00,345.73,397.52
2008-05-23 08:00:00,268.82,312.73
2008-05-23 08:15:00,255.37,304.82
2008-05-23 08:30:00,341.64,379.1
2008-05-23 08:45:00,720.66,725.94
2008-05-23 09:00:00,779.44,787.47
2008-05-23 09:15:00,669.38,687.25
2008-05-23 09:30:00,679.02,696.19
2008-05-23 09:45:00,711.79,734.76
2008-05-23 10:00:00,937.64,935.87
2008-05-23 10:15:00,995.48,1008.3
2008-05-23 10:30:00,994.44,1012.8
2008-05-23 10:45:00,1000.7,1017.7
2008-05-23 11:00:00,1015.1,1034.3
2008-05-23 11:15:00,1060.6,1070.6
2008-05-23 11:30:00,848.03,862.63
2008-05-23 11:45:00,526.74,567.95
2008-05-23 12:00:00,747.75,753.78
2008-05-23 12:15:00,1054.6,1068.0
2008-05-23 12:30:00,1082.8,1097.7
2008-05-23 12:45:00,1055.4,1086.9
2008-05-23 13:00:00,857.65,890.79
2008-05-23 13:15:00,287.59,323.83
2008-05-23 13:30:00,313.26,335.46
2008-05-23 13:45:00,286.42,311.91
2008-05-23 14:00:00,195.06,223.52
2008-05-23 14:15:00,95.653,137.08
2008-05-23 14:30:00,344.07,370.39
2008-05-23 14:45:00,545.34,565.19
2008-05-23 15:00:00,537.21,560.87
2008-05-23 15:15:00,477.41,516.52
2008-05-23 15:30:00,99.44,147.81
2008-05-23 15:45:00,26.199,72.694
2008-05-23 16:00:00,184.39,221.51
2008-05-23 16:15:00,184.74,228.31
2008-05-23 16:30:00,241.27,282.59
2008-05-23 16:45:00,91.919,136.31
2008-05-23 17:00:00,83.757,129.49
2008-05-23 17:15:00,48.751,97.479
2008-05-23 17:30:00,22.075,72.195
2008-05-23 17:45:00,15.23,70.818
2008-05-23 18:00:00,22.044,70.178
2008-05-23 18:15:00,23.397,76.803
2008-05-23 18:30:00,-1.1049,43.551
2008-05-23 18:45:00,2.7771,34.61
2008-05-23 19:00:00,14.402,16.649
2008-05-23 19:15:00,15.459,6.3157
2008-05-23 19:30:00,2.0966,-1.1722
2008-05-23 19:45:00,0.6033,-2.4576
2008-05-23 20:00:00,-0.0072,-2.1502
2008-05-23 20:15:00,-0.0251,-2.067
2008-05-23 20:30:00,-0.0133,-2.0338
2008-05-23 20:45:00,-0.0248,-2.3118
2008-05-23 21:00:00,-0.0162,-3.0326
2008-05-23 21:15:00,-0.008,-1.8193
2008-05-23 21:30:00,-0.0035,-1.686
2008-05-23 21:45:00,0.0073,-2.7792
2008-05-23 22:00:00,-0.0044,-3.3073
2008-05-23 22:15:00,-0.014,-3.463
2008-05-23 22:30:00,0.0113,-2.5033
2008-05-23 22:45:00,0.0194,-1.9567
2008-05-23 23:00:00,-0.0299,-2.4867
2008-05-23 23:15:00,-0.0541,-2.6035
2008-05-23 23:30:00,-0.027,-3.1132
2008-05-23 23:45:00,0.0018,-2.9724
2008-05-24 00:00:00,-0.0288,-3.4338
2008-05-24 00:15:00,-0.0021,-4.0528
2008-05-24 00:30:00,-0.0343,-3.004
2008-05-24 00:45:00,-0.0145,-2.1442
2008-05-24 01:00:00,-0.0084,-1.516
2008-05-24 01:15:00,0.0224,-1.5382
2008-05-24 01:30:00,-0.0246,-2.5334
2008-05-24 01:45:00,-0.0228,-2.5945
2008-05-24 02:00:00,-0.0308,-3.1486
2008-05-24 02:15:00,0.0037,-3.2023
2008-05-24 02:30:00,-0.0228,-3.4155
2008-05-24 02:45:00,0.017,-4.1439
2008-05-24 03:00:00,-0.0062,-3.5176
2008-05-24 03:15:00,-0.0096,-4.1534
2008-05-24 03:30:00,-0.0211,-3.6716
2008-05-24 03:45:00,-0.0127,-3.2657
2008-05-24 04:00:00,-0.0142,-2.7228
2008-05-24 04:15:00,0.0516,-2.1297
2008-05-24 04:30:00,0.9092,-2.1224
2008-05-24 04:45:00,3.5775,0.8212
2008-05-24 05:00:00,16.037,6.7956
2008-05-24 05:15:00,16.511,12.43
2008-05-24 05:30:00,6.1104,23.476
2008-05-24 05:45:00,1.1203,33.503
2008-05-24 06:00:00,-1.8612,44.016
2008-05-24 06:15:00,7.6938,60.753
2008-05-24 06:30:00,15.158,72.314
2008-05-24 06:45:00,-1.7637,56.509
2008-05-24 07:00:00,132.15,219.64
2008-05-24 07:15:00,220.31,300.37
2008-05-24 07:30:00,292.71,360.91
2008-05-24 07:45:00,365.04,421.48
2008-05-24 08:00:00,439.27,483.82
2008-05-24 08:15:00,510.3,545.98
2008-05-24 08:30:00,585.02,613.09
2008-05-24 08:45:00,668.32,691.21
2008-05-24 09:00:00,745.69,763.08
2008-05-24 09:15:00,727.81,758.49
2008-05-24 09:30:00,742.57,761.64
2008-05-24 09:45:00,571.46,604.73
2008-05-24 10:00:00,434.37,464.04
2008-05-24 10:15:00,714.77,725.23
2008-05-24 10:30:00,954.78,981.29
2008-05-24 10:45:00,770.94,837.85
2008-05-24 11:00:00,839.31,858.22
2008-05-24 11:15:00,604.74,637.29
2008-05-24 11:30:00,433.19,478.51
2008-05-24 11:45:00,354.34,383.48
2008-05-24 12:00:00,365.44,384.67
2008-05-24 12:15:00,465.73,480.13
2008-05-24 12:30:00,422.27,451.44
2008-05-24 12:45:00,217.42,255.87
2008-05-24 13:00:00,282.13,311.73
2008-05-24 13:15:00,292.28,325.2
2008-05-24 13:30:00,445.62,470.7
2008-05-24 13:45:00,669.37,687.21
2008-05-24 14:00:00,441.78,488.86
2008-05-24 14:15:00,417.19,460.45
2008-05-24 14:30:00,458.27,497.77
2008-05-24 14:45:00,533.84,570.51
2008-05-24 15:00:00,244.65,297.38
2008-05-24 15:15:00,598.21,637.7
2008-05-24 15:30:00,183.51,247.63
2008-05-24 15:45:00,96.519,157.01
2008-05-24 16:00:00,467.84,521.86
2008-05-24 16:15:00,390.51,464.34
2008-05-24 16:30:00,107.86,179.58
2008-05-24 16:45:00,277.3,365.55
2008-05-24 17:00:00,243.42,351.81
2008-05-24 17:15:00,103.86,212.81
2008-05-24 17:30:00,27.845,90.649
2008-05-24 17:45:00,33.944,91.649
2008-05-24 18:00:00,3.412,57.186
2008-05-24 18:15:00,8.5036,31.716
2008-05-24 18:30:00,2.5344,30.847
2008-05-24 18:45:00,11.029,18.701
2008-05-24 19:00:00,18.199,8.5478
2008-05-24 19:15:00,10.576,1.6934
2008-05-24 19:30:00,2.6209,-1.9769
2008-05-24 19:45:00,0.7875,-3.2711
2008-05-24 20:00:00,0.046,-3.1012
2008-05-24 20:15:00,0.0006,-3.8144
2008-05-24 20:30:00,-0.0061,-3.9258
2008-05-24 20:45:00,-0.0153,-3.5648
2008-05-24 21:00:00,-0.0441,-2.8855
2008-05-24 21:15:00,-0.0393,-2.1023
2008-05-24 21:30:00,-0.0576,-1.3504
2008-05-24 21:45:00,0.0146,-2.7953
2008-05-24 22:00:00,-0.0322,-2.3823
2008-05-24 22:15:00,-0.0007,-2.9992
2008-05-24 22:30:00,-0.0117,-3.3346
2008-05-24 22:45:00,0.03,-3.4773
2008-05-24 23:00:00,-0.024,-3.6386
2008-05-24 23:15:00,-0.0265,-2.9903
2008-05-24 23:30:00,-0.0093,-3.7574
2008-05-24 23:45:00,-0.0187,-3.6517
2008-05-25 00:00:00,-0.0205,-2.6661
2008-05-25 00:15:00,-0.004,-3.4481
2008-05-25 00:30:00,-0.0122,-3.0609
2008-05-25 00:45:00,0.0085,-3.1943
2008-05-25 01:00:00,0.0031,-3.361
2008-05-25 01:15:00,0.0035,-3.3759
2008-05-25 01:30:00,-0.0236,-3.4372
2008-05-25 01:45:00,-0.0203,-3.5189
2008-05-25 02:00:00,0.0002,-3.3522
2008-05-25 02:15:00,-0.0127,-3.3948
2008-05-25 02:30:00,0.0112,-3.2058
2008-05-25 02:45:00,-0.0159,-3.078
2008-05-25 03:00:00,-0.0247,-3.6582
2008-05-25 03:15:00,-0.0283,-3.9342
2008-05-25 03:30:00,-0.0365,-3.7361
2008-05-25 03:45:00,-0.0323,-3.2268
2008-05-25 04:00:00,0.0147,-3.2899
2008-05-25 04:15:00,0.1966,-3.2733
2008-05-25 04:30:00,1.2547,-2.2929
2008-05-25 04:45:00,4.9151,0.7544
2008-05-25 05:00:00,16.658,8.5934
2008-05-25 05:15:00,8.5467,21.906
2008-05-25 05:30:00,3.7955,34.533
2008-05-25 05:45:00,-1.2547,45.955
2008-05-25 06:00:00,-3.3489,54.851
2008-05-25 06:15:00,3.0985,78.081
2008-05-25 06:30:00,31.133,128.97
2008-05-25 06:45:00,78.022,182.69
2008-05-25 07:00:00,142.34,239.87
2008-05-25 07:15:00,212.98,297.84
2008-05-25 07:30:00,283.09,358.54
2008-05-25 07:45:00,356.71,419.49
2008-05-25 08:00:00,427.08,478.9
2008-05-25 08:15:00,495.47,537.96
2008-05-25 08:30:00,558.4,594.64
2008-05-25 08:45:00,617.24,649.27
2008-05-25 09:00:00,671.49,701.02
2008-05-25 09:15:00,726.58,751.82
2008-05-25 09:30:00,772.47,797.99
2008-05-25 09:45:00,814.11,842.91
2008-05-25 10:00:00,853.63,885.27
2008-05-25 10:15:00,892.4,924.09
2008-05-25 10:30:00,915.88,960.64
2008-05-25 10:45:00,952.14,1006.0
2008-05-25 11:00:00,768.15,810.19
2008-05-25 11:15:00,812.92,848.49
2008-05-25 11:30:00,984.52,1022.6
2008-05-25 11:45:00,711.37,745.3
2008-05-25 12:00:00,500.74,547.54
2008-05-25 12:15:00,1000.8,1041.1
2008-05-25 12:30:00,683.5,746.76
2008-05-25 12:45:00,396.77,437.43
2008-05-25 13:00:00,359.94,397.75
2008-05-25 13:15:00,821.33,848.9
2008-05-25 13:30:00,832.11,900.11
2008-05-25 13:45:00,779.41,826.5
2008-05-25 14:00:00,499.26,536.99
2008-05-25 14:15:00,651.59,686.89
2008-05-25 14:30:00,670.8,700.32
2008-05-25 14:45:00,394.35,423.19
2008-05-25 15:00:00,434.53,470.92
2008-05-25 15:15:00,195.32,237.19
2008-05-25 15:30:00,230.17,271.68
2008-05-25 15:45:00,357.18,400.05
2008-05-25 16:00:00,390.62,441.07
2008-05-25 16:15:00,309.28,361.12
2008-05-25 16:30:00,143.49,196.37
2008-05-25 16:45:00,127.92,181.74
2008-05-25 17:00:00,99.183,155.77
2008-05-25 17:15:00,83.505,137.92
2008-05-25 17:30:00,58.345,118.52
2008-05-25 17:45:00,25.219,78.039
2008-05-25 18:00:00,3.2047,47.046
2008-05-25 18:15:00,2.5304,33.126
2008-05-25 18:30:00,0.864,33.192
2008-05-25 18:45:00,8.8369,23.881
2008-05-25 19:00:00,14.744,9.9296
2008-05-25 19:15:00,5.5002,1.0123
2008-05-25 19:30:00,2.1562,-1.338
2008-05-25 19:45:00,0.7165,-2.0746
2008-05-25 20:00:00,-0.0243,-2.3061
2008-05-25 20:15:00,-0.0227,-2.6616
2008-05-25 20:30:00,-0.0246,-3.0005
2008-05-25 20:45:00,-0.0301,-2.4306
2008-05-25 21:00:00,0.0185,-3.0657
2008-05-25 21:15:00,-0.032,-2.5253
2008-05-25 21:30:00,-0.0564,-2.5902
2008-05-25 21:45:00,-0.0261,-2.0051
2008-05-25 22:00:00,0.0017,-1.3016
2008-05-25 22:15:00,-0.0104,-1.522
2008-05-25 22:30:00,-0.0138,-1.4739
2008-05-25 22:45:00,-0.0327,-1.7572
2008-05-25 23:00:00,-0.0027,-1.7349
2008-05-25 23:15:00,-0.0228,-1.5405
2008-05-25 23:30:00,-0.0175,-1.6739
2008-05-25 23:45:00,-0.0005,-2.148
2008-05-26 00:00:00,-0.0303,-1.8036
2008-05-26 00:15:00,0.0087,-2.8518
2008-05-26 00:30:00,0.0018,-5.4925
2008-05-26 00:45:00,-0.0144,-3.6797
2008-05-26 01:00:00,-0.0152,-1.9649
2008-05-26 01:15:00,-0.0018,-1.302
2008-05-26 01:30:00,-0.0738,-0.3205
2008-05-26 01:45:00,-0.0163,-1.1152
2008-05-26 02:00:00,0.0,0.389
2008-05-26 02:15:00,0.0085,0.3576
2008-05-26 02:30:00,-0.0085,0.0204
2008-05-26 02:45:00,-0.0181,-1.5656
2008-05-26 03:00:00,0.0012,-1.2395
2008-05-26 03:15:00,0.016,-1.9195
2008-05-26 03:30:00,0.0194,-1.3766
2008-05-26 03:45:00,0.006,-0.8337
2008-05-26 04:00:00,-0.0099,-0.6855
2008-05-26 04:15:00,0.0971,-1.0209
2008-05-26 04:30:00,1.0274,-0.7374
2008-05-26 04:45:00,3.6041,0.4558
2008-05-26 05:00:00,12.114,10.167
2008-05-26 05:15:00,4.5281,28.64
2008-05-26 05:30:00,4.6493,31.36
2008-05-26 05:45:00,7.9204,60.782
2008-05-26 06:00:00,15.685,66.408
2008-05-26 06:15:00,15.025,65.064
2008-05-26 06:30:00,10.744,64.828
2008-05-26 06:45:00,21.341,75.385
2008-05-26 07:00:00,82.868,133.67
2008-05-26 07:15:00,106.29,155.46
2008-05-26 07:30:00,74.501,126.17
2008-05-26 07:45:00,203.7,242.38
2008-05-26 08:00:00,198.79,241.87
2008-05-26 08:15:00,184.33,226.38
2008-05-26 08:30:00,114.07,160.59
2008-05-26 08:45:00,100.73,146.86
2008-05-26 09:00:00,97.06,143.6
2008-05-26 09:15:00,84.653,131.52
2008-05-26 09:30:00,84.581,130.03
2008-05-26 09:45:00,104.88,150.22
2008-05-26 10:00:00,188.12,229.17
2008-05-26 10:15:00,33.561,87.668
2008-05-26 10:30:00,14.118,66.735
2008-05-26 10:45:00,92.313,139.01
2008-05-26 11:00:00,21.365,78.141
2008-05-26 11:15:00,4.5408,61.737
2008-05-26 11:30:00,0.5996,50.083
2008-05-26 11:45:00,31.359,80.219
2008-05-26 12:00:00,38.898,89.461
2008-05-26 12:15:00,33.523,86.954
2008-05-26 12:30:00,36.044,88.063
2008-05-26 12:45:00,10.795,64.031
2008-05-26 13:00:00,19.061,71.628
2008-05-26 13:15:00,5.0284,49.887
2008-05-26 13:30:00,12.041,33.016
2008-05-26 13:45:00,-0.3376,45.907
2008-05-26 14:00:00,1.8365,39.543
2008-05-26 14:15:00,0.2796,36.469
2008-05-26 14:30:00,7.3666,28.046
2008-05-26 14:45:00,2.9999,31.605
2008-05-26 15:00:00,3.7931,29.463
2008-05-26 15:15:00,13.28,17.402
2008-05-26 15:30:00,12.571,17.096
2008-05-26 15:45:00,9.2548,24.676
2008-05-26 16:00:00,12.914,17.942
2008-05-26 16:15:00,8.7136,53.303
2008-05-26 16:30:00,26.177,75.269
2008-05-26 16:45:00,7.3511,29.697
2008-05-26 17:00:00,5.8657,25.703
2008-05-26 17:15:00,10.473,5.8289
2008-05-26 17:30:00,5.296,3.8389
2008-05-26 17:45:00,8.7191,5.1007
2008-05-26 18:00:00,11.693,8.2209
2008-05-26 18:15:00,4.6154,3.1368
2008-05-26 18:30:00,3.0577,2.0807
2008-05-26 18:45:00,3.2158,2.4902
2008-05-26 19:00:00,1.7093,1.2099
2008-05-26 19:15:00,1.4019,0.5392
2008-05-26 19:30:00,1.1877,0.2279
2008-05-26 19:45:00,0.1687,-0.1501
2008-05-26 20:00:00,0.0156,-0.1872
2008-05-26 20:15:00,-0.0292,-0.2539
2008-05-26 20:30:00,-0.0143,-0.2316
2008-05-26 20:45:00,0.0322,-0.1834
2008-05-26 21:00:00,-0.0306,-0.2353
2008-05-26 21:15:00,0.0223,-0.1964
2008-05-26 21:30:00,-0.0456,-0.2242
2008-05-26 21:45:00,-0.0034,-0.2242
2008-05-26 22:00:00,0.0076,-0.265
2008-05-26 22:15:00,-0.0053,-0.1575
2008-05-26 22:30:00,-0.0168,-0.0148
2008-05-26 22:45:00,-0.0312,-0.1019
2008-05-26 23:00:00,0.0094,-0.2076
2008-05-26 23:15:00,-0.0229,-0.3169
2008-05-26 23:30:00,-0.034,-0.3502
2008-05-26 23:45:00,-0.0069,-0.341
2008-05-27 00:00:00,-0.0067,-0.4244
2008-05-27 00:15:00,0.0344,-0.4021
2008-05-27 00:30:00,-0.034,-0.3521
2008-05-27 00:45:00,-0.0583,-0.4114
2008-05-27 01:00:00,0.0141,-0.4188
2008-05-27 01:15:00,-0.0078,-0.2984
2008-05-27 01:30:00,-0.0557,-0.3818
2008-05-27 01:45:00,-0.0214,-0.2947
2008-05-27 02:00:00,0.0069,-0.2891
2008-05-27 02:15:00,-0.0082,-0.2669
2008-05-27 02:30:00,0.0169,-0.1724
2008-05-27 02:45:00,0.0056,-0.2817
2008-05-27 03:00:00,-0.0088,-0.2391
2008-05-27 03:15:00,0.0322,-0.2391
2008-05-27 03:30:00,0.0026,-0.215
2008-05-27 03:45:00,-0.0439,-0.076
2008-05-27 04:00:00,0.0116,-0.1427
2008-05-27 04:15:00,0.0559,-0.0816
2008-05-27 04:30:00,0.7399,-0.0074
2008-05-27 04:45:00,1.5232,0.5246
2008-05-27 05:00:00,3.9254,2.7234
2008-05-27 05:15:00,15.436,12.197
2008-05-27 05:30:00,7.9081,23.84
2008-05-27 05:45:00,7.1055,27.645
2008-05-27 06:00:00,23.98,75.169
2008-05-27 06:15:00,36.335,92.118
2008-05-27 06:30:00,41.646,97.272
2008-05-27 06:45:00,60.226,114.72
2008-05-27 07:00:00,76.811,130.27
2008-05-27 07:15:00,155.57,203.62
2008-05-27 07:30:00,400.3,457.75
2008-05-27 07:45:00,152.09,218.37
2008-05-27 08:00:00,160.08,211.63
2008-05-27 08:15:00,215.95,266.01
2008-05-27 08:30:00,81.848,135.83
2008-05-27 08:45:00,52.626,106.97
2008-05-27 09:00:00,68.467,118.79
2008-05-27 09:15:00,89.618,138.32
2008-05-27 09:30:00,123.68,170.4
2008-05-27 09:45:00,110.56,157.56
2008-05-27 10:00:00,117.62,163.01
2008-05-27 10:15:00,116.94,163.83
2008-05-27 10:30:00,114.13,161.93
2008-05-27 10:45:00,133.8,178.68
2008-05-27 11:00:00,125.53,172.4
2008-05-27 11:15:00,124.44,169.53
2008-05-27 11:30:00,179.77,221.17
2008-05-27 11:45:00,124.09,172.06
2008-05-27 12:00:00,111.18,157.56
2008-05-27 12:15:00,74.75,125.25
2008-05-27 12:30:00,87.572,136.79
2008-05-27 12:45:00,162.52,205.35
2008-05-27 13:00:00,477.32,504.26
2008-05-27 13:15:00,810.5,836.13
2008-05-27 13:30:00,619.51,660.94
2008-05-27 13:45:00,336.71,370.96
2008-05-27 14:00:00,252.21,288.89
2008-05-27 14:15:00,240.23,278.19
2008-05-27 14:30:00,189.4,233.71
2008-05-27 14:45:00,79.818,131.68
2008-05-27 15:00:00,28.55,83.994
2008-05-27 15:15:00,30.738,85.616
2008-05-27 15:30:00,7.006,59.892
2008-05-27 15:45:00,-0.0909,49.531
2008-05-27 16:00:00,0.9019,50.079
2008-05-27 16:15:00,2.8859,54.442
2008-05-27 16:30:00,24.218,72.746
2008-05-27 16:45:00,14.775,24.919
2008-05-27 17:00:00,21.116,12.366
2008-05-27 17:15:00,17.45,13.859
2008-05-27 17:30:00,11.94,19.172
2008-05-27 17:45:00,11.409,20.447
2008-05-27 18:00:00,10.947,4.8735
2008-05-27 18:15:00,14.888,6.5278
2008-05-27 18:30:00,5.0477,2.7139
2008-05-27 18:45:00,2.5799,1.3449
2008-05-27 19:00:00,1.5074,0.4743
2008-05-27 19:15:00,1.3887,0.0241
2008-05-27 19:30:00,0.795,-0.5169
2008-05-27 19:45:00,0.1612,-0.7151
2008-05-27 20:00:00,-0.0307,-0.7263
2008-05-27 20:15:00,-0.0167,-0.6966
2008-05-27 20:30:00,0.0004,-0.7077
2008-05-27 20:45:00,-0.0195,-0.7152
2008-05-27 21:00:00,-0.0205,-0.6188
2008-05-27 21:15:00,-0.0019,-0.591
2008-05-27 21:30:00,0.0109,-0.6188
2008-05-27 21:45:00,-0.0317,-0.5855
2008-05-27 22:00:00,0.0796,-0.5466
2008-05-27 22:15:00,-0.0101,-0.5392
2008-05-27 22:30:00,-0.0457,-0.4057
2008-05-27 22:45:00,-0.0368,-0.4373
2008-05-27 23:00:00,0.0058,-0.5095
2008-05-27 23:15:00,-0.0156,-0.5114
2008-05-27 23:30:00,-0.1031,-0.5484
2008-05-27 23:45:00,-0.0082,-0.5706
2008-05-28 00:00:00,0.017,-0.4965
2008-05-28 00:15:00,-0.0135,-0.4206
2008-05-28 00:30:00,-0.0408,-0.3798
2008-05-28 00:45:00,-0.0428,-0.441
2008-05-28 01:00:00,0.045,-0.5151
2008-05-28 01:15:00,-0.0172,-0.5225
2008-05-28 01:30:00,0.0347,-0.3761
2008-05-28 01:45:00,-0.0154,-0.3335
2008-05-28 02:00:00,-0.0173,-0.4299
2008-05-28 02:15:00,0.0516,-0.3632
2008-05-28 02:30:00,0.0267,-0.2223
2008-05-28 02:45:00,-0.0697,-0.2687
2008-05-28 03:00:00,-0.0119,-0.265
2008-05-28 03:15:00,-0.0204,-0.2446
2008-05-28 03:30:00,-0.012,-0.3335
2008-05-28 03:45:00,-0.0175,-0.4873
2008-05-28 04:00:00,0.016,-0.5281
2008-05-28 04:15:00,0.1629,-0.3095
2008-05-28 04:30:00,1.1722,0.0482
2008-05-28 04:45:00,3.8852,1.701
2008-05-28 05:00:00,15.178,14.036
2008-05-28 05:15:00,6.5408,28.599
2008-05-28 05:30:00,-0.0396,47.387
2008-05-28 05:45:00,19.316,81.268
2008-05-28 06:00:00,42.243,103.3
2008-05-28 06:15:00,44.199,104.91
2008-05-28 06:30:00,39.731,100.28
2008-05-28 06:45:00,51.508,109.93
2008-05-28 07:00:00,103.07,159.88
2008-05-28 07:15:00,138.64,189.27
2008-05-28 07:30:00,173.14,220.96
2008-05-28 07:45:00,308.61,346.38
2008-05-28 08:00:00,195.48,255.08
2008-05-28 08:15:00,297.08,353.61
2008-05-28 08:30:00,402.23,444.26
2008-05-28 08:45:00,563.07,603.41
2008-05-28 09:00:00,515.39,539.81
2008-05-28 09:15:00,608.97,631.92
2008-05-28 09:30:00,778.73,790.0
2008-05-28 09:45:00,828.1,847.33
2008-05-28 10:00:00,848.2,868.75
2008-05-28 10:15:00,842.08,867.66
2008-05-28 10:30:00,916.98,932.26
2008-05-28 10:45:00,944.91,961.54
2008-05-28 11:00:00,949.61,973.64
2008-05-28 11:15:00,961.05,989.4
2008-05-28 11:30:00,973.17,1005.3
2008-05-28 11:45:00,975.31,1014.8
2008-05-28 12:00:00,981.69,1021.3
2008-05-28 12:15:00,981.24,1025.6
2008-05-28 12:30:00,973.31,1024.5
2008-05-28 12:45:00,977.42,1027.8
2008-05-28 13:00:00,978.35,1027.2
2008-05-28 13:15:00,881.95,929.38
2008-05-28 13:30:00,341.07,400.41
2008-05-28 13:45:00,568.3,605.65
2008-05-28 14:00:00,222.25,276.53
2008-05-28 14:15:00,212.21,260.67
2008-05-28 14:30:00,112.28,166.04
2008-05-28 14:45:00,585.64,610.04
2008-05-28 15:00:00,26.79,81.541
2008-05-28 15:15:00,243.5,288.12
2008-05-28 15:30:00,111.26,162.51
2008-05-28 15:45:00,33.547,84.293
2008-05-28 16:00:00,96.581,150.47
2008-05-28 16:15:00,85.075,141.86
2008-05-28 16:30:00,65.46,118.84
2008-05-28 16:45:00,103.08,165.76
2008-05-28 17:00:00,55.064,118.52
2008-05-28 17:15:00,4.8644,54.783
2008-05-28 17:30:00,34.592,99.009
2008-05-28 17:45:00,58.05,137.0
2008-05-28 18:00:00,0.8751,71.89
2008-05-28 18:15:00,8.9442,43.309
2008-05-28 18:30:00,2.9827,36.641
2008-05-28 18:45:00,14.388,21.576
2008-05-28 19:00:00,17.099,6.076
2008-05-28 19:15:00,6.3695,1.4326
2008-05-28 19:30:00,2.9027,-0.9996
2008-05-28 19:45:00,0.9198,-2.3177
2008-05-28 20:00:00,0.0827,-2.3234
2008-05-28 20:15:00,-0.0447,-2.3272
2008-05-28 20:30:00,0.0204,-2.033
2008-05-28 20:45:00,-0.0501,-2.0591
2008-05-28 21:00:00,-0.0009,-2.5036
2008-05-28 21:15:00,-0.0483,-2.3889
2008-05-28 21:30:00,-0.0178,-2.3538
2008-05-28 21:45:00,-0.0212,-2.8632
2008-05-28 22:00:00,-0.0371,-2.6262
2008-05-28 22:15:00,0.0021,-2.793
2008-05-28 22:30:00,0.0377,-2.5097
2008-05-28 22:45:00,0.0209,-2.382
2008-05-28 23:00:00,-0.0033,-2.1412
2008-05-28 23:15:00,-0.0063,-2.2005
2008-05-28 23:30:00,-0.0084,-2.0209
2008-05-28 23:45:00,-0.0303,-1.9969
2008-05-29 00:00:00,-0.0317,-2.1285
2008-05-29 00:15:00,-0.0253,-2.1248
2008-05-29 00:30:00,-0.0144,-2.2564
2008-05-29 00:45:00,-0.0323,-2.0063
2008-05-29 01:00:00,-0.0093,-1.9433
2008-05-29 01:15:00,-0.0412,-2.7196
2008-05-29 01:30:00,0.0201,-2.7753
2008-05-29 01:45:00,0.0122,-2.7271
2008-05-29 02:00:00,-0.0531,-2.4474
2008-05-29 02:15:00,-0.0256,-2.49
2008-05-29 02:30:00,0.0022,-2.5401
2008-05-29 02:45:00,0.0106,-2.4382
2008-05-29 03:00:00,-0.0112,-2.7069
2008-05-29 03:15:00,-0.0189,-3.2868
2008-05-29 03:30:00,0.0121,-2.9923
2008-05-29 03:45:00,0.0099,-2.67
2008-05-29 04:00:00,-0.0146,-2.6349
2008-05-29 04:15:00,0.2486,-2.4404
2008-05-29 04:30:00,1.7143,-1.7474
2008-05-29 04:45:00,4.8085,2.4536
2008-05-29 05:00:00,14.832,11.529
2008-05-29 05:15:00,9.4991,21.964
2008-05-29 05:30:00,3.5014,35.635
2008-05-29 05:45:00,2.8028,52.683
2008-05-29 06:00:00,49.189,114.21
2008-05-29 06:15:00,16.499,96.899
2008-05-29 06:30:00,37.886,133.88
2008-05-29 06:45:00,76.016,180.13
2008-05-29 07:00:00,139.42,237.26
2008-05-29 07:15:00,206.9,294.27
2008-05-29 07:30:00,277.61,354.11
2008-05-29 07:45:00,347.45,414.1
2008-05-29 08:00:00,416.16,473.27
2008-05-29 08:15:00,480.3,530.13
2008-05-29 08:30:00,541.73,584.54
2008-05-29 08:45:00,599.48,637.42
2008-05-29 09:00:00,652.05,688.46
2008-05-29 09:15:00,701.5,735.38
2008-05-29 09:30:00,753.71,782.38
2008-05-29 09:45:00,795.08,829.76
2008-05-29 10:00:00,844.85,878.16
2008-05-29 10:15:00,766.0,812.26
2008-05-29 10:30:00,724.53,762.47
2008-05-29 10:45:00,754.52,797.21
2008-05-29 11:00:00,818.81,871.24
2008-05-29 11:15:00,1016.8,1065.6
2008-05-29 11:30:00,1041.1,1078.0
2008-05-29 11:45:00,1043.5,1083.5
2008-05-29 12:00:00,815.4,863.76
2008-05-29 12:15:00,1044.0,1087.1
2008-05-29 12:30:00,484.21,541.9
2008-05-29 12:45:00,884.85,935.77
2008-05-29 13:00:00,786.81,851.4
2008-05-29 13:15:00,861.8,922.5
2008-05-29 13:30:00,947.54,1007.9
2008-05-29 13:45:00,943.53,1000.8
2008-05-29 14:00:00,906.55,960.51
2008-05-29 14:15:00,865.33,914.1
2008-05-29 14:30:00,816.74,866.3
2008-05-29 14:45:00,591.13,653.36
2008-05-29 15:00:00,569.0,627.28
2008-05-29 15:15:00,658.59,722.23
2008-05-29 15:30:00,612.1,677.67
2008-05-29 15:45:00,581.41,653.29
2008-05-29 16:00:00,486.27,563.21
2008-05-29 16:15:00,411.52,494.84
2008-05-29 16:30:00,207.0,293.45
2008-05-29 16:45:00,266.79,368.48
2008-05-29 17:00:00,193.45,307.65
2008-05-29 17:15:00,124.48,247.38
2008-05-29 17:30:00,63.327,189.52
2008-05-29 17:45:00,15.417,134.45
2008-05-29 18:00:00,-1.099,71.176
2008-05-29 18:15:00,2.9217,40.785
2008-05-29 18:30:00,6.0589,33.7
2008-05-29 18:45:00,8.6612,25.219
2008-05-29 19:00:00,13.266,15.559
2008-05-29 19:15:00,16.301,5.7293
2008-05-29 19:30:00,3.5469,-0.6161
2008-05-29 19:45:00,1.0051,-2.4516
2008-05-29 20:00:00,0.1153,-2.7441
2008-05-29 20:15:00,-0.0312,-2.5778
2008-05-29 20:30:00,0.0281,-2.119
2008-05-29 20:45:00,0.0137,-2.0432
2008-05-29 21:00:00,0.0315,-2.2007
2008-05-29 21:15:00,-0.0008,-2.5137
2008-05-29 21:30:00,-0.0049,-2.4009
2008-05-29 21:45:00,-0.0177,-2.0807
2008-05-29 22:00:00,-0.0128,-2.1585
2008-05-29 22:15:00,-0.0178,-2.1846
2008-05-29 22:30:00,-0.0029,-2.2698
2008-05-29 22:45:00,-0.0284,-2.1883
2008-05-29 23:00:00,-0.0151,-2.5402
2008-05-29 23:15:00,-0.0146,-3.6252
2008-05-29 23:30:00,-0.026,-3.0163
2008-05-29 23:45:00,-0.0099,-3.1756
2008-05-30 00:00:00,-0.011,-3.3665
2008-05-30 00:15:00,-0.0266,-3.1686
2008-05-30 00:30:00,-0.0253,-3.7279
2008-05-30 00:45:00,-0.0194,-3.6373
2008-05-30 01:00:00,-0.0387,-3.1041
2008-05-30 01:15:00,-0.0194,-2.8023
2008-05-30 01:30:00,-0.0587,-2.9396
2008-05-30 01:45:00,0.0092,-2.6693
2008-05-30 02:00:00,0.0036,-3.064
2008-05-30 02:15:00,0.0096,-3.253
2008-05-30 02:30:00,-0.0542,-2.425
2008-05-30 02:45:00,-0.0075,-2.0064
2008-05-30 03:00:00,-0.0226,-2.0287
2008-05-30 03:15:00,-0.0003,-2.1658
2008-05-30 03:30:00,-0.026,-2.5939
2008-05-30 03:45:00,-0.0089,-2.2661
2008-05-30 04:00:00,0.0394,-1.7733
2008-05-30 04:15:00,0.2496,-1.9827
2008-05-30 04:30:00,1.589,-0.8895
2008-05-30 04:45:00,7.3277,2.9409
2008-05-30 05:00:00,17.01,11.578
2008-05-30 05:15:00,7.8229,23.546
2008-05-30 05:30:00,3.3755,36.372
2008-05-30 05:45:00,-1.76,48.115
2008-05-30 06:00:00,-2.7624,57.815
2008-05-30 06:15:00,3.4349,78.005
2008-05-30 06:30:00,28.389,124.74
2008-05-30 06:45:00,73.985,177.05
2008-05-30 07:00:00,134.83,232.45
2008-05-30 07:15:00,202.24,291.1
2008-05-30 07:30:00,273.51,352.19
2008-05-30 07:45:00,345.36,414.31
2008-05-30 08:00:00,417.05,475.38
2008-05-30 08:15:00,487.22,535.39
2008-05-30 08:30:00,552.22,591.61
2008-05-30 08:45:00,617.48,649.02
2008-05-30 09:00:00,672.56,701.85
2008-05-30 09:15:00,720.63,751.61
2008-05-30 09:30:00,764.69,796.74
2008-05-30 09:45:00,808.69,840.33
2008-05-30 10:00:00,847.89,881.36
2008-05-30 10:15:00,878.55,916.48
2008-05-30 10:30:00,914.19,955.06
2008-05-30 10:45:00,935.66,980.9
2008-05-30 11:00:00,961.18,1010.1
2008-05-30 11:15:00,961.08,1017.2
2008-05-30 11:30:00,896.72,946.0
2008-05-30 11:45:00,1004.7,1056.6
2008-05-30 12:00:00,997.46,1058.0
2008-05-30 12:15:00,1004.0,1060.5
2008-05-30 12:30:00,992.0,1054.9
2008-05-30 12:45:00,966.28,1029.4
2008-05-30 13:00:00,946.79,1012.8
2008-05-30 13:15:00,960.77,1018.1
2008-05-30 13:30:00,894.09,956.79
2008-05-30 13:45:00,677.42,737.21
2008-05-30 14:00:00,590.31,627.89
2008-05-30 14:15:00,476.63,513.6
2008-05-30 14:30:00,491.68,524.93
2008-05-30 14:45:00,506.04,545.19
2008-05-30 15:00:00,355.42,398.6
2008-05-30 15:15:00,283.93,322.76
2008-05-30 15:30:00,276.45,320.39
2008-05-30 15:45:00,223.17,269.68
2008-05-30 16:00:00,173.36,218.69
2008-05-30 16:15:00,146.14,193.19
2008-05-30 16:30:00,99.678,148.6
2008-05-30 16:45:00,62.168,110.98
2008-05-30 17:00:00,38.319,88.374
2008-05-30 17:15:00,20.486,69.686
2008-05-30 17:30:00,6.8448,54.87
2008-05-30 17:45:00,-1.0961,42.815
2008-05-30 18:00:00,6.7617,28.869
2008-05-30 18:15:00,11.189,19.903
2008-05-30 18:30:00,14.042,13.879
2008-05-30 18:45:00,21.07,8.4125
2008-05-30 19:00:00,11.96,3.3692
2008-05-30 19:15:00,3.4119,-0.0611
2008-05-30 19:30:00,1.5687,-1.0548
2008-05-30 19:45:00,0.5201,-1.7876
2008-05-30 20:00:00,-0.0335,-2.0005
2008-05-30 20:15:00,-0.0064,-1.971
2008-05-30 20:30:00,-0.0312,-1.8804
2008-05-30 20:45:00,-0.0659,-1.8693
2008-05-30 21:00:00,0.0027,-1.9065
2008-05-30 21:15:00,-0.0143,-2.1194
2008-05-30 21:30:00,0.0058,-2.2639
2008-05-30 21:45:00,-0.0234,-2.2325
2008-05-30 22:00:00,-0.0152,-2.2308
2008-05-30 22:15:00,-0.0257,-2.6048
2008-05-30 22:30:00,-0.0242,-2.5883
2008-05-30 22:45:00,-0.0053,-2.2366
2008-05-30 23:00:00,-0.0083,-2.0775
2008-05-30 23:15:00,0.0038,-2.3794
2008-05-30 23:30:00,-0.0351,-2.1924
2008-05-30 23:45:00,-0.0281,-2.0055
2008-05-31 00:00:00,-0.019,-1.9667
2008-05-31 00:15:00,-0.0217,-1.9982
2008-05-31 00:30:00,-0.0262,-1.6556
2008-05-31 00:45:00,-0.0238,-1.4927
2008-05-31 01:00:00,-0.0101,-1.6983
2008-05-31 01:15:00,-0.0032,-1.6909
2008-05-31 01:30:00,-0.0254,-1.7001
2008-05-31 01:45:00,-0.0195,-1.7965
2008-05-31 02:00:00,-0.0088,-1.6908
2008-05-31 02:15:00,-0.0188,-1.715
2008-05-31 02:30:00,-0.0054,-1.5557
2008-05-31 02:45:00,-0.0814,-1.7742
2008-05-31 03:00:00,0.032,-2.4391
2008-05-31 03:15:00,0.0319,-2.9225
2008-05-31 03:30:00,-0.0055,-2.8022
2008-05-31 03:45:00,-0.0364,-2.8356
2008-05-31 04:00:00,-0.0798,-2.8524
2008-05-31 04:15:00,0.3462,-2.4303
2008-05-31 04:30:00,1.5259,-1.832
2008-05-31 04:45:00,5.8521,1.4857
2008-05-31 05:00:00,19.782,8.9165
2008-05-31 05:15:00,10.014,22.058
2008-05-31 05:30:00,3.6538,36.185
2008-05-31 05:45:00,-0.2265,48.58
2008-05-31 06:00:00,-3.9642,58.396
2008-05-31 06:15:00,4.5352,78.162
2008-05-31 06:30:00,27.672,122.71
2008-05-31 06:45:00,70.082,172.94
2008-05-31 07:00:00,129.52,226.68
2008-05-31 07:15:00,192.14,281.66
2008-05-31 07:30:00,259.62,340.23
2008-05-31 07:45:00,329.34,400.52
2008-05-31 08:00:00,398.87,461.03
2008-05-31 08:15:00,469.07,521.3
2008-05-31 08:30:00,532.11,577.52
2008-05-31 08:45:00,590.58,631.77
2008-05-31 09:00:00,648.44,684.38
2008-05-31 09:15:00,702.89,734.42
2008-05-31 09:30:00,743.97,779.09
2008-05-31 09:45:00,787.05,822.78
2008-05-31 10:00:00,815.29,857.53
2008-05-31 10:15:00,852.95,891.13
2008-05-31 10:30:00,882.08,927.81
2008-05-31 10:45:00,907.23,958.64
2008-05-31 11:00:00,920.95,978.17
2008-05-31 11:15:00,936.85,999.24
2008-05-31 11:30:00,943.93,1010.8
2008-05-31 11:45:00,953.01,1020.0
2008-05-31 12:00:00,954.94,1023.5
2008-05-31 12:15:00,954.79,1025.2
2008-05-31 12:30:00,933.55,1019.9
2008-05-31 12:45:00,927.42,1010.5
2008-05-31 13:00:00,918.7,1001.6
2008-05-31 13:15:00,788.74,867.86
2008-05-31 13:30:00,895.54,955.86
2008-05-31 13:45:00,835.29,903.07
2008-05-31 14:00:00,814.73,877.21
2008-05-31 14:15:00,505.86,578.54
2008-05-31 14:30:00,355.67,421.28
2008-05-31 14:45:00,387.9,432.74
2008-05-31 15:00:00,224.03,281.7
2008-05-31 15:15:00,362.93,420.64
2008-05-31 15:30:00,221.27,282.82
2008-05-31 15:45:00,215.78,276.44
2008-05-31 16:00:00,141.18,199.71
2008-05-31 16:15:00,169.98,230.55
2008-05-31 16:30:00,338.97,414.37
2008-05-31 16:45:00,188.91,266.42
2008-05-31 17:00:00,91.337,157.3
2008-05-31 17:15:00,99.432,170.5
2008-05-31 17:30:00,70.965,139.66
2008-05-31 17:45:00,46.471,119.17
2008-05-31 18:00:00,37.851,100.83
2008-05-31 18:15:00,14.015,70.698
2008-05-31 18:30:00,-1.5119,50.273
2008-05-31 18:45:00,3.4704,35.597
2008-05-31 19:00:00,13.793,19.288
2008-05-31 19:15:00,15.685,5.953
2008-05-31 19:30:00,3.0836,-0.3719
2008-05-31 19:45:00,0.8259,-1.8724
2008-05-31 20:00:00,0.0602,-2.2073
2008-05-31 20:15:00,0.0046,-2.4091
2008-05-31 20:30:00,-0.0319,-1.9688
2008-05-31 20:45:00,0.0039,-2.0189
2008-05-31 21:00:00,-0.0482,-1.9542
2008-05-31 21:15:00,-0.0126,-2.0173
2008-05-31 21:30:00,-0.0204,-2.0304
2008-05-31 21:45:00,-0.0141,-1.9342
2008-05-31 22:00:00,-0.0407,-1.9825
2008-05-31 22:15:00,-0.0053,-2.3917
2008-05-31 22:30:00,-0.0004,-2.3806
2008-05-31 22:45:00,0.0034,-2.3104
2008-05-31 23:00:00,-0.0148,-2.3475
2008-05-31 23:15:00,0.0038,-2.2421
2008-05-31 23:30:00,-0.0111,-2.207
2008-05-31 23:45:00,-0.0705,-2.3978
2008-06-01 00:00:00,0.0196,-2.6221
2008-06-01 00:15:00,0.0027,-2.4777
2008-06-01 00:30:00,-0.0406,-2.4612
2008-06-01 00:45:00,0.0013,-2.852
2008-06-01 01:00:00,0.0139,-2.8947
2008-06-01 01:15:00,-0.0256,-2.9818
2008-06-01 01:30:00,0.022,-3.0319
2008-06-01 01:45:00,-0.0123,-3.2877
2008-06-01 02:00:00,-0.0548,-3.1693
2008-06-01 02:15:00,-0.0323,-3.3528
2008-06-01 02:30:00,-0.0322,-2.7638
2008-06-01 02:45:00,0.0355,-2.927
2008-06-01 03:00:00,-0.0276,-2.8623
2008-06-01 03:15:00,-0.0658,-2.9883
2008-06-01 03:30:00,0.0276,-2.6809
2008-06-01 03:45:00,-0.0169,-2.7254
2008-06-01 04:00:00,0.0485,-2.8403
2008-06-01 04:15:00,0.3293,-2.7958
2008-06-01 04:30:00,1.5362,-2.3122
2008-06-01 04:45:00,7.4775,2.4864
2008-06-01 05:00:00,17.76,11.899
2008-06-01 05:15:00,8.4823,23.924
2008-06-01 05:30:00,4.5687,35.709
2008-06-01 05:45:00,-0.9612,47.823
2008-06-01 06:00:00,-2.796,56.512
2008-06-01 06:15:00,1.9476,75.002
2008-06-01 06:30:00,26.435,120.7
2008-06-01 06:45:00,69.037,173.62
2008-06-01 07:00:00,126.51,228.97
2008-06-01 07:15:00,194.69,286.57
2008-06-01 07:30:00,266.54,347.71
2008-06-01 07:45:00,339.5,410.25
2008-06-01 08:00:00,403.26,465.47
2008-06-01 08:15:00,480.86,533.54
2008-06-01 08:30:00,543.42,590.65
2008-06-01 08:45:00,550.62,595.88
2008-06-01 09:00:00,655.5,696.81
2008-06-01 09:15:00,681.02,721.64
2008-06-01 09:30:00,769.12,810.93
2008-06-01 09:45:00,748.42,795.56
2008-06-01 10:00:00,813.84,862.21
2008-06-01 10:15:00,782.26,837.31
2008-06-01 10:30:00,777.44,826.75
2008-06-01 10:45:00,816.77,869.08
2008-06-01 11:00:00,839.03,900.33
2008-06-01 11:15:00,831.05,911.49
2008-06-01 11:30:00,845.99,908.45
2008-06-01 11:45:00,836.61,920.05
2008-06-01 12:00:00,860.22,929.3
2008-06-01 12:15:00,841.33,912.89
2008-06-01 12:30:00,801.26,910.68
2008-06-01 12:45:00,808.42,885.33
2008-06-01 13:00:00,737.57,812.48
2008-06-01 13:15:00,728.87,789.53
2008-06-01 13:30:00,632.58,700.99
2008-06-01 13:45:00,495.47,552.2
2008-06-01 14:00:00,525.43,571.31
2008-06-01 14:15:00,485.94,537.71
2008-06-01 14:30:00,505.22,558.08
2008-06-01 14:45:00,526.84,579.71
2008-06-01 15:00:00,496.87,563.63
2008-06-01 15:15:00,402.63,469.95
2008-06-01 15:30:00,371.0,438.83
2008-06-01 15:45:00,356.01,423.57
2008-06-01 16:00:00,393.18,472.42
2008-06-01 16:15:00,330.34,421.12
2008-06-01 16:30:00,319.16,428.66
2008-06-01 16:45:00,273.15,378.54
2008-06-01 17:00:00,182.86,278.95
2008-06-01 17:15:00,126.79,225.74
2008-06-01 17:30:00,86.299,187.62
2008-06-01 17:45:00,40.834,145.58
2008-06-01 18:00:00,19.21,98.143
2008-06-01 18:15:00,7.9792,69.956
2008-06-01 18:30:00,-0.0099,56.568
2008-06-01 18:45:00,1.9525,39.794
2008-06-01 19:00:00,11.257,21.573
2008-06-01 19:15:00,14.282,5.1044
2008-06-01 19:30:00,3.6616,-0.9637
2008-06-01 19:45:00,1.2942,-3.2296
2008-06-01 20:00:00,0.1583,-2.8877
2008-06-01 20:15:00,-0.0043,-2.8528
2008-06-01 20:30:00,-0.0555,-2.7401
2008-06-01 20:45:00,0.0222,-2.446
2008-06-01 21:00:00,0.005,-2.2981
2008-06-01 21:15:00,-0.012,-2.4185
2008-06-01 21:30:00,-0.0118,-2.1874
2008-06-01 21:45:00,-0.0073,-2.4262
2008-06-01 22:00:00,-0.0293,-2.5577
2008-06-01 22:15:00,-0.0193,-2.4801
2008-06-01 22:30:00,-0.0352,-2.619
2008-06-01 22:45:00,-0.0006,-2.7412
2008-06-01 23:00:00,-0.0324,-2.7302
2008-06-01 23:15:00,-0.057,-2.4528
2008-06-01 23:30:00,-0.0106,-1.8845
2008-06-01 23:45:00,-0.0615,-1.9717
2008-06-02 00:00:00,-0.0192,-1.9865
2008-06-02 00:15:00,-0.0149,-2.031
2008-06-02 00:30:00,0.0228,-3.3085
2008-06-02 00:45:00,-0.0196,-3.2678
2008-06-02 01:00:00,-0.027,-2.618
2008-06-02 01:15:00,-0.0043,-2.7143
2008-06-02 01:30:00,0.0095,-3.2457
2008-06-02 01:45:00,-0.0043,-3.8918
2008-06-02 02:00:00,-0.0074,-3.4771
2008-06-02 02:15:00,-0.015,-2.9365
2008-06-02 02:30:00,0.0442,-3.0162
2008-06-02 02:45:00,0.0368,-2.9663
2008-06-02 03:00:00,0.0353,-3.5532
2008-06-02 03:15:00,-0.0297,-3.9031
2008-06-02 03:30:00,-0.0056,-3.0237
2008-06-02 03:45:00,0.0132,-2.8736
2008-06-02 04:00:00,-0.0118,-3.3124
2008-06-02 04:15:00,0.2658,-3.5031
2008-06-02 04:30:00,1.5831,-2.7125
2008-06-02 04:45:00,10.379,2.444
2008-06-02 05:00:00,13.05,15.944
2008-06-02 05:15:00,5.2588,29.261
2008-06-02 05:30:00,6.0985,34.322
2008-06-02 05:45:00,-0.5545,47.604
2008-06-02 06:00:00,5.0413,43.61
2008-06-02 06:15:00,4.3141,57.762
2008-06-02 06:30:00,24.142,125.32
2008-06-02 06:45:00,68.346,178.71
2008-06-02 07:00:00,129.14,236.19
2008-06-02 07:15:00,196.84,295.0
2008-06-02 07:30:00,268.76,358.2
2008-06-02 07:45:00,316.54,399.83
2008-06-02 08:00:00,412.23,484.55
2008-06-02 08:15:00,475.64,540.63
2008-06-02 08:30:00,533.87,595.39
2008-06-02 08:45:00,592.86,650.66
2008-06-02 09:00:00,631.48,689.37
2008-06-02 09:15:00,434.68,506.62
2008-06-02 09:30:00,740.64,791.48
2008-06-02 09:45:00,773.36,834.8
2008-06-02 10:00:00,818.42,883.6
2008-06-02 10:15:00,838.42,903.63
2008-06-02 10:30:00,892.01,965.12
2008-06-02 10:45:00,835.9,913.44
2008-06-02 11:00:00,655.27,752.16
2008-06-02 11:15:00,784.32,852.69
2008-06-02 11:30:00,875.72,932.72
2008-06-02 11:45:00,799.91,846.19
2008-06-02 12:00:00,768.27,838.71
2008-06-02 12:15:00,909.52,965.77
2008-06-02 12:30:00,950.21,1015.8
2008-06-02 12:45:00,978.55,1053.7
2008-06-02 13:00:00,884.39,979.9
2008-06-02 13:15:00,934.86,1022.2
2008-06-02 13:30:00,880.29,960.42
2008-06-02 13:45:00,893.75,980.07
2008-06-02 14:00:00,706.77,794.08
2008-06-02 14:15:00,594.15,675.36
2008-06-02 14:30:00,657.69,736.54
2008-06-02 14:45:00,690.98,777.26
2008-06-02 15:00:00,541.92,631.8
2008-06-02 15:15:00,435.85,566.24
2008-06-02 15:30:00,549.3,678.41
2008-06-02 15:45:00,433.24,530.03
2008-06-02 16:00:00,363.18,470.71
2008-06-02 16:15:00,284.0,367.03
2008-06-02 16:30:00,233.32,311.11
2008-06-02 16:45:00,228.07,322.81
2008-06-02 17:00:00,167.5,258.25
2008-06-02 17:15:00,199.83,306.11
2008-06-02 17:30:00,69.756,131.92
2008-06-02 17:45:00,34.958,92.494
2008-06-02 18:00:00,21.432,80.09
2008-06-02 18:15:00,4.1202,55.919
2008-06-02 18:30:00,0.9021,40.567
2008-06-02 18:45:00,1.21,44.853
2008-06-02 19:00:00,12.228,20.273
2008-06-02 19:15:00,17.853,6.1749
2008-06-02 19:30:00,5.3184,0.2034
2008-06-02 19:45:00,1.1827,-3.1556
2008-06-02 20:00:00,0.2046,-3.4202
2008-06-02 20:15:00,-0.0702,-3.215
2008-06-02 20:30:00,-0.0361,-3.1968
2008-06-02 20:45:00,-0.0168,-3.036
2008-06-02 21:00:00,0.0015,-3.2119
2008-06-02 21:15:00,0.0003,-3.4434
2008-06-02 21:30:00,-0.0235,-1.6801
2008-06-02 21:45:00,-0.0227,-2.0059
2008-06-02 22:00:00,-0.0119,-2.576
2008-06-02 22:15:00,-0.0207,-0.7125
2008-06-02 22:30:00,0.0159,-1.6249
2008-06-02 22:45:00,0.008,-1.3363
2008-06-02 23:00:00,-0.009,-0.7773
2008-06-02 23:15:00,-0.0161,-0.4831
2008-06-02 23:30:00,-0.0113,-0.8515
2008-06-02 23:45:00,-0.0087,-2.0694
2008-06-03 00:00:00,0.0049,-3.0746
2008-06-03 00:15:00,0.0165,-3.669
2008-06-03 00:30:00,-0.0218,-3.1935
2008-06-03 00:45:00,-0.0272,-2.7549
2008-06-03 01:00:00,-0.0083,-2.4996
2008-06-03 01:15:00,-0.0449,-2.7829
2008-06-03 01:30:00,-0.0117,-2.6053
2008-06-03 01:45:00,-0.0368,-2.6202
2008-06-03 02:00:00,-0.0224,-2.6945
2008-06-03 02:15:00,-0.0084,-3.0724
2008-06-03 02:30:00,-0.0001,-2.4706
2008-06-03 02:45:00,-0.0207,-2.4484
2008-06-03 03:00:00,-0.0141,-2.4392
2008-06-03 03:15:00,-0.0139,-2.2077
2008-06-03 03:30:00,-0.0058,-2.343
2008-06-03 03:45:00,-0.0183,-2.1375
2008-06-03 04:00:00,-0.0093,-2.3987
2008-06-03 04:15:00,0.3112,-2.3173
2008-06-03 04:30:00,1.7559,-2.0839
2008-06-03 04:45:00,7.5365,2.4211
2008-06-03 05:00:00,16.247,11.406
2008-06-03 05:15:00,7.2529,23.636
2008-06-03 05:30:00,2.5264,36.787
2008-06-03 05:45:00,-2.2465,48.514
2008-06-03 06:00:00,-2.2465,58.595
2008-06-03 06:15:00,4.2841,75.953
2008-06-03 06:30:00,27.619,119.62
2008-06-03 06:45:00,67.26,170.29
2008-06-03 07:00:00,123.66,223.4
2008-06-03 07:15:00,185.17,277.69
2008-06-03 07:30:00,252.03,336.39
2008-06-03 07:45:00,319.06,394.21
2008-06-03 08:00:00,386.63,452.91
2008-06-03 08:15:00,457.58,513.17
2008-06-03 08:30:00,520.96,568.5
2008-06-03 08:45:00,583.75,623.67
2008-06-03 09:00:00,644.07,681.39
2008-06-03 09:15:00,683.64,722.21
2008-06-03 09:30:00,731.8,769.65
2008-06-03 09:45:00,349.09,394.8
2008-06-03 10:00:00,218.04,269.58
2008-06-03 10:15:00,308.0,347.54
2008-06-03 10:30:00,490.68,515.7
2008-06-03 10:45:00,918.65,936.3
2008-06-03 11:00:00,411.89,466.68
2008-06-03 11:15:00,114.96,160.78
2008-06-03 11:30:00,72.669,125.52
2008-06-03 11:45:00,545.17,585.34
2008-06-03 12:00:00,733.59,778.92
2008-06-03 12:15:00,696.15,749.64
2008-06-03 12:30:00,955.82,986.63
2008-06-03 12:45:00,962.51,1026.8
2008-06-03 13:00:00,698.42,768.0
2008-06-03 13:15:00,994.5,1051.7
2008-06-03 13:30:00,566.28,637.37
2008-06-03 13:45:00,133.17,186.01
2008-06-03 14:00:00,464.52,522.55
2008-06-03 14:15:00,604.46,673.08
2008-06-03 14:30:00,681.76,741.84
2008-06-03 14:45:00,435.18,491.97
2008-06-03 15:00:00,336.87,387.04
2008-06-03 15:15:00,411.12,457.22
2008-06-03 15:30:00,255.6,311.74
2008-06-03 15:45:00,438.54,495.01
2008-06-03 16:00:00,119.42,181.0
2008-06-03 16:15:00,64.054,122.02
2008-06-03 16:30:00,139.78,205.3
2008-06-03 16:45:00,73.342,135.41
2008-06-03 17:00:00,74.186,142.37
2008-06-03 17:15:00,96.786,181.61
2008-06-03 17:30:00,94.074,195.78
2008-06-03 17:45:00,51.354,134.73
2008-06-03 18:00:00,15.672,80.983
2008-06-03 18:15:00,2.3316,55.22
2008-06-03 18:30:00,7.5266,36.543
2008-06-03 18:45:00,20.695,12.892
2008-06-03 19:00:00,12.936,16.669
2008-06-03 19:15:00,18.082,8.4679
2008-06-03 19:30:00,5.3662,0.1258
2008-06-03 19:45:00,1.194,-2.7015
2008-06-03 20:00:00,0.2214,-2.7609
2008-06-03 20:15:00,-0.041,-2.7853
2008-06-03 20:30:00,-0.0268,-2.1118
2008-06-03 20:45:00,-0.0564,-2.2471
2008-06-03 21:00:00,-0.0108,-1.7807
2008-06-03 21:15:00,-0.0285,-1.5217
2008-06-03 21:30:00,-0.0034,-2.0771
2008-06-03 21:45:00,-0.0179,-2.0735
2008-06-03 22:00:00,-0.0048,-2.1476
2008-06-03 22:15:00,-0.0217,-1.9403
2008-06-03 22:30:00,-0.0672,-2.0107
2008-06-03 22:45:00,-0.0068,-1.9886
2008-06-03 23:00:00,-0.0037,-0.9536
2008-06-03 23:15:00,-0.0077,-0.2741
2008-06-03 23:30:00,-0.0222,-0.6185
2008-06-03 23:45:00,-0.0064,-0.7149
2008-06-04 00:00:00,-0.0167,-0.6538
2008-06-04 00:15:00,-0.0349,-0.6538
2008-06-04 00:30:00,-0.0209,-0.6797
2008-06-04 00:45:00,-0.0383,-0.7482
2008-06-04 01:00:00,-0.0164,-0.663
2008-06-04 01:15:00,-0.0049,-0.7038
2008-06-04 01:30:00,-0.0177,-0.7741
2008-06-04 01:45:00,-0.0749,-0.9686
2008-06-04 02:00:00,-0.0078,-1.002
2008-06-04 02:15:00,0.0148,-1.065
2008-06-04 02:30:00,-0.021,-1.3928
2008-06-04 02:45:00,-0.0229,-2.0577
2008-06-04 03:00:00,-0.0619,-3.0893
2008-06-04 03:15:00,0.0259,-3.1487
2008-06-04 03:30:00,-0.0369,-3.0006
2008-06-04 03:45:00,0.0353,-2.9396
2008-06-04 04:00:00,-0.0076,-2.7859
2008-06-04 04:15:00,0.3844,-2.5341
2008-06-04 04:30:00,1.713,-2.0748
2008-06-04 04:45:00,8.4486,2.0323
2008-06-04 05:00:00,16.926,11.531
2008-06-04 05:15:00,4.558,27.413
2008-06-04 05:30:00,-0.96,47.192
2008-06-04 05:45:00,2.354,59.242
2008-06-04 06:00:00,18.251,82.742
2008-06-04 06:15:00,76.844,138.12
2008-06-04 06:30:00,15.628,71.827
2008-06-04 06:45:00,15.208,65.853
2008-06-04 07:00:00,57.292,112.03
2008-06-04 07:15:00,43.898,103.59
2008-06-04 07:30:00,51.513,110.54
2008-06-04 07:45:00,59.63,113.62
2008-06-04 08:00:00,82.474,135.01
2008-06-04 08:15:00,101.28,153.84
2008-06-04 08:30:00,96.175,149.28
2008-06-04 08:45:00,122.04,173.06
2008-06-04 09:00:00,296.59,335.59
2008-06-04 09:15:00,521.49,550.38
2008-06-04 09:30:00,350.71,396.69
2008-06-04 09:45:00,347.05,380.81
2008-06-04 10:00:00,380.5,416.03
2008-06-04 10:15:00,401.79,439.73
2008-06-04 10:30:00,319.07,356.92
2008-06-04 10:45:00,331.39,367.53
2008-06-04 11:00:00,252.43,295.04
2008-06-04 11:15:00,181.62,223.88
2008-06-04 11:30:00,62.888,115.52
2008-06-04 11:45:00,37.04,88.434
2008-06-04 12:00:00,60.955,111.0
2008-06-04 12:15:00,233.76,262.81
2008-06-04 12:30:00,349.28,366.75
2008-06-04 12:45:00,337.18,358.04
2008-06-04 13:00:00,313.07,335.48
2008-06-04 13:15:00,482.3,492.15
2008-06-04 13:30:00,467.04,490.53
2008-06-04 13:45:00,62.303,120.62
2008-06-04 14:00:00,390.77,418.74
2008-06-04 14:15:00,305.05,355.01
2008-06-04 14:30:00,398.05,435.24
2008-06-04 14:45:00,222.01,276.07
2008-06-04 15:00:00,154.72,202.65
2008-06-04 15:15:00,152.54,195.6
2008-06-04 15:30:00,159.98,202.17
2008-06-04 15:45:00,232.36,271.49
2008-06-04 16:00:00,169.85,216.47
2008-06-04 16:15:00,55.386,100.37
2008-06-04 16:30:00,17.923,16.101
2008-06-04 16:45:00,39.251,87.068
2008-06-04 17:00:00,30.615,83.016
2008-06-04 17:15:00,45.133,99.003
2008-06-04 17:30:00,44.501,97.198
2008-06-04 17:45:00,33.102,93.061
2008-06-04 18:00:00,0.3419,56.776
2008-06-04 18:15:00,4.8147,48.818
2008-06-04 18:30:00,0.4779,45.656
2008-06-04 18:45:00,6.9721,34.762
2008-06-04 19:00:00,15.351,11.401
2008-06-04 19:15:00,5.4428,2.4925
2008-06-04 19:30:00,1.5977,0.4185
2008-06-04 19:45:00,0.9696,-0.4185
2008-06-04 20:00:00,0.0517,-0.4686
2008-06-04 20:15:00,-0.0412,-0.7038
2008-06-04 20:30:00,-0.0397,-0.7724
2008-06-04 20:45:00,-0.0179,-0.4908
2008-06-04 21:00:00,0.0039,-0.5187
2008-06-04 21:15:00,-0.0175,-0.5131
2008-06-04 21:30:00,-0.0364,-0.402
2008-06-04 21:45:00,0.0068,-1.1318
2008-06-04 22:00:00,-0.0607,-1.1522
2008-06-04 22:15:00,-0.02,-0.615
2008-06-04 22:30:00,-0.0545,-0.6502
2008-06-04 22:45:00,-0.0027,-0.1427
2008-06-04 23:00:00,-0.0258,-0.0815
2008-06-04 23:15:00,-0.0047,-0.9374
2008-06-04 23:30:00,0.006,-0.9374
2008-06-04 23:45:00,0.0249,-0.6485
2008-06-05 00:00:00,-0.066,-0.6188
2008-06-05 00:15:00,-0.0161,-0.604
2008-06-05 00:30:00,-0.0191,-0.2724
2008-06-05 00:45:00,0.0016,-0.2798
2008-06-05 01:00:00,-0.0225,-0.328
2008-06-05 01:15:00,-0.0175,-0.3372
2008-06-05 01:30:00,-0.0117,-0.3168
2008-06-05 01:45:00,-0.0105,-0.3206
2008-06-05 02:00:00,0.0034,-0.2891
2008-06-05 02:15:00,-0.0224,-0.3076
2008-06-05 02:30:00,-0.0234,-0.454
2008-06-05 02:45:00,0.0004,-0.4132
2008-06-05 03:00:00,-0.0147,-0.3447
2008-06-05 03:15:00,-0.0168,-0.4559
2008-06-05 03:30:00,-0.0049,-0.3928
2008-06-05 03:45:00,-0.0325,-0.265
2008-06-05 04:00:00,-0.0199,-0.1798
2008-06-05 04:15:00,0.0324,-0.0111
2008-06-05 04:30:00,0.6429,0.0259
2008-06-05 04:45:00,1.9257,0.9062
2008-06-05 05:00:00,10.805,5.1868
2008-06-05 05:15:00,17.552,6.5287
2008-06-05 05:30:00,19.287,7.2053
2008-06-05 05:45:00,13.378,5.8543
2008-06-05 06:00:00,7.8216,4.2421
2008-06-05 06:15:00,18.578,12.244
2008-06-05 06:30:00,12.547,17.089
2008-06-05 06:45:00,15.288,14.157
2008-06-05 07:00:00,15.999,13.945
2008-06-05 07:15:00,7.8584,25.044
2008-06-05 07:30:00,7.7542,53.151
2008-06-05 07:45:00,69.614,117.6
2008-06-05 08:00:00,102.4,150.11
2008-06-05 08:15:00,160.34,202.4
2008-06-05 08:30:00,236.97,272.79
2008-06-05 08:45:00,262.89,297.75
2008-06-05 09:00:00,251.08,289.08
2008-06-05 09:15:00,246.34,283.63
2008-06-05 09:30:00,337.26,363.66
2008-06-05 09:45:00,527.41,534.02
2008-06-05 10:00:00,450.8,465.54
2008-06-05 10:15:00,694.7,688.77
2008-06-05 10:30:00,470.3,475.09
2008-06-05 10:45:00,517.84,508.41
2008-06-05 11:00:00,372.3,369.96
2008-06-05 11:15:00,525.07,511.44
2008-06-05 11:30:00,855.28,824.95
2008-06-05 11:45:00,950.45,936.24
2008-06-05 12:00:00,715.5,690.98
2008-06-05 12:15:00,412.02,402.09
2008-06-05 12:30:00,381.36,370.88
2008-06-05 12:45:00,335.09,334.89
2008-06-05 13:00:00,467.61,453.69
2008-06-05 13:15:00,457.83,444.32
2008-06-05 13:30:00,525.7,513.34
2008-06-05 13:45:00,573.81,570.19
2008-06-05 14:00:00,831.15,840.05
2008-06-05 14:15:00,552.37,577.36
2008-06-05 14:30:00,410.57,431.29
2008-06-05 14:45:00,454.7,475.39
2008-06-05 15:00:00,318.7,351.51
2008-06-05 15:15:00,267.0,302.99
2008-06-05 15:30:00,376.47,414.98
2008-06-05 15:45:00,632.71,673.8
2008-06-05 16:00:00,240.88,304.59
2008-06-05 16:15:00,395.64,440.2
2008-06-05 16:30:00,520.62,589.16
2008-06-05 16:45:00,306.21,378.88
2008-06-05 17:00:00,228.98,304.56
2008-06-05 17:15:00,166.67,247.84
2008-06-05 17:30:00,131.66,225.83
2008-06-05 17:45:00,71.356,151.22
2008-06-05 18:00:00,43.196,118.42
2008-06-05 18:15:00,3.425,69.548
2008-06-05 18:30:00,6.9496,46.617
2008-06-05 18:45:00,7.8197,34.051
2008-06-05 19:00:00,17.698,19.874
2008-06-05 19:15:00,21.145,7.5448
2008-06-05 19:30:00,6.4076,-0.1537
2008-06-05 19:45:00,1.5983,-2.5458
2008-06-05 20:00:00,0.2785,-2.9868
2008-06-05 20:15:00,0.0143,-2.9241
2008-06-05 20:30:00,-0.0776,-2.593
2008-06-05 20:45:00,-0.0706,-2.3042
2008-06-05 21:00:00,-0.0275,-1.8487
2008-06-05 21:15:00,-0.0533,-2.1804
2008-06-05 21:30:00,-0.0084,-2.1638
2008-06-05 21:45:00,-0.0368,-1.8823
2008-06-05 22:00:00,-0.0215,-2.0454
2008-06-05 22:15:00,-0.0565,-2.0844
2008-06-05 22:30:00,-0.0325,-1.9973
2008-06-05 22:45:00,-0.0121,-2.3068
2008-06-05 23:00:00,-0.0183,-2.5384
2008-06-05 23:15:00,0.0109,-2.2493
2008-06-05 23:30:00,-0.0083,-2.4771
2008-06-05 23:45:00,-0.0077,-2.0918
2008-06-06 00:00:00,-0.0339,-2.416
2008-06-06 00:15:00,-0.0207,-3.0163
2008-06-06 00:30:00,0.0089,-3.5684
2008-06-06 00:45:00,0.066,-3.3812
2008-06-06 01:00:00,-0.0413,-2.7662
2008-06-06 01:15:00,-0.0144,-2.6736
2008-06-06 01:30:00,0.03,-2.4865
2008-06-06 01:45:00,-0.0356,-2.4902
2008-06-06 02:00:00,0.017,-1.8473
2008-06-06 02:15:00,-0.0469,-0.5837
2008-06-06 02:30:00,-0.0374,-1.3341
2008-06-06 02:45:00,-0.0061,-2.4644
2008-06-06 03:00:00,-0.0414,-1.714
2008-06-06 03:15:00,0.0775,-1.9493
2008-06-06 03:30:00,-0.0836,-2.8943
2008-06-06 03:45:00,-0.0196,-3.2314
2008-06-06 04:00:00,0.0195,-2.7423
2008-06-06 04:15:00,0.7561,-2.1401
2008-06-06 04:30:00,6.0394,1.4563
2008-06-06 04:45:00,20.277,10.323
2008-06-06 05:00:00,7.2678,25.35
2008-06-06 05:15:00,-0.329,42.296
2008-06-06 05:30:00,-2.3865,55.809
2008-06-06 05:45:00,4.8901,65.465
2008-06-06 06:00:00,12.882,80.468
2008-06-06 06:15:00,17.563,85.962
2008-06-06 06:30:00,44.957,130.73
2008-06-06 06:45:00,66.27,161.44
2008-06-06 07:00:00,100.8,196.73
2008-06-06 07:15:00,181.24,272.65
2008-06-06 07:30:00,208.0,285.15
2008-06-06 07:45:00,267.69,345.83
2008-06-06 08:00:00,359.75,427.87
2008-06-06 08:15:00,472.59,523.15
2008-06-06 08:30:00,538.26,582.63
2008-06-06 08:45:00,590.79,632.34
2008-06-06 09:00:00,653.3,687.75
2008-06-06 09:15:00,702.58,738.62
2008-06-06 09:30:00,753.83,786.88
2008-06-06 09:45:00,797.87,829.33
2008-06-06 10:00:00,834.51,867.05
2008-06-06 10:15:00,868.63,904.1
2008-06-06 10:30:00,897.82,937.03
2008-06-06 10:45:00,933.81,967.86
2008-06-06 11:00:00,950.37,993.13
2008-06-06 11:15:00,958.22,1008.9
2008-06-06 11:30:00,955.59,1019.2
2008-06-06 11:45:00,960.3,1028.4
2008-06-06 12:00:00,956.43,1031.8
2008-06-06 12:15:00,972.89,1036.5
2008-06-06 12:30:00,961.83,1030.6
2008-06-06 12:45:00,946.92,1020.5
2008-06-06 13:00:00,940.56,1012.5
2008-06-06 13:15:00,924.33,992.83
2008-06-06 13:30:00,892.88,963.35
2008-06-06 13:45:00,874.38,938.41
2008-06-06 14:00:00,850.49,908.88
2008-06-06 14:15:00,801.72,870.42
2008-06-06 14:30:00,761.3,832.28
2008-06-06 14:45:00,730.96,791.67
2008-06-06 15:00:00,682.98,744.64
2008-06-06 15:15:00,635.23,695.34
2008-06-06 15:30:00,577.23,643.3
2008-06-06 15:45:00,517.72,589.28
2008-06-06 16:00:00,454.34,531.3
2008-06-06 16:15:00,389.09,475.48
2008-06-06 16:30:00,308.08,404.23
2008-06-06 16:45:00,252.64,358.97
2008-06-06 17:00:00,182.98,300.49
2008-06-06 17:15:00,115.36,242.12
2008-06-06 17:30:00,55.632,185.84
2008-06-06 17:45:00,11.95,129.05
2008-06-06 18:00:00,3.5985,68.499
2008-06-06 18:15:00,7.3953,33.541
2008-06-06 18:30:00,8.0563,26.678
2008-06-06 18:45:00,10.576,20.477
2008-06-06 19:00:00,13.963,13.943
2008-06-06 19:15:00,19.149,5.5731
2008-06-06 19:30:00,5.8366,-0.3071
2008-06-06 19:45:00,1.5344,-3.8129
2008-06-06 20:00:00,0.2767,-4.3165
2008-06-06 20:15:00,-0.0544,-3.2586
2008-06-06 20:30:00,-0.0476,-2.689
2008-06-06 20:45:00,-0.0008,-3.0834
2008-06-06 21:00:00,0.0214,-2.8763
2008-06-06 21:15:00,0.0088,-2.2805
2008-06-06 21:30:00,-0.0495,-2.1179
2008-06-06 21:45:00,-0.0264,-2.1921
2008-06-06 22:00:00,-0.0101,-2.5365
2008-06-06 22:15:00,-0.0013,-2.2626
2008-06-06 22:30:00,-0.0254,-2.0276
2008-06-06 22:45:00,-0.0565,-2.4629
2008-06-06 23:00:00,-0.0225,-2.6259
2008-06-06 23:15:00,-0.013,-2.1371
2008-06-06 23:30:00,0.0513,-2.3445
2008-06-06 23:45:00,-0.0314,-2.2039
2008-06-07 00:00:00,-0.045,-2.5039
2008-06-07 00:15:00,0.0085,-3.1577
2008-06-07 00:30:00,-0.017,-2.8411
2008-06-07 00:45:00,-0.0211,-3.3672
2008-06-07 01:00:00,-0.0011,-3.0784
2008-06-07 01:15:00,-0.0517,-2.7174
2008-06-07 01:30:00,-0.057,-2.7897
2008-06-07 01:45:00,0.0256,-3.0159
2008-06-07 02:00:00,-0.0262,-3.0772
2008-06-07 02:15:00,0.0247,-2.8013
2008-06-07 02:30:00,-0.0068,-2.5605
2008-06-07 02:45:00,-0.0159,-3.3202
2008-06-07 03:00:00,0.0044,-3.1017
2008-06-07 03:15:00,-0.0589,-2.8128
2008-06-07 03:30:00,-0.0435,-2.4219
2008-06-07 03:45:00,-0.0392,-2.3719
2008-06-07 04:00:00,0.0553,-2.7055
2008-06-07 04:15:00,0.5071,-3.0522
2008-06-07 04:30:00,2.322,-1.3751
2008-06-07 04:45:00,9.9401,3.0487
2008-06-07 05:00:00,16.381,12.008
2008-06-07 05:15:00,8.6142,22.687
2008-06-07 05:30:00,6.7411,33.146
2008-06-07 05:45:00,2.9498,45.214
2008-06-07 06:00:00,1.7635,52.73
2008-06-07 06:15:00,-1.3421,68.701
2008-06-07 06:30:00,19.3,118.27
2008-06-07 06:45:00,62.941,173.86
2008-06-07 07:00:00,126.11,231.15
2008-06-07 07:15:00,197.73,289.6
2008-06-07 07:30:00,272.13,350.11
2008-06-07 07:45:00,346.99,410.45
2008-06-07 08:00:00,422.02,470.99
2008-06-07 08:15:00,493.87,529.25
2008-06-07 08:30:00,557.85,584.75
2008-06-07 08:45:00,617.9,638.42
2008-06-07 09:00:00,674.23,688.9
2008-06-07 09:15:00,721.62,736.72
2008-06-07 09:30:00,778.46,785.56
2008-06-07 09:45:00,816.31,827.11
2008-06-07 10:00:00,850.6,865.86
2008-06-07 10:15:00,872.6,899.26
2008-06-07 10:30:00,903.58,930.96
2008-06-07 10:45:00,934.96,958.35
2008-06-07 11:00:00,934.68,977.22
2008-06-07 11:15:00,943.25,992.77
2008-06-07 11:30:00,532.93,1009.5
2008-06-07 11:45:00,953.58,1017.5
2008-06-07 12:00:00,967.13,1023.8
2008-06-07 12:15:00,958.79,1021.9
2008-06-07 12:30:00,963.69,1019.4
2008-06-07 12:45:00,952.86,1011.5
2008-06-07 13:00:00,936.97,998.7
2008-06-07 13:15:00,919.36,983.01
2008-06-07 13:30:00,903.45,963.97
2008-06-07 13:45:00,890.85,941.87
2008-06-07 14:00:00,864.05,914.74
2008-06-07 14:15:00,818.71,876.01
2008-06-07 14:30:00,802.82,850.72
2008-06-07 14:45:00,742.97,788.29
2008-06-07 15:00:00,537.57,587.06
2008-06-07 15:15:00,561.4,602.88
2008-06-07 15:30:00,322.49,382.28
2008-06-07 15:45:00,330.37,382.65
2008-06-07 16:00:00,162.73,223.17
2008-06-07 16:15:00,167.01,222.59
2008-06-07 16:30:00,119.86,178.08
2008-06-07 16:45:00,97.084,157.55
2008-06-07 17:00:00,76.847,135.93
2008-06-07 17:15:00,45.419,105.3
2008-06-07 17:30:00,20.503,77.806
2008-06-07 17:45:00,11.963,68.771
2008-06-07 18:00:00,26.078,80.223
2008-06-07 18:15:00,17.444,70.999
2008-06-07 18:30:00,18.628,71.212
2008-06-07 18:45:00,2.0057,42.209
2008-06-07 19:00:00,11.088,21.582
2008-06-07 19:15:00,17.382,9.3725
2008-06-07 19:30:00,4.8813,0.2073
2008-06-07 19:45:00,1.4857,-1.9343
2008-06-07 20:00:00,0.2699,-2.09
2008-06-07 20:15:00,0.005,-1.9902
2008-06-07 20:30:00,0.0086,-1.9792
2008-06-07 20:45:00,-0.0142,-1.996
2008-06-07 21:00:00,0.0032,-1.8795
2008-06-07 21:15:00,-0.0469,-1.8592
2008-06-07 21:30:00,-0.0182,-2.0075
2008-06-07 21:45:00,-0.0296,-2.7095
2008-06-07 22:00:00,-0.0374,-2.4448
2008-06-07 22:15:00,-0.0059,-2.3616
2008-06-07 22:30:00,-0.0101,-1.5356
2008-06-07 22:45:00,0.022,-1.3134
2008-06-07 23:00:00,-0.015,-1.4005
2008-06-07 23:15:00,-0.0448,-1.2338
2008-06-07 23:30:00,-0.0069,-0.641
2008-06-07 23:45:00,0.0294,-0.5706
2008-06-08 00:00:00,-0.0227,-1.734
2008-06-08 00:15:00,-0.0327,-1.1393
2008-06-08 00:30:00,0.0034,-1.2227
2008-06-08 00:45:00,-0.0219,-0.9133
2008-06-08 01:00:00,-0.0273,-0.9411
2008-06-08 01:15:00,-0.0076,-0.8299
2008-06-08 01:30:00,-0.028,-1.0319
2008-06-08 01:45:00,-0.0023,-0.904
2008-06-08 02:00:00,-0.0062,-1.4932
2008-06-08 02:15:00,-0.0181,-1.558
2008-06-08 02:30:00,0.001,-0.8336
2008-06-08 02:45:00,0.0357,-2.5712
2008-06-08 03:00:00,-0.0188,-2.3804
2008-06-08 03:15:00,0.05,-1.3819
2008-06-08 03:30:00,-0.0256,-2.312
2008-06-08 03:45:00,-0.0156,-2.9623
2008-06-08 04:00:00,0.0278,-2.2027
2008-06-08 04:15:00,0.1223,-0.0148
2008-06-08 04:30:00,0.5622,0.2761
2008-06-08 04:45:00,1.295,-0.5799
2008-06-08 05:00:00,2.7781,-0.1223
2008-06-08 05:15:00,4.399,1.6601
2008-06-08 05:30:00,12.156,4.4098
2008-06-08 05:45:00,19.388,9.6054
2008-06-08 06:00:00,14.629,14.006
2008-06-08 06:15:00,19.146,10.59
2008-06-08 06:30:00,6.6257,22.233
2008-06-08 06:45:00,9.4953,20.412
2008-06-08 07:00:00,20.061,61.229
2008-06-08 07:15:00,114.88,182.42
2008-06-08 07:30:00,265.31,335.41
2008-06-08 07:45:00,352.23,404.53
2008-06-08 08:00:00,329.97,373.92
2008-06-08 08:15:00,334.47,375.29
2008-06-08 08:30:00,394.56,429.06
2008-06-08 08:45:00,616.78,637.35
2008-06-08 09:00:00,669.21,692.9
2008-06-08 09:15:00,745.1,768.36
2008-06-08 09:30:00,687.85,728.4
2008-06-08 09:45:00,379.5,430.02
2008-06-08 10:00:00,498.64,529.89
2008-06-08 10:15:00,401.16,436.4
2008-06-08 10:30:00,463.14,485.48
2008-06-08 10:45:00,616.28,643.45
2008-06-08 11:00:00,746.01,764.03
2008-06-08 11:15:00,548.96,587.53
2008-06-08 11:30:00,317.69,352.92
2008-06-08 11:45:00,302.3,338.64
2008-06-08 12:00:00,571.9,596.79
2008-06-08 12:15:00,576.11,604.87
2008-06-08 12:30:00,1047.2,1097.9
2008-06-08 12:45:00,999.38,1046.3
2008-06-08 13:00:00,1018.6,1051.5
2008-06-08 13:15:00,1004.4,1031.8
2008-06-08 13:30:00,977.5,1018.6
2008-06-08 13:45:00,991.94,1032.8
2008-06-08 14:00:00,953.05,998.15
2008-06-08 14:15:00,923.9,969.65
2008-06-08 14:30:00,907.58,946.89
2008-06-08 14:45:00,857.64,888.76
2008-06-08 15:00:00,804.05,838.33
2008-06-08 15:15:00,735.97,770.42
2008-06-08 15:30:00,658.48,693.14
2008-06-08 15:45:00,593.2,638.3
2008-06-08 16:00:00,522.95,578.09
2008-06-08 16:15:00,459.86,526.41
2008-06-08 16:30:00,366.04,447.49
2008-06-08 16:45:00,287.83,382.75
2008-06-08 17:00:00,214.06,322.99
2008-06-08 17:15:00,141.62,262.55
2008-06-08 17:30:00,72.047,201.55
2008-06-08 17:45:00,21.026,142.81
2008-06-08 18:00:00,0.2754,77.173
2008-06-08 18:15:00,6.8604,36.669
2008-06-08 18:30:00,7.6606,30.074
2008-06-08 18:45:00,9.9034,23.134
2008-06-08 19:00:00,16.634,13.399
2008-06-08 19:15:00,17.851,4.9116
2008-06-08 19:30:00,6.02,0.2073
2008-06-08 19:45:00,1.9862,-2.7304
2008-06-08 20:00:00,0.4957,-5.1299
2008-06-08 20:15:00,0.0179,-3.4567
2008-06-08 20:30:00,-0.0096,-4.2292
2008-06-08 20:45:00,0.0323,-2.6574
2008-06-08 21:00:00,0.0073,-3.5057
2008-06-08 21:15:00,0.0097,-4.2096
2008-06-08 21:30:00,-0.0211,-3.9134
2008-06-08 21:45:00,-0.0124,-3.6822
2008-06-08 22:00:00,-0.0412,-3.3063
2008-06-08 22:15:00,-0.0438,-3.6436
2008-06-08 22:30:00,0.0396,-3.4178
2008-06-08 22:45:00,-0.0415,-3.9219
2008-06-08 23:00:00,0.0032,-4.1667
2008-06-08 23:15:00,-0.0117,-3.2534
2008-06-08 23:30:00,-0.0104,-2.9718
2008-06-08 23:45:00,-0.0129,-4.241
2008-06-09 00:00:00,0.0017,-4.0743
2008-06-09 00:15:00,-0.0007,-3.2443
2008-06-09 00:30:00,-0.0145,-2.6774
2008-06-09 00:45:00,0.0219,-3.617
2008-06-09 01:00:00,-0.0249,-2.95
2008-06-09 01:15:00,0.0046,-3.3374
2008-06-09 01:30:00,0.0076,-3.1671
2008-06-09 01:45:00,-0.0076,-2.9281
2008-06-09 02:00:00,-0.0468,-3.0598
2008-06-09 02:15:00,0.0033,-3.1599
2008-06-09 02:30:00,0.0159,-2.9691
2008-06-09 02:45:00,-0.0174,-2.187
2008-06-09 03:00:00,-0.0079,-1.7848
2008-06-09 03:15:00,-0.0232,-2.3761
2008-06-09 03:30:00,-0.0144,-2.6709
2008-06-09 03:45:00,-0.0127,-2.5486
2008-06-09 04:00:00,-0.0044,-2.7543
2008-06-09 04:15:00,0.6092,-2.9601
2008-06-09 04:30:00,2.4727,-1.8388
2008-06-09 04:45:00,11.005,3.3179
2008-06-09 05:00:00,16.272,11.095
2008-06-09 05:15:00,8.3178,22.407
2008-06-09 05:30:00,6.4868,33.5
2008-06-09 05:45:00,1.4663,45.565
2008-06-09 06:00:00,1.2894,52.371
2008-06-09 06:15:00,5.0587,76.421
2008-06-09 06:30:00,48.086,146.63
2008-06-09 06:45:00,65.834,163.86
2008-06-09 07:00:00,153.63,251.43
2008-06-09 07:15:00,205.47,288.54
2008-06-09 07:30:00,207.14,291.88
2008-06-09 07:45:00,348.74,417.34
2008-07-25 09:00:00,572.91,654.52
2008-07-29 11:30:00,896.84,1022.7
2008-07-29 11:45:00,910.92,1037.6
2008-07-29 12:00:00,950.3,1073.0
2008-07-29 12:15:00,809.51,936.85
2008-07-29 12:30:00,187.06,278.44
2008-07-29 12:45:00,132.64,211.79
2008-07-29 13:00:00,86.771,166.64
2008-07-29 13:15:00,99.884,177.58
2008-07-29 13:30:00,133.48,215.05
2008-07-29 13:45:00,664.16,729.48
2008-07-29 14:00:00,833.99,963.88
2008-07-29 14:15:00,487.14,586.56
2008-07-29 14:30:00,788.46,892.02
2008-07-29 14:45:00,731.92,826.99
2008-07-29 15:00:00,642.94,735.31
2008-07-29 15:15:00,586.52,677.72
2008-07-29 15:30:00,267.79,361.5
2008-07-29 15:45:00,43.497,127.87
2008-07-29 16:00:00,75.978,159.9
2008-07-29 16:15:00,149.38,232.1
2008-07-29 16:30:00,393.32,488.71
2008-07-29 16:45:00,320.46,425.29
2008-07-29 17:00:00,267.88,388.34
2008-07-29 17:15:00,97.241,204.21
2008-07-29 17:30:00,119.94,242.88
2008-07-29 17:45:00,92.558,234.4
2008-07-29 18:00:00,19.866,147.74
2008-07-29 18:15:00,9.529,65.639
2008-07-29 18:30:00,35.472,36.054
2008-07-29 18:45:00,34.153,22.395
2008-07-29 19:00:00,42.802,10.51
2008-07-29 19:15:00,28.148,3.7043
2008-07-29 19:30:00,5.9917,-0.3075
2008-07-29 19:45:00,1.3848,-1.7475
2008-07-29 20:00:00,-0.0027,-3.7438
2008-07-29 20:15:00,0.0091,-2.8067
2008-07-29 20:30:00,-0.0124,-2.7002
2008-07-29 20:45:00,-0.0751,-1.6504
2008-07-29 21:00:00,0.0706,-3.6768
2008-07-29 21:15:00,-0.0472,-3.9864
2008-07-29 21:30:00,-0.0329,-1.9104
2008-07-29 21:45:00,-0.0451,-1.7833
2008-07-29 22:00:00,-0.0295,-2.7378
2008-07-29 22:15:00,-0.0593,-2.2275
2008-07-29 22:30:00,-0.0349,-2.9351
2008-07-29 22:45:00,-0.0574,-2.5317
2008-07-29 23:00:00,-0.0497,-3.0496
2008-07-29 23:15:00,-0.1097,-3.0
2008-07-29 23:30:00,0.0189,-0.269
2008-07-29 23:45:00,-0.0333,-0.9122
2008-07-30 00:00:00,-0.0919,-3.0223
2008-07-30 00:15:00,-0.0261,-3.1293
2008-07-30 00:30:00,0.0367,-2.7128
2008-07-30 00:45:00,0.0444,-2.3517
2008-07-30 01:00:00,-0.0465,-1.5408
2008-07-30 01:15:00,-0.0089,-1.7085
2008-07-30 01:30:00,-0.0803,-2.5876
2008-07-30 01:45:00,-0.0988,-2.9285
2008-07-30 02:00:00,-0.001,-2.9433
2008-07-30 02:15:00,0.0017,-2.9966
2008-07-30 02:30:00,0.0047,-2.9688
2008-07-30 02:45:00,0.0095,-3.249
2008-07-30 03:00:00,0.0183,-2.7164
2008-07-30 03:15:00,-0.0183,-2.1728
2008-07-30 03:30:00,-0.0232,-2.3792
2008-07-30 03:45:00,-0.1881,-2.2042
2008-07-30 04:00:00,-0.0154,-2.464
2008-07-30 04:15:00,-0.007,-2.4216
2008-07-30 04:30:00,-0.0163,-2.7883
2008-07-30 04:45:00,1.4086,-2.8436
2008-07-30 05:00:00,5.0602,-1.3877
2008-07-30 05:15:00,24.395,3.5088
2008-07-30 05:30:00,42.401,14.483
2008-07-30 05:45:00,29.92,27.739
2008-07-30 06:00:00,27.095,42.275
2008-07-30 06:15:00,21.866,54.375
2008-07-30 06:30:00,12.6,83.818
2008-07-30 06:45:00,6.9321,132.21
2008-07-30 07:00:00,52.72,185.51
2008-07-30 07:15:00,112.65,241.32
2008-07-30 07:30:00,180.43,301.95
2008-07-30 07:45:00,242.7,356.46
2008-07-30 08:00:00,307.91,415.87
2008-07-30 08:15:00,373.68,476.87
2008-07-30 08:30:00,434.81,535.05
2008-07-30 08:45:00,494.84,592.24
2008-07-30 09:00:00,549.27,646.52
2008-07-30 09:15:00,610.13,701.48
2008-07-30 09:30:00,661.54,751.8
2008-07-30 09:45:00,714.89,806.53
2008-07-30 10:00:00,687.82,782.7
2008-07-30 10:15:00,517.6,619.13
2008-07-30 10:30:00,209.67,300.88
2008-07-30 10:45:00,772.5,866.81
2008-07-30 11:00:00,202.74,299.47
2008-07-30 11:15:00,91.904,182.95
2008-07-30 11:30:00,176.98,261.7
2008-07-30 11:45:00,415.33,490.35
2008-07-30 12:00:00,615.57,711.9
2008-07-30 12:15:00,1048.6,1179.4
2008-07-30 12:30:00,372.05,475.98
2008-07-30 12:45:00,646.88,770.92
2008-07-30 13:00:00,305.89,401.63
2008-07-30 13:15:00,309.95,409.19
2008-07-30 13:30:00,197.49,293.54
2008-07-30 13:45:00,249.95,337.37
2008-07-30 14:00:00,343.99,432.9
2008-07-30 14:15:00,719.43,823.86
2008-07-30 14:30:00,636.22,760.57
2008-07-30 14:45:00,372.3,482.01
2008-07-30 15:00:00,300.38,395.64
2008-07-30 15:15:00,105.66,202.13
2008-07-30 15:30:00,307.49,408.86
2008-07-30 15:45:00,65.716,160.81
2008-07-30 16:00:00,161.4,258.81
2008-07-30 16:15:00,48.785,143.47
2008-07-30 16:30:00,100.65,195.01
2008-07-30 16:45:00,159.42,266.99
2008-07-30 17:00:00,66.074,169.39
2008-07-30 17:15:00,105.96,232.95
2008-07-30 17:30:00,46.549,156.77
2008-07-30 17:45:00,14.621,163.02
2008-07-30 18:00:00,3.4636,128.51
2008-07-30 18:15:00,8.5092,60.837
2008-07-30 18:30:00,24.699,42.51
2008-07-30 18:45:00,31.723,28.888
2008-07-30 19:00:00,40.824,14.879
2008-07-30 19:15:00,30.977,1.8645
2008-07-30 19:30:00,6.0876,-3.085
2008-07-30 19:45:00,1.6519,-4.35
2008-07-30 20:00:00,0.1202,-4.0889
2008-07-30 20:15:00,-0.089,-4.7908
2008-07-30 20:30:00,-0.0337,-4.1651
2008-07-30 20:45:00,-0.0307,-3.5853
2008-07-30 21:00:00,-0.0602,-3.7679
2008-07-30 21:15:00,-0.0383,-3.9595
2008-07-30 21:30:00,-0.0381,-4.0812
2008-07-30 21:45:00,-0.0489,-3.8125
2008-07-30 22:00:00,-0.0226,-4.041
2008-07-30 22:15:00,0.0269,-4.0927
2008-07-30 22:30:00,-0.0476,-4.0248
2008-07-30 22:45:00,-0.0296,-4.0212
2008-07-30 23:00:00,-0.0188,-3.7615
2008-07-30 23:15:00,-0.0576,-3.8666
2008-07-30 23:30:00,-0.0356,-3.933
2008-07-30 23:45:00,-0.0147,-3.3564
2008-07-31 00:00:00,-0.0486,-3.4358
2008-07-31 00:15:00,-0.104,-4.053
2008-07-31 00:30:00,0.0455,-3.1928
2008-07-31 00:45:00,0.0009,-2.6107
2008-07-31 01:00:00,-0.0746,-1.1442
2008-07-31 01:15:00,-0.0387,-1.3285
2008-07-31 01:30:00,-0.0486,-3.3609
2008-07-31 01:45:00,0.1077,-3.2523
2008-07-31 02:00:00,-0.0325,-3.304
2008-07-31 02:15:00,-0.1094,-3.8364
2008-07-31 02:30:00,-0.0583,-2.7713
2008-07-31 02:45:00,-0.1093,-3.4053
2008-07-31 03:00:00,0.0314,-2.1117
2008-07-31 03:15:00,-0.027,-2.1449
2008-07-31 03:30:00,0.0197,-2.7494
2008-07-31 03:45:00,-0.0163,-4.054
2008-07-31 04:00:00,-0.0205,-4.6511
2008-07-31 04:15:00,-0.1373,-3.6837
2008-07-31 04:30:00,0.0962,-2.9208
2008-07-31 04:45:00,1.2269,-1.4595
2008-07-31 05:00:00,4.9075,-0.317
2008-07-31 05:15:00,24.952,4.2461
2008-07-31 05:30:00,40.396,16.718
2008-07-31 05:45:00,29.418,29.073
2008-07-31 06:00:00,27.663,40.893
2008-07-31 06:15:00,23.575,49.442
2008-07-31 06:30:00,15.884,78.434
2008-07-31 06:45:00,6.0899,128.26
2008-07-31 07:00:00,50.048,182.88
2008-07-31 07:15:00,109.59,238.63
2008-07-31 07:30:00,172.5,294.84
2008-07-31 07:45:00,238.47,354.08
2008-07-31 08:00:00,306.55,416.74
2008-07-31 08:15:00,375.35,480.06
2008-07-31 08:30:00,443.23,541.79
2008-07-31 08:45:00,510.44,599.1
2008-07-31 09:00:00,571.37,652.84
2008-07-31 09:15:00,625.31,704.78
2008-07-31 09:30:00,669.22,753.62
2008-07-31 09:45:00,714.84,797.55
2008-07-31 10:00:00,751.21,837.2
2008-07-31 10:15:00,787.74,872.59
2008-07-31 10:30:00,810.57,904.36
2008-07-31 10:45:00,839.27,936.02
2008-07-31 11:00:00,869.0,965.48
2008-07-31 11:15:00,881.82,987.47
2008-07-31 11:30:00,893.32,1002.6
2008-07-31 11:45:00,907.91,1018.4
2008-07-31 12:00:00,915.62,1028.1
2008-07-31 12:15:00,908.95,1027.4
2008-07-31 12:30:00,908.67,1033.4
2008-07-31 12:45:00,904.14,1034.4
2008-07-31 13:00:00,884.88,1019.3
2008-07-31 13:15:00,885.81,1017.8
2008-07-31 13:30:00,856.34,988.35
2008-07-31 13:45:00,824.22,950.24
2008-07-31 14:00:00,798.27,920.97
2008-07-31 14:15:00,761.7,885.83
2008-07-31 14:30:00,734.45,853.04
2008-07-31 14:45:00,695.81,812.99
2008-07-31 15:00:00,658.06,773.68
2008-07-31 15:15:00,626.77,739.82
2008-07-31 15:30:00,499.72,616.95
2008-07-31 15:45:00,377.1,496.72
2008-07-31 16:00:00,128.28,227.12
2008-07-31 16:15:00,241.83,348.34
2008-07-31 16:30:00,109.7,216.03
2008-07-31 16:45:00,13.62,101.64
2008-07-31 17:00:00,32.291,121.79
2008-07-31 17:15:00,40.977,132.12
2008-07-31 17:30:00,44.829,148.56
2008-07-31 17:45:00,24.203,132.06
2008-07-31 18:00:00,4.3426,67.88
2008-07-31 18:15:00,27.723,34.553
2008-07-31 18:30:00,30.493,26.313
2008-07-31 18:45:00,37.995,16.195
2008-07-31 19:00:00,24.607,3.6279
2008-07-31 19:15:00,8.9748,-0.6351
2008-07-31 19:30:00,3.9212,-3.3302
2008-07-31 19:45:00,1.1779,-3.0801
2008-07-31 20:00:00,0.0178,-3.1704
2008-07-31 20:15:00,-0.0121,-2.0641
2008-07-31 20:30:00,-0.0731,-1.1417
2008-07-31 20:45:00,-0.0637,-0.221
2008-07-31 21:00:00,-0.0646,-1.1344
2008-07-31 21:15:00,-0.0022,-1.4512
2008-07-31 21:30:00,-0.0255,-2.2596
2008-07-31 21:45:00,-0.0624,-2.9522
2008-07-31 22:00:00,-0.0587,-2.4715
2008-07-31 22:15:00,-0.0342,-3.5802
2008-07-31 22:30:00,-0.0548,-3.8898
2008-07-31 22:45:00,-0.0355,-2.2066
2008-07-31 23:00:00,-0.0294,-2.5198
2008-07-31 23:15:00,-0.0145,-3.4373
2008-07-31 23:30:00,-0.1344,-3.2569
2008-07-31 23:45:00,0.0381,-3.4321
2008-08-01 00:00:00,-0.0078,-3.2535
2008-08-01 00:15:00,-0.0101,-3.3384
2008-08-01 00:30:00,0.0082,-3.4049
2008-08-01 00:45:00,-0.0928,-2.3695
2008-08-01 01:00:00,-0.0495,-2.8283
2008-08-01 01:15:00,-0.1012,-2.3143
2008-08-01 01:30:00,-0.051,-2.6368
2008-08-01 01:45:00,-0.0561,-3.0368
2008-08-01 02:00:00,0.0454,-2.5466
2008-08-01 02:15:00,0.0123,-3.1123
2008-08-01 02:30:00,-0.0017,-3.4146
2008-08-01 02:45:00,-0.0592,-2.6609
2008-08-01 03:00:00,0.0166,-2.2924
2008-08-01 03:15:00,-0.0176,-2.7808
2008-08-01 03:30:00,-0.0313,-3.1954
2008-08-01 03:45:00,-0.0547,-3.4774
2008-08-01 04:00:00,-0.0664,-3.5383
2008-08-01 04:15:00,-0.0053,-2.8048
2008-08-01 04:30:00,-0.0212,-2.4695
2008-08-01 04:45:00,0.8949,-2.7699
2008-08-01 05:00:00,4.251,-1.4559
2008-08-01 05:15:00,22.766,4.3735
2008-08-01 05:30:00,39.85,15.058
2008-08-01 05:45:00,28.759,27.811
2008-08-01 06:00:00,27.308,40.684
2008-08-01 06:15:00,23.824,48.908
2008-08-01 06:30:00,15.553,78.876
2008-08-01 06:45:00,6.7564,129.93
2008-08-01 07:00:00,47.457,186.48
2008-08-01 07:15:00,110.73,243.95
2008-08-01 07:30:00,176.77,303.08
2008-08-01 07:45:00,248.27,364.42
2008-08-01 08:00:00,315.89,424.75
2008-08-01 08:15:00,378.35,483.73
2008-08-01 08:30:00,440.64,542.89
2008-08-01 08:45:00,501.98,601.85
2008-08-01 09:00:00,564.15,659.19
2008-08-01 09:15:00,622.17,716.04
2008-08-01 09:30:00,674.77,770.01
2008-08-01 09:45:00,721.27,818.5
2008-08-01 10:00:00,777.26,875.46
2008-08-01 10:15:00,790.38,897.33
2008-08-01 10:30:00,827.4,945.07
2008-08-01 10:45:00,754.14,882.06
2008-08-01 11:00:00,170.73,263.76
2008-08-01 11:15:00,200.35,296.78
2008-08-01 11:30:00,808.12,905.5
2008-08-01 11:45:00,174.42,277.19
2008-08-01 12:00:00,724.67,812.9
2008-08-01 12:15:00,496.53,608.59
2008-08-01 12:30:00,601.62,702.28
2008-08-01 12:45:00,509.44,610.64
2008-08-01 13:00:00,800.67,925.64
2008-08-01 13:15:00,267.45,377.43
2008-08-01 13:30:00,462.54,551.51
2008-08-01 13:45:00,438.66,550.49
2008-08-01 14:00:00,183.77,280.17
2008-08-01 14:15:00,372.52,467.25
2008-08-01 14:30:00,766.5,903.38
2008-08-01 14:45:00,125.16,230.09
2008-08-01 15:00:00,279.35,391.0
2008-08-01 15:15:00,541.54,640.59
2008-08-01 15:30:00,207.28,313.43
2008-08-01 15:45:00,383.3,484.88
2008-08-01 16:00:00,221.39,328.37
2008-08-01 16:15:00,109.19,210.23
2008-08-01 16:30:00,113.51,210.35
2008-08-01 16:45:00,130.07,235.89
2008-08-01 17:00:00,85.781,189.14
2008-08-01 17:15:00,39.255,134.66
2008-08-01 17:30:00,21.466,111.22
2008-08-01 17:45:00,3.012,83.008
2008-08-01 18:00:00,6.9942,56.22
2008-08-01 18:15:00,28.024,31.216
2008-08-01 18:30:00,32.86,23.712
2008-08-01 18:45:00,35.33,21.082
2008-08-01 19:00:00,39.371,15.543
2008-08-01 19:15:00,39.515,7.7966
2008-08-01 19:30:00,4.9458,-0.7639
2008-08-01 19:45:00,0.8027,-3.1586
2008-08-01 20:00:00,-0.0506,-3.2416
2008-08-01 20:15:00,-0.1071,-3.5841
2008-08-01 20:30:00,-0.1311,-4.5379
2008-08-01 20:45:00,0.061,-5.455
2008-08-01 21:00:00,-0.0349,-4.9839
2008-08-01 21:15:00,-0.045,-4.5736
2008-08-01 21:30:00,0.0097,-4.4634
2008-08-01 21:45:00,-0.0673,-3.171
2008-08-01 22:00:00,-0.0887,-2.4916
2008-08-01 22:15:00,-0.0338,-2.617
2008-08-01 22:30:00,-0.0719,-3.107
2008-08-01 22:45:00,-0.016,-3.5602
2008-08-01 23:00:00,-0.0356,-3.5879
2008-08-01 23:15:00,-0.0407,-3.3855
2008-08-01 23:30:00,-0.2355,-3.1939
2008-08-01 23:45:00,-0.0474,-2.7334
2008-08-02 00:00:00,-0.0287,-2.4775
2008-08-02 00:15:00,-0.0597,-2.1773
2008-08-02 00:30:00,-0.0471,-2.3228
2008-08-02 00:45:00,0.0057,-2.6157
2008-08-02 01:00:00,-0.027,-3.0356
2008-08-02 01:15:00,-0.0459,-3.2881
2008-08-02 01:30:00,-0.0638,-3.1831
2008-08-02 01:45:00,-0.0016,-3.5847
2008-08-02 02:00:00,0.0371,-3.9146
2008-08-02 02:15:00,-0.0719,-3.9126
2008-08-02 02:30:00,-0.0168,-3.638
2008-08-02 02:45:00,-0.0823,-3.5184
2008-08-02 03:00:00,0.019,-3.8446
2008-08-02 03:15:00,-0.0561,-4.1024
2008-08-02 03:30:00,-0.0375,-3.6604
2008-08-02 03:45:00,0.0266,-2.966
2008-08-02 04:00:00,-0.09,-3.025
2008-08-02 04:15:00,-0.045,-3.1815
2008-08-02 04:30:00,0.0891,-3.7765
2008-08-02 04:45:00,0.7942,-4.0198
2008-08-02 05:00:00,4.0136,-1.8404
2008-08-02 05:15:00,23.119,2.6897
2008-08-02 05:30:00,39.948,17.376
2008-08-02 05:45:00,17.11,45.184
2008-08-02 06:00:00,6.9785,74.464
2008-08-02 06:15:00,6.5853,105.66
2008-08-02 06:30:00,28.341,139.01
2008-08-02 06:45:00,45.232,174.19
2008-08-02 07:00:00,142.84,274.65
2008-08-02 07:15:00,164.2,286.0
2008-08-02 07:30:00,127.13,238.46
2008-08-02 07:45:00,304.83,413.65
2008-08-02 08:00:00,252.71,349.5
2008-08-02 08:15:00,300.06,395.88
2008-08-02 08:30:00,309.44,398.88
2008-08-02 08:45:00,515.18,614.01
2008-08-02 09:00:00,554.32,657.31
2008-08-02 09:15:00,590.33,693.85
2008-08-02 09:30:00,637.24,751.36
2008-08-02 09:45:00,730.26,841.67
2008-08-02 10:00:00,580.11,681.57
2008-08-02 10:15:00,432.84,536.07
2008-08-02 10:30:00,60.619,153.41
2008-08-02 10:45:00,124.37,212.16
2008-08-02 11:00:00,359.32,427.86
2008-08-02 11:15:00,212.48,292.83
2008-08-02 11:30:00,57.77,137.8
2008-08-02 11:45:00,95.182,171.66
2008-08-02 12:00:00,203.99,279.29
2008-08-02 12:15:00,218.25,295.81
2008-08-02 12:30:00,262.19,337.91
2008-08-02 12:45:00,284.44,366.43
2008-08-02 13:00:00,339.67,429.39
2008-08-02 13:15:00,196.84,287.68
2008-08-02 13:30:00,60.074,144.3
2008-08-02 13:45:00,33.414,115.5
2008-08-02 14:00:00,76.224,157.52
2008-08-02 14:15:00,95.147,174.6
2008-08-02 14:30:00,117.21,201.4
2008-08-02 14:45:00,156.3,239.78
2008-08-02 15:00:00,148.47,233.25
2008-08-02 15:15:00,155.42,248.65
2008-08-02 15:30:00,560.6,661.74
2008-08-02 15:45:00,85.102,186.49
2008-08-02 16:00:00,124.99,218.02
2008-08-02 16:15:00,82.229,174.0
2008-08-02 16:30:00,49.814,137.27
2008-08-02 16:45:00,80.259,171.63
2008-08-02 17:00:00,71.12,165.13
2008-08-02 17:15:00,36.671,126.6
2008-08-02 17:30:00,14.168,99.699
2008-08-02 17:45:00,10.138,55.011
2008-08-02 18:00:00,26.776,34.123
2008-08-02 18:15:00,36.485,16.46
2008-08-02 18:30:00,33.784,4.7469
2008-08-02 18:45:00,16.696,1.0768
2008-08-02 19:00:00,8.2692,0.0276
2008-08-02 19:15:00,3.543,-0.5026
2008-08-02 19:30:00,2.1393,-1.5151
2008-08-02 19:45:00,0.2509,-1.9865
2008-08-02 20:00:00,-0.0154,-1.3992
2008-08-02 20:15:00,0.0095,-1.4269
2008-08-02 20:30:00,-0.0407,-1.0772
2008-08-02 20:45:00,0.0047,-1.3331
2008-08-02 21:00:00,-0.0422,-2.5835
2008-08-02 21:15:00,0.0398,-3.6479
2008-08-02 21:30:00,-0.0441,-3.3367
2008-08-02 21:45:00,-0.0453,-1.9226
2008-08-02 22:00:00,0.0066,-2.1307
2008-08-02 22:15:00,-0.0567,-1.7882
2008-08-02 22:30:00,-0.0178,-3.1438
2008-08-02 22:45:00,-0.068,-3.446
2008-08-02 23:00:00,-0.1131,-1.5085
2008-08-02 23:15:00,-0.0201,-0.7018
2008-08-02 23:30:00,-0.0228,-1.0352
2008-08-02 23:45:00,0.0818,-2.0816
2008-08-03 00:00:00,-0.1563,-0.794
2008-08-03 00:15:00,-0.0601,-0.5305
2008-08-03 00:30:00,-0.105,-1.3687
2008-08-03 00:45:00,-0.1049,-2.4851
2008-08-03 01:00:00,-0.0692,-2.533
2008-08-03 01:15:00,-0.0195,-2.592
2008-08-03 01:30:00,0.0076,-2.4538
2008-08-03 01:45:00,0.0303,-1.3909
2008-08-03 02:00:00,-0.0059,-1.2859
2008-08-03 02:15:00,0.1116,-1.0906
2008-08-03 02:30:00,-0.0657,-2.4908
2008-08-03 02:45:00,0.0604,-2.7542
2008-08-03 03:00:00,-0.1389,-2.979
2008-08-03 03:15:00,-0.0428,-2.7838
2008-08-03 03:30:00,-0.0206,-1.9143
2008-08-03 03:45:00,-0.0903,-1.802
2008-08-03 04:00:00,-0.0606,-1.8702
2008-08-03 04:15:00,-0.1033,-1.6565
2008-08-03 04:30:00,-0.0082,-0.9784
2008-08-03 04:45:00,0.5594,-1.6547
2008-08-03 05:00:00,3.5612,-0.9361
2008-08-03 05:15:00,17.806,2.1964
2008-08-03 05:30:00,42.868,14.739
2008-08-03 05:45:00,30.068,29.624
2008-08-03 06:00:00,27.568,43.644
2008-08-03 06:15:00,19.373,58.079
2008-08-03 06:30:00,14.337,83.276
2008-08-03 06:45:00,5.7541,128.63
2008-08-03 07:00:00,45.098,180.05
2008-08-03 07:15:00,104.29,234.25
2008-08-03 07:30:00,165.65,292.31
2008-08-03 07:45:00,232.34,350.48
2008-08-03 08:00:00,299.0,411.7
2008-08-03 08:15:00,361.19,468.28
2008-08-03 08:30:00,420.37,525.35
2008-08-03 08:45:00,486.54,584.4
2008-08-03 09:00:00,552.7,646.84
2008-08-03 09:15:00,663.38,759.75
2008-08-03 09:30:00,354.62,459.3
2008-08-03 09:45:00,299.66,388.21
2008-08-03 10:00:00,244.93,327.65
2008-08-03 10:15:00,155.95,239.51
2008-08-03 10:30:00,408.52,476.63
2008-08-03 10:45:00,577.41,661.5
2008-08-03 11:00:00,480.48,547.15
2008-08-03 11:15:00,886.44,998.33
2008-08-03 11:30:00,682.62,793.65
2008-08-03 11:45:00,1030.6,1178.7
2008-08-03 12:00:00,671.52,813.06
2008-08-03 12:15:00,502.35,599.89
2008-08-03 12:30:00,530.18,615.11
2008-08-03 12:45:00,205.04,291.75
2008-08-03 13:00:00,159.64,239.73
2008-08-03 13:15:00,149.66,230.14
2008-08-03 13:30:00,339.6,407.63
2008-08-03 13:45:00,280.15,347.03
2008-08-03 14:00:00,101.16,177.74
2008-08-03 14:15:00,9.2328,84.226
2008-08-03 14:30:00,18.38,94.869
2008-08-03 14:45:00,3.8663,78.885
2008-08-03 15:00:00,6.4343,78.811
2008-08-03 15:15:00,8.97,82.764
2008-08-03 15:30:00,36.168,112.7
2008-08-03 15:45:00,179.14,253.2
2008-08-03 16:00:00,108.48,200.96
2008-08-03 16:15:00,97.853,191.85
2008-08-03 16:30:00,70.923,161.7
2008-08-03 16:45:00,84.103,167.83
2008-08-03 17:00:00,94.83,190.52
2008-08-03 17:15:00,40.308,125.48
2008-08-03 17:30:00,22.125,49.914
2008-08-03 17:45:00,29.404,38.095
2008-08-03 18:00:00,37.322,25.002
2008-08-03 18:15:00,20.197,47.691
2008-08-03 18:30:00,10.788,85.176
2008-08-03 18:45:00,6.6485,69.752
2008-08-03 19:00:00,36.895,25.427
2008-08-03 19:15:00,24.472,3.2325
2008-08-03 19:30:00,3.5869,-1.236
2008-08-03 19:45:00,0.7148,-3.2477
2008-08-03 20:00:00,0.0028,-3.2146
2008-08-03 20:15:00,-0.0712,-3.1501
2008-08-03 20:30:00,0.0638,-2.489
2008-08-03 20:45:00,-0.0614,-2.0064
2008-08-03 21:00:00,-0.0777,-2.3492
2008-08-03 21:15:00,-0.0083,-2.2811
2008-08-03 21:30:00,-0.0272,-2.213
2008-08-03 21:45:00,-0.0442,-2.3936
2008-08-03 22:00:00,-0.0086,-2.1836
2008-08-03 22:15:00,-0.0229,-1.9091
2008-08-03 22:30:00,-0.023,-2.0566
2008-08-03 22:45:00,0.0103,-2.4141
2008-08-03 23:00:00,-0.0524,-1.7912
2008-08-03 23:15:00,0.0415,-1.6476
2008-08-03 23:30:00,-0.0904,-2.4438
2008-08-03 23:45:00,-0.0487,-2.6244
2008-08-04 00:00:00,0.0105,-1.7454
2008-08-04 00:15:00,-0.0496,-1.2901
2008-08-04 00:30:00,-0.078,-1.4579
2008-08-04 00:45:00,-0.0812,-0.7889
2008-08-04 01:00:00,-0.0672,-0.6009
2008-08-04 01:15:00,-0.0023,-0.6562
2008-08-04 01:30:00,-0.0406,-0.6986
2008-08-04 01:45:00,0.0398,-1.8709
2008-08-04 02:00:00,0.0053,-2.6285
2008-08-04 02:15:00,-0.0374,-1.2497
2008-08-04 02:30:00,-0.0493,-1.1355
2008-08-04 02:45:00,-0.0178,-0.859
2008-08-04 03:00:00,-0.0413,-1.8323
2008-08-04 03:15:00,0.0292,-2.0849
2008-08-04 03:30:00,0.0115,-2.3171
2008-08-04 03:45:00,-0.1062,-2.2249
2008-08-04 04:00:00,-0.1254,-2.518
2008-08-04 04:15:00,0.0759,-1.5448
2008-08-04 04:30:00,-0.0985,-1.6831
2008-08-04 04:45:00,0.3192,-1.5024
2008-08-04 05:00:00,3.3606,-0.5752
2008-08-04 05:15:00,17.825,4.2031
2008-08-04 05:30:00,42.522,14.676
2008-08-04 05:45:00,29.039,31.128
2008-08-04 06:00:00,19.925,54.696
2008-08-04 06:15:00,23.383,59.25
2008-08-04 06:30:00,14.493,86.37
2008-08-04 06:45:00,16.812,141.15
2008-08-04 07:00:00,63.197,197.2
2008-08-04 07:15:00,114.93,246.39
2008-08-04 07:30:00,200.71,324.05
2008-08-04 07:45:00,282.52,398.34
2008-08-04 08:00:00,352.61,460.33
2008-08-04 08:15:00,435.93,539.5
2008-08-04 08:30:00,422.7,522.65
2008-08-04 08:45:00,536.17,636.39
2008-08-04 09:00:00,596.54,696.05
2008-08-04 09:15:00,673.3,774.57
2008-08-04 09:30:00,630.86,740.82
2008-08-04 09:45:00,518.42,611.35
2008-08-04 10:00:00,469.61,570.21
2008-08-04 10:15:00,429.01,518.23
2008-08-04 10:30:00,416.53,505.61
2008-08-04 10:45:00,577.44,692.5
2008-08-04 11:00:00,686.88,780.34
2008-08-04 11:15:00,184.59,273.96
2008-08-04 11:30:00,7.7256,89.705
2008-08-04 11:45:00,4.0381,66.844
2008-08-04 12:00:00,227.21,304.37
2008-08-04 12:15:00,849.08,929.86
2008-08-04 12:30:00,414.51,511.75
2008-08-04 12:45:00,176.85,259.41
2008-08-04 13:00:00,201.75,279.6
2008-08-04 13:15:00,364.47,428.67
2008-08-04 13:30:00,160.04,235.99
2008-08-04 13:45:00,63.841,142.93
2008-08-04 14:00:00,75.821,146.73
2008-08-04 14:15:00,250.56,313.01
2008-08-04 14:30:00,456.15,518.57
2008-08-04 14:45:00,747.27,828.41
2008-08-04 15:00:00,345.64,447.21
2008-08-04 15:15:00,36.148,120.85
2008-08-04 15:30:00,23.109,104.58
2008-08-04 15:45:00,0.2361,74.649
2008-08-04 16:00:00,2.9813,76.229
2008-08-04 16:15:00,12.033,82.463
2008-08-04 16:30:00,7.4566,84.96
2008-08-04 16:45:00,14.006,94.727
2008-08-04 17:00:00,12.68,96.086
2008-08-04 17:15:00,-1.5811,74.931
2008-08-04 17:30:00,2.0621,66.381
2008-08-04 17:45:00,8.4984,62.723
2008-08-04 18:00:00,8.4119,60.846
2008-08-04 18:15:00,26.204,41.072
2008-08-04 18:30:00,37.754,22.857
2008-08-04 18:45:00,40.497,15.468
2008-08-04 19:00:00,39.382,8.8911
2008-08-04 19:15:00,9.907,1.562
2008-08-04 19:30:00,2.553,-0.5784
2008-08-04 19:45:00,0.317,-1.8735
2008-08-04 20:00:00,-0.0808,-3.1648
2008-08-04 20:15:00,-0.0443,-3.1851
2008-08-04 20:30:00,-0.0477,-1.9804
2008-08-04 20:45:00,-0.0365,-1.4757
2008-08-04 21:00:00,0.0063,-1.7484
2008-08-04 21:15:00,0.0179,-2.7103
2008-08-04 21:30:00,-0.0768,-2.7546
2008-08-04 21:45:00,-0.0287,-2.9813
2008-08-04 22:00:00,-0.0362,-2.0177
2008-08-04 22:15:00,-0.0933,-2.0601
2008-08-04 22:30:00,-0.0885,-1.7819
2008-08-04 22:45:00,-0.0067,-1.3765
2008-08-04 23:00:00,-0.062,-1.4797
2008-08-04 23:15:00,0.0267,-0.5989
2008-08-04 23:30:00,-0.0172,-0.5381
2008-08-04 23:45:00,0.0557,-0.5565
2008-08-05 00:00:00,-0.0336,-0.7077
2008-08-05 00:15:00,-0.0359,-0.9067
2008-08-05 00:30:00,-0.0945,-1.5259
2008-08-05 00:45:00,0.0686,-1.5038
2008-08-05 01:00:00,-0.0701,-2.0474
2008-08-05 01:15:00,0.0038,-2.6611
2008-08-05 01:30:00,-0.0423,-2.5394
2008-08-05 01:45:00,-0.058,-2.5745
2008-08-05 02:00:00,-0.0491,-2.1267
2008-08-05 02:15:00,-0.0888,-2.6354
2008-08-05 02:30:00,-0.053,-2.7313
2008-08-05 02:45:00,-0.0061,-2.5212
2008-08-05 03:00:00,-0.0603,-2.6687
2008-08-05 03:15:00,0.0049,-2.5012
2008-08-05 03:30:00,0.0046,-2.4367
2008-08-05 03:45:00,-0.012,-2.3004
2008-08-05 04:00:00,-0.069,-2.446
2008-08-05 04:15:00,0.0102,-2.2397
2008-08-05 04:30:00,-0.0288,-2.8186
2008-08-05 04:45:00,0.3649,-1.9854
2008-08-05 05:00:00,3.4919,-1.6886
2008-08-05 05:15:00,19.992,2.826
2008-08-05 05:30:00,40.032,13.913
2008-08-05 05:45:00,25.394,32.87
2008-08-05 06:00:00,19.414,55.337
2008-08-05 06:15:00,21.399,59.673
2008-08-05 06:30:00,12.088,91.017
2008-08-05 06:45:00,10.828,136.16
2008-08-05 07:00:00,58.812,187.53
2008-08-05 07:15:00,121.69,246.34
2008-08-05 07:30:00,181.93,299.65
2008-08-05 07:45:00,250.62,358.27
2008-08-05 08:00:00,321.13,417.03
2008-08-05 08:15:00,391.79,476.82
2008-08-05 08:30:00,376.71,463.29
2008-08-05 08:45:00,521.09,591.49
2008-08-05 09:00:00,571.22,640.06
2008-08-05 09:15:00,626.49,692.34
2008-08-05 09:30:00,676.78,743.86
2008-08-05 09:45:00,795.07,865.51
2008-08-05 10:00:00,655.3,743.08
2008-08-05 10:15:00,480.03,553.83
2008-08-05 10:30:00,480.29,552.15
2008-08-05 10:45:00,732.11,815.85
2008-08-05 11:00:00,746.92,901.09
2008-08-05 11:15:00,877.35,981.66
2008-08-05 11:30:00,909.82,1009.0
2008-08-05 11:45:00,892.23,1002.9
2008-08-05 12:00:00,841.27,945.54
2008-08-05 12:15:00,862.61,961.56
2008-08-05 12:30:00,509.72,617.69
2008-08-05 12:45:00,265.91,345.41
2008-08-05 13:00:00,82.732,169.29
2008-08-05 13:15:00,58.976,139.05
2008-08-05 13:30:00,168.93,239.3
2008-08-05 13:45:00,302.84,370.45
2008-08-05 14:00:00,295.0,368.88
2008-08-05 14:15:00,876.74,952.61
2008-08-05 14:30:00,652.74,769.09
2008-08-05 14:45:00,570.87,660.1
2008-08-05 15:00:00,683.22,780.4
2008-08-05 15:15:00,622.39,724.85
2008-08-05 15:30:00,177.93,281.16
2008-08-05 15:45:00,91.185,188.53
2008-08-05 16:00:00,207.74,304.87
2008-08-05 16:15:00,216.79,308.33
2008-08-05 16:30:00,75.16,162.0
2008-08-05 16:45:00,128.86,218.9
2008-08-05 17:00:00,29.857,115.44
2008-08-05 17:15:00,11.225,65.984
2008-08-05 17:30:00,30.209,33.987
2008-08-05 17:45:00,34.545,22.911
2008-08-05 18:00:00,36.244,17.156
2008-08-05 18:15:00,37.234,16.047
2008-08-05 18:30:00,41.405,12.793
2008-08-05 18:45:00,25.674,5.15
2008-08-05 19:00:00,12.128,2.4444
2008-08-05 19:15:00,5.3839,0.2118
2008-08-05 19:30:00,1.3174,-0.5619
2008-08-05 19:45:00,-0.0381,-0.7903
2008-08-05 20:00:00,-0.0212,-0.7498
2008-08-05 20:15:00,-0.0732,-0.8364
2008-08-05 20:30:00,-0.1008,-0.6835
2008-08-05 20:45:00,-0.0594,-0.8254
2008-08-05 21:00:00,-0.0421,-0.7849
2008-08-05 21:15:00,-0.0198,-0.9563
2008-08-05 21:30:00,-0.0474,-0.855
2008-08-05 21:45:00,-0.0063,-0.4275
2008-08-05 22:00:00,-0.0661,-0.4257
2008-08-05 22:15:00,-0.0173,-0.8348
2008-08-05 22:30:00,-0.0087,-0.855
2008-08-05 22:45:00,-0.0247,-1.019
2008-08-05 23:00:00,-0.0618,-0.9914
2008-08-05 23:15:00,-0.0525,-1.0356
2008-08-05 23:30:00,0.0289,-0.9693
2008-08-05 23:45:00,-0.1057,-0.9527
2008-08-06 00:00:00,-0.0394,-0.8182
2008-08-06 00:15:00,0.0295,-0.8661
2008-08-06 00:30:00,-0.0006,-1.3379
2008-08-06 00:45:00,0.0115,-1.7747
2008-08-06 01:00:00,-0.037,-1.6015
2008-08-06 01:15:00,-0.0856,-2.5579
2008-08-06 01:30:00,-0.0258,-2.0954
2008-08-06 01:45:00,-0.0816,-2.512
2008-08-06 02:00:00,0.0946,-2.9028
2008-08-06 02:15:00,-0.0795,-2.3297
2008-08-06 02:30:00,-0.056,-2.3703
2008-08-06 02:45:00,-0.026,-2.6431
2008-08-06 03:00:00,0.0004,-2.4865
2008-08-06 03:15:00,-0.0316,-2.0479
2008-08-06 03:30:00,-0.0221,-1.9577
2008-08-06 03:45:00,-0.0867,-1.4378
2008-08-06 04:00:00,-0.0279,-1.7733
2008-08-06 04:15:00,-0.0529,-1.9596
2008-08-06 04:30:00,-0.0946,-1.9228
2008-08-06 04:45:00,0.3717,-0.8075
2008-08-06 05:00:00,2.9864,-0.4222
2008-08-06 05:15:00,20.242,3.475
2008-08-06 05:30:00,38.599,18.195
2008-08-06 05:45:00,22.891,38.859
2008-08-06 06:00:00,40.76,57.347
2008-08-06 06:15:00,18.703,64.895
2008-08-06 06:30:00,21.303,67.792
2008-08-06 06:45:00,15.578,114.86
2008-08-06 07:00:00,49.206,178.76
2008-08-06 07:15:00,106.79,233.71
2008-08-06 07:30:00,170.31,291.4
2008-08-06 07:45:00,238.31,351.37
2008-08-06 08:00:00,308.32,412.25
2008-08-06 08:15:00,373.95,470.66
2008-08-06 08:30:00,440.99,528.14
2008-08-06 08:45:00,502.21,583.51
2008-08-06 09:00:00,558.15,638.1
2008-08-06 09:15:00,609.77,690.41
2008-08-06 09:30:00,662.13,738.51
2008-08-06 09:45:00,715.2,784.56
2008-08-06 10:00:00,756.46,826.58
2008-08-06 10:15:00,784.51,862.45
2008-08-06 10:30:00,815.57,896.76
2008-08-06 10:45:00,842.02,928.47
2008-08-06 11:00:00,862.41,951.49
2008-08-06 11:15:00,882.77,972.46
2008-08-06 11:30:00,906.28,995.26
2008-08-06 11:45:00,928.35,1020.5
2008-08-06 12:00:00,927.44,1020.3
2008-08-06 12:15:00,928.52,1019.9
2008-08-06 12:30:00,917.78,1011.3
2008-08-06 12:45:00,786.42,873.98
2008-08-06 13:00:00,769.83,857.35
2008-08-06 13:15:00,908.45,1002.4
2008-08-06 13:30:00,634.44,749.08
2008-08-06 13:45:00,478.18,561.98
2008-08-06 14:00:00,679.78,781.58
2008-08-06 14:15:00,432.6,520.27
2008-08-06 14:30:00,571.22,654.56
2008-08-06 14:45:00,290.81,380.06
2008-08-06 15:00:00,209.16,296.99
2008-08-06 15:15:00,182.97,270.81
2008-08-06 15:30:00,143.51,232.82
2008-08-06 15:45:00,136.13,227.87
2008-08-06 16:00:00,196.95,287.6
2008-08-06 16:15:00,123.68,206.2
2008-08-06 16:30:00,45.175,32.382
2008-08-06 16:45:00,41.491,20.335
2008-08-06 17:00:00,32.02,17.637
2008-08-06 17:15:00,30.186,21.093
2008-08-06 17:30:00,7.6882,57.512
2008-08-06 17:45:00,6.2732,80.381
2008-08-06 18:00:00,27.091,36.771
2008-08-06 18:15:00,41.267,9.6489
2008-08-06 18:30:00,21.443,2.5294
2008-08-06 18:45:00,9.2469,0.4588
2008-08-06 19:00:00,3.9344,-0.1769
2008-08-06 19:15:00,2.5989,-0.6431
2008-08-06 19:30:00,1.1392,-1.1149
2008-08-06 19:45:00,0.0427,-1.1334
2008-08-06 20:00:00,-0.0464,-0.7685
2008-08-06 20:15:00,-0.051,-0.7962
2008-08-06 20:30:00,-0.0397,-0.7594
2008-08-06 20:45:00,0.0161,-0.7373
2008-08-06 21:00:00,-0.0306,-0.7502
2008-08-06 21:15:00,-0.0029,-0.6802
2008-08-06 21:30:00,0.071,-0.8037
2008-08-06 21:45:00,0.0212,-1.1153
2008-08-06 22:00:00,0.0069,-1.2665
2008-08-06 22:15:00,-0.124,-1.3255
2008-08-06 22:30:00,-0.0385,-1.3384
2008-08-06 22:45:00,-0.0481,-1.3901
2008-08-06 23:00:00,-0.0223,-1.3495
2008-08-06 23:15:00,-0.0056,-1.3071
2008-08-06 23:30:00,-0.0365,-1.4601
2008-08-06 23:45:00,-0.0526,-1.2223
2008-08-07 00:00:00,-0.0053,-0.6674
2008-08-07 00:15:00,0.0015,-0.7245
2008-08-07 00:30:00,-0.0062,-0.9955
2008-08-07 00:45:00,-0.0344,-0.6379
2008-08-07 01:00:00,-0.0863,-0.6305
2008-08-07 01:15:00,-0.0633,-0.8148
2008-08-07 01:30:00,-0.0177,-1.3752
2008-08-07 01:45:00,-0.0774,-0.6581
2008-08-07 02:00:00,-0.0125,-0.5457
2008-08-07 02:15:00,-0.1565,-0.8111
2008-08-07 02:30:00,-0.0433,-0.9586
2008-08-07 02:45:00,0.0706,-1.1374
2008-08-07 03:00:00,-0.0705,-1.1024
2008-08-07 03:15:00,-0.073,-1.0397
2008-08-07 03:30:00,-0.0219,-1.0674
2008-08-07 03:45:00,0.0929,-1.1982
2008-08-07 04:00:00,-0.0051,-1.2739
2008-08-07 04:15:00,-0.0218,-1.0674
2008-08-07 04:30:00,-0.0587,-1.1375
2008-08-07 04:45:00,0.06,-1.1743
2008-08-07 05:00:00,1.7607,-0.8849
2008-08-07 05:15:00,4.4824,0.1512
2008-08-07 05:30:00,24.137,5.0054
2008-08-07 05:45:00,38.308,17.388
2008-08-07 06:00:00,28.265,27.49
2008-08-07 06:15:00,23.217,40.912
2008-08-07 06:30:00,5.9173,62.674
2008-08-07 06:45:00,0.3451,79.383
2008-08-07 07:00:00,2.9711,90.96
2008-08-07 07:15:00,27.506,116.14
2008-08-07 07:30:00,73.027,162.12
2008-08-07 07:45:00,134.56,221.4
2008-08-07 08:00:00,140.05,227.32
2008-08-07 08:15:00,204.1,285.64
2008-08-07 08:30:00,216.18,297.01
2008-08-07 08:45:00,266.66,345.13
2008-08-07 09:00:00,325.84,404.19
2008-08-07 09:15:00,404.35,478.01
2008-08-07 09:30:00,454.94,526.9
2008-08-07 09:45:00,600.4,659.88
2008-08-07 10:00:00,802.73,865.94
2008-08-07 10:15:00,959.65,1037.4
2008-08-07 10:30:00,924.52,1008.2
2008-08-07 10:45:00,936.52,1017.9
2008-08-07 11:00:00,955.35,1052.0
2008-08-07 11:15:00,941.78,1039.0
2008-08-07 11:30:00,1026.8,1122.4
2008-08-07 11:45:00,1054.1,1160.0
2008-08-07 12:00:00,594.69,706.52
2008-08-07 12:15:00,411.72,495.46
2008-08-07 12:30:00,414.26,481.3
2008-08-07 12:45:00,726.08,790.8
2008-08-07 13:00:00,935.72,1030.7
2008-08-07 13:15:00,565.58,658.01
2008-08-07 13:30:00,659.43,729.04
2008-08-07 13:45:00,522.41,616.47
2008-08-07 14:00:00,132.4,222.88
2008-08-07 14:15:00,190.63,274.56
2008-08-07 14:30:00,139.84,226.75
2008-08-07 14:45:00,107.27,189.05
2008-08-07 15:00:00,67.311,148.78
2008-08-07 15:15:00,25.869,109.08
2008-08-07 15:30:00,8.609,65.109
2008-08-07 15:45:00,11.929,62.372
2008-08-07 16:00:00,25.768,47.383
2008-08-07 16:15:00,31.752,38.116
2008-08-07 16:30:00,29.623,34.483
2008-08-07 16:45:00,26.059,35.682
2008-08-07 17:00:00,23.701,43.282
2008-08-07 17:15:00,12.988,52.413
2008-08-07 17:30:00,22.752,45.044
2008-08-07 17:45:00,21.581,44.052
2008-08-07 18:00:00,35.213,26.83
2008-08-07 18:15:00,45.562,10.934
2008-08-07 18:30:00,33.367,7.5349
2008-08-07 18:45:00,11.446,2.4834
2008-08-07 19:00:00,5.6972,0.4182
2008-08-07 19:15:00,2.966,-0.2395
2008-08-07 19:30:00,1.1592,-0.6541
2008-08-07 19:45:00,-0.0346,-0.7775
2008-08-07 20:00:00,-0.1462,-1.2308
2008-08-07 20:15:00,0.0274,-1.4704
2008-08-07 20:30:00,-0.0606,-1.5405
2008-08-07 20:45:00,-0.037,-0.7094
2008-08-07 21:00:00,0.0084,-1.1444
2008-08-07 21:15:00,-0.0874,-2.1358
2008-08-07 21:30:00,-0.0388,-2.3607
2008-08-07 21:45:00,0.0986,-2.1396
2008-08-07 22:00:00,0.0163,-1.3933
2008-08-07 22:15:00,0.012,-1.1814
2008-08-07 22:30:00,0.0246,-1.786
2008-08-07 22:45:00,-0.0011,-2.0072
2008-08-07 23:00:00,0.0114,-1.6479
2008-08-07 23:15:00,-0.0372,-1.3935
2008-08-07 23:30:00,-0.0428,-1.3254
2008-08-07 23:45:00,0.0565,-1.0489
2008-08-08 00:00:00,-0.0717,-0.6212
2008-08-08 00:15:00,-0.0095,-0.6876
2008-08-08 00:30:00,0.0502,-1.3088
2008-08-08 00:45:00,-0.0186,-1.5614
2008-08-08 01:00:00,0.1076,-1.3402
2008-08-08 01:15:00,-0.0848,-1.2296
2008-08-08 01:30:00,-0.0465,-1.1559
2008-08-08 01:45:00,-0.1305,-1.2019
2008-08-08 02:00:00,0.0493,-1.0047
2008-08-08 02:15:00,0.0051,-1.2259
2008-08-08 02:30:00,-0.054,-1.755
2008-08-08 02:45:00,-0.0107,-1.849
2008-08-08 03:00:00,-0.0542,-1.731
2008-08-08 03:15:00,-0.0237,-1.8822
2008-08-08 03:30:00,-0.1885,-2.0592
2008-08-08 03:45:00,-0.0678,-1.8306
2008-08-08 04:00:00,-0.0137,-1.8195
2008-08-08 04:15:00,-0.0533,-1.4288
2008-08-08 04:30:00,-0.0164,-1.3163
2008-08-08 04:45:00,0.3457,-1.5025
2008-08-08 05:00:00,3.4157,-1.108
2008-08-08 05:15:00,26.563,4.27
2008-08-08 05:30:00,30.338,24.296
2008-08-08 05:45:00,29.341,28.072
2008-08-08 06:00:00,27.707,39.266
2008-08-08 06:15:00,19.257,49.901
2008-08-08 06:30:00,8.1226,102.51
2008-08-08 06:45:00,24.586,138.55
2008-08-08 07:00:00,67.302,178.42
2008-08-08 07:15:00,147.73,250.44
2008-08-08 07:30:00,194.91,287.87
2008-08-08 07:45:00,110.33,198.42
2008-08-08 08:00:00,90.395,180.67
2008-08-08 08:15:00,193.44,278.59
2008-08-08 08:30:00,521.9,587.06
2008-08-08 08:45:00,426.21,496.82
2008-08-08 09:00:00,186.37,269.54
2008-08-08 09:15:00,137.44,222.12
2008-08-08 09:30:00,566.2,617.58
2008-08-08 09:45:00,763.75,828.18
2008-08-08 10:00:00,800.62,872.44
2008-08-08 10:15:00,740.27,814.42
2008-08-08 10:30:00,774.7,844.1
2008-08-08 10:45:00,843.76,913.82
2008-08-08 11:00:00,794.01,877.28
2008-08-08 11:15:00,741.99,833.24
2008-08-08 11:30:00,285.49,371.73
2008-08-08 11:45:00,116.36,207.08
2008-08-08 12:00:00,86.383,175.27
2008-08-08 12:15:00,62.699,148.36
2008-08-08 12:30:00,289.54,355.58
2008-08-08 12:45:00,977.16,1052.5
2008-08-08 13:00:00,836.82,961.73
2008-08-08 13:15:00,919.2,1048.2
2008-08-08 13:30:00,569.3,688.6
2008-08-08 13:45:00,790.88,889.69
2008-08-08 14:00:00,867.79,983.53
2008-08-08 14:15:00,808.4,918.07
2008-08-08 14:30:00,792.13,900.17
2008-08-08 14:45:00,348.87,453.33
2008-08-08 15:00:00,446.23,527.31
2008-08-08 15:15:00,217.76,320.09
2008-08-08 15:30:00,91.8,187.61
2008-08-08 15:45:00,389.37,476.36
2008-08-08 16:00:00,372.99,472.9
2008-08-08 16:15:00,415.26,528.91
2008-08-08 16:30:00,283.77,403.64
2008-08-08 16:45:00,158.87,272.16
2008-08-08 17:00:00,16.189,113.29
2008-08-08 17:15:00,31.613,40.888
2008-08-08 17:30:00,31.974,36.731
2008-08-08 17:45:00,28.986,32.29
2008-08-08 18:00:00,34.97,23.658
2008-08-08 18:15:00,16.794,35.529
2008-08-08 18:30:00,17.498,26.318
2008-08-08 18:45:00,36.465,8.6008
2008-08-08 19:00:00,24.94,4.2761
2008-08-08 19:15:00,5.3208,1.2745
2008-08-08 19:30:00,1.0535,0.0055
2008-08-08 19:45:00,0.0781,-0.7167
2008-08-08 20:00:00,0.0086,-1.1424
2008-08-08 20:15:00,-0.0287,-0.8292
2008-08-08 20:30:00,-0.0698,-0.9399
2008-08-08 20:45:00,-0.0882,-1.1906
2008-08-08 21:00:00,-0.0082,-0.8718
2008-08-08 21:15:00,-0.0696,-0.7575
2008-08-08 21:30:00,-0.002,-1.3842
2008-08-08 21:45:00,-0.0133,-1.7897
2008-08-08 22:00:00,-0.0303,-1.5575
2008-08-08 22:15:00,-0.0307,-0.9751
2008-08-08 22:30:00,-0.0292,-1.6294
2008-08-08 22:45:00,-0.0292,-1.3401
2008-08-08 23:00:00,-0.0819,-1.0765
2008-08-08 23:15:00,0.0455,-0.9438
2008-08-08 23:30:00,-0.0656,-0.9898
2008-08-08 23:45:00,-0.0485,-0.6304
2008-08-09 00:00:00,-0.0609,-0.7134
2008-08-09 00:15:00,-0.0913,-1.1502
2008-08-09 00:30:00,-0.0092,-1.1244
2008-08-09 00:45:00,-0.1025,-1.0618
2008-08-09 01:00:00,0.0436,-1.412
2008-08-09 01:15:00,-0.1216,-1.7217
2008-08-09 01:30:00,-0.0259,-1.2461
2008-08-09 01:45:00,-0.0821,-1.6038
2008-08-09 02:00:00,-0.0258,-1.8784
2008-08-09 02:15:00,-0.0045,-1.8618
2008-08-09 02:30:00,-0.0157,-1.9744
2008-08-09 02:45:00,-0.0175,-1.7329
2008-08-09 03:00:00,-0.0182,-1.9817
2008-08-09 03:15:00,-0.1147,-1.9301
2008-08-09 03:30:00,-0.0157,-2.4389
2008-08-09 03:45:00,-0.0178,-2.1421
2008-08-09 04:00:00,-0.0652,-2.1256
2008-08-09 04:15:00,-0.0816,-2.0077
2008-08-09 04:30:00,-0.033,-1.4565
2008-08-09 04:45:00,0.1796,-1.5763
2008-08-09 05:00:00,1.8391,-0.8628
2008-08-09 05:15:00,5.3671,0.9477
2008-08-09 05:30:00,30.386,13.031
2008-08-09 05:45:00,25.244,35.519
2008-08-09 06:00:00,13.205,60.607
2008-08-09 06:15:00,1.3603,88.209
2008-08-09 06:30:00,24.618,137.66
2008-08-09 06:45:00,78.742,203.06
2008-08-09 07:00:00,146.54,271.25
2008-08-09 07:15:00,198.07,316.86
2008-08-09 07:30:00,245.2,360.05
2008-08-09 07:45:00,260.72,371.78
2008-08-09 08:00:00,321.13,421.26
2008-08-09 08:15:00,385.23,476.9
2008-08-09 08:30:00,452.59,537.48
2008-08-09 08:45:00,517.92,596.75
2008-08-09 09:00:00,577.64,653.76
2008-08-09 09:15:00,633.23,709.25
2008-08-09 09:30:00,690.56,768.43
2008-08-09 09:45:00,765.03,852.88
2008-08-09 10:00:00,821.96,911.0
2008-08-09 10:15:00,825.19,913.21
2008-08-09 10:30:00,900.66,991.86
2008-08-09 10:45:00,952.27,1054.2
2008-08-09 11:00:00,976.51,1108.1
2008-08-09 11:15:00,545.84,627.8
2008-08-09 11:30:00,1009.3,1084.2
2008-08-09 11:45:00,921.91,1003.2
2008-08-09 12:00:00,1054.1,1158.7
2008-08-09 12:15:00,651.24,749.96
2008-08-09 12:30:00,703.91,779.01
2008-08-09 12:45:00,972.51,1100.9
2008-08-09 13:00:00,1049.3,1189.1
2008-08-09 13:15:00,497.55,606.87
2008-08-09 13:30:00,1030.8,1132.9
2008-08-09 13:45:00,919.8,1042.9
2008-08-09 14:00:00,468.75,578.63
2008-08-09 14:15:00,263.15,344.72
2008-08-09 14:30:00,113.4,203.5
2008-08-09 14:45:00,83.313,168.86
2008-08-09 15:00:00,57.878,144.78
2008-08-09 15:15:00,68.764,149.63
2008-08-09 15:30:00,26.547,111.48
2008-08-09 15:45:00,78.484,155.42
2008-08-09 16:00:00,72.939,152.3
2008-08-09 16:15:00,76.151,154.41
2008-08-09 16:30:00,53.705,133.37
2008-08-09 16:45:00,4.3896,62.591
2008-08-09 17:00:00,24.363,41.884
2008-08-09 17:15:00,27.127,31.567
2008-08-09 17:30:00,12.432,46.205
2008-08-09 17:45:00,9.5106,59.126
2008-08-09 18:00:00,12.982,54.987
2008-08-09 18:15:00,13.712,56.208
2008-08-09 18:30:00,21.746,43.182
2008-08-09 18:45:00,35.888,25.683
2008-08-09 19:00:00,39.476,13.165
2008-08-09 19:15:00,10.096,0.6688
2008-08-09 19:30:00,1.3986,-1.5089
2008-08-09 19:45:00,0.0512,-1.894
2008-08-09 20:00:00,-0.0329,-1.3413
2008-08-09 20:15:00,-0.0229,-0.9232
2008-08-09 20:30:00,-0.0503,-1.2991
2008-08-09 20:45:00,0.045,-1.3378
2008-08-09 21:00:00,-0.0424,-0.8495
2008-08-09 21:15:00,0.1809,-1.1702
2008-08-09 21:30:00,0.0178,-1.8354
2008-08-09 21:45:00,0.1374,-1.0246
2008-08-09 22:00:00,0.0171,-0.7463
2008-08-09 22:15:00,-0.0044,-0.8238
2008-08-09 22:30:00,0.0056,-0.798
2008-08-09 22:45:00,-0.1832,-0.7759
2008-08-09 23:00:00,0.0044,-1.1481
2008-08-09 23:15:00,-0.1052,-1.4393
2008-08-09 23:30:00,-0.0365,-1.6659
2008-08-09 23:45:00,-0.0991,-1.3213
2008-08-10 00:00:00,-0.014,-1.0615
2008-08-10 00:15:00,0.0448,-0.9343
2008-08-10 00:30:00,-0.0428,-0.8993
2008-08-10 00:45:00,-0.1056,-0.844
2008-08-10 01:00:00,0.0997,-0.7077
2008-08-10 01:15:00,-0.092,-0.7003
2008-08-10 01:30:00,0.0171,-0.6874
2008-08-10 01:45:00,0.0197,-1.021
2008-08-10 02:00:00,-0.1286,-1.4302
2008-08-10 02:15:00,-0.0342,-1.2606
2008-08-10 02:30:00,-0.0085,-1.2772
2008-08-10 02:45:00,-0.0738,-1.3823
2008-08-10 03:00:00,-0.071,-2.1103
2008-08-10 03:15:00,-0.0174,-2.1177
2008-08-10 03:30:00,-0.1856,-1.7104
2008-08-10 03:45:00,-0.1203,-2.0495
2008-08-10 04:00:00,-0.0803,-2.2505
2008-08-10 04:15:00,-0.0184,-2.4126
2008-08-10 04:30:00,-0.1023,-2.3574
2008-08-10 04:45:00,0.0748,-2.0441
2008-08-10 05:00:00,2.2509,-1.6368
2008-08-10 05:15:00,9.6583,0.3981
2008-08-10 05:30:00,41.06,7.9667
2008-08-10 05:45:00,35.159,22.719
2008-08-10 06:00:00,25.086,38.41
2008-08-10 06:15:00,26.301,50.007
2008-08-10 06:30:00,8.7147,81.291
2008-08-10 06:45:00,13.657,135.26
2008-08-10 07:00:00,61.602,190.78
2008-08-10 07:15:00,44.79,150.28
2008-08-10 07:30:00,80.937,171.71
2008-08-10 07:45:00,51.575,140.9
2008-08-10 08:00:00,46.043,134.22
2008-08-10 08:15:00,72.556,158.65
2008-08-10 08:30:00,95.617,180.48
2008-08-10 08:45:00,114.61,199.24
2008-08-10 09:00:00,117.88,199.1
2008-08-10 09:15:00,208.46,283.56
2008-08-10 09:30:00,310.73,381.34
2008-08-10 09:45:00,417.64,488.41
2008-08-10 10:00:00,541.17,615.17
2008-08-10 10:15:00,562.34,635.34
2008-08-10 10:30:00,496.54,575.91
2008-08-10 10:45:00,357.47,438.14
2008-08-10 11:00:00,417.29,492.05
2008-08-10 11:15:00,557.95,623.81
2008-08-10 11:30:00,697.46,778.65
2008-08-10 11:45:00,557.68,645.54
2008-08-10 12:00:00,317.39,399.85
2008-08-10 12:15:00,271.34,350.12
2008-08-10 12:30:00,618.8,687.92
2008-08-10 12:45:00,442.21,524.07
2008-08-10 13:00:00,159.39,247.67
2008-08-10 13:15:00,59.998,144.76
2008-08-10 13:30:00,4.144,74.525
2008-08-10 13:45:00,6.3312,84.478
2008-08-10 14:00:00,19.891,99.219
2008-08-10 14:15:00,-2.3996,67.537
2008-08-10 14:30:00,45.025,112.0
2008-08-10 14:45:00,112.31,182.84
2008-08-10 15:00:00,122.72,203.75
2008-08-10 15:15:00,123.74,205.66
2008-08-10 15:30:00,258.64,334.66
2008-08-10 15:45:00,456.22,539.43
2008-08-10 16:00:00,273.67,371.31
2008-08-10 16:15:00,444.45,543.27
2008-08-10 16:30:00,167.31,269.44
2008-08-10 16:45:00,17.881,94.593
2008-08-10 17:00:00,25.0,49.485
2008-08-10 17:15:00,17.066,62.823
2008-08-10 17:30:00,41.52,27.911
2008-08-10 17:45:00,11.567,74.107
2008-08-10 18:00:00,7.9078,70.349
2008-08-10 18:15:00,24.451,43.834
2008-08-10 18:30:00,30.508,37.096
2008-08-10 18:45:00,41.247,18.27
2008-08-10 19:00:00,25.881,4.0281
2008-08-10 19:15:00,4.1623,-0.61
2008-08-10 19:30:00,1.1852,-1.0836
2008-08-10 19:45:00,0.0599,-1.4376
2008-08-10 20:00:00,-0.0081,-1.4488
2008-08-10 20:15:00,-0.0689,-1.5318
2008-08-10 20:30:00,-0.0002,-1.3769
2008-08-10 20:45:00,0.0585,-1.8415
2008-08-10 21:00:00,-0.0137,-1.9632
2008-08-10 21:15:00,-0.1662,-1.7033
2008-08-10 21:30:00,-0.0031,-1.39
2008-08-10 21:45:00,-0.0133,-1.1098
2008-08-10 22:00:00,-0.0238,-0.4498
2008-08-10 22:15:00,-0.0695,-0.5863
2008-08-10 22:30:00,-0.0238,-0.8075
2008-08-10 22:45:00,-0.0643,-3.0695
2008-08-10 23:00:00,-0.0043,-2.6251
2008-08-10 23:15:00,-0.0177,-2.3598
2008-08-10 23:30:00,-0.0608,-2.2031
2008-08-10 23:45:00,0.0343,-2.3544
2008-08-11 00:00:00,-0.0054,-2.0061
2008-08-11 00:15:00,-0.0115,-1.7019
2008-08-11 00:30:00,0.0582,-1.252
2008-08-11 00:45:00,-0.0692,-0.9681
2008-08-11 01:00:00,-0.0045,-0.0904
2008-08-11 01:15:00,0.0161,-0.0166
2008-08-11 01:30:00,0.0118,-0.5071
2008-08-11 01:45:00,0.0775,-0.2434
2008-08-11 02:00:00,0.0187,-0.7615
2008-08-11 02:15:00,0.0519,-1.4456
2008-08-11 02:30:00,-0.097,-1.6614
2008-08-11 02:45:00,-0.0507,-1.608
2008-08-11 03:00:00,-0.1568,-0.9404
2008-08-11 03:15:00,0.0406,-1.3664
2008-08-11 03:30:00,-0.0288,-1.9435
2008-08-11 03:45:00,-0.0885,-1.8956
2008-08-11 04:00:00,-0.0919,-1.9214
2008-08-11 04:15:00,0.067,-1.8513
2008-08-11 04:30:00,-0.0341,-1.9121
2008-08-11 04:45:00,0.0145,-2.0357
2008-08-11 05:00:00,1.977,-1.4899
2008-08-11 05:15:00,7.6694,0.1862
2008-08-11 05:30:00,35.68,8.6126
2008-08-11 05:45:00,35.628,22.336
2008-08-11 06:00:00,30.675,35.167
2008-08-11 06:15:00,31.044,43.951
2008-08-11 06:30:00,14.603,79.644
2008-08-11 06:45:00,11.968,132.61
2008-08-11 07:00:00,55.513,189.08
2008-08-11 07:15:00,121.83,248.15
2008-08-11 07:30:00,179.13,294.66
2008-08-11 07:45:00,262.08,370.1
2008-08-11 08:00:00,337.64,434.54
2008-08-11 08:15:00,398.75,487.02
2008-08-11 08:30:00,463.74,545.99
2008-08-11 08:45:00,521.63,597.36
2008-08-11 09:00:00,572.62,650.28
2008-08-11 09:15:00,632.34,707.8
2008-08-11 09:30:00,681.34,759.6
2008-08-11 09:45:00,732.35,810.76
2008-08-11 10:00:00,778.15,852.02
2008-08-11 10:15:00,814.94,891.05
2008-08-11 10:30:00,848.85,931.07
2008-08-11 10:45:00,885.79,974.32
2008-08-11 11:00:00,912.78,1003.8
2008-08-11 11:15:00,916.93,1017.3
2008-08-11 11:30:00,896.1,1000.7
2008-08-11 11:45:00,830.93,935.85
2008-08-11 12:00:00,586.05,682.27
2008-08-11 12:15:00,775.04,844.8
2008-08-11 12:30:00,998.59,1105.7
2008-08-11 12:45:00,973.95,1086.0
2008-08-11 13:00:00,928.58,1056.5
2008-08-11 13:15:00,907.65,1038.2
2008-08-11 13:30:00,925.75,1053.1
2008-08-11 13:45:00,857.12,971.33
2008-08-11 14:00:00,395.5,503.6
2008-08-11 14:15:00,66.323,158.27
2008-08-11 14:30:00,151.87,236.34
2008-08-11 14:45:00,244.01,321.48
2008-08-11 15:00:00,178.88,272.87
2008-08-11 15:15:00,82.265,168.73
2008-08-11 15:30:00,111.6,195.57
2008-08-11 15:45:00,145.35,232.11
2008-08-11 16:00:00,133.22,219.98
2008-08-11 16:15:00,38.681,122.74
2008-08-11 16:30:00,2.7355,69.261
2008-08-11 16:45:00,123.74,208.25
2008-08-11 17:00:00,65.359,158.07
2008-08-11 17:15:00,12.427,65.671
2008-08-11 17:30:00,9.9311,65.146
2008-08-11 17:45:00,33.78,31.451
2008-08-11 18:00:00,29.723,39.982
2008-08-11 18:15:00,7.6001,65.67
2008-08-11 18:30:00,26.367,45.144
2008-08-11 18:45:00,32.293,31.821
2008-08-11 19:00:00,39.605,17.053
2008-08-11 19:15:00,9.4728,-0.059
2008-08-11 19:30:00,1.7344,-3.2015
2008-08-11 19:45:00,0.0631,-3.255
2008-08-11 20:00:00,-0.0143,-2.6841
2008-08-11 20:15:00,-0.0298,-2.6842
2008-08-11 20:30:00,-0.0321,-2.7304
2008-08-11 20:45:00,-0.0434,-2.3602
2008-08-11 21:00:00,0.0479,-2.305
2008-08-11 21:15:00,0.0295,-2.4802
2008-08-11 21:30:00,0.0075,-2.6388
2008-08-11 21:45:00,-0.0773,-3.1694
2008-08-11 22:00:00,-0.1276,-3.4791
2008-08-11 22:15:00,-0.071,-3.1955
2008-08-11 22:30:00,-0.0265,-2.8638
2008-08-11 22:45:00,-0.0387,-2.6023
2008-08-11 23:00:00,-0.1324,-2.9378
2008-08-11 23:15:00,0.0118,-3.7764
2008-08-11 23:30:00,0.0116,-2.8826
2008-08-11 23:45:00,-0.1057,-2.304
2008-08-12 00:00:00,-0.0266,-2.3041
2008-08-12 00:15:00,-0.0496,-2.494
2008-08-12 00:30:00,-0.0108,-3.117
2008-08-12 00:45:00,-0.0902,-3.2553
2008-08-12 01:00:00,0.0014,-4.1568
2008-08-12 01:15:00,0.0529,-3.5339
2008-08-12 01:30:00,-0.0191,-2.1182
2008-08-12 01:45:00,0.0092,-2.4372
2008-08-12 02:00:00,0.0591,-2.028
2008-08-12 02:15:00,0.0131,-1.8916
2008-08-12 02:30:00,-0.0263,-1.8179
2008-08-12 02:45:00,-0.0792,-2.3471
2008-08-12 03:00:00,-0.0011,-2.0264
2008-08-12 03:15:00,-0.0381,-2.7547
2008-08-12 03:30:00,0.023,-3.3946
2008-08-12 03:45:00,-0.0006,-3.3651
2008-08-12 04:00:00,0.1018,-2.9281
2008-08-12 04:15:00,-0.0503,-2.4783
2008-08-12 04:30:00,-0.1198,-3.3764
2008-08-12 04:45:00,0.0212,-2.9154
2008-08-12 05:00:00,1.7189,-2.873
2008-08-12 05:15:00,8.6731,-0.5717
2008-08-12 05:30:00,38.908,7.7461
2008-08-12 05:45:00,32.959,21.052
2008-08-12 06:00:00,27.829,34.586
2008-08-12 06:15:00,27.0,46.67
2008-08-12 06:30:00,8.9502,83.926
2008-08-12 06:45:00,15.657,134.3
2008-08-12 07:00:00,65.544,192.08
2008-08-12 07:15:00,128.21,249.3
2008-08-12 07:30:00,194.92,309.22
2008-08-12 07:45:00,267.54,370.33
2008-08-12 08:00:00,338.67,430.95
2008-08-12 08:15:00,408.46,493.48
2008-08-12 08:30:00,473.53,554.34
2008-08-12 08:45:00,537.8,613.31
2008-08-12 09:00:00,593.61,667.47
2008-08-12 09:15:00,649.07,721.37
2008-08-12 09:30:00,702.59,774.61
2008-08-12 09:45:00,741.61,819.86
2008-08-12 10:00:00,774.84,859.86
2008-08-12 10:15:00,812.77,898.91
2008-08-12 10:30:00,841.59,931.45
2008-08-12 10:45:00,864.6,961.89
2008-08-12 11:00:00,894.2,989.77
2008-08-12 11:15:00,914.64,1012.7
2008-08-12 11:30:00,916.84,1025.5
2008-08-12 11:45:00,920.69,1028.7
2008-08-12 12:00:00,927.85,1038.4
2008-08-12 12:15:00,930.49,1046.0
2008-08-12 12:30:00,934.17,1052.0
2008-08-12 12:45:00,811.32,936.04
2008-08-12 13:00:00,554.69,669.83
2008-08-12 13:15:00,214.69,301.54
2008-08-12 13:30:00,1002.0,1091.6
2008-08-12 13:45:00,546.21,655.71
2008-08-12 14:00:00,145.88,230.9
2008-08-12 14:15:00,137.73,226.52
2008-08-12 14:30:00,60.38,140.85
2008-08-12 14:45:00,60.114,138.69
2008-08-12 15:00:00,138.0,215.07
2008-08-12 15:15:00,89.246,175.23
2008-08-12 15:30:00,51.5,136.81
2008-08-12 15:45:00,394.69,473.44
2008-08-12 16:00:00,156.51,251.55
2008-08-12 16:15:00,214.2,305.5
2008-08-12 16:30:00,334.45,437.22
2008-08-12 16:45:00,309.48,428.46
2008-08-12 17:00:00,128.04,239.67
2008-08-12 17:15:00,45.656,124.61
2008-08-12 17:30:00,38.902,80.878
2008-08-12 17:45:00,47.406,28.449
2008-08-12 18:00:00,37.821,24.762
2008-08-12 18:15:00,39.862,14.149
2008-08-12 18:30:00,46.109,8.6732
2008-08-12 18:45:00,42.25,7.1443
2008-08-12 19:00:00,35.426,10.096
2008-08-12 19:15:00,7.7024,-0.6446
2008-08-12 19:30:00,1.118,-1.7958
2008-08-12 19:45:00,-0.0042,-2.31
2008-08-12 20:00:00,-0.0393,-2.2716
2008-08-12 20:15:00,-0.0123,-2.303
2008-08-12 20:30:00,-0.0338,-2.666
2008-08-12 20:45:00,-0.0625,-2.889
2008-08-12 21:00:00,-0.0252,-2.8283
2008-08-12 21:15:00,0.0813,-3.2117
2008-08-12 21:30:00,-0.0234,-3.009
2008-08-12 21:45:00,-0.0366,-2.67
2008-08-12 22:00:00,-0.0358,-2.3439
2008-08-12 22:15:00,-0.0712,-2.884
2008-08-12 22:30:00,-0.0906,-3.7409
2008-08-12 22:45:00,-0.045,-3.4314
2008-08-12 23:00:00,-0.115,-2.9724
2008-08-12 23:15:00,-0.0044,-3.1678
2008-08-12 23:30:00,-0.051,-2.5819
2008-08-12 23:45:00,-0.0121,-2.5285
2008-08-13 00:00:00,-0.0422,-2.5764
2008-08-13 00:15:00,-0.0628,-3.1366
2008-08-13 00:30:00,0.0041,-2.8235
2008-08-13 00:45:00,0.0097,-2.7922
2008-08-13 01:00:00,-0.0048,-2.6061
2008-08-13 01:15:00,-0.0068,-2.5988
2008-08-13 01:30:00,-0.0106,-2.6559
2008-08-13 01:45:00,-0.0199,-1.9815
2008-08-13 02:00:00,-0.038,-2.2949
2008-08-13 02:15:00,-0.0332,-2.2876
2008-08-13 02:30:00,0.0078,-1.8895
2008-08-13 02:45:00,-0.0325,-1.5872
2008-08-13 03:00:00,-0.0165,-1.8987
2008-08-13 03:15:00,-0.026,-2.0978
2008-08-13 03:30:00,-0.0107,-2.4148
2008-08-13 03:45:00,-0.037,-2.107
2008-08-13 04:00:00,-0.0463,-1.4729
2008-08-13 04:15:00,-0.0318,-2.0112
2008-08-13 04:30:00,0.0004,-2.5698
2008-08-13 04:45:00,0.057,-2.6546
2008-08-13 05:00:00,1.7036,-2.3597
2008-08-13 05:15:00,9.2914,0.0129
2008-08-13 05:30:00,41.903,10.056
2008-08-13 05:45:00,34.175,23.5
2008-08-13 06:00:00,29.557,36.938
2008-08-13 06:15:00,28.048,48.834
2008-08-13 06:30:00,9.7539,88.222
2008-08-13 06:45:00,13.425,141.82
2008-08-13 07:00:00,73.625,213.32
2008-08-13 07:15:00,179.77,311.83
2008-08-13 07:30:00,180.15,294.77
2008-08-13 07:45:00,246.96,361.24
2008-08-13 08:00:00,326.4,437.28
2008-08-13 08:15:00,302.56,403.37
2008-08-13 08:30:00,293.85,390.92
2008-08-13 08:45:00,232.18,325.23
2008-08-13 09:00:00,214.16,303.39
2008-08-13 09:15:00,213.32,304.38
2008-08-13 09:30:00,280.78,357.5
2008-08-13 09:45:00,337.45,409.94
2008-08-13 10:00:00,421.15,490.33
2008-08-13 10:15:00,664.19,723.7
2008-08-13 10:30:00,930.97,1023.2
2008-08-13 10:45:00,715.43,824.26
2008-08-13 11:00:00,942.12,1021.9
2008-08-13 11:15:00,937.77,1034.8
2008-08-13 11:30:00,1023.0,1129.2
2008-08-13 11:45:00,1024.7,1140.2
2008-08-13 12:00:00,1026.9,1149.6
2008-08-13 12:15:00,1033.8,1144.7
2008-08-13 12:30:00,886.73,997.41
2008-08-13 12:45:00,1015.1,1140.0
2008-08-13 13:00:00,825.47,937.05
2008-08-13 13:15:00,1015.0,1131.5
2008-08-13 13:30:00,997.01,1121.7
2008-08-13 13:45:00,949.28,1076.1
2008-08-13 14:00:00,913.18,1047.4
2008-08-13 14:15:00,926.54,1062.8
2008-08-13 14:30:00,893.67,1032.9
2008-08-13 14:45:00,838.28,945.37
2008-08-13 15:00:00,747.51,849.42
2008-08-13 15:15:00,671.56,769.69
2008-08-13 15:30:00,634.78,730.04
2008-08-13 15:45:00,562.14,666.31
2008-08-13 16:00:00,461.81,571.74
2008-08-13 16:15:00,439.08,548.52
2008-08-13 16:30:00,333.62,456.84
2008-08-13 16:45:00,264.01,392.85
2008-08-13 17:00:00,193.35,329.96
2008-08-13 17:15:00,119.83,264.33
2008-08-13 17:30:00,26.387,198.39
2008-08-13 17:45:00,26.809,138.77
2008-08-13 18:00:00,38.397,40.506
2008-08-13 18:15:00,32.735,24.626
2008-08-13 18:30:00,37.414,17.13
2008-08-13 18:45:00,41.142,9.837
2008-08-13 19:00:00,21.57,1.1543
2008-08-13 19:15:00,3.1162,-2.6073
2008-08-13 19:30:00,0.4138,-2.4068
2008-08-13 19:45:00,0.0732,-1.895
2008-08-13 20:00:00,0.0629,-3.5527
2008-08-13 20:15:00,-0.0486,-3.5751
2008-08-13 20:30:00,-0.0253,-4.384
2008-08-13 20:45:00,-0.0345,-4.3235
2008-08-13 21:00:00,-0.0115,-4.2151
2008-08-13 21:15:00,0.0007,-3.7346
2008-08-13 21:30:00,-0.0372,-3.4107
2008-08-13 21:45:00,-0.0209,-3.6007
2008-08-13 22:00:00,-0.0379,-3.3281
2008-08-13 22:15:00,-0.0086,-2.709
2008-08-13 22:30:00,-0.0206,-2.6668
2008-08-13 22:45:00,-0.0405,-2.665
2008-08-13 23:00:00,-0.022,-2.385
2008-08-13 23:15:00,0.0165,-1.8672
2008-08-13 23:30:00,-0.1009,-1.4746
2008-08-13 23:45:00,-0.039,-1.1926
2008-08-14 00:00:00,-0.0889,-1.2202
2008-08-14 00:15:00,-0.0494,-2.3667
2008-08-14 00:30:00,-0.0122,-2.3244
2008-08-14 00:45:00,-0.0282,-2.5844
2008-08-14 01:00:00,0.0113,-2.7964
2008-08-14 01:15:00,-0.0344,-2.9181
2008-08-14 01:30:00,0.0268,-2.778
2008-08-14 01:45:00,-0.0391,-2.2969
2008-08-14 02:00:00,-0.0072,-2.721
2008-08-14 02:15:00,-0.065,-2.2344
2008-08-14 02:30:00,0.0186,-2.1441
2008-08-14 02:45:00,-0.0329,-2.3746
2008-08-14 03:00:00,-0.0349,-2.1553
2008-08-14 03:15:00,-0.0295,-2.0447
2008-08-14 03:30:00,0.0641,-2.2329
2008-08-14 03:45:00,-0.0162,-2.2439
2008-08-14 04:00:00,-0.0507,-2.0356
2008-08-14 04:15:00,0.0192,-2.0375
2008-08-14 04:30:00,-0.0237,-2.1722
2008-08-14 04:45:00,0.0196,-2.0783
2008-08-14 05:00:00,0.8137,-1.8589
2008-08-14 05:15:00,3.1738,-0.8372
2008-08-14 05:30:00,15.284,2.8455
2008-08-14 05:45:00,42.906,11.705
2008-08-14 06:00:00,27.418,26.295
2008-08-14 06:15:00,22.049,36.994
2008-08-14 06:30:00,6.3984,89.878
2008-08-14 06:45:00,33.557,146.29
2008-08-14 07:00:00,94.307,203.25
2008-08-14 07:15:00,165.5,279.99
2008-08-14 07:30:00,216.74,323.53
2008-08-14 07:45:00,292.9,387.17
2008-08-14 08:00:00,395.54,474.63
2008-08-14 08:15:00,442.17,517.36
2008-08-14 08:30:00,498.33,565.22
2008-08-14 08:45:00,552.8,615.47
2008-08-14 09:00:00,607.9,668.48
2008-08-14 09:15:00,664.48,726.11
2008-08-14 09:30:00,653.12,721.23
2008-08-14 09:45:00,777.87,838.55
2008-08-14 10:00:00,805.25,869.77
2008-08-14 10:15:00,818.19,887.55
2008-08-14 10:30:00,750.46,819.78
2008-08-14 10:45:00,441.65,533.31
2008-08-14 11:00:00,603.28,667.89
2008-08-14 11:15:00,742.29,807.24
2008-08-14 11:30:00,996.1,1078.4
2008-08-14 11:45:00,806.52,901.08
2008-08-14 12:00:00,742.13,835.45
2008-08-14 12:15:00,490.12,565.19
2008-08-14 12:30:00,107.77,183.63
2008-08-14 12:45:00,36.905,115.63
2008-08-14 13:00:00,668.69,712.99
2008-08-14 13:15:00,604.01,666.57
2008-08-14 13:30:00,904.1,1001.7
2008-08-14 13:45:00,427.56,512.2
2008-08-14 14:00:00,46.272,125.74
2008-08-14 14:15:00,90.59,157.05
2008-08-14 14:30:00,312.83,355.06
2008-08-14 14:45:00,421.19,480.72
2008-08-14 15:00:00,321.66,389.26
2008-08-14 15:15:00,463.35,528.47
2008-08-14 15:30:00,582.25,662.02
2008-08-14 15:45:00,387.55,486.24
2008-08-14 16:00:00,365.31,459.51
2008-08-14 16:15:00,50.518,141.42
2008-08-14 16:30:00,21.329,104.34
2008-08-14 16:45:00,138.96,236.21
2008-08-14 17:00:00,184.36,291.98
2008-08-14 17:15:00,35.799,125.42
2008-08-14 17:30:00,36.205,29.389
2008-08-14 17:45:00,2.375,65.747
2008-08-14 18:00:00,34.322,34.352
2008-08-14 18:15:00,36.896,23.722
2008-08-14 18:30:00,20.524,2.9695
2008-08-14 18:45:00,19.211,1.4389
2008-08-14 19:00:00,21.482,1.627
2008-08-14 19:15:00,2.6326,-1.9222
2008-08-14 19:30:00,0.4165,-1.9445
2008-08-14 19:45:00,0.0056,-2.3521
2008-08-14 20:00:00,0.0103,-2.9348
2008-08-14 20:15:00,-0.0255,-2.3358
2008-08-14 20:30:00,-0.0163,-1.9488
2008-08-14 20:45:00,0.0103,-2.0725
2008-08-14 21:00:00,-0.0309,-2.0338
2008-08-14 21:15:00,-0.007,-0.4186
2008-08-14 21:30:00,-0.0151,-0.1955
2008-08-14 21:45:00,-0.0278,-0.3706
2008-08-14 22:00:00,0.0221,-0.4721
2008-08-14 22:15:00,-0.0064,-0.5145
2008-08-14 22:30:00,-0.1161,-0.6879
2008-08-14 22:45:00,-0.0213,-0.9718
2008-08-14 23:00:00,-0.0195,-1.0401
2008-08-14 23:15:00,-0.0054,-1.1046
2008-08-14 23:30:00,0.0105,-1.1875
2008-08-14 23:45:00,-0.0138,-1.1802
2008-08-15 00:00:00,-0.0117,-1.1673
2008-08-15 00:15:00,-0.0228,-1.4402
2008-08-15 00:30:00,0.0063,-1.3203
2008-08-15 00:45:00,-0.0145,-1.147
2008-08-15 01:00:00,0.0033,-1.9105
2008-08-15 01:15:00,0.0297,-1.8957
2008-08-15 01:30:00,0.0072,-1.4753
2008-08-15 01:45:00,-0.0292,-1.2061
2008-08-15 02:00:00,0.0129,-1.2817
2008-08-15 02:15:00,-0.0196,-0.6362
2008-08-15 02:30:00,-0.0236,-0.0111
2008-08-15 02:45:00,-0.0315,-0.0295
2008-08-15 03:00:00,-0.0443,-0.0978
2008-08-15 03:15:00,-0.0142,-0.1605
2008-08-15 03:30:00,-0.017,-0.2509
2008-08-15 03:45:00,-0.0363,-0.4409
2008-08-15 04:00:00,-0.0154,-0.3892
2008-08-15 04:15:00,-0.0329,-0.3597
2008-08-15 04:30:00,-0.0098,-0.3099
2008-08-15 04:45:00,-0.0274,-0.1587
2008-08-15 05:00:00,0.243,-0.0941
2008-08-15 05:15:00,2.0272,0.3856
2008-08-15 05:30:00,6.5127,1.8211
2008-08-15 05:45:00,9.5124,2.6089
2008-08-15 06:00:00,20.39,5.5224
2008-08-15 06:15:00,38.068,7.5117
2008-08-15 06:30:00,45.269,9.5987
2008-08-15 06:45:00,27.728,26.2
2008-08-15 07:00:00,16.388,39.088
2008-08-15 07:15:00,11.894,54.107
2008-08-15 07:30:00,11.223,60.96
2008-08-15 07:45:00,5.3524,77.841
2008-08-15 08:00:00,28.794,102.14
2008-08-15 08:15:00,10.773,67.267
2008-08-15 08:30:00,14.194,60.026
2008-08-15 08:45:00,34.942,113.27
2008-08-15 09:00:00,31.221,91.862
2008-08-15 09:15:00,19.891,93.293
2008-08-15 09:30:00,21.185,99.528
2008-08-15 09:45:00,4.5161,83.786
2008-08-15 10:00:00,6.044,72.391
2008-08-15 10:15:00,3.1087,80.824
2008-08-15 10:30:00,7.0362,78.538
2008-08-15 10:45:00,14.576,58.907
2008-08-15 11:00:00,16.044,65.978
2008-08-15 11:15:00,43.259,19.348
2008-08-15 11:30:00,28.106,51.317
2008-08-15 11:45:00,28.032,103.87
2008-08-15 12:00:00,-0.7551,72.528
2008-08-15 12:15:00,10.224,55.661
2008-08-15 12:30:00,7.5451,73.25
2008-08-15 12:45:00,75.442,150.02
2008-08-15 13:00:00,30.803,114.14
2008-08-15 13:15:00,65.666,142.61
2008-08-15 13:30:00,89.55,167.35
2008-08-15 13:45:00,50.391,133.9
2008-08-15 14:00:00,105.88,185.02
2008-08-15 14:15:00,12.045,70.259
2008-08-15 14:30:00,31.62,48.476
2008-08-15 14:45:00,27.828,36.657
2008-08-15 15:00:00,25.991,34.884
2008-08-15 15:15:00,30.165,25.171
2008-08-15 15:30:00,33.186,19.596
2008-08-15 15:45:00,29.59,27.597
2008-08-15 16:00:00,18.159,39.338
2008-08-15 16:15:00,13.628,51.092
2008-08-15 16:30:00,32.475,34.539
2008-08-15 16:45:00,40.776,15.367
2008-08-15 17:00:00,43.406,10.906
2008-08-15 17:15:00,38.563,7.4613
2008-08-15 17:30:00,33.662,6.4724
2008-08-15 17:45:00,23.459,5.8176
2008-08-15 18:00:00,27.026,26.673
2008-08-15 18:15:00,31.195,22.653
2008-08-15 18:30:00,36.18,13.571
2008-08-15 18:45:00,14.193,4.1921
2008-08-15 19:00:00,6.6809,1.9189
2008-08-15 19:15:00,2.138,0.0
2008-08-15 19:30:00,0.2584,-0.6864
2008-08-15 19:45:00,0.0786,-1.3027
2008-08-15 20:00:00,0.0668,-0.4963
2008-08-15 20:15:00,-0.0027,-0.9816
2008-08-15 20:30:00,0.053,-0.6827
2008-08-15 20:45:00,-0.0277,-0.2786
2008-08-15 21:00:00,-0.0048,-0.5665
2008-08-15 21:15:00,-0.0246,-0.6329
2008-08-15 21:30:00,-0.0305,-0.6587
2008-08-15 21:45:00,-0.0725,-1.0167
2008-08-15 22:00:00,-0.0254,-0.9706
2008-08-15 22:15:00,0.0312,-0.9208
2008-08-15 22:30:00,-0.0452,-0.9041
2008-08-15 22:45:00,-0.1231,-0.62
2008-08-15 23:00:00,0.0162,-0.5591
2008-08-15 23:15:00,0.0133,-0.5535
2008-08-15 23:30:00,-0.025,-0.6015
2008-08-15 23:45:00,-0.0063,-0.6144
2008-08-16 00:00:00,0.0394,-0.6569
2008-08-16 00:15:00,-0.0489,-0.6181
2008-08-16 00:30:00,0.0454,-0.6347
2008-08-16 00:45:00,0.0133,-0.6476
2008-08-16 01:00:00,0.0351,-0.6273
2008-08-16 01:15:00,0.0281,-0.5554
2008-08-16 01:30:00,0.0269,-0.5056
2008-08-16 01:45:00,-0.0121,-0.5092
2008-08-16 02:00:00,-0.0757,-0.631
2008-08-16 02:15:00,-0.0216,-0.6568
2008-08-16 02:30:00,-0.0485,-0.5517
2008-08-16 02:45:00,0.0789,-0.4022
2008-08-16 03:00:00,-0.0235,-0.3081
2008-08-16 03:15:00,0.0476,-0.3617
2008-08-16 03:30:00,-0.0377,-0.3561
2008-08-16 03:45:00,-0.0305,-0.3137
2008-08-16 04:00:00,-0.0036,-0.1495
2008-08-16 04:15:00,0.013,-0.1771
2008-08-16 04:30:00,-0.1567,-0.3137
2008-08-16 04:45:00,-0.1656,-0.2417
2008-08-16 05:00:00,0.0357,-0.1753
2008-08-16 05:15:00,1.5972,0.251
2008-08-16 05:30:00,2.8897,0.6661
2008-08-16 05:45:00,5.8881,1.8599
2008-08-16 06:00:00,7.7765,2.2327
2008-08-16 06:15:00,29.13,9.1573
2008-08-16 06:30:00,35.406,17.992
2008-08-16 06:45:00,31.755,12.492
2008-08-16 07:00:00,15.616,4.1938
2008-08-16 07:15:00,36.107,16.109
2008-08-16 07:30:00,21.823,34.103
2008-08-16 07:45:00,16.148,49.81
2008-08-16 08:00:00,18.236,67.746
2008-08-16 08:15:00,46.465,26.67
2008-08-16 08:30:00,43.168,22.974
2008-08-16 08:45:00,27.804,6.5313
2008-08-16 09:00:00,20.223,5.7693
2008-08-16 09:15:00,16.759,5.0812
2008-08-16 09:30:00,24.683,6.2473
2008-08-16 09:45:00,20.203,5.7988
2008-08-16 10:00:00,38.596,8.367
2008-08-16 10:15:00,47.192,11.845
2008-08-16 10:30:00,47.434,12.411
2008-08-16 10:45:00,42.543,14.216
2008-08-16 11:00:00,35.783,18.334
2008-08-16 11:15:00,30.512,24.972
2008-08-16 11:30:00,9.7386,48.341
2008-08-16 11:45:00,24.11,98.43
2008-08-16 12:00:00,252.27,320.45
2008-08-16 12:15:00,549.14,601.37
2008-08-16 12:30:00,343.54,417.72
2008-08-16 12:45:00,284.73,357.12
2008-08-16 13:00:00,480.24,540.17
2008-08-16 13:15:00,396.11,466.97
2008-08-16 13:30:00,283.53,353.43
2008-08-16 13:45:00,257.24,328.83
2008-08-16 14:00:00,131.85,218.19
2008-08-16 14:15:00,26.795,82.277
2008-08-16 14:30:00,40.753,11.674
2008-08-16 14:45:00,29.942,18.46
2008-08-16 15:00:00,28.165,21.252
2008-08-16 15:15:00,23.706,24.915
2008-08-16 15:30:00,18.325,31.91
2008-08-16 15:45:00,22.28,55.631
2008-08-16 16:00:00,152.17,222.61
2008-08-16 16:15:00,14.303,96.571
2008-08-16 16:30:00,12.251,55.521
2008-08-16 16:45:00,40.652,26.616
2008-08-16 17:00:00,17.159,35.047
2008-08-16 17:15:00,27.891,23.589
2008-08-16 17:30:00,36.514,10.025
2008-08-16 17:45:00,36.269,8.9743
2008-08-16 18:00:00,17.698,4.7158
2008-08-16 18:15:00,22.766,6.0126
2008-08-16 18:30:00,15.706,4.6628
2008-08-16 18:45:00,7.2114,2.053
2008-08-16 19:00:00,2.5404,0.2453
2008-08-16 19:15:00,1.2944,-0.1088
2008-08-16 19:30:00,0.0986,-0.1679
2008-08-16 19:45:00,-0.0357,-0.2195
2008-08-16 20:00:00,0.0017,-0.2675
2008-08-16 20:15:00,-0.0442,-0.1974
2008-08-16 20:30:00,-0.088,-0.2933
2008-08-16 20:45:00,-0.0234,-0.4003
2008-08-16 21:00:00,-0.0036,-0.4538
2008-08-16 21:15:00,-0.0191,-0.3339
2008-08-16 21:30:00,0.0008,-0.6032
2008-08-16 21:45:00,0.0081,-0.4261
2008-08-16 22:00:00,-0.0439,-0.5645
2008-08-16 22:15:00,-0.0102,-0.4427
2008-08-16 22:30:00,0.0155,-0.332
2008-08-16 22:45:00,0.0035,-0.4575
2008-08-16 23:00:00,-0.0668,-0.4778
2008-08-16 23:15:00,0.054,-0.5958
2008-08-16 23:30:00,0.0238,-0.4851
2008-08-16 23:45:00,0.0013,-0.2988
2008-08-17 00:00:00,-0.0076,-0.1734
2008-08-17 00:15:00,0.0081,-0.3634
2008-08-17 00:30:00,-0.0384,-0.3081
2008-08-17 00:45:00,-0.0024,-0.2915
2008-08-17 01:00:00,-0.0095,-0.3099
2008-08-17 01:15:00,-0.0237,-0.131
2008-08-17 01:30:00,-0.0132,-0.4649
2008-08-17 01:45:00,-0.0086,-0.4815
2008-08-17 02:00:00,0.0043,-0.4262
2008-08-17 02:15:00,-0.0284,-0.5313
2008-08-17 02:30:00,0.0,-0.8081
2008-08-17 02:45:00,-0.0231,-0.7914
2008-08-17 03:00:00,-0.0007,-0.7435
2008-08-17 03:15:00,-0.0215,-0.904
2008-08-17 03:30:00,0.0198,-0.7158
2008-08-17 03:45:00,0.0133,-1.1678
2008-08-17 04:00:00,-0.0187,-1.5903
2008-08-17 04:15:00,-0.0079,-1.3948
2008-08-17 04:30:00,0.0179,-0.7343
2008-08-17 04:45:00,0.0045,-0.4391
2008-08-17 05:00:00,0.4514,-0.7085
2008-08-17 05:15:00,3.17,-1.3874
2008-08-17 05:30:00,8.8914,1.3893
2008-08-17 05:45:00,24.35,6.026
2008-08-17 06:00:00,37.422,15.942
2008-08-17 06:15:00,27.666,24.761
2008-08-17 06:30:00,32.276,20.752
2008-08-17 06:45:00,26.562,27.243
2008-08-17 07:00:00,25.181,34.859
2008-08-17 07:15:00,25.065,42.859
2008-08-17 07:30:00,6.2736,65.834
2008-08-17 07:45:00,14.547,96.223
2008-08-17 08:00:00,30.34,117.26
2008-08-17 08:15:00,122.4,201.36
2008-08-17 08:30:00,305.41,378.56
2008-08-17 08:45:00,359.28,433.69
2008-08-17 09:00:00,281.07,349.56
2008-08-17 09:15:00,284.86,349.66
2008-08-17 09:30:00,593.23,635.05
2008-08-17 09:45:00,856.55,891.89
2008-08-17 10:00:00,924.96,968.13
2008-08-17 10:15:00,1061.3,1120.5
2008-08-17 10:30:00,754.1,827.74
2008-08-17 10:45:00,304.84,377.57
2008-08-17 11:00:00,320.62,380.54
2008-08-17 11:15:00,481.48,527.5
2008-08-17 11:30:00,474.61,521.08
2008-08-17 11:45:00,323.45,385.28
2008-08-17 12:00:00,374.02,921.5
2008-08-17 12:15:00,860.81,917.63
2008-08-17 12:30:00,723.81,796.71
2008-08-17 12:45:00,512.97,585.76
2008-08-17 13:00:00,764.65,854.56
2008-08-17 13:15:00,394.41,463.27
2008-08-17 13:30:00,673.3,744.99
2008-08-17 13:45:00,921.18,994.57
2008-08-17 14:00:00,759.59,823.59
2008-08-17 14:15:00,424.56,496.47
2008-08-17 14:30:00,548.72,614.6
2008-08-17 14:45:00,184.37,259.52
2008-08-17 15:00:00,347.35,401.12
2008-08-17 15:15:00,261.76,326.92
2008-08-17 15:30:00,180.63,255.09
2008-08-17 15:45:00,413.22,485.94
2008-08-17 16:00:00,538.44,607.43
2008-08-17 16:15:00,390.43,481.28
2008-08-17 16:30:00,287.47,386.79
2008-08-17 16:45:00,257.44,367.61
2008-08-17 17:00:00,169.43,287.04
2008-08-17 17:15:00,121.1,250.86
2008-08-17 17:30:00,27.964,158.64
2008-08-17 17:45:00,-1.5941,85.422
2008-08-17 18:00:00,15.429,53.546
2008-08-17 18:15:00,34.955,31.073
2008-08-17 18:30:00,42.463,19.516
2008-08-17 18:45:00,37.014,6.6452
2008-08-17 19:00:00,7.5197,-0.0387
2008-08-17 19:15:00,2.2494,-1.6271
2008-08-17 19:30:00,0.1749,-1.8428
2008-08-17 19:45:00,-0.0772,-0.9326
2008-08-17 20:00:00,0.003,-0.776
2008-08-17 20:15:00,-0.0115,-0.459
2008-08-17 20:30:00,-0.0609,-0.6544
2008-08-17 20:45:00,-0.0017,-1.0876
2008-08-17 21:00:00,0.0668,-0.9125
2008-08-17 21:15:00,-0.0885,-0.9034
2008-08-17 21:30:00,0.0712,-0.8757
2008-08-17 21:45:00,-0.0707,-1.2002
2008-08-17 22:00:00,-0.0485,-1.2851
2008-08-17 22:15:00,0.0203,-1.5229
2008-08-17 22:30:00,-0.0396,-1.9673
2008-08-17 22:45:00,-0.0101,-1.6778
2008-08-17 23:00:00,-0.0067,-1.4013
2008-08-17 23:15:00,-0.0376,-1.4972
2008-08-17 23:30:00,0.1309,-1.9029
2008-08-17 23:45:00,-0.0595,-1.8882
2008-08-18 00:00:00,0.0348,-1.8771
2008-08-18 00:15:00,-0.0357,-2.0266
2008-08-18 00:30:00,-0.0498,-2.0156
2008-08-18 00:45:00,-0.0492,-2.0082
2008-08-18 01:00:00,-0.0208,-2.0913
2008-08-18 01:15:00,-0.0206,-1.8
2008-08-18 01:30:00,-0.0324,-1.09
2008-08-18 01:45:00,-0.0257,-0.7359
2008-08-18 02:00:00,-0.0354,-1.5677
2008-08-18 02:15:00,-0.0441,-1.9292
2008-08-18 02:30:00,-0.0508,-1.9938
2008-08-18 02:45:00,-0.03,-2.1247
2008-08-18 03:00:00,-0.0004,-2.0547
2008-08-18 03:15:00,-0.047,-2.0049
2008-08-18 03:30:00,-0.0488,-2.1857
2008-08-18 03:45:00,-0.0086,-2.4071
2008-08-18 04:00:00,-0.0869,-1.9736
2008-08-18 04:15:00,0.0606,-1.9552
2008-08-18 04:30:00,0.0016,-2.0475
2008-08-18 04:45:00,-0.0284,-2.018
2008-08-18 05:00:00,1.1048,-1.9461
2008-08-18 05:15:00,4.5645,-0.345
2008-08-18 05:30:00,26.936,5.5563
2008-08-18 05:45:00,36.227,19.195
2008-08-18 06:00:00,25.57,33.703
2008-08-18 06:15:00,24.479,48.285
2008-08-18 06:30:00,5.3115,85.761
2008-08-18 06:45:00,15.783,134.6
2008-08-18 07:00:00,67.992,189.04
2008-08-18 07:15:00,133.93,245.72
2008-08-18 07:30:00,203.63,306.6
2008-08-18 07:45:00,273.92,366.69
2008-08-18 08:00:00,347.99,430.05
2008-08-18 08:15:00,417.82,491.12
2008-08-18 08:30:00,480.96,549.85
2008-08-18 08:45:00,542.92,606.78
2008-08-18 09:00:00,602.56,664.3
2008-08-18 09:15:00,658.78,716.78
2008-08-18 09:30:00,715.15,770.58
2008-08-18 09:45:00,751.97,817.07
2008-08-18 10:00:00,795.51,859.91
2008-08-18 10:15:00,835.75,899.27
2008-08-18 10:30:00,870.26,936.28
2008-08-18 10:45:00,896.19,967.18
2008-08-18 11:00:00,923.08,994.24
2008-08-18 11:15:00,949.09,1023.4
2008-08-18 11:30:00,962.72,1035.7
2008-08-18 11:45:00,925.66,1005.5
2008-08-18 12:00:00,982.8,1062.7
2008-08-18 12:15:00,976.0,1060.6
2008-08-18 12:30:00,967.97,1059.2
2008-08-18 12:45:00,955.94,1049.2
2008-08-18 13:00:00,958.23,1045.5
2008-08-18 13:15:00,933.73,1022.8
2008-08-18 13:30:00,920.45,1008.2
2008-08-18 13:45:00,896.16,982.12
2008-08-18 14:00:00,862.8,950.57
2008-08-18 14:15:00,830.42,912.95
2008-08-18 14:30:00,785.68,868.72
2008-08-18 14:45:00,741.62,821.12
2008-08-18 15:00:00,697.97,774.39
2008-08-18 15:15:00,637.79,721.15
2008-08-18 15:30:00,579.48,665.31
2008-08-18 15:45:00,523.64,610.16
2008-08-18 16:00:00,459.98,552.51
2008-08-18 16:15:00,382.03,482.64
2008-08-18 16:30:00,313.72,422.04
2008-08-18 16:45:00,239.37,357.39
2008-08-18 17:00:00,168.0,294.58
2008-08-18 17:15:00,100.59,234.07
2008-08-18 17:30:00,21.026,177.32
2008-08-18 17:45:00,28.903,102.86
2008-08-18 18:00:00,33.174,38.422
2008-08-18 18:15:00,31.711,27.657
2008-08-18 18:30:00,37.599,16.796
2008-08-18 18:45:00,38.699,6.3776
2008-08-18 19:00:00,10.159,-0.1824
2008-08-18 19:15:00,3.2295,-2.3855
2008-08-18 19:30:00,0.2356,-3.2001
2008-08-18 19:45:00,-0.0482,-3.2814
2008-08-18 20:00:00,-0.0421,-3.5543
2008-08-18 20:15:00,-0.0222,-2.5577
2008-08-18 20:30:00,0.0793,-2.5671
2008-08-18 20:45:00,0.0039,-2.5912
2008-08-18 21:00:00,-0.1199,-2.5729
2008-08-18 21:15:00,-0.0836,-2.28
2008-08-18 21:30:00,-0.0367,-2.2635
2008-08-18 21:45:00,-0.0845,-2.2175
2008-08-18 22:00:00,0.0096,-2.1015
2008-08-18 22:15:00,-0.0063,-2.2674
2008-08-18 22:30:00,-0.0142,-1.9246
2008-08-18 22:45:00,-0.048,-1.8934
2008-08-18 23:00:00,-0.1735,-1.8695
2008-08-18 23:15:00,0.0048,-1.676
2008-08-18 23:30:00,-0.1208,-1.6225
2008-08-18 23:45:00,-0.0057,-1.7922
2008-08-19 00:00:00,-0.0449,-1.8438
2008-08-19 00:15:00,-0.0465,-1.7148
2008-08-19 00:30:00,-0.1339,-2.1057
2008-08-19 00:45:00,-0.0596,-1.9932
2008-08-19 01:00:00,-0.0477,-1.9509
2008-08-19 01:15:00,-0.0477,-1.6651
2008-08-19 01:30:00,-0.0379,-1.7906
2008-08-19 01:45:00,-0.0005,-1.822
2008-08-19 02:00:00,-0.0113,-1.9124
2008-08-19 02:15:00,-0.0498,-1.9973
2008-08-19 02:30:00,-0.0355,-1.9438
2008-08-19 02:45:00,-0.0159,-2.0453
2008-08-19 03:00:00,0.0355,-1.9623
2008-08-19 03:15:00,-0.04,-2.0342
2008-08-19 03:30:00,-0.0103,-2.0694
2008-08-19 03:45:00,-0.0203,-2.0546
2008-08-19 04:00:00,-0.0865,-1.9605
2008-08-19 04:15:00,0.0017,-1.8684
2008-08-19 04:30:00,0.0076,-1.6508
2008-08-19 04:45:00,0.0348,-1.9459
2008-08-19 05:00:00,1.5694,-1.8536
2008-08-19 05:15:00,7.395,0.8651
2008-08-19 05:30:00,5.8041,8.402
2008-08-19 05:45:00,0.0,23.085
2008-08-19 06:00:00,0.0,38.036
2008-08-19 06:15:00,0.0,51.867
2008-08-19 06:30:00,4.9915,88.196
2008-08-19 06:45:00,41.078,138.49
2008-08-19 07:00:00,71.658,193.65
2008-08-19 07:15:00,140.76,253.6
2008-08-19 07:30:00,211.92,315.48
2008-08-19 07:45:00,284.92,379.5
2008-08-19 08:00:00,359.98,443.35
2008-08-19 08:15:00,430.09,504.19
2008-08-19 08:30:00,497.16,565.06
2008-08-19 08:45:00,563.86,627.0
2008-08-19 09:00:00,620.23,684.05
2008-08-19 09:15:00,675.94,737.72
2008-08-19 09:30:00,731.87,794.73
2008-08-19 09:45:00,778.93,842.28
2008-08-19 10:00:00,819.05,885.33
2008-08-19 10:15:00,847.37,920.55
2008-08-19 10:30:00,882.91,955.18
2008-08-19 10:45:00,902.69,985.34
2008-08-19 11:00:00,924.85,1015.0
2008-08-19 11:15:00,945.58,1038.9
2008-08-19 11:30:00,950.94,1057.5
2008-08-19 11:45:00,948.85,1064.2
2008-08-19 12:00:00,962.61,1079.1
2008-08-19 12:15:00,963.95,1083.4
2008-08-19 12:30:00,958.75,1075.1
2008-08-19 12:45:00,939.56,1060.4
2008-08-19 13:00:00,936.61,1052.9
2008-08-19 13:15:00,915.35,1030.8
2008-08-19 13:30:00,901.55,1004.9
2008-08-19 13:45:00,878.54,984.03
2008-08-19 14:00:00,842.03,942.22
2008-08-19 14:15:00,816.04,911.57
2008-08-19 14:30:00,781.22,870.08
2008-08-19 14:45:00,740.42,834.7
2008-08-19 15:00:00,696.02,787.47
2008-08-19 15:15:00,647.33,739.49
2008-08-19 15:30:00,587.22,681.68
2008-08-19 15:45:00,527.6,621.56
2008-08-19 16:00:00,461.82,561.25
2008-08-19 16:15:00,392.7,498.67
2008-08-19 16:30:00,318.55,432.54
2008-08-19 16:45:00,247.43,368.74
2008-08-19 17:00:00,172.51,303.12
2008-08-19 17:15:00,103.16,238.21
2008-08-19 17:30:00,22.059,176.34
2008-08-19 17:45:00,36.131,90.745
2008-08-19 18:00:00,37.144,29.964
2008-08-19 18:15:00,34.62,20.105
2008-08-19 18:30:00,39.429,12.259
2008-08-19 18:45:00,36.26,4.303
2008-08-19 19:00:00,8.3724,-1.1086
2008-08-19 19:15:00,1.956,-4.0277
2008-08-19 19:30:00,0.0845,-4.7557
2008-08-19 19:45:00,-0.0509,-3.8885
2008-08-19 20:00:00,-0.0323,-3.7193
2008-08-19 20:15:00,0.0162,-3.202
2008-08-19 20:30:00,-0.0322,-2.6624
2008-08-19 20:45:00,0.0184,-2.4673
2008-08-19 21:00:00,-0.0899,-2.5559
2008-08-19 21:15:00,-0.0428,-2.1892
2008-08-19 21:30:00,-0.0137,-2.7091
2008-08-19 21:45:00,-0.0281,-2.9396
2008-08-19 22:00:00,-0.0906,-1.9776
2008-08-19 22:15:00,0.0061,-2.0828
2008-08-19 22:30:00,0.0331,-3.1465
2008-08-19 22:45:00,-0.1406,-3.2055
2008-08-19 23:00:00,-0.0499,-2.8646
2008-08-19 23:15:00,-0.0569,-3.5688
2008-08-19 23:30:00,-0.0008,-3.1763
2008-08-19 23:45:00,-0.0031,-2.6584
2008-08-20 00:00:00,0.0035,-2.5534
2008-08-20 00:15:00,-0.0428,-2.2825
2008-08-20 00:30:00,-0.0153,-2.6384
2008-08-20 00:45:00,-0.0963,-2.0171
2008-08-20 01:00:00,0.0011,-1.9157
2008-08-20 01:15:00,0.0222,-2.0817
2008-08-20 01:30:00,-0.0803,-3.0737
2008-08-20 01:45:00,0.0209,-2.4154
2008-08-20 02:00:00,-0.1083,-1.6963
2008-08-20 02:15:00,0.0195,-1.4087
2008-08-20 02:30:00,-0.066,-1.6466
2008-08-20 02:45:00,-0.0158,-2.5667
2008-08-20 03:00:00,0.0081,-3.0184
2008-08-20 03:15:00,0.0584,-2.7603
2008-08-20 03:30:00,-0.0978,-2.2956
2008-08-20 03:45:00,0.0449,-3.2655
2008-08-20 04:00:00,-0.0084,-3.2435
2008-08-20 04:15:00,-0.0141,-2.788
2008-08-20 04:30:00,0.0051,-2.4543
2008-08-20 04:45:00,-0.0188,-2.4139
2008-08-20 05:00:00,0.9144,-2.4121
2008-08-20 05:15:00,4.9253,-1.4698
2008-08-20 05:30:00,27.74,4.6642
2008-08-20 05:45:00,35.479,16.747
2008-08-20 06:00:00,25.892,31.895
2008-08-20 06:15:00,24.632,46.562
2008-08-20 06:30:00,5.422,85.342
2008-08-20 06:45:00,18.474,137.16
2008-08-20 07:00:00,71.378,193.82
2008-08-20 07:15:00,137.48,253.16
2008-08-20 07:30:00,208.47,315.07
2008-08-20 07:45:00,283.07,378.07
2008-08-20 08:00:00,354.38,440.14
2008-08-20 08:15:00,423.16,500.72
2008-08-20 08:30:00,486.86,559.18
2008-08-20 08:45:00,547.34,616.88
2008-08-20 09:00:00,607.23,675.17
2008-08-20 09:15:00,673.06,742.42
2008-08-20 09:30:00,722.91,793.47
2008-08-20 09:45:00,793.32,868.33
2008-08-20 10:00:00,865.98,952.62
2008-08-20 10:15:00,455.46,555.39
2008-08-20 10:30:00,689.03,758.35
2008-08-20 10:45:00,933.28,1022.6
2008-08-20 11:00:00,881.95,991.6
2008-08-20 11:15:00,940.41,1048.8
2008-08-20 11:30:00,722.98,839.58
2008-08-20 11:45:00,769.56,862.43
2008-08-20 12:00:00,993.83,1106.0
2008-08-20 12:15:00,976.28,1098.2
2008-08-20 12:30:00,972.88,1108.3
2008-08-20 12:45:00,563.66,668.82
2008-08-20 13:00:00,119.33,213.2
2008-08-20 13:15:00,418.19,499.85
2008-08-20 13:30:00,86.14,168.25
2008-08-20 13:45:00,54.107,133.24
2008-08-20 14:00:00,39.035,118.9
2008-08-20 14:15:00,69.691,142.89
2008-08-20 14:30:00,93.561,165.95
2008-08-20 14:45:00,85.354,161.36
2008-08-20 15:00:00,62.621,138.09
2008-08-20 15:15:00,6.247,78.817
2008-08-20 15:30:00,8.1538,53.387
2008-08-20 15:45:00,7.361,64.985
2008-08-20 16:00:00,30.268,110.49
2008-08-20 16:15:00,48.895,130.52
2008-08-20 16:30:00,4.1607,82.563
2008-08-20 16:45:00,46.935,136.24
2008-08-20 17:00:00,21.629,103.98
2008-08-20 17:15:00,2.042,74.371
2008-08-20 17:30:00,5.3324,82.238
2008-08-20 17:45:00,7.334,60.262
2008-08-20 18:00:00,31.021,29.662
2008-08-20 18:15:00,34.333,20.209
2008-08-20 18:30:00,40.692,12.559
2008-08-20 18:45:00,26.614,4.6513
2008-08-20 19:00:00,6.8472,-0.2892
2008-08-20 19:15:00,1.95,-1.7776
2008-08-20 19:30:00,0.0773,-1.4572
2008-08-20 19:45:00,-0.0276,-2.627
2008-08-20 20:00:00,-0.0252,-2.2366
2008-08-20 20:15:00,-0.1365,-2.1004
2008-08-20 20:30:00,0.0176,-2.012
2008-08-20 20:45:00,-0.0033,-1.2935
2008-08-20 21:00:00,-0.0305,-1.5921
2008-08-20 21:15:00,-0.0344,-1.043
2008-08-20 21:30:00,-0.0011,-2.1653
2008-08-20 21:45:00,-0.0614,-2.0253
2008-08-20 22:00:00,-0.0153,-2.0328
2008-08-20 22:15:00,-0.0108,-2.3904
2008-08-20 22:30:00,-0.0235,-2.0218
2008-08-20 22:45:00,-0.0489,-2.3001
2008-08-20 23:00:00,-0.0126,-2.654
2008-08-20 23:15:00,-0.0608,-2.3389
2008-08-20 23:30:00,-0.0311,-2.3979
2008-08-20 23:45:00,-0.0154,-2.5804
2008-08-21 00:00:00,0.0189,-2.4605
2008-08-21 00:15:00,0.0098,-2.1969
2008-08-21 00:30:00,-0.0867,-2.0329
2008-08-21 00:45:00,0.0094,-2.0956
2008-08-21 01:00:00,-0.0389,-2.1896
2008-08-21 01:15:00,-0.0762,-2.2191
2008-08-21 01:30:00,-0.0831,-2.4328
2008-08-21 01:45:00,-0.0382,-2.4824
2008-08-21 02:00:00,-0.0678,-2.6353
2008-08-21 02:15:00,-0.0541,-2.6464
2008-08-21 02:30:00,-0.0443,-3.0131
2008-08-21 02:45:00,0.0366,-2.4786
2008-08-21 03:00:00,-0.1325,-2.3294
2008-08-21 03:15:00,-0.0553,-2.4474
2008-08-21 03:30:00,0.03,-2.4713
2008-08-21 03:45:00,0.0067,-3.7742
2008-08-21 04:00:00,-0.0333,-2.7883
2008-08-21 04:15:00,-0.0724,-2.5894
2008-08-21 04:30:00,-0.0398,-2.4641
2008-08-21 04:45:00,0.0445,-2.2394
2008-08-21 05:00:00,0.732,-2.057
2008-08-21 05:15:00,4.3986,-1.364
2008-08-21 05:30:00,24.251,4.6026
2008-08-21 05:45:00,40.509,17.287
2008-08-21 06:00:00,30.413,31.462
2008-08-21 06:15:00,27.593,45.448
2008-08-21 06:30:00,8.8019,84.943
2008-08-21 06:45:00,13.547,137.55
2008-08-21 07:00:00,64.543,194.02
2008-08-21 07:15:00,132.38,254.38
2008-08-21 07:30:00,203.36,315.69
2008-08-21 07:45:00,275.42,378.83
2008-08-21 08:00:00,349.24,443.27
2008-08-21 08:15:00,421.92,506.24
2008-08-21 08:30:00,493.31,568.59
2008-08-21 08:45:00,556.24,628.02
2008-08-21 09:00:00,614.72,685.4
2008-08-21 09:15:00,666.42,736.11
2008-08-21 09:30:00,718.24,787.77
2008-08-21 09:45:00,761.92,834.79
2008-08-21 10:00:00,766.29,879.99
2008-08-21 10:15:00,9.335,918.92
2008-08-21 10:30:00,0.0,955.62
2008-08-21 10:45:00,0.0,984.96
2008-08-21 11:00:00,0.0,1007.8
2008-08-21 11:15:00,0.0,1029.4
2008-08-21 11:30:00,0.0,1046.2
2008-08-21 11:45:00,0.0,1060.7
2008-08-21 12:00:00,0.0,1069.6
2008-08-21 12:15:00,0.0,1069.1
2008-08-21 12:30:00,0.0,1063.3
2008-08-21 12:45:00,0.0,1061.8
2008-08-21 13:00:00,0.0,1051.0
2008-08-21 13:15:00,0.0,1032.0
2008-08-21 13:30:00,0.0,1014.9
2008-08-21 13:45:00,0.0,990.25
2008-08-21 14:00:00,0.0,938.67
2008-08-21 14:15:00,0.0,932.31
2008-08-21 14:30:00,0.0,875.07
2008-08-21 14:45:00,0.0,825.36
2008-08-21 15:00:00,0.0,776.17
2008-08-21 15:15:00,0.0,729.83
2008-08-21 15:30:00,0.0,678.89
2008-08-21 15:45:00,0.0,612.23
2008-08-21 16:00:00,0.0,560.09
2008-08-21 16:15:00,0.0,498.61
2008-08-21 16:30:00,0.0,432.91
2008-08-21 16:45:00,0.0,369.06
2008-08-21 17:00:00,0.0,303.96
2008-08-21 17:15:00,0.0,238.44
2008-08-21 17:30:00,0.0,177.59
2008-08-21 17:45:00,0.0,76.362
2008-08-21 18:00:00,0.0,29.338
2008-08-21 18:15:00,0.0,21.084
2008-08-21 18:30:00,0.0,13.4
2008-08-21 18:45:00,0.0,3.1753
2008-08-21 19:00:00,0.0,-1.6993
2008-08-21 19:15:00,0.0,-3.933
2008-08-21 19:30:00,0.0,-4.2849
2008-08-21 19:45:00,0.0,-4.1084
2008-08-21 20:00:00,0.0,-4.2136
2008-08-21 20:15:00,0.0,-4.0869
2008-08-21 20:30:00,0.0,-3.0373
2008-08-21 20:45:00,0.0,-2.3523
2008-08-21 21:00:00,0.0,-3.0064
2008-08-21 21:15:00,0.0,-3.5075
2008-08-21 21:30:00,0.0,-3.7803
2008-08-21 21:45:00,0.0,-3.6016
2008-08-21 22:00:00,0.0,-3.6993
2008-08-21 22:15:00,0.0,-3.7085
2008-08-21 22:30:00,0.0,-3.6201
2008-08-21 22:45:00,0.0,-3.5925
2008-08-21 23:00:00,0.0,-5.1311
2008-08-21 23:15:00,0.0,-4.3683
2008-08-21 23:30:00,0.0,-3.4289
2008-08-21 23:45:00,0.0,-3.3663
2008-08-22 00:00:00,0.0,-3.6576
2008-08-22 00:15:00,0.0,-3.7664
2008-08-22 00:30:00,0.0,-3.1178
2008-08-22 00:45:00,0.0,-3.4643
2008-08-22 01:00:00,0.0,-3.28
2008-08-22 01:15:00,0.0,-2.519
2008-08-22 01:30:00,0.0,-2.6867
2008-08-22 01:45:00,0.0,-3.5787
2008-08-22 02:00:00,0.0,-3.8311
2008-08-22 02:15:00,0.0,-4.1019
2008-08-22 02:30:00,0.0,-3.6892
2008-08-22 02:45:00,0.0,-3.2782
2008-08-22 03:00:00,0.0,-3.4534
2008-08-22 03:15:00,0.0,-3.3189
2008-08-22 03:30:00,0.0,-2.7145
2008-08-22 03:45:00,0.0,-2.628
2008-08-22 04:00:00,0.0,-3.0186
2008-08-22 04:15:00,0.0,-3.0002
2008-08-22 04:30:00,0.0,-3.2215
2008-08-22 04:45:00,0.0,-2.6004
2008-08-22 05:00:00,0.0,-2.7517
2008-08-22 05:15:00,0.0,-1.0838
2008-08-22 05:30:00,0.0,4.3555
2008-08-22 05:45:00,0.0,17.144
2008-08-22 06:00:00,0.0,31.576
2008-08-22 06:15:00,0.0,44.502
2008-08-22 06:30:00,0.0,86.163
2008-08-22 06:45:00,0.0,141.36
2008-08-22 07:00:00,0.0,199.46
2008-08-22 07:15:00,0.0,257.09
2008-08-22 07:30:00,0.0,316.69
2008-08-22 07:45:00,0.0,381.58
2008-08-22 08:00:00,0.0,442.03
2008-08-22 08:15:00,0.0,501.68
2008-08-22 08:30:00,0.0,560.18
2008-08-22 08:45:00,0.0,622.96
2008-08-22 09:00:00,0.0,684.71
2008-08-22 09:15:00,0.0,731.71
2008-08-22 09:30:00,0.0,775.29
2008-08-22 09:45:00,0.0,814.27
2008-08-22 10:00:00,0.0,856.75
2008-08-22 10:15:00,555.19,891.93
2008-08-22 10:30:00,864.47,927.92
2008-08-22 10:45:00,893.33,957.79
2008-08-22 11:00:00,904.32,980.09
2008-08-22 11:15:00,917.4,999.73
2008-08-22 11:30:00,935.42,1019.7
2008-08-22 11:45:00,932.73,1027.3
2008-08-22 12:00:00,935.43,1029.9
2008-08-22 12:15:00,933.84,1032.7
2008-08-22 12:30:00,935.58,1036.1
2008-08-22 12:45:00,919.77,1026.5
2008-08-22 13:00:00,926.49,1021.3
2008-08-22 13:15:00,902.8,1001.1
2008-08-22 13:30:00,915.48,1012.1
2008-08-22 13:45:00,383.8,481.31
2008-08-22 14:00:00,205.17,292.4
2008-08-22 14:15:00,176.97,262.54
2008-08-22 14:30:00,189.31,271.15
2008-08-22 14:45:00,362.58,438.03
2008-08-22 15:00:00,256.18,345.11
2008-08-22 15:15:00,118.46,203.81
2008-08-22 15:30:00,102.5,187.61
2008-08-22 15:45:00,20.828,102.85
2008-08-22 16:00:00,9.2489,55.792
2008-08-22 16:15:00,19.429,46.616
2008-08-22 16:30:00,29.339,35.398
2008-08-22 16:45:00,26.357,36.718
2008-08-22 17:00:00,25.088,34.998
2008-08-22 17:15:00,20.695,32.242
2008-08-22 17:30:00,11.806,51.318
2008-08-22 17:45:00,39.718,13.7
2008-08-22 18:00:00,45.788,10.119
2008-08-22 18:15:00,31.54,21.631
2008-08-22 18:30:00,11.412,43.247
2008-08-22 18:45:00,36.531,16.394
2008-08-22 19:00:00,15.269,1.1829
2008-08-22 19:15:00,0.566,-1.5274
2008-08-22 19:30:00,-0.1267,-1.2603
2008-08-22 19:45:00,-0.0184,-1.1903
2008-08-22 20:00:00,-0.0009,-2.4876
2008-08-22 20:15:00,0.0155,-1.0135
2008-08-22 20:30:00,0.075,-0.8587
2008-08-22 20:45:00,-0.0129,-2.6555
2008-08-22 21:00:00,-0.0571,-2.2059
2008-08-22 21:15:00,-0.0681,-1.161
2008-08-22 21:30:00,-0.0468,-4.0287
2008-08-22 21:45:00,-0.0447,-3.5533
2008-08-22 22:00:00,-0.0296,-3.7193
2008-08-22 22:15:00,0.0501,-1.2349
2008-08-22 22:30:00,-0.0226,-0.6175
2008-08-22 22:45:00,-0.0513,-0.9549
2008-08-22 23:00:00,-0.0328,-1.1171
2008-08-22 23:15:00,-0.062,-1.7107
2008-08-22 23:30:00,-0.0598,-2.026
2008-08-22 23:45:00,-0.0269,-1.4784
2008-08-23 00:00:00,-0.0475,-1.9577
2008-08-23 00:15:00,-0.0852,-2.2214
2008-08-23 00:30:00,-0.06,-2.0703
2008-08-23 00:45:00,0.1123,-2.004
2008-08-23 01:00:00,-0.0049,-2.0815
2008-08-23 01:15:00,-0.0451,-2.017
2008-08-23 01:30:00,-0.0341,-1.9525
2008-08-23 01:45:00,0.0857,-1.7829
2008-08-23 02:00:00,0.0334,-1.3275
2008-08-23 02:15:00,0.0066,-1.936
2008-08-23 02:30:00,-0.0398,-2.008
2008-08-23 02:45:00,-0.0758,-2.1832
2008-08-23 03:00:00,0.0706,-2.0246
2008-08-23 03:15:00,0.0171,-1.9914
2008-08-23 03:30:00,-0.0437,-2.0301
2008-08-23 03:45:00,-0.0978,-1.9638
2008-08-23 04:00:00,0.0349,-1.8587
2008-08-23 04:15:00,0.0173,-1.9011
2008-08-23 04:30:00,-0.0292,-1.8975
2008-08-23 04:45:00,0.0124,-2.0248
2008-08-23 05:00:00,0.2405,-1.9769
2008-08-23 05:15:00,2.417,-1.8681
2008-08-23 05:30:00,10.896,1.4016
2008-08-23 05:45:00,41.086,14.363
2008-08-23 06:00:00,29.655,29.959
2008-08-23 06:15:00,25.312,45.715
2008-08-23 06:30:00,7.9807,83.386
2008-08-23 06:45:00,16.095,132.17
2008-08-23 07:00:00,66.128,188.09
2008-08-23 07:15:00,129.79,247.53
2008-08-23 07:30:00,200.03,307.86
2008-08-23 07:45:00,273.45,369.27
2008-08-23 08:00:00,345.89,432.21
2008-08-23 08:15:00,415.92,493.51
2008-08-23 08:30:00,483.67,555.76
2008-08-23 08:45:00,557.75,621.56
2008-08-23 09:00:00,419.17,496.82
2008-08-23 09:15:00,671.5,721.65
2008-08-23 09:30:00,715.57,778.63
2008-08-23 09:45:00,740.46,807.91
2008-08-23 10:00:00,784.52,852.44
2008-08-23 10:15:00,821.67,891.03
2008-08-23 10:30:00,847.94,926.25
2008-08-23 10:45:00,874.95,958.45
2008-08-23 11:00:00,901.83,987.54
2008-08-23 11:15:00,930.55,1016.5
2008-08-23 11:30:00,791.45,893.55
2008-08-23 11:45:00,32.363,130.13
2008-08-23 12:00:00,960.76,1002.1
2008-08-23 12:15:00,671.0,757.11
2008-08-23 12:30:00,75.521,161.93
2008-08-23 12:45:00,44.015,123.17
2008-08-23 13:00:00,12.394,91.789
2008-08-23 13:15:00,21.914,98.387
2008-08-23 13:30:00,43.071,27.323
2008-08-23 13:45:00,40.273,15.327
2008-08-23 14:00:00,34.682,17.131
2008-08-23 14:15:00,36.824,14.485
2008-08-23 14:30:00,31.506,16.536
2008-08-23 14:45:00,15.809,36.001
2008-08-23 15:00:00,34.284,23.527
2008-08-23 15:15:00,40.685,15.758
2008-08-23 15:30:00,33.467,15.064
2008-08-23 15:45:00,19.599,31.238
2008-08-23 16:00:00,13.291,61.064
2008-08-23 16:15:00,73.209,158.81
2008-08-23 16:30:00,93.454,173.32
2008-08-23 16:45:00,96.486,176.55
2008-08-23 17:00:00,26.21,109.51
2008-08-23 17:15:00,27.625,44.613
2008-08-23 17:30:00,30.296,43.463
2008-08-23 17:45:00,10.715,97.023
2008-08-23 18:00:00,20.076,56.055
2008-08-23 18:15:00,26.306,46.355
2008-08-23 18:30:00,38.617,21.957
2008-08-23 18:45:00,17.732,1.1553
2008-08-23 19:00:00,3.6904,-0.8697
2008-08-23 19:15:00,0.7442,-1.371
2008-08-23 19:30:00,-0.0131,-1.4632
2008-08-23 19:45:00,0.0333,-1.0928
2008-08-23 20:00:00,0.0558,-0.8422
2008-08-23 20:15:00,-0.0059,-0.7169
2008-08-23 20:30:00,0.078,-0.6782
2008-08-23 20:45:00,-0.0313,-0.7261
2008-08-23 21:00:00,-0.0615,-0.5271
2008-08-23 21:15:00,-0.1518,-0.9343
2008-08-23 21:30:00,-0.0024,-1.2716
2008-08-23 21:45:00,-0.0267,-0.7501
2008-08-23 22:00:00,-0.0699,-0.9288
2008-08-23 22:15:00,-0.0379,-0.704
2008-08-23 22:30:00,0.0657,-0.9583
2008-08-23 22:45:00,-0.0729,-1.9922
2008-08-23 23:00:00,0.0639,-2.5967
2008-08-23 23:15:00,0.0724,-1.467
2008-08-23 23:30:00,-0.0169,-1.2809
2008-08-23 23:45:00,-0.028,-1.3381
2008-08-24 00:00:00,-0.0148,-1.2183
2008-08-24 00:15:00,-0.0234,-1.0838
2008-08-24 00:30:00,-0.1295,-0.8405
2008-08-24 00:45:00,0.0818,-0.8719
2008-08-24 01:00:00,-0.0874,-1.9355
2008-08-24 01:15:00,-0.0375,-2.3981
2008-08-24 01:30:00,-0.0164,-2.0331
2008-08-24 01:45:00,0.035,-1.7031
2008-08-24 02:00:00,-0.0647,-1.6939
2008-08-24 02:15:00,-0.1308,-2.4367
2008-08-24 02:30:00,0.0521,-2.3076
2008-08-24 02:45:00,-0.1009,-2.1823
2008-08-24 03:00:00,-0.0957,-2.2081
2008-08-24 03:15:00,0.0567,-3.3158
2008-08-24 03:30:00,-0.1519,-3.1058
2008-08-24 03:45:00,-0.0824,-3.0598
2008-08-24 04:00:00,-0.0395,-2.4737
2008-08-24 04:15:00,-0.1028,-2.9107
2008-08-24 04:30:00,-0.0223,-3.2832
2008-08-24 04:45:00,-0.0068,-3.4141
2008-08-24 05:00:00,0.2317,-2.7673
2008-08-24 05:15:00,2.492,-2.1774
2008-08-24 05:30:00,17.122,1.9231
2008-08-24 05:45:00,41.57,14.179
2008-08-24 06:00:00,31.116,29.042
2008-08-24 06:15:00,27.497,43.605
2008-08-24 06:30:00,8.7598,84.261
2008-08-24 06:45:00,15.725,136.59
2008-08-24 07:00:00,65.852,186.12
2008-08-24 07:15:00,134.73,247.21
2008-08-24 07:30:00,205.04,309.3
2008-08-24 07:45:00,280.22,376.32
2008-08-24 08:00:00,351.49,438.63
2008-08-24 08:15:00,424.84,504.18
2008-08-24 08:30:00,359.91,446.87
2008-08-24 08:45:00,165.78,266.68
2008-08-24 09:00:00,525.06,587.42
2008-08-24 09:15:00,671.19,744.1
2008-08-24 09:30:00,708.84,776.38
2008-08-24 09:45:00,754.62,822.39
2008-08-24 10:00:00,788.08,864.17
2008-08-24 10:15:00,818.09,902.5
2008-08-24 10:30:00,855.4,942.45
2008-08-24 10:45:00,878.15,973.29
2008-08-24 11:00:00,910.8,1009.4
2008-08-24 11:15:00,880.58,986.08
2008-08-24 11:30:00,770.52,864.55
2008-08-24 11:45:00,919.92,1035.0
2008-08-24 12:00:00,802.64,901.32
2008-08-24 12:15:00,854.54,951.99
2008-08-24 12:30:00,541.97,636.37
2008-08-24 12:45:00,393.01,467.0
2008-08-24 13:00:00,520.08,590.43
2008-08-24 13:15:00,461.1,536.55
2008-08-24 13:30:00,555.46,624.1
2008-08-24 13:45:00,835.03,916.89
2008-08-24 14:00:00,851.91,957.83
2008-08-24 14:15:00,626.91,732.24
2008-08-24 14:30:00,351.12,446.5
2008-08-24 14:45:00,392.67,471.47
2008-08-24 15:00:00,573.46,652.88
2008-08-24 15:15:00,311.73,405.84
2008-08-24 15:30:00,498.65,581.47
2008-08-24 15:45:00,536.78,627.57
2008-08-24 16:00:00,460.77,554.87
2008-08-24 16:15:00,149.01,245.92
2008-08-24 16:30:00,124.16,220.76
2008-08-24 16:45:00,205.86,311.68
2008-08-24 17:00:00,43.744,116.69
2008-08-24 17:15:00,34.45,46.143
2008-08-24 17:30:00,20.624,52.378
2008-08-24 17:45:00,30.877,33.438
2008-08-24 18:00:00,37.545,22.966
2008-08-24 18:15:00,30.008,22.278
2008-08-24 18:30:00,40.041,13.441
2008-08-24 18:45:00,21.29,3.8606
2008-08-24 19:00:00,1.9798,-0.245
2008-08-24 19:15:00,0.3356,-1.1569
2008-08-24 19:30:00,-0.1246,-0.9137
2008-08-24 19:45:00,-0.0672,-0.6172
2008-08-24 20:00:00,-0.0596,-1.8184
2008-08-24 20:15:00,0.0265,-2.7121
2008-08-24 20:30:00,-0.048,-2.3069
2008-08-24 20:45:00,-0.0499,-1.8666
2008-08-24 21:00:00,-0.0137,-1.6787
2008-08-24 21:15:00,-0.0784,-1.8059
2008-08-24 21:30:00,-0.0296,-1.1942
2008-08-24 21:45:00,-0.0044,-0.7519
2008-08-24 22:00:00,-0.1139,-0.5916
2008-08-24 22:15:00,-0.1039,-0.7981
2008-08-24 22:30:00,0.0677,-1.0967
2008-08-24 22:45:00,0.0112,-1.5206
2008-08-24 23:00:00,-0.0298,-1.152
2008-08-24 23:15:00,0.0062,-0.2986
2008-08-24 23:30:00,-0.1074,-0.3576
2008-08-24 23:45:00,-0.0325,-1.9888
2008-08-25 00:00:00,-0.0818,-2.1252
2008-08-25 00:15:00,-0.0998,-2.5932
2008-08-25 00:30:00,-0.0183,-2.501
2008-08-25 00:45:00,0.0084,-1.3491
2008-08-25 01:00:00,0.0414,-2.501
2008-08-25 01:15:00,0.0332,-2.9286
2008-08-25 01:30:00,0.0076,-2.2632
2008-08-25 01:45:00,-0.1913,-2.0771
2008-08-25 02:00:00,-0.0912,-2.4199
2008-08-25 02:15:00,0.0163,-2.4679
2008-08-25 02:30:00,-0.067,-2.5951
2008-08-25 02:45:00,0.0959,-2.6209
2008-08-25 03:00:00,-0.0837,-2.6044
2008-08-25 03:15:00,0.0127,-2.7445
2008-08-25 03:30:00,-0.0326,-3.1703
2008-08-25 03:45:00,0.0125,-3.3103
2008-08-25 04:00:00,-0.1229,-3.1758
2008-08-25 04:15:00,-0.0137,-2.6524
2008-08-25 04:30:00,-0.012,-2.787
2008-08-25 04:45:00,-0.0624,-2.9161
2008-08-25 05:00:00,0.1934,-2.8498
2008-08-25 05:15:00,2.4621,-2.2509
2008-08-25 05:30:00,22.081,3.2023
2008-08-25 05:45:00,40.067,15.656
2008-08-25 06:00:00,29.436,30.468
2008-08-25 06:15:00,26.266,46.369
2008-08-25 06:30:00,7.1165,85.718
2008-08-25 06:45:00,15.781,134.92
2008-08-25 07:00:00,68.167,190.56
2008-08-25 07:15:00,133.26,250.57
2008-08-25 07:30:00,204.97,312.44
2008-08-25 07:45:00,277.33,373.45
2008-08-25 08:00:00,347.26,434.79
2008-08-25 08:15:00,414.92,494.93
2008-08-25 08:30:00,479.03,555.02
2008-08-25 08:45:00,543.08,615.68
2008-08-25 09:00:00,600.32,671.97
2008-08-25 09:15:00,652.91,725.37
2008-08-25 09:30:00,699.92,776.27
2008-08-25 09:45:00,745.12,825.09
2008-08-25 10:00:00,778.17,866.38
2008-08-25 10:15:00,812.77,908.0
2008-08-25 10:30:00,844.91,944.99
2008-08-25 10:45:00,874.3,979.21
2008-08-25 11:00:00,905.11,1014.1
2008-08-25 11:15:00,953.37,1068.1
2008-08-25 11:30:00,199.25,302.6
2008-08-25 11:45:00,138.09,225.51
2008-08-25 12:00:00,381.55,447.81
2008-08-25 12:15:00,385.71,451.78
2008-08-25 12:30:00,308.0,378.38
2008-08-25 12:45:00,839.61,933.08
2008-08-25 13:00:00,1010.7,1126.0
2008-08-25 13:15:00,450.14,557.0
2008-08-25 13:30:00,703.47,788.37
2008-08-25 13:45:00,807.66,905.27
2008-08-25 14:00:00,852.43,968.64
2008-08-25 14:15:00,830.19,942.42
2008-08-25 14:30:00,456.21,575.35
2008-08-25 14:45:00,84.38,179.13
2008-08-25 15:00:00,33.067,119.66
2008-08-25 15:15:00,7.8836,87.053
2008-08-25 15:30:00,26.303,103.02
2008-08-25 15:45:00,91.461,167.46
2008-08-25 16:00:00,105.09,184.72
2008-08-25 16:15:00,84.249,164.39
2008-08-25 16:30:00,35.567,114.3
2008-08-25 16:45:00,0.5074,69.811
2008-08-25 17:00:00,1.2922,72.849
2008-08-25 17:15:00,0.4214,75.614
2008-08-25 17:30:00,14.081,51.311
2008-08-25 17:45:00,34.916,23.361
2008-08-25 18:00:00,44.125,9.2593
2008-08-25 18:15:00,35.786,5.3627
2008-08-25 18:30:00,17.915,2.7865
2008-08-25 18:45:00,4.2474,-1.188
2008-08-25 19:00:00,1.5842,-2.7684
2008-08-25 19:15:00,0.0829,-1.5105
2008-08-25 19:30:00,-0.0304,-1.0224
2008-08-25 19:45:00,0.0398,-1.0556
2008-08-25 20:00:00,0.0791,-2.0762
2008-08-25 20:15:00,-0.0381,-3.1614
2008-08-25 20:30:00,-0.0102,-3.0787
2008-08-25 20:45:00,-0.1593,-3.4733
2008-08-25 21:00:00,-0.0413,-3.2393
2008-08-25 21:15:00,-0.0151,-1.1019
2008-08-25 21:30:00,-0.0671,-1.0043
2008-08-25 21:45:00,-0.0453,-0.8348
2008-08-25 22:00:00,-0.102,-1.2421
2008-08-25 22:15:00,-0.0153,-2.5966
2008-08-25 22:30:00,0.0362,-2.4381
2008-08-25 22:45:00,-0.0481,-2.3756
2008-08-25 23:00:00,-0.0067,-0.9049
2008-08-25 23:15:00,-0.0884,-0.3391
2008-08-25 23:30:00,-0.0037,-0.4865
2008-08-25 23:45:00,-0.0161,-0.6303
2008-08-26 00:00:00,-0.0045,-0.5013
2008-08-26 00:15:00,0.0277,-0.5437
2008-08-26 00:30:00,-0.0338,-1.0357
2008-08-26 00:45:00,-0.0293,-0.551
2008-08-26 01:00:00,0.0014,-2.3552
2008-08-26 01:15:00,0.0052,-1.9055
2008-08-26 01:30:00,0.0541,-2.7015
2008-08-26 01:45:00,-0.0149,-2.6095
2008-08-26 02:00:00,-0.0213,-1.4558
2008-08-26 02:15:00,-0.0197,-1.4116
2008-08-26 02:30:00,0.0687,-2.3681
2008-08-26 02:45:00,-0.0573,-2.499
2008-08-26 03:00:00,-0.0563,-2.4419
2008-08-26 03:15:00,0.0116,-2.0181
2008-08-26 03:30:00,0.1088,-2.4051
2008-08-26 03:45:00,-0.0341,-2.6282
2008-08-26 04:00:00,0.0052,-2.6577
2008-08-26 04:15:00,-0.0755,-2.9414
2008-08-26 04:30:00,0.0226,-2.6869
2008-08-26 04:45:00,-0.0482,-2.7551
2008-08-26 05:00:00,0.1442,-2.4602
2008-08-26 05:15:00,1.9491,-2.1616
2008-08-26 05:30:00,9.6095,-0.2488
2008-08-26 05:45:00,41.455,11.84
2008-08-26 06:00:00,32.178,28.216
2008-08-26 06:15:00,27.261,43.722
2008-08-26 06:30:00,10.736,84.493
2008-08-26 06:45:00,13.39,134.74
2008-08-26 07:00:00,64.07,190.17
2008-08-26 07:15:00,131.81,249.39
2008-08-26 07:30:00,199.3,309.56
2008-08-26 07:45:00,270.89,370.47
2008-08-26 08:00:00,342.17,432.97
2008-08-26 08:15:00,412.54,496.27
2008-08-26 08:30:00,481.06,557.8
2008-08-26 08:45:00,542.74,615.81
2008-08-26 09:00:00,602.66,673.67
2008-08-26 09:15:00,648.16,726.13
2008-08-26 09:30:00,697.64,779.59
2008-08-26 09:45:00,752.63,827.17
2008-08-26 10:00:00,794.99,872.23
2008-08-26 10:15:00,821.04,910.21
2008-08-26 10:30:00,854.95,944.54
2008-08-26 10:45:00,883.41,977.86
2008-08-26 11:00:00,906.36,1005.5
2008-08-26 11:15:00,919.06,1027.7
2008-08-26 11:30:00,926.26,1050.7
2008-08-26 11:45:00,958.81,1084.3
2008-08-26 12:00:00,609.37,739.54
2008-08-26 12:15:00,685.49,801.85
2008-08-26 12:30:00,307.16,406.86
2008-08-26 12:45:00,340.64,427.73
2008-08-26 13:00:00,348.2,445.79
2008-08-26 13:15:00,175.43,268.69
2008-08-26 13:30:00,447.22,529.94
2008-08-26 13:45:00,334.46,411.69
2008-08-26 14:00:00,938.84,1037.7
2008-08-26 14:15:00,850.99,969.57
2008-08-26 14:30:00,786.84,899.22
2008-08-26 14:45:00,722.65,835.68
2008-08-26 15:00:00,638.91,758.88
2008-08-26 15:15:00,384.38,487.54
2008-08-26 15:30:00,93.669,188.69
2008-08-26 15:45:00,64.77,154.43
2008-08-26 16:00:00,323.71,416.51
2008-08-26 16:15:00,373.96,479.49
2008-08-26 16:30:00,307.59,417.75
2008-08-26 16:45:00,244.47,355.07
2008-08-26 17:00:00,41.463,135.8
2008-08-26 17:15:00,28.32,129.72
2008-08-26 17:30:00,1.0931,96.701
2008-08-26 17:45:00,15.997,53.911
2008-08-26 18:00:00,33.542,28.974
2008-08-26 18:15:00,38.119,14.369
2008-08-26 18:30:00,33.694,3.6851
2008-08-26 18:45:00,8.8002,-0.3921
2008-08-26 19:00:00,1.8485,-1.6312
2008-08-26 19:15:00,0.0754,-1.7916
2008-08-26 19:30:00,-0.0569,-1.8746
2008-08-26 19:45:00,-0.0664,-2.6537
2008-08-26 20:00:00,-0.0141,-1.873
2008-08-26 20:15:00,0.0335,-1.619
2008-08-26 20:30:00,0.0246,-1.3096
2008-08-26 20:45:00,-0.0167,-1.8457
2008-08-26 21:00:00,-0.0999,-1.4847
2008-08-26 21:15:00,0.0612,-2.0336
2008-08-26 21:30:00,0.0297,-2.5789
2008-08-26 21:45:00,-0.0501,-3.2864
2008-08-26 22:00:00,-0.1113,-3.2478
2008-08-26 22:15:00,0.0264,-1.658
2008-08-26 22:30:00,0.0075,-1.6894
2008-08-26 22:45:00,-0.0299,-2.8299
2008-08-26 23:00:00,-0.086,-2.771
2008-08-26 23:15:00,-0.0207,-3.2593
2008-08-26 23:30:00,0.0446,-2.9517
2008-08-26 23:45:00,0.0152,-2.5943
2008-08-27 00:00:00,-0.0456,-2.9997
2008-08-27 00:15:00,-0.0102,-2.6092
2008-08-27 00:30:00,-0.0635,-2.6093
2008-08-27 00:45:00,0.0974,-2.5559
2008-08-27 01:00:00,-0.0776,-2.2649
2008-08-27 01:15:00,-0.0585,-2.0327
2008-08-27 01:30:00,-0.1245,-1.8006
2008-08-27 01:45:00,-0.0333,-1.7547
2008-08-27 02:00:00,-0.0365,-1.8322
2008-08-27 02:15:00,-0.0224,-2.4534
2008-08-27 02:30:00,0.0431,-2.2801
2008-08-27 02:45:00,-0.0816,-2.3208
2008-08-27 03:00:00,0.0219,-2.2987
2008-08-27 03:15:00,-0.0479,-2.1421
2008-08-27 03:30:00,-0.0044,-2.2362
2008-08-27 03:45:00,-0.0138,-2.6898
2008-08-27 04:00:00,0.0074,-2.6031
2008-08-27 04:15:00,-0.0239,-2.2455
2008-08-27 04:30:00,0.0099,-2.2198
2008-08-27 04:45:00,-0.0114,-2.3251
2008-08-27 05:00:00,0.0192,-2.3159
2008-08-27 05:15:00,1.4717,-2.2053
2008-08-27 05:30:00,6.3701,-0.6988
2008-08-27 05:45:00,36.304,8.169
2008-08-27 06:00:00,28.396,22.879
2008-08-27 06:15:00,16.653,40.301
2008-08-27 06:30:00,9.1134,78.232
2008-08-27 06:45:00,38.71,143.36
2008-08-27 07:00:00,82.984,190.97
2008-08-27 07:15:00,96.705,197.29
2008-08-27 07:30:00,234.67,329.39
2008-08-27 07:45:00,283.89,373.2
2008-08-27 08:00:00,372.75,449.52
2008-08-27 08:15:00,449.56,516.19
2008-08-27 08:30:00,515.85,573.7
2008-08-27 08:45:00,577.98,630.29
2008-08-27 09:00:00,639.32,688.79
2008-08-27 09:15:00,690.57,741.67
2008-08-27 09:30:00,733.98,788.44
2008-08-27 09:45:00,777.73,834.26
2008-08-27 10:00:00,819.29,882.72
2008-08-27 10:15:00,844.19,922.2
2008-08-27 10:30:00,873.1,959.45
2008-08-27 10:45:00,901.43,991.59
2008-08-27 11:00:00,929.88,1017.5
2008-08-27 11:15:00,948.98,1040.8
2008-08-27 11:30:00,961.15,1055.9
2008-08-27 11:45:00,969.32,1067.9
2008-08-27 12:00:00,979.33,1077.4
2008-08-27 12:15:00,984.35,1079.8
2008-08-27 12:30:00,969.99,1069.4
2008-08-27 12:45:00,959.78,1061.5
2008-08-27 13:00:00,927.99,1035.0
2008-08-27 13:15:00,931.34,1032.2
2008-08-27 13:30:00,910.05,1021.9
2008-08-27 13:45:00,879.13,983.61
2008-08-27 14:00:00,847.5,952.04
2008-08-27 14:15:00,769.85,875.72
2008-08-27 14:30:00,742.36,849.49
2008-08-27 14:45:00,724.55,830.73
2008-08-27 15:00:00,679.62,776.05
2008-08-27 15:15:00,399.9,513.41
2008-08-27 15:30:00,158.37,265.3
2008-08-27 15:45:00,307.78,397.77
2008-08-27 16:00:00,353.09,453.8
2008-08-27 16:15:00,342.92,451.75
2008-08-27 16:30:00,152.04,254.04
2008-08-27 16:45:00,73.315,169.85
2008-08-27 17:00:00,11.851,101.55
2008-08-27 17:15:00,8.1848,91.772
2008-08-27 17:30:00,-2.0225,69.464
2008-08-27 17:45:00,5.7919,65.988
2008-08-27 18:00:00,14.608,54.513
2008-08-27 18:15:00,35.448,27.608
2008-08-27 18:30:00,36.725,10.13
2008-08-27 18:45:00,8.6825,-0.5709
2008-08-27 19:00:00,2.9465,-1.9707
2008-08-27 19:15:00,0.1786,-3.496
2008-08-27 19:30:00,-0.0358,-3.3692
2008-08-27 19:45:00,0.0087,-3.0673
2008-08-27 20:00:00,-0.079,-2.338
2008-08-27 20:15:00,0.0144,-2.8338
2008-08-27 20:30:00,-0.1054,-2.6017
2008-08-27 20:45:00,-0.0215,-2.2665
2008-08-27 21:00:00,0.043,-3.1381
2008-08-27 21:15:00,0.0151,-2.8563
2008-08-27 21:30:00,-0.0261,-2.8232
2008-08-27 21:45:00,-0.0395,-3.2177
2008-08-27 22:00:00,-0.0248,-2.9137
2008-08-27 22:15:00,-0.0216,-2.5526
2008-08-27 22:30:00,0.0285,-2.5914
2008-08-27 22:45:00,-0.0374,-3.2642
2008-08-27 23:00:00,-0.03,-2.3869
2008-08-27 23:15:00,-0.1202,-2.0146
2008-08-27 23:30:00,-0.0913,-0.8239
2008-08-27 23:45:00,-0.0529,-0.8701
2008-08-28 00:00:00,-0.1038,-2.0572
2008-08-28 00:15:00,0.0412,-1.3383
2008-08-28 00:30:00,-0.1161,-1.3364
2008-08-28 00:45:00,-0.0941,-1.9226
2008-08-28 01:00:00,0.0361,-2.4516
2008-08-28 01:15:00,-0.0375,-2.9474
2008-08-28 01:30:00,-0.0788,-2.7538
2008-08-28 01:45:00,-0.0576,-2.7316
2008-08-28 02:00:00,-0.1298,-3.7083
2008-08-28 02:15:00,0.0228,-2.6816
2008-08-28 02:30:00,0.0261,-3.8574
2008-08-28 02:45:00,0.0063,-3.2583
2008-08-28 03:00:00,-0.0072,-2.9672
2008-08-28 03:15:00,-0.0402,-3.1276
2008-08-28 03:30:00,0.0401,-3.3674
2008-08-28 03:45:00,-0.0058,-2.844
2008-08-28 04:00:00,0.067,-3.0599
2008-08-28 04:15:00,-0.0168,-2.6876
2008-08-28 04:30:00,-0.0465,-2.6748
2008-08-28 04:45:00,-0.0011,-2.8095
2008-08-28 05:00:00,0.1188,-2.5349
2008-08-28 05:15:00,1.8075,-2.2917
2008-08-28 05:30:00,8.9749,-0.2544
2008-08-28 05:45:00,39.108,11.198
2008-08-28 06:00:00,30.08,27.998
2008-08-28 06:15:00,24.723,45.756
2008-08-28 06:30:00,6.7536,87.41
2008-08-28 06:45:00,22.021,139.62
2008-08-28 07:00:00,74.148,193.28
2008-08-28 07:15:00,140.14,250.36
2008-08-28 07:30:00,212.17,311.75
2008-08-28 07:45:00,288.08,375.17
2008-08-28 08:00:00,360.87,438.27
2008-08-28 08:15:00,428.22,499.43
2008-08-28 08:30:00,499.73,562.74
2008-08-28 08:45:00,560.54,622.7
2008-08-28 09:00:00,615.78,677.83
2008-08-28 09:15:00,670.57,729.33
2008-08-28 09:30:00,730.67,783.47
2008-08-28 09:45:00,780.92,834.29
2008-08-28 10:00:00,817.49,875.47
2008-08-28 10:15:00,855.84,912.88
2008-08-28 10:30:00,891.82,948.54
2008-08-28 10:45:00,901.41,958.23
2008-08-28 11:00:00,902.32,969.37
2008-08-28 11:15:00,934.55,998.08
2008-08-28 11:30:00,948.24,1014.7
2008-08-28 11:45:00,948.82,1027.4
2008-08-28 12:00:00,955.23,1033.7
2008-08-28 12:15:00,960.06,1037.0
2008-08-28 12:30:00,956.14,1035.7
2008-08-28 12:45:00,949.13,1023.1
2008-08-28 13:00:00,929.94,1005.9
2008-08-28 13:15:00,901.63,978.24
2008-08-28 13:30:00,874.57,949.91
2008-08-28 13:45:00,830.7,917.15
2008-08-28 14:00:00,811.47,888.19
2008-08-28 14:15:00,773.72,849.9
2008-08-28 14:30:00,737.84,815.73
2008-08-28 14:45:00,691.37,771.74
2008-08-28 15:00:00,649.66,728.58
2008-08-28 15:15:00,593.76,676.91
2008-08-28 15:30:00,536.24,621.46
2008-08-28 15:45:00,478.61,566.35
2008-08-28 16:00:00,409.59,501.46
2008-08-28 16:15:00,342.3,441.58
2008-08-28 16:30:00,274.41,380.55
2008-08-28 16:45:00,204.31,318.57
2008-08-28 17:00:00,136.41,257.95
2008-08-28 17:15:00,70.801,198.01
2008-08-28 17:30:00,12.832,127.25
2008-08-28 17:45:00,29.178,49.528
2008-08-28 18:00:00,30.212,35.973
2008-08-28 18:15:00,36.793,21.848
2008-08-28 18:30:00,40.535,8.3834
2008-08-28 18:45:00,11.697,-0.3353
2008-08-28 19:00:00,2.5489,-3.3563
2008-08-28 19:15:00,0.3233,-3.504
2008-08-28 19:30:00,0.0369,-3.7437
2008-08-28 19:45:00,-0.0041,-4.3613
2008-08-28 20:00:00,-0.0189,-3.2873
2008-08-28 20:15:00,-0.0769,-3.1143
2008-08-28 20:30:00,-0.055,-2.8676
2008-08-28 20:45:00,-0.0354,-2.7664
2008-08-28 21:00:00,0.0189,-3.1076
2008-08-28 21:15:00,-0.0291,-2.8238
2008-08-28 21:30:00,-0.0037,-2.4958
2008-08-28 21:45:00,-0.0185,-2.4719
2008-08-28 22:00:00,-0.049,-2.531
2008-08-28 22:15:00,0.0271,-2.5845
2008-08-28 22:30:00,-0.0434,-2.5163
2008-08-28 22:45:00,-0.0208,-2.4721
2008-08-28 23:00:00,-0.0497,-2.4906
2008-08-28 23:15:00,-0.102,-2.5756
2008-08-28 23:30:00,0.0336,-2.6218
2008-08-28 23:45:00,-0.0198,-2.4522
2008-08-29 00:00:00,0.0822,-2.0521
2008-08-29 00:15:00,-0.0687,-2.1554
2008-08-29 00:30:00,-0.0256,-2.3565
2008-08-29 00:45:00,-0.0673,-2.1998
2008-08-29 01:00:00,0.0338,-2.2108
2008-08-29 01:15:00,-0.1081,-2.1076
2008-08-29 01:30:00,-0.1041,-2.0265
2008-08-29 01:45:00,-0.0969,-1.8902
2008-08-29 02:00:00,-0.0767,-1.313
2008-08-29 02:15:00,-0.001,-1.5915
2008-08-29 02:30:00,0.0091,-1.929
2008-08-29 02:45:00,-0.0756,-1.9105
2008-08-29 03:00:00,-0.0532,-2.0157
2008-08-29 03:15:00,0.0429,-2.0563
2008-08-29 03:30:00,0.1114,-2.2039
2008-08-29 03:45:00,-0.0729,-2.0637
2008-08-29 04:00:00,0.0255,-2.2296
2008-08-29 04:15:00,-0.0162,-2.2739
2008-08-29 04:30:00,-0.0282,-2.7423
2008-08-29 04:45:00,-0.0388,-2.3034
2008-08-29 05:00:00,0.1033,-2.0028
2008-08-29 05:15:00,1.9419,-1.2449
2008-08-29 05:30:00,6.9806,0.948
2008-08-29 05:45:00,32.539,7.8382
2008-08-29 06:00:00,33.048,22.765
2008-08-29 06:15:00,20.728,43.037
2008-08-29 06:30:00,9.9691,84.41
2008-08-29 06:45:00,17.605,133.94
2008-08-29 07:00:00,67.996,186.3
2008-08-29 07:15:00,132.19,244.43
2008-08-29 07:30:00,204.99,307.65
2008-08-29 07:45:00,278.43,371.15
2008-08-29 08:00:00,348.57,432.13
2008-08-29 08:15:00,419.68,495.43
2008-08-29 08:30:00,485.48,554.94
2008-08-29 08:45:00,549.66,612.86
2008-08-29 09:00:00,612.36,670.94
2008-08-29 09:15:00,670.4,727.47
2008-08-29 09:30:00,724.06,779.64
2008-08-29 09:45:00,764.4,827.97
2008-08-29 10:00:00,801.38,869.68
2008-08-29 10:15:00,829.06,905.04
2008-08-29 10:30:00,861.61,940.65
2008-08-29 10:45:00,895.44,970.53
2008-08-29 11:00:00,912.06,996.75
2008-08-29 11:15:00,934.38,1019.1
2008-08-29 11:30:00,944.67,1034.5
2008-08-29 11:45:00,951.92,1047.1
2008-08-29 12:00:00,946.55,1047.6
2008-08-29 12:15:00,951.2,1050.6
2008-08-29 12:30:00,944.69,1047.5
2008-08-29 12:45:00,938.15,1041.1
2008-08-29 13:00:00,921.57,1026.8
2008-08-29 13:15:00,896.08,1005.0
2008-08-29 13:30:00,879.66,985.7
2008-08-29 13:45:00,856.18,957.8
2008-08-29 14:00:00,819.7,922.9
2008-08-29 14:15:00,779.28,880.38
2008-08-29 14:30:00,746.38,840.8
2008-08-29 14:45:00,696.35,790.84
2008-08-29 15:00:00,654.14,747.28
2008-08-29 15:15:00,604.74,696.81
2008-08-29 15:30:00,538.66,635.77
2008-08-29 15:45:00,476.73,575.01
2008-08-29 16:00:00,416.01,517.5
2008-08-29 16:15:00,348.91,456.08
2008-08-29 16:30:00,279.64,391.86
2008-08-29 16:45:00,205.82,325.06
2008-08-29 17:00:00,136.83,261.39
2008-08-29 17:15:00,70.636,201.17
2008-08-29 17:30:00,13.008,118.96
2008-08-29 17:45:00,28.555,46.587
2008-08-29 18:00:00,29.742,34.401
2008-08-29 18:15:00,37.069,20.508
2008-08-29 18:30:00,37.0,6.2216
2008-08-29 18:45:00,8.8063,-1.2301
2008-08-29 19:00:00,2.1688,-3.779
2008-08-29 19:15:00,0.0224,-3.8623
2008-08-29 19:30:00,-0.082,-3.8407
2008-08-29 19:45:00,0.0487,-3.4614
2008-08-29 20:00:00,0.0126,-2.6215
2008-08-29 20:15:00,0.0148,-2.7249
2008-08-29 20:30:00,-0.0866,-2.7748
2008-08-29 20:45:00,0.0129,-2.9998
2008-08-29 21:00:00,-0.0582,-2.8654
2008-08-29 21:15:00,-0.0406,-2.5799
2008-08-29 21:30:00,-0.0454,-3.0535
2008-08-29 21:45:00,0.0447,-2.1745
2008-08-29 22:00:00,0.0289,-2.6095
2008-08-29 22:15:00,-0.0165,-2.8419
2008-08-29 22:30:00,0.0028,-1.8228
2008-08-29 22:45:00,0.0117,-1.3787
2008-08-29 23:00:00,-0.067,-2.1234
2008-08-29 23:15:00,-0.0674,-2.2894
2008-08-29 23:30:00,0.0047,-2.7004
2008-08-29 23:45:00,-0.0516,-2.6728
2008-08-30 00:00:00,0.054,-2.1917
2008-08-30 00:15:00,-0.0064,-1.7549
2008-08-30 00:30:00,-0.0701,-2.0259
2008-08-30 00:45:00,-0.0418,-2.1992
2008-08-30 01:00:00,-0.0469,-2.5292
2008-08-30 01:15:00,-0.0248,-2.9938
2008-08-30 01:30:00,0.0081,-2.273
2008-08-30 01:45:00,0.0006,-1.9836
2008-08-30 02:00:00,0.0471,-2.5312
2008-08-30 02:15:00,0.0333,-2.015
2008-08-30 02:30:00,-0.0734,-3.5747
2008-08-30 02:45:00,-0.0706,-3.2078
2008-08-30 03:00:00,-0.0324,-2.782
2008-08-30 03:15:00,-0.0972,-2.2677
2008-08-30 03:30:00,-0.0682,-2.3323
2008-08-30 03:45:00,0.0575,-2.465
2008-08-30 04:00:00,0.0006,-3.0496
2008-08-30 04:15:00,-0.0277,-2.4652
2008-08-30 04:30:00,0.0557,-2.4357
2008-08-30 04:45:00,-0.0673,-2.9796
2008-08-30 05:00:00,0.1035,-2.3011
2008-08-30 05:15:00,1.9124,-2.0633
2008-08-30 05:30:00,8.3153,-0.4499
2008-08-30 05:45:00,38.931,9.0707
2008-08-30 06:00:00,31.681,25.284
2008-08-30 06:15:00,23.162,43.624
2008-08-30 06:30:00,10.021,83.957
2008-08-30 06:45:00,17.771,135.97
2008-08-30 07:00:00,71.145,191.28
2008-08-30 07:15:00,135.61,249.83
2008-08-30 07:30:00,205.31,312.28
2008-08-30 07:45:00,281.29,377.09
2008-08-30 08:00:00,355.8,443.59
2008-08-30 08:15:00,424.65,506.05
2008-08-30 08:30:00,491.15,567.2
2008-08-30 08:45:00,550.34,624.75
2008-08-30 09:00:00,606.65,682.28
2008-08-30 09:15:00,661.12,738.26
2008-08-30 09:30:00,711.93,789.45
2008-08-30 09:45:00,758.66,838.24
2008-08-30 10:00:00,795.51,880.84
2008-08-30 10:15:00,827.98,921.57
2008-08-30 10:30:00,862.83,959.02
2008-08-30 10:45:00,887.0,986.03
2008-08-30 11:00:00,913.19,1014.2
2008-08-30 11:15:00,920.93,1034.0
2008-08-30 11:30:00,939.91,1053.1
2008-08-30 11:45:00,941.41,1061.8
2008-08-30 12:00:00,945.38,1065.5
2008-08-30 12:15:00,939.26,1067.2
2008-08-30 12:30:00,925.7,1060.6
2008-08-30 12:45:00,915.71,1050.3
2008-08-30 13:00:00,904.0,1032.9
2008-08-30 13:15:00,887.12,1017.7
2008-08-30 13:30:00,858.14,989.4
2008-08-30 13:45:00,840.71,963.58
2008-08-30 14:00:00,793.28,914.04
2008-08-30 14:15:00,641.17,753.51
2008-08-30 14:30:00,582.62,687.07
2008-08-30 14:45:00,540.34,648.57
2008-08-30 15:00:00,682.69,789.4
2008-08-30 15:15:00,461.89,576.14
2008-08-30 15:30:00,463.08,564.31
2008-08-30 15:45:00,476.21,580.39
2008-08-30 16:00:00,413.06,522.72
2008-08-30 16:15:00,344.4,457.31
2008-08-30 16:30:00,288.39,404.82
2008-08-30 16:45:00,216.62,340.68
2008-08-30 17:00:00,149.22,281.05
2008-08-30 17:15:00,30.094,74.877
2008-08-30 17:30:00,32.208,70.017
2008-08-30 17:45:00,30.396,42.497
2008-08-30 18:00:00,35.044,27.996
2008-08-30 18:15:00,40.222,15.565
2008-08-30 18:30:00,31.686,5.8128
2008-08-30 18:45:00,6.4873,-0.1915
2008-08-30 19:00:00,1.3388,-2.3131
2008-08-30 19:15:00,-0.0209,-3.9598
2008-08-30 19:30:00,-0.0316,-3.7262
2008-08-30 19:45:00,-0.055,-3.4944
2008-08-30 20:00:00,-0.0437,-3.2589
2008-08-30 20:15:00,0.0022,-3.3088
2008-08-30 20:30:00,-0.0058,-2.8871
2008-08-30 20:45:00,-0.0306,-1.4611
2008-08-30 21:00:00,-0.0313,-0.4957
2008-08-30 21:15:00,-0.0299,-0.9048
2008-08-30 21:30:00,-0.0461,-2.7622
2008-08-30 21:45:00,-0.0478,-2.5595
2008-08-30 22:00:00,-0.0881,-2.3753
2008-08-30 22:15:00,0.0121,-2.5282
2008-08-30 22:30:00,-0.0643,-1.8464
2008-08-30 22:45:00,-0.0676,-1.8925
2008-08-30 23:00:00,-0.0097,-1.9662
2008-08-30 23:15:00,-0.092,-3.0941
2008-08-30 23:30:00,-0.0739,-2.3127
2008-08-30 23:45:00,-0.0533,-2.8859
2008-08-31 00:00:00,0.0126,-2.9561
2008-08-31 00:15:00,-0.0275,-2.5783
2008-08-31 00:30:00,-0.105,-3.0263
2008-08-31 00:45:00,-0.0434,-2.4255
2008-08-31 01:00:00,-0.0234,-2.8531
2008-08-31 01:15:00,0.0327,-2.1786
2008-08-31 01:30:00,0.0304,0.1659
2008-08-31 01:45:00,-0.0974,0.5972
2008-08-31 02:00:00,0.0452,-0.2783
2008-08-31 02:15:00,-0.027,-1.093
2008-08-31 02:30:00,-0.029,-3.5276
2008-08-31 02:45:00,-0.0219,-3.533
2008-08-31 03:00:00,-0.0186,-2.464
2008-08-31 03:15:00,-0.0122,-2.1894
2008-08-31 03:30:00,-0.0462,-1.8596
2008-08-31 03:45:00,-0.0211,-2.5009
2008-08-31 04:00:00,-0.0335,-2.5599
2008-08-31 04:15:00,-0.0647,-2.7333
2008-08-31 04:30:00,-0.0415,-3.7451
2008-08-31 04:45:00,-0.0378,-3.2419
2008-08-31 05:00:00,0.0441,-3.3415
2008-08-31 05:15:00,1.6791,-2.433
2008-08-31 05:30:00,8.4959,0.9438
2008-08-31 05:45:00,39.236,12.015
2008-08-31 06:00:00,29.203,29.346
2008-08-31 06:15:00,19.717,52.133
2008-08-31 06:30:00,3.9835,99.459
2008-08-31 06:45:00,31.92,143.08
2008-08-31 07:00:00,74.563,184.88
2008-08-31 07:15:00,135.55,243.06
2008-08-31 07:30:00,155.32,256.29
2008-08-31 07:45:00,306.08,400.37
2008-08-31 08:00:00,341.4,429.86
2008-08-31 08:15:00,434.12,515.83
2008-08-31 08:30:00,491.02,568.11
2008-08-31 08:45:00,554.71,626.76
2008-08-31 09:00:00,613.93,683.64
2008-08-31 09:15:00,666.26,737.63
2008-08-31 09:30:00,712.45,786.51
2008-08-31 09:45:00,752.06,830.93
2008-08-31 10:00:00,797.06,876.08
2008-08-31 10:15:00,833.64,920.0
2008-08-31 10:30:00,736.61,829.27
2008-08-31 10:45:00,882.03,973.32
2008-08-31 11:00:00,909.45,1009.6
2008-08-31 11:15:00,934.04,1033.5
2008-08-31 11:30:00,951.89,1060.5
2008-08-31 11:45:00,907.42,1021.3
2008-08-31 12:00:00,923.61,1038.3
2008-08-31 12:15:00,859.4,983.5
2008-08-31 12:30:00,963.02,1080.7
2008-08-31 12:45:00,937.52,1050.2
2008-08-31 13:00:00,920.2,1038.1
2008-08-31 13:15:00,918.93,1026.7
2008-08-31 13:30:00,828.33,938.91
2008-08-31 13:45:00,870.29,978.29
2008-08-31 14:00:00,109.45,202.57
2008-08-31 14:15:00,107.24,189.43
2008-08-31 14:30:00,220.96,297.01
2008-08-31 14:45:00,553.71,612.46
2008-08-31 15:00:00,177.36,258.44
2008-08-31 15:15:00,129.62,198.48
2008-08-31 15:30:00,27.618,103.36
2008-08-31 15:45:00,34.743,31.713
2008-08-31 16:00:00,31.163,29.386
2008-08-31 16:15:00,32.072,24.374
2008-08-31 16:30:00,32.974,7.0322
2008-08-31 16:45:00,12.568,-0.4714
2008-08-31 17:00:00,24.725,3.3045
2008-08-31 17:15:00,30.814,18.354
2008-08-31 17:30:00,13.762,38.569
2008-08-31 17:45:00,27.719,30.821
2008-08-31 18:00:00,21.196,37.449
2008-08-31 18:15:00,29.183,32.334
2008-08-31 18:30:00,25.389,6.2591
2008-08-31 18:45:00,3.802,0.0811
2008-08-31 19:00:00,0.9338,-1.9205
2008-08-31 19:15:00,-0.098,-2.3555
2008-08-31 19:30:00,-0.0157,-1.6109
2008-08-31 19:45:00,0.0032,-0.9732
2008-08-31 20:00:00,-0.1273,-1.0378
2008-08-31 20:15:00,-0.0776,-1.6516
2008-08-31 20:30:00,-0.0039,-1.3253
2008-08-31 20:45:00,-0.013,-0.8074
2008-08-31 21:00:00,-0.0185,-0.4793
2008-08-31 21:15:00,0.0202,-0.5567
2008-08-31 21:30:00,-0.0027,-0.7797
2008-08-31 21:45:00,-0.026,-2.553
2008-08-31 22:00:00,-0.0016,-2.1917
2008-08-31 22:15:00,0.0897,-1.1576
2008-08-31 22:30:00,-0.007,-0.8037
2008-08-31 22:45:00,-0.0387,-0.7502
2008-08-31 23:00:00,-0.0406,-0.3392
2008-08-31 23:15:00,-0.1085,-0.4959
2008-08-31 23:30:00,-0.0479,-0.6194
2008-08-31 23:45:00,-0.1084,-1.0986
2008-09-01 00:00:00,-0.0162,-0.9899
2008-09-01 00:15:00,0.0718,-0.8387
2008-09-01 00:30:00,-0.0877,-1.4912
2008-09-01 00:45:00,-0.0074,-1.2792
2008-09-01 01:00:00,-0.0496,-1.3217
2008-09-01 01:15:00,-0.0742,-1.1097
2008-09-01 01:30:00,-0.0413,-1.3622
2008-09-01 01:45:00,-0.084,-1.9263
2008-09-01 02:00:00,-0.0188,-2.0074
2008-09-01 02:15:00,-0.0351,-1.8378
2008-09-01 02:30:00,0.0778,-1.6738
2008-09-01 02:45:00,-0.0917,-1.895
2008-09-01 03:00:00,-0.0083,-1.6259
2008-09-01 03:15:00,-0.0591,-2.0389
2008-09-01 03:30:00,-0.1847,-1.8066
2008-09-01 03:45:00,0.0189,-1.9873
2008-09-01 04:00:00,-0.087,-1.9099
2008-09-01 04:15:00,-0.0155,-1.9081
2008-09-01 04:30:00,-0.1001,-1.6611
2008-09-01 04:45:00,-0.0643,-1.8381
2008-09-01 05:00:00,0.2082,-1.4805
2008-09-01 05:15:00,1.8321,-1.4307
2008-09-01 05:30:00,12.574,1.6944
2008-09-01 05:45:00,40.037,9.6633
2008-09-01 06:00:00,31.666,27.467
2008-09-01 06:15:00,23.154,44.443
2008-09-01 06:30:00,9.9116,91.847
2008-09-01 06:45:00,35.915,156.14
2008-09-01 07:00:00,56.84,165.65
2008-09-01 07:15:00,63.804,159.79
2008-09-01 07:30:00,245.26,345.06
2008-09-01 07:45:00,246.59,339.41
2008-09-01 08:00:00,141.85,230.79
2008-09-01 08:15:00,406.24,481.62
2008-09-01 08:30:00,500.94,570.55
2008-09-01 08:45:00,574.02,640.45
2008-09-01 09:00:00,635.7,703.15
2008-09-01 09:15:00,684.93,750.85
2008-09-01 09:30:00,745.22,811.89
2008-09-01 09:45:00,780.62,856.33
2008-09-01 10:00:00,776.09,853.4
2008-09-01 10:15:00,825.64,905.14
2008-09-01 10:30:00,908.83,986.81
2008-09-01 10:45:00,940.42,1022.1
2008-09-01 11:00:00,959.43,1044.2
2008-09-01 11:15:00,974.08,1064.7
2008-09-01 11:30:00,982.13,1074.9
2008-09-01 11:45:00,976.03,1077.8
2008-09-01 12:00:00,978.48,1085.6
2008-09-01 12:15:00,984.01,1087.6
2008-09-01 12:30:00,977.5,1081.7
2008-09-01 12:45:00,840.98,957.41
2008-09-01 13:00:00,909.49,1013.0
2008-09-01 13:15:00,898.89,999.54
2008-09-01 13:30:00,914.11,1018.2
2008-09-01 13:45:00,871.39,973.7
2008-09-01 14:00:00,858.27,957.69
2008-09-01 14:15:00,804.23,908.69
2008-09-01 14:30:00,820.19,924.97
2008-09-01 14:45:00,757.1,859.21
2008-09-01 15:00:00,639.59,741.29
2008-09-01 15:15:00,665.2,768.82
2008-09-01 15:30:00,615.8,723.69
2008-09-01 15:45:00,540.3,640.76
2008-09-01 16:00:00,473.47,577.21
2008-09-01 16:15:00,250.41,357.28
2008-09-01 16:30:00,316.89,433.14
2008-09-01 16:45:00,231.77,357.29
2008-09-01 17:00:00,149.48,283.73
2008-09-01 17:15:00,72.346,216.4
2008-09-01 17:30:00,21.181,105.33
2008-09-01 17:45:00,45.241,33.387
2008-09-01 18:00:00,38.847,18.411
2008-09-01 18:15:00,34.321,7.6287
2008-09-01 18:30:00,8.2483,0.1528
2008-09-01 18:45:00,3.1123,-0.3407
2008-09-01 19:00:00,0.9477,-1.5267
2008-09-01 19:15:00,-0.1182,-2.05
2008-09-01 19:30:00,-0.0455,-1.2379
2008-09-01 19:45:00,-0.0994,-1.3652
2008-09-01 20:00:00,-0.0649,-1.6509
2008-09-01 20:15:00,-0.1041,-1.207
2008-09-01 20:30:00,-0.0797,-0.6726
2008-09-01 20:45:00,-0.0221,-0.7759
2008-09-01 21:00:00,-0.0417,-0.7188
2008-09-01 21:15:00,-0.1545,-0.8405
2008-09-01 21:30:00,-0.0261,-1.9133
2008-09-01 21:45:00,-0.0298,-2.9807
2008-09-01 22:00:00,-0.0863,-1.661
2008-09-01 22:15:00,0.0282,-1.7347
2008-09-01 22:30:00,-0.0175,-1.8398
2008-09-01 22:45:00,-0.0622,-1.5192
2008-09-01 23:00:00,-0.0258,-1.298
2008-09-01 23:15:00,-0.0918,-1.145
2008-09-01 23:30:00,-0.0206,-1.121
2008-09-01 23:45:00,-0.048,-1.2796
2008-09-02 00:00:00,0.0208,-1.5359
2008-09-02 00:15:00,-0.0244,-1.4898
2008-09-02 00:30:00,-0.0466,-1.7388
2008-09-02 00:45:00,0.1082,-1.9878
2008-09-02 01:00:00,0.0247,-2.0358
2008-09-02 01:15:00,0.006,-2.0728
2008-09-02 01:30:00,0.0601,-2.1798
2008-09-02 01:45:00,-0.0141,-2.2223
2008-09-02 02:00:00,0.0003,-2.2132
2008-09-02 02:15:00,-0.0713,-2.1248
2008-09-02 02:30:00,-0.0842,-1.9515
2008-09-02 02:45:00,-0.0535,-1.9535
2008-09-02 03:00:00,0.0683,-1.1142
2008-09-02 03:15:00,0.0585,-0.6659
2008-09-02 03:30:00,0.0137,-0.6512
2008-09-02 03:45:00,-0.0422,-0.6494
2008-09-02 04:00:00,0.0873,-0.5885
2008-09-02 04:15:00,-0.0254,-0.5036
2008-09-02 04:30:00,-0.0057,-0.5516
2008-09-02 04:45:00,-0.0772,-0.5682
2008-09-02 05:00:00,-0.032,-0.511
2008-09-02 05:15:00,0.4931,-0.4114
2008-09-02 05:30:00,3.5562,0.6235
2008-09-02 05:45:00,17.427,4.5603
2008-09-02 06:00:00,41.926,11.932
2008-09-02 06:15:00,31.845,21.979
2008-09-02 06:30:00,23.491,36.765
2008-09-02 06:45:00,19.025,46.148
2008-09-02 07:00:00,7.1585,58.356
2008-09-02 07:15:00,5.8937,68.442
2008-09-02 07:30:00,12.024,90.322
2008-09-02 07:45:00,20.722,104.69
2008-09-02 08:00:00,14.151,100.69
2008-09-02 08:15:00,34.199,115.85
2008-09-02 08:30:00,50.524,133.05
2008-09-02 08:45:00,58.638,140.49
2008-09-02 09:00:00,91.886,169.71
2008-09-02 09:15:00,146.05,217.93
2008-09-02 09:30:00,224.49,291.45
2008-09-02 09:45:00,346.86,395.24
2008-09-02 10:00:00,439.6,487.89
2008-09-02 10:15:00,363.51,417.63
2008-09-02 10:30:00,370.79,422.78
2008-09-02 10:45:00,391.73,441.7
2008-09-02 11:00:00,394.19,443.36
2008-09-02 11:15:00,391.77,444.83
2008-09-02 11:30:00,487.41,533.76
2008-09-02 11:45:00,589.13,626.75
2008-09-02 12:00:00,907.55,937.3
2008-09-02 12:15:00,1028.7,1071.9
2008-09-02 12:30:00,1048.4,1105.9
2008-09-02 12:45:00,1015.2,1081.2
2008-09-02 13:00:00,1013.1,1072.4
2008-09-02 13:15:00,1005.3,1050.9
2008-09-02 13:30:00,878.51,934.42
2008-09-02 13:45:00,887.73,929.41
2008-09-02 14:00:00,831.61,896.43
2008-09-02 14:15:00,797.77,850.16
2008-09-02 14:30:00,520.47,593.28
2008-09-02 14:45:00,690.6,748.22
2008-09-02 15:00:00,532.99,601.6
2008-09-02 15:15:00,485.86,550.64
2008-09-02 15:30:00,410.18,482.76
2008-09-02 15:45:00,212.36,302.79
2008-09-02 16:00:00,251.06,333.61
2008-09-02 16:15:00,293.69,384.96
2008-09-02 16:30:00,147.75,243.46
2008-09-02 16:45:00,66.753,156.37
2008-09-02 17:00:00,6.5365,92.346
2008-09-02 17:15:00,5.6514,88.022
2008-09-02 17:30:00,6.394,64.732
2008-09-02 17:45:00,28.487,33.399
2008-09-02 18:00:00,37.42,26.441
2008-09-02 18:15:00,42.456,9.4736
2008-09-02 18:30:00,11.494,1.9829
2008-09-02 18:45:00,3.5353,-0.271
2008-09-02 19:00:00,0.6955,-0.7226
2008-09-02 19:15:00,-0.0963,-0.8
2008-09-02 19:30:00,-0.0195,-0.789
2008-09-02 19:45:00,-0.0013,-0.7946
2008-09-02 20:00:00,-0.0137,-0.8905
2008-09-02 20:15:00,-0.0425,-0.8702
2008-09-02 20:30:00,-0.0147,-0.9661
2008-09-02 20:45:00,-0.048,-0.9809
2008-09-02 21:00:00,0.0475,-1.287
2008-09-02 21:15:00,0.0303,-1.3811
2008-09-02 21:30:00,0.0084,-1.4401
2008-09-02 21:45:00,0.0077,-1.7812
2008-09-02 22:00:00,0.0044,-2.1224
2008-09-02 22:15:00,-0.0954,-2.1539
2008-09-02 22:30:00,-0.0787,-1.9437
2008-09-02 22:45:00,-0.0447,-2.0341
2008-09-02 23:00:00,-0.1151,-2.4621
2008-09-02 23:15:00,0.0256,-3.2166
2008-09-02 23:30:00,-0.12,-3.0655
2008-09-02 23:45:00,-0.0601,-2.9661
2008-09-03 00:00:00,-0.0514,-3.005
2008-09-03 00:15:00,0.0257,-2.6694
2008-09-03 00:30:00,0.0268,-2.6971
2008-09-03 00:45:00,-0.0066,-2.688
2008-09-03 01:00:00,-0.0133,-2.7139
2008-09-03 01:15:00,0.0031,-2.6199
2008-09-03 01:30:00,0.0085,-2.4134
2008-09-03 01:45:00,0.0728,-2.3655
2008-09-03 02:00:00,0.0039,-2.1773
2008-09-03 02:15:00,-0.0695,-2.1109
2008-09-03 02:30:00,0.0702,-2.2973
2008-09-03 02:45:00,-0.0998,-2.5539
2008-09-03 03:00:00,0.0752,-2.4616
2008-09-03 03:15:00,-0.0274,-2.4561
2008-09-03 03:30:00,0.0459,-2.5557
2008-09-03 03:45:00,-0.0573,-2.2919
2008-09-03 04:00:00,-0.001,-2.3602
2008-09-03 04:15:00,0.0033,-2.5705
2008-09-03 04:30:00,-0.0669,-2.2292
2008-09-03 04:45:00,0.0737,-2.2919
2008-09-03 05:00:00,0.0187,-2.4303
2008-09-03 05:15:00,0.915,-2.2163
2008-09-03 05:30:00,6.1874,-0.3174
2008-09-03 05:45:00,24.331,4.6706
2008-09-03 06:00:00,39.777,17.547
2008-09-03 06:15:00,23.54,43.166
2008-09-03 06:30:00,8.1977,92.455
2008-09-03 06:45:00,28.144,149.36
2008-09-03 07:00:00,83.253,204.13
2008-09-03 07:15:00,152.47,262.12
2008-09-03 07:30:00,231.24,329.64
2008-09-03 07:45:00,313.71,396.08
2008-09-03 08:00:00,390.47,460.38
2008-09-03 08:15:00,465.16,523.22
2008-09-03 08:30:00,534.94,583.13
2008-09-03 08:45:00,603.87,643.68
2008-09-03 09:00:00,662.05,697.96
2008-09-03 09:15:00,713.68,748.15
2008-09-03 09:30:00,772.81,802.89
2008-09-03 09:45:00,810.0,847.82
2008-09-03 10:00:00,846.38,890.89
2008-09-03 10:15:00,888.1,932.33
2008-09-03 10:30:00,918.69,967.49
2008-09-03 10:45:00,942.32,995.77
2008-09-03 11:00:00,961.98,1023.3
2008-09-03 11:15:00,974.41,1043.1
2008-09-03 11:30:00,989.11,1062.7
2008-09-03 11:45:00,997.41,1076.9
2008-09-03 12:00:00,1017.6,1096.5
2008-09-03 12:15:00,1019.6,1105.4
2008-09-03 12:30:00,664.38,762.21
2008-09-03 12:45:00,443.59,512.17
2008-09-03 13:00:00,738.99,805.09
2008-09-03 13:15:00,51.349,131.92
2008-09-03 13:30:00,6.2698,84.146
2008-09-03 13:45:00,750.92,777.96
2008-09-03 14:00:00,698.3,774.03
2008-09-03 14:15:00,852.9,939.99
2008-09-03 14:30:00,780.17,873.69
2008-09-03 14:45:00,722.49,813.47
2008-09-03 15:00:00,677.66,763.34
2008-09-03 15:15:00,569.19,660.3
2008-09-03 15:30:00,505.62,595.1
2008-09-03 15:45:00,526.27,612.64
2008-09-03 16:00:00,428.4,523.33
2008-09-03 16:15:00,350.54,455.3
2008-09-03 16:30:00,273.38,386.46
2008-09-03 16:45:00,199.8,320.87
2008-09-03 17:00:00,129.52,258.45
2008-09-03 17:15:00,61.646,196.76
2008-09-03 17:30:00,10.53,107.71
2008-09-03 17:45:00,32.58,36.868
2008-09-03 18:00:00,36.215,25.317
2008-09-03 18:15:00,43.696,12.725
2008-09-03 18:30:00,23.181,2.2398
2008-09-03 18:45:00,5.2394,-1.8772
2008-09-03 19:00:00,0.8307,-4.1307
2008-09-03 19:15:00,0.0975,-4.1478
2008-09-03 19:30:00,0.0093,-3.61
2008-09-03 19:45:00,-0.0204,-3.2935
2008-09-03 20:00:00,-0.0067,-2.7888
2008-09-03 20:15:00,-0.0279,-2.7614
2008-09-03 20:30:00,0.0258,-3.0639
2008-09-03 20:45:00,-0.0258,-2.8632
2008-09-03 21:00:00,-0.0308,-2.5315
2008-09-03 21:15:00,-0.1262,-2.2624
2008-09-03 21:30:00,0.0261,-2.3583
2008-09-03 21:45:00,-0.0612,-2.1389
2008-09-03 22:00:00,0.0211,-2.1815
2008-09-03 22:15:00,-0.0146,-2.0544
2008-09-03 22:30:00,-0.0606,-2.071
2008-09-03 22:45:00,-0.0165,-2.617
2008-09-03 23:00:00,0.0147,-2.7075
2008-09-03 23:15:00,-0.0635,-2.9399
2008-09-03 23:30:00,-0.0929,-3.9044
2008-09-03 23:45:00,-0.0679,-2.2556
2008-09-04 00:00:00,-0.1038,-2.3552
2008-09-04 00:15:00,-0.0049,-2.3664
2008-09-04 00:30:00,0.0062,-2.7278
2008-09-04 00:45:00,-0.0664,-2.2152
2008-09-04 01:00:00,-0.0404,-2.5565
2008-09-04 01:15:00,-0.1558,-2.527
2008-09-04 01:30:00,-0.074,-2.564
2008-09-04 01:45:00,0.0427,-3.2097
2008-09-04 02:00:00,0.0343,-3.5195
2008-09-04 02:15:00,0.0432,-3.0383
2008-09-04 02:30:00,-0.1326,-2.8502
2008-09-04 02:45:00,0.019,-2.8374
2008-09-04 03:00:00,-0.0547,-2.8394
2008-09-04 03:15:00,-0.0126,-3.0591
2008-09-04 03:30:00,-0.0604,-3.2898
2008-09-04 03:45:00,0.0712,-2.5482
2008-09-04 04:00:00,-0.0781,-2.5649
2008-09-04 04:15:00,-0.0457,-2.4726
2008-09-04 04:30:00,-0.0975,-2.4468
2008-09-04 04:45:00,-0.0124,-2.5447
2008-09-04 05:00:00,-0.0621,-2.6259
2008-09-04 05:15:00,0.6854,-2.3805
2008-09-04 05:30:00,6.379,0.2602
2008-09-04 05:45:00,34.721,7.826
2008-09-04 06:00:00,36.954,19.147
2008-09-04 06:15:00,25.635,32.232
2008-09-04 06:30:00,24.692,50.038
2008-09-04 06:45:00,27.462,136.21
2008-09-04 07:00:00,85.085,203.64
2008-09-04 07:15:00,146.71,256.43
2008-09-04 07:30:00,230.22,325.96
2008-09-04 07:45:00,306.56,390.0
2008-09-04 08:00:00,379.18,452.83
2008-09-04 08:15:00,451.6,518.69
2008-09-04 08:30:00,519.86,582.4
2008-09-04 08:45:00,583.34,641.93
2008-09-04 09:00:00,646.55,700.47
2008-09-04 09:15:00,708.03,756.18
2008-09-04 09:30:00,751.45,802.38
2008-09-04 09:45:00,804.2,853.08
2008-09-04 10:00:00,818.08,868.71
2008-09-04 10:15:00,896.51,943.9
2008-09-04 10:30:00,927.59,978.57
2008-09-04 10:45:00,779.92,982.93
2008-09-04 11:00:00,2.9529,1018.9
2008-09-04 11:15:00,24.395,1026.2
2008-09-04 11:30:00,-0.5586,1067.5
2008-09-04 11:45:00,0.7987,1076.6
2008-09-04 12:00:00,-0.0009,1090.5
2008-09-04 12:15:00,-0.0012,1090.2
2008-09-04 12:30:00,147.06,1076.1
2008-09-04 12:45:00,1045.4,1086.9
2008-09-04 13:00:00,1033.8,1074.7
2008-09-04 13:15:00,1010.0,1038.8
2008-09-04 13:30:00,971.75,1014.0
2008-09-04 13:45:00,828.04,864.74
2008-09-04 14:00:00,930.35,958.87
2008-09-04 14:15:00,859.82,888.21
2008-09-04 14:30:00,786.72,814.5
2008-09-04 14:45:00,556.95,587.61
2008-09-04 15:00:00,664.45,690.95
2008-09-04 15:15:00,623.68,650.34
2008-09-04 15:30:00,600.49,634.01
2008-09-04 15:45:00,365.5,405.88
2008-09-04 16:00:00,304.02,343.64
2008-09-04 16:15:00,167.82,205.21
2008-09-04 16:30:00,83.061,113.72
2008-09-04 16:45:00,83.031,111.99
2008-09-04 17:00:00,63.386,90.42
2008-09-04 17:15:00,60.871,88.269
2008-09-04 17:30:00,31.331,58.675
2008-09-04 17:45:00,0.9129,27.573
2008-09-04 18:00:00,-1.4668,13.254
2008-09-04 18:15:00,-0.8142,3.3783
2008-09-04 18:30:00,-0.0681,-0.0645
2008-09-04 18:45:00,0.0107,-0.8438
2008-09-04 19:00:00,0.0018,-1.2935
2008-09-04 19:15:00,0.0004,-1.5958
2008-09-04 19:30:00,-0.0007,-1.5074
2008-09-04 19:45:00,-0.0007,-2.2427
2008-09-04 20:00:00,-0.0001,-2.5764
2008-09-04 20:15:00,-0.0008,-2.1011
2008-09-04 20:30:00,-0.0007,-2.0625
2008-09-04 20:45:00,-0.0004,-2.0792
2008-09-04 21:00:00,-0.0003,-2.0608
2008-09-04 21:15:00,-0.0002,-1.4139
2008-09-04 21:30:00,-0.0001,-1.5043
2008-09-04 21:45:00,-0.0003,-1.4177
2008-09-04 22:00:00,-0.0002,-1.2758
2008-09-04 22:15:00,-0.0002,-1.1228
2008-09-04 22:30:00,-0.0004,-1.1523
2008-09-04 22:45:00,-0.0002,-1.8769
2008-09-04 23:00:00,-0.0003,-2.3747
2008-09-04 23:15:00,-0.0002,-2.0577
2008-09-04 23:30:00,-0.0003,-1.9195
2008-09-04 23:45:00,-0.0001,-1.5618
2008-09-05 00:00:00,-0.0007,-0.7892
2008-09-05 00:15:00,0.0,-0.8575
2008-09-05 00:30:00,-0.0001,-0.9516
2008-09-05 00:45:00,-0.0008,-1.0808
2008-09-05 01:00:00,0.0,-1.1213
2008-09-05 01:15:00,-0.0003,-0.9978
2008-09-05 01:30:00,-0.0001,-1.0974
2008-09-05 01:45:00,0.0004,-1.2192
2008-09-05 02:00:00,-0.0008,-1.7836
2008-09-05 02:15:00,-0.0002,-1.4074
2008-09-05 02:30:00,-0.0003,-0.8799
2008-09-05 02:45:00,-0.0003,-0.7378
2008-09-05 03:00:00,0.0001,-1.4701
2008-09-05 03:15:00,-0.0003,-2.3593
2008-09-05 03:30:00,-0.0009,-2.0698
2008-09-05 03:45:00,-0.0003,-2.0569
2008-09-05 04:00:00,-0.0011,-2.0588
2008-09-05 04:15:00,-0.0009,-2.0884
2008-09-05 04:30:00,0.0002,-2.1715
2008-09-05 04:45:00,-0.0006,-2.0757
2008-09-05 05:00:00,-0.0004,-2.4577
2008-09-05 05:15:00,0.0077,-2.6441
2008-09-05 05:30:00,0.0198,-2.3951
2008-09-05 05:45:00,-0.2872,3.3067
2008-09-05 06:00:00,-0.6643,16.689
2008-09-05 06:15:00,-1.2488,17.881
2008-09-05 06:30:00,3.9522,25.716
2008-09-05 06:45:00,4.7451,26.244
2008-09-05 07:00:00,3.0679,23.915
2008-09-05 07:15:00,9.9282,32.255
2008-09-05 07:30:00,10.603,33.927
2008-09-05 07:45:00,16.221,40.895
2008-09-05 08:00:00,8.6807,33.566
2008-09-05 08:15:00,22.157,46.488
2008-09-05 08:30:00,21.507,46.094
2008-09-05 08:45:00,10.46,37.305
2008-09-05 09:00:00,13.779,38.898
2008-09-05 09:15:00,3.4845,25.804
2008-09-05 09:30:00,-3.0626,16.714
2008-09-05 09:45:00,6.5486,27.339
2008-09-05 10:00:00,15.155,37.088
2008-09-05 10:15:00,11.731,35.042
2008-09-05 10:30:00,25.788,48.616
2008-09-05 10:45:00,42.016,68.137
2008-09-05 11:00:00,52.794,75.142
2008-09-05 11:15:00,72.778,93.434
2008-09-05 11:30:00,84.249,104.19
2008-09-05 11:45:00,107.75,125.14
2008-09-05 12:00:00,111.63,131.27
2008-09-05 12:15:00,81.23,103.27
2008-09-05 12:30:00,58.759,82.64
2008-09-05 12:45:00,61.868,84.552
2008-09-05 13:00:00,54.951,79.188
2008-09-05 13:15:00,64.284,87.137
2008-09-05 13:30:00,59.639,82.554
2008-09-05 13:45:00,53.22,76.848
2008-09-05 14:00:00,31.344,58.228
2008-09-05 14:15:00,22.473,50.014
2008-09-05 14:30:00,34.121,58.886
2008-09-05 14:45:00,32.24,59.719
2008-09-05 15:00:00,47.674,72.896
2008-09-05 15:15:00,30.061,56.566
2008-09-05 15:30:00,16.787,44.484
2008-09-05 15:45:00,13.468,38.495
2008-09-05 16:00:00,11.921,37.25
2008-09-05 16:15:00,10.273,36.52
2008-09-05 16:30:00,4.6322,29.777
2008-09-05 16:45:00,0.9439,22.526
2008-09-05 17:00:00,0.1697,20.123
2008-09-05 17:15:00,-3.7369,14.604
2008-09-05 17:30:00,-0.3352,8.8736
2008-09-05 17:45:00,-0.005,6.7207
2008-09-05 18:00:00,-0.0778,4.518
2008-09-05 18:15:00,0.0419,2.0534
2008-09-05 18:30:00,0.1225,0.5055
2008-09-05 18:45:00,0.052,-0.5074
2008-09-05 19:00:00,0.0001,-0.5461
2008-09-05 19:15:00,-0.0061,-0.4834
2008-09-05 19:30:00,0.0008,-0.4871
2008-09-05 19:45:00,-0.0008,-0.3487
2008-09-05 20:00:00,-0.0098,-0.3413
2008-09-05 20:15:00,0.0012,-0.6181
2008-09-05 20:30:00,-0.0039,-1.107
2008-09-05 20:45:00,0.0012,-2.0995
2008-09-05 21:00:00,-0.0029,-2.1678
2008-09-05 21:15:00,-0.0001,-2.308
2008-09-05 21:30:00,0.0006,-2.0534
2008-09-05 21:45:00,-0.0008,-1.9779
2008-09-05 22:00:00,-0.0025,-1.9023
2008-09-05 22:15:00,0.0028,-1.9227
2008-09-05 22:30:00,-0.0016,-2.2623
2008-09-05 22:45:00,0.0004,-2.1092
2008-09-05 23:00:00,-0.0031,-2.087
2008-09-05 23:15:00,0.0006,-2.0446
2008-09-05 23:30:00,-0.0002,-2.5152
2008-09-05 23:45:00,-0.0009,-2.1092
2008-09-06 00:00:00,0.0,-2.0576
2008-09-06 00:15:00,0.0003,-2.1535
2008-09-06 00:30:00,-0.0009,-2.268
2008-09-06 00:45:00,-0.0015,-2.4765
2008-09-06 01:00:00,-0.0046,-2.4875
2008-09-06 01:15:00,0.0007,-0.62
2008-09-06 01:30:00,0.0022,-0.1218
2008-09-06 01:45:00,-0.0011,-0.1735
2008-09-06 02:00:00,0.0013,-0.1329
2008-09-06 02:15:00,-0.0001,-0.3968
2008-09-06 02:30:00,0.0016,-0.9854
2008-09-06 02:45:00,-0.0037,-0.9799
2008-09-06 03:00:00,-0.0009,-1.1662
2008-09-06 03:15:00,0.0014,-1.8951
2008-09-06 03:30:00,-0.0029,-1.9099
2008-09-06 03:45:00,-0.0003,-2.2273
2008-09-06 04:00:00,-0.0014,-2.2125
2008-09-06 04:15:00,-0.0023,-1.9523
2008-09-06 04:30:00,-0.0003,-1.2788
2008-09-06 04:45:00,-0.0017,-2.1258
2008-09-06 05:00:00,0.001,-2.6517
2008-09-06 05:15:00,0.0205,-2.6074
2008-09-06 05:30:00,0.1324,-2.159
2008-09-06 05:45:00,0.0294,1.9321
2008-09-06 06:00:00,0.5544,16.741
2008-09-06 06:15:00,19.662,51.45
2008-09-06 06:30:00,47.269,98.615
2008-09-06 06:45:00,105.22,156.21
2008-09-06 07:00:00,189.27,239.74
2008-09-06 07:15:00,239.82,286.35
2008-09-06 07:30:00,306.99,345.95
2008-09-06 07:45:00,374.33,395.67
2008-09-06 08:00:00,422.79,436.17
2008-09-06 08:15:00,521.87,525.79
2008-09-06 08:30:00,591.14,591.43
2008-09-06 08:45:00,641.45,635.95
2008-09-06 09:00:00,710.71,697.03
2008-09-06 09:15:00,772.24,757.45
2008-09-06 09:30:00,819.93,804.62
2008-09-06 09:45:00,864.9,852.41
2008-09-06 10:00:00,907.24,896.1
2008-09-06 10:15:00,938.85,938.09
2008-09-06 10:30:00,972.8,972.82
2008-09-06 10:45:00,1009.9,1013.6
2008-09-06 11:00:00,1037.7,1050.0
2008-09-06 11:15:00,1026.0,1045.8
2008-09-06 11:30:00,1060.5,1069.4
2008-09-06 11:45:00,1056.8,1074.7
2008-09-06 12:00:00,1049.1,1073.6
2008-09-06 12:15:00,1041.1,1068.9
2008-09-06 12:30:00,1027.5,1057.2
2008-09-06 12:45:00,1023.0,1047.0
2008-09-06 13:00:00,1001.6,1029.4
2008-09-06 13:15:00,997.77,1018.2
2008-09-06 13:30:00,991.84,1014.7
2008-09-06 13:45:00,977.26,993.28
2008-09-06 14:00:00,850.06,879.59
2008-09-06 14:15:00,850.69,862.69
2008-09-06 14:30:00,825.23,843.44
2008-09-06 14:45:00,801.13,815.0
2008-09-06 15:00:00,727.16,743.87
2008-09-06 15:15:00,476.7,497.6
2008-09-06 15:30:00,369.13,389.9
2008-09-06 15:45:00,473.56,492.66
2008-09-06 16:00:00,305.8,332.86
2008-09-06 16:15:00,135.31,168.87
2008-09-06 16:30:00,312.45,350.58
2008-09-06 16:45:00,244.07,296.61
2008-09-06 17:00:00,184.57,242.74
2008-09-06 17:15:00,115.45,177.45
2008-09-06 17:30:00,54.57,89.411
2008-09-06 17:45:00,14.61,43.453
2008-09-06 18:00:00,5.392,30.672
2008-09-06 18:15:00,-1.6035,11.72
2008-09-06 18:30:00,-0.1682,0.9213
2008-09-06 18:45:00,0.0591,-2.4988
2008-09-06 19:00:00,0.0108,-2.5654
2008-09-06 19:15:00,0.0003,-3.2532
2008-09-06 19:30:00,0.0059,-2.8368
2008-09-06 19:45:00,-0.0084,-3.3088
2008-09-06 20:00:00,0.0016,-2.7247
2008-09-06 20:15:00,0.0006,-2.5571
2008-09-06 20:30:00,-0.0025,-2.2937
2008-09-06 20:45:00,-0.0024,-2.2422
2008-09-06 21:00:00,-0.0039,-2.2976
2008-09-06 21:15:00,-0.0014,-2.3143
2008-09-06 21:30:00,-0.0006,-2.2057
2008-09-06 21:45:00,-0.0006,-2.0453
2008-09-06 22:00:00,-0.0026,-1.9992
2008-09-06 22:15:00,-0.0035,-2.2114
2008-09-06 22:30:00,-0.0031,-1.9976
2008-09-06 22:45:00,0.0005,-2.3739
2008-09-06 23:00:00,-0.001,-2.2596
2008-09-06 23:15:00,-0.0027,-2.4239
2008-09-06 23:30:00,-0.0027,-2.7468
2008-09-06 23:45:00,0.0002,-2.5918
2008-09-07 00:00:00,-0.0065,-2.5624
2008-09-07 00:15:00,0.0032,-2.1603
2008-09-07 00:30:00,-0.0013,-2.188
2008-09-07 00:45:00,-0.0044,-2.4685
2008-09-07 01:00:00,-0.0018,-2.6954
2008-09-07 01:15:00,0.0034,-2.4778
2008-09-07 01:30:00,0.0013,-2.2731
2008-09-07 01:45:00,-0.0035,-2.3192
2008-09-07 02:00:00,-0.0013,-2.6551
2008-09-07 02:15:00,0.0001,-2.4097
2008-09-07 02:30:00,-0.0025,-2.3894
2008-09-07 02:45:00,0.0056,-2.5407
2008-09-07 03:00:00,0.0002,-2.598
2008-09-07 03:15:00,-0.0002,-2.5446
2008-09-07 03:30:00,-0.0012,-2.3232
2008-09-07 03:45:00,-0.0015,-2.3029
2008-09-07 04:00:00,-0.0012,-2.5391
2008-09-07 04:15:00,0.0012,-2.5244
2008-09-07 04:30:00,0.0005,-2.3269
2008-09-07 04:45:00,-0.0026,-2.3491
2008-09-07 05:00:00,-0.0003,-2.5797
2008-09-07 05:15:00,0.0166,-2.3067
2008-09-07 05:30:00,0.0954,-1.7346
2008-09-07 05:45:00,-0.0619,3.543
2008-09-07 06:00:00,-1.5438,18.309
2008-09-07 06:15:00,8.9216,40.217
2008-09-07 06:30:00,33.694,87.801
2008-09-07 06:45:00,86.693,146.84
2008-09-07 07:00:00,152.23,209.33
2008-09-07 07:15:00,213.98,258.15
2008-09-07 07:30:00,202.04,238.57
2008-09-07 07:45:00,250.8,283.6
2008-09-07 08:00:00,391.02,416.89
2008-09-07 08:15:00,496.81,516.76
2008-09-07 08:30:00,570.2,585.24
2008-09-07 08:45:00,635.18,647.66
2008-09-07 09:00:00,689.15,699.57
2008-09-07 09:15:00,745.73,748.51
2008-09-07 09:30:00,822.75,806.53
2008-09-07 09:45:00,870.97,858.44
2008-09-07 10:00:00,903.87,897.72
2008-09-07 10:15:00,944.33,940.43
2008-09-07 10:30:00,977.07,976.16
2008-09-07 10:45:00,995.18,1005.7
2008-09-07 11:00:00,1011.9,1029.1
2008-09-07 11:15:00,1026.8,1049.7
2008-09-07 11:30:00,1029.7,1058.4
2008-09-07 11:45:00,1046.4,1075.1
2008-09-07 12:00:00,1052.7,1081.6
2008-09-07 12:15:00,1060.0,1085.9
2008-09-07 12:30:00,1050.9,1084.1
2008-09-07 12:45:00,1042.2,1073.1
2008-09-07 13:00:00,1018.6,1055.7
2008-09-07 13:15:00,994.9,1036.5
2008-09-07 13:30:00,977.03,1013.7
2008-09-07 13:45:00,947.45,981.06
2008-09-07 14:00:00,912.11,945.41
2008-09-07 14:15:00,874.9,905.42
2008-09-07 14:30:00,836.84,858.31
2008-09-07 14:45:00,791.53,812.76
2008-09-07 15:00:00,742.63,759.86
2008-09-07 15:15:00,687.13,702.86
2008-09-07 15:30:00,630.56,649.38
2008-09-07 15:45:00,566.32,589.31
2008-09-07 16:00:00,497.18,525.77
2008-09-07 16:15:00,426.45,462.58
2008-09-07 16:30:00,349.61,395.67
2008-09-07 16:45:00,274.91,331.3
2008-09-07 17:00:00,198.63,265.95
2008-09-07 17:15:00,121.69,199.77
2008-09-07 17:30:00,32.671,61.403
2008-09-07 17:45:00,0.3184,29.259
2008-09-07 18:00:00,-0.1377,18.91
2008-09-07 18:15:00,-1.3797,7.2003
2008-09-07 18:30:00,-0.423,0.0718
2008-09-07 18:45:00,0.0135,-2.3399
2008-09-07 19:00:00,0.0029,-2.5317
2008-09-07 19:15:00,0.0,-2.366
2008-09-07 19:30:00,-0.0005,-2.6371
2008-09-07 19:45:00,0.0001,-2.4825
2008-09-07 20:00:00,-0.0006,-1.8615
2008-09-07 20:15:00,-0.0003,-1.4506
2008-09-07 20:30:00,-0.0008,-1.0839
2008-09-07 20:45:00,0.0005,-0.5438
2008-09-07 21:00:00,-0.0005,-0.5457
2008-09-07 21:15:00,-0.0006,-0.5882
2008-09-07 21:30:00,-0.0004,-0.59
2008-09-07 21:45:00,-0.0002,-0.5255
2008-09-07 22:00:00,-0.0006,-0.4684
2008-09-07 22:15:00,0.0003,-0.9054
2008-09-07 22:30:00,-0.0001,-1.0142
2008-09-07 22:45:00,0.0008,-1.2319
2008-09-07 23:00:00,-0.0008,-1.1952
2008-09-07 23:15:00,-0.0001,-1.0016
2008-09-07 23:30:00,0.0001,-0.8596
2008-09-07 23:45:00,-0.0005,-0.6955
2008-09-08 00:00:00,-0.0001,-0.4575
2008-09-08 00:15:00,0.0006,-0.3874
2008-09-08 00:30:00,-0.0003,-0.4742
2008-09-08 00:45:00,0.0005,-0.489
2008-09-08 01:00:00,-0.0021,-0.3321
2008-09-08 01:15:00,-0.0012,-0.251
2008-09-08 01:30:00,0.0005,-0.3082
2008-09-08 01:45:00,-0.0022,-0.1975
2008-09-08 02:00:00,-0.0008,-0.2583
2008-09-08 02:15:00,-0.0022,-0.1956
2008-09-08 02:30:00,-0.0017,-0.1698
2008-09-08 02:45:00,-0.0011,-0.1366
2008-09-08 03:00:00,-0.0014,-0.1735
2008-09-08 03:15:00,-0.0016,-0.0794
2008-09-08 03:30:00,-0.0009,-0.1144
2008-09-08 03:45:00,-0.0012,-0.1938
2008-09-08 04:00:00,-0.0008,-0.2012
2008-09-08 04:15:00,-0.0006,-0.1476
2008-09-08 04:30:00,-0.0005,-0.1753
2008-09-08 04:45:00,-0.0003,-0.1956
2008-09-08 05:00:00,0.0003,-0.155
2008-09-08 05:15:00,-0.002,-0.1015
2008-09-08 05:30:00,0.0509,0.1089
2008-09-08 05:45:00,0.0283,1.3731
2008-09-08 06:00:00,-0.1683,3.7631
2008-09-08 06:15:00,-0.1308,9.7354
2008-09-08 06:30:00,-2.8321,15.597
2008-09-08 06:45:00,2.2704,22.142
2008-09-08 07:00:00,3.7187,25.684
2008-09-08 07:15:00,7.747,29.668
2008-09-08 07:30:00,24.25,50.052
2008-09-08 07:45:00,48.843,72.052
2008-09-08 08:00:00,54.163,76.909
2008-09-08 08:15:00,63.892,85.237
2008-09-08 08:30:00,53.437,75.178
2008-09-08 08:45:00,90.05,110.61
2008-09-08 09:00:00,118.43,136.21
2008-09-08 09:15:00,164.72,177.91
2008-09-08 09:30:00,200.05,210.46
2008-09-08 09:45:00,172.7,189.89
2008-09-08 10:00:00,78.21,101.42
2008-09-08 10:15:00,127.05,142.83
2008-09-08 10:30:00,194.19,203.81
2008-09-08 10:45:00,149.51,164.94
2008-09-08 11:00:00,163.17,177.18
2008-09-08 11:15:00,191.71,204.06
2008-09-08 11:30:00,209.53,220.02
2008-09-08 11:45:00,202.9,216.2
2008-09-08 12:00:00,158.78,175.74
2008-09-08 12:15:00,160.78,175.81
2008-09-08 12:30:00,159.94,176.21
2008-09-08 12:45:00,191.95,205.2
2008-09-08 13:00:00,212.55,226.94
2008-09-08 13:15:00,179.13,197.34
2008-09-08 13:30:00,196.95,211.98
2008-09-08 13:45:00,159.54,180.47
2008-09-08 14:00:00,104.6,127.41
2008-09-08 14:15:00,102.49,124.67
2008-09-08 14:30:00,90.187,114.13
2008-09-08 14:45:00,91.051,115.47
2008-09-08 15:00:00,87.582,111.48
2008-09-08 15:15:00,111.78,135.63
2008-09-08 15:30:00,94.357,120.02
2008-09-08 15:45:00,84.391,110.44
2008-09-08 16:00:00,48.115,76.052
2008-09-08 16:15:00,47.689,74.988
2008-09-08 16:30:00,27.316,54.784
2008-09-08 16:45:00,17.758,46.24
2008-09-08 17:00:00,9.6195,35.49
2008-09-08 17:15:00,2.975,27.025
2008-09-08 17:30:00,-2.011,17.537
2008-09-08 17:45:00,-1.43,11.737
2008-09-08 18:00:00,0.0028,5.7011
2008-09-08 18:15:00,0.075,2.0234
2008-09-08 18:30:00,0.1555,0.439
2008-09-08 18:45:00,0.0695,-0.3486
2008-09-08 19:00:00,0.0039,-0.535
2008-09-08 19:15:00,0.0003,-0.6106
2008-09-08 19:30:00,0.0003,-0.5516
2008-09-08 19:45:00,-0.0031,-0.5701
2008-09-08 20:00:00,0.0006,-0.6162
2008-09-08 20:15:00,0.0007,-0.6605
2008-09-08 20:30:00,-0.0036,-0.6125
2008-09-08 20:45:00,-0.0022,-0.6236
2008-09-08 21:00:00,-0.0009,-0.6181
2008-09-08 21:15:00,-0.004,-0.6568
2008-09-08 21:30:00,-0.0026,-0.642
2008-09-08 21:45:00,-0.001,-0.6513
2008-09-08 22:00:00,0.004,-0.7214
2008-09-08 22:15:00,0.0,-0.8542
2008-09-08 22:30:00,0.0004,-1.2509
2008-09-08 22:45:00,0.0024,-1.6291
2008-09-08 23:00:00,0.0007,-1.9151
2008-09-08 23:15:00,-0.0025,-2.0609
2008-09-08 23:30:00,-0.0026,-1.6772
2008-09-08 23:45:00,-0.004,-0.8414
2008-09-09 00:00:00,-0.0008,-1.502
2008-09-09 00:15:00,-0.0003,-1.8508
2008-09-09 00:30:00,-0.0037,-2.0685
2008-09-09 00:45:00,0.0022,-2.0445
2008-09-09 01:00:00,0.0,-2.5187
2008-09-09 01:15:00,0.0002,-2.7052
2008-09-09 01:30:00,0.0009,-2.5871
2008-09-09 01:45:00,-0.0004,-2.5262
2008-09-09 02:00:00,0.0012,-2.5705
2008-09-09 02:15:00,0.0003,-2.5484
2008-09-09 02:30:00,-0.0014,-2.2422
2008-09-09 02:45:00,0.0,-1.6942
2008-09-09 03:00:00,-0.0003,-1.9858
2008-09-09 03:15:00,-0.004,-1.7643
2008-09-09 03:30:00,0.0014,-1.8032
2008-09-09 03:45:00,0.0005,-1.7497
2008-09-09 04:00:00,0.0018,-1.5486
2008-09-09 04:15:00,-0.0029,-1.401
2008-09-09 04:30:00,-0.0018,-1.4416
2008-09-09 04:45:00,0.0013,-1.7647
2008-09-09 05:00:00,-0.0005,-1.8053
2008-09-09 05:15:00,0.037,-2.0785
2008-09-09 05:30:00,0.1845,-1.1112
2008-09-09 05:45:00,0.2275,4.3581
2008-09-09 06:00:00,-0.988,21.139
2008-09-09 06:15:00,10.631,51.037
2008-09-09 06:30:00,34.177,102.45
2008-09-09 06:45:00,82.918,160.07
2008-09-09 07:00:00,147.14,215.22
2008-09-09 07:15:00,215.23,269.72
2008-09-09 07:30:00,291.74,329.84
2008-09-09 07:45:00,367.05,393.53
2008-09-09 08:00:00,437.53,458.53
2008-09-09 08:15:00,503.08,519.84
2008-09-09 08:30:00,564.36,581.88
2008-09-09 08:45:00,623.26,643.69
2008-09-09 09:00:00,677.78,702.93
2008-09-09 09:15:00,723.63,758.58
2008-09-09 09:30:00,802.74,815.05
2008-09-09 09:45:00,848.39,865.45
2008-09-09 10:00:00,887.81,910.52
2008-09-09 10:15:00,959.38,985.66
2008-09-09 10:30:00,1037.1,1083.6
2008-09-09 10:45:00,632.93,693.21
2008-09-09 11:00:00,714.76,741.37
2008-09-09 11:15:00,427.51,443.53
2008-09-09 11:30:00,482.76,494.73
2008-09-09 11:45:00,428.66,434.08
2008-09-09 12:00:00,772.18,779.32
2008-09-09 12:15:00,797.57,843.71
2008-09-09 12:30:00,934.26,999.52
2008-09-09 12:45:00,907.08,984.85
2008-09-09 13:00:00,934.5,994.92
2008-09-09 13:15:00,1015.9,1083.0
2008-09-09 13:30:00,984.81,1060.1
2008-09-09 13:45:00,966.2,1035.2
2008-09-09 14:00:00,931.24,984.17
2008-09-09 14:15:00,544.47,573.46
2008-09-09 14:30:00,705.48,713.56
2008-09-09 14:45:00,862.88,894.26
2008-09-09 15:00:00,783.51,818.33
2008-09-09 15:15:00,686.66,708.3
2008-09-09 15:30:00,643.64,666.45
2008-09-09 15:45:00,550.73,577.71
2008-09-09 16:00:00,127.3,163.78
2008-09-09 16:15:00,53.946,80.443
2008-09-09 16:30:00,36.822,61.691
2008-09-09 16:45:00,34.541,61.648
2008-09-09 17:00:00,26.079,52.255
2008-09-09 17:15:00,33.102,62.024
2008-09-09 17:30:00,8.3408,34.376
2008-09-09 17:45:00,-1.2275,21.04
2008-09-09 18:00:00,-1.6194,7.3668
2008-09-09 18:15:00,-0.3209,0.3757
2008-09-09 18:30:00,-0.018,-0.5913
2008-09-09 18:45:00,0.0079,-2.0097
2008-09-09 19:00:00,-0.0005,-1.9822
2008-09-09 19:15:00,-0.0006,-1.776
2008-09-09 19:30:00,-0.0003,-1.5974
2008-09-09 19:45:00,0.0002,-1.2971
2008-09-09 20:00:00,-0.0011,-1.1443
2008-09-09 20:15:00,-0.0007,-1.8538
2008-09-09 20:30:00,-0.0003,-2.4453
2008-09-09 20:45:00,-0.0003,-2.0345
2008-09-09 21:00:00,0.0004,-2.416
2008-09-09 21:15:00,-0.0014,-2.4861
2008-09-09 21:30:00,-0.0008,-2.4567
2008-09-09 21:45:00,-0.0003,-2.243
2008-09-09 22:00:00,0.0007,-1.6735
2008-09-09 22:15:00,0.0009,-1.0948
2008-09-09 22:30:00,0.0004,-1.0968
2008-09-09 22:45:00,-0.0001,-1.3069
2008-09-09 23:00:00,-0.0001,-1.3697
2008-09-09 23:15:00,0.0004,-1.9964
2008-09-09 23:30:00,0.0006,-1.7808
2008-09-09 23:45:00,0.0005,-2.0666
2008-09-10 00:00:00,-0.0009,-1.9966
2008-09-10 00:15:00,-0.0007,-1.993
2008-09-10 00:30:00,-0.0005,-1.9709
2008-09-10 00:45:00,0.0005,-2.5664
2008-09-10 01:00:00,0.0003,-2.6107
2008-09-10 01:15:00,0.0001,-2.2254
2008-09-10 01:30:00,-0.0001,-2.1019
2008-09-10 01:45:00,-0.0011,-2.0338
2008-09-10 02:00:00,-0.0012,-1.9527
2008-09-10 02:15:00,-0.001,-2.032
2008-09-10 02:30:00,0.0012,-2.2164
2008-09-10 02:45:00,0.0003,-2.8711
2008-09-10 03:00:00,-0.0016,-2.5245
2008-09-10 03:15:00,-0.0007,-1.9235
2008-09-10 03:30:00,0.0005,-2.2058
2008-09-10 03:45:00,-0.0026,-2.5692
2008-09-10 04:00:00,0.0024,-1.9236
2008-09-10 04:15:00,0.0003,-2.0675
2008-09-10 04:30:00,0.0001,-2.1487
2008-09-10 04:45:00,0.0009,-1.9071
2008-09-10 05:00:00,-0.0038,-1.8002
2008-09-10 05:15:00,0.0073,-1.9385
2008-09-10 05:30:00,0.0321,-0.6327
2008-09-10 05:45:00,-0.2297,3.9344
2008-09-10 06:00:00,-1.3723,17.811
2008-09-10 06:15:00,7.8298,43.437
2008-09-10 06:30:00,35.39,96.266
2008-09-10 06:45:00,95.597,157.98
2008-09-10 07:00:00,122.51,172.49
2008-09-10 07:15:00,239.84,287.2
2008-09-10 07:30:00,318.55,353.55
2008-09-10 07:45:00,396.1,419.3
2008-09-10 08:00:00,410.22,430.38
2008-09-10 08:15:00,397.5,420.07
2008-09-10 08:30:00,343.83,358.55
2008-09-10 08:45:00,497.68,511.68
2008-09-10 09:00:00,528.48,544.98
2008-09-10 09:15:00,570.67,615.35
2008-09-10 09:30:00,432.36,466.21
2008-09-10 09:45:00,390.93,404.77
2008-09-10 10:00:00,664.29,655.33
2008-09-10 10:15:00,490.55,495.5
2008-09-10 10:30:00,320.67,329.83
2008-09-10 10:45:00,374.59,375.97
2008-09-10 11:00:00,334.03,343.72
2008-09-10 11:15:00,285.28,297.69
2008-09-10 11:30:00,329.12,337.72
2008-09-10 11:45:00,492.49,491.81
2008-09-10 12:00:00,447.89,980.23
2008-09-10 12:15:00,595.68,616.64
2008-09-10 12:30:00,672.85,681.05
2008-09-10 12:45:00,461.53,470.22
2008-09-10 13:00:00,331.37,347.54
2008-09-10 13:15:00,196.74,216.47
2008-09-10 13:30:00,111.41,133.45
2008-09-10 13:45:00,170.72,190.57
2008-09-10 14:00:00,112.86,136.41
2008-09-10 14:15:00,334.3,324.48
2008-09-10 14:30:00,492.45,478.49
2008-09-10 14:45:00,283.21,311.59
2008-09-10 15:00:00,649.7,655.17
2008-09-10 15:15:00,727.89,760.22
2008-09-10 15:30:00,651.04,682.23
2008-09-10 15:45:00,575.76,607.48
2008-09-10 16:00:00,414.01,451.03
2008-09-10 16:15:00,493.79,533.29
2008-09-10 16:30:00,293.19,345.89
2008-09-10 16:45:00,15.437,60.182
2008-09-10 17:00:00,31.871,74.349
2008-09-10 17:15:00,76.313,131.29
2008-09-10 17:30:00,1.4235,39.764
2008-09-10 17:45:00,0.9066,29.564
2008-09-10 18:00:00,0.9746,18.611
2008-09-10 18:15:00,-0.9298,2.4424
2008-09-10 18:30:00,-0.0565,-0.9082
2008-09-10 18:45:00,0.0028,-2.7597
2008-09-10 19:00:00,0.0,-3.0898
2008-09-10 19:15:00,0.0,-3.0311
2008-09-10 19:30:00,0.0001,-3.0977
2008-09-10 19:45:00,0.0001,-2.827
2008-09-10 20:00:00,0.0,-2.6098
2008-09-10 20:15:00,0.0,-2.5178
2008-09-10 20:30:00,-0.0001,-2.4755
2008-09-10 20:45:00,0.0002,-2.5679
2008-09-10 21:00:00,0.0002,-2.2601
2008-09-10 21:15:00,0.0002,-1.9965
2008-09-10 21:30:00,-0.0003,-1.9967
2008-09-10 21:45:00,0.0,-2.3267
2008-09-10 22:00:00,0.0,-2.6494
2008-09-10 22:15:00,-0.0003,-3.0127
2008-09-10 22:30:00,0.0002,-2.3564
2008-09-10 22:45:00,-0.0002,-2.4818
2008-09-10 23:00:00,-0.0002,-2.397
2008-09-10 23:15:00,-0.0004,-2.7253
2008-09-10 23:30:00,-0.0002,-2.3639
2008-09-10 23:45:00,0.0,-2.932
2008-09-11 00:00:00,-0.0004,-3.2031
2008-09-11 00:15:00,-0.0001,-3.3174
2008-09-11 00:30:00,-0.0003,-2.9247
2008-09-11 00:45:00,-0.0003,-3.3083
2008-09-11 01:00:00,-0.0005,-2.4158
2008-09-11 01:15:00,0.0002,-2.2056
2008-09-11 01:30:00,-0.0001,-3.0522
2008-09-11 01:45:00,-0.0006,-2.3515
2008-09-11 02:00:00,-0.0003,-2.1893
2008-09-11 02:15:00,-0.0002,-2.0087
2008-09-11 02:30:00,-0.0007,-2.0733
2008-09-11 02:45:00,-0.0012,-2.2892
2008-09-11 03:00:00,-0.0008,-2.4996
2008-09-11 03:15:00,-0.0004,-2.6288
2008-09-11 03:30:00,-0.001,-2.6602
2008-09-11 03:45:00,-0.0019,-2.1252
2008-09-11 04:00:00,-0.0014,-2.557
2008-09-11 04:15:00,-0.0005,-2.7212
2008-09-11 04:30:00,0.0006,-2.2619
2008-09-11 04:45:00,0.0,-0.7897
2008-09-11 05:00:00,-0.0006,-0.31
2008-09-11 05:15:00,-0.0001,-0.1273
2008-09-11 05:30:00,0.02,-0.238
2008-09-11 05:45:00,0.059,0.2694
2008-09-11 06:00:00,0.0173,0.8985
2008-09-11 06:15:00,0.0,2.0941
2008-09-11 06:30:00,-0.0017,2.6125
2008-09-11 06:45:00,-0.3549,4.1548
2008-09-11 07:00:00,-0.4204,6.1214
2008-09-11 07:15:00,0.0,8.9515
2008-09-11 07:30:00,0.0,10.649
2008-09-11 07:45:00,-2.7425,13.007
2008-09-11 08:00:00,-0.9829,17.595
2008-09-11 08:15:00,3.1658,22.746
2008-09-11 08:30:00,4.3886,24.297
2008-09-11 08:45:00,13.566,36.453
2008-09-11 09:00:00,29.962,52.362
2008-09-11 09:15:00,31.075,55.846
2008-09-11 09:30:00,43.203,65.401
2008-09-11 09:45:00,65.229,85.514
2008-09-11 10:00:00,165.7,177.44
2008-09-11 10:15:00,140.75,157.2
2008-09-11 10:30:00,211.98,220.44
2008-09-11 10:45:00,293.29,295.65
2008-09-11 11:00:00,441.41,431.28
2008-09-11 11:15:00,347.81,358.1
2008-09-11 11:30:00,566.72,551.52
2008-09-11 11:45:00,480.59,475.27
2008-09-11 12:00:00,385.26,391.19
2008-09-11 12:15:00,336.9,340.88
2008-09-11 12:30:00,285.02,290.74
2008-09-11 12:45:00,329.22,334.36
2008-09-11 13:00:00,243.52,252.64
2008-09-11 13:15:00,227.13,238.5
2008-09-11 13:30:00,165.6,181.99
2008-09-11 13:45:00,143.91,160.92
2008-09-11 14:00:00,124.07,143.95
2008-09-11 14:15:00,132.78,153.78
2008-09-11 14:30:00,111.51,134.2
2008-09-11 14:45:00,61.715,87.849
2008-09-11 15:00:00,89.308,115.17
2008-09-11 15:15:00,46.68,71.597
2008-09-11 15:30:00,45.874,72.276
2008-09-11 15:45:00,48.529,77.376
2008-09-11 16:00:00,13.109,36.724
2008-09-11 16:15:00,16.464,43.433
2008-09-11 16:30:00,9.6849,35.213
2008-09-11 16:45:00,35.948,64.18
2008-09-11 17:00:00,-2.8625,13.314
2008-09-11 17:15:00,-0.0917,6.945
2008-09-11 17:30:00,-0.049,3.3427
2008-09-11 17:45:00,0.0882,0.2084
2008-09-11 18:00:00,0.1173,-1.1598
2008-09-11 18:15:00,0.0885,-1.9416
2008-09-11 18:30:00,0.0215,-1.23
2008-09-11 18:45:00,-0.001,-0.817
2008-09-11 19:00:00,-0.0007,-0.3227
2008-09-11 19:15:00,0.0015,-0.2582
2008-09-11 19:30:00,-0.0046,-0.2472
2008-09-11 19:45:00,-0.0052,-0.2546
2008-09-11 20:00:00,-0.0099,-0.1789
2008-09-11 20:15:00,-0.0047,-0.2103
2008-09-11 20:30:00,-0.0027,-0.19
2008-09-11 20:45:00,0.0001,-0.107
2008-09-11 21:00:00,0.0,-0.1199
2008-09-11 21:15:00,-0.0017,-0.1974
2008-09-11 21:30:00,-0.0018,-0.0738
2008-09-11 21:45:00,-0.0012,-0.1384
2008-09-11 22:00:00,-0.0018,-0.2048
2008-09-11 22:15:00,-0.0041,-0.3339
2008-09-11 22:30:00,-0.0015,-0.3007
2008-09-11 22:45:00,-0.002,-0.417
2008-09-11 23:00:00,-0.0012,-0.3838
2008-09-11 23:15:00,-0.0004,-0.3653
2008-09-11 23:30:00,-0.0013,-0.2749
2008-09-11 23:45:00,-0.0017,-0.2638
2008-09-12 00:00:00,-0.0047,-0.262
2008-09-12 00:15:00,-0.0039,-0.345
2008-09-12 00:30:00,-0.0021,-0.4262
2008-09-12 00:45:00,-0.0034,-0.4963
2008-09-12 01:00:00,0.0012,-0.4853
2008-09-12 01:15:00,-0.0019,-0.4594
2008-09-12 01:30:00,0.0002,-0.5369
2008-09-12 01:45:00,-0.0025,-0.4779
2008-09-12 02:00:00,-0.0012,-0.4152
2008-09-12 02:15:00,0.0003,-0.4576
2008-09-12 02:30:00,0.0032,-0.4687
2008-09-12 02:45:00,-0.0042,-0.5093
2008-09-12 03:00:00,-0.003,-0.4835
2008-09-12 03:15:00,-0.0022,-0.5037
2008-09-12 03:30:00,0.0011,-0.4816
2008-09-12 03:45:00,-0.0014,-0.5074
2008-09-12 04:00:00,0.0001,-0.3746
2008-09-12 04:15:00,-0.0004,-0.5019
2008-09-12 04:30:00,0.0041,-0.5001
2008-09-12 04:45:00,-0.0068,-0.548
2008-09-12 05:00:00,-0.0031,-0.4927
2008-09-12 05:15:00,-0.0013,-0.5886
2008-09-12 05:30:00,0.0344,-0.5536
2008-09-12 05:45:00,0.1326,-0.0978
2008-09-12 06:00:00,0.0762,2.2346
2008-09-12 06:15:00,-0.3027,8.13
2008-09-12 06:30:00,-0.6015,15.361
2008-09-12 06:45:00,-1.2515,13.9
2008-09-12 07:00:00,-0.8212,18.539
2008-09-12 07:15:00,28.99,54.392
2008-09-12 07:30:00,13.667,42.749
2008-09-12 07:45:00,2.4788,28.857
2008-09-12 08:00:00,0.4702,20.648
2008-09-12 08:15:00,20.409,47.315
2008-09-12 08:30:00,59.104,86.228
2008-09-12 08:45:00,68.18,98.312
2008-09-12 09:00:00,24.075,50.311
2008-09-12 09:15:00,17.818,43.854
2008-09-12 09:30:00,21.874,51.633
2008-09-12 09:45:00,26.804,53.749
2008-09-12 10:00:00,116.92,138.14
2008-09-12 10:15:00,124.01,142.38
2008-09-12 10:30:00,167.39,182.22
2008-09-12 10:45:00,275.79,290.53
2008-09-12 11:00:00,168.4,189.32
2008-09-12 11:15:00,176.34,193.69
2008-09-12 11:30:00,172.57,188.52
2008-09-12 11:45:00,268.71,285.59
2008-09-12 12:00:00,317.15,335.16
2008-09-12 12:15:00,460.79,469.95
2008-09-12 12:30:00,210.45,237.16
2008-09-12 12:45:00,245.97,266.04
2008-09-12 13:00:00,157.3,183.82
2008-09-12 13:15:00,386.74,394.3
2008-09-12 13:30:00,203.9,228.55
2008-09-12 13:45:00,368.61,386.34
2008-09-12 14:00:00,576.45,580.35
2008-09-12 14:15:00,294.82,311.63
2008-09-12 14:30:00,139.03,161.99
2008-09-12 14:45:00,376.98,375.53
2008-09-12 15:00:00,194.33,223.21
2008-09-12 15:15:00,263.69,274.01
2008-09-12 15:30:00,244.33,265.85
2008-09-12 15:45:00,248.15,272.37
2008-09-12 16:00:00,250.6,280.47
2008-09-12 16:15:00,48.207,81.604
2008-09-12 16:30:00,47.343,80.762
2008-09-12 16:45:00,30.194,63.386
2008-09-12 17:00:00,88.782,137.29
2008-09-12 17:15:00,16.121,47.875
2008-09-12 17:30:00,31.697,56.771
2008-09-12 17:45:00,4.9325,32.975
2008-09-12 18:00:00,-2.6537,14.509
2008-09-12 18:15:00,0.1202,3.3849
2008-09-12 18:30:00,0.1874,-1.5856
2008-09-12 18:45:00,0.0825,-2.5501
2008-09-12 19:00:00,-0.002,-2.2369
2008-09-12 19:15:00,-0.0041,-3.0522
2008-09-12 19:30:00,-0.0016,-2.9344
2008-09-12 19:45:00,0.0039,-2.3978
2008-09-12 20:00:00,0.0082,-2.4072
2008-09-12 20:15:00,-0.0063,-2.5272
2008-09-12 20:30:00,-0.0002,-2.7155
2008-09-12 20:45:00,-0.0077,-2.2618
2008-09-12 21:00:00,0.0039,-2.2379
2008-09-12 21:15:00,-0.0011,-2.2823
2008-09-12 21:30:00,-0.0027,-2.4042
2008-09-12 21:45:00,-0.0099,-2.7161
2008-09-12 22:00:00,-0.0115,-2.205
2008-09-12 22:15:00,-0.0043,-2.1516
2008-09-12 22:30:00,0.0018,-2.4542
2008-09-12 22:45:00,-0.0001,-2.1645
2008-09-12 23:00:00,-0.0018,-2.0907
2008-09-12 23:15:00,0.0007,-2.7255
2008-09-12 23:30:00,-0.0032,-2.3657
2008-09-12 23:45:00,-0.0053,-1.8545
2008-09-13 00:00:00,-0.0016,-1.8693
2008-09-13 00:15:00,-0.0017,-2.1941
2008-09-13 00:30:00,-0.0111,-2.6849
2008-09-13 00:45:00,-0.0044,-2.0612
2008-09-13 01:00:00,-0.001,-2.004
2008-09-13 01:15:00,0.0007,-2.4912
2008-09-13 01:30:00,-0.0029,-2.2568
2008-09-13 01:45:00,-0.0068,-2.2162
2008-09-13 02:00:00,-0.006,-2.1387
2008-09-13 02:15:00,-0.0008,-1.384
2008-09-13 02:30:00,0.0022,-1.8398
2008-09-13 02:45:00,-0.0108,-2.0298
2008-09-13 03:00:00,-0.0006,-2.6497
2008-09-13 03:15:00,-0.0002,-2.8359
2008-09-13 03:30:00,-0.0114,-2.1494
2008-09-13 03:45:00,0.0033,-2.3374
2008-09-13 04:00:00,-0.0093,-2.8207
2008-09-13 04:15:00,-0.0118,-3.029
2008-09-13 04:30:00,-0.0048,-2.9606
2008-09-13 04:45:00,-0.0062,-2.6876
2008-09-13 05:00:00,0.0051,-2.8057
2008-09-13 05:15:00,0.0169,-3.0362
2008-09-13 05:30:00,0.21,-2.5012
2008-09-13 05:45:00,0.4943,1.1971
2008-09-13 06:00:00,-0.3286,15.359
2008-09-13 06:15:00,4.734,42.018
2008-09-13 06:30:00,27.552,91.147
2008-09-13 06:45:00,79.007,148.79
2008-09-13 07:00:00,146.39,210.79
2008-09-13 07:15:00,220.94,275.24
2008-09-13 07:30:00,299.4,342.8
2008-09-13 07:45:00,376.99,411.43
2008-09-13 08:00:00,451.02,478.28
2008-09-13 08:15:00,521.42,543.54
2008-09-13 08:30:00,589.5,606.78
2008-09-13 08:45:00,643.64,665.34
2008-09-13 09:00:00,716.26,724.34
2008-09-13 09:15:00,779.9,779.8
2008-09-13 09:30:00,835.51,833.41
2008-09-13 09:45:00,886.18,882.23
2008-09-13 10:00:00,925.61,928.19
2008-09-13 10:15:00,961.62,965.68
2008-09-13 10:30:00,986.27,999.05
2008-09-13 10:45:00,1025.8,1031.5
2008-09-13 11:00:00,1040.7,1057.0
2008-09-13 11:15:00,1059.2,1077.6
2008-09-13 11:30:00,1076.2,1092.0
2008-09-13 11:45:00,1074.1,1101.1
2008-09-13 12:00:00,1074.7,1104.7
2008-09-13 12:15:00,1065.5,1105.5
2008-09-13 12:30:00,1051.5,1098.8
2008-09-13 12:45:00,1050.1,1087.5
2008-09-13 13:00:00,1032.0,1072.6
2008-09-13 13:15:00,1013.8,1051.6
2008-09-13 13:30:00,1005.6,1026.8
2008-09-13 13:45:00,975.5,994.57
2008-09-13 14:00:00,937.47,963.16
2008-09-13 14:15:00,901.54,928.3
2008-09-13 14:30:00,854.84,879.01
2008-09-13 14:45:00,815.01,836.08
2008-09-13 15:00:00,725.93,745.42
2008-09-13 15:15:00,693.35,713.54
2008-09-13 15:30:00,602.84,628.15
2008-09-13 15:45:00,542.95,570.28
2008-09-13 16:00:00,490.67,523.05
2008-09-13 16:15:00,302.39,345.07
2008-09-13 16:30:00,280.8,326.12
2008-09-13 16:45:00,264.72,321.85
2008-09-13 17:00:00,185.41,252.69
2008-09-13 17:15:00,111.73,183.35
2008-09-13 17:30:00,41.107,98.431
2008-09-13 17:45:00,7.2925,29.972
2008-09-13 18:00:00,0.627,19.922
2008-09-13 18:15:00,-0.5696,2.8622
2008-09-13 18:30:00,0.0172,-0.7
2008-09-13 18:45:00,0.008,-1.4719
2008-09-13 19:00:00,0.0004,-0.9175
2008-09-13 19:15:00,0.0001,-1.124
2008-09-13 19:30:00,-0.0002,-4.1921
2008-09-13 19:45:00,0.0006,-3.1752
2008-09-13 20:00:00,0.0004,-2.4217
2008-09-13 20:15:00,-0.0006,-1.5335
2008-09-13 20:30:00,-0.0002,-1.119
2008-09-13 20:45:00,-0.0003,-1.6427
2008-09-13 21:00:00,0.0001,-0.5771
2008-09-13 21:15:00,-0.0001,-0.4979
2008-09-13 21:30:00,-0.0002,-0.3061
2008-09-13 21:45:00,-0.0002,-0.2232
2008-09-13 22:00:00,0.0,-0.2767
2008-09-13 22:15:00,-0.0004,-0.3966
2008-09-13 22:30:00,0.0002,-0.6549
2008-09-13 22:45:00,-0.0003,-0.7471
2008-09-13 23:00:00,0.0005,-0.5608
2008-09-13 23:15:00,-0.0014,-0.6494
2008-09-13 23:30:00,-0.0004,-0.6623
2008-09-13 23:45:00,0.0005,-0.7251
2008-09-14 00:00:00,-0.0002,-0.5166
2008-09-14 00:15:00,-0.0004,-0.4243
2008-09-14 00:30:00,-0.0004,-0.5793
2008-09-14 00:45:00,0.0003,-0.5996
2008-09-14 01:00:00,0.0001,-0.5849
2008-09-14 01:15:00,0.0011,-0.4336
2008-09-14 01:30:00,-0.0018,-0.5351
2008-09-14 01:45:00,-0.0011,-0.5241
2008-09-14 02:00:00,0.001,-0.513
2008-09-14 02:15:00,0.0026,-0.5591
2008-09-14 02:30:00,-0.0008,-0.6126
2008-09-14 02:45:00,-0.0016,-0.5517
2008-09-14 03:00:00,-0.0014,-0.5757
2008-09-14 03:15:00,0.0008,-0.8618
2008-09-14 03:30:00,-0.0007,-0.7584
2008-09-14 03:45:00,-0.0031,-0.8433
2008-09-14 04:00:00,0.0019,-0.7879
2008-09-14 04:15:00,0.0011,-0.7861
2008-09-14 04:30:00,-0.0005,-0.8747
2008-09-14 04:45:00,0.0012,-0.8876
2008-09-14 05:00:00,-0.0021,-0.6588
2008-09-14 05:15:00,-0.0029,-0.4595
2008-09-14 05:30:00,0.012,-0.4558
2008-09-14 05:45:00,0.0607,0.0092
2008-09-14 06:00:00,0.01,1.3342
2008-09-14 06:15:00,-0.1742,3.0835
2008-09-14 06:30:00,-0.2039,7.2871
2008-09-14 06:45:00,-2.7521,12.987
2008-09-14 07:00:00,-1.1119,17.879
2008-09-14 07:15:00,4.3666,24.687
2008-09-14 07:30:00,14.399,36.9
2008-09-14 07:45:00,17.38,41.621
2008-09-14 08:00:00,34.413,57.636
2008-09-14 08:15:00,50.416,73.749
2008-09-14 08:30:00,56.882,79.164
2008-09-14 08:45:00,87.137,108.48
2008-09-14 09:00:00,112.47,131.72
2008-09-14 09:15:00,138.61,155.69
2008-09-14 09:30:00,151.18,165.62
2008-09-14 09:45:00,193.68,204.91
2008-09-14 10:00:00,276.0,279.6
2008-09-14 10:15:00,321.93,321.8
2008-09-14 10:30:00,282.37,291.32
2008-09-14 10:45:00,354.98,352.03
2008-09-14 11:00:00,333.36,337.88
2008-09-14 11:15:00,236.31,247.34
2008-09-14 11:30:00,277.51,283.34
2008-09-14 11:45:00,296.86,301.74
2008-09-14 12:00:00,265.22,273.37
2008-09-14 12:15:00,284.87,293.6
2008-09-14 12:30:00,268.25,278.07
2008-09-14 12:45:00,361.23,362.85
2008-09-14 13:00:00,417.11,414.95
2008-09-14 13:15:00,943.87,936.21
2008-09-14 13:30:00,1049.4,1054.0
2008-09-14 13:45:00,1048.5,1083.7
2008-09-14 14:00:00,983.46,1009.8
2008-09-14 14:15:00,595.33,618.59
2008-09-14 14:30:00,810.24,800.02
2008-09-14 14:45:00,840.26,842.98
2008-09-14 15:00:00,619.18,634.37
2008-09-14 15:15:00,632.01,642.9
2008-09-14 15:30:00,621.07,634.65
2008-09-14 15:45:00,552.37,571.0
2008-09-14 16:00:00,477.01,502.34
2008-09-14 16:15:00,408.04,440.42
2008-09-14 16:30:00,333.01,374.11
2008-09-14 16:45:00,254.4,306.34
2008-09-14 17:00:00,178.61,240.05
2008-09-14 17:15:00,108.36,175.98
2008-09-14 17:30:00,41.533,102.34
2008-09-14 17:45:00,-0.5333,22.537
2008-09-14 18:00:00,-2.2004,10.56
2008-09-14 18:15:00,-0.0795,0.8845
2008-09-14 18:30:00,0.0934,-2.2468
2008-09-14 18:45:00,0.0228,-2.6121
2008-09-14 19:00:00,0.0009,-2.2584
2008-09-14 19:15:00,-0.0034,-2.2955
2008-09-14 19:30:00,0.003,-2.2036
2008-09-14 19:45:00,0.0012,-2.0581
2008-09-14 20:00:00,-0.0039,-2.1118
2008-09-14 20:15:00,-0.0012,-1.9884
2008-09-14 20:30:00,-0.0046,-1.8815
2008-09-14 20:45:00,0.0007,-1.6603
2008-09-14 21:00:00,0.0001,-1.8615
2008-09-14 21:15:00,0.0021,-1.9059
2008-09-14 21:30:00,-0.0002,-1.5277
2008-09-14 21:45:00,0.0013,-1.7584
2008-09-14 22:00:00,0.0033,-1.8175
2008-09-14 22:15:00,0.0003,-2.0666
2008-09-14 22:30:00,0.0023,-2.0538
2008-09-14 22:45:00,-0.0029,-1.7419
2008-09-14 23:00:00,0.0006,-1.8046
2008-09-14 23:15:00,0.0024,-1.7253
2008-09-14 23:30:00,-0.0018,-1.4965
2008-09-14 23:45:00,0.0007,-2.0667
2008-09-15 00:00:00,-0.0007,-2.1682
2008-09-15 00:15:00,0.0024,-2.0003
2008-09-15 00:30:00,0.0002,-2.0077
2008-09-15 00:45:00,0.0,-1.9763
2008-09-15 01:00:00,0.0024,-2.4395
2008-09-15 01:15:00,-0.0007,-2.6868
2008-09-15 01:30:00,0.0049,-2.458
2008-09-15 01:45:00,0.0062,-2.29
2008-09-15 02:00:00,-0.0031,-2.4469
2008-09-15 02:15:00,-0.0007,-2.4967
2008-09-15 02:30:00,0.0019,-1.9763
2008-09-15 02:45:00,-0.0003,-2.4137
2008-09-15 03:00:00,-0.0039,-2.4783
2008-09-15 03:15:00,0.0013,-2.7403
2008-09-15 03:30:00,0.0032,-2.2236
2008-09-15 03:45:00,0.0015,-3.0097
2008-09-15 04:00:00,-0.0007,-2.565
2008-09-15 04:15:00,0.0074,-2.7016
2008-09-15 04:30:00,-0.0022,-2.5429
2008-09-15 04:45:00,-0.0047,-2.7349
2008-09-15 05:00:00,0.0017,-3.1446
2008-09-15 05:15:00,0.0013,-3.2573
2008-09-15 05:30:00,0.0998,-2.6022
2008-09-15 05:45:00,0.0964,-0.0185
2008-09-15 06:00:00,-1.1518,12.353
2008-09-15 06:15:00,5.582,38.089
2008-09-15 06:30:00,28.831,84.981
2008-09-15 06:45:00,82.055,141.26
2008-09-15 07:00:00,148.38,204.25
2008-09-15 07:15:00,229.76,268.38
2008-09-15 07:30:00,308.27,334.77
2008-09-15 07:45:00,385.96,401.4
2008-09-15 08:00:00,462.95,469.56
2008-09-15 08:15:00,537.84,534.69
2008-09-15 08:30:00,605.41,597.87
2008-09-15 08:45:00,667.81,658.77
2008-09-15 09:00:00,729.05,719.04
2008-09-15 09:15:00,781.51,773.83
2008-09-15 09:30:00,824.69,826.59
2008-09-15 09:45:00,870.41,878.24
2008-09-15 10:00:00,921.52,923.4
2008-09-15 10:15:00,958.65,961.53
2008-09-15 10:30:00,984.21,997.83
2008-09-15 10:45:00,1011.3,1027.2
2008-09-15 11:00:00,1027.4,1052.3
2008-09-15 11:15:00,1045.2,1070.8
2008-09-15 11:30:00,1049.3,1086.1
2008-09-15 11:45:00,1061.0,1100.5
2008-09-15 12:00:00,1056.4,1102.8
2008-09-15 12:15:00,1046.0,1097.8
2008-09-15 12:30:00,1045.2,1092.0
2008-09-15 12:45:00,1029.1,1077.0
2008-09-15 13:00:00,1007.0,1052.7
2008-09-15 13:15:00,989.71,1032.3
2008-09-15 13:30:00,969.69,1006.1
2008-09-15 13:45:00,929.68,969.18
2008-09-15 14:00:00,902.23,934.88
2008-09-15 14:15:00,869.21,894.59
2008-09-15 14:30:00,827.68,848.36
2008-09-15 14:45:00,779.19,798.69
2008-09-15 15:00:00,730.68,744.23
2008-09-15 15:15:00,665.72,686.82
2008-09-15 15:30:00,609.55,629.59
2008-09-15 15:45:00,542.31,564.05
2008-09-15 16:00:00,470.07,498.62
2008-09-15 16:15:00,396.46,432.07
2008-09-15 16:30:00,320.11,364.59
2008-09-15 16:45:00,243.3,296.79
2008-09-15 17:00:00,168.09,229.64
2008-09-15 17:15:00,96.149,165.15
2008-09-15 17:30:00,34.251,103.46
2008-09-15 17:45:00,-1.0068,23.617
2008-09-15 18:00:00,-2.0134,8.9531
2008-09-15 18:15:00,-0.6401,0.4991
2008-09-15 18:30:00,0.0101,-2.8611
2008-09-15 18:45:00,0.0037,-4.0259
2008-09-15 19:00:00,-0.0019,-3.9194
2008-09-15 19:15:00,-0.0004,-3.2841
2008-09-15 19:30:00,-0.0007,-2.7831
2008-09-15 19:45:00,-0.0004,-2.8497
2008-09-15 20:00:00,0.0005,-2.5512
2008-09-15 20:15:00,-0.0011,-1.9007
2008-09-15 20:30:00,-0.0001,-1.7442
2008-09-15 20:45:00,-0.0002,-2.0651
2008-09-15 21:00:00,-0.0002,-2.032
2008-09-15 21:15:00,0.0003,-2.0211
2008-09-15 21:30:00,0.0007,-2.0249
2008-09-15 21:45:00,-0.0004,-2.0066
2008-09-15 22:00:00,-0.0012,-2.0251
2008-09-15 22:15:00,-0.0003,-2.0049
2008-09-15 22:30:00,-0.0021,-1.9884
2008-09-15 22:45:00,0.0007,-1.9958
2008-09-15 23:00:00,0.0015,-2.0088
2008-09-15 23:15:00,-0.002,-2.0734
2008-09-15 23:30:00,-0.0012,-2.1011
2008-09-15 23:45:00,0.0003,-2.0771
2008-09-16 00:00:00,-0.0014,-2.1398
2008-09-16 00:15:00,-0.0002,-2.2229
2008-09-16 00:30:00,0.0006,-1.9849
2008-09-16 00:45:00,0.0018,-2.1602
2008-09-16 01:00:00,-0.0006,-2.4129
2008-09-16 01:15:00,-0.0016,-1.8153
2008-09-16 01:30:00,0.0006,-2.0847
2008-09-16 01:45:00,0.0003,-2.1326
2008-09-16 02:00:00,-0.0026,-2.2562
2008-09-16 02:15:00,-0.0014,-2.3614
2008-09-16 02:30:00,-0.0009,-2.223
2008-09-16 02:45:00,-0.0003,-2.4554
2008-09-16 03:00:00,-0.0005,-2.627
2008-09-16 03:15:00,-0.0039,-2.6141
2008-09-16 03:30:00,0.0063,-2.4812
2008-09-16 03:45:00,-0.0014,-2.8187
2008-09-16 04:00:00,-0.0001,-3.291
2008-09-16 04:15:00,0.0011,-2.3133
2008-09-16 04:30:00,-0.0058,-1.9167
2008-09-16 04:45:00,-0.0034,-1.7101
2008-09-16 05:00:00,-0.0023,-1.6899
2008-09-16 05:15:00,0.0036,-2.2784
2008-09-16 05:30:00,0.0733,-1.9851
2008-09-16 05:45:00,-0.0445,0.4262
2008-09-16 06:00:00,-1.2241,12.011
2008-09-16 06:15:00,5.4527,39.428
2008-09-16 06:30:00,28.358,86.817
2008-09-16 06:45:00,82.42,144.04
2008-09-16 07:00:00,151.44,209.01
2008-09-16 07:15:00,230.02,273.18
2008-09-16 07:30:00,308.59,341.09
2008-09-16 07:45:00,386.57,407.63
2008-09-16 08:00:00,459.77,473.2
2008-09-16 08:15:00,530.7,537.99
2008-09-16 08:30:00,596.44,599.88
2008-09-16 08:45:00,655.68,658.73
2008-09-16 09:00:00,720.57,721.59
2008-09-16 09:15:00,773.42,776.1
2008-09-16 09:30:00,817.49,827.94
2008-09-16 09:45:00,856.0,875.89
2008-09-16 10:00:00,891.63,918.96
2008-09-16 10:15:00,927.06,959.39
2008-09-16 10:30:00,950.92,993.84
2008-09-16 10:45:00,976.8,1023.5
2008-09-16 11:00:00,1000.4,1047.6
2008-09-16 11:15:00,1015.3,1066.7
2008-09-16 11:30:00,1020.2,1077.6
2008-09-16 11:45:00,1022.4,1084.8
2008-09-16 12:00:00,1029.4,1091.2
2008-09-16 12:15:00,1027.0,1088.4
2008-09-16 12:30:00,1019.3,1076.2
2008-09-16 12:45:00,1012.9,1059.8
2008-09-16 13:00:00,1001.0,1049.8
2008-09-16 13:15:00,977.03,1018.6
2008-09-16 13:30:00,943.77,999.18
2008-09-16 13:45:00,899.33,945.29
2008-09-16 14:00:00,872.72,912.45
2008-09-16 14:15:00,832.56,870.77
2008-09-16 14:30:00,796.7,824.56
2008-09-16 14:45:00,752.43,778.69
2008-09-16 15:00:00,701.07,725.28
2008-09-16 15:15:00,640.85,667.31
2008-09-16 15:30:00,583.5,611.03
2008-09-16 15:45:00,521.26,549.81
2008-09-16 16:00:00,449.76,483.42
2008-09-16 16:15:00,376.39,418.15
2008-09-16 16:30:00,304.83,353.87
2008-09-16 16:45:00,228.18,285.57
2008-09-16 17:00:00,156.92,219.67
2008-09-16 17:15:00,90.236,156.26
2008-09-16 17:30:00,27.763,86.768
2008-09-16 17:45:00,-2.1268,16.186
2008-09-16 18:00:00,-2.1527,6.6326
2008-09-16 18:15:00,-0.7079,-0.4917
2008-09-16 18:30:00,-0.0165,-3.7535
2008-09-16 18:45:00,0.0001,-4.0983
2008-09-16 19:00:00,0.0,-3.9715
2008-09-16 19:15:00,0.0,-3.4838
2008-09-16 19:30:00,0.0,-2.9591
2008-09-16 19:45:00,0.0,-3.1529
2008-09-16 20:00:00,0.0,-2.6869
2008-09-16 20:15:00,0.0,-2.6336
2008-09-16 20:30:00,0.0,-2.6964
2008-09-16 20:45:00,0.0,-2.6837
2008-09-16 21:00:00,0.0,-2.6249
2008-09-16 21:15:00,0.0,-2.3227
2008-09-16 21:30:00,0.0,-2.0297
2008-09-16 21:45:00,0.0,-2.2436
2008-09-16 22:00:00,0.0001,-2.4944
2008-09-16 22:15:00,0.0001,-2.6015
2008-09-16 22:30:00,0.0002,-2.6403
2008-09-16 22:45:00,0.0002,-2.2254
2008-09-16 23:00:00,-0.0001,-2.7712
2008-09-16 23:15:00,0.0,-2.7122
2008-09-16 23:30:00,0.0,-2.1591
2008-09-16 23:45:00,0.0,-1.9913
2008-09-17 00:00:00,0.0,-1.9766
2008-09-17 00:15:00,-0.0002,-1.9453
2008-09-17 00:30:00,-0.0002,-1.9988
2008-09-17 00:45:00,-0.0003,-2.0375
2008-09-17 01:00:00,-0.0002,-1.9011
2008-09-17 01:15:00,-0.0006,-1.9454
2008-09-17 01:30:00,-0.0004,-1.9731
2008-09-17 01:45:00,0.0,-1.9252
2008-09-17 02:00:00,-0.0008,-1.9695
2008-09-17 02:15:00,-0.0003,-1.9991
2008-09-17 02:30:00,0.0,-1.4809
2008-09-17 02:45:00,-0.0009,-1.6801
2008-09-17 03:00:00,-0.0009,-1.883
2008-09-17 03:15:00,-0.001,-1.9144
2008-09-17 03:30:00,-0.0003,-2.2556
2008-09-17 03:45:00,0.0004,-2.523
2008-09-17 04:00:00,-0.0013,-2.0619
2008-09-17 04:15:00,0.0001,-1.9605
2008-09-17 04:30:00,0.0011,-1.5622
2008-09-17 04:45:00,-0.0004,-0.9702
2008-09-17 05:00:00,0.0,-1.3687
2008-09-17 05:15:00,0.0008,-0.7397
2008-09-17 05:30:00,0.0311,-1.448
2008-09-17 05:45:00,-0.158,1.7303
2008-09-17 06:00:00,-1.2375,13.255
2008-09-17 06:15:00,6.6073,39.388
2008-09-17 06:30:00,29.256,84.172
2008-09-17 06:45:00,79.839,139.75
2008-09-17 07:00:00,146.47,200.92
2008-09-17 07:15:00,220.94,264.49
2008-09-17 07:30:00,298.56,330.33
2008-09-17 07:45:00,376.42,397.15
2008-09-17 08:00:00,449.3,462.63
2008-09-17 08:15:00,518.41,526.23
2008-09-17 08:30:00,583.9,589.21
2008-09-17 08:45:00,640.99,647.02
2008-09-17 09:00:00,698.82,704.64
2008-09-17 09:15:00,756.97,761.99
2008-09-17 09:30:00,804.74,812.69
2008-09-17 09:45:00,849.45,864.36
2008-09-17 10:00:00,882.89,907.59
2008-09-17 10:15:00,918.98,944.66
2008-09-17 10:30:00,949.46,977.6
2008-09-17 10:45:00,971.76,1007.4
2008-09-17 11:00:00,985.97,1032.0
2008-09-17 11:15:00,1012.3,1054.6
2008-09-17 11:30:00,1024.2,1071.0
2008-09-17 11:45:00,1028.3,1079.7
2008-09-17 12:00:00,1013.4,1065.1
2008-09-17 12:15:00,1014.5,1058.3
2008-09-17 12:30:00,1021.4,1062.8
2008-09-17 12:45:00,1014.6,1050.0
2008-09-17 13:00:00,997.46,1036.6
2008-09-17 13:15:00,975.48,1017.0
2008-09-17 13:30:00,948.18,988.59
2008-09-17 13:45:00,919.19,957.25
2008-09-17 14:00:00,885.8,925.98
2008-09-17 14:15:00,871.0,902.48
2008-09-17 14:30:00,381.57,422.19
2008-09-17 14:45:00,135.53,165.87
2008-09-17 15:00:00,132.02,157.55
2008-09-17 15:15:00,136.34,159.22
2008-09-17 15:30:00,139.63,160.37
2008-09-17 15:45:00,130.32,152.59
2008-09-17 16:00:00,109.42,133.83
2008-09-17 16:15:00,83.659,108.6
2008-09-17 16:30:00,64.444,88.793
2008-09-17 16:45:00,55.127,79.229
2008-09-17 17:00:00,50.465,75.243
2008-09-17 17:15:00,36.453,65.465
2008-09-17 17:30:00,16.572,42.67
2008-09-17 17:45:00,-1.4879,17.05
2008-09-17 18:00:00,-0.9307,2.124
2008-09-17 18:15:00,-0.0492,-2.021
2008-09-17 18:30:00,0.0046,-2.9073
2008-09-17 18:45:00,0.0003,-2.7712
2008-09-17 19:00:00,0.0001,-3.2007
2008-09-17 19:15:00,-0.0001,-2.9871
2008-09-17 19:30:00,-0.0001,-2.6057
2008-09-17 19:45:00,-0.0003,-1.0707
2008-09-17 20:00:00,0.0001,-0.5861
2008-09-17 20:15:00,-0.0004,-1.6126
2008-09-17 20:30:00,-0.0005,-2.0237
2008-09-17 20:45:00,-0.0004,-2.0016
2008-09-17 21:00:00,-0.0001,-1.7639
2008-09-17 21:15:00,-0.0006,-1.6183
2008-09-17 21:30:00,-0.0004,-1.8746
2008-09-17 21:45:00,-0.0005,-1.9373
2008-09-17 22:00:00,-0.0006,-2.2009
2008-09-17 22:15:00,-0.0006,-2.0186
2008-09-17 22:30:00,-0.0006,-1.8287
2008-09-17 22:45:00,-0.0005,-2.0444
2008-09-17 23:00:00,-0.0003,-2.2933
2008-09-17 23:15:00,-0.0008,-2.2694
2008-09-17 23:30:00,-0.0001,-2.2879
2008-09-17 23:45:00,-0.0007,-2.1589
2008-09-18 00:00:00,-0.0005,-2.1258
2008-09-18 00:15:00,-0.0004,-2.0558
2008-09-18 00:30:00,0.0003,-1.7903
2008-09-18 00:45:00,-0.0005,-1.7221
2008-09-18 01:00:00,0.0,-1.4197
2008-09-18 01:15:00,-0.0006,-1.4271
2008-09-18 01:30:00,-0.0013,-1.8032
2008-09-18 01:45:00,0.0001,-1.8678
2008-09-18 02:00:00,0.0,-1.8678
2008-09-18 02:15:00,-0.0007,-1.9784
2008-09-18 02:30:00,-0.0018,-2.0522
2008-09-18 02:45:00,0.0003,-2.019
2008-09-18 03:00:00,-0.0002,-2.1334
2008-09-18 03:15:00,-0.0015,-2.0485
2008-09-18 03:30:00,-0.0023,-2.397
2008-09-18 03:45:00,-0.0009,-2.1371
2008-09-18 04:00:00,0.0007,-2.2072
2008-09-18 04:15:00,0.0006,-2.2607
2008-09-18 04:30:00,-0.0019,-2.2626
2008-09-18 04:45:00,0.0012,-2.2
2008-09-18 05:00:00,-0.0036,-2.0341
2008-09-18 05:15:00,0.0003,-1.7207
2008-09-18 05:30:00,0.0334,-1.3888
2008-09-18 05:45:00,-0.0004,0.7857
2008-09-18 06:00:00,-0.9357,10.654
2008-09-18 06:15:00,5.7078,37.77
2008-09-18 06:30:00,30.516,83.184
2008-09-18 06:45:00,76.206,138.89
2008-09-18 07:00:00,146.33,200.06
2008-09-18 07:15:00,221.04,264.19
2008-09-18 07:30:00,295.78,328.05
2008-09-18 07:45:00,372.64,393.32
2008-09-18 08:00:00,445.76,455.93
2008-09-18 08:15:00,517.13,521.22
2008-09-18 08:30:00,581.31,585.79
2008-09-18 08:45:00,647.42,646.97
2008-09-18 09:00:00,713.58,705.54
2008-09-18 09:15:00,762.7,759.18
2008-09-18 09:30:00,809.77,807.63
2008-09-18 09:45:00,854.12,856.64
2008-09-18 10:00:00,892.87,902.03
2008-09-18 10:15:00,924.78,941.97
2008-09-18 10:30:00,950.72,974.83
2008-09-18 10:45:00,978.52,1005.2
2008-09-18 11:00:00,997.66,1032.5
2008-09-18 11:15:00,1022.8,1052.8
2008-09-18 11:30:00,1023.3,1064.8
2008-09-18 11:45:00,1024.1,1076.1
2008-09-18 12:00:00,1041.2,1091.0
2008-09-18 12:15:00,1048.9,1104.9
2008-09-18 12:30:00,1033.3,1088.3
2008-09-18 12:45:00,988.9,1031.7
2008-09-18 13:00:00,585.96,620.49
2008-09-18 13:15:00,364.82,385.2
2008-09-18 13:30:00,440.77,449.33
2008-09-18 13:45:00,510.89,518.46
2008-09-18 14:00:00,491.01,500.91
2008-09-18 14:15:00,300.63,322.39
2008-09-18 14:30:00,193.04,213.69
2008-09-18 14:45:00,157.78,174.97
2008-09-18 15:00:00,119.0,135.27
2008-09-18 15:15:00,96.988,114.35
2008-09-18 15:30:00,72.472,91.695
2008-09-18 15:45:00,46.514,66.66
2008-09-18 16:00:00,57.768,76.344
2008-09-18 16:15:00,59.137,77.096
2008-09-18 16:30:00,58.674,79.658
2008-09-18 16:45:00,54.714,77.248
2008-09-18 17:00:00,48.141,71.216
2008-09-18 17:15:00,26.316,51.097
2008-09-18 17:30:00,5.5674,28.038
2008-09-18 17:45:00,-2.0927,11.885
2008-09-18 18:00:00,-0.82,2.4711
2008-09-18 18:15:00,-0.0015,-0.481
2008-09-18 18:30:00,0.0011,-0.94
2008-09-18 18:45:00,0.0001,-0.929
2008-09-18 19:00:00,0.0002,-0.8829
2008-09-18 19:15:00,0.0,-0.9032
2008-09-18 19:30:00,0.0002,-1.0064
2008-09-18 19:45:00,0.0,-1.0323
2008-09-18 20:00:00,0.0,-1.2296
2008-09-18 20:15:00,0.0,-1.1466
2008-09-18 20:30:00,-0.0002,-0.9236
2008-09-18 20:45:00,-0.0002,-0.8443
2008-09-18 21:00:00,-0.0003,-0.9089
2008-09-18 21:15:00,-0.0006,-0.9347
2008-09-18 21:30:00,-0.0002,-1.1338
2008-09-18 21:45:00,-0.0002,-1.4914
2008-09-18 22:00:00,-0.0007,-2.0759
2008-09-18 22:15:00,-0.0005,-2.1902
2008-09-18 22:30:00,0.0001,-2.1478
2008-09-18 22:45:00,-0.0003,-2.1718
2008-09-18 23:00:00,0.0005,-2.2179
2008-09-18 23:15:00,0.0,-2.4208
2008-09-18 23:30:00,-0.0009,-2.4688
2008-09-18 23:45:00,0.0013,-1.8954
2008-09-19 00:00:00,0.0006,-1.947
2008-09-19 00:15:00,-0.0014,-2.0724
2008-09-19 00:30:00,0.0032,-2.4154
2008-09-19 00:45:00,-0.0005,-2.432
2008-09-19 01:00:00,-0.0018,-2.6699
2008-09-19 01:15:00,0.0007,-2.2477
2008-09-19 01:30:00,0.0003,-2.0469
2008-09-19 01:45:00,0.0004,-2.0156
2008-09-19 02:00:00,-0.0003,-2.3053
2008-09-19 02:15:00,-0.0016,-1.8627
2008-09-19 02:30:00,-0.0015,-1.9661
2008-09-19 02:45:00,0.001,-1.979
2008-09-19 03:00:00,0.0003,-1.7246
2008-09-19 03:15:00,-0.001,-1.649
2008-09-19 03:30:00,-0.0017,-1.2414
2008-09-19 03:45:00,-0.0044,-1.8889
2008-09-19 04:00:00,0.0033,-1.924
2008-09-19 04:15:00,-0.001,-1.7562
2008-09-19 04:30:00,0.001,-1.3171
2008-09-19 04:45:00,0.0015,-1.8134
2008-09-19 05:00:00,-0.0014,-1.9628
2008-09-19 05:15:00,-0.0077,-1.985
2008-09-19 05:30:00,0.0322,-2.009
2008-09-19 05:45:00,-0.0012,-0.369
2008-09-19 06:00:00,-0.9762,10.061
2008-09-19 06:15:00,6.5057,36.178
2008-09-19 06:30:00,19.862,60.948
2008-09-19 06:45:00,41.568,73.0
2008-09-19 07:00:00,148.64,191.48
2008-09-19 07:15:00,256.02,293.21
2008-09-19 07:30:00,172.91,205.44
2008-09-19 07:45:00,170.32,197.98
2008-09-19 08:00:00,146.97,177.18
2008-09-19 08:15:00,365.8,395.19
2008-09-19 08:30:00,529.92,530.84
2008-09-19 08:45:00,436.01,450.0
2008-09-19 09:00:00,420.06,425.15
2008-09-19 09:15:00,795.13,789.72
2008-09-19 09:30:00,818.91,824.93
2008-09-19 09:45:00,849.53,853.8
2008-09-19 10:00:00,909.48,904.23
2008-09-19 10:15:00,863.57,869.95
2008-09-19 10:30:00,742.07,737.66
2008-09-19 10:45:00,485.2,493.85
2008-09-19 11:00:00,652.1,642.79
2008-09-19 11:15:00,1047.7,1061.9
2008-09-19 11:30:00,632.9,646.34
2008-09-19 11:45:00,1133.0,1155.6
2008-09-19 12:00:00,1042.9,1108.6
2008-09-19 12:15:00,374.97,402.46
2008-09-19 12:30:00,518.95,523.95
2008-09-19 12:45:00,579.76,580.33
2008-09-19 13:00:00,964.39,975.47
2008-09-19 13:15:00,982.84,1023.0
2008-09-19 13:30:00,963.42,1006.4
2008-09-19 13:45:00,950.12,986.83
2008-09-19 14:00:00,876.93,913.17
2008-09-19 14:15:00,647.26,671.44
2008-09-19 14:30:00,466.08,487.75
2008-09-19 14:45:00,677.43,683.11
2008-09-19 15:00:00,186.61,220.39
2008-09-19 15:15:00,206.05,227.17
2008-09-19 15:30:00,220.41,244.49
2008-09-19 15:45:00,547.81,562.82
2008-09-19 16:00:00,452.23,482.13
2008-09-19 16:15:00,366.54,407.03
2008-09-19 16:30:00,277.35,324.35
2008-09-19 16:45:00,206.04,259.63
2008-09-19 17:00:00,96.941,147.68
2008-09-19 17:15:00,16.145,47.94
2008-09-19 17:30:00,-1.9298,19.182
2008-09-19 17:45:00,-2.5079,12.746
2008-09-19 18:00:00,-0.9355,3.533
2008-09-19 18:15:00,-0.0536,-0.853
2008-09-19 18:30:00,0.0045,-2.7765
2008-09-19 18:45:00,-0.0002,-2.8486
2008-09-19 19:00:00,0.0,-3.129
2008-09-19 19:15:00,0.0,-2.8417
2008-09-19 19:30:00,-0.0002,-2.5047
2008-09-19 19:45:00,-0.0003,-2.3058
2008-09-19 20:00:00,-0.0001,-2.588
2008-09-19 20:15:00,-0.0003,-2.343
2008-09-19 20:30:00,-0.0003,-2.6031
2008-09-19 20:45:00,-0.0003,-2.2308
2008-09-19 21:00:00,-0.0003,-2.052
2008-09-19 21:15:00,-0.0001,-2.1424
2008-09-19 21:30:00,-0.0004,-2.1388
2008-09-19 21:45:00,-0.0004,-2.0946
2008-09-19 22:00:00,-0.0002,-2.0781
2008-09-19 22:15:00,-0.0001,-1.9988
2008-09-19 22:30:00,-0.0003,-1.9178
2008-09-19 22:45:00,-0.0005,-1.9253
2008-09-19 23:00:00,-0.0001,-1.9585
2008-09-19 23:15:00,-0.0003,-2.0396
2008-09-19 23:30:00,-0.0006,-2.1172
2008-09-19 23:45:00,-0.0006,-2.0619
2008-09-20 00:00:00,-0.0006,-2.0159
2008-09-20 00:15:00,-0.0002,-1.9809
2008-09-20 00:30:00,-0.0003,-1.9218
2008-09-20 00:45:00,0.0001,-2.0012
2008-09-20 01:00:00,0.0006,-2.0565
2008-09-20 01:15:00,-0.0007,-2.0289
2008-09-20 01:30:00,-0.0003,-1.9772
2008-09-20 01:45:00,0.0012,-2.112
2008-09-20 02:00:00,0.0002,-2.1545
2008-09-20 02:15:00,-0.0002,-2.1138
2008-09-20 02:30:00,-0.0019,-1.9441
2008-09-20 02:45:00,-0.0017,-1.9774
2008-09-20 03:00:00,-0.0027,-1.9294
2008-09-20 03:15:00,0.0006,-1.9719
2008-09-20 03:30:00,-0.0008,-1.9406
2008-09-20 03:45:00,-0.0005,-1.9738
2008-09-20 04:00:00,-0.0004,-2.0458
2008-09-20 04:15:00,-0.004,-2.0514
2008-09-20 04:30:00,-0.0023,-2.0367
2008-09-20 04:45:00,-0.0036,-2.1953
2008-09-20 05:00:00,0.0033,-2.3908
2008-09-20 05:15:00,0.0,-2.0477
2008-09-20 05:30:00,0.0325,-1.712
2008-09-20 05:45:00,0.019,0.393
2008-09-20 06:00:00,-0.6909,8.5346
2008-09-20 06:15:00,4.5765,35.011
2008-09-20 06:30:00,30.567,79.802
2008-09-20 06:45:00,74.372,134.43
2008-09-20 07:00:00,145.98,195.42
2008-09-20 07:15:00,219.91,258.66
2008-09-20 07:30:00,289.4,318.16
2008-09-20 07:45:00,364.22,382.63
2008-09-20 08:00:00,438.55,448.86
2008-09-20 08:15:00,508.91,513.15
2008-09-20 08:30:00,577.22,577.7
2008-09-20 08:45:00,641.35,638.98
2008-09-20 09:00:00,700.54,696.86
2008-09-20 09:15:00,757.22,752.51
2008-09-20 09:30:00,806.67,805.31
2008-09-20 09:45:00,849.2,853.18
2008-09-20 10:00:00,879.5,894.49
2008-09-20 10:15:00,911.58,935.83
2008-09-20 10:30:00,939.83,972.06
2008-09-20 10:45:00,973.78,1002.3
2008-09-20 11:00:00,990.78,1027.4
2008-09-20 11:15:00,1014.2,1051.3
2008-09-20 11:30:00,1053.3,1095.0
2008-09-20 11:45:00,995.65,1056.5
2008-09-20 12:00:00,945.25,974.89
2008-09-20 12:15:00,722.68,771.88
2008-09-20 12:30:00,352.76,374.59
2008-09-20 12:45:00,356.26,374.3
2008-09-20 13:00:00,864.6,872.99
2008-09-20 13:15:00,1011.1,1060.2
2008-09-20 13:30:00,994.55,1048.7
2008-09-20 13:45:00,849.17,896.63
2008-09-20 14:00:00,755.15,795.83
2008-09-20 14:15:00,425.67,463.43
2008-09-20 14:30:00,364.9,387.71
2008-09-20 14:45:00,234.28,259.66
2008-09-20 15:00:00,454.67,469.41
2008-09-20 15:15:00,489.15,509.5
2008-09-20 15:30:00,443.85,463.11
2008-09-20 15:45:00,106.71,134.66
2008-09-20 16:00:00,51.17,76.921
2008-09-20 16:15:00,23.786,48.1
2008-09-20 16:30:00,77.678,101.44
2008-09-20 16:45:00,84.909,110.19
2008-09-20 17:00:00,34.859,61.023
2008-09-20 17:15:00,29.704,55.144
2008-09-20 17:30:00,10.758,35.737
2008-09-20 17:45:00,-0.5161,17.263
2008-09-20 18:00:00,-0.506,1.4664
2008-09-20 18:15:00,0.0052,-1.2197
2008-09-20 18:30:00,0.0011,-1.4003
2008-09-20 18:45:00,-0.0002,-0.6449
2008-09-20 19:00:00,-0.0006,-2.8047
2008-09-20 19:15:00,0.0,-2.1727
2008-09-20 19:30:00,-0.0002,-1.1463
2008-09-20 19:45:00,-0.0004,-0.4681
2008-09-20 20:00:00,0.0,-0.6174
2008-09-20 20:15:00,-0.0003,-1.5833
2008-09-20 20:30:00,-0.0002,-1.2479
2008-09-20 20:45:00,0.0,-0.9087
2008-09-20 21:00:00,-0.0005,-0.9512
2008-09-20 21:15:00,-0.0005,-1.648
2008-09-20 21:30:00,-0.0007,-2.0868
2008-09-20 21:45:00,-0.0002,-2.0278
2008-09-20 22:00:00,-0.0005,-2.5349
2008-09-20 22:15:00,-0.0002,-2.0095
2008-09-20 22:30:00,-0.0009,-1.4252
2008-09-20 22:45:00,-0.0003,-1.8346
2008-09-20 23:00:00,-0.0005,-1.6485
2008-09-20 23:15:00,-0.0003,-2.2459
2008-09-20 23:30:00,-0.0002,-2.0745
2008-09-20 23:45:00,-0.0003,-1.9031
2008-09-21 00:00:00,-0.0001,-1.5565
2008-09-21 00:15:00,-0.0005,-0.8797
2008-09-21 00:30:00,0.0007,-1.4017
2008-09-21 00:45:00,-0.0005,-1.7872
2008-09-21 01:00:00,0.0,-1.9956
2008-09-21 01:15:00,-0.0004,-2.2317
2008-09-21 01:30:00,0.0001,-1.7707
2008-09-21 01:45:00,0.0002,0.0683
2008-09-21 02:00:00,0.0001,-1.1067
2008-09-21 02:15:00,-0.0001,-1.5936
2008-09-21 02:30:00,-0.0008,-1.3649
2008-09-21 02:45:00,-0.0009,-2.1026
2008-09-21 03:00:00,-0.0003,-2.0104
2008-09-21 03:15:00,0.0013,-2.2391
2008-09-21 03:30:00,-0.0025,-1.9477
2008-09-21 03:45:00,0.0019,-2.0363
2008-09-21 04:00:00,-0.0012,-2.8053
2008-09-21 04:15:00,-0.0016,-2.1136
2008-09-21 04:30:00,0.0012,-1.9717
2008-09-21 04:45:00,-0.002,-1.8462
2008-09-21 05:00:00,-0.0026,-1.778
2008-09-21 05:15:00,0.0005,-1.9477
2008-09-21 05:30:00,0.0082,-1.4682
2008-09-21 05:45:00,0.0741,-1.1749
2008-09-21 06:00:00,-0.099,2.1137
2008-09-21 06:15:00,-0.2995,5.2843
2008-09-21 06:30:00,0.2743,15.296
2008-09-21 06:45:00,37.721,77.968
2008-09-21 07:00:00,51.421,88.561
2008-09-21 07:15:00,78.691,115.18
2008-09-21 07:30:00,193.61,227.38
2008-09-21 07:45:00,150.94,179.56
2008-09-21 08:00:00,390.03,397.62
2008-09-21 08:15:00,296.41,316.29
2008-09-21 08:30:00,305.95,321.68
2008-09-21 08:45:00,551.14,554.83
2008-09-21 09:00:00,145.41,171.33
2008-09-21 09:15:00,142.54,166.39
2008-09-21 09:30:00,501.98,498.54
2008-09-21 09:45:00,318.43,339.68
2008-09-21 10:00:00,905.36,895.46
2008-09-21 10:15:00,764.84,788.84
2008-09-21 10:30:00,724.66,738.36
2008-09-21 10:45:00,973.6,988.41
2008-09-21 11:00:00,1010.5,1043.9
2008-09-21 11:15:00,1011.0,1055.1
2008-09-21 11:30:00,941.56,994.93
2008-09-21 11:45:00,799.29,820.63
2008-09-21 12:00:00,440.66,459.7
2008-09-21 12:15:00,1017.8,1046.2
2008-09-21 12:30:00,767.24,793.69
2008-09-21 12:45:00,1066.4,1117.4
2008-09-21 13:00:00,1005.3,1074.7
2008-09-21 13:15:00,715.84,771.39
2008-09-21 13:30:00,1003.5,1038.5
2008-09-21 13:45:00,322.67,362.68
2008-09-21 14:00:00,536.32,549.56
2008-09-21 14:15:00,656.97,678.59
2008-09-21 14:30:00,414.84,458.26
2008-09-21 14:45:00,257.79,284.2
2008-09-21 15:00:00,218.23,241.62
2008-09-21 15:15:00,348.37,382.98
2008-09-21 15:30:00,231.49,264.96
2008-09-21 15:45:00,225.65,253.42
2008-09-21 16:00:00,152.27,184.95
2008-09-21 16:15:00,205.97,242.14
2008-09-21 16:30:00,51.663,82.549
2008-09-21 16:45:00,38.994,69.636
2008-09-21 17:00:00,96.149,147.7
2008-09-21 17:15:00,30.055,71.513
2008-09-21 17:30:00,22.608,62.502
2008-09-21 17:45:00,0.855,22.919
2008-09-21 18:00:00,-0.7936,2.6082
2008-09-21 18:15:00,-0.0147,-1.2232
2008-09-21 18:30:00,0.0036,-2.4466
2008-09-21 18:45:00,-0.0002,-3.029
2008-09-21 19:00:00,-0.0011,-3.4033
2008-09-21 19:15:00,-0.0003,-3.0312
2008-09-21 19:30:00,-0.0006,-3.3096
2008-09-21 19:45:00,-0.0005,-2.698
2008-09-21 20:00:00,-0.0002,-2.63
2008-09-21 20:15:00,0.0002,-2.6246
2008-09-21 20:30:00,-0.0007,-2.363
2008-09-21 20:45:00,-0.0005,-2.3632
2008-09-21 21:00:00,-0.0005,-2.3872
2008-09-21 21:15:00,0.0001,-2.0463
2008-09-21 21:30:00,-0.0004,-2.3653
2008-09-21 21:45:00,0.0,-2.5387
2008-09-21 22:00:00,-0.0003,-2.1884
2008-09-21 22:15:00,-0.0011,-2.2364
2008-09-21 22:30:00,0.0003,-1.9231
2008-09-21 22:45:00,-0.0008,-1.9065
2008-09-21 23:00:00,-0.0006,-2.0486
2008-09-21 23:15:00,-0.001,-2.0523
2008-09-21 23:30:00,0.0001,-2.08
2008-09-21 23:45:00,0.0002,-2.0781
2008-09-22 00:00:00,-0.0011,-1.9935
2008-09-22 00:15:00,0.0004,-2.0046
2008-09-22 00:30:00,-0.0004,-1.8498
2008-09-22 00:45:00,-0.0023,-1.9033
2008-09-22 01:00:00,-0.0019,-1.9642
2008-09-22 01:15:00,-0.0003,-1.9771
2008-09-22 01:30:00,0.001,-2.0435
2008-09-22 01:45:00,-0.0004,-2.1376
2008-09-22 02:00:00,0.0013,-2.0472
2008-09-22 02:15:00,0.0001,-1.8517
2008-09-22 02:30:00,-0.0021,-2.0288
2008-09-22 02:45:00,0.0003,-1.9403
2008-09-22 03:00:00,-0.0029,-2.1875
2008-09-22 03:15:00,-0.0005,-2.3756
2008-09-22 03:30:00,-0.0013,-2.0824
2008-09-22 03:45:00,-0.0016,-0.8872
2008-09-22 04:00:00,-0.0027,-1.815
2008-09-22 04:15:00,0.0001,-2.3924
2008-09-22 04:30:00,-0.0012,-1.9571
2008-09-22 04:45:00,-0.0021,-1.5052
2008-09-22 05:00:00,-0.0032,-1.8298
2008-09-22 05:15:00,-0.0006,-1.9627
2008-09-22 05:30:00,0.0286,-1.5956
2008-09-22 05:45:00,0.0171,0.5257
2008-09-22 06:00:00,-0.7345,9.2489
2008-09-22 06:15:00,14.623,49.923
2008-09-22 06:30:00,57.263,114.8
2008-09-22 06:45:00,139.75,198.99
2008-09-22 07:00:00,232.73,281.82
2008-09-22 07:15:00,310.01,349.4
2008-09-22 07:30:00,356.78,388.31
2008-09-22 07:45:00,420.55,441.96
2008-09-22 08:00:00,505.92,524.02
2008-09-22 08:15:00,538.41,554.07
2008-09-22 08:30:00,594.6,605.03
2008-09-22 08:45:00,653.18,662.16
2008-09-22 09:00:00,710.79,720.33
2008-09-22 09:15:00,760.57,776.8
2008-09-22 09:30:00,813.9,830.85
2008-09-22 09:45:00,869.35,880.13
2008-09-22 10:00:00,917.74,925.85
2008-09-22 10:15:00,950.83,963.04
2008-09-22 10:30:00,989.43,996.43
2008-09-22 10:45:00,1009.6,1025.5
2008-09-22 11:00:00,1025.2,1053.5
2008-09-22 11:15:00,1038.1,1077.0
2008-09-22 11:30:00,1043.5,1073.8
2008-09-22 11:45:00,1081.8,1112.7
2008-09-22 12:00:00,1054.4,1094.5
2008-09-22 12:15:00,1121.5,1163.2
2008-09-22 12:30:00,922.99,957.7
2008-09-22 12:45:00,846.78,866.27
2008-09-22 13:00:00,762.77,779.06
2008-09-22 13:15:00,682.78,692.21
2008-09-22 13:30:00,653.09,673.23
2008-09-22 13:45:00,405.08,417.84
2008-09-22 14:00:00,308.01,323.57
2008-09-22 14:15:00,248.72,265.96
2008-09-22 14:30:00,218.33,235.13
2008-09-22 14:45:00,162.55,180.97
2008-09-22 15:00:00,127.6,146.88
2008-09-22 15:15:00,98.539,122.34
2008-09-22 15:30:00,206.85,225.1
2008-09-22 15:45:00,219.11,239.54
2008-09-22 16:00:00,229.76,248.56
2008-09-22 16:15:00,93.769,120.74
2008-09-22 16:30:00,70.171,98.562
2008-09-22 16:45:00,109.71,145.58
2008-09-22 17:00:00,96.704,134.34
2008-09-22 17:15:00,29.356,57.941
2008-09-22 17:30:00,10.639,40.963
2008-09-22 17:45:00,5.3534,25.352
2008-09-22 18:00:00,-1.8189,5.5571
2008-09-22 18:15:00,-0.0376,-3.4872
2008-09-22 18:30:00,0.0004,-3.4893
2008-09-22 18:45:00,0.0,-2.7967
2008-09-22 19:00:00,0.0001,-1.7983
2008-09-22 19:15:00,0.0001,-2.3126
2008-09-22 19:30:00,0.0002,-2.6278
2008-09-22 19:45:00,0.0,-2.6721
2008-09-22 20:00:00,-0.0002,-2.3589
2008-09-22 20:15:00,-0.0001,-3.0354
2008-09-22 20:30:00,0.0,-3.0281
2008-09-22 20:45:00,0.0002,-2.4624
2008-09-22 21:00:00,0.0002,-2.5823
2008-09-22 21:15:00,0.0001,-2.9178
2008-09-22 21:30:00,0.0001,-2.6009
2008-09-22 21:45:00,0.0001,-2.5494
2008-09-22 22:00:00,0.0001,-2.5717
2008-09-22 22:15:00,0.0001,-2.299
2008-09-22 22:30:00,0.0001,-2.0649
2008-09-22 22:45:00,0.0001,-2.3416
2008-09-22 23:00:00,0.0001,-2.0891
2008-09-22 23:15:00,0.0001,-3.0665
2008-09-22 23:30:00,0.0,-3.0868
2008-09-22 23:45:00,0.0001,-2.945
2008-09-23 00:00:00,0.0001,-2.9821
2008-09-23 00:15:00,0.0001,-3.305
2008-09-23 00:30:00,0.0,-2.8404
2008-09-23 00:45:00,0.0001,-2.5656
2008-09-23 01:00:00,0.0001,-3.2169
2008-09-23 01:15:00,0.0001,-3.2593
2008-09-23 01:30:00,0.0001,-2.8333
2008-09-23 01:45:00,0.0,-2.612
2008-09-23 02:00:00,0.0002,-2.743
2008-09-23 02:15:00,0.0002,-3.3611
2008-09-23 02:30:00,0.0001,-3.2782
2008-09-23 02:45:00,0.0001,-2.7432
2008-09-23 03:00:00,0.0001,-2.3965
2008-09-23 03:15:00,0.0002,-2.1825
2008-09-23 03:30:00,0.0002,-2.0664
2008-09-23 03:45:00,0.0003,-2.0793
2008-09-23 04:00:00,0.0004,-2.3173
2008-09-23 04:15:00,0.0004,-2.7011
2008-09-23 04:30:00,0.0003,-2.5186
2008-09-23 04:45:00,0.0,-2.9006
2008-09-23 05:00:00,0.0001,-3.0925
2008-09-23 05:15:00,0.0003,-2.1939
2008-09-23 05:30:00,0.0031,-1.9873
2008-09-23 05:45:00,0.0036,-0.8913
2008-09-23 06:00:00,-0.7115,6.5212
2008-09-23 06:15:00,4.4299,32.61
2008-09-23 06:30:00,30.6,79.147
2008-09-23 06:45:00,75.984,134.58
2008-09-23 07:00:00,150.28,197.46
2008-09-23 07:15:00,226.68,262.26
2008-09-23 07:30:00,310.72,335.38
2008-09-23 07:45:00,391.89,404.53
2008-09-23 08:00:00,472.73,473.45
2008-09-23 08:15:00,545.02,539.76
2008-09-23 08:30:00,617.21,603.9
2008-09-23 08:45:00,685.25,666.08
2008-09-23 09:00:00,750.96,726.0
2008-09-23 09:15:00,801.54,779.84
2008-09-23 09:30:00,850.14,831.03
2008-09-23 09:45:00,899.87,879.58
2008-09-23 10:00:00,941.93,924.95
2008-09-23 10:15:00,956.79,960.73
2008-09-23 10:30:00,977.18,993.02
2008-09-23 10:45:00,1005.4,1021.9
2008-09-23 11:00:00,1025.8,1043.3
2008-09-23 11:15:00,1056.2,1063.2
2008-09-23 11:30:00,1055.4,1074.9
2008-09-23 11:45:00,1066.4,1083.0
2008-09-23 12:00:00,1066.8,1086.4
2008-09-23 12:15:00,1060.1,1086.5
2008-09-23 12:30:00,1061.6,1080.0
2008-09-23 12:45:00,1048.4,1068.5
2008-09-23 13:00:00,1028.4,1052.0
2008-09-23 13:15:00,1004.8,1030.3
2008-09-23 13:30:00,973.91,1002.5
2008-09-23 13:45:00,948.2,969.6
2008-09-23 14:00:00,909.77,929.46
2008-09-23 14:15:00,865.18,885.81
2008-09-23 14:30:00,823.16,839.66
2008-09-23 14:45:00,770.34,787.44
2008-09-23 15:00:00,715.25,732.58
2008-09-23 15:15:00,652.25,674.83
2008-09-23 15:30:00,590.98,614.48
2008-09-23 15:45:00,522.08,547.44
2008-09-23 16:00:00,433.57,465.52
2008-09-23 16:15:00,372.27,414.0
2008-09-23 16:30:00,299.87,350.64
2008-09-23 16:45:00,216.95,276.8
2008-09-23 17:00:00,120.17,180.19
2008-09-23 17:15:00,44.552,95.082
2008-09-23 17:30:00,-2.1891,19.957
2008-09-23 17:45:00,-1.94,8.591
2008-09-23 18:00:00,-0.3555,-0.6245
2008-09-23 18:15:00,0.0097,-2.7984
2008-09-23 18:30:00,0.0014,-2.795
2008-09-23 18:45:00,-0.0007,-2.4673
2008-09-23 19:00:00,-0.0001,-2.5246
2008-09-23 19:15:00,-0.0001,-2.6704
2008-09-23 19:30:00,-0.001,-2.4292
2008-09-23 19:45:00,0.0008,-2.2597
2008-09-23 20:00:00,0.0001,-2.6081
2008-09-23 20:15:00,-0.0005,-2.6709
2008-09-23 20:30:00,-0.0003,-2.5346
2008-09-23 20:45:00,-0.0003,-2.4425
2008-09-23 21:00:00,-0.0002,-2.4961
2008-09-23 21:15:00,-0.0018,-2.2399
2008-09-23 21:30:00,0.0004,-2.3284
2008-09-23 21:45:00,0.0004,-2.5479
2008-09-23 22:00:00,0.0001,-3.1803
2008-09-23 22:15:00,0.0008,-2.5609
2008-09-23 22:30:00,-0.001,-2.0613
2008-09-23 22:45:00,0.0003,-2.0318
2008-09-23 23:00:00,0.0004,-2.0172
2008-09-23 23:15:00,-0.0003,-1.7812
2008-09-23 23:30:00,-0.0002,-2.0211
2008-09-23 23:45:00,0.0003,-1.8958
2008-09-24 00:00:00,-0.0009,-2.3384
2008-09-24 00:15:00,0.0002,-2.2998
2008-09-24 00:30:00,0.0004,-2.2464
2008-09-24 00:45:00,-0.001,-2.3091
2008-09-24 01:00:00,-0.0006,-2.6449
2008-09-24 01:15:00,-0.0015,-2.4826
2008-09-24 01:30:00,-0.0013,-2.2281
2008-09-24 01:45:00,-0.0002,-2.0696
2008-09-24 02:00:00,-0.0015,-2.0106
2008-09-24 02:15:00,-0.0017,-2.2984
2008-09-24 02:30:00,0.0039,-1.9941
2008-09-24 02:45:00,-0.0015,-2.1362
2008-09-24 03:00:00,-0.0023,-2.2451
2008-09-24 03:15:00,0.0003,-2.0588
2008-09-24 03:30:00,-0.0042,-2.0551
2008-09-24 03:45:00,-0.0064,-3.3429
2008-09-24 04:00:00,0.0018,-2.4998
2008-09-24 04:15:00,0.0016,-1.9298
2008-09-24 04:30:00,-0.0023,-2.0811
2008-09-24 04:45:00,-0.0032,-2.0276
2008-09-24 05:00:00,-0.005,-1.856
2008-09-24 05:15:00,-0.0012,-2.0793
2008-09-24 05:30:00,0.0119,-2.3286
2008-09-24 05:45:00,0.0594,-2.0537
2008-09-24 06:00:00,-0.1353,3.2417
2008-09-24 06:15:00,2.8347,30.758
2008-09-24 06:30:00,28.551,77.416
2008-09-24 06:45:00,73.461,135.77
2008-09-24 07:00:00,152.78,203.34
2008-09-24 07:15:00,235.41,275.11
2008-09-24 07:30:00,321.09,347.99
2008-09-24 07:45:00,401.0,417.2
2008-09-24 08:00:00,478.92,488.2
2008-09-24 08:15:00,548.6,551.41
2008-09-24 08:30:00,616.36,615.7
2008-09-24 08:45:00,669.22,665.11
2008-09-24 09:00:00,691.76,687.56
2008-09-24 09:15:00,736.7,735.26
2008-09-24 09:30:00,768.54,769.83
2008-09-24 09:45:00,871.21,874.37
2008-09-24 10:00:00,910.64,920.14
2008-09-24 10:15:00,945.6,953.64
2008-09-24 10:30:00,976.56,987.07
2008-09-24 10:45:00,999.63,1014.0
2008-09-24 11:00:00,960.78,989.36
2008-09-24 11:15:00,1014.0,1057.5
2008-09-24 11:30:00,1017.6,1074.1
2008-09-24 11:45:00,1025.1,1086.7
2008-09-24 12:00:00,1034.0,1090.4
2008-09-24 12:15:00,1027.7,1085.4
2008-09-24 12:30:00,1019.8,1076.2
2008-09-24 12:45:00,1006.0,1059.7
2008-09-24 13:00:00,971.82,1041.5
2008-09-24 13:15:00,965.74,1022.1
2008-09-24 13:30:00,942.31,995.53
2008-09-24 13:45:00,907.3,963.42
2008-09-24 14:00:00,873.32,923.48
2008-09-24 14:15:00,837.7,883.21
2008-09-24 14:30:00,787.5,825.87
2008-09-24 14:45:00,742.04,773.44
2008-09-24 15:00:00,688.38,718.51
2008-09-24 15:15:00,625.44,657.39
2008-09-24 15:30:00,563.45,598.02
2008-09-24 15:45:00,496.7,532.56
2008-09-24 16:00:00,426.29,466.21
2008-09-24 16:15:00,352.59,397.28
2008-09-24 16:30:00,274.75,327.16
2008-09-24 16:45:00,197.14,255.52
2008-09-24 17:00:00,125.58,187.89
2008-09-24 17:15:00,60.744,123.65
2008-09-24 17:30:00,9.7791,62.614
2008-09-24 17:45:00,-2.272,11.252
2008-09-24 18:00:00,-0.8763,-0.0406
2008-09-24 18:15:00,-0.0153,-3.2546
2008-09-24 18:30:00,0.0006,-3.745
2008-09-24 18:45:00,-0.0003,-3.2959
2008-09-24 19:00:00,-0.0002,-2.6108
2008-09-24 19:15:00,-0.0001,-1.5331
2008-09-24 19:30:00,-0.0003,-2.5394
2008-09-24 19:45:00,-0.0005,-2.429
2008-09-24 20:00:00,-0.0002,-2.2228
2008-09-24 20:15:00,-0.0009,-1.7806
2008-09-24 20:30:00,-0.0004,-1.7714
2008-09-24 20:45:00,-0.0001,-1.5319
2008-09-24 21:00:00,-0.0004,-1.7551
2008-09-24 21:15:00,0.0,-2.0666
2008-09-24 21:30:00,-0.0005,-2.2843
2008-09-24 21:45:00,-0.0001,-2.2383
2008-09-24 22:00:00,-0.0008,-2.8246
2008-09-24 22:15:00,-0.0002,-2.0945
2008-09-24 22:30:00,0.0001,-1.9784
2008-09-24 22:45:00,-0.001,-2.0983
2008-09-24 23:00:00,-0.0008,-2.7805
2008-09-24 23:15:00,-0.0006,-2.4395
2008-09-24 23:30:00,0.0001,-1.997
2008-09-24 23:45:00,-0.0005,-1.9879
2008-09-25 00:00:00,-0.0011,-1.9898
2008-09-25 00:15:00,0.0002,-1.787
2008-09-25 00:30:00,-0.0003,-1.9401
2008-09-25 00:45:00,-0.0011,-1.9531
2008-09-25 01:00:00,0.0004,-2.0545
2008-09-25 01:15:00,-0.0014,-2.923
2008-09-25 01:30:00,-0.005,-2.4362
2008-09-25 01:45:00,-0.002,-2.5929
2008-09-25 02:00:00,-0.001,-2.2904
2008-09-25 02:15:00,-0.0008,-2.5266
2008-09-25 02:30:00,0.0004,-2.3588
2008-09-25 02:45:00,-0.0003,-2.1928
2008-09-25 03:00:00,-0.0015,-1.7927
2008-09-25 03:15:00,-0.0042,-2.1007
2008-09-25 03:30:00,-0.0001,-2.0398
2008-09-25 03:45:00,-0.0021,-1.9772
2008-09-25 04:00:00,0.0001,-1.9551
2008-09-25 04:15:00,0.0024,-2.0216
2008-09-25 04:30:00,-0.0022,-2.2946
2008-09-25 04:45:00,-0.0055,-2.0677
2008-09-25 05:00:00,-0.0018,-2.0622
2008-09-25 05:15:00,-0.0008,-2.0548
2008-09-25 05:30:00,0.0129,-2.0511
2008-09-25 05:45:00,0.0538,-1.4
2008-09-25 06:00:00,-0.1271,5.6333
2008-09-25 06:15:00,2.6116,34.01
2008-09-25 06:30:00,30.078,85.361
2008-09-25 06:45:00,80.79,146.2
2008-09-25 07:00:00,155.26,211.51
2008-09-25 07:15:00,233.06,279.15
2008-09-25 07:30:00,312.82,346.33
2008-09-25 07:45:00,389.92,414.04
2008-09-25 08:00:00,463.43,482.47
2008-09-25 08:15:00,536.39,550.02
2008-09-25 08:30:00,596.18,611.3
2008-09-25 08:45:00,656.59,673.16
2008-09-25 09:00:00,717.78,732.14
2008-09-25 09:15:00,767.71,785.55
2008-09-25 09:30:00,811.01,837.63
2008-09-25 09:45:00,863.47,886.62
2008-09-25 10:00:00,902.99,928.04
2008-09-25 10:15:00,943.62,967.81
2008-09-25 10:30:00,972.15,1001.2
2008-09-25 10:45:00,993.74,1030.4
2008-09-25 11:00:00,1009.6,1051.1
2008-09-25 11:15:00,1015.4,1069.2
2008-09-25 11:30:00,1023.8,1082.2
2008-09-25 11:45:00,1033.9,1093.5
2008-09-25 12:00:00,1028.2,1093.4
2008-09-25 12:15:00,1024.4,1091.8
2008-09-25 12:30:00,1008.2,1081.8
2008-09-25 12:45:00,992.04,1070.5
2008-09-25 13:00:00,982.25,1054.2
2008-09-25 13:15:00,966.28,1031.9
2008-09-25 13:30:00,942.59,1002.0
2008-09-25 13:45:00,909.78,968.93
2008-09-25 14:00:00,870.51,927.61
2008-09-25 14:15:00,837.74,885.44
2008-09-25 14:30:00,792.62,838.68
2008-09-25 14:45:00,757.29,792.19
2008-09-25 15:00:00,711.51,744.21
2008-09-25 15:15:00,644.67,677.39
2008-09-25 15:30:00,591.97,626.1
2008-09-25 15:45:00,522.29,560.18
2008-09-25 16:00:00,443.29,485.81
2008-09-25 16:15:00,345.29,395.35
2008-09-25 16:30:00,282.07,337.45
2008-09-25 16:45:00,104.72,156.7
2008-09-25 17:00:00,6.7186,36.428
2008-09-25 17:15:00,25.376,68.762
2008-09-25 17:30:00,6.8958,61.098
2008-09-25 17:45:00,-2.1111,5.1759
2008-09-25 18:00:00,-0.6324,-1.2412
2008-09-25 18:15:00,-0.0256,-3.7847
2008-09-25 18:30:00,0.0,-3.8865
2008-09-25 18:45:00,0.0,-3.9531
2008-09-25 19:00:00,0.0,-4.2519
2008-09-25 19:15:00,0.0,-3.602
2008-09-25 19:30:00,0.0,-3.1011
2008-09-25 19:45:00,0.0,-2.484
2008-09-25 20:00:00,0.0,-1.489
2008-09-25 20:15:00,0.0,-1.6163
2008-09-25 20:30:00,0.0,-1.3031
2008-09-25 20:45:00,0.0,-1.7621
2008-09-25 21:00:00,0.0,-2.2082
2008-09-25 21:15:00,0.0001,-2.5603
2008-09-25 21:30:00,-0.0001,-2.9106
2008-09-25 21:45:00,0.0001,-2.8554
2008-09-25 22:00:00,0.0001,-1.7125
2008-09-25 22:15:00,-0.0001,-1.4361
2008-09-25 22:30:00,-0.0002,-1.908
2008-09-25 22:45:00,-0.0005,-2.0923
2008-09-25 23:00:00,-0.0005,-2.2693
2008-09-25 23:15:00,-0.0003,-1.6518
2008-09-25 23:30:00,0.001,-1.7476
2008-09-25 23:45:00,0.0005,-2.0665
2008-09-26 00:00:00,-0.0009,-2.308
2008-09-26 00:15:00,-0.0004,-2.2509
2008-09-26 00:30:00,0.0,-2.2085
2008-09-26 00:45:00,0.0002,-2.238
2008-09-26 01:00:00,-0.0002,-2.4389
2008-09-26 01:15:00,0.0001,-2.8094
2008-09-26 01:30:00,-0.0044,-2.7449
2008-09-26 01:45:00,-0.001,-2.6269
2008-09-26 02:00:00,-0.0015,-2.284
2008-09-26 02:15:00,-0.002,-2.1568
2008-09-26 02:30:00,-0.002,-2.2379
2008-09-26 02:45:00,-0.0014,-2.1605
2008-09-26 03:00:00,-0.0004,-1.8508
2008-09-26 03:15:00,-0.0023,-1.9578
2008-09-26 03:30:00,-0.0018,-1.8491
2008-09-26 03:45:00,-0.0023,-1.9561
2008-09-26 04:00:00,-0.0012,-1.9229
2008-09-26 04:15:00,-0.0003,-2.1478
2008-09-26 04:30:00,-0.0001,-2.3765
2008-09-26 04:45:00,-0.0013,-2.3598
2008-09-26 05:00:00,-0.0001,-2.1423
2008-09-26 05:15:00,0.0009,-2.3378
2008-09-26 05:30:00,0.0104,-2.2309
2008-09-26 05:45:00,0.0507,-1.6741
2008-09-26 06:00:00,-0.218,3.3961
2008-09-26 06:15:00,1.9692,24.149
2008-09-26 06:30:00,23.136,70.716
2008-09-26 06:45:00,75.933,138.26
2008-09-26 07:00:00,145.3,202.39
2008-09-26 07:15:00,221.69,268.16
2008-09-26 07:30:00,299.36,335.18
2008-09-26 07:45:00,375.18,402.25
2008-09-26 08:00:00,448.21,469.21
2008-09-26 08:15:00,516.66,534.67
2008-09-26 08:30:00,579.36,597.11
2008-09-26 08:45:00,635.37,654.5
2008-09-26 09:00:00,693.77,710.79
2008-09-26 09:15:00,741.77,764.61
2008-09-26 09:30:00,782.36,816.3
2008-09-26 09:45:00,843.76,867.41
2008-09-26 10:00:00,890.69,913.56
2008-09-26 10:15:00,930.75,955.2
2008-09-26 10:30:00,969.49,995.69
2008-09-26 10:45:00,993.95,1021.8
2008-09-26 11:00:00,1013.7,1044.7
2008-09-26 11:15:00,1029.4,1066.3
2008-09-26 11:30:00,1040.3,1090.8
2008-09-26 11:45:00,1113.3,1180.0
2008-09-26 12:00:00,880.14,939.01
2008-09-26 12:15:00,1022.8,1103.1
2008-09-26 12:30:00,929.49,1039.7
2008-09-26 12:45:00,273.42,322.82
2008-09-26 13:00:00,172.15,201.5
2008-09-26 13:15:00,189.43,212.33
2008-09-26 13:30:00,421.88,436.32
2008-09-26 13:45:00,269.62,284.75
2008-09-26 14:00:00,103.56,122.2
2008-09-26 14:15:00,70.009,89.492
2008-09-26 14:30:00,60.305,81.709
2008-09-26 14:45:00,80.346,102.97
2008-09-26 15:00:00,68.577,88.934
2008-09-26 15:15:00,42.066,63.045
2008-09-26 15:30:00,23.154,45.946
2008-09-26 15:45:00,13.053,32.937
2008-09-26 16:00:00,12.741,34.682
2008-09-26 16:15:00,14.887,38.639
2008-09-26 16:30:00,8.7387,31.831
2008-09-26 16:45:00,7.3474,28.569
2008-09-26 17:00:00,73.192,123.89
2008-09-26 17:15:00,52.197,106.39
2008-09-26 17:30:00,1.9052,37.274
2008-09-26 17:45:00,-1.7179,8.1556
2008-09-26 18:00:00,-0.238,-0.2782
2008-09-26 18:15:00,0.0053,-2.0874
2008-09-26 18:30:00,0.0002,-2.3381
2008-09-26 18:45:00,-0.0002,-2.4028
2008-09-26 19:00:00,-0.0002,-2.7787
2008-09-26 19:15:00,-0.0002,-3.0736
2008-09-26 19:30:00,-0.0006,-2.8453
2008-09-26 19:45:00,-0.0002,-3.0482
2008-09-26 20:00:00,-0.0003,-2.6319
2008-09-26 20:15:00,-0.0002,-2.4919
2008-09-26 20:30:00,-0.0002,-1.9354
2008-09-26 20:45:00,-0.0002,-1.2885
2008-09-26 21:00:00,-0.0002,-1.272
2008-09-26 21:15:00,-0.0002,-0.9605
2008-09-26 21:30:00,-0.0007,-1.3476
2008-09-26 21:45:00,0.0002,-2.0058
2008-09-26 22:00:00,-0.0005,-2.2638
2008-09-26 22:15:00,-0.0002,-2.5127
2008-09-26 22:30:00,-0.0001,-2.2989
2008-09-26 22:45:00,0.0,-2.6696
2008-09-26 23:00:00,-0.0007,-2.2087
2008-09-26 23:15:00,-0.0006,-2.3194
2008-09-26 23:30:00,-0.0005,-2.2605
2008-09-26 23:45:00,-0.0007,-2.4337
2008-09-27 00:00:00,-0.0006,-2.4744
2008-09-27 00:15:00,-0.0007,-2.1001
2008-09-27 00:30:00,-0.0003,-2.2145
2008-09-27 00:45:00,-0.0002,-2.0135
2008-09-27 01:00:00,-0.0003,-2.2091
2008-09-27 01:15:00,-0.0001,-2.0948
2008-09-27 01:30:00,0.0011,-1.9934
2008-09-27 01:45:00,0.0004,-2.0045
2008-09-27 02:00:00,0.0019,-2.0432
2008-09-27 02:15:00,-0.002,-1.8939
2008-09-27 02:30:00,-0.0012,-2.2591
2008-09-27 02:45:00,0.0003,-2.2352
2008-09-27 03:00:00,0.0025,-2.1099
2008-09-27 03:15:00,-0.0014,-2.4141
2008-09-27 03:30:00,-0.0006,-2.9305
2008-09-27 03:45:00,0.0011,-2.818
2008-09-27 04:00:00,0.0007,-2.7646
2008-09-27 04:15:00,0.0004,-2.44
2008-09-27 04:30:00,-0.0042,-2.2981
2008-09-27 04:45:00,-0.0016,-2.6818
2008-09-27 05:00:00,-0.0013,-2.42
2008-09-27 05:15:00,-0.0024,-2.5029
2008-09-27 05:30:00,0.0073,-3.2113
2008-09-27 05:45:00,0.0355,-2.8462
2008-09-27 06:00:00,-0.2559,0.5995
2008-09-27 06:15:00,1.5245,24.231
2008-09-27 06:30:00,26.093,72.467
2008-09-27 06:45:00,70.986,129.55
2008-09-27 07:00:00,144.95,193.22
2008-09-27 07:15:00,220.85,258.61
2008-09-27 07:30:00,300.74,326.58
2008-09-27 07:45:00,377.99,394.7
2008-09-27 08:00:00,454.65,463.56
2008-09-27 08:15:00,527.82,530.31
2008-09-27 08:30:00,596.4,593.03
2008-09-27 08:45:00,659.04,652.45
2008-09-27 09:00:00,719.01,709.03
2008-09-27 09:15:00,770.14,762.77
2008-09-27 09:30:00,815.41,812.43
2008-09-27 09:45:00,859.27,860.02
2008-09-27 10:00:00,900.69,904.94
2008-09-27 10:15:00,927.16,942.38
2008-09-27 10:30:00,953.96,975.67
2008-09-27 10:45:00,984.7,1007.4
2008-09-27 11:00:00,1016.6,1034.5
2008-09-27 11:15:00,1041.8,1061.0
2008-09-27 11:30:00,1053.5,1086.8
2008-09-27 11:45:00,1059.9,1091.3
2008-09-27 12:00:00,1050.0,1092.8
2008-09-27 12:15:00,1037.0,1079.9
2008-09-27 12:30:00,1024.0,1077.0
2008-09-27 12:45:00,724.32,761.83
2008-09-27 13:00:00,583.5,592.72
2008-09-27 13:15:00,501.31,553.5
2008-09-27 13:30:00,694.97,708.96
2008-09-27 13:45:00,735.21,775.14
2008-09-27 14:00:00,607.98,617.41
2008-09-27 14:15:00,400.21,430.1
2008-09-27 14:30:00,433.8,448.59
2008-09-27 14:45:00,212.71,240.19
2008-09-27 15:00:00,442.55,448.39
2008-09-27 15:15:00,342.96,365.61
2008-09-27 15:30:00,261.58,282.91
2008-09-27 15:45:00,365.4,397.43
2008-09-27 16:00:00,304.08,337.82
2008-09-27 16:15:00,280.63,320.21
2008-09-27 16:30:00,53.793,85.057
2008-09-27 16:45:00,146.8,193.13
2008-09-27 17:00:00,139.28,202.21
2008-09-27 17:15:00,3.9141,37.702
2008-09-27 17:30:00,-2.484,14.613
2008-09-27 17:45:00,-0.6785,2.8959
2008-09-27 18:00:00,-0.0319,-1.695
2008-09-27 18:15:00,0.0258,-3.5247
2008-09-27 18:30:00,0.0002,-3.2229
2008-09-27 18:45:00,-0.0003,-3.2121
2008-09-27 19:00:00,-0.0001,-3.1036
2008-09-27 19:15:00,-0.0011,-2.5637
2008-09-27 19:30:00,-0.0015,-2.4589
2008-09-27 19:45:00,0.0011,-2.199
2008-09-27 20:00:00,-0.0023,-2.4702
2008-09-27 20:15:00,0.0004,-1.6131
2008-09-27 20:30:00,-0.0009,-1.9763
2008-09-27 20:45:00,0.0004,-2.5441
2008-09-27 21:00:00,-0.0032,-2.5607
2008-09-27 21:15:00,-0.0001,-2.1018
2008-09-27 21:30:00,0.0001,-1.4731
2008-09-27 21:45:00,-0.0003,-0.3853
2008-09-27 22:00:00,-0.0011,-2.6624
2008-09-27 22:15:00,-0.0007,-2.4761
2008-09-27 22:30:00,-0.0005,-2.1885
2008-09-27 22:45:00,-0.0023,-1.9028
2008-09-27 23:00:00,-0.0006,-2.0153
2008-09-27 23:15:00,0.0021,-1.9471
2008-09-27 23:30:00,-0.0001,-2.0374
2008-09-27 23:45:00,-0.0001,-1.9913
2008-09-28 00:00:00,-0.0017,-2.0909
2008-09-28 00:15:00,-0.0026,-2.4283
2008-09-28 00:30:00,-0.0013,-2.5628
2008-09-28 00:45:00,-0.0018,-2.9574
2008-09-28 01:00:00,-0.004,-2.1737
2008-09-28 01:15:00,-0.0007,-2.0687
2008-09-28 01:30:00,-0.0034,-3.6561
2008-09-28 01:45:00,-0.0038,-3.4755
2008-09-28 02:00:00,0.0004,-3.0164
2008-09-28 02:15:00,0.004,-1.9858
2008-09-28 02:30:00,-0.001,-1.3092
2008-09-28 02:45:00,-0.0068,-2.0763
2008-09-28 03:00:00,0.001,-2.0984
2008-09-28 03:15:00,-0.0028,-2.233
2008-09-28 03:30:00,-0.0038,-2.3142
2008-09-28 03:45:00,0.0001,-2.198
2008-09-28 04:00:00,0.0018,-2.2533
2008-09-28 04:15:00,-0.0005,-2.4156
2008-09-28 04:30:00,-0.0036,-3.1826
2008-09-28 04:45:00,0.0032,-2.8876
2008-09-28 05:00:00,-0.0049,-2.421
2008-09-28 05:15:00,-0.0018,-2.303
2008-09-28 05:30:00,0.0168,-1.9656
2008-09-28 05:45:00,0.1387,-1.3331
2008-09-28 06:00:00,0.0361,3.3946
2008-09-28 06:15:00,1.7255,30.281
2008-09-28 06:30:00,27.393,77.534
2008-09-28 06:45:00,76.025,137.04
2008-09-28 07:00:00,146.54,200.68
2008-09-28 07:15:00,222.14,266.92
2008-09-28 07:30:00,301.51,334.36
2008-09-28 07:45:00,379.28,403.42
2008-09-28 08:00:00,453.28,472.33
2008-09-28 08:15:00,523.27,537.14
2008-09-28 08:30:00,588.53,599.64
2008-09-28 08:45:00,647.08,660.18
2008-09-28 09:00:00,698.69,715.14
2008-09-28 09:15:00,764.69,770.27
2008-09-28 09:30:00,815.4,822.34
2008-09-28 09:45:00,861.08,871.73
2008-09-28 10:00:00,894.04,915.06
2008-09-28 10:15:00,925.14,956.83
2008-09-28 10:30:00,961.27,995.81
2008-09-28 10:45:00,987.33,1024.2
2008-09-28 11:00:00,1005.4,1060.1
2008-09-28 11:15:00,933.89,994.83
2008-09-28 11:30:00,874.43,930.9
2008-09-28 11:45:00,791.91,821.27
2008-09-28 12:00:00,545.63,585.7
2008-09-28 12:15:00,437.66,452.67
2008-09-28 12:30:00,707.86,720.77
2008-09-28 12:45:00,877.59,919.27
2008-09-28 13:00:00,270.33,310.29
2008-09-28 13:15:00,202.46,231.04
2008-09-28 13:30:00,726.77,734.79
2008-09-28 13:45:00,785.51,823.14
2008-09-28 14:00:00,333.23,369.72
2008-09-28 14:15:00,215.55,243.64
2008-09-28 14:30:00,164.46,191.68
2008-09-28 14:45:00,91.774,117.37
2008-09-28 15:00:00,57.222,80.983
2008-09-28 15:15:00,23.074,47.879
2008-09-28 15:30:00,5.9327,29.713
2008-09-28 15:45:00,7.8518,27.069
2008-09-28 16:00:00,6.2817,21.977
2008-09-28 16:15:00,4.4627,22.154
2008-09-28 16:30:00,0.6828,19.681
2008-09-28 16:45:00,36.859,68.931
2008-09-28 17:00:00,159.92,220.0
2008-09-28 17:15:00,82.646,143.62
2008-09-28 17:30:00,7.7287,31.596
2008-09-28 17:45:00,-1.6712,5.0686
2008-09-28 18:00:00,-0.0759,-2.3824
2008-09-28 18:15:00,0.0041,-4.1054
2008-09-28 18:30:00,-0.0002,-3.385
2008-09-28 18:45:00,-0.0011,-2.6076
2008-09-28 19:00:00,0.0,-2.6354
2008-09-28 19:15:00,-0.0003,-0.9455
2008-09-28 19:30:00,-0.0011,-2.2376
2008-09-28 19:45:00,0.0003,-2.3299
2008-09-28 20:00:00,-0.0003,-2.1143
2008-09-28 20:15:00,0.0006,-2.7817
2008-09-28 20:30:00,-0.0004,-2.0757
2008-09-28 20:45:00,0.0006,-1.5872
2008-09-28 21:00:00,-0.0009,-1.2443
2008-09-28 21:15:00,0.0009,-1.8305
2008-09-28 21:30:00,-0.0002,-2.5218
2008-09-28 21:45:00,-0.0002,-2.802
2008-09-28 22:00:00,-0.0002,-2.4296
2008-09-28 22:15:00,-0.0005,-2.6066
2008-09-28 22:30:00,-0.0018,-2.5643
2008-09-28 22:45:00,0.001,-2.5643
2008-09-28 23:00:00,-0.0013,-2.2234
2008-09-28 23:15:00,-0.0005,-2.3488
2008-09-28 23:30:00,-0.0002,-2.5849
2008-09-28 23:45:00,-0.0014,-2.5942
2008-09-29 00:00:00,-0.0003,-2.9465
2008-09-29 00:15:00,0.0013,-3.0535
2008-09-29 00:30:00,-0.0006,-2.7937
2008-09-29 00:45:00,-0.0007,-2.7846
2008-09-29 01:00:00,-0.0007,-2.6593
2008-09-29 01:15:00,-0.0006,-3.4986
2008-09-29 01:30:00,-0.0009,-3.1225
2008-09-29 01:45:00,-0.0001,-2.7132
2008-09-29 02:00:00,-0.0006,-2.9089
2008-09-29 02:15:00,0.001,-2.6987
2008-09-29 02:30:00,-0.0001,-2.317
2008-09-29 02:45:00,-0.0004,-2.806
2008-09-29 03:00:00,-0.0005,-3.1418
2008-09-29 03:15:00,-0.0013,-2.9298
2008-09-29 03:30:00,0.0009,-3.1401
2008-09-29 03:45:00,-0.0015,-2.6624
2008-09-29 04:00:00,-0.0027,-2.8341
2008-09-29 04:15:00,-0.0003,-3.1811
2008-09-29 04:30:00,-0.0023,-2.7162
2008-09-29 04:45:00,-0.0021,-2.6997
2008-09-29 05:00:00,-0.0015,-2.7015
2008-09-29 05:15:00,-0.0003,-2.9396
2008-09-29 05:30:00,0.0018,-3.1444
2008-09-29 05:45:00,0.0252,-2.6444
2008-09-29 06:00:00,-0.2656,0.8378
2008-09-29 06:15:00,1.1265,21.215
2008-09-29 06:30:00,23.859,66.473
2008-09-29 06:45:00,68.19,123.96
2008-09-29 07:00:00,143.53,188.39
2008-09-29 07:15:00,222.13,256.52
2008-09-29 07:30:00,304.54,326.35
2008-09-29 07:45:00,381.43,393.96
2008-09-29 08:00:00,456.85,460.18
2008-09-29 08:15:00,531.73,526.74
2008-09-29 08:30:00,596.56,586.13
2008-09-29 08:45:00,660.43,647.27
2008-09-29 09:00:00,719.16,703.81
2008-09-29 09:15:00,776.47,759.68
2008-09-29 09:30:00,827.58,810.94
2008-09-29 09:45:00,867.1,859.62
2008-09-29 10:00:00,913.49,903.69
2008-09-29 10:15:00,945.15,942.08
2008-09-29 10:30:00,973.4,975.92
2008-09-29 10:45:00,994.69,1004.8
2008-09-29 11:00:00,1009.4,1026.6
2008-09-29 11:15:00,1015.8,1043.4
2008-09-29 11:30:00,1032.8,1057.4
2008-09-29 11:45:00,1049.9,1067.0
2008-09-29 12:00:00,1045.4,1071.0
2008-09-29 12:15:00,1038.1,1068.4
2008-09-29 12:30:00,1025.1,1059.8
2008-09-29 12:45:00,1010.8,1046.7
2008-09-29 13:00:00,981.76,1026.6
2008-09-29 13:15:00,957.51,1002.9
2008-09-29 13:30:00,929.05,972.82
2008-09-29 13:45:00,904.82,936.2
2008-09-29 14:00:00,874.24,896.65
2008-09-29 14:15:00,829.0,853.55
2008-09-29 14:30:00,787.93,802.32
2008-09-29 14:45:00,737.51,749.61
2008-09-29 15:00:00,681.23,693.32
2008-09-29 15:15:00,621.1,632.66
2008-09-29 15:30:00,550.4,567.26
2008-09-29 15:45:00,478.3,499.59
2008-09-29 16:00:00,402.64,432.15
2008-09-29 16:15:00,326.02,363.92
2008-09-29 16:30:00,251.31,297.9
2008-09-29 16:45:00,174.35,229.42
2008-09-29 17:00:00,96.965,155.29
2008-09-29 17:15:00,23.806,79.358
2008-09-29 17:30:00,-2.8762,19.221
2008-09-29 17:45:00,-0.7932,4.4476
2008-09-29 18:00:00,-0.0538,-1.0614
2008-09-29 18:15:00,0.0147,-3.1253
2008-09-29 18:30:00,0.0005,-3.4463
2008-09-29 18:45:00,0.0001,-3.524
2008-09-29 19:00:00,-0.0009,-3.8947
2008-09-29 19:15:00,-0.001,-3.3198
2008-09-29 19:30:00,-0.0002,-2.9036
2008-09-29 19:45:00,-0.0008,-2.3082
2008-09-29 20:00:00,-0.0004,-2.3397
2008-09-29 20:15:00,0.0005,-2.137
2008-09-29 20:30:00,-0.0006,-1.8882
2008-09-29 20:45:00,-0.0008,-1.9399
2008-09-29 21:00:00,0.0006,-1.9197
2008-09-29 21:15:00,0.0001,-1.9881
2008-09-29 21:30:00,-0.0014,-1.8922
2008-09-29 21:45:00,-0.0015,-1.9827
2008-09-29 22:00:00,0.0001,-2.0104
2008-09-29 22:15:00,0.0016,-2.1045
2008-09-29 22:30:00,-0.0019,-2.4162
2008-09-29 22:45:00,-0.0008,-3.0655
2008-09-29 23:00:00,-0.0035,-3.1449
2008-09-29 23:15:00,-0.0037,-2.2098
2008-09-29 23:30:00,-0.0034,-2.4477
2008-09-29 23:45:00,-0.0026,-2.3187
2008-09-30 00:00:00,-0.0001,-3.0971
2008-09-30 00:15:00,-0.0047,-2.8943
2008-09-30 00:30:00,-0.0013,-2.2966
2008-09-30 00:45:00,-0.0039,-2.079
2008-09-30 01:00:00,0.0016,-2.1897
2008-09-30 01:15:00,-0.0008,-2.5918
2008-09-30 01:30:00,-0.0025,-2.4314
2008-09-30 01:45:00,-0.0006,-2.2691
2008-09-30 02:00:00,0.0009,-2.6879
2008-09-30 02:15:00,-0.001,-2.2397
2008-09-30 02:30:00,-0.0031,-2.1991
2008-09-30 02:45:00,-0.0023,-2.8042
2008-09-30 03:00:00,-0.0046,-2.3817
2008-09-30 03:15:00,-0.0019,-2.5809
2008-09-30 03:30:00,0.0066,-3.1823
2008-09-30 03:45:00,-0.0012,-3.4812
2008-09-30 04:00:00,0.0011,-3.0016
2008-09-30 04:15:00,0.0024,-2.9371
2008-09-30 04:30:00,-0.0012,-3.1271
2008-09-30 04:45:00,-0.0006,-3.1088
2008-09-30 05:00:00,0.0046,-2.6716
2008-09-30 05:15:00,-0.004,-2.1366
2008-09-30 05:30:00,0.0082,-2.1533
2008-09-30 05:45:00,0.0837,-2.3084
2008-09-30 06:00:00,-0.0858,0.4558
2008-09-30 06:15:00,1.1077,25.828
2008-09-30 06:30:00,26.045,73.505
2008-09-30 06:45:00,72.363,129.85
2008-09-30 07:00:00,145.34,194.3
2008-09-30 07:15:00,225.0,262.23
2008-09-30 07:30:00,304.9,331.59
2008-09-30 07:45:00,382.61,401.14
2008-09-30 08:00:00,459.13,470.65
2008-09-30 08:15:00,532.82,538.09
2008-09-30 08:30:00,600.81,602.4
2008-09-30 08:45:00,658.92,662.2
2008-09-30 09:00:00,717.02,722.41
2008-09-30 09:15:00,766.43,779.11
2008-09-30 09:30:00,809.58,830.81
2008-09-30 09:45:00,853.17,877.65
2008-09-30 10:00:00,897.44,922.95
2008-09-30 10:15:00,938.74,963.17
2008-09-30 10:30:00,972.77,997.89
2008-09-30 10:45:00,987.77,1021.0
2008-09-30 11:00:00,1000.1,1043.0
2008-09-30 11:15:00,1021.0,1062.1
2008-09-30 11:30:00,1041.6,1076.9
2008-09-30 11:45:00,1041.8,1081.1
2008-09-30 12:00:00,1038.2,1082.4
2008-09-30 12:15:00,1029.5,1074.8
2008-09-30 12:30:00,1006.7,1061.4
2008-09-30 12:45:00,1004.6,1050.9
2008-09-30 13:00:00,979.71,1026.3
2008-09-30 13:15:00,962.83,1011.1
2008-09-30 13:30:00,933.27,983.57
2008-09-30 13:45:00,901.96,944.71
2008-09-30 14:00:00,860.66,902.4
2008-09-30 14:15:00,811.83,853.58
2008-09-30 14:30:00,777.47,808.56
2008-09-30 14:45:00,725.9,754.69
2008-09-30 15:00:00,672.93,699.75
2008-09-30 15:15:00,610.83,641.06
2008-09-30 15:30:00,547.52,579.3
2008-09-30 15:45:00,483.16,515.87
2008-09-30 16:00:00,410.79,448.44
2008-09-30 16:15:00,336.84,380.31
2008-09-30 16:30:00,257.61,309.92
2008-09-30 16:45:00,180.91,238.86
2008-09-30 17:00:00,107.62,169.14
2008-09-30 17:15:00,36.274,100.7
2008-09-30 17:30:00,-2.291,12.26
2008-09-30 17:45:00,-1.1068,0.8859
2008-09-30 18:00:00,-0.0671,-3.5604
2008-09-30 18:15:00,0.0049,-4.0048
2008-09-30 18:30:00,-0.0006,-4.2338
2008-09-30 18:45:00,-0.0003,-3.044
2008-09-30 19:00:00,-0.0003,-3.6707
2008-09-30 19:15:00,-0.0003,-2.7532
2008-09-30 19:30:00,-0.0003,-2.6023
2008-09-30 19:45:00,-0.0002,-2.4847
2008-09-30 20:00:00,-0.0003,-1.9189
2008-09-30 20:15:00,-0.0005,-2.1255
2008-09-30 20:30:00,-0.0001,-3.0511
2008-09-30 20:45:00,-0.0002,-2.5055
2008-09-30 21:00:00,0.0001,-2.1461
2008-09-30 21:15:00,-0.0001,-1.6557
2008-09-30 21:30:00,-0.0001,-1.6355
2008-09-30 21:45:00,-0.0002,-2.1261
2008-09-30 22:00:00,-0.0002,-2.0026
2008-09-30 22:15:00,-0.0004,-2.0745
2008-09-30 22:30:00,-0.0005,-2.1576
2008-09-30 22:45:00,-0.0004,-2.0599
2008-09-30 23:00:00,-0.0005,-2.0396
2008-09-30 23:15:00,0.0009,-1.811
2008-09-30 23:30:00,0.0008,-2.0047
2008-09-30 23:45:00,0.0005,-2.0176
2008-10-01 00:00:00,0.0,-2.3293
2008-10-01 00:15:00,0.0001,-2.2242
2008-10-01 00:30:00,-0.0007,-3.0099
2008-10-01 00:45:00,0.0005,-2.8477
2008-10-01 01:00:00,0.0012,-3.1318
2008-10-01 01:15:00,-0.0004,-2.2503
2008-10-01 01:30:00,-0.0008,-2.1175
2008-10-01 01:45:00,-0.0002,-2.0586
2008-10-01 02:00:00,0.0002,-2.0217
2008-10-01 02:15:00,0.0006,-2.0568
2008-10-01 02:30:00,-0.0002,-2.5734
2008-10-01 02:45:00,-0.0009,-2.221
2008-10-01 03:00:00,-0.0021,-1.8078
2008-10-01 03:15:00,-0.0018,-2.4129
2008-10-01 03:30:00,-0.0017,-2.2082
2008-10-01 03:45:00,0.0001,-2.2395
2008-10-01 04:00:00,-0.0018,-2.6195
2008-10-01 04:15:00,0.0062,-2.8831
2008-10-01 04:30:00,0.0016,-2.9439
2008-10-01 04:45:00,-0.0041,-3.3423
2008-10-01 05:00:00,-0.0003,-2.6856
2008-10-01 05:15:00,-0.0028,-2.9733
2008-10-01 05:30:00,0.003,-2.7446
2008-10-01 05:45:00,0.0696,-2.7207
2008-10-01 06:00:00,-0.0853,-0.9537
2008-10-01 06:15:00,0.5918,18.787
2008-10-01 06:30:00,23.159,67.56
2008-10-01 06:45:00,67.54,126.14
2008-10-01 07:00:00,138.04,191.06
2008-10-01 07:15:00,218.92,258.18
2008-10-01 07:30:00,297.91,326.3
2008-10-01 07:45:00,377.58,394.42
2008-10-01 08:00:00,456.24,462.77
2008-10-01 08:15:00,526.26,527.74
2008-10-01 08:30:00,586.36,588.84
2008-10-01 08:45:00,649.97,649.4
2008-10-01 09:00:00,715.61,709.24
2008-10-01 09:15:00,763.81,764.91
2008-10-01 09:30:00,810.25,817.81
2008-10-01 09:45:00,847.28,865.91
2008-10-01 10:00:00,888.21,908.5
2008-10-01 10:15:00,925.36,945.55
2008-10-01 10:30:00,947.94,979.63
2008-10-01 10:45:00,970.38,1009.1
2008-10-01 11:00:00,986.32,1032.5
2008-10-01 11:15:00,996.65,1050.0
2008-10-01 11:30:00,1011.6,1059.0
2008-10-01 11:45:00,1021.1,1073.0
2008-10-01 12:00:00,1053.5,1122.5
2008-10-01 12:15:00,1023.1,1086.0
2008-10-01 12:30:00,996.08,1057.9
2008-10-01 12:45:00,991.79,1047.8
2008-10-01 13:00:00,976.94,1028.2
2008-10-01 13:15:00,956.32,1002.5
2008-10-01 13:30:00,920.48,970.61
2008-10-01 13:45:00,883.9,937.64
2008-10-01 14:00:00,863.97,904.51
2008-10-01 14:15:00,815.46,856.2
2008-10-01 14:30:00,775.28,811.74
2008-10-01 14:45:00,721.2,754.98
2008-10-01 15:00:00,650.64,687.73
2008-10-01 15:15:00,593.85,624.91
2008-10-01 15:30:00,528.33,558.16
2008-10-01 15:45:00,462.49,496.33
2008-10-01 16:00:00,386.76,422.39
2008-10-01 16:15:00,315.15,357.02
2008-10-01 16:30:00,243.31,292.4
2008-10-01 16:45:00,165.36,221.81
2008-10-01 17:00:00,27.392,61.505
2008-10-01 17:15:00,-2.8006,14.594
2008-10-01 17:30:00,-1.2785,6.2197
2008-10-01 17:45:00,-0.8067,-0.3979
2008-10-01 18:00:00,-0.0127,-3.7946
2008-10-01 18:15:00,0.0023,-3.4247
2008-10-01 18:30:00,-0.0002,-3.5282
2008-10-01 18:45:00,-0.0003,-3.6483
2008-10-01 19:00:00,-0.0004,-3.3187
2008-10-01 19:15:00,-0.0013,-3.2765
2008-10-01 19:30:00,-0.0005,-2.9174
2008-10-01 19:45:00,-0.0005,-2.8845
2008-10-01 20:00:00,-0.0006,-2.798
2008-10-01 20:15:00,-0.0005,-2.8608
2008-10-01 20:30:00,-0.0004,-2.1217
2008-10-01 20:45:00,-0.0006,-1.3549
2008-10-01 21:00:00,-0.0004,-2.0094
2008-10-01 21:15:00,-0.0001,-2.2307
2008-10-01 21:30:00,0.0001,-1.9653
2008-10-01 21:45:00,-0.0006,-2.4134
2008-10-01 22:00:00,-0.0005,-2.2548
2008-10-01 22:15:00,-0.0009,-2.5682
2008-10-01 22:30:00,-0.0005,-2.3525
2008-10-01 22:45:00,-0.0008,-2.0963
2008-10-01 23:00:00,0.0029,-2.1001
2008-10-01 23:15:00,0.0016,-2.1517
2008-10-01 23:30:00,-0.0014,-2.3766
2008-10-01 23:45:00,-0.0017,-2.5886
2008-10-02 00:00:00,-0.0011,-2.9555
2008-10-02 00:15:00,-0.0002,-3.1399
2008-10-02 00:30:00,-0.0003,-3.0958
2008-10-02 00:45:00,-0.0017,-2.2403
2008-10-02 01:00:00,-0.0006,-1.7812
2008-10-02 01:15:00,-0.0007,-1.9417
2008-10-02 01:30:00,-0.0006,-2.3825
2008-10-02 01:45:00,-0.0006,-3.2179
2008-10-02 02:00:00,-0.0004,-2.8952
2008-10-02 02:15:00,-0.0012,-2.3642
2008-10-02 02:30:00,-0.0007,-2.8493
2008-10-02 02:45:00,-0.0007,-2.0084
2008-10-02 03:00:00,-0.0001,-2.0859
2008-10-02 03:15:00,-0.0001,-2.3662
2008-10-02 03:30:00,-0.0008,-2.5211
2008-10-02 03:45:00,-0.0004,-3.2348
2008-10-02 04:00:00,0.0014,-2.3108
2008-10-02 04:15:00,-0.0029,-2.462
2008-10-02 04:30:00,0.0019,-2.9655
2008-10-02 04:45:00,0.0012,-3.6296
2008-10-02 05:00:00,-0.0028,-2.8606
2008-10-02 05:15:00,0.0028,-2.5288
2008-10-02 05:30:00,0.0028,-2.1822
2008-10-02 05:45:00,0.0594,-2.0568
2008-10-02 06:00:00,-0.0973,0.0019
2008-10-02 06:15:00,-0.8712,16.812
2008-10-02 06:30:00,24.44,68.222
2008-10-02 06:45:00,55.961,107.41
2008-10-02 07:00:00,136.6,189.84
2008-10-02 07:15:00,213.23,259.23
2008-10-02 07:30:00,242.44,278.78
2008-10-02 07:45:00,323.77,352.83
2008-10-02 08:00:00,408.31,427.98
2008-10-02 08:15:00,513.2,523.84
2008-10-02 08:30:00,589.89,589.87
2008-10-02 08:45:00,667.13,664.91
2008-10-02 09:00:00,768.23,777.02
2008-10-02 09:15:00,776.81,793.25
2008-10-02 09:30:00,349.08,366.82
2008-10-02 09:45:00,217.3,229.15
2008-10-02 10:00:00,122.01,146.03
2008-10-02 10:15:00,330.04,347.78
2008-10-02 10:30:00,185.45,217.86
2008-10-02 10:45:00,771.53,760.03
2008-10-02 11:00:00,1037.2,1079.4
2008-10-02 11:15:00,1052.9,1116.6
2008-10-02 11:30:00,1134.2,1197.6
2008-10-02 11:45:00,331.34,360.87
2008-10-02 12:00:00,209.25,228.25
2008-10-02 12:15:00,94.889,118.36
2008-10-02 12:30:00,182.41,201.78
2008-10-02 12:45:00,692.44,690.17
2008-10-02 13:00:00,710.31,723.85
2008-10-02 13:15:00,384.87,398.53
2008-10-02 13:30:00,47.081,71.257
2008-10-02 13:45:00,1.0932,25.291
2008-10-02 14:00:00,-0.3412,16.847
2008-10-02 14:15:00,-1.7052,11.095
2008-10-02 14:30:00,0.75,10.616
2008-10-02 14:45:00,14.587,29.082
2008-10-02 15:00:00,116.24,131.72
2008-10-02 15:15:00,612.19,585.6
2008-10-02 15:30:00,714.41,696.28
2008-10-02 15:45:00,635.22,642.47
2008-10-02 16:00:00,284.36,311.26
2008-10-02 16:15:00,83.229,110.22
2008-10-02 16:30:00,49.437,75.016
2008-10-02 16:45:00,34.829,59.331
2008-10-02 17:00:00,50.126,85.697
2008-10-02 17:15:00,27.455,77.467
2008-10-02 17:30:00,-2.7203,16.804
2008-10-02 17:45:00,-0.6136,2.8351
2008-10-02 18:00:00,0.0014,-1.6646
2008-10-02 18:15:00,0.0007,-2.0038
2008-10-02 18:30:00,0.0,-2.0113
2008-10-02 18:45:00,-0.0001,-1.1707
2008-10-02 19:00:00,0.0,-1.1209
2008-10-02 19:15:00,-0.0003,-1.2058
2008-10-02 19:30:00,-0.0002,-0.9108
2008-10-02 19:45:00,-0.0008,-1.1063
2008-10-02 20:00:00,0.0001,-1.8475
2008-10-02 20:15:00,-0.0007,-1.8973
2008-10-02 20:30:00,-0.0005,-2.0835
2008-10-02 20:45:00,-0.0003,-2.0872
2008-10-02 21:00:00,-0.0002,-1.8992
2008-10-02 21:15:00,-0.0005,-2.1002
2008-10-02 21:30:00,-0.0002,-2.0117
2008-10-02 21:45:00,0.0001,-2.292
2008-10-02 22:00:00,0.0,-2.2994
2008-10-02 22:15:00,0.0002,-2.5208
2008-10-02 22:30:00,0.0001,-2.6314
2008-10-02 22:45:00,-0.0001,-2.3512
2008-10-02 23:00:00,0.0005,-2.3033
2008-10-02 23:15:00,-0.0006,-1.9493
2008-10-02 23:30:00,-0.0006,-1.9605
2008-10-02 23:45:00,0.0013,-1.9568
2008-10-03 00:00:00,-0.0003,-1.9753
2008-10-03 00:15:00,0.0004,-1.8943
2008-10-03 00:30:00,-0.0008,-1.7855
2008-10-03 00:45:00,-0.0033,-2.682
2008-10-03 01:00:00,-0.003,-2.7355
2008-10-03 01:15:00,0.0006,-2.3408
2008-10-03 01:30:00,-0.0001,-2.0088
2008-10-03 01:45:00,-0.0005,-1.9332
2008-10-03 02:00:00,0.0004,-1.9019
2008-10-03 02:15:00,-0.0007,-2.0199
2008-10-03 02:30:00,0.0002,-1.9758
2008-10-03 02:45:00,-0.0007,-2.2913
2008-10-03 03:00:00,-0.0004,-2.2802
2008-10-03 03:15:00,-0.002,-1.9167
2008-10-03 03:30:00,-0.0006,-1.9573
2008-10-03 03:45:00,-0.0006,-2.055
2008-10-03 04:00:00,-0.0018,-1.9721
2008-10-03 04:15:00,-0.0003,-1.8338
2008-10-03 04:30:00,-0.0007,-1.8652
2008-10-03 04:45:00,0.0005,-1.5423
2008-10-03 05:00:00,0.0,-1.6716
2008-10-03 05:15:00,-0.0001,-1.5608
2008-10-03 05:30:00,0.0025,-1.4225
2008-10-03 05:45:00,0.0562,-1.3026
2008-10-03 06:00:00,0.0091,0.8801
2008-10-03 06:15:00,1.1958,22.691
2008-10-03 06:30:00,25.729,69.658
2008-10-03 06:45:00,74.36,125.68
2008-10-03 07:00:00,146.2,187.06
2008-10-03 07:15:00,228.99,258.09
2008-10-03 07:30:00,309.62,327.69
2008-10-03 07:45:00,393.75,402.37
2008-10-03 08:00:00,480.66,484.93
2008-10-03 08:15:00,566.19,567.85
2008-10-03 08:30:00,561.47,570.33
2008-10-03 08:45:00,574.78,581.23
2008-10-03 09:00:00,717.47,719.17
2008-10-03 09:15:00,795.94,799.98
2008-10-03 09:30:00,681.36,682.85
2008-10-03 09:45:00,766.03,759.64
2008-10-03 10:00:00,893.08,891.11
2008-10-03 10:15:00,888.96,888.74
2008-10-03 10:30:00,831.48,837.51
2008-10-03 10:45:00,1030.3,1046.2
2008-10-03 11:00:00,1077.8,1108.7
2008-10-03 11:15:00,719.39,753.65
2008-10-03 11:30:00,180.21,199.14
2008-10-03 11:45:00,115.21,132.75
2008-10-03 12:00:00,101.23,121.42
2008-10-03 12:15:00,162.58,181.66
2008-10-03 12:30:00,212.29,226.73
2008-10-03 12:45:00,995.92,977.56
2008-10-03 13:00:00,838.57,849.42
2008-10-03 13:15:00,730.25,779.95
2008-10-03 13:30:00,171.5,197.89
2008-10-03 13:45:00,178.88,193.53
2008-10-03 14:00:00,329.46,327.66
2008-10-03 14:15:00,301.77,307.42
2008-10-03 14:30:00,153.36,168.04
2008-10-03 14:45:00,87.989,107.16
2008-10-03 15:00:00,63.259,84.646
2008-10-03 15:15:00,90.93,109.4
2008-10-03 15:30:00,130.73,148.55
2008-10-03 15:45:00,86.403,109.11
2008-10-03 16:00:00,32.704,57.23
2008-10-03 16:15:00,32.614,57.218
2008-10-03 16:30:00,75.534,102.86
2008-10-03 16:45:00,52.997,77.905
2008-10-03 17:00:00,9.0078,39.736
2008-10-03 17:15:00,-1.5512,15.774
2008-10-03 17:30:00,-0.4525,2.049
2008-10-03 17:45:00,-0.0121,-1.745
2008-10-03 18:00:00,0.0352,-3.1972
2008-10-03 18:15:00,0.0005,-3.0057
2008-10-03 18:30:00,-0.0025,-3.592
2008-10-03 18:45:00,-0.0003,-2.5012
2008-10-03 19:00:00,-0.0026,-1.5299
2008-10-03 19:15:00,-0.0017,-2.0315
2008-10-03 19:30:00,0.0003,-2.1255
2008-10-03 19:45:00,0.0013,-2.0851
2008-10-03 20:00:00,0.0004,-2.1313
2008-10-03 20:15:00,-0.0039,-1.8806
2008-10-03 20:30:00,-0.0006,-1.7313
2008-10-03 20:45:00,-0.0007,-1.2741
2008-10-03 21:00:00,-0.0013,-1.1819
2008-10-03 21:15:00,-0.0034,-1.6668
2008-10-03 21:30:00,-0.0013,-2.3103
2008-10-03 21:45:00,-0.0027,-1.9508
2008-10-03 22:00:00,0.0007,-1.8328
2008-10-03 22:15:00,0.0002,-2.2349
2008-10-03 22:30:00,0.0012,-2.0634
2008-10-03 22:45:00,-0.0013,-2.2074
2008-10-03 23:00:00,-0.0008,-2.1705
2008-10-03 23:15:00,0.0011,-2.1503
2008-10-03 23:30:00,-0.001,-2.049
2008-10-03 23:45:00,-0.0004,-2.182
2008-10-04 00:00:00,-0.0027,-2.2428
2008-10-04 00:15:00,-0.0032,-2.0399
2008-10-04 00:30:00,-0.0023,-1.922
2008-10-04 00:45:00,-0.0011,-1.6564
2008-10-04 01:00:00,-0.0013,-1.7524
2008-10-04 01:15:00,0.0007,-2.4645
2008-10-04 01:30:00,0.0076,-3.4569
2008-10-04 01:45:00,0.0017,-2.9975
2008-10-04 02:00:00,-0.0019,-2.7429
2008-10-04 02:15:00,-0.0038,-2.0696
2008-10-04 02:30:00,-0.002,-2.3722
2008-10-04 02:45:00,-0.0021,-2.2063
2008-10-04 03:00:00,-0.0006,-2.0734
2008-10-04 03:15:00,0.0001,-1.9628
2008-10-04 03:30:00,-0.001,-1.9426
2008-10-04 03:45:00,0.0013,-2.1972
2008-10-04 04:00:00,-0.0016,-2.2618
2008-10-04 04:15:00,-0.0011,-1.7619
2008-10-04 04:30:00,0.0,-1.8579
2008-10-04 04:45:00,-0.0023,-1.5406
2008-10-04 05:00:00,-0.0014,-1.7638
2008-10-04 05:15:00,-0.002,-1.6495
2008-10-04 05:30:00,-0.0017,-1.7047
2008-10-04 05:45:00,0.0343,-1.511
2008-10-04 06:00:00,0.0888,1.1549
2008-10-04 06:15:00,-0.0062,9.514
2008-10-04 06:30:00,3.2536,26.479
2008-10-04 06:45:00,19.659,51.433
2008-10-04 07:00:00,31.829,63.332
2008-10-04 07:15:00,120.87,149.48
2008-10-04 07:30:00,271.21,290.04
2008-10-04 07:45:00,315.02,324.7
2008-10-04 08:00:00,284.66,300.1
2008-10-04 08:15:00,257.89,275.33
2008-10-04 08:30:00,355.27,360.93
2008-10-04 08:45:00,415.67,415.94
2008-10-04 09:00:00,331.56,341.18
2008-10-04 09:15:00,331.68,338.27
2008-10-04 09:30:00,628.85,612.75
2008-10-04 09:45:00,675.14,668.22
2008-10-04 10:00:00,597.66,602.88
2008-10-04 10:15:00,363.68,373.5
2008-10-04 10:30:00,404.33,403.47
2008-10-04 10:45:00,465.52,461.22
2008-10-04 11:00:00,317.51,325.92
2008-10-04 11:15:00,319.15,323.41
2008-10-04 11:30:00,302.96,312.78
2008-10-04 11:45:00,289.11,297.95
2008-10-04 12:00:00,254.51,261.64
2008-10-04 12:15:00,227.31,238.36
2008-10-04 12:30:00,312.7,312.95
2008-10-04 12:45:00,270.44,281.88
2008-10-04 13:00:00,200.26,214.38
2008-10-04 13:15:00,203.95,214.04
2008-10-04 13:30:00,153.56,174.68
2008-10-04 13:45:00,69.35,91.635
2008-10-04 14:00:00,67.18,87.313
2008-10-04 14:15:00,29.199,52.669
2008-10-04 14:30:00,9.4239,33.884
2008-10-04 14:45:00,6.6709,29.153
2008-10-04 15:00:00,14.214,33.713
2008-10-04 15:15:00,17.071,39.904
2008-10-04 15:30:00,30.161,56.036
2008-10-04 15:45:00,22.723,51.693
2008-10-04 16:00:00,17.102,43.944
2008-10-04 16:15:00,11.639,38.801
2008-10-04 16:30:00,8.6065,32.746
2008-10-04 16:45:00,31.733,68.537
2008-10-04 17:00:00,58.72,94.421
2008-10-04 17:15:00,15.947,47.283
2008-10-04 17:30:00,-1.8807,12.512
2008-10-04 17:45:00,0.0479,0.3281
2008-10-04 18:00:00,0.076,-0.9253
2008-10-04 18:15:00,0.0045,-1.1078
2008-10-04 18:30:00,-0.0043,-1.13
2008-10-04 18:45:00,-0.0086,-1.2167
2008-10-04 19:00:00,-0.003,-1.0232
2008-10-04 19:15:00,0.0008,-1.3053
2008-10-04 19:30:00,-0.0002,-1.3551
2008-10-04 19:45:00,-0.0036,-1.5487
2008-10-04 20:00:00,0.0008,-1.7368
2008-10-04 20:15:00,-0.0031,-1.8088
2008-10-04 20:30:00,-0.0005,-1.7498
2008-10-04 20:45:00,-0.0041,-1.6631
2008-10-04 21:00:00,-0.0019,-1.5323
2008-10-04 21:15:00,0.0006,-1.2502
2008-10-04 21:30:00,-0.0002,-1.2318
2008-10-04 21:45:00,-0.001,-1.1931
2008-10-04 22:00:00,-0.0028,-1.2761
2008-10-04 22:15:00,0.0013,-1.2208
2008-10-04 22:30:00,-0.0019,-1.0733
2008-10-04 22:45:00,0.0013,-0.6547
2008-10-04 23:00:00,-0.0001,-1.0696
2008-10-04 23:15:00,-0.008,-0.8041
2008-10-04 23:30:00,-0.0031,-0.0793
2008-10-04 23:45:00,0.0038,-0.5791
2008-10-05 00:00:00,0.0049,-0.2803
2008-10-05 00:15:00,-0.0043,-1.3905
2008-10-05 00:30:00,-0.0037,-1.8866
2008-10-05 00:45:00,-0.0032,-1.8957
2008-10-05 01:00:00,-0.0021,-1.9013
2008-10-05 01:15:00,-0.0006,-1.9308
2008-10-05 01:30:00,-0.0041,-1.8368
2008-10-05 01:45:00,-0.0017,-1.9253
2008-10-05 02:00:00,0.0015,-2.1152
2008-10-05 02:15:00,-0.0069,-2.0267
2008-10-05 02:30:00,0.0025,-2.1798
2008-10-05 02:45:00,-0.0074,-2.3237
2008-10-05 03:00:00,-0.002,-2.0083
2008-10-05 03:15:00,0.0013,-2.9176
2008-10-05 03:30:00,-0.0045,-2.595
2008-10-05 03:45:00,0.0013,-1.4792
2008-10-05 04:00:00,0.0004,-0.7433
2008-10-05 04:15:00,-0.0044,-1.304
2008-10-05 04:30:00,0.0047,-1.2745
2008-10-05 04:45:00,0.0051,-1.59
2008-10-05 05:00:00,-0.0058,-1.9884
2008-10-05 05:15:00,-0.0018,-1.9719
2008-10-05 05:30:00,0.0026,-2.0419
2008-10-05 05:45:00,0.0171,-2.0327
2008-10-05 06:00:00,0.1455,-1.6084
2008-10-05 06:15:00,0.1152,0.8946
2008-10-05 06:30:00,0.1849,6.2732
2008-10-05 06:45:00,-0.3031,17.023
2008-10-05 07:00:00,25.331,55.267
2008-10-05 07:15:00,96.711,137.1
2008-10-05 07:30:00,75.092,104.24
2008-10-05 07:45:00,116.58,144.22
2008-10-05 08:00:00,144.11,173.14
2008-10-05 08:15:00,240.68,260.41
2008-10-05 08:30:00,261.22,288.41
2008-10-05 08:45:00,505.26,494.82
2008-10-05 09:00:00,444.47,454.31
2008-10-05 09:15:00,803.59,778.53
2008-10-05 09:30:00,640.15,632.48
2008-10-05 09:45:00,671.78,650.62
2008-10-05 10:00:00,898.81,874.53
2008-10-05 10:15:00,867.58,852.47
2008-10-05 10:30:00,842.09,825.66
2008-10-05 10:45:00,885.27,887.09
2008-10-05 11:00:00,1033.3,1036.2
2008-10-05 11:15:00,767.12,777.06
2008-10-05 11:30:00,857.9,865.69
2008-10-05 11:45:00,1021.6,1033.9
2008-10-05 12:00:00,941.66,960.33
2008-10-05 12:15:00,1029.5,1066.4
2008-10-05 12:30:00,536.62,568.21
2008-10-05 12:45:00,266.53,282.89
2008-10-05 13:00:00,778.99,758.93
2008-10-05 13:15:00,906.94,930.18
2008-10-05 13:30:00,1017.3,1053.8
2008-10-05 13:45:00,294.44,337.69
2008-10-05 14:00:00,158.09,183.62
2008-10-05 14:15:00,112.97,134.68
2008-10-05 14:30:00,148.59,169.04
2008-10-05 14:45:00,292.05,298.78
2008-10-05 15:00:00,697.9,680.52
2008-10-05 15:15:00,600.83,605.63
2008-10-05 15:30:00,100.7,134.51
2008-10-05 15:45:00,46.685,73.221
2008-10-05 16:00:00,73.594,100.62
2008-10-05 16:15:00,113.11,144.36
2008-10-05 16:30:00,47.708,76.887
2008-10-05 16:45:00,5.5042,33.738
2008-10-05 17:00:00,-2.3897,14.597
2008-10-05 17:15:00,-0.0986,3.0376
2008-10-05 17:30:00,0.0534,-0.0037
2008-10-05 17:45:00,0.1039,-0.8167
2008-10-05 18:00:00,0.0372,-1.1855
2008-10-05 18:15:00,0.0017,-1.3515
2008-10-05 18:30:00,-0.0005,-1.7591
2008-10-05 18:45:00,-0.0015,-2.6923
2008-10-05 19:00:00,0.0033,-2.8989
2008-10-05 19:15:00,-0.0028,-1.551
2008-10-05 19:30:00,0.0016,-0.817
2008-10-05 19:45:00,0.0009,-0.5275
2008-10-05 20:00:00,-0.0005,-0.5773
2008-10-05 20:15:00,0.0041,-0.9186
2008-10-05 20:30:00,-0.0018,-1.343
2008-10-05 20:45:00,-0.0013,-1.3633
2008-10-05 21:00:00,0.0019,-1.3431
2008-10-05 21:15:00,-0.0049,-1.3616
2008-10-05 21:30:00,-0.0023,-1.1919
2008-10-05 21:45:00,-0.0018,-1.1384
2008-10-05 22:00:00,0.0017,-1.3064
2008-10-05 22:15:00,0.0004,-1.2307
2008-10-05 22:30:00,0.0001,-1.2584
2008-10-05 22:45:00,-0.0003,-1.4281
2008-10-05 23:00:00,0.0005,-1.3894
2008-10-05 23:15:00,-0.0015,-1.1754
2008-10-05 23:30:00,-0.0037,-1.6606
2008-10-05 23:45:00,-0.0026,-1.6717
2008-10-06 00:00:00,-0.0032,-1.8765
2008-10-06 00:15:00,-0.005,-2.2696
2008-10-06 00:30:00,0.0012,-2.4781
2008-10-06 00:45:00,-0.0032,-2.467
2008-10-06 01:00:00,-0.0002,-2.2936
2008-10-06 01:15:00,-0.0006,-1.9062
2008-10-06 01:30:00,-0.0007,-1.8711
2008-10-06 01:45:00,-0.0025,-2.231
2008-10-06 02:00:00,0.0011,-2.2254
2008-10-06 02:15:00,-0.0039,-1.8509
2008-10-06 02:30:00,-0.0028,-2.1148
2008-10-06 02:45:00,0.0014,-2.517
2008-10-06 03:00:00,0.0021,-2.7403
2008-10-06 03:15:00,-0.003,-2.8769
2008-10-06 03:30:00,0.0013,-2.2311
2008-10-06 03:45:00,-0.0012,-1.277
2008-10-06 04:00:00,0.0008,-1.9173
2008-10-06 04:15:00,0.0027,-2.8456
2008-10-06 04:30:00,-0.0012,-2.1794
2008-10-06 04:45:00,-0.002,-2.4026
2008-10-06 05:00:00,-0.002,-2.5041
2008-10-06 05:15:00,-0.0039,-2.2218
2008-10-06 05:30:00,0.0031,-2.1276
2008-10-06 05:45:00,0.0373,-2.2125
2008-10-06 06:00:00,0.1707,-1.9505
2008-10-06 06:15:00,0.0998,3.519
2008-10-06 06:30:00,11.96,42.511
2008-10-06 06:45:00,59.115,112.56
2008-10-06 07:00:00,149.35,193.62
2008-10-06 07:15:00,236.68,265.85
2008-10-06 07:30:00,322.95,337.92
2008-10-06 07:45:00,404.41,407.99
2008-10-06 08:00:00,486.2,478.14
2008-10-06 08:15:00,562.68,545.53
2008-10-06 08:30:00,635.3,611.45
2008-10-06 08:45:00,704.96,674.85
2008-10-06 09:00:00,765.43,736.58
2008-10-06 09:15:00,821.67,792.18
2008-10-06 09:30:00,871.41,842.04
2008-10-06 09:45:00,910.56,889.78
2008-10-06 10:00:00,947.57,933.84
2008-10-06 10:15:00,815.07,806.42
2008-10-06 10:30:00,1014.0,1005.4
2008-10-06 10:45:00,1028.0,1032.2
2008-10-06 11:00:00,1064.3,1064.2
2008-10-06 11:15:00,1078.1,1085.8
2008-10-06 11:30:00,1089.5,1092.5
2008-10-06 11:45:00,1099.1,1103.6
2008-10-06 12:00:00,1099.6,1113.1
2008-10-06 12:15:00,1108.0,1117.7
2008-10-06 12:30:00,1012.3,1037.0
2008-10-06 12:45:00,635.54,655.88
2008-10-06 13:00:00,308.76,323.1
2008-10-06 13:15:00,418.56,434.53
2008-10-06 13:30:00,391.16,401.06
2008-10-06 13:45:00,205.32,225.69
2008-10-06 14:00:00,287.85,296.83
2008-10-06 14:15:00,490.88,485.4
2008-10-06 14:30:00,247.41,265.06
2008-10-06 14:45:00,151.18,173.56
2008-10-06 15:00:00,165.76,186.55
2008-10-06 15:15:00,294.43,298.43
2008-10-06 15:30:00,728.96,722.59
2008-10-06 15:45:00,542.84,560.03
2008-10-06 16:00:00,455.72,474.01
2008-10-06 16:15:00,365.82,394.46
2008-10-06 16:30:00,279.61,320.13
2008-10-06 16:45:00,193.08,246.23
2008-10-06 17:00:00,104.75,171.16
2008-10-06 17:15:00,9.8237,54.041
2008-10-06 17:30:00,-0.9531,7.2866
2008-10-06 17:45:00,0.0064,0.0774
2008-10-06 18:00:00,0.109,-2.3967
2008-10-06 18:15:00,0.009,-2.465
2008-10-06 18:30:00,-0.0004,-2.7216
2008-10-06 18:45:00,0.0005,-2.8268
2008-10-06 19:00:00,-0.0005,-2.8216
2008-10-06 19:15:00,-0.0001,-3.0007
2008-10-06 19:30:00,-0.0007,-2.822
2008-10-06 19:45:00,-0.0009,-2.8591
2008-10-06 20:00:00,-0.0028,-3.0455
2008-10-06 20:15:00,-0.0004,-3.8131
2008-10-06 20:30:00,-0.0032,-3.232
2008-10-06 20:45:00,-0.0057,-2.8686
2008-10-06 21:00:00,0.0048,-2.4592
2008-10-06 21:15:00,-0.005,-2.5644
2008-10-06 21:30:00,-0.0018,-3.1327
2008-10-06 21:45:00,-0.0007,-3.0072
2008-10-06 22:00:00,-0.0043,-2.6862
2008-10-06 22:15:00,-0.0007,-2.8541
2008-10-06 22:30:00,0.0008,-3.1402
2008-10-06 22:45:00,-0.0051,-3.1421
2008-10-06 23:00:00,0.0013,-2.6957
2008-10-06 23:15:00,-0.0021,-2.7012
2008-10-06 23:30:00,-0.0008,-2.8508
2008-10-06 23:45:00,-0.0041,-2.871
2008-10-07 00:00:00,-0.0032,-3.0076
2008-10-07 00:15:00,-0.0004,-3.2087
2008-10-07 00:30:00,-0.0029,-3.3526
2008-10-07 00:45:00,-0.004,-3.9892
2008-10-07 01:00:00,0.0012,-3.9487
2008-10-07 01:15:00,0.0027,-3.0004
2008-10-07 01:30:00,-0.0047,-2.6332
2008-10-07 01:45:00,-0.0054,-2.8252
2008-10-07 02:00:00,0.005,-3.1223
2008-10-07 02:15:00,-0.0012,-2.84
2008-10-07 02:30:00,-0.0066,-2.7422
2008-10-07 02:45:00,0.001,-2.877
2008-10-07 03:00:00,-0.0059,-2.9066
2008-10-07 03:15:00,0.0048,-2.8938
2008-10-07 03:30:00,-0.0039,-2.7352
2008-10-07 03:45:00,-0.0037,-2.9105
2008-10-07 04:00:00,0.0029,-2.929
2008-10-07 04:15:00,0.0031,-2.6928
2008-10-07 04:30:00,-0.0019,-2.8424
2008-10-07 04:45:00,0.0048,-2.8221
2008-10-07 05:00:00,-0.0015,-3.2336
2008-10-07 05:15:00,0.0047,-2.8885
2008-10-07 05:30:00,0.006,-3.0011
2008-10-07 05:45:00,0.0798,-2.752
2008-10-07 06:00:00,0.1674,-0.5888
2008-10-07 06:15:00,-0.3353,17.409
2008-10-07 06:30:00,20.015,64.0
2008-10-07 06:45:00,71.36,126.28
2008-10-07 07:00:00,150.9,194.35
2008-10-07 07:15:00,236.65,264.43
2008-10-07 07:30:00,321.88,336.53
2008-10-07 07:45:00,403.08,405.67
2008-10-07 08:00:00,484.37,475.81
2008-10-07 08:15:00,562.19,546.89
2008-10-07 08:30:00,635.56,613.21
2008-10-07 08:45:00,707.41,677.01
2008-10-07 09:00:00,767.91,736.48
2008-10-07 09:15:00,810.75,790.27
2008-10-07 09:30:00,860.99,841.27
2008-10-07 09:45:00,909.2,888.4
2008-10-07 10:00:00,951.12,934.23
2008-10-07 10:15:00,988.76,974.26
2008-10-07 10:30:00,1021.3,1008.0
2008-10-07 10:45:00,1049.9,1038.6
2008-10-07 11:00:00,1068.5,1060.9
2008-10-07 11:15:00,1080.5,1079.8
2008-10-07 11:30:00,1088.7,1091.4
2008-10-07 11:45:00,1093.9,1099.5
2008-10-07 12:00:00,1093.7,1101.2
2008-10-07 12:15:00,1081.7,1095.5
2008-10-07 12:30:00,1074.9,1087.4
2008-10-07 12:45:00,1059.4,1074.6
2008-10-07 13:00:00,1032.9,1054.3
2008-10-07 13:15:00,1019.4,1030.1
2008-10-07 13:30:00,987.54,1000.2
2008-10-07 13:45:00,961.26,966.58
2008-10-07 14:00:00,916.93,925.15
2008-10-07 14:15:00,863.46,878.37
2008-10-07 14:30:00,819.54,829.1
2008-10-07 14:45:00,767.48,775.02
2008-10-07 15:00:00,709.1,718.7
2008-10-07 15:15:00,649.32,657.69
2008-10-07 15:30:00,579.67,593.98
2008-10-07 15:45:00,508.9,528.47
2008-10-07 16:00:00,428.17,456.82
2008-10-07 16:15:00,346.76,384.79
2008-10-07 16:30:00,263.25,310.56
2008-10-07 16:45:00,190.19,247.13
2008-10-07 17:00:00,103.52,170.74
2008-10-07 17:15:00,4.6912,38.195
2008-10-07 17:30:00,-1.23,6.7951
2008-10-07 17:45:00,-0.0943,-1.4151
2008-10-07 18:00:00,0.0708,-4.2788
2008-10-07 18:15:00,0.0061,-3.7429
2008-10-07 18:30:00,-0.0027,-4.2778
2008-10-07 18:45:00,-0.0072,-3.3879
2008-10-07 19:00:00,-0.0032,-2.8149
2008-10-07 19:15:00,-0.0051,-2.4779
2008-10-07 19:30:00,-0.0001,-2.5647
2008-10-07 19:45:00,0.0004,-3.0867
2008-10-07 20:00:00,0.0034,-3.3635
2008-10-07 20:15:00,-0.0062,-2.9561
2008-10-07 20:30:00,-0.0019,-2.2757
2008-10-07 20:45:00,-0.0018,-2.9362
2008-10-07 21:00:00,0.0008,-3.4563
2008-10-07 21:15:00,0.0085,-3.2129
2008-10-07 21:30:00,0.0,-2.121
2008-10-07 21:45:00,0.0025,-2.0067
2008-10-07 22:00:00,-0.0023,-2.1045
2008-10-07 22:15:00,-0.0052,-2.5914
2008-10-07 22:30:00,-0.0017,-2.6337
2008-10-07 22:45:00,0.0013,-2.927
2008-10-07 23:00:00,-0.0009,-2.9272
2008-10-07 23:15:00,-0.0007,-2.1193
2008-10-07 23:30:00,-0.0014,-2.0898
2008-10-07 23:45:00,-0.0034,-2.4071
2008-10-08 00:00:00,-0.0034,-1.9958
2008-10-08 00:15:00,-0.0037,-2.0179
2008-10-08 00:30:00,0.0039,-2.4754
2008-10-08 00:45:00,0.003,-2.2689
2008-10-08 01:00:00,0.0016,-1.9738
2008-10-08 01:15:00,-0.0097,-2.28
2008-10-08 01:30:00,0.0045,-0.7877
2008-10-08 01:45:00,-0.0011,-0.9832
2008-10-08 02:00:00,0.0007,-1.4294
2008-10-08 02:15:00,-0.0099,-2.2243
2008-10-08 02:30:00,0.0033,-2.6797
2008-10-08 02:45:00,-0.0035,-2.9249
2008-10-08 03:00:00,-0.0074,-2.8437
2008-10-08 03:15:00,0.0016,-2.342
2008-10-08 03:30:00,0.0022,-2.1373
2008-10-08 03:45:00,0.0004,-2.8492
2008-10-08 04:00:00,-0.007,-2.5726
2008-10-08 04:15:00,-0.0071,-2.4455
2008-10-08 04:30:00,-0.0059,-1.9586
2008-10-08 04:45:00,-0.0026,-2.0214
2008-10-08 05:00:00,0.0008,-2.0104
2008-10-08 05:15:00,-0.0014,-1.9828
2008-10-08 05:30:00,0.0028,-0.4962
2008-10-08 05:45:00,0.0967,-1.0367
2008-10-08 06:00:00,0.0997,2.245
2008-10-08 06:15:00,2.041,24.972
2008-10-08 06:30:00,33.179,84.304
2008-10-08 06:45:00,98.118,153.72
2008-10-08 07:00:00,169.66,216.45
2008-10-08 07:15:00,213.63,250.38
2008-10-08 07:30:00,249.19,277.41
2008-10-08 07:45:00,406.06,418.05
2008-10-08 08:00:00,482.5,486.1
2008-10-08 08:15:00,561.29,555.81
2008-10-08 08:30:00,629.45,621.6
2008-10-08 08:45:00,681.61,681.44
2008-10-08 09:00:00,739.85,738.28
2008-10-08 09:15:00,792.89,792.73
2008-10-08 09:30:00,833.23,842.1
2008-10-08 09:45:00,869.68,889.1
2008-10-08 10:00:00,913.32,932.02
2008-10-08 10:15:00,952.97,966.8
2008-10-08 10:30:00,1004.0,1000.6
2008-10-08 10:45:00,1011.3,1029.8
2008-10-08 11:00:00,1043.7,1054.5
2008-10-08 11:15:00,1057.1,1069.8
2008-10-08 11:30:00,1052.3,1082.3
2008-10-08 11:45:00,1051.0,1090.8
2008-10-08 12:00:00,1046.4,1094.0
2008-10-08 12:15:00,1044.4,1088.0
2008-10-08 12:30:00,1046.9,1079.2
2008-10-08 12:45:00,1041.3,1065.1
2008-10-08 13:00:00,1010.5,1044.4
2008-10-08 13:15:00,989.95,1021.1
2008-10-08 13:30:00,965.18,991.82
2008-10-08 13:45:00,927.8,958.25
2008-10-08 14:00:00,889.85,917.01
2008-10-08 14:15:00,844.13,867.86
2008-10-08 14:30:00,799.42,817.68
2008-10-08 14:45:00,749.61,762.88
2008-10-08 15:00:00,694.57,705.4
2008-10-08 15:15:00,624.34,641.11
2008-10-08 15:30:00,558.95,578.22
2008-10-08 15:45:00,490.72,514.25
2008-10-08 16:00:00,413.5,445.03
2008-10-08 16:15:00,334.41,373.91
2008-10-08 16:30:00,254.13,301.62
2008-10-08 16:45:00,169.47,225.55
2008-10-08 17:00:00,85.538,151.02
2008-10-08 17:15:00,-0.6315,21.877
2008-10-08 17:30:00,-0.7689,3.1333
2008-10-08 17:45:00,-0.1131,-2.0669
2008-10-08 18:00:00,0.0264,-3.9829
2008-10-08 18:15:00,0.0003,-4.1455
2008-10-08 18:30:00,-0.0029,-4.0611
2008-10-08 18:45:00,-0.0008,-4.3212
2008-10-08 19:00:00,0.0002,-3.7354
2008-10-08 19:15:00,-0.0008,-3.568
2008-10-08 19:30:00,-0.0013,-3.4079
2008-10-08 19:45:00,0.0002,-4.1122
2008-10-08 20:00:00,-0.0019,-3.6332
2008-10-08 20:15:00,0.0001,-3.0509
2008-10-08 20:30:00,-0.0001,-3.2651
2008-10-08 20:45:00,-0.0008,-3.6026
2008-10-08 21:00:00,-0.0004,-3.8977
2008-10-08 21:15:00,0.0003,-3.6231
2008-10-08 21:30:00,0.0008,-3.024
2008-10-08 21:45:00,-0.0008,-3.0261
2008-10-08 22:00:00,-0.0004,-2.8216
2008-10-08 22:15:00,-0.0007,-2.9932
2008-10-08 22:30:00,-0.0018,-3.2995
2008-10-08 22:45:00,-0.0001,-2.5564
2008-10-08 23:00:00,0.0029,-3.2059
2008-10-08 23:15:00,0.0023,-3.3018
2008-10-08 23:30:00,0.0035,-3.1617
2008-10-08 23:45:00,-0.0022,-3.5013
2008-10-09 00:00:00,-0.0004,-3.5144
2008-10-09 00:15:00,-0.0003,-3.3133
2008-10-09 00:30:00,-0.0033,-2.7581
2008-10-09 00:45:00,-0.0012,-2.7951
2008-10-09 01:00:00,0.0013,-2.6476
2008-10-09 01:15:00,-0.0063,-2.5609
2008-10-09 01:30:00,-0.0021,-2.5444
2008-10-09 01:45:00,0.0019,-2.5851
2008-10-09 02:00:00,0.0,-3.3528
2008-10-09 02:15:00,-0.0019,-3.0077
2008-10-09 02:30:00,-0.0016,-3.0189
2008-10-09 02:45:00,0.0016,-2.4782
2008-10-09 03:00:00,-0.0028,-2.6572
2008-10-09 03:15:00,0.0017,-2.9876
2008-10-09 03:30:00,-0.0017,-3.4452
2008-10-09 03:45:00,-0.0006,-3.0688
2008-10-09 04:00:00,-0.0004,-2.7496
2008-10-09 04:15:00,-0.003,-2.5891
2008-10-09 04:30:00,-0.0076,-2.7385
2008-10-09 04:45:00,0.0001,-2.792
2008-10-09 05:00:00,-0.0001,-3.1169
2008-10-09 05:15:00,-0.0041,-3.0007
2008-10-09 05:30:00,-0.0007,-3.1908
2008-10-09 05:45:00,0.037,-3.0432
2008-10-09 06:00:00,0.0574,-2.0947
2008-10-09 06:15:00,-0.6479,8.547
2008-10-09 06:30:00,17.865,57.113
2008-10-09 06:45:00,70.648,121.5
2008-10-09 07:00:00,153.59,192.0
2008-10-09 07:15:00,239.77,265.65
2008-10-09 07:30:00,327.49,338.48
2008-10-09 07:45:00,412.67,410.98
2008-10-09 08:00:00,496.84,481.54
2008-10-09 08:15:00,578.46,550.6
2008-10-09 08:30:00,652.22,616.56
2008-10-09 08:45:00,718.29,679.46
2008-10-09 09:00:00,781.68,738.48
2008-10-09 09:15:00,842.57,796.46
2008-10-09 09:30:00,898.94,848.72
2008-10-09 09:45:00,950.86,899.64
2008-10-09 10:00:00,990.7,943.12
2008-10-09 10:15:00,951.6,915.54
2008-10-09 10:30:00,1044.6,1012.4
2008-10-09 10:45:00,1041.9,1020.6
2008-10-09 11:00:00,1085.8,1072.2
2008-10-09 11:15:00,1123.8,1121.8
2008-10-09 11:30:00,1136.1,1123.4
2008-10-09 11:45:00,1111.6,1105.5
2008-10-09 12:00:00,924.86,916.69
2008-10-09 12:15:00,891.73,887.97
2008-10-09 12:30:00,717.74,713.1
2008-10-09 12:45:00,1079.2,1047.4
2008-10-09 13:00:00,1029.1,1009.4
2008-10-09 13:15:00,1032.2,1012.1
2008-10-09 13:30:00,999.38,975.96
2008-10-09 13:45:00,965.66,941.66
2008-10-09 14:00:00,917.83,894.69
2008-10-09 14:15:00,866.1,841.81
2008-10-09 14:30:00,812.57,786.97
2008-10-09 14:45:00,753.75,729.8
2008-10-09 15:00:00,683.73,666.81
2008-10-09 15:15:00,619.5,608.48
2008-10-09 15:30:00,547.36,542.6
2008-10-09 15:45:00,467.63,473.64
2008-10-09 16:00:00,383.42,400.8
2008-10-09 16:15:00,304.38,334.21
2008-10-09 16:30:00,109.84,150.42
2008-10-09 16:45:00,27.189,65.295
2008-10-09 17:00:00,54.743,105.1
2008-10-09 17:15:00,-2.4565,17.708
2008-10-09 17:30:00,-0.5686,5.1253
2008-10-09 17:45:00,0.026,-1.3852
2008-10-09 18:00:00,0.0403,-2.6433
2008-10-09 18:15:00,-0.0023,-2.8372
2008-10-09 18:30:00,-0.001,-2.6529
2008-10-09 18:45:00,-0.0011,-2.7434
2008-10-09 19:00:00,0.0062,-2.7418
2008-10-09 19:15:00,0.0003,-2.5501
2008-10-09 19:30:00,-0.0007,-2.5575
2008-10-09 19:45:00,0.0004,-2.5447
2008-10-09 20:00:00,-0.0013,-2.3786
2008-10-09 20:15:00,-0.0001,-2.2587
2008-10-09 20:30:00,-0.0029,-2.3159
2008-10-09 20:45:00,-0.0018,-2.5097
2008-10-09 21:00:00,-0.0023,-2.9249
2008-10-09 21:15:00,-0.0034,-2.8456
2008-10-09 21:30:00,-0.0018,-2.5503
2008-10-09 21:45:00,0.0003,-2.1443
2008-10-09 22:00:00,-0.003,-2.2865
2008-10-09 22:15:00,-0.0013,-2.3308
2008-10-09 22:30:00,-0.0023,-2.914
2008-10-09 22:45:00,-0.0013,-2.8346
2008-10-09 23:00:00,-0.0005,-2.5873
2008-10-09 23:15:00,-0.0004,-2.3105
2008-10-09 23:30:00,-0.0032,-2.4065
2008-10-09 23:45:00,0.0006,-2.2386
2008-10-10 00:00:00,-0.0036,-1.9673
2008-10-10 00:15:00,-0.0013,-2.6077
2008-10-10 00:30:00,-0.0044,-3.1245
2008-10-10 00:45:00,-0.0032,-2.689
2008-10-10 01:00:00,0.0,-2.3383
2008-10-10 01:15:00,-0.0036,-2.6373
2008-10-10 01:30:00,-0.0008,-2.5357
2008-10-10 01:45:00,-0.0038,-3.3625
2008-10-10 02:00:00,-0.0033,-3.0913
2008-10-10 02:15:00,-0.0046,-2.9012
2008-10-10 02:30:00,-0.0017,-2.4952
2008-10-10 02:45:00,-0.0034,-2.0744
2008-10-10 03:00:00,-0.0044,-2.355
2008-10-10 03:15:00,0.0044,-0.8508
2008-10-10 03:30:00,-0.0015,0.6165
2008-10-10 03:45:00,-0.0098,0.3691
2008-10-10 04:00:00,-0.0024,-0.5131
2008-10-10 04:15:00,-0.0027,-0.6441
2008-10-10 04:30:00,0.0038,-0.8342
2008-10-10 04:45:00,0.0012,-0.5075
2008-10-10 05:00:00,-0.0006,-0.4983
2008-10-10 05:15:00,-0.0018,-0.526
2008-10-10 05:30:00,-0.0024,-0.478
2008-10-10 05:45:00,0.0061,-0.3562
2008-10-10 06:00:00,0.1404,-0.0923
2008-10-10 06:15:00,0.2059,1.194
2008-10-10 06:30:00,0.0784,3.6483
2008-10-10 06:45:00,0.2109,7.3483
2008-10-10 07:00:00,-0.5454,13.396
2008-10-10 07:15:00,-3.1509,17.562
2008-10-10 07:30:00,-0.3878,21.489
2008-10-10 07:45:00,4.3394,26.615
2008-10-10 08:00:00,10.232,36.159
2008-10-10 08:15:00,11.707,37.381
2008-10-10 08:30:00,13.015,38.896
2008-10-10 08:45:00,7.7477,32.042
2008-10-10 09:00:00,25.04,49.686
2008-10-10 09:15:00,32.045,60.454
2008-10-10 09:30:00,57.372,82.271
2008-10-10 09:45:00,69.961,94.059
2008-10-10 10:00:00,91.252,114.22
2008-10-10 10:15:00,113.86,134.0
2008-10-10 10:30:00,110.7,131.94
2008-10-10 10:45:00,122.11,141.55
2008-10-10 11:00:00,140.65,157.22
2008-10-10 11:15:00,148.89,164.45
2008-10-10 11:30:00,141.74,158.42
2008-10-10 11:45:00,115.53,134.88
2008-10-10 12:00:00,138.98,154.26
2008-10-10 12:15:00,20.995,58.328
2008-10-10 12:30:00,21.192,56.848
2008-10-10 12:45:00,127.28,142.6
2008-10-10 13:00:00,110.98,129.96
2008-10-10 13:15:00,65.924,91.419
2008-10-10 13:30:00,60.4,85.827
2008-10-10 13:45:00,54.15,80.002
2008-10-10 14:00:00,59.983,85.66
2008-10-10 14:15:00,40.513,69.797
2008-10-10 14:30:00,20.66,53.532
2008-10-10 14:45:00,27.539,54.07
2008-10-10 15:00:00,52.714,78.215
2008-10-10 15:15:00,47.376,74.894
2008-10-10 15:30:00,32.242,60.794
2008-10-10 15:45:00,44.892,73.978
2008-10-10 16:00:00,27.945,58.385
2008-10-10 16:15:00,16.99,50.288
2008-10-10 16:30:00,7.232,36.992
2008-10-10 16:45:00,-3.7606,17.982
2008-10-10 17:00:00,0.2042,8.3957
2008-10-10 17:15:00,0.1265,2.2475
2008-10-10 17:30:00,0.1891,0.6791
2008-10-10 17:45:00,0.118,-0.7234
2008-10-10 18:00:00,0.0117,-0.9393
2008-10-10 18:15:00,-0.0005,-0.8784
2008-10-10 18:30:00,-0.0011,-0.8784
2008-10-10 18:45:00,0.0002,-0.9042
2008-10-10 19:00:00,-0.0004,-0.8821
2008-10-10 19:15:00,-0.0018,-1.0112
2008-10-10 19:30:00,0.0025,-1.0205
2008-10-10 19:45:00,0.0034,-0.8562
2008-10-10 20:00:00,-0.0017,-0.8525
2008-10-10 20:15:00,-0.0013,-1.0278
2008-10-10 20:30:00,0.0043,-0.9153
2008-10-10 20:45:00,-0.0018,-0.9061
2008-10-10 21:00:00,-0.0031,-0.8913
2008-10-10 21:15:00,-0.0043,-0.7234
2008-10-10 21:30:00,0.0006,-0.6367
2008-10-10 21:45:00,-0.003,-0.6219
2008-10-10 22:00:00,0.0013,-0.5758
2008-10-10 22:15:00,-0.0006,-0.5832
2008-10-10 22:30:00,0.0008,-0.5869
2008-10-10 22:45:00,-0.0004,-0.6496
2008-10-10 23:00:00,-0.0013,-0.6275
2008-10-10 23:15:00,-0.0001,-0.5943
2008-10-10 23:30:00,0.0024,-0.622
2008-10-10 23:45:00,-0.0008,-0.6737
2008-10-11 00:00:00,0.0042,-0.646
2008-10-11 00:15:00,-0.0026,-0.6516
2008-10-11 00:30:00,-0.005,-0.5999
2008-10-11 00:45:00,-0.0035,-0.6423
2008-10-11 01:00:00,-0.0039,-0.5796
2008-10-11 01:15:00,-0.0061,-0.5261
2008-10-11 01:30:00,-0.0072,-0.4172
2008-10-11 01:45:00,0.0031,-0.4043
2008-10-11 02:00:00,0.0003,-0.3157
2008-10-11 02:15:00,-0.0059,-0.3267
2008-10-11 02:30:00,-0.0038,-0.2308
2008-10-11 02:45:00,-0.005,-0.2031
2008-10-11 03:00:00,0.0003,-0.1661
2008-10-11 03:15:00,0.0103,-0.2751
2008-10-11 03:30:00,-0.0058,-0.2105
2008-10-11 03:45:00,-0.005,-0.2068
2008-10-11 04:00:00,-0.0007,-0.2326
2008-10-11 04:15:00,0.0018,-0.2308
2008-10-11 04:30:00,-0.0009,-0.2123
2008-10-11 04:45:00,0.0002,-0.1939
2008-10-11 05:00:00,0.005,-0.12
2008-10-11 05:15:00,-0.0015,-0.1422
2008-10-11 05:30:00,0.0002,-0.1717
2008-10-11 05:45:00,0.0057,-0.1846
2008-10-11 06:00:00,0.0879,-0.1016
2008-10-11 06:15:00,0.2279,0.5576
2008-10-11 06:30:00,0.2502,2.81
2008-10-11 06:45:00,0.0257,4.6655
2008-10-11 07:00:00,0.8561,7.3147
2008-10-11 07:15:00,0.2863,11.628
2008-10-11 07:30:00,0.7542,14.897
2008-10-11 07:45:00,7.8037,30.967
2008-10-11 08:00:00,13.091,40.293
2008-10-11 08:15:00,27.685,54.656
2008-10-11 08:30:00,42.206,67.882
2008-10-11 08:45:00,67.774,92.101
2008-10-11 09:00:00,69.296,94.787
2008-10-11 09:15:00,63.439,88.749
2008-10-11 09:30:00,64.223,91.635
2008-10-11 09:45:00,47.324,72.851
2008-10-11 10:00:00,49.026,73.654
2008-10-11 10:15:00,67.26,89.714
2008-10-11 10:30:00,91.968,113.02
2008-10-11 10:45:00,84.32,105.23
2008-10-11 11:00:00,56.173,81.505
2008-10-11 11:15:00,64.977,88.157
2008-10-11 11:30:00,68.643,90.004
2008-10-11 11:45:00,47.037,72.145
2008-10-11 12:00:00,49.834,74.774
2008-10-11 12:15:00,47.843,72.717
2008-10-11 12:30:00,25.41,53.07
2008-10-11 12:45:00,78.057,99.37
2008-10-11 13:00:00,69.353,93.051
2008-10-11 13:15:00,54.773,78.703
2008-10-11 13:30:00,50.132,74.272
2008-10-11 13:45:00,38.478,64.195
2008-10-11 14:00:00,19.802,47.704
2008-10-11 14:15:00,44.131,69.27
2008-10-11 14:30:00,59.337,84.472
2008-10-11 14:45:00,22.299,48.985
2008-10-11 15:00:00,-2.5607,24.423
2008-10-11 15:15:00,6.2232,30.135
2008-10-11 15:30:00,4.2327,26.686
2008-10-11 15:45:00,0.6908,21.549
2008-10-11 16:00:00,-1.6785,13.45
2008-10-11 16:15:00,0.8074,7.0713
2008-10-11 16:30:00,0.0969,4.1737
2008-10-11 16:45:00,0.4003,5.8313
2008-10-11 17:00:00,0.2702,4.6905
2008-10-11 17:15:00,0.2821,1.9752
2008-10-11 17:30:00,0.211,0.5759
2008-10-11 17:45:00,0.0856,-0.2474
2008-10-11 18:00:00,0.0061,-0.3581
2008-10-11 18:15:00,-0.002,-0.1772
2008-10-11 18:30:00,-0.0002,-0.2289
2008-10-11 18:45:00,-0.0059,-0.2308
2008-10-11 19:00:00,0.0018,-0.2972
2008-10-11 19:15:00,0.0079,-0.2825
2008-10-11 19:30:00,-0.0004,-0.2511
2008-10-11 19:45:00,-0.0097,-0.2345
2008-10-11 20:00:00,0.0059,-0.2308
2008-10-11 20:15:00,0.0035,-0.2031
2008-10-11 20:30:00,0.0031,-0.2862
2008-10-11 20:45:00,-0.0004,-0.2474
2008-10-11 21:00:00,-0.0038,-0.216
2008-10-11 21:15:00,0.0015,-0.1938
2008-10-11 21:30:00,0.0084,-0.2732
2008-10-11 21:45:00,-0.0007,-0.2252
2008-10-11 22:00:00,-0.0079,-0.2492
2008-10-11 22:15:00,-0.0018,-0.2714
2008-10-11 22:30:00,-0.0027,-0.2917
2008-10-11 22:45:00,-0.002,-0.2658
2008-10-11 23:00:00,-0.003,-0.3305
2008-10-11 23:15:00,-0.0068,-0.3065
2008-10-11 23:30:00,-0.0069,-0.3415
2008-10-11 23:45:00,0.0045,-0.2234
2008-10-12 00:00:00,0.0024,-0.2308
2008-10-12 00:15:00,0.0024,-0.2474
2008-10-12 00:30:00,-0.0038,-0.2843
2008-10-12 00:45:00,0.0073,-0.3009
2008-10-12 01:00:00,0.0015,-0.2178
2008-10-12 01:15:00,-0.0059,-0.1846
2008-10-12 01:30:00,-0.0009,-0.216
2008-10-12 01:45:00,0.0003,-0.2677
2008-10-12 02:00:00,-0.0109,-0.1034
2008-10-12 02:15:00,-0.0015,-0.1754
2008-10-12 02:30:00,-0.0042,-0.1477
2008-10-12 02:45:00,-0.0071,-0.1163
2008-10-12 03:00:00,0.0007,-0.1994
2008-10-12 03:15:00,0.0008,-0.0923
2008-10-12 03:30:00,-0.0039,-0.1422
2008-10-12 03:45:00,-0.007,-0.2068
2008-10-12 04:00:00,-0.0041,-0.3397
2008-10-12 04:15:00,-0.0074,-0.4246
2008-10-12 04:30:00,-0.001,-0.1588
2008-10-12 04:45:00,-0.0179,-0.096
2008-10-12 05:00:00,-0.0025,-0.1255
2008-10-12 05:15:00,-0.0021,-0.1791
2008-10-12 05:30:00,0.0042,-0.2991
2008-10-12 05:45:00,0.0068,-0.1698
2008-10-12 06:00:00,0.0682,-0.1163
2008-10-12 06:15:00,0.2514,1.0117
2008-10-12 06:30:00,0.3214,4.32
2008-10-12 06:45:00,-0.137,9.8751
2008-10-12 07:00:00,0.4018,22.121
2008-10-12 07:15:00,1.943,24.868
2008-10-12 07:30:00,9.8563,34.83
2008-10-12 07:45:00,24.841,52.061
2008-10-12 08:00:00,35.667,65.285
2008-10-12 08:15:00,45.278,72.01
2008-10-12 08:30:00,67.963,93.875
2008-10-12 08:45:00,107.63,130.0
2008-10-12 09:00:00,162.89,180.77
2008-10-12 09:15:00,217.06,229.02
2008-10-12 09:30:00,178.19,196.49
2008-10-12 09:45:00,142.94,165.74
2008-10-12 10:00:00,171.67,190.87
2008-10-12 10:15:00,84.887,110.89
2008-10-12 10:30:00,55.546,80.968
2008-10-12 10:45:00,36.886,62.257
2008-10-12 11:00:00,33.826,62.023
2008-10-12 11:15:00,29.858,56.159
2008-10-12 11:30:00,22.916,51.319
2008-10-12 11:45:00,28.472,53.79
2008-10-12 12:00:00,43.858,67.629
2008-10-12 12:15:00,21.793,49.887
2008-10-12 12:30:00,31.686,56.722
2008-10-12 12:45:00,45.553,72.652
2008-10-12 13:00:00,70.048,91.686
2008-10-12 13:15:00,54.096,77.187
2008-10-12 13:30:00,36.585,61.067
2008-10-12 13:45:00,26.11,52.69
2008-10-12 14:00:00,20.305,45.91
2008-10-12 14:15:00,19.123,45.886
2008-10-12 14:30:00,24.859,50.372
2008-10-12 14:45:00,20.824,46.558
2008-10-12 15:00:00,21.986,48.804
2008-10-12 15:15:00,35.971,61.71
2008-10-12 15:30:00,14.349,41.743
2008-10-12 15:45:00,7.4101,33.811
2008-10-12 16:00:00,10.771,38.478
2008-10-12 16:15:00,-2.58,20.839
2008-10-12 16:30:00,-1.954,12.881
2008-10-12 16:45:00,-1.5312,12.034
2008-10-12 17:00:00,1.2688,8.5523
2008-10-12 17:15:00,0.1694,3.6643
2008-10-12 17:30:00,0.2094,0.5944
2008-10-12 17:45:00,0.1097,-0.264
2008-10-12 18:00:00,-0.0038,-0.4707
2008-10-12 18:15:00,0.01,-0.3951
2008-10-12 18:30:00,-0.0003,-0.3951
2008-10-12 18:45:00,0.0027,-0.3452
2008-10-12 19:00:00,-0.0015,-0.408
2008-10-12 19:15:00,0.0009,-0.336
2008-10-12 19:30:00,-0.0031,-0.3102
2008-10-12 19:45:00,-0.0033,-0.408
2008-10-12 20:00:00,0.0112,-0.2935
2008-10-12 20:15:00,-0.0013,-0.2326
2008-10-12 20:30:00,0.0031,-0.216
2008-10-12 20:45:00,-0.0053,-0.5852
2008-10-12 21:00:00,0.0026,-0.6554
2008-10-12 21:15:00,-0.0011,-0.4007
2008-10-12 21:30:00,-0.0031,-0.1514
2008-10-12 21:45:00,0.0017,-0.0997
2008-10-12 22:00:00,-0.0029,-0.0905
2008-10-12 22:15:00,0.0022,-0.0776
2008-10-12 22:30:00,0.003,-0.1016
2008-10-12 22:45:00,0.002,-0.1034
2008-10-12 23:00:00,-0.0019,-0.1182
2008-10-12 23:15:00,0.0,-0.1256
2008-10-12 23:30:00,0.0062,-0.0573
2008-10-12 23:45:00,0.0005,-0.0868
2008-10-13 00:00:00,0.0031,-0.0868
2008-10-13 00:15:00,-0.0052,-0.0573
2008-10-13 00:30:00,0.0024,-0.0757
2008-10-13 00:45:00,0.0024,-0.0942
2008-10-13 01:00:00,0.0001,-0.1034
2008-10-13 01:15:00,-0.0033,-0.1441
2008-10-13 01:30:00,-0.001,-0.1644
2008-10-13 01:45:00,0.0015,-0.2179
2008-10-13 02:00:00,-0.0037,-0.9954
2008-10-13 02:15:00,0.0026,-2.0869
2008-10-13 02:30:00,-0.0019,-1.8394
2008-10-13 02:45:00,-0.0032,-1.1616
2008-10-13 03:00:00,-0.0008,-2.0
2008-10-13 03:15:00,-0.0022,-1.8357
2008-10-13 03:30:00,-0.003,-2.9567
2008-10-13 03:45:00,0.0028,-2.9401
2008-10-13 04:00:00,-0.0016,-2.7665
2008-10-13 04:15:00,-0.0034,-3.1083
2008-10-13 04:30:00,0.002,-2.6042
2008-10-13 04:45:00,-0.003,-1.9172
2008-10-13 05:00:00,0.0032,-2.3698
2008-10-13 05:15:00,0.0054,-2.1445
2008-10-13 05:30:00,0.0056,-2.1962
2008-10-13 05:45:00,0.0349,-2.1094
2008-10-13 06:00:00,0.2862,-1.0713
2008-10-13 06:15:00,0.7087,2.3237
2008-10-13 06:30:00,6.4457,32.764
2008-10-13 06:45:00,6.9746,31.294
2008-10-13 07:00:00,113.25,166.27
2008-10-13 07:15:00,55.553,83.979
2008-10-13 07:30:00,65.629,86.86
2008-10-13 07:45:00,90.23,114.39
2008-10-13 08:00:00,460.42,444.02
2008-10-13 08:15:00,553.93,542.62
2008-10-13 08:30:00,615.79,611.31
2008-10-13 08:45:00,682.56,675.06
2008-10-13 09:00:00,756.28,734.28
2008-10-13 09:15:00,830.55,797.02
2008-10-13 09:30:00,885.94,853.35
2008-10-13 09:45:00,933.04,903.22
2008-10-13 10:00:00,974.42,948.41
2008-10-13 10:15:00,1007.1,989.05
2008-10-13 10:30:00,1039.3,1028.9
2008-10-13 10:45:00,1059.9,1050.5
2008-10-13 11:00:00,1076.9,1055.9
2008-10-13 11:15:00,1086.9,1075.8
2008-10-13 11:30:00,1104.0,1099.1
2008-10-13 11:45:00,1115.4,1110.3
2008-10-13 12:00:00,1124.1,1120.0
2008-10-13 12:15:00,1103.7,1108.9
2008-10-13 12:30:00,1103.7,1109.8
2008-10-13 12:45:00,1083.9,1086.0
2008-10-13 13:00:00,1066.5,1060.7
2008-10-13 13:15:00,1039.5,1033.1
2008-10-13 13:30:00,1026.2,1009.3
2008-10-13 13:45:00,975.49,965.36
2008-10-13 14:00:00,924.22,907.64
2008-10-13 14:15:00,876.1,855.17
2008-10-13 14:30:00,840.68,813.64
2008-10-13 14:45:00,770.59,750.23
2008-10-13 15:00:00,703.91,686.76
2008-10-13 15:15:00,634.47,622.22
2008-10-13 15:30:00,561.02,555.08
2008-10-13 15:45:00,476.29,481.9
2008-10-13 16:00:00,392.33,406.94
2008-10-13 16:15:00,303.66,331.1
2008-10-13 16:30:00,212.66,252.21
2008-10-13 16:45:00,121.48,171.49
2008-10-13 17:00:00,15.631,49.96
2008-10-13 17:15:00,-2.8015,11.84
2008-10-13 17:30:00,0.0174,0.723
2008-10-13 17:45:00,0.1343,-2.5178
2008-10-13 18:00:00,0.0178,-2.8982
2008-10-13 18:15:00,-0.0023,-3.1144
2008-10-13 18:30:00,-0.0022,-3.2695
2008-10-13 18:45:00,0.0006,-3.1701
2008-10-13 19:00:00,-0.0105,-3.4231
2008-10-13 19:15:00,-0.0057,-3.1151
2008-10-13 19:30:00,0.0048,-2.9345
2008-10-13 19:45:00,0.0066,-2.7962
2008-10-13 20:00:00,0.0033,-2.896
2008-10-13 20:15:00,-0.0088,-2.9903
2008-10-13 20:30:00,-0.0108,-3.1842
2008-10-13 20:45:00,-0.0039,-3.1142
2008-10-13 21:00:00,-0.0036,-2.7838
2008-10-13 21:15:00,-0.0042,-2.5974
2008-10-13 21:30:00,-0.0009,-1.9143
2008-10-13 21:45:00,0.0006,-1.5876
2008-10-13 22:00:00,0.0057,-1.9605
2008-10-13 22:15:00,0.0019,-2.0528
2008-10-13 22:30:00,-0.0053,-1.7335
2008-10-13 22:45:00,0.0042,-2.1987
2008-10-13 23:00:00,-0.0016,-1.8756
2008-10-13 23:15:00,-0.0013,-1.9402
2008-10-13 23:30:00,0.0061,-2.542
2008-10-13 23:45:00,-0.0012,-2.9721
2008-10-14 00:00:00,-0.0108,-3.0552
2008-10-14 00:15:00,-0.0019,-2.8447
2008-10-14 00:30:00,-0.0065,-2.7894
2008-10-14 00:45:00,-0.0061,-2.7451
2008-10-14 01:00:00,-0.0107,-3.3414
2008-10-14 01:15:00,-0.0027,-2.7968
2008-10-14 01:30:00,-0.0004,-2.2818
2008-10-14 01:45:00,-0.0042,-2.8689
2008-10-14 02:00:00,0.0032,-2.5164
2008-10-14 02:15:00,0.0041,-2.1269
2008-10-14 02:30:00,0.0078,-2.3892
2008-10-14 02:45:00,-0.0029,-2.9044
2008-10-14 03:00:00,0.0092,-3.2129
2008-10-14 03:15:00,-0.002,-2.3322
2008-10-14 03:30:00,-0.0004,-2.3691
2008-10-14 03:45:00,-0.0066,-2.7533
2008-10-14 04:00:00,0.0118,-3.0598
2008-10-14 04:15:00,-0.0046,-2.3729
2008-10-14 04:30:00,-0.0029,-1.5734
2008-10-14 04:45:00,-0.0052,-1.47
2008-10-14 05:00:00,-0.0071,-2.2327
2008-10-14 05:15:00,0.0003,-2.2863
2008-10-14 05:30:00,-0.0011,-2.3454
2008-10-14 05:45:00,-0.0019,-2.1108
2008-10-14 06:00:00,0.1808,-2.2401
2008-10-14 06:15:00,0.3031,0.4266
2008-10-14 06:30:00,0.2825,8.8146
2008-10-14 06:45:00,20.212,53.599
2008-10-14 07:00:00,135.23,176.43
2008-10-14 07:15:00,148.33,179.73
2008-10-14 07:30:00,10.465,58.016
2008-10-14 07:45:00,170.11,192.46
2008-10-14 08:00:00,518.1,496.59
2008-10-14 08:15:00,214.96,234.37
2008-10-14 08:30:00,527.71,505.96
2008-10-14 08:45:00,489.46,478.76
2008-10-14 09:00:00,616.75,584.94
2008-10-14 09:15:00,738.58,710.89
2008-10-14 09:30:00,655.86,635.11
2008-10-14 09:45:00,453.32,451.23
2008-10-14 10:00:00,323.98,329.19
2008-10-14 10:15:00,253.16,257.59
2008-10-14 10:30:00,285.11,286.82
2008-10-14 10:45:00,492.54,464.58
2008-10-14 11:00:00,428.33,416.58
2008-10-14 11:15:00,261.86,259.24
2008-10-14 11:30:00,266.47,261.59
2008-10-14 11:45:00,503.09,473.42
2008-10-14 12:00:00,370.12,359.71
2008-10-14 12:15:00,218.93,219.75
2008-10-14 12:30:00,240.68,237.4
2008-10-14 12:45:00,243.92,242.43
2008-10-14 13:00:00,252.18,250.21
2008-10-14 13:15:00,205.8,209.78
2008-10-14 13:30:00,167.3,175.12
2008-10-14 13:45:00,149.1,159.06
2008-10-14 14:00:00,129.28,142.04
2008-10-14 14:15:00,123.01,136.55
2008-10-14 14:30:00,185.25,194.01
2008-10-14 14:45:00,138.25,152.64
2008-10-14 15:00:00,109.72,128.02
2008-10-14 15:15:00,108.88,127.74
2008-10-14 15:30:00,87.743,109.46
2008-10-14 15:45:00,63.293,86.112
2008-10-14 16:00:00,42.662,66.875
2008-10-14 16:15:00,26.543,52.338
2008-10-14 16:30:00,121.51,158.76
2008-10-14 16:45:00,129.3,173.21
2008-10-14 17:00:00,40.463,80.482
2008-10-14 17:15:00,-2.3517,27.778
2008-10-14 17:30:00,-1.4768,10.004
2008-10-14 17:45:00,0.1458,-1.6252
2008-10-14 18:00:00,0.0168,-2.0829
2008-10-14 18:15:00,-0.0051,-2.4888
2008-10-14 18:30:00,-0.0044,-2.668
2008-10-14 18:45:00,-0.0023,-3.0168
2008-10-14 19:00:00,0.0053,-2.8841
2008-10-14 19:15:00,-0.0011,-2.9801
2008-10-14 19:30:00,0.0009,-2.6684
2008-10-14 19:45:00,0.0013,-2.6981
2008-10-14 20:00:00,-0.0057,-2.2626
2008-10-14 20:15:00,0.0025,-1.5245
2008-10-14 20:30:00,-0.0079,-2.0026
2008-10-14 20:45:00,0.0044,-2.01
2008-10-14 21:00:00,-0.0055,-2.047
2008-10-14 21:15:00,-0.017,-2.3387
2008-10-14 21:30:00,-0.004,-3.6953
2008-10-14 21:45:00,-0.0017,-3.317
2008-10-14 22:00:00,-0.0003,-3.0161
2008-10-14 22:15:00,-0.0021,-2.9571
2008-10-14 22:30:00,-0.0024,-2.8095
2008-10-14 22:45:00,-0.0022,-2.9054
2008-10-14 23:00:00,0.0019,-2.6821
2008-10-14 23:15:00,0.004,-2.7578
2008-10-14 23:30:00,-0.0013,-3.4482
2008-10-14 23:45:00,-0.007,-3.258
2008-10-15 00:00:00,0.0,-3.3706
2008-10-15 00:15:00,0.0044,-3.0753
2008-10-15 00:30:00,0.0003,-3.3596
2008-10-15 00:45:00,0.0025,-3.1936
2008-10-15 01:00:00,-0.0062,-2.9887
2008-10-15 01:15:00,-0.0077,-2.7857
2008-10-15 01:30:00,0.0029,-2.854
2008-10-15 01:45:00,-0.0082,-2.71
2008-10-15 02:00:00,-0.0052,-2.7802
2008-10-15 02:15:00,-0.006,-3.0719
2008-10-15 02:30:00,-0.0062,-3.5482
2008-10-15 02:45:00,-0.0023,-3.5408
2008-10-15 03:00:00,-0.005,-3.2602
2008-10-15 03:15:00,0.0016,-3.286
2008-10-15 03:30:00,0.0006,-2.4239
2008-10-15 03:45:00,0.0064,-2.4997
2008-10-15 04:00:00,-0.0178,-2.066
2008-10-15 04:15:00,0.0016,-2.055
2008-10-15 04:30:00,0.003,-1.9646
2008-10-15 04:45:00,0.0094,-1.732
2008-10-15 05:00:00,-0.0078,-1.2686
2008-10-15 05:15:00,-0.0024,-1.4311
2008-10-15 05:30:00,0.0017,-1.9168
2008-10-15 05:45:00,0.0078,-1.7876
2008-10-15 06:00:00,0.2281,-1.3721
2008-10-15 06:15:00,0.4273,3.3111
2008-10-15 06:30:00,8.8254,45.382
2008-10-15 06:45:00,55.4,108.02
2008-10-15 07:00:00,139.71,179.11
2008-10-15 07:15:00,229.24,253.62
2008-10-15 07:30:00,320.38,329.05
2008-10-15 07:45:00,406.49,401.54
2008-10-15 08:00:00,488.3,471.99
2008-10-15 08:15:00,566.53,540.33
2008-10-15 08:30:00,641.56,608.6
2008-10-15 08:45:00,707.4,670.03
2008-10-15 09:00:00,773.04,732.06
2008-10-15 09:15:00,834.77,791.97
2008-10-15 09:30:00,892.25,843.09
2008-10-15 09:45:00,936.05,891.14
2008-10-15 10:00:00,974.69,934.15
2008-10-15 10:15:00,1015.6,972.78
2008-10-15 10:30:00,1039.6,1007.3
2008-10-15 10:45:00,1063.7,1037.4
2008-10-15 11:00:00,1077.5,1060.4
2008-10-15 11:15:00,1089.6,1075.2
2008-10-15 11:30:00,1097.8,1087.0
2008-10-15 11:45:00,1100.4,1092.0
2008-10-15 12:00:00,1104.8,1095.8
2008-10-15 12:15:00,1099.9,1091.9
2008-10-15 12:30:00,1085.3,1081.7
2008-10-15 12:45:00,1071.2,1067.0
2008-10-15 13:00:00,1030.7,1041.5
2008-10-15 13:15:00,1004.8,1010.8
2008-10-15 13:30:00,975.86,974.78
2008-10-15 13:45:00,931.73,934.55
2008-10-15 14:00:00,889.77,891.38
2008-10-15 14:15:00,840.36,841.77
2008-10-15 14:30:00,789.84,789.03
2008-10-15 14:45:00,733.15,732.11
2008-10-15 15:00:00,681.05,674.04
2008-10-15 15:15:00,616.47,611.4
2008-10-15 15:30:00,542.49,543.56
2008-10-15 15:45:00,466.35,475.52
2008-10-15 16:00:00,388.23,407.51
2008-10-15 16:15:00,301.16,331.98
2008-10-15 16:30:00,213.8,255.58
2008-10-15 16:45:00,126.61,180.82
2008-10-15 17:00:00,26.811,66.772
2008-10-15 17:15:00,-1.1961,7.3877
2008-10-15 17:30:00,0.0742,-0.5274
2008-10-15 17:45:00,0.172,-2.6074
2008-10-15 18:00:00,0.0146,-2.9635
2008-10-15 18:15:00,-0.0014,-3.4322
2008-10-15 18:30:00,0.0003,-2.9935
2008-10-15 18:45:00,-0.0019,-3.1911
2008-10-15 19:00:00,-0.0084,-3.1398
2008-10-15 19:15:00,-0.002,-2.9758
2008-10-15 19:30:00,0.0046,-2.7195
2008-10-15 19:45:00,0.0065,-2.7843
2008-10-15 20:00:00,0.002,-2.7733
2008-10-15 20:15:00,-0.0076,-2.2697
2008-10-15 20:30:00,0.0004,-2.3842
2008-10-15 20:45:00,-0.0001,-2.2864
2008-10-15 21:00:00,-0.0044,-2.1353
2008-10-15 21:15:00,-0.0067,-2.1649
2008-10-15 21:30:00,0.002,-2.7057
2008-10-15 21:45:00,-0.0027,-2.0487
2008-10-15 22:00:00,0.0001,-1.7424
2008-10-15 22:15:00,-0.0056,-2.1964
2008-10-15 22:30:00,-0.0013,-2.3718
2008-10-15 22:45:00,-0.0011,-2.2556
2008-10-15 23:00:00,-0.0043,-2.6284
2008-10-15 23:15:00,-0.0074,-2.7225
2008-10-15 23:30:00,0.0038,-2.944
2008-10-15 23:45:00,0.0024,-3.173
2008-10-16 00:00:00,-0.0019,-2.0784
2008-10-16 00:15:00,-0.0042,-1.9936
2008-10-16 00:30:00,-0.0139,-1.9179
2008-10-16 00:45:00,-0.0009,-2.5344
2008-10-16 01:00:00,-0.0002,-2.9572
2008-10-16 01:15:00,0.0067,-2.4274
2008-10-16 01:30:00,-0.0031,-3.1492
2008-10-16 01:45:00,-0.0093,-3.7621
2008-10-16 02:00:00,-0.0011,-3.919
2008-10-16 02:15:00,-0.0056,-3.5443
2008-10-16 02:30:00,-0.0106,-2.8798
2008-10-16 02:45:00,0.0015,-2.0547
2008-10-16 03:00:00,0.0051,-1.4713
2008-10-16 03:15:00,-0.0082,-0.2972
2008-10-16 03:30:00,-0.0067,-0.5298
2008-10-16 03:45:00,-0.0046,-1.2406
2008-10-16 04:00:00,-0.0076,-1.7261
2008-10-16 04:15:00,0.008,-1.7612
2008-10-16 04:30:00,-0.0037,-2.8135
2008-10-16 04:45:00,0.0034,-2.4258
2008-10-16 05:00:00,-0.0104,-2.2135
2008-10-16 05:15:00,-0.0026,-2.2337
2008-10-16 05:30:00,-0.0058,-2.062
2008-10-16 05:45:00,0.0255,-1.8128
2008-10-16 06:00:00,0.2343,-0.9618
2008-10-16 06:15:00,0.6069,3.1309
2008-10-16 06:30:00,10.691,49.705
2008-10-16 06:45:00,61.349,114.92
2008-10-16 07:00:00,144.15,188.11
2008-10-16 07:15:00,233.69,263.15
2008-10-16 07:30:00,322.16,336.31
2008-10-16 07:45:00,404.2,407.48
2008-10-16 08:00:00,484.43,477.87
2008-10-16 08:15:00,557.41,545.5
2008-10-16 08:30:00,629.01,608.62
2008-10-16 08:45:00,696.26,673.06
2008-10-16 09:00:00,747.22,731.13
2008-10-16 09:15:00,800.18,784.11
2008-10-16 09:30:00,848.24,838.33
2008-10-16 09:45:00,883.36,888.33
2008-10-16 10:00:00,925.69,926.75
2008-10-16 10:15:00,958.75,961.04
2008-10-16 10:30:00,986.91,991.77
2008-10-16 10:45:00,1007.2,1024.7
2008-10-16 11:00:00,1022.9,1049.4
2008-10-16 11:15:00,1047.9,1066.5
2008-10-16 11:30:00,1056.9,1079.3
2008-10-16 11:45:00,1064.3,1083.8
2008-10-16 12:00:00,1077.5,1089.0
2008-10-16 12:15:00,895.59,908.65
2008-10-16 12:30:00,829.67,850.39
2008-10-16 12:45:00,768.32,760.08
2008-10-16 13:00:00,1110.9,1121.7
2008-10-16 13:15:00,1049.4,1058.7
2008-10-16 13:30:00,966.16,974.98
2008-10-16 13:45:00,969.92,977.75
2008-10-16 14:00:00,941.39,943.81
2008-10-16 14:15:00,877.11,879.02
2008-10-16 14:30:00,516.75,528.46
2008-10-16 14:45:00,287.97,296.71
2008-10-16 15:00:00,331.69,343.01
2008-10-16 15:15:00,443.8,457.41
2008-10-16 15:30:00,623.98,628.54
2008-10-16 15:45:00,530.47,542.31
2008-10-16 16:00:00,463.49,480.29
2008-10-16 16:15:00,374.62,402.49
2008-10-16 16:30:00,256.36,298.44
2008-10-16 16:45:00,147.31,205.22
2008-10-16 17:00:00,27.297,66.422
2008-10-16 17:15:00,-0.741,7.1286
2008-10-16 17:30:00,-0.2089,0.866
2008-10-16 17:45:00,0.0523,-2.4307
2008-10-16 18:00:00,0.0088,-2.8381
2008-10-16 18:15:00,0.0024,-2.4827
2008-10-16 18:30:00,-0.0024,-3.5427
2008-10-16 18:45:00,-0.001,-2.2379
2008-10-16 19:00:00,0.0002,-2.7044
2008-10-16 19:15:00,-0.0006,-3.9675
2008-10-16 19:30:00,0.0011,-3.833
2008-10-16 19:45:00,-0.0063,-3.0645
2008-10-16 20:00:00,-0.002,-3.2529
2008-10-16 20:15:00,0.002,-3.6145
2008-10-16 20:30:00,0.002,-2.9637
2008-10-16 20:45:00,0.0005,-3.696
2008-10-16 21:00:00,-0.0006,-2.8348
2008-10-16 21:15:00,-0.0016,-2.4126
2008-10-16 21:30:00,-0.0028,-2.4275
2008-10-16 21:45:00,0.0038,-2.5753
2008-10-16 22:00:00,-0.0007,-2.7931
2008-10-16 22:15:00,-0.0017,-2.7047
2008-10-16 22:30:00,-0.0036,-2.5073
2008-10-16 22:45:00,0.0033,-2.703
2008-10-16 23:00:00,0.0003,-2.8635
2008-10-16 23:15:00,0.0007,-3.131
2008-10-16 23:30:00,-0.0007,-3.0037
2008-10-16 23:45:00,-0.0052,-2.4373
2008-10-17 00:00:00,-0.0021,-2.2842
2008-10-17 00:15:00,-0.002,-2.5684
2008-10-17 00:30:00,-0.0007,-3.336
2008-10-17 00:45:00,0.0039,-2.7825
2008-10-17 01:00:00,0.0014,-2.6644
2008-10-17 01:15:00,-0.0002,-2.4282
2008-10-17 01:30:00,0.0007,-2.7198
2008-10-17 01:45:00,-0.0029,-2.9412
2008-10-17 02:00:00,-0.0027,-4.0223
2008-10-17 02:15:00,-0.0023,-4.0775
2008-10-17 02:30:00,0.001,-2.9649
2008-10-17 02:45:00,0.0004,-3.1735
2008-10-17 03:00:00,-0.0016,-3.1809
2008-10-17 03:15:00,-0.0008,-2.6034
2008-10-17 03:30:00,-0.0072,-3.0574
2008-10-17 03:45:00,0.0007,-3.3546
2008-10-17 04:00:00,0.0007,-4.0262
2008-10-17 04:15:00,-0.006,-2.4966
2008-10-17 04:30:00,-0.0005,-2.506
2008-10-17 04:45:00,0.0006,-2.7165
2008-10-17 05:00:00,0.0032,-2.698
2008-10-17 05:15:00,0.0006,-2.6501
2008-10-17 05:30:00,0.0021,-2.866
2008-10-17 05:45:00,0.0038,-2.9786
2008-10-17 06:00:00,0.0967,-3.3828
2008-10-17 06:15:00,0.0414,-0.0664
2008-10-17 06:30:00,9.0609,41.011
2008-10-17 06:45:00,55.929,107.23
2008-10-17 07:00:00,138.74,179.19
2008-10-17 07:15:00,230.06,255.05
2008-10-17 07:30:00,318.19,329.01
2008-10-17 07:45:00,401.75,400.51
2008-10-17 08:00:00,481.23,470.87
2008-10-17 08:15:00,556.32,540.99
2008-10-17 08:30:00,622.44,605.92
2008-10-17 08:45:00,684.69,668.26
2008-10-17 09:00:00,753.79,728.81
2008-10-17 09:15:00,811.58,784.43
2008-10-17 09:30:00,851.65,833.79
2008-10-17 09:45:00,887.1,878.5
2008-10-17 10:00:00,927.21,921.75
2008-10-17 10:15:00,970.6,959.93
2008-10-17 10:30:00,1002.7,992.2
2008-10-17 10:45:00,1023.8,1021.9
2008-10-17 11:00:00,1037.4,1043.1
2008-10-17 11:15:00,1040.9,1059.9
2008-10-17 11:30:00,1035.1,1071.2
2008-10-17 11:45:00,1039.0,1080.2
2008-10-17 12:00:00,1027.7,1080.4
2008-10-17 12:15:00,1019.9,1075.4
2008-10-17 12:30:00,1017.3,1065.8
2008-10-17 12:45:00,1008.9,1052.0
2008-10-17 13:00:00,989.41,1029.5
2008-10-17 13:15:00,972.57,1001.3
2008-10-17 13:30:00,954.17,971.8
2008-10-17 13:45:00,923.62,935.31
2008-10-17 14:00:00,887.36,894.62
2008-10-17 14:15:00,843.44,841.38
2008-10-17 14:30:00,779.42,783.98
2008-10-17 14:45:00,726.99,729.03
2008-10-17 15:00:00,669.44,668.87
2008-10-17 15:15:00,605.56,608.06
2008-10-17 15:30:00,535.24,543.74
2008-10-17 15:45:00,459.23,473.93
2008-10-17 16:00:00,378.74,403.57
2008-10-17 16:15:00,299.29,334.03
2008-10-17 16:30:00,214.31,257.95
2008-10-17 16:45:00,123.78,179.79
2008-10-17 17:00:00,18.748,48.982
2008-10-17 17:15:00,-0.7679,3.0072
2008-10-17 17:30:00,-0.1445,-2.0491
2008-10-17 17:45:00,0.0196,-3.295
2008-10-17 18:00:00,0.0001,-3.393
2008-10-17 18:15:00,0.0006,-2.7316
2008-10-17 18:30:00,0.0001,-2.8591
2008-10-17 18:45:00,-0.001,-2.5681
2008-10-17 19:00:00,0.0012,-2.0521
2008-10-17 19:15:00,-0.0035,-1.9693
2008-10-17 19:30:00,-0.0001,-2.2996
2008-10-17 19:45:00,-0.0009,-2.2628
2008-10-17 20:00:00,-0.0032,-2.0342
2008-10-17 20:15:00,-0.0022,-2.2021
2008-10-17 20:30:00,0.0014,-2.2207
2008-10-17 20:45:00,-0.0048,-2.2299
2008-10-17 21:00:00,-0.0015,-2.2558
2008-10-17 21:15:00,0.0038,-2.2301
2008-10-17 21:30:00,0.0038,-2.066
2008-10-17 21:45:00,-0.0042,-2.0532
2008-10-17 22:00:00,0.002,-2.1934
2008-10-17 22:15:00,-0.0042,-2.6178
2008-10-17 22:30:00,0.0004,-2.7082
2008-10-17 22:45:00,0.0021,-2.3503
2008-10-17 23:00:00,-0.0017,-2.0237
2008-10-17 23:15:00,0.0042,-2.8114
2008-10-17 23:30:00,-0.0066,-2.8391
2008-10-17 23:45:00,-0.0008,-2.1915
2008-10-18 00:00:00,0.0005,-2.5329
2008-10-18 00:15:00,-0.0009,-2.7966
2008-10-18 00:30:00,-0.0005,-2.7708
2008-10-18 00:45:00,0.0,-2.2949
2008-10-18 01:00:00,0.0001,-2.3983
2008-10-18 01:15:00,-0.0008,-2.8282
2008-10-18 01:30:00,-0.0005,-2.6604
2008-10-18 01:45:00,0.0001,-2.7583
2008-10-18 02:00:00,-0.0004,-2.4263
2008-10-18 02:15:00,-0.0044,-3.1773
2008-10-18 02:30:00,-0.0005,-2.6903
2008-10-18 02:45:00,0.0004,-2.873
2008-10-18 03:00:00,0.0032,-2.7881
2008-10-18 03:15:00,-0.0026,-2.4947
2008-10-18 03:30:00,0.0023,-2.5814
2008-10-18 03:45:00,-0.0056,-3.5871
2008-10-18 04:00:00,-0.0038,-3.0243
2008-10-18 04:15:00,-0.0045,-2.5113
2008-10-18 04:30:00,-0.0003,-2.9836
2008-10-18 04:45:00,-0.0009,-2.8157
2008-10-18 05:00:00,-0.0028,-2.657
2008-10-18 05:15:00,-0.0007,-2.465
2008-10-18 05:30:00,0.0084,-2.8948
2008-10-18 05:45:00,0.0112,-2.8301
2008-10-18 06:00:00,0.1134,-2.6861
2008-10-18 06:15:00,0.0825,-0.0369
2008-10-18 06:30:00,11.742,47.287
2008-10-18 06:45:00,65.176,118.01
2008-10-18 07:00:00,150.99,197.48
2008-10-18 07:15:00,251.13,280.47
2008-10-18 07:30:00,302.64,324.6
2008-10-18 07:45:00,381.85,391.98
2008-10-18 08:00:00,473.67,478.95
2008-10-18 08:15:00,549.59,553.73
2008-10-18 08:30:00,554.46,560.12
2008-10-18 08:45:00,677.36,676.11
2008-10-18 09:00:00,724.39,723.71
2008-10-18 09:15:00,804.55,800.64
2008-10-18 09:30:00,844.39,847.83
2008-10-18 09:45:00,767.45,770.41
2008-10-18 10:00:00,853.7,852.96
2008-10-18 10:15:00,998.64,1005.7
2008-10-18 10:30:00,901.88,920.11
2008-10-18 10:45:00,868.92,894.73
2008-10-18 11:00:00,838.33,863.71
2008-10-18 11:15:00,987.49,1024.2
2008-10-18 11:30:00,940.47,981.49
2008-10-18 11:45:00,842.53,875.37
2008-10-18 12:00:00,907.08,945.11
2008-10-18 12:15:00,815.45,855.77
2008-10-18 12:30:00,694.49,719.38
2008-10-18 12:45:00,992.84,1030.8
2008-10-18 13:00:00,1008.9,1060.5
2008-10-18 13:15:00,932.38,992.65
2008-10-18 13:30:00,824.18,862.4
2008-10-18 13:45:00,838.31,866.5
2008-10-18 14:00:00,786.21,815.44
2008-10-18 14:15:00,791.65,811.59
2008-10-18 14:30:00,689.36,706.02
2008-10-18 14:45:00,625.51,641.14
2008-10-18 15:00:00,581.43,598.81
2008-10-18 15:15:00,500.36,516.23
2008-10-18 15:30:00,357.06,379.88
2008-10-18 15:45:00,241.12,268.52
2008-10-18 16:00:00,165.1,194.65
2008-10-18 16:15:00,159.25,190.88
2008-10-18 16:30:00,67.392,97.778
2008-10-18 16:45:00,45.878,74.945
2008-10-18 17:00:00,6.3544,28.498
2008-10-18 17:15:00,-1.4546,4.003
2008-10-18 17:30:00,-0.1302,-1.8368
2008-10-18 17:45:00,0.0062,-4.105
2008-10-18 18:00:00,0.0002,-2.8837
2008-10-18 18:15:00,-0.0004,-3.1458
2008-10-18 18:30:00,-0.0003,-2.431
2008-10-18 18:45:00,0.0001,-1.4764
2008-10-18 19:00:00,0.0,-1.9724
2008-10-18 19:15:00,0.0,-2.214
2008-10-18 19:30:00,-0.0001,-2.1053
2008-10-18 19:45:00,-0.0004,-2.3046
2008-10-18 20:00:00,-0.0001,-2.0576
2008-10-18 20:15:00,-0.0003,-2.1148
2008-10-18 20:30:00,-0.0002,-1.971
2008-10-18 20:45:00,-0.0001,-2.0928
2008-10-18 21:00:00,-0.0004,-2.5871
2008-10-18 21:15:00,-0.0004,-2.0949
2008-10-18 21:30:00,-0.0005,-1.9455
2008-10-18 21:45:00,-0.0001,-1.8847
2008-10-18 22:00:00,-0.0002,-2.0046
2008-10-18 22:15:00,-0.0002,-1.8442
2008-10-18 22:30:00,-0.0012,-0.9812
2008-10-18 22:45:00,0.0004,-1.7042
2008-10-18 23:00:00,-0.0013,-2.2224
2008-10-18 23:15:00,-0.0013,-2.1376
2008-10-18 23:30:00,-0.0026,-2.2759
2008-10-18 23:45:00,-0.0007,-2.2979
2008-10-19 00:00:00,-0.0025,-2.0434
2008-10-19 00:15:00,-0.0014,-2.4491
2008-10-19 00:30:00,-0.0007,-2.3919
2008-10-19 00:45:00,0.0013,-2.2886
2008-10-19 01:00:00,-0.003,-2.8843
2008-10-19 01:15:00,-0.0022,-2.6372
2008-10-19 01:30:00,0.0012,-3.9632
2008-10-19 01:45:00,0.0025,-4.0962
2008-10-19 02:00:00,-0.0016,-3.9155
2008-10-19 02:15:00,-0.0018,-3.4489
2008-10-19 02:30:00,0.0005,-2.8385
2008-10-19 02:45:00,-0.0014,-2.112
2008-10-19 03:00:00,0.0008,-2.3463
2008-10-19 03:15:00,-0.0057,-2.6286
2008-10-19 03:30:00,0.001,-3.0714
2008-10-19 03:45:00,-0.0034,-3.3813
2008-10-19 04:00:00,0.0005,-2.7615
2008-10-19 04:15:00,0.0014,-2.7763
2008-10-19 04:30:00,0.0013,-2.3225
2008-10-19 04:45:00,-0.0006,-2.509
2008-10-19 05:00:00,0.0006,-2.2305
2008-10-19 05:15:00,-0.0007,-2.1862
2008-10-19 05:30:00,0.0,-2.8947
2008-10-19 05:45:00,-0.0021,-2.6217
2008-10-19 06:00:00,0.0503,-2.3229
2008-10-19 06:15:00,-0.0065,-0.0793
2008-10-19 06:30:00,5.1902,30.365
2008-10-19 06:45:00,47.273,95.981
2008-10-19 07:00:00,107.62,166.66
2008-10-19 07:15:00,206.08,238.58
2008-10-19 07:30:00,295.46,313.57
2008-10-19 07:45:00,381.58,387.33
2008-10-19 08:00:00,464.23,459.59
2008-10-19 08:15:00,537.53,528.25
2008-10-19 08:30:00,614.13,597.88
2008-10-19 08:45:00,645.01,633.7
2008-10-19 09:00:00,365.24,377.28
2008-10-19 09:15:00,438.09,435.16
2008-10-19 09:30:00,760.84,739.72
2008-10-19 09:45:00,658.53,653.55
2008-10-19 10:00:00,843.69,840.08
2008-10-19 10:15:00,883.55,901.39
2008-10-19 10:30:00,964.62,981.0
2008-10-19 10:45:00,1015.2,1040.1
2008-10-19 11:00:00,646.79,689.89
2008-10-19 11:15:00,226.53,257.14
2008-10-19 11:30:00,611.28,599.7
2008-10-19 11:45:00,1071.4,1091.1
2008-10-19 12:00:00,1132.8,1191.7
2008-10-19 12:15:00,1117.2,1195.1
2008-10-19 12:30:00,1010.5,1065.7
2008-10-19 12:45:00,987.3,1023.0
2008-10-19 13:00:00,834.44,844.87
2008-10-19 13:15:00,965.75,988.33
2008-10-19 13:30:00,249.0,273.25
2008-10-19 13:45:00,123.41,151.77
2008-10-19 14:00:00,285.54,299.6
2008-10-19 14:15:00,709.74,693.18
2008-10-19 14:30:00,248.56,277.18
2008-10-19 14:45:00,326.29,333.9
2008-10-19 15:00:00,749.69,734.09
2008-10-19 15:15:00,336.12,356.02
2008-10-19 15:30:00,120.2,147.38
2008-10-19 15:45:00,336.55,356.48
2008-10-19 16:00:00,97.16,127.8
2008-10-19 16:15:00,17.083,46.86
2008-10-19 16:30:00,5.2569,30.086
2008-10-19 16:45:00,5.0125,24.751
2008-10-19 17:00:00,-2.0056,13.028
2008-10-19 17:15:00,-0.501,2.1616
2008-10-19 17:30:00,0.0081,-1.537
2008-10-19 17:45:00,0.0056,-2.4254
2008-10-19 18:00:00,-0.0006,-2.1565
2008-10-19 18:15:00,0.0002,-1.7345
2008-10-19 18:30:00,-0.0002,-1.9152
2008-10-19 18:45:00,0.0,-2.3227
2008-10-19 19:00:00,-0.0008,-2.5072
2008-10-19 19:15:00,0.0005,-2.2233
2008-10-19 19:30:00,0.0003,-2.0924
2008-10-19 19:45:00,-0.0018,-2.3618
2008-10-19 20:00:00,-0.0009,-1.7257
2008-10-19 20:15:00,-0.001,-1.8678
2008-10-19 20:30:00,-0.0009,-1.8586
2008-10-19 20:45:00,0.0,-2.0468
2008-10-19 21:00:00,0.0002,-2.1611
2008-10-19 21:15:00,-0.001,-2.0284
2008-10-19 21:30:00,-0.0003,-2.0857
2008-10-19 21:45:00,-0.0001,-2.3697
2008-10-19 22:00:00,-0.0002,-2.3164
2008-10-19 22:15:00,-0.0015,-2.1911
2008-10-19 22:30:00,-0.0018,-2.0528
2008-10-19 22:45:00,0.0015,-2.1655
2008-10-19 23:00:00,0.0002,-1.7026
2008-10-19 23:15:00,0.0004,-0.8892
2008-10-19 23:30:00,-0.0039,-0.9169
2008-10-19 23:45:00,-0.0006,-1.0092
2008-10-20 00:00:00,-0.0012,-1.273
2008-10-20 00:15:00,-0.0008,-1.1992
2008-10-20 00:30:00,0.0005,-1.3376
2008-10-20 00:45:00,0.0001,-1.2177
2008-10-20 01:00:00,-0.0023,-1.5387
2008-10-20 01:15:00,-0.0002,-2.1734
2008-10-20 01:30:00,-0.0028,-2.8321
2008-10-20 01:45:00,0.0012,-2.9134
2008-10-20 02:00:00,-0.0019,-2.5813
2008-10-20 02:15:00,-0.0004,-2.6516
2008-10-20 02:30:00,0.0033,-2.7125
2008-10-20 02:45:00,-0.0002,-1.7401
2008-10-20 03:00:00,-0.0015,-1.1146
2008-10-20 03:15:00,0.002,-1.1792
2008-10-20 03:30:00,-0.002,-0.7991
2008-10-20 03:45:00,0.0018,-0.5352
2008-10-20 04:00:00,-0.003,-0.6459
2008-10-20 04:15:00,-0.0037,-0.8969
2008-10-20 04:30:00,0.0004,-0.967
2008-10-20 04:45:00,-0.0008,-0.8784
2008-10-20 05:00:00,-0.0006,-0.8674
2008-10-20 05:15:00,0.0008,-0.9449
2008-10-20 05:30:00,0.0014,-0.9559
2008-10-20 05:45:00,0.0031,-0.9338
2008-10-20 06:00:00,0.0121,-1.1313
2008-10-20 06:15:00,0.079,-1.1959
2008-10-20 06:30:00,0.0204,1.6831
2008-10-20 06:45:00,-0.1958,4.7669
2008-10-20 07:00:00,-0.8903,14.022
2008-10-20 07:15:00,5.0077,27.458
2008-10-20 07:30:00,8.1159,32.784
2008-10-20 07:45:00,22.04,49.482
2008-10-20 08:00:00,38.159,71.015
2008-10-20 08:15:00,49.296,77.948
2008-10-20 08:30:00,50.893,78.765
2008-10-20 08:45:00,132.81,152.6
2008-10-20 09:00:00,365.49,359.73
2008-10-20 09:15:00,413.32,403.47
2008-10-20 09:30:00,948.23,911.93
2008-10-20 09:45:00,982.58,970.65
2008-10-20 10:00:00,752.94,754.02
2008-10-20 10:15:00,500.57,517.91
2008-10-20 10:30:00,506.85,500.07
2008-10-20 10:45:00,413.47,414.83
2008-10-20 11:00:00,553.12,529.08
2008-10-20 11:15:00,329.25,336.83
2008-10-20 11:30:00,407.54,401.29
2008-10-20 11:45:00,870.2,819.19
2008-10-20 12:00:00,818.38,818.8
2008-10-20 12:15:00,963.99,958.39
2008-10-20 12:30:00,944.18,925.77
2008-10-20 12:45:00,981.83,983.86
2008-10-20 13:00:00,966.54,968.92
2008-10-20 13:15:00,967.85,962.03
2008-10-20 13:30:00,925.37,916.35
2008-10-20 13:45:00,717.66,720.05
2008-10-20 14:00:00,486.04,487.2
2008-10-20 14:15:00,730.92,705.4
2008-10-20 14:30:00,535.99,541.06
2008-10-20 14:45:00,68.308,102.83
2008-10-20 15:00:00,52.133,77.544
2008-10-20 15:15:00,15.738,43.944
2008-10-20 15:30:00,-2.3993,17.764
2008-10-20 15:45:00,-0.4856,8.4567
2008-10-20 16:00:00,-0.186,1.805
2008-10-20 16:15:00,-0.3488,1.6817
2008-10-20 16:30:00,3.2729,18.461
2008-10-20 16:45:00,0.6609,15.368
2008-10-20 17:00:00,-0.021,3.3456
2008-10-20 17:15:00,0.1002,-0.937
2008-10-20 17:30:00,0.063,-1.7597
2008-10-20 17:45:00,0.0016,-2.2505
2008-10-20 18:00:00,-0.001,-2.0514
2008-10-20 18:15:00,0.0004,-1.9261
2008-10-20 18:30:00,-0.0033,-1.9096
2008-10-20 18:45:00,-0.001,-1.7158
2008-10-20 19:00:00,0.0013,-1.6845
2008-10-20 19:15:00,-0.0007,-1.7547
2008-10-20 19:30:00,-0.0011,-2.0296
2008-10-20 19:45:00,-0.0013,-1.8045
2008-10-20 20:00:00,-0.0001,-2.4374
2008-10-20 20:15:00,0.0012,-2.4412
2008-10-20 20:30:00,-0.0017,-2.6184
2008-10-20 20:45:00,-0.0004,-1.6257
2008-10-20 21:00:00,0.0004,-1.408
2008-10-20 21:15:00,-0.0005,-2.3898
2008-10-20 21:30:00,-0.0014,-2.4046
2008-10-20 21:45:00,-0.0007,-2.2496
2008-10-20 22:00:00,0.0002,-2.0872
2008-10-20 22:15:00,-0.0006,-1.2273
2008-10-20 22:30:00,0.0028,-1.0446
2008-10-20 22:45:00,0.0007,-0.9338
2008-10-20 23:00:00,-0.0021,-1.0077
2008-10-20 23:15:00,-0.0015,-1.5613
2008-10-20 23:30:00,-0.0033,-1.613
2008-10-20 23:45:00,-0.0004,-1.4358
2008-10-21 00:00:00,0.0004,-1.0132
2008-10-21 00:15:00,-0.0047,-1.0686
2008-10-21 00:30:00,-0.0024,-1.2753
2008-10-21 00:45:00,-0.0003,-1.3289
2008-10-21 01:00:00,0.0022,-1.4876
2008-10-21 01:15:00,-0.0019,-1.685
2008-10-21 01:30:00,-0.0024,-2.1815
2008-10-21 01:45:00,-0.0017,-1.5115
2008-10-21 02:00:00,-0.0024,-2.3494
2008-10-21 02:15:00,-0.0001,-2.4178
2008-10-21 02:30:00,0.0015,-2.3052
2008-10-21 02:45:00,0.0001,-2.9161
2008-10-21 03:00:00,-0.0006,-2.9917
2008-10-21 03:15:00,0.0052,-2.5894
2008-10-21 03:30:00,0.0003,-2.5082
2008-10-21 03:45:00,0.0022,-2.1465
2008-10-21 04:00:00,0.0001,-1.351
2008-10-21 04:15:00,-0.0024,-2.4843
2008-10-21 04:30:00,0.002,-2.3219
2008-10-21 04:45:00,0.0024,-1.7553
2008-10-21 05:00:00,-0.0019,-2.7666
2008-10-21 05:15:00,-0.0021,-3.2612
2008-10-21 05:30:00,-0.0001,-2.9696
2008-10-21 05:45:00,0.0011,-2.5359
2008-10-21 06:00:00,0.052,-2.2074
2008-10-21 06:15:00,0.1194,-0.2067
2008-10-21 06:30:00,3.9087,26.705
2008-10-21 06:45:00,45.684,92.801
2008-10-21 07:00:00,141.41,182.94
2008-10-21 07:15:00,186.42,216.61
2008-10-21 07:30:00,54.7,92.838
2008-10-21 07:45:00,394.53,391.56
2008-10-21 08:00:00,222.63,241.47
2008-10-21 08:15:00,163.31,184.68
2008-10-21 08:30:00,120.84,139.41
2008-10-21 08:45:00,102.2,125.62
2008-10-21 09:00:00,210.15,234.94
2008-10-21 09:15:00,336.47,338.54
2008-10-21 09:30:00,844.83,807.91
2008-10-21 09:45:00,356.84,372.43
2008-10-21 10:00:00,569.88,567.84
2008-10-21 10:15:00,764.5,767.96
2008-10-21 10:30:00,564.3,570.32
2008-10-21 10:45:00,745.58,751.05
2008-10-21 11:00:00,316.24,328.43
2008-10-21 11:15:00,287.09,297.11
2008-10-21 11:30:00,249.8,261.85
2008-10-21 11:45:00,905.24,862.58
2008-10-21 12:00:00,797.83,811.94
2008-10-21 12:15:00,677.52,681.8
2008-10-21 12:30:00,827.34,827.0
2008-10-21 12:45:00,252.04,276.04
2008-10-21 13:00:00,699.65,714.78
2008-10-21 13:15:00,526.13,538.4
2008-10-21 13:30:00,449.87,453.15
2008-10-21 13:45:00,118.96,136.92
2008-10-21 14:00:00,26.713,50.907
2008-10-21 14:15:00,12.452,36.745
2008-10-21 14:30:00,32.167,58.646
2008-10-21 14:45:00,12.609,39.501
2008-10-21 15:00:00,74.629,99.076
2008-10-21 15:15:00,135.31,162.5
2008-10-21 15:30:00,562.97,550.07
2008-10-21 15:45:00,278.1,295.13
2008-10-21 16:00:00,449.03,459.01
2008-10-21 16:15:00,342.03,369.1
2008-10-21 16:30:00,81.958,114.49
2008-10-21 16:45:00,-2.4609,17.052
2008-10-21 17:00:00,0.0039,4.5381
2008-10-21 17:15:00,0.0904,-0.7284
2008-10-21 17:30:00,0.0393,-1.9585
2008-10-21 17:45:00,0.0071,-0.5625
2008-10-21 18:00:00,-0.0058,-0.7213
2008-10-21 18:15:00,-0.0034,-1.2158
2008-10-21 18:30:00,0.0017,-2.2031
2008-10-21 18:45:00,-0.0027,-2.7421
2008-10-21 19:00:00,0.0007,-2.0042
2008-10-21 19:15:00,0.0016,-1.362
2008-10-21 19:30:00,-0.0035,-0.7143
2008-10-21 19:45:00,0.0009,-1.3086
2008-10-21 20:00:00,-0.0079,-0.515
2008-10-21 20:15:00,0.0044,-0.5944
2008-10-21 20:30:00,-0.0011,-0.5815
2008-10-21 20:45:00,-0.0031,-0.6165
2008-10-21 21:00:00,-0.0026,-0.6848
2008-10-21 21:15:00,-0.0003,-0.5981
2008-10-21 21:30:00,-0.0003,-0.7753
2008-10-21 21:45:00,-0.0006,-0.6258
2008-10-21 22:00:00,-0.001,-0.3877
2008-10-21 22:15:00,-0.0055,-0.3858
2008-10-21 22:30:00,0.0037,-0.3895
2008-10-21 22:45:00,-0.002,-0.4597
2008-10-21 23:00:00,-0.0015,-0.2825
2008-10-21 23:15:00,-0.0047,-0.816
2008-10-21 23:30:00,0.0032,-0.5243
2008-10-21 23:45:00,-0.0008,-0.5391
2008-10-22 00:00:00,-0.0095,-0.5705
2008-10-22 00:15:00,-0.0027,-0.4413
2008-10-22 00:30:00,0.0027,-0.3638
2008-10-22 00:45:00,-0.003,-0.1736
2008-10-22 01:00:00,-0.001,-0.4136
2008-10-22 01:15:00,-0.0019,-0.3582
2008-10-22 01:30:00,0.0104,-0.5078
2008-10-22 01:45:00,-0.0015,-1.2464
2008-10-22 02:00:00,-0.0063,-1.0931
2008-10-22 02:15:00,0.0027,-0.8827
2008-10-22 02:30:00,0.0002,-1.7136
2008-10-22 02:45:00,0.0005,-2.2621
2008-10-22 03:00:00,0.0012,-2.2769
2008-10-22 03:15:00,-0.0018,-2.8107
2008-10-22 03:30:00,0.0049,-2.8661
2008-10-22 03:45:00,-0.0119,-2.4802
2008-10-22 04:00:00,-0.0028,-3.3925
2008-10-22 04:15:00,-0.0068,-2.9807
2008-10-22 04:30:00,-0.0019,-2.9087
2008-10-22 04:45:00,0.0025,-2.1812
2008-10-22 05:00:00,-0.0013,-1.0029
2008-10-22 05:15:00,0.0029,-1.7861
2008-10-22 05:30:00,0.0077,-1.3355
2008-10-22 05:45:00,0.0003,-2.5712
2008-10-22 06:00:00,0.0413,-2.078
2008-10-22 06:15:00,0.2044,-1.341
2008-10-22 06:30:00,-0.0479,4.6234
2008-10-22 06:45:00,41.68,84.067
2008-10-22 07:00:00,101.68,141.94
2008-10-22 07:15:00,216.0,233.77
2008-10-22 07:30:00,147.83,164.85
2008-10-22 07:45:00,114.35,135.36
2008-10-22 08:00:00,298.61,294.45
2008-10-22 08:15:00,259.64,260.79
2008-10-22 08:30:00,200.55,207.89
2008-10-22 08:45:00,711.59,650.99
2008-10-22 09:00:00,769.65,718.43
2008-10-22 09:15:00,877.92,816.71
2008-10-22 09:30:00,924.2,866.68
2008-10-22 09:45:00,943.43,897.94
2008-10-22 10:00:00,973.8,935.29
2008-10-22 10:15:00,1026.0,980.91
2008-10-22 10:30:00,1079.5,1031.7
2008-10-22 10:45:00,1102.8,1056.1
2008-10-22 11:00:00,1195.6,1132.1
2008-10-22 11:15:00,580.4,570.96
2008-10-22 11:30:00,317.12,311.87
2008-10-22 11:45:00,214.4,219.64
2008-10-22 12:00:00,100.51,115.73
2008-10-22 12:15:00,112.47,127.07
2008-10-22 12:30:00,327.18,318.25
2008-10-22 12:45:00,107.99,125.11
2008-10-22 13:00:00,68.625,86.162
2008-10-22 13:15:00,87.014,104.3
2008-10-22 13:30:00,46.383,65.928
2008-10-22 13:45:00,32.423,52.948
2008-10-22 14:00:00,39.616,63.488
2008-10-22 14:15:00,176.8,186.29
2008-10-22 14:30:00,76.986,94.085
2008-10-22 14:45:00,59.535,80.293
2008-10-22 15:00:00,58.977,79.653
2008-10-22 15:15:00,72.802,94.304
2008-10-22 15:30:00,96.58,116.16
2008-10-22 15:45:00,290.27,302.0
2008-10-22 16:00:00,78.934,104.5
2008-10-22 16:15:00,121.34,155.58
2008-10-22 16:30:00,221.99,269.64
2008-10-22 16:45:00,112.76,160.96
2008-10-22 17:00:00,2.9277,31.68
2008-10-22 17:15:00,-1.5001,7.1539
2008-10-22 17:30:00,-0.0017,-1.8642
2008-10-22 17:45:00,0.0309,-3.7191
2008-10-22 18:00:00,0.0017,-4.0387
2008-10-22 18:15:00,-0.0013,-3.6421
2008-10-22 18:30:00,0.0005,-3.7659
2008-10-22 18:45:00,-0.0039,-4.1241
2008-10-22 19:00:00,-0.0074,-3.9432
2008-10-22 19:15:00,0.0007,-3.8548
2008-10-22 19:30:00,-0.0022,-3.8441
2008-10-22 19:45:00,0.0007,-3.8389
2008-10-22 20:00:00,0.0069,-3.9278
2008-10-22 20:15:00,-0.0046,-3.8023
2008-10-22 20:30:00,-0.004,-4.1441
2008-10-22 20:45:00,-0.002,-4.4582
2008-10-22 21:00:00,0.0018,-4.4419
2008-10-22 21:15:00,0.0009,-4.1965
2008-10-22 21:30:00,-0.0012,-3.5132
2008-10-22 21:45:00,-0.0055,-3.2491
2008-10-22 22:00:00,-0.0012,-2.9425
2008-10-22 22:15:00,0.0031,-3.5521
2008-10-22 22:30:00,-0.0075,-3.4837
2008-10-22 22:45:00,-0.0058,-3.2547
2008-10-22 23:00:00,-0.0044,-3.2916
2008-10-22 23:15:00,-0.0041,-2.8649
2008-10-22 23:30:00,0.0,-3.0238
2008-10-22 23:45:00,-0.0062,-3.2861
2008-10-23 00:00:00,-0.0016,-3.6518
2008-10-23 00:15:00,0.0012,-3.9788
2008-10-23 00:30:00,0.0004,-4.1136
2008-10-23 00:45:00,0.0004,-4.2115
2008-10-23 01:00:00,0.0028,-4.0065
2008-10-23 01:15:00,0.0036,-4.4719
2008-10-23 01:30:00,0.0047,-4.2558
2008-10-23 01:45:00,-0.001,-4.012
2008-10-23 02:00:00,-0.0006,-3.7664
2008-10-23 02:15:00,-0.0007,-4.0324
2008-10-23 02:30:00,0.0029,-4.0639
2008-10-23 02:45:00,0.0026,-3.7278
2008-10-23 03:00:00,0.0008,-3.0997
2008-10-23 03:15:00,-0.0023,-1.3171
2008-10-23 03:30:00,0.0007,-1.5869
2008-10-23 03:45:00,-0.0019,-0.9662
2008-10-23 04:00:00,0.0047,-2.9041
2008-10-23 04:15:00,-0.0013,-3.6707
2008-10-23 04:30:00,-0.0015,-3.7132
2008-10-23 04:45:00,-0.0046,-3.7853
2008-10-23 05:00:00,0.004,-3.4859
2008-10-23 05:15:00,0.0025,-2.7858
2008-10-23 05:30:00,0.0009,-2.2391
2008-10-23 05:45:00,0.0011,-2.0747
2008-10-23 06:00:00,0.0353,-2.9688
2008-10-23 06:15:00,0.2294,-2.0654
2008-10-23 06:30:00,0.3955,1.7069
2008-10-23 06:45:00,-1.0483,9.4636
2008-10-23 07:00:00,-1.0216,18.029
2008-10-23 07:15:00,2.2098,25.37
2008-10-23 07:30:00,63.405,99.239
2008-10-23 07:45:00,382.66,405.31
2008-10-23 08:00:00,482.81,479.02
2008-10-23 08:15:00,557.96,546.94
2008-10-23 08:30:00,628.76,612.26
2008-10-23 08:45:00,722.95,678.38
2008-10-23 09:00:00,795.89,741.17
2008-10-23 09:15:00,848.51,798.86
2008-10-23 09:30:00,902.89,853.53
2008-10-23 09:45:00,963.1,900.92
2008-10-23 10:00:00,1006.8,944.51
2008-10-23 10:15:00,1032.4,981.98
2008-10-23 10:30:00,1055.9,1016.4
2008-10-23 10:45:00,1066.9,1045.5
2008-10-23 11:00:00,1074.6,1069.6
2008-10-23 11:15:00,1092.9,1084.1
2008-10-23 11:30:00,1093.4,1094.2
2008-10-23 11:45:00,1109.8,1105.8
2008-10-23 12:00:00,1113.0,1109.4
2008-10-23 12:15:00,1102.6,1105.8
2008-10-23 12:30:00,1097.6,1094.4
2008-10-23 12:45:00,1072.8,1071.9
2008-10-23 13:00:00,1054.8,1046.3
2008-10-23 13:15:00,1024.0,1017.6
2008-10-23 13:30:00,985.42,985.32
2008-10-23 13:45:00,955.35,947.2
2008-10-23 14:00:00,919.09,910.22
2008-10-23 14:15:00,865.8,861.49
2008-10-23 14:30:00,819.49,808.15
2008-10-23 14:45:00,761.81,749.74
2008-10-23 15:00:00,702.14,688.88
2008-10-23 15:15:00,631.58,623.75
2008-10-23 15:30:00,557.99,556.58
2008-10-23 15:45:00,480.51,486.63
2008-10-23 16:00:00,395.69,412.31
2008-10-23 16:15:00,306.53,335.41
2008-10-23 16:30:00,215.11,255.4
2008-10-23 16:45:00,82.691,125.76
2008-10-23 17:00:00,-2.6683,8.7144
2008-10-23 17:15:00,-0.136,0.4186
2008-10-23 17:30:00,0.0416,-2.8551
2008-10-23 17:45:00,0.034,-3.8513
2008-10-23 18:00:00,-0.0037,-3.9789
2008-10-23 18:15:00,0.0004,-3.3483
2008-10-23 18:30:00,0.0007,-3.8689
2008-10-23 18:45:00,-0.0066,-3.7197
2008-10-23 19:00:00,-0.0034,-4.104
2008-10-23 19:15:00,0.0049,-3.6448
2008-10-23 19:30:00,0.0044,-3.3553
2008-10-23 19:45:00,-0.0007,-3.2393
2008-10-23 20:00:00,0.0048,-2.9737
2008-10-23 20:15:00,0.0012,-2.7855
2008-10-23 20:30:00,0.0013,-3.2471
2008-10-23 20:45:00,0.0068,-3.6643
2008-10-23 21:00:00,-0.0028,-3.6219
2008-10-23 21:15:00,0.0042,-3.2158
2008-10-23 21:30:00,0.0043,-2.83
2008-10-23 21:45:00,0.0001,-2.4239
2008-10-23 22:00:00,-0.0014,-1.3882
2008-10-23 22:15:00,0.006,-2.3722
2008-10-23 22:30:00,-0.0045,-3.1105
2008-10-23 22:45:00,0.0013,-4.2437
2008-10-23 23:00:00,-0.0056,-3.2246
2008-10-23 23:15:00,-0.007,-2.8368
2008-10-23 23:30:00,-0.0011,-2.7795
2008-10-23 23:45:00,-0.0018,-3.2831
2008-10-24 00:00:00,0.0035,-2.5337
2008-10-24 00:15:00,-0.0018,-2.5151
2008-10-24 00:30:00,0.0018,-2.4209
2008-10-24 00:45:00,-0.0105,-2.5057
2008-10-24 01:00:00,0.0036,-2.5444
2008-10-24 01:15:00,-0.0068,-2.8857
2008-10-24 01:30:00,0.0063,-2.8267
2008-10-24 01:45:00,0.0025,-2.7768
2008-10-24 02:00:00,0.0066,-2.6421
2008-10-24 02:15:00,-0.0092,-2.3339
2008-10-24 02:30:00,-0.0092,-2.297
2008-10-24 02:45:00,-0.0035,-2.1309
2008-10-24 03:00:00,-0.0073,-2.0995
2008-10-24 03:15:00,-0.0055,-2.2987
2008-10-24 03:30:00,0.0058,-2.1585
2008-10-24 03:45:00,-0.0003,-1.7765
2008-10-24 04:00:00,-0.0023,-2.1565
2008-10-24 04:15:00,-0.0008,-2.3466
2008-10-24 04:30:00,0.0029,-2.304
2008-10-24 04:45:00,0.001,-1.9166
2008-10-24 05:00:00,0.0049,-1.9259
2008-10-24 05:15:00,-0.0025,-1.9979
2008-10-24 05:30:00,-0.0011,-2.1067
2008-10-24 05:45:00,0.0021,-2.5771
2008-10-24 06:00:00,0.0252,-2.4056
2008-10-24 06:15:00,0.258,-1.7175
2008-10-24 06:30:00,0.3532,1.2139
2008-10-24 06:45:00,29.941,64.103
2008-10-24 07:00:00,128.44,172.58
2008-10-24 07:15:00,224.13,251.04
2008-10-24 07:30:00,314.66,325.8
2008-10-24 07:45:00,405.71,404.31
2008-10-24 08:00:00,496.64,480.15
2008-10-24 08:15:00,565.12,542.76
2008-10-24 08:30:00,551.85,530.28
2008-10-24 08:45:00,627.13,605.47
2008-10-24 09:00:00,739.59,699.51
2008-10-24 09:15:00,825.32,782.58
2008-10-24 09:30:00,872.1,832.13
2008-10-24 09:45:00,913.31,877.45
2008-10-24 10:00:00,964.07,920.74
2008-10-24 10:15:00,1024.3,977.78
2008-10-24 10:30:00,1053.1,1024.9
2008-10-24 10:45:00,1009.6,984.09
2008-10-24 11:00:00,963.75,927.59
2008-10-24 11:15:00,1112.5,1084.1
2008-10-24 11:30:00,959.62,953.68
2008-10-24 11:45:00,589.49,588.76
2008-10-24 12:00:00,494.34,492.72
2008-10-24 12:15:00,907.17,882.91
2008-10-24 12:30:00,978.11,966.12
2008-10-24 12:45:00,978.86,965.01
2008-10-24 13:00:00,910.36,905.63
2008-10-24 13:15:00,1044.4,1026.4
2008-10-24 13:30:00,1020.6,986.06
2008-10-24 13:45:00,981.44,947.56
2008-10-24 14:00:00,910.17,890.29
2008-10-24 14:15:00,873.57,850.95
2008-10-24 14:30:00,827.17,803.95
2008-10-24 14:45:00,751.23,727.81
2008-10-24 15:00:00,596.6,587.33
2008-10-24 15:15:00,300.63,329.9
2008-10-24 15:30:00,506.08,498.97
2008-10-24 15:45:00,477.26,481.93
2008-10-24 16:00:00,285.28,311.43
2008-10-24 16:15:00,0.1936,42.193
2008-10-24 16:30:00,121.03,162.63
2008-10-24 16:45:00,71.858,117.35
2008-10-24 17:00:00,-2.461,17.067
2008-10-24 17:15:00,-0.0006,1.2556
2008-10-24 17:30:00,0.0965,-2.0854
2008-10-24 17:45:00,0.0138,-2.9522
2008-10-24 18:00:00,-0.0089,-2.8823
2008-10-24 18:15:00,-0.001,-2.9764
2008-10-24 18:30:00,-0.002,-2.6685
2008-10-24 18:45:00,-0.0023,-3.0412
2008-10-24 19:00:00,-0.0026,-2.8514
2008-10-24 19:15:00,-0.0064,-2.4623
2008-10-24 19:30:00,-0.003,-2.3278
2008-10-24 19:45:00,0.0059,-3.18
2008-10-24 20:00:00,-0.0072,-3.7832
2008-10-24 20:15:00,0.0009,-3.2762
2008-10-24 20:30:00,0.0018,-3.2135
2008-10-24 20:45:00,-0.0031,-3.2671
2008-10-24 21:00:00,-0.0054,-3.0919
2008-10-24 21:15:00,-0.0029,-3.4315
2008-10-24 21:30:00,0.0015,-3.7213
2008-10-24 21:45:00,-0.0037,-3.9243
2008-10-24 22:00:00,0.0021,-3.9519
2008-10-24 22:15:00,-0.0004,-3.3265
2008-10-24 22:30:00,-0.0026,-3.4631
2008-10-24 22:45:00,0.0014,-3.4632
2008-10-24 23:00:00,0.0013,-2.8968
2008-10-24 23:15:00,-0.0053,-3.2953
2008-10-24 23:30:00,-0.0083,-3.8636
2008-10-24 23:45:00,-0.002,-3.6218
2008-10-25 00:00:00,0.0006,-2.3746
2008-10-25 00:15:00,-0.0011,-2.7971
2008-10-25 00:30:00,-0.0024,-3.5167
2008-10-25 00:45:00,-0.008,-2.8524
2008-10-25 01:00:00,-0.0007,-1.7823
2008-10-25 01:15:00,-0.0148,-2.7049
2008-10-25 01:30:00,0.0061,-2.8783
2008-10-25 01:45:00,-0.0073,-3.6089
2008-10-25 02:00:00,-0.0049,-3.0001
2008-10-25 02:15:00,0.0023,-2.9982
2008-10-25 02:30:00,-0.0011,-2.3505
2008-10-25 02:45:00,-0.0016,-2.583
2008-10-25 03:00:00,-0.0094,-2.5923
2008-10-25 03:15:00,-0.0037,-3.0203
2008-10-25 03:30:00,-0.0027,-2.6236
2008-10-25 03:45:00,-0.0014,-2.9501
2008-10-25 04:00:00,-0.0037,-3.0129
2008-10-25 04:15:00,-0.001,-3.1051
2008-10-25 04:30:00,-0.0028,-3.9077
2008-10-25 04:45:00,-0.0025,-3.8396
2008-10-25 05:00:00,-0.0005,-2.609
2008-10-25 05:15:00,-0.0003,-3.2346
2008-10-25 05:30:00,0.0053,-2.2105
2008-10-25 05:45:00,-0.0053,-2.3674
2008-10-25 06:00:00,0.0387,-3.4007
2008-10-25 06:15:00,0.1966,-2.0187
2008-10-25 06:30:00,1.8102,11.21
2008-10-25 06:45:00,48.559,94.511
2008-10-25 07:00:00,109.12,148.91
2008-10-25 07:15:00,191.26,221.72
2008-10-25 07:30:00,254.68,274.88
2008-10-25 07:45:00,424.16,422.64
2008-10-25 08:00:00,507.65,496.95
2008-10-25 08:15:00,601.59,584.26
2008-10-25 08:30:00,578.14,559.11
2008-10-25 08:45:00,698.6,670.84
2008-10-25 09:00:00,759.35,727.17
2008-10-25 09:15:00,822.61,785.24
2008-10-25 09:30:00,873.2,838.74
2008-10-25 09:45:00,889.48,857.9
2008-10-25 10:00:00,836.71,805.32
2008-10-25 10:15:00,827.91,801.65
2008-10-25 10:30:00,1033.7,1025.8
2008-10-25 10:45:00,1085.9,1103.6
2008-10-25 11:00:00,713.84,723.9
2008-10-25 11:15:00,1014.5,1038.7
2008-10-25 11:30:00,432.63,456.53
2008-10-25 11:45:00,479.17,507.75
2008-10-25 12:00:00,331.53,359.94
2008-10-25 12:15:00,157.75,177.87
2008-10-25 12:30:00,164.02,185.14
2008-10-25 12:45:00,190.66,210.22
2008-10-25 13:00:00,177.9,200.03
2008-10-25 13:15:00,146.14,172.76
2008-10-25 13:30:00,136.83,164.07
2008-10-25 13:45:00,157.04,182.2
2008-10-25 14:00:00,173.02,197.68
2008-10-25 14:15:00,177.92,202.04
2008-10-25 14:30:00,369.86,371.23
2008-10-25 14:45:00,198.26,226.38
2008-10-25 15:00:00,59.486,94.266
2008-10-25 15:15:00,35.911,72.236
2008-10-25 15:30:00,183.33,212.39
2008-10-25 15:45:00,417.8,435.12
2008-10-25 16:00:00,341.2,361.33
2008-10-25 16:15:00,323.52,353.57
2008-10-25 16:30:00,227.51,272.03
2008-10-25 16:45:00,65.629,111.26
2008-10-25 17:00:00,-3.3569,20.084
2008-10-25 17:15:00,-0.469,8.9372
2008-10-25 17:30:00,-0.0031,0.0829
2008-10-25 17:45:00,0.0171,-2.3846
2008-10-25 18:00:00,-0.0061,-2.5746
2008-10-25 18:15:00,0.0004,-2.2042
2008-10-25 18:30:00,-0.0046,-2.055
2008-10-25 18:45:00,-0.0021,-2.1915
2008-10-25 19:00:00,-0.0009,-2.21
2008-10-25 19:15:00,-0.0021,-2.0165
2008-10-25 19:30:00,-0.0019,-2.2691
2008-10-25 19:45:00,-0.0017,-2.3446
2008-10-25 20:00:00,-0.0025,-2.5347
2008-10-25 20:15:00,-0.0017,-2.1328
2008-10-25 20:30:00,0.0,-2.0462
2008-10-25 20:45:00,-0.0031,-2.0407
2008-10-25 21:00:00,-0.0025,-2.0222
2008-10-25 21:15:00,-0.0036,-2.0296
2008-10-25 21:30:00,-0.0013,-2.061
2008-10-25 21:45:00,-0.002,-2.1089
2008-10-25 22:00:00,0.0001,-1.9577
2008-10-25 22:15:00,-0.001,-2.0222
2008-10-25 22:30:00,-0.0038,-2.0039
2008-10-25 22:45:00,-0.0015,-1.9228
2008-10-25 23:00:00,-0.0014,-1.8287
2008-10-25 23:15:00,-0.006,-1.7938
2008-10-25 23:30:00,-0.0018,-1.8307
2008-10-25 23:45:00,0.0021,-1.9173
2008-10-26 00:00:00,0.0,-1.9358
2008-10-26 00:15:00,-0.0037,-1.8971
2008-10-26 00:30:00,-0.0042,-1.9783
2008-10-26 00:45:00,-0.0023,-1.993
2008-10-26 01:00:00,-0.0021,-1.9838
2008-10-26 01:15:00,0.0025,-1.9931
2008-10-26 01:30:00,-0.0029,-1.9803
2008-10-26 01:45:00,0.0007,-1.9712
2008-10-26 02:00:00,-0.0042,-1.9915
2008-10-26 02:15:00,-0.0064,-1.9768
2008-10-26 02:30:00,0.0072,-1.9491
2008-10-26 02:45:00,-0.0016,-1.9565
2008-10-26 03:00:00,-0.0005,-1.999
2008-10-26 03:15:00,0.0032,-2.0157
2008-10-26 03:30:00,-0.0024,-1.964
2008-10-26 03:45:00,0.0035,-1.8737
2008-10-26 04:00:00,-0.004,-1.8977
2008-10-26 04:15:00,0.0014,-1.8092
2008-10-26 04:30:00,-0.0052,-1.9678
2008-10-26 04:45:00,0.0031,-1.9973
2008-10-26 05:00:00,-0.0065,-2.0563
2008-10-26 05:15:00,0.003,-2.1596
2008-10-26 05:30:00,-0.002,-2.0932
2008-10-26 05:45:00,-0.0042,-1.9844
2008-10-26 06:00:00,0.0391,-1.9919
2008-10-26 06:15:00,0.0901,-0.0774
2008-10-26 06:30:00,0.7413,11.612
2008-10-26 06:45:00,48.934,94.783
2008-10-26 07:00:00,75.797,112.22
2008-10-26 07:15:00,91.891,121.63
2008-10-26 07:30:00,138.24,163.35
2008-10-26 07:45:00,248.67,259.66
2008-10-26 08:00:00,362.92,357.24
2008-10-26 08:15:00,473.26,445.68
2008-10-26 08:30:00,459.88,428.78
2008-10-26 08:45:00,626.11,570.89
2008-10-26 09:00:00,820.41,749.48
2008-10-26 09:15:00,881.29,817.06
2008-10-26 09:30:00,906.85,847.86
2008-10-26 09:45:00,943.95,888.77
2008-10-26 10:00:00,987.88,937.2
2008-10-26 10:15:00,890.25,852.07
2008-10-26 10:30:00,1079.4,1030.0
2008-10-26 10:45:00,1081.3,1048.9
2008-10-26 11:00:00,1093.7,1069.6
2008-10-26 11:15:00,1120.8,1100.5
2008-10-26 11:30:00,1106.3,1080.2
2008-10-26 11:45:00,1129.2,1093.0
2008-10-26 12:00:00,1110.8,1083.4
2008-10-26 12:15:00,1089.4,1068.5
2008-10-26 12:30:00,1086.9,1063.0
2008-10-26 12:45:00,1061.5,1044.4
2008-10-26 13:00:00,1029.1,998.11
2008-10-26 13:15:00,1025.0,997.57
2008-10-26 13:30:00,888.01,861.33
2008-10-26 13:45:00,902.86,868.36
2008-10-26 14:00:00,878.43,839.15
2008-10-26 14:15:00,866.61,828.7
2008-10-26 14:30:00,773.97,745.02
2008-10-26 14:45:00,669.73,647.38
2008-10-26 15:00:00,632.16,611.87
2008-10-26 15:15:00,582.63,566.35
2008-10-26 15:30:00,509.13,500.29
2008-10-26 15:45:00,414.36,417.6
2008-10-26 16:00:00,322.69,338.27
2008-10-26 16:15:00,216.27,244.41
2008-10-26 16:30:00,115.29,153.13
2008-10-26 16:45:00,8.8826,36.792
2008-10-26 17:00:00,-2.3575,12.638
2008-10-26 17:15:00,-0.0253,0.8579
2008-10-26 17:30:00,0.0889,-2.5259
2008-10-26 17:45:00,0.0136,-2.9559
2008-10-26 18:00:00,-0.0013,-3.0797
2008-10-26 18:15:00,-0.0041,-3.0615
2008-10-26 18:30:00,-0.0041,-3.1265
2008-10-26 18:45:00,-0.0075,-3.4406
2008-10-26 19:00:00,-0.0078,-3.5718
2008-10-26 19:15:00,-0.0039,-3.5868
2008-10-26 19:30:00,-0.0036,-3.8158
2008-10-26 19:45:00,-0.0014,-3.6221
2008-10-26 20:00:00,-0.0013,-3.4303
2008-10-26 20:15:00,-0.0019,-3.1499
2008-10-26 20:30:00,-0.0016,-3.2572
2008-10-26 20:45:00,-0.0003,-3.5325
2008-10-26 21:00:00,-0.0036,-3.4716
2008-10-26 21:15:00,0.0038,-3.2243
2008-10-26 21:30:00,-0.0021,-3.2263
2008-10-26 21:45:00,-0.0002,-3.2817
2008-10-26 22:00:00,-0.0025,-3.2301
2008-10-26 22:15:00,-0.0011,-3.16
2008-10-26 22:30:00,-0.0006,-3.1379
2008-10-26 22:45:00,-0.001,-2.9532
2008-10-26 23:00:00,-0.0001,-2.8148
2008-10-26 23:15:00,0.0022,-3.103
2008-10-26 23:30:00,-0.0002,-3.2286
2008-10-26 23:45:00,-0.0042,-3.4188
2008-10-27 00:00:00,-0.0006,-3.4614
2008-10-27 00:15:00,-0.0029,-3.6609
2008-10-27 00:30:00,0.0082,-3.0533
2008-10-27 00:45:00,-0.0021,-3.1345
2008-10-27 01:00:00,-0.0029,-3.2916
2008-10-27 01:15:00,-0.0008,-3.4892
2008-10-27 01:30:00,-0.0016,-2.7929
2008-10-27 01:45:00,0.0027,-2.4992
2008-10-27 02:00:00,0.0038,-2.2166
2008-10-27 02:15:00,-0.0032,-1.3595
2008-10-27 02:30:00,-0.0005,-0.4267
2008-10-27 02:45:00,-0.0012,-1.1249
2008-10-27 03:00:00,-0.0039,-2.2922
2008-10-27 03:15:00,0.0023,-3.0272
2008-10-27 03:30:00,0.004,-3.4129
2008-10-27 03:45:00,-0.005,-3.3738
2008-10-27 04:00:00,-0.0034,-3.3089
2008-10-27 04:15:00,-0.0041,-3.1702
2008-10-27 04:30:00,0.0091,-3.7294
2008-10-27 04:45:00,-0.003,-4.763
2008-10-27 05:00:00,-0.007,-4.248
2008-10-27 05:15:00,0.0001,-3.9968
2008-10-27 05:30:00,0.0001,-3.9803
2008-10-27 05:45:00,-0.0003,-4.047
2008-10-27 06:00:00,0.0532,-3.8885
2008-10-27 06:15:00,0.2308,-2.4189
2008-10-27 06:30:00,0.4324,10.197
2008-10-27 06:45:00,31.108,72.624
2008-10-27 07:00:00,117.75,159.66
2008-10-27 07:15:00,229.52,248.58
2008-10-27 07:30:00,288.61,296.43
2008-10-27 07:45:00,320.05,321.96
2008-10-27 08:00:00,439.08,421.46
2008-10-27 08:15:00,560.12,526.87
2008-10-27 08:30:00,660.88,616.79
2008-10-27 08:45:00,702.2,652.61
2008-10-27 09:00:00,681.62,633.98
2008-10-27 09:15:00,849.39,792.12
2008-10-27 09:30:00,891.16,845.47
2008-10-27 09:45:00,919.8,884.57
2008-10-27 10:00:00,959.24,931.47
2008-10-27 10:15:00,985.71,967.34
2008-10-27 10:30:00,994.13,979.95
2008-10-27 10:45:00,1038.0,1024.4
2008-10-27 11:00:00,1067.7,1046.8
2008-10-27 11:15:00,1071.3,1060.2
2008-10-27 11:30:00,1080.0,1071.7
2008-10-27 11:45:00,1078.6,1077.5
2008-10-27 12:00:00,1077.1,1077.9
2008-10-27 12:15:00,1069.0,1072.2
2008-10-27 12:30:00,1058.1,1058.8
2008-10-27 12:45:00,1037.0,1039.4
2008-10-27 13:00:00,1017.9,1018.4
2008-10-27 13:15:00,991.3,990.21
2008-10-27 13:30:00,963.03,965.68
2008-10-27 13:45:00,913.78,915.85
2008-10-27 14:00:00,674.89,670.63
2008-10-27 14:15:00,673.96,651.25
2008-10-27 14:30:00,792.41,770.81
2008-10-27 14:45:00,722.59,705.56
2008-10-27 15:00:00,650.98,640.48
2008-10-27 15:15:00,582.31,574.77
2008-10-27 15:30:00,502.8,503.82
2008-10-27 15:45:00,413.34,423.39
2008-10-27 16:00:00,334.23,355.22
2008-10-27 16:15:00,244.29,277.4
2008-10-27 16:30:00,151.49,195.57
2008-10-27 16:45:00,21.372,53.584
2008-10-27 17:00:00,-0.6639,6.6504
2008-10-27 17:15:00,0.0069,0.33
2008-10-27 17:30:00,0.1125,-2.5299
2008-10-27 17:45:00,0.0104,-3.8945
2008-10-27 18:00:00,-0.001,-3.8119
2008-10-27 18:15:00,0.0014,-3.1188
2008-10-27 18:30:00,-0.0014,-2.9087
2008-10-27 18:45:00,-0.0002,-2.9109
2008-10-27 19:00:00,-0.0009,-2.7839
2008-10-27 19:15:00,-0.0028,-2.6604
2008-10-27 19:30:00,0.0002,-2.2067
2008-10-27 19:45:00,-0.0035,-2.5814
2008-10-27 20:00:00,0.0006,-2.1829
2008-10-27 20:15:00,0.0009,-2.2532
2008-10-27 20:30:00,-0.0024,-2.7073
2008-10-27 20:45:00,-0.0017,-2.0282
2008-10-27 21:00:00,-0.0035,-3.2021
2008-10-27 21:15:00,-0.0004,-2.7537
2008-10-27 21:30:00,-0.0021,-2.6817
2008-10-27 21:45:00,-0.0031,-3.2447
2008-10-27 22:00:00,-0.0012,-3.2946
2008-10-27 22:15:00,-0.0034,-2.9513
2008-10-27 22:30:00,-0.001,-2.7077
2008-10-27 22:45:00,-0.0031,-3.5031
2008-10-27 23:00:00,0.0001,-3.2245
2008-10-27 23:15:00,-0.0014,-2.4512
2008-10-27 23:30:00,-0.0018,-3.3595
2008-10-27 23:45:00,-0.0012,-2.9276
2008-10-28 00:00:00,-0.0058,-2.2945
2008-10-28 00:15:00,0.0022,-2.2022
2008-10-28 00:30:00,0.0025,-2.3148
2008-10-28 00:45:00,-0.0033,-2.4624
2008-10-28 01:00:00,-0.0039,-2.7468
2008-10-28 01:15:00,0.0028,-2.9719
2008-10-28 01:30:00,-0.0028,-2.8612
2008-10-28 01:45:00,-0.0034,-2.4495
2008-10-28 02:00:00,-0.0056,-1.0374
2008-10-28 02:15:00,-0.0022,-1.1647
2008-10-28 02:30:00,-0.003,-3.1213
2008-10-28 02:45:00,-0.0037,-3.0512
2008-10-28 03:00:00,-0.0057,-2.8205
2008-10-28 03:15:00,-0.0021,-2.4163
2008-10-28 03:30:00,-0.0055,-2.6286
2008-10-28 03:45:00,0.0039,-2.8279
2008-10-28 04:00:00,-0.0008,-1.7296
2008-10-28 04:15:00,0.0025,-0.9507
2008-10-28 04:30:00,0.0032,-0.0259
2008-10-28 04:45:00,-0.0007,-1.4914
2008-10-28 05:00:00,0.0019,-2.7539
2008-10-28 05:15:00,-0.0094,-2.9401
2008-10-28 05:30:00,-0.0061,-3.0728
2008-10-28 05:45:00,-0.0047,-2.9213
2008-10-28 06:00:00,0.0383,-2.8768
2008-10-28 06:15:00,0.2745,-2.2695
2008-10-28 06:30:00,0.0546,5.4081
2008-10-28 06:45:00,27.533,68.064
2008-10-28 07:00:00,100.88,147.9
2008-10-28 07:15:00,196.99,228.65
2008-10-28 07:30:00,288.91,305.18
2008-10-28 07:45:00,376.82,382.17
2008-10-28 08:00:00,463.34,455.61
2008-10-28 08:15:00,541.52,524.92
2008-10-28 08:30:00,602.25,585.36
2008-10-28 08:45:00,662.4,648.24
2008-10-28 09:00:00,724.63,708.66
2008-10-28 09:15:00,774.25,763.65
2008-10-28 09:30:00,820.05,812.61
2008-10-28 09:45:00,854.96,859.59
2008-10-28 10:00:00,901.4,905.65
2008-10-28 10:15:00,936.91,942.87
2008-10-28 10:30:00,970.09,975.67
2008-10-28 10:45:00,997.94,1004.8
2008-10-28 11:00:00,1007.9,1024.5
2008-10-28 11:15:00,1022.1,1042.3
2008-10-28 11:30:00,1029.9,1053.7
2008-10-28 11:45:00,1028.8,1059.4
2008-10-28 12:00:00,1027.9,1059.4
2008-10-28 12:15:00,1023.6,1053.8
2008-10-28 12:30:00,1005.5,1041.6
2008-10-28 12:45:00,989.84,1026.4
2008-10-28 13:00:00,975.58,1003.9
2008-10-28 13:15:00,950.69,976.63
2008-10-28 13:30:00,914.92,940.77
2008-10-28 13:45:00,883.6,903.67
2008-10-28 14:00:00,851.94,860.81
2008-10-28 14:15:00,789.86,802.45
2008-10-28 14:30:00,738.18,741.31
2008-10-28 14:45:00,683.91,678.59
2008-10-28 15:00:00,625.85,621.12
2008-10-28 15:15:00,556.76,557.17
2008-10-28 15:30:00,484.52,493.03
2008-10-28 15:45:00,407.74,424.83
2008-10-28 16:00:00,327.5,353.62
2008-10-28 16:15:00,239.99,275.42
2008-10-28 16:30:00,146.06,192.01
2008-10-28 16:45:00,10.992,37.76
2008-10-28 17:00:00,-0.554,3.7958
2008-10-28 17:15:00,-0.0854,-2.0842
2008-10-28 17:30:00,0.0534,-3.9087
2008-10-28 17:45:00,0.0038,-3.4833
2008-10-28 18:00:00,-0.0016,-3.4837
2008-10-28 18:15:00,-0.0028,-2.6103
2008-10-28 18:30:00,-0.0017,-2.1717
2008-10-28 18:45:00,-0.0005,-2.5739
2008-10-28 19:00:00,-0.0006,-2.5778
2008-10-28 19:15:00,0.0024,-2.4047
2008-10-28 19:30:00,0.0025,-2.0729
2008-10-28 19:45:00,0.0036,-2.0951
2008-10-28 20:00:00,-0.0011,-2.0805
2008-10-28 20:15:00,-0.0045,-2.23
2008-10-28 20:30:00,-0.0002,-2.1397
2008-10-28 20:45:00,-0.0015,-2.2597
2008-10-28 21:00:00,-0.0019,-2.4037
2008-10-28 21:15:00,-0.0021,-1.8503
2008-10-28 21:30:00,-0.0011,-2.2084
2008-10-28 21:45:00,0.0009,-2.498
2008-10-28 22:00:00,0.0007,-1.9907
2008-10-28 22:15:00,-0.0022,-1.6992
2008-10-28 22:30:00,-0.0006,-2.0351
2008-10-28 22:45:00,0.0002,-2.3045
2008-10-28 23:00:00,-0.0048,-2.1421
2008-10-28 23:15:00,0.0032,-2.4262
2008-10-28 23:30:00,-0.0019,-2.5222
2008-10-28 23:45:00,0.0047,-2.1827
2008-10-29 00:00:00,-0.0029,-2.5942
2008-10-29 00:15:00,-0.0032,-1.4484
2008-10-29 00:30:00,-0.0018,-1.5757
2008-10-29 00:45:00,0.003,-1.8359
2008-10-29 01:00:00,-0.001,-2.3746
2008-10-29 01:15:00,-0.0022,-2.7935
2008-10-29 01:30:00,0.0006,-3.2806
2008-10-29 01:45:00,-0.0059,-3.3267
2008-10-29 02:00:00,-0.0004,-2.9965
2008-10-29 02:15:00,-0.0042,-2.0979
2008-10-29 02:30:00,0.0004,-2.7124
2008-10-29 02:45:00,-0.0002,-2.5389
2008-10-29 03:00:00,-0.0001,-1.8766
2008-10-29 03:15:00,0.0032,-1.5869
2008-10-29 03:30:00,-0.0029,-2.4432
2008-10-29 03:45:00,0.0023,-2.3196
2008-10-29 04:00:00,-0.0026,-2.2236
2008-10-29 04:15:00,0.0053,-1.4559
2008-10-29 04:30:00,-0.0006,-1.8048
2008-10-29 04:45:00,0.0008,-2.5798
2008-10-29 05:00:00,-0.002,-2.6518
2008-10-29 05:15:00,-0.0019,-3.2368
2008-10-29 05:30:00,0.0002,-3.2422
2008-10-29 05:45:00,0.0033,-2.9377
2008-10-29 06:00:00,0.0218,-3.017
2008-10-29 06:15:00,0.1304,-2.4708
2008-10-29 06:30:00,-0.1526,4.484
2008-10-29 06:45:00,19.755,57.835
2008-10-29 07:00:00,92.91,140.35
2008-10-29 07:15:00,191.01,223.45
2008-10-29 07:30:00,285.57,305.18
2008-10-29 07:45:00,377.03,383.48
2008-10-29 08:00:00,461.41,456.14
2008-10-29 08:15:00,540.98,528.33
2008-10-29 08:30:00,609.6,596.33
2008-10-29 08:45:00,674.41,659.79
2008-10-29 09:00:00,734.53,719.02
2008-10-29 09:15:00,783.51,774.7
2008-10-29 09:30:00,831.49,826.21
2008-10-29 09:45:00,864.6,872.69
2008-10-29 10:00:00,894.56,910.58
2008-10-29 10:15:00,944.3,946.82
2008-10-29 10:30:00,971.32,975.93
2008-10-29 10:45:00,1001.7,1006.0
2008-10-29 11:00:00,1022.9,1028.9
2008-10-29 11:15:00,1030.3,1043.9
2008-10-29 11:30:00,1034.4,1054.8
2008-10-29 11:45:00,1040.4,1057.9
2008-10-29 12:00:00,1034.7,1057.0
2008-10-29 12:15:00,1017.7,1050.0
2008-10-29 12:30:00,992.29,1039.7
2008-10-29 12:45:00,990.03,1022.8
2008-10-29 13:00:00,960.75,996.7
2008-10-29 13:15:00,947.88,974.9
2008-10-29 13:30:00,913.5,941.51
2008-10-29 13:45:00,870.31,901.38
2008-10-29 14:00:00,828.99,858.35
2008-10-29 14:15:00,794.48,810.02
2008-10-29 14:30:00,754.7,764.42
2008-10-29 14:45:00,704.56,711.28
2008-10-29 15:00:00,640.16,650.47
2008-10-29 15:15:00,578.21,589.7
2008-10-29 15:30:00,503.55,520.95
2008-10-29 15:45:00,407.17,431.7
2008-10-29 16:00:00,321.03,353.31
2008-10-29 16:15:00,262.59,301.56
2008-10-29 16:30:00,170.72,221.21
2008-10-29 16:45:00,7.1794,30.15
2008-10-29 17:00:00,-0.6116,4.3129
2008-10-29 17:15:00,-0.1364,-2.2661
2008-10-29 17:30:00,0.0253,-4.0755
2008-10-29 17:45:00,0.0028,-4.0187
2008-10-29 18:00:00,0.0012,-4.572
2008-10-29 18:15:00,0.0008,-4.0602
2008-10-29 18:30:00,0.0004,-3.2182
2008-10-29 18:45:00,0.002,-2.4959
2008-10-29 19:00:00,-0.0017,-2.6713
2008-10-29 19:15:00,0.0,-3.1674
2008-10-29 19:30:00,-0.0019,-3.2394
