datetime,dc_power,poa_irradiance
2011-01-01 07:30:06,4.9033,2.0
2011-01-01 07:45:06,432.0218,6.4333
2011-01-01 08:00:06,771.1827,14.95
2011-01-01 08:15:06,2137.6314,34.6949
2011-01-01 08:30:06,3718.2777,56.6833
2011-01-01 08:45:06,6492.3706,96.0656
2011-01-01 09:00:06,9152.7654,133.6
2011-01-01 09:15:06,12050.7107,171.2542
2011-01-01 09:30:06,14182.6818,207.15
2011-01-01 09:45:06,16118.1426,243.7833
2011-01-01 10:00:06,9245.0969,172.3667
2011-01-01 10:15:06,8804.6055,185.8667
2011-01-01 10:30:06,9445.8942,199.7667
2011-01-01 10:45:06,10027.8505,213.6167
2011-01-01 11:00:06,7986.3305,179.1
2011-01-01 11:15:06,7511.5669,167.9667
2011-01-01 11:30:06,6448.5629,147.2333
2011-01-01 11:45:06,5868.653,135.7
2011-01-01 12:00:06,9891.2997,214.4915
2011-01-01 12:15:06,11844.3132,253.9333
2011-01-01 12:30:06,9800.0604,218.5167
2011-01-01 12:45:06,4365.1803,103.0164
2011-01-01 13:00:06,3143.9602,75.9167
2011-01-01 13:15:06,3798.8711,89.5932
2011-01-01 13:30:06,3205.4713,76.2333
2011-01-01 13:45:06,3814.6408,90.4
2011-01-01 14:00:06,2980.7281,71.1333
2011-01-01 14:15:07,3189.4224,76.6333
2011-01-01 14:30:07,3278.4599,76.95
2011-01-01 14:45:07,5788.0803,126.4333
2011-01-01 15:00:07,8005.4998,166.3167
2011-01-01 15:15:07,6324.9393,136.5
2011-01-01 15:30:07,4110.0407,91.3333
2011-01-01 15:45:07,2730.9447,61.3
2011-01-01 16:00:07,2565.9388,54.9836
2011-01-01 16:15:07,1678.2911,34.8814
2011-01-01 16:30:07,824.6011,15.9836
2011-01-01 16:45:07,182.6186,4.0333
2011-01-01 17:00:07,0.0,1.25
2011-01-02 08:00:04,0.0,0.9444
2011-01-02 08:15:04,0.0,2.1311
2011-01-02 08:30:04,7.1444,1.6667
2011-01-02 08:45:04,642.9753,13.6885
2011-01-02 09:00:05,932.0494,21.3621
2011-01-02 09:15:05,1443.3963,33.0678
2011-01-02 09:30:05,2930.1558,69.0667
2011-01-02 09:45:05,3113.8337,76.3667
2011-01-02 10:00:05,3022.6533,72.1525
2011-01-02 10:15:05,4789.8476,111.5763
2011-01-02 10:30:05,3197.4909,74.1475
2011-01-02 10:45:06,8178.9448,185.4667
2011-01-02 11:00:06,2180.44,52.3
2011-01-02 11:15:07,2368.1218,56.8833
2011-01-02 11:30:07,2737.0107,67.1833
2011-01-02 11:45:07,2736.1814,66.2459
2011-01-02 12:00:08,3573.3843,87.8667
2011-01-02 12:15:08,2665.6214,64.3966
2011-01-02 12:30:08,3057.9983,75.6066
2011-01-02 12:45:08,2841.0924,69.3167
2011-01-02 13:15:09,2803.8598,68.0167
2011-01-02 13:30:09,1646.7821,40.4167
2011-01-02 13:45:09,1887.6131,46.5
2011-01-02 14:00:09,3015.4076,72.5574
2011-01-02 14:15:09,2032.7319,48.5593
2011-01-02 14:30:09,1934.8919,45.4333
2011-01-02 14:45:09,1273.1636,30.2295
2011-01-02 15:00:09,1231.2198,28.0667
2011-01-02 15:15:09,1045.9587,24.0
2011-01-02 15:30:09,1363.3924,30.8167
2011-01-02 15:45:09,957.1773,21.541
2011-01-02 16:00:10,473.8839,10.1475
2011-01-02 16:15:10,933.0449,20.2333
2011-01-02 16:30:10,363.4271,6.5667
2011-01-02 16:45:10,162.1825,4.2833
2011-01-02 17:00:10,0.0,1.807
2011-01-03 07:30:09,27.4937,2.4561
2011-01-03 07:45:09,512.8663,10.0333
2011-01-03 08:00:09,1373.3426,25.2833
2011-01-03 08:15:09,3134.3368,46.1833
2011-01-03 08:30:09,4941.0391,73.0667
2011-01-03 08:45:09,7705.6567,107.6833
2011-01-03 09:00:09,10888.6395,149.0678
2011-01-03 09:15:08,14826.1285,192.8983
2011-01-03 09:30:08,17862.4263,238.0
2011-01-03 09:45:08,20610.2326,285.661
2011-01-03 10:00:08,23187.2576,332.1379
2011-01-03 10:15:09,25520.1498,377.4915
2011-01-03 10:30:09,27739.3756,420.2
2011-01-03 10:45:10,29509.2652,456.1356
2011-01-03 11:15:10,32293.0761,523.2373
2011-01-03 11:30:10,33505.9846,542.9833
2011-01-03 11:45:09,34268.5113,586.1333
2011-01-03 12:00:10,34907.0252,589.3167
2011-01-03 12:15:09,35388.5184,594.5333
2011-01-03 12:30:09,35669.1792,591.9661
2011-01-03 12:45:09,35650.8338,591.5667
2011-01-03 13:00:10,35517.9848,587.95
2011-01-03 13:15:11,35212.4037,580.322
2011-01-03 13:30:10,34462.8491,566.6271
2011-01-03 13:45:10,33663.0036,548.1148
2011-01-03 14:00:10,32368.8273,521.9667
2011-01-03 14:15:11,30926.4941,491.8983
2011-01-03 14:30:11,28669.3221,457.0508
2011-01-03 14:45:11,24183.3025,416.7541
2011-01-03 15:00:11,18623.7246,373.1695
2011-01-03 15:15:11,12812.2732,326.5
2011-01-03 15:30:10,7827.1352,274.6
2011-01-03 15:45:10,6083.8898,221.8167
2011-01-03 16:00:10,4932.9949,167.6102
2011-01-03 16:15:11,3774.4971,92.9167
2011-01-03 16:30:11,2693.4306,31.8833
2011-01-03 16:45:10,1655.6666,19.3667
2011-01-03 17:00:10,454.0336,6.3
2011-01-03 17:15:10,0.0,2.0714
2011-01-04 07:15:08,0.0,2.5
2011-01-04 07:30:08,4.9014,2.4833
2011-01-04 07:45:08,369.1451,6.0
2011-01-04 08:00:08,882.4222,16.6667
2011-01-04 08:15:08,1869.6551,34.1525
2011-01-04 08:30:08,3032.3223,55.4167
2011-01-04 08:45:08,3586.108,63.8525
2011-01-04 09:00:08,2925.5911,48.6667
2011-01-04 09:15:07,6354.0048,91.2203
2011-01-04 09:30:07,12252.9374,169.7
2011-01-04 09:45:07,15143.9574,226.95
2011-01-04 10:00:07,18773.9291,303.2167
2011-01-04 10:15:08,6224.7629,135.0667
2011-01-04 10:30:08,6945.2066,153.1333
2011-01-04 10:45:08,7269.1069,160.2
2011-01-04 11:00:08,9627.9688,205.1333
2011-01-04 11:15:08,9794.4092,207.7288
2011-01-04 11:30:08,16045.006,287.8167
2011-01-04 11:45:08,29899.5347,515.2542
2011-01-04 12:00:08,34150.4808,572.1639
2011-01-04 12:15:07,34259.0442,574.8305
2011-01-04 12:30:07,34410.7041,573.918
2011-01-04 12:45:07,34374.1078,575.9167
2011-01-04 13:00:07,33660.8804,565.05
2011-01-04 13:15:08,33286.2355,554.2203
2011-01-04 13:30:08,32461.4405,537.0667
2011-01-04 13:45:08,31822.4415,521.3667
2011-01-04 14:00:08,30594.1166,494.55
2011-01-04 14:15:08,29489.3208,471.6552
2011-01-04 14:30:09,27457.4185,435.3667
2011-01-04 14:45:09,23340.9664,396.7869
2011-01-04 15:00:09,18149.9784,357.5424
2011-01-04 15:15:09,12761.6107,312.931
2011-01-04 15:30:09,7872.5245,262.1803
2011-01-04 15:45:09,5972.3861,205.8333
2011-01-04 16:00:09,4863.3589,151.8
2011-01-04 16:15:09,3709.3575,89.1525
2011-01-04 16:30:09,2628.18,34.6393
2011-01-04 16:45:09,1485.7654,19.8
2011-01-04 17:00:10,412.741,6.0492
2011-01-04 17:15:10,0.0,2.0
2011-01-05 07:30:09,15.5579,2.4286
2011-01-05 07:45:09,479.7892,9.65
2011-01-05 08:00:09,1393.0041,25.3115
2011-01-05 08:15:09,2886.4529,42.4386
2011-01-05 08:30:09,4699.1269,68.85
2011-01-05 08:45:09,9237.6936,128.0667
2011-01-05 09:00:09,6353.409,100.3333
2011-01-05 09:15:08,8350.8193,123.8136
2011-01-05 09:30:08,14973.7404,206.7458
2011-01-05 09:45:09,19445.0895,271.05
2011-01-05 10:00:09,19362.7779,288.5085
2011-01-05 10:15:10,14774.7097,262.3
2011-01-05 10:30:11,12008.9242,231.9153
2011-01-05 10:45:11,12755.5754,241.1333
2011-01-05 11:00:11,23462.1398,407.7
2011-01-05 11:15:11,25758.7475,461.4138
2011-01-05 11:30:11,27932.894,479.4833
2011-01-05 11:45:11,20011.1114,361.6333
2011-01-05 12:00:11,27694.3187,495.6271
2011-01-05 12:15:11,30699.5611,540.15
2011-01-05 12:30:11,39803.3169,670.322
2011-01-05 12:45:11,31937.4066,549.6667
2011-01-05 13:00:11,28958.7173,501.6441
2011-01-05 13:15:12,33782.5289,566.2787
2011-01-05 13:30:12,33115.3544,552.5862
2011-01-05 13:45:12,30276.8409,506.9016
2011-01-05 14:00:12,32132.9494,529.9153
2011-01-05 14:15:12,30682.5436,493.5167
2011-01-05 14:30:13,30330.046,481.6949
2011-01-05 14:45:13,26380.6448,446.0847
2011-01-05 15:00:13,17733.8537,345.0678
2011-01-05 15:15:13,15738.68,364.3167
2011-01-05 15:30:13,9380.5004,293.3793
2011-01-05 15:45:13,6451.9056,229.541
2011-01-05 16:00:13,5140.7468,172.2667
2011-01-05 16:15:13,3997.6298,103.7667
2011-01-05 16:30:13,2750.5433,33.8475
2011-01-05 16:45:13,1127.8025,16.7167
2011-01-05 17:00:13,186.3923,5.1667
2011-01-05 17:15:13,0.0,2.8704
2011-01-06 07:30:10,1.3374,2.6591
2011-01-06 07:45:11,441.6437,7.1864
2011-01-06 08:00:11,1270.9977,20.8667
2011-01-06 08:15:12,2151.9884,36.4655
2011-01-06 08:30:11,3202.8364,60.6066
2011-01-06 08:45:11,4495.2093,81.0169
2011-01-06 09:00:12,4665.8756,91.3
2011-01-06 09:15:11,5837.0602,114.7333
2011-01-06 09:30:11,8793.119,147.1864
2011-01-06 09:45:11,17518.3539,252.2373
2011-01-06 10:00:11,19186.2961,285.8644
2011-01-06 10:15:12,23286.9889,342.1356
2011-01-06 10:30:12,25390.9592,382.1356
2011-01-06 10:45:12,27293.2902,423.4167
2011-01-06 11:00:13,28632.7935,451.8966
2011-01-06 11:15:13,30021.8943,484.322
2011-01-06 11:30:13,30903.5515,505.6271
2011-01-06 11:45:13,31970.8091,536.2333
2011-01-06 12:00:13,32273.7687,550.55
2011-01-06 12:15:12,33346.0534,562.7069
2011-01-06 12:30:12,33476.3053,554.7377
2011-01-06 12:45:12,33603.7821,556.7667
2011-01-06 13:00:12,33077.0526,550.4333
2011-01-06 13:15:13,32545.6061,538.431
2011-01-06 13:30:13,31864.1259,526.0667
2011-01-06 13:45:13,30813.3044,498.7797
2011-01-06 14:15:13,28788.2052,453.069
2011-01-06 14:30:13,26706.8006,415.7333
2011-01-06 14:45:13,23563.4515,387.0167
2011-01-06 15:00:13,18616.0832,344.3833
2011-01-06 15:15:12,13473.9244,300.3448
2011-01-06 15:30:12,8615.4372,251.6667
2011-01-06 15:45:12,6335.1226,203.1833
2011-01-06 16:00:12,5137.3967,150.7333
2011-01-06 16:15:13,3786.1888,89.9153
2011-01-06 16:30:13,2919.4974,41.4667
2011-01-06 16:45:13,1620.9638,22.3167
2011-01-06 17:00:14,426.4161,6.7667
2011-01-06 17:15:14,0.0,2.0
2011-01-07 07:30:13,0.0,2.2222
2011-01-07 07:45:14,20.2529,2.5667
2011-01-07 08:00:14,422.6577,9.0
2011-01-07 08:15:15,1173.831,22.7069
2011-01-07 08:30:15,1196.7226,23.7
2011-01-07 08:45:15,4272.1082,72.9661
2011-01-07 09:00:15,3174.2717,58.8852
2011-01-07 09:15:14,7428.1875,116.0
2011-01-07 09:30:14,15548.5398,185.5593
2011-01-07 09:45:14,17503.2358,223.2667
2011-01-07 10:00:14,15421.6765,241.4333
2011-01-07 10:15:14,17373.4278,279.3898
2011-01-07 10:30:14,14933.0425,259.7627
2011-01-07 10:45:15,13110.6822,242.8333
2011-01-07 11:00:15,13510.8074,253.9831
2011-01-07 11:15:16,14565.1916,273.4746
2011-01-07 11:30:16,11298.3742,222.15
2011-01-07 11:45:16,9611.2526,193.9661
2011-01-07 12:00:17,10436.471,204.7966
2011-01-07 12:15:16,10487.4259,211.6441
2011-01-07 12:30:15,10912.1857,220.9667
2011-01-07 12:45:15,12229.5237,241.5667
2011-01-07 13:00:16,9846.7742,200.1
2011-01-07 13:15:17,8645.7043,180.3966
2011-01-07 13:30:17,9899.9202,202.7667
2011-01-07 13:45:17,10655.4581,212.75
2011-01-07 14:15:17,7673.4124,161.0508
2011-01-07 14:30:17,6077.9331,130.6393
2011-01-07 14:45:17,4984.1599,106.8983
2011-01-07 15:00:17,4181.2197,89.6721
2011-01-07 15:15:16,3421.8676,75.2712
2011-01-07 15:30:16,2548.5423,55.7833
2011-01-07 15:45:16,2307.1914,48.8333
2011-01-07 16:00:16,1513.0938,31.0167
2011-01-07 16:15:17,919.8946,18.5833
2011-01-07 16:30:17,597.8962,10.9667
2011-01-07 16:45:17,332.3361,6.7
2011-01-07 17:00:17,17.8833,2.75
2011-01-07 17:15:17,0.0,2.4359
2011-01-08 07:45:16,0.0,2.0
2011-01-08 08:00:16,26.8683,2.7541
2011-01-08 08:15:17,72.3067,3.4576
2011-01-08 08:30:17,261.2113,6.7213
2011-01-08 08:45:17,682.0376,16.45
2011-01-08 09:00:18,961.9842,22.7458
2011-01-08 09:15:17,1298.1263,28.7458
2011-01-08 09:30:17,1814.8075,39.4833
2011-01-08 09:45:17,2232.7319,54.1475
2011-01-08 10:00:17,1600.6103,51.05
2011-01-08 10:15:17,2360.4137,85.8814
2011-01-08 10:30:17,2790.5751,108.5246
2011-01-08 10:45:17,3065.9301,116.05
2011-01-08 11:00:17,4131.1911,145.55
2011-01-08 11:15:18,6049.559,169.6102
2011-01-08 11:30:18,6255.2057,145.2
2011-01-08 11:45:18,3185.2691,71.8333
2011-01-08 12:00:18,4254.7304,92.7333
2011-01-08 12:15:17,11169.414,230.9492
2011-01-08 12:30:18,12686.8064,252.2333
2011-01-08 12:45:18,14310.5634,277.4
2011-01-08 13:00:18,19997.7226,359.339
2011-01-08 13:15:18,31181.3423,512.5333
2011-01-08 13:30:18,27441.6891,451.0
2011-01-08 13:45:19,20232.7069,349.1186
2011-01-08 14:00:19,20893.1772,357.4333
2011-01-08 14:15:20,26331.6725,417.7458
2011-01-08 14:30:20,5248.5066,107.5167
2011-01-08 14:45:20,9371.4409,183.2333
2011-01-08 15:00:20,12943.4818,222.1864
2011-01-08 15:15:20,9252.0139,173.2069
2011-01-08 15:30:20,7004.5273,131.8033
2011-01-08 15:45:20,3093.3688,61.8644
2011-01-08 16:00:19,2361.6401,43.1803
2011-01-08 16:15:19,1428.1542,23.322
2011-01-08 16:30:19,737.4628,11.1667
2011-01-08 16:45:19,1305.5653,19.7
2011-01-08 17:00:19,480.8308,6.4918
2011-01-08 17:15:20,0.0,2.0
2011-01-08 17:30:20,0.0,2.0
2011-01-09 07:30:17,24.4003,3.1091
2011-01-09 07:45:18,514.2381,9.8
2011-01-09 08:00:18,1372.0202,24.1207
2011-01-09 08:15:18,3078.1291,43.4915
2011-01-09 08:30:18,4953.6882,70.4167
2011-01-09 08:45:18,7811.9712,105.1017
2011-01-09 09:00:18,11056.0241,145.2333
2011-01-09 09:15:18,14943.8881,192.0517
2011-01-09 09:30:18,18077.2141,234.0678
2011-01-09 09:45:18,20917.4302,285.3833
2011-01-09 10:00:18,23549.825,327.5167
2011-01-09 10:15:18,25858.7999,372.2542
2011-01-09 10:30:18,27951.882,410.4576
2011-01-09 10:45:19,30284.0508,453.1034
2011-01-09 11:00:19,32087.8736,489.6102
2011-01-09 11:15:20,33484.9547,517.9831
2011-01-09 11:30:20,33957.788,533.0339
2011-01-09 11:45:20,35075.9996,557.35
2011-01-09 12:15:19,36407.0458,606.8814
2011-01-09 12:30:19,36704.1504,591.0833
2011-01-09 12:45:19,36299.3295,584.1864
2011-01-09 13:00:19,36692.9241,589.4167
2011-01-09 13:15:19,35782.048,575.0339
2011-01-09 13:30:19,35242.639,564.25
2011-01-09 13:45:19,34344.8604,544.5333
2011-01-09 14:00:19,33280.9762,521.35
2011-01-09 14:15:20,31924.8881,493.6271
2011-01-09 14:30:20,30202.3253,460.0508
2011-01-09 14:45:21,26737.5327,415.5763
2011-01-09 15:00:21,21623.44,373.1
2011-01-09 15:15:20,15897.5056,329.5763
2011-01-09 15:30:20,10136.5007,278.4237
2011-01-09 15:45:20,6721.8608,225.3167
2011-01-09 16:00:20,5498.3354,173.6
2011-01-09 16:15:20,4287.2348,119.8103
2011-01-09 16:30:20,3106.0589,39.2
2011-01-09 16:45:20,1887.6351,23.55
2011-01-09 17:00:20,709.7511,8.5763
2011-01-09 17:15:21,0.0,2.0
2011-01-09 17:30:21,0.0,2.0
2011-01-10 07:30:18,0.0,2.3333
2011-01-10 07:45:19,178.2395,4.0167
2011-01-10 08:00:19,606.4612,13.2
2011-01-10 08:15:19,1271.4292,26.7119
2011-01-10 08:30:19,2018.2789,41.5
2011-01-10 08:45:19,2593.8188,55.0169
2011-01-10 09:00:19,3600.0698,74.9833
2011-01-10 09:15:19,3557.9244,74.9153
2011-01-10 09:30:19,3688.1494,76.2167
2011-01-10 09:45:19,3964.6322,80.7667
2011-01-10 10:00:19,7989.5598,159.5763
2011-01-10 10:15:19,18230.4793,316.8167
2011-01-10 10:30:19,23085.1755,389.8644
2011-01-10 10:45:19,20514.9421,360.1356
2011-01-10 11:00:19,21379.8514,379.5763
2011-01-10 11:15:19,14970.8096,279.2586
2011-01-10 11:30:19,15553.8968,292.9661
2011-01-10 11:45:19,21276.481,388.2373
2011-01-10 12:00:19,35928.2176,617.1525
2011-01-10 12:15:19,32878.2405,569.2333
2011-01-10 12:30:19,23123.1909,395.0167
2011-01-10 12:45:19,17304.1314,299.0339
2011-01-10 13:00:19,13969.1708,264.4237
2011-01-10 13:15:19,18833.436,345.15
2011-01-10 13:30:19,18174.3609,335.0847
2011-01-10 13:45:19,19677.4688,355.3793
2011-01-10 14:00:19,26255.7553,451.4754
2011-01-10 14:15:20,20779.4654,363.4407
2011-01-10 14:30:20,13196.8066,247.3333
2011-01-10 14:45:20,13496.0092,247.8966
2011-01-10 15:15:19,10264.0213,207.9828
2011-01-10 15:30:19,10888.6341,235.8136
2011-01-10 15:45:19,10488.6476,283.6
2011-01-10 16:00:19,8094.1112,223.9492
2011-01-10 16:15:19,5529.1267,151.0333
2011-01-10 16:30:19,4002.7085,52.9833
2011-01-10 16:45:19,1444.0422,27.4167
2011-01-10 17:00:19,681.1836,10.0678
2011-01-10 17:15:20,2.8639,2.2167
2011-01-11 07:30:17,0.0,2.0
2011-01-11 07:45:17,123.1659,3.7541
2011-01-11 08:00:17,495.5353,11.0167
2011-01-11 08:15:17,738.7452,17.2333
2011-01-11 08:30:17,1347.2342,29.9333
2011-01-11 08:45:18,1809.8752,39.9344
2011-01-11 09:00:18,2626.6637,58.75
2011-01-11 09:15:18,3045.4307,68.6271
2011-01-11 09:30:17,3053.5225,69.4918
2011-01-11 09:45:17,3589.099,81.2167
2011-01-11 10:00:17,5619.6068,125.4262
2011-01-11 10:15:17,6357.9391,142.4407
2011-01-11 10:30:17,6338.4278,142.5333
2011-01-11 10:45:18,5928.8132,133.7667
2011-01-11 11:00:18,7610.2252,169.1167
2011-01-11 11:15:19,7196.0752,162.7833
2011-01-11 11:30:18,5922.6698,136.1356
2011-01-11 11:45:19,6147.6454,142.1311
2011-01-11 12:00:19,6142.8206,139.9508
2011-01-11 12:15:19,7496.2405,167.339
2011-01-11 12:30:19,9023.0144,198.65
2011-01-11 12:45:19,8107.9664,182.8983
2011-01-11 13:00:19,6297.2442,145.3607
2011-01-11 13:15:19,6546.7507,148.5424
2011-01-11 13:30:19,6789.8059,155.7167
2011-01-11 13:45:19,6595.586,149.5082
2011-01-11 14:00:19,5456.0941,123.8667
2011-01-11 14:15:19,4367.0067,101.3833
2011-01-11 14:30:19,4520.2329,102.2667
2011-01-11 14:45:19,4911.0436,110.75
2011-01-11 15:00:19,4148.1946,94.1833
2011-01-11 15:15:19,2863.2148,65.6271
2011-01-11 15:30:19,2384.0037,54.1967
2011-01-11 15:45:19,1303.8807,29.85
2011-01-11 16:00:19,969.2444,21.6557
2011-01-11 16:15:19,631.756,13.6271
2011-01-11 16:30:19,385.4559,8.7377
2011-01-11 16:45:19,118.0148,4.2667
2011-01-11 17:00:19,0.0,2.0
2011-01-11 17:15:19,0.0,2.0476
2011-01-12 08:00:18,0.0,2.4286
2011-01-12 08:15:17,0.0,2.1803
2011-01-12 08:30:17,15.9884,6.2
2011-01-12 08:45:17,322.8779,11.7
2011-01-12 09:00:17,398.2522,13.4833
2011-01-12 09:15:17,556.076,20.4915
2011-01-12 09:30:18,663.713,24.4333
2011-01-12 09:45:18,865.9703,31.7541
2011-01-12 10:00:18,1098.7111,35.5085
2011-01-12 10:15:18,1191.8744,38.8833
2011-01-12 10:30:18,1505.2544,49.3833
2011-01-12 10:45:19,1836.6382,64.0667
2011-01-12 11:00:19,1645.676,64.3934
2011-01-12 11:15:19,2351.4521,108.0517
2011-01-12 11:30:19,2882.5253,304.5246
2011-01-12 11:45:19,2903.3643,438.9833
2011-01-12 12:00:19,3264.0744,518.9167
2011-01-12 12:15:19,2613.7042,436.6102
2011-01-12 12:30:19,2781.17,450.8033
2011-01-12 12:45:19,1798.5107,278.0833
2011-01-12 13:00:20,1973.3822,287.0508
2011-01-12 13:15:20,3246.1573,424.9667
2011-01-12 13:30:20,2949.1357,382.3667
2011-01-12 13:45:20,3356.0119,392.1167
2011-01-12 14:00:20,2457.7597,271.85
2011-01-12 14:15:20,2914.1202,302.3729
2011-01-12 14:30:20,4355.4853,392.65
2011-01-12 14:45:20,2830.4152,258.6667
2011-01-12 15:00:19,3136.9704,268.7
2011-01-12 15:15:20,6104.4499,399.9
2011-01-12 15:30:20,5604.4194,341.339
2011-01-12 15:45:20,1889.8024,127.7333
2011-01-12 16:00:20,841.0271,60.7
2011-01-12 16:15:20,752.3157,54.4237
2011-01-12 16:30:20,885.431,46.2
2011-01-12 16:45:21,183.2444,20.4
2011-01-12 17:15:21,0.0,2.2
2011-01-13 07:30:17,10.7973,2.7045
2011-01-13 07:45:17,166.5783,10.65
2011-01-13 08:00:17,718.8453,29.7931
2011-01-13 08:15:18,1586.2426,55.8
2011-01-13 08:30:19,2683.6079,89.0847
2011-01-13 08:45:19,2485.4269,96.2167
2011-01-13 09:00:19,3438.0086,121.1695
2011-01-13 09:15:19,4202.2212,151.6949
2011-01-13 09:30:19,6843.2136,246.2667
2011-01-13 09:45:19,8663.3253,314.85
2011-01-13 10:00:19,8751.0947,312.6949
2011-01-13 10:15:19,10084.3782,370.2542
2011-01-13 10:30:19,12819.6475,440.4333
2011-01-13 10:45:19,15394.5328,469.7966
2011-01-13 11:00:19,19380.5565,507.3167
2011-01-13 11:15:20,23507.606,538.661
2011-01-13 11:30:19,27795.6351,568.85
2011-01-13 11:45:19,31657.4139,589.2833
2011-01-13 12:00:19,35950.0465,612.2833
2011-01-13 12:15:19,37136.2805,620.2333
2011-01-13 12:30:19,37494.9739,623.2667
2011-01-13 12:45:19,37244.4844,615.6333
2011-01-13 13:00:19,37478.108,620.1333
2011-01-13 13:15:19,36986.2883,612.6271
2011-01-13 13:30:19,36303.1642,597.7966
2011-01-13 13:45:19,35748.555,584.5763
2011-01-13 14:00:20,34687.5548,560.6333
2011-01-13 14:15:20,33168.0909,529.2333
2011-01-13 14:30:20,31582.0656,496.2333
2011-01-13 14:45:20,29284.4334,459.0862
2011-01-13 15:00:20,24482.3025,411.8667
2011-01-13 15:15:21,18518.343,364.5085
2011-01-13 15:30:21,12443.736,315.2333
2011-01-13 15:45:21,7365.812,259.7288
2011-01-13 16:00:21,5630.696,203.0
2011-01-13 16:15:21,4454.8605,143.8475
2011-01-13 16:30:21,3326.9893,51.0833
2011-01-13 16:45:21,2247.5748,26.15
2011-01-13 17:00:21,1211.9747,12.9833
2011-01-13 17:15:22,92.3937,2.9667
2011-01-13 17:30:22,0.0,2.0303
2011-01-14 07:30:21,111.5985,2.4717
2011-01-14 07:45:20,712.4263,11.0833
2011-01-14 08:00:21,1396.2938,24.1667
2011-01-14 08:15:22,2831.0404,44.9322
2011-01-14 08:30:23,4263.5326,66.4333
2011-01-14 08:45:23,7178.562,102.5333
2011-01-14 09:00:23,10854.6444,147.35
2011-01-14 09:15:23,14415.4026,190.6949
2011-01-14 09:30:23,17071.3792,236.4576
2011-01-14 09:45:23,19685.13,284.25
2011-01-14 10:00:23,22220.3639,328.1
2011-01-14 10:15:22,24599.3428,386.7119
2011-01-14 10:30:22,26897.1608,419.8
2011-01-14 10:45:22,29519.8539,460.6949
2011-01-14 11:00:22,31908.9932,506.4167
2011-01-14 11:15:23,31080.1357,513.8983
2011-01-14 11:30:23,27510.89,466.5902
2011-01-14 11:45:23,31271.1875,526.5667
2011-01-14 12:00:23,25708.768,448.85
2011-01-14 12:15:23,34088.8277,581.0847
2011-01-14 12:30:23,36443.525,607.8305
2011-01-14 12:45:23,38194.4371,638.5082
2011-01-14 13:00:23,37219.3858,621.2667
2011-01-14 13:15:22,35730.3146,598.4167
2011-01-14 13:30:22,33664.6343,564.2667
2011-01-14 13:45:22,35075.4226,575.9333
2011-01-14 14:00:22,34161.7589,557.6833
2011-01-14 14:15:23,33264.9694,541.4333
2011-01-14 14:30:23,26280.3253,421.6102
2011-01-14 14:45:24,24639.1552,385.6102
2011-01-14 15:00:23,8593.0435,172.0
2011-01-14 15:15:23,12293.6272,242.6271
2011-01-14 15:30:24,12497.9118,267.0
2011-01-14 15:45:24,8092.4175,236.6667
2011-01-14 16:15:24,4688.1789,130.5932
2011-01-14 16:30:24,2501.018,51.6
2011-01-14 16:45:25,1785.8749,27.4754
2011-01-14 17:00:25,868.2759,13.45
2011-01-14 17:15:25,59.1212,2.7458
2011-01-14 17:30:25,0.0,2.0435
2011-01-15 07:30:22,12.2888,2.0435
2011-01-15 07:45:22,717.5682,11.2131
2011-01-15 08:00:22,1356.8247,23.339
2011-01-15 08:15:23,2262.4256,38.2542
2011-01-15 08:30:23,4991.1425,81.2833
2011-01-15 08:45:23,7757.1423,114.4915
2011-01-15 09:00:23,8642.1841,127.25
2011-01-15 09:15:23,16118.8835,222.322
2011-01-15 09:30:23,11771.6618,184.0
2011-01-15 09:45:23,21374.1337,312.931
2011-01-15 10:00:24,13283.5112,227.8305
2011-01-15 10:15:24,21863.5339,354.4333
2011-01-15 10:30:23,27577.0785,445.5593
2011-01-15 10:45:23,28113.4105,452.8136
2011-01-15 11:00:24,29435.9553,490.2833
2011-01-15 11:15:24,30276.7566,509.8276
2011-01-15 11:30:25,32284.4475,558.3
2011-01-15 11:45:25,21030.8842,404.7667
2011-01-15 12:15:25,15612.6286,316.069
2011-01-15 12:30:25,16501.7481,326.0833
2011-01-15 12:45:25,30023.1598,525.0167
2011-01-15 13:00:26,21791.503,405.7627
2011-01-15 13:15:27,15231.9767,293.2759
2011-01-15 13:30:27,12090.0514,246.6271
2011-01-15 13:45:27,7246.9364,164.45
2011-01-15 14:00:27,7403.786,165.3607
2011-01-15 14:15:27,5739.2433,130.1695
2011-01-15 14:30:28,6286.1366,139.2667
2011-01-15 14:45:29,7826.5172,163.5833
2011-01-15 15:00:29,7403.8452,157.6102
2011-01-15 15:15:29,5962.4562,129.9016
2011-01-15 15:30:29,4638.6269,101.7966
2011-01-15 15:45:29,3026.9804,64.4
2011-01-15 16:00:29,2701.8418,55.8525
2011-01-15 16:15:29,2247.0787,46.661
2011-01-15 16:30:29,1307.2576,27.1333
2011-01-15 16:45:28,697.8939,13.0833
2011-01-15 17:00:29,90.6529,3.2131
2011-01-15 17:15:30,0.0,2.0
2011-01-16 07:30:26,0.9784,2.0
2011-01-16 07:45:27,228.7194,4.4
2011-01-16 08:00:27,699.0917,15.15
2011-01-16 08:15:27,1339.4881,29.2667
2011-01-16 08:30:27,2489.8215,54.0333
2011-01-16 08:45:27,3678.5902,76.7167
2011-01-16 09:00:27,3876.1892,76.8852
2011-01-16 09:15:28,3647.0937,70.4237
2011-01-16 09:30:28,5372.2312,101.2712
2011-01-16 09:45:29,6306.1539,121.4
2011-01-16 10:00:29,9693.2243,177.1333
2011-01-16 10:15:29,9982.9602,180.1186
2011-01-16 10:30:29,9499.569,175.8667
2011-01-16 10:45:29,13109.6179,234.9661
2011-01-16 11:00:29,21433.2266,359.661
2011-01-16 11:15:28,30636.9232,496.5893
2011-01-16 11:30:28,35052.4725,573.6885
2011-01-16 11:45:29,35032.901,579.5167
2011-01-16 12:00:29,33880.6447,572.0333
2011-01-16 12:15:30,32479.4281,553.8305
2011-01-16 12:30:30,33802.2133,572.3167
2011-01-16 12:45:30,32344.8799,552.95
2011-01-16 13:00:30,32645.6786,552.9333
2011-01-16 13:15:30,32438.3029,553.4237
2011-01-16 13:30:30,32593.6385,552.7833
2011-01-16 13:45:31,31911.0251,533.1
2011-01-16 14:00:31,30930.4912,515.4746
2011-01-16 14:15:31,27710.5939,459.9492
2011-01-16 14:30:31,17041.7423,295.2333
2011-01-16 14:45:31,14051.2537,253.6441
2011-01-16 15:00:31,14288.0416,258.2
2011-01-16 15:15:31,11564.3911,218.6207
2011-01-16 15:30:31,10535.1607,209.1833
2011-01-16 15:45:31,9104.4145,208.0
2011-01-16 16:00:31,6701.3391,172.3443
2011-01-16 16:15:31,4768.2058,114.3793
2011-01-16 16:30:31,3252.5571,62.8167
2011-01-16 16:45:31,2452.5387,38.7541
2011-01-16 17:00:31,1476.557,19.1356
2011-01-16 17:15:31,142.7363,3.1724
2011-01-16 17:30:31,0.0,2.0
2011-01-17 07:45:30,0.0,2.0
2011-01-17 08:00:30,65.1748,3.0517
2011-01-17 08:15:29,367.4675,8.2241
2011-01-17 08:30:30,559.4017,13.1379
2011-01-17 08:45:30,897.53,21.661
2011-01-17 09:00:30,1157.306,26.7
2011-01-17 09:15:31,1444.1882,32.8983
2011-01-17 09:30:31,1750.2742,39.9167
2011-01-17 09:45:31,2024.707,46.5738
2011-01-17 10:00:31,2435.8044,55.5424
2011-01-17 10:15:31,3085.2437,70.5345
2011-01-17 10:30:31,3680.6951,84.2787
2011-01-17 10:45:31,4072.0668,93.7288
2011-01-17 11:00:32,4131.7826,94.65
2011-01-17 11:15:31,4210.1233,97.0
2011-01-17 11:30:31,4673.6375,106.8333
2011-01-17 11:45:31,5529.5397,127.2667
2011-01-17 12:00:31,5178.6024,119.3
2011-01-17 12:15:33,5444.0547,125.2373
2011-01-17 12:30:33,5493.2905,126.1833
2011-01-17 12:45:33,4794.9891,111.5667
2011-01-17 13:00:33,4309.7991,101.3333
2011-01-17 13:15:33,3604.3538,84.4746
2011-01-17 13:30:33,4089.8564,94.4833
2011-01-17 13:45:33,4502.663,104.1667
2011-01-17 14:00:33,7137.2526,159.2333
2011-01-17 14:15:33,7274.284,161.3051
2011-01-17 14:30:33,5075.6275,115.2833
2011-01-17 14:45:33,4665.345,107.3667
2011-01-17 15:00:33,2587.3124,60.7167
2011-01-17 15:15:33,2741.9384,63.1695
2011-01-17 15:30:33,2566.3822,58.322
2011-01-17 15:45:33,2341.8441,52.9508
2011-01-17 16:00:33,1513.9352,34.2667
2011-01-17 16:15:33,1060.0056,23.7458
2011-01-17 16:30:33,830.7633,17.5167
2011-01-17 16:45:33,672.5674,13.2459
2011-01-17 17:00:33,136.712,3.7667
2011-01-17 17:15:32,0.0,1.9138
2011-01-17 17:30:32,0.0,1.9474
2011-01-18 08:15:31,0.0,1.9583
2011-01-18 08:30:31,0.4918,4.9333
2011-01-18 08:45:31,139.7193,9.8667
2011-01-18 09:00:31,715.7806,31.95
2011-01-18 09:15:31,1351.0908,56.7719
2011-01-18 09:30:31,1652.1156,70.0833
2011-01-18 09:45:32,2140.2947,91.4667
2011-01-18 10:00:32,2439.7974,102.1667
2011-01-18 10:15:33,3408.558,135.9153
2011-01-18 10:30:33,4031.7463,157.2
2011-01-18 10:45:33,5830.4701,214.4833
2011-01-18 11:00:33,6495.2756,230.7667
2011-01-18 11:15:32,4802.482,172.9492
2011-01-18 11:30:32,7086.5755,237.8167
2011-01-18 11:45:32,7503.9531,248.9667
2011-01-18 12:00:32,5660.8006,196.05
2011-01-18 12:15:33,5303.46,182.5345
2011-01-18 12:30:33,4760.5161,161.8833
2011-01-18 12:45:33,6577.6759,210.1167
2011-01-18 13:00:33,9715.94,267.5333
2011-01-18 13:15:33,9047.7396,233.7797
2011-01-18 13:30:34,9673.1776,232.9661
2011-01-18 13:45:34,7885.5622,183.1667
2011-01-18 14:00:34,8479.2901,188.7627
2011-01-18 14:15:33,6371.3223,141.8305
2011-01-18 14:30:33,9177.695,190.6552
2011-01-18 14:45:33,5157.4154,114.0333
2011-01-18 15:00:33,5494.2054,121.7833
2011-01-18 15:15:34,6143.0796,135.1525
2011-01-18 15:30:35,6158.749,133.5593
2011-01-18 15:45:35,3134.3921,70.6833
2011-01-18 16:00:35,3474.6454,74.9016
2011-01-18 16:15:35,2714.8831,56.8276
2011-01-18 16:30:35,2976.5863,56.8333
2011-01-18 16:45:35,2013.5727,36.3833
2011-01-18 17:00:35,1179.9571,19.8361
2011-01-18 17:15:34,183.7282,3.6441
2011-01-18 17:30:34,0.0,2.0
2011-01-19 07:30:33,0.0,1.9688
2011-01-19 07:45:33,16.612,2.541
2011-01-19 08:00:33,307.4343,8.1017
2011-01-19 08:15:34,1218.2187,26.4068
2011-01-19 08:30:33,1893.5672,40.3167
2011-01-19 08:45:33,2900.9868,61.0667
2011-01-19 09:00:33,4825.5638,99.3
2011-01-19 09:15:33,5778.756,125.2373
2011-01-19 09:30:33,14419.6443,231.3729
2011-01-19 09:45:33,10452.8211,189.6557
2011-01-19 10:00:33,10745.6031,211.8305
2011-01-19 10:15:35,16039.9355,289.2881
2011-01-19 10:30:35,18224.1328,330.5254
2011-01-19 10:45:35,14111.9143,277.2333
2011-01-19 11:15:35,17594.4261,338.3667
2011-01-19 11:30:35,14922.2528,301.8793
2011-01-19 11:45:35,18339.2413,357.4407
2011-01-19 12:00:35,17895.5384,353.0847
2011-01-19 12:15:35,13890.3308,289.9667
2011-01-19 12:30:35,15292.8155,313.2542
2011-01-19 12:45:35,33848.6553,605.35
2011-01-19 13:00:36,38547.4424,677.4167
2011-01-19 13:15:37,39901.9408,709.1833
2011-01-19 13:30:37,38339.7638,691.0
2011-01-19 13:45:38,36326.6806,646.3
2011-01-19 14:00:38,17931.4342,346.8644
2011-01-19 14:15:37,16028.7564,311.4167
2011-01-19 14:30:37,10878.0384,223.7458
2011-01-19 14:45:37,9414.5337,197.3667
2011-01-19 15:00:37,7600.2217,161.45
2011-01-19 15:15:37,7601.6477,157.9167
2011-01-19 15:30:37,9097.3444,178.1186
2011-01-19 15:45:37,6296.6448,127.5333
2011-01-19 16:00:37,4198.9253,89.1333
2011-01-19 16:15:38,2598.3354,56.4237
2011-01-19 16:30:38,1873.1297,38.5833
2011-01-19 16:45:38,2247.4616,33.9667
2011-01-19 17:00:38,1564.7246,19.4746
2011-01-19 17:15:37,265.3756,4.5
2011-01-19 17:30:37,0.0,1.9808
2011-01-20 07:15:36,0.0,2.0
2011-01-20 07:30:36,161.8172,2.8167
2011-01-20 07:45:36,853.0447,14.2333
2011-01-20 08:15:37,1952.3593,39.3559
2011-01-20 08:30:37,2953.9239,61.3898
2011-01-20 08:45:37,3855.5927,76.4833
2011-01-20 09:00:37,4745.6728,96.1639
2011-01-20 09:15:36,6893.0685,130.9322
2011-01-20 09:30:36,7243.1541,143.1356
2011-01-20 09:45:36,8408.5285,172.4426
2011-01-20 10:00:36,11996.214,233.3667
2011-01-20 10:15:36,11248.3223,225.2373
2011-01-20 10:30:36,12710.941,250.678
2011-01-20 10:45:36,11390.9907,235.2333
2011-01-20 11:00:36,18170.4546,347.7458
2011-01-20 11:15:37,21097.7356,394.2712
2011-01-20 11:30:37,21012.451,397.7333
2011-01-20 11:45:37,24575.9164,446.0833
2011-01-20 12:00:37,29132.5981,522.25
2011-01-20 12:15:36,32320.2947,571.2373
2011-01-20 12:30:36,28646.1306,525.4068
2011-01-20 12:45:37,33016.8011,595.9833
2011-01-20 13:00:38,37623.6244,676.2459
2011-01-20 13:15:38,36944.0349,669.4483
2011-01-20 13:30:38,31610.3781,567.3833
2011-01-20 13:45:38,22063.0897,404.1724
2011-01-20 14:15:39,10391.1735,209.4746
2011-01-20 14:30:39,14311.8466,267.9167
2011-01-20 14:45:39,8815.6714,181.5424
2011-01-20 15:00:39,7799.2835,162.95
2011-01-20 15:15:39,6620.2142,138.3559
2011-01-20 15:30:40,6171.5321,128.0656
2011-01-20 15:45:40,5330.112,110.7833
2011-01-20 16:00:40,3944.8596,79.8667
2011-01-20 16:15:39,3331.4706,65.3729
2011-01-20 16:30:39,2217.7783,44.2833
2011-01-20 16:45:39,1062.7527,20.8525
2011-01-20 17:00:39,549.3522,9.6167
2011-01-20 17:15:40,0.0,1.9661
2011-01-21 07:30:38,0.0,2.0
2011-01-21 07:45:38,185.5178,5.7833
2011-01-21 08:00:38,711.9571,21.0833
2011-01-21 08:15:38,1572.8697,39.3393
2011-01-21 08:30:37,2699.1357,60.4833
2011-01-21 08:45:37,3945.1452,85.569
2011-01-21 09:00:37,5635.7924,116.1864
2011-01-21 09:15:37,7380.5377,154.3966
2011-01-21 09:30:37,9233.8834,186.1333
2011-01-21 09:45:37,9927.3527,191.5167
2011-01-21 10:00:37,12409.3905,231.1186
2011-01-21 10:15:37,18292.5298,328.3729
2011-01-21 10:30:37,19565.2987,307.2667
2011-01-21 10:45:37,19051.3964,294.7167
2011-01-21 11:00:37,31445.4481,503.1
2011-01-21 11:15:37,33066.2243,532.7667
2011-01-21 11:30:38,27506.9904,450.1186
2011-01-21 11:45:38,14970.1206,269.2034
2011-01-21 12:00:39,17632.1377,319.1333
2011-01-21 12:15:39,17536.1534,313.6949
2011-01-21 12:30:39,41237.8604,668.7
2011-01-21 12:45:39,39873.9632,654.9661
2011-01-21 13:00:39,40060.3885,654.9153
2011-01-21 13:15:39,39449.5458,640.95
2011-01-21 13:30:39,39210.6157,633.4915
2011-01-21 13:45:39,38361.1256,616.3167
2011-01-21 14:00:39,37051.2817,590.6
2011-01-21 14:15:40,35448.7191,555.9
2011-01-21 14:30:40,33461.7866,514.2712
2011-01-21 14:45:40,31415.614,473.0333
2011-01-21 15:00:40,29041.9681,434.8305
2011-01-21 15:15:39,25024.2418,400.1356
2011-01-21 15:30:39,18427.582,340.9322
2011-01-21 15:45:39,12280.3441,296.7966
2011-01-21 16:00:39,6817.9038,230.5246
2011-01-21 16:15:40,4852.9698,159.1356
2011-01-21 16:30:40,3275.2793,77.7119
2011-01-21 16:45:40,3429.5191,44.3
2011-01-21 17:15:42,548.0841,6.7966
2011-01-21 17:30:42,1.1727,2.0
2011-01-22 07:30:42,6.9276,3.1864
2011-01-22 07:45:42,541.1911,10.5333
2011-01-22 08:00:42,1169.1552,23.55
2011-01-22 08:15:44,1968.8504,39.8475
2011-01-22 08:30:44,2960.4878,60.9833
2011-01-22 08:45:44,3710.2892,77.0667
2011-01-22 09:00:45,4597.0049,94.7833
2011-01-22 09:15:45,5611.7284,115.7288
2011-01-22 09:30:45,5600.0007,118.7966
2011-01-22 09:45:45,6666.8832,138.7167
2011-01-22 10:00:45,7569.4696,158.3
2011-01-22 10:15:46,7919.0923,163.9833
2011-01-22 10:30:46,9965.0292,200.1017
2011-01-22 10:45:46,11328.1316,227.5085
2011-01-22 11:00:46,11974.4369,237.3833
2011-01-22 11:15:46,17319.1013,322.3898
2011-01-22 11:30:46,17528.3469,327.0339
2011-01-22 11:45:46,14887.6719,290.0167
2011-01-22 12:00:46,15449.3912,299.1695
2011-01-22 12:15:46,15863.9663,305.9492
2011-01-22 12:30:46,14355.6074,282.3103
2011-01-22 12:45:46,14601.4148,288.5085
2011-01-22 13:00:46,15893.0215,306.5424
2011-01-22 13:15:46,18752.2822,347.8
2011-01-22 13:30:46,16060.7417,302.569
2011-01-22 13:45:46,16801.1938,314.7167
2011-01-22 14:00:47,19541.7684,351.7966
2011-01-22 14:15:48,23853.8876,409.4667
2011-01-22 14:30:48,23855.5097,402.678
2011-01-22 14:45:48,24294.6683,400.3167
2011-01-22 15:00:48,24467.6514,396.6102
2011-01-22 15:15:47,22374.5276,375.2167
2011-01-22 15:30:47,19577.5034,367.8644
2011-01-22 15:45:47,11481.0016,279.9831
2011-01-22 16:00:47,7114.143,254.65
2011-01-22 16:15:47,5127.7994,192.45
2011-01-22 16:30:47,4145.6152,111.678
2011-01-22 16:45:47,3120.6488,35.0164
2011-01-22 17:00:46,2015.4964,22.3833
2011-01-22 17:15:47,771.6299,8.3898
2011-01-22 17:30:47,2.8464,2.0169
2011-01-22 17:45:47,0.0,2.0
2011-01-23 07:15:17,0.0,2.2857
2011-01-23 07:30:17,104.2755,3.377
2011-01-23 07:45:16,863.5922,15.4
2011-01-23 08:00:16,1746.8346,32.7167
2011-01-23 08:15:16,2529.9212,50.322
2011-01-23 08:30:16,3704.465,73.2951
2011-01-23 08:45:16,3427.8739,70.4667
2011-01-23 09:00:17,11449.9496,158.6667
2011-01-23 09:15:17,15512.3616,204.322
2011-01-23 09:30:17,18919.186,258.5424
2011-01-23 09:45:17,22640.0845,320.6885
2011-01-23 10:00:18,26983.8672,395.2034
2011-01-23 10:15:17,33281.0623,491.2881
2011-01-23 10:30:17,25330.4627,413.0667
2011-01-23 10:45:17,21206.225,357.55
2011-01-23 11:00:17,24511.6075,416.0833
2011-01-23 11:15:18,28634.0968,483.4333
2011-01-23 11:30:18,29976.8742,502.5085
2011-01-23 11:45:18,24031.3235,401.7
2011-01-23 12:00:19,22145.4881,370.5
2011-01-23 12:15:19,27739.691,462.7797
2011-01-23 12:30:19,38045.1212,620.1333
2011-01-23 12:45:19,31669.9686,531.8167
2011-01-23 13:00:19,30667.438,523.5
2011-01-23 13:15:19,26367.5673,444.0833
2011-01-23 13:30:19,28843.0792,476.7667
2011-01-23 13:45:18,27798.4702,462.1667
2011-01-23 14:00:18,32999.3096,529.7458
2011-01-23 14:15:18,30128.3543,485.7288
2011-01-23 14:30:18,34586.0824,539.9
2011-01-23 14:45:19,32374.2214,499.6441
2011-01-23 15:00:19,29904.3063,450.9667
2011-01-23 15:15:19,25797.3087,402.5254
2011-01-23 15:30:19,19788.3325,352.35
2011-01-23 15:45:19,13116.1441,299.7167
2011-01-23 16:00:19,6860.3519,240.8361
2011-01-23 16:15:19,5019.6286,186.2034
2011-01-23 16:30:19,4309.3896,117.7833
2011-01-23 16:45:18,3262.8063,39.3793
2011-01-23 17:15:18,907.8024,10.2333
2011-01-23 17:30:19,22.1192,2.1333
2011-01-23 17:45:20,0.0,2.0
2011-01-24 07:15:19,0.0,3.0
2011-01-24 07:30:19,181.5369,4.7377
2011-01-24 07:45:18,761.7018,15.4667
2011-01-24 08:00:18,2000.9816,35.8167
2011-01-24 08:15:18,3796.7147,58.9655
2011-01-24 08:30:18,6045.6583,83.3
2011-01-24 08:45:18,8946.8869,112.7167
2011-01-24 09:00:18,12308.9729,152.85
2011-01-24 09:15:18,15481.3095,202.2373
2011-01-24 09:30:18,18511.5673,252.5667
2011-01-24 09:45:19,21528.873,300.6167
2011-01-24 10:00:19,23781.6603,341.2
2011-01-24 10:15:19,26243.8228,387.1864
2011-01-24 10:30:19,28270.586,429.1017
2011-01-24 10:45:17,30530.4049,473.6
2011-01-24 11:00:17,27979.999,462.15
2011-01-24 11:15:18,17646.9176,322.2373
2011-01-24 11:30:18,34071.8807,576.0333
2011-01-24 11:45:19,21614.5651,389.0833
2011-01-24 12:00:19,18620.4857,337.2333
2011-01-24 12:15:19,17719.3702,323.3833
2011-01-24 12:30:19,27674.1043,473.0333
2011-01-24 12:45:19,33595.0219,569.1017
2011-01-24 13:00:19,32271.7539,550.3934
2011-01-24 13:15:19,20948.1016,372.431
2011-01-24 13:30:20,16750.0808,310.2034
2011-01-24 13:45:19,22147.8024,391.2951
2011-01-24 14:00:19,25815.9089,446.4915
2011-01-24 14:15:20,30252.7574,502.0167
2011-01-24 14:30:20,29959.6482,488.0339
2011-01-24 14:45:21,28453.3455,456.9831
2011-01-24 15:15:21,23442.6772,374.2881
2011-01-24 15:30:22,14748.835,258.8361
2011-01-24 15:45:22,7106.3851,146.3898
2011-01-24 16:00:22,5703.6156,111.5167
2011-01-24 16:15:22,4880.7646,103.2203
2011-01-24 16:30:22,4343.4628,82.2667
2011-01-24 16:45:21,2995.8573,47.45
2011-01-24 17:00:21,1582.3859,23.9016
2011-01-24 17:15:21,505.563,9.2833
2011-01-24 17:30:21,2.0498,2.0
2011-01-24 17:45:22,0.0,2.0
2011-01-25 07:15:19,0.0,2.0
2011-01-25 07:30:19,23.2079,2.5738
2011-01-25 07:45:17,607.9657,12.45
2011-01-25 08:00:17,1699.0073,32.1
2011-01-25 08:15:17,786.5137,16.1667
2011-01-25 08:30:17,966.3534,20.7333
2011-01-25 08:45:17,1834.1505,40.5167
2011-01-25 09:00:17,1263.4181,27.3833
2011-01-25 09:15:17,3504.7224,77.5763
2011-01-25 09:30:18,6804.5089,146.541
2011-01-25 09:45:19,9669.9701,191.6102
2011-01-25 10:00:19,11058.2982,228.0
2011-01-25 10:15:19,14229.5053,271.7458
2011-01-25 10:30:20,12650.2308,259.4333
2011-01-25 10:45:19,13455.0207,267.05
2011-01-25 11:00:19,8382.2308,181.65
2011-01-25 11:15:19,6236.2316,142.0167
2011-01-25 11:30:19,8665.6578,191.6
2011-01-25 11:45:19,8530.6385,187.3
2011-01-25 12:00:19,10458.9456,228.75
2011-01-25 12:15:19,10735.0629,230.5424
2011-01-25 12:30:19,12884.2146,266.9492
2011-01-25 12:45:20,18489.1821,357.15
2011-01-25 13:00:20,19837.2134,377.0833
2011-01-25 13:15:20,19443.081,370.1695
2011-01-25 13:30:21,27440.6556,491.1667
2011-01-25 13:45:20,31259.9131,548.7333
2011-01-25 14:00:20,29202.0821,509.0508
2011-01-25 14:15:21,28523.8658,487.2373
2011-01-25 14:30:21,16856.5732,308.9833
2011-01-25 14:45:22,12758.419,239.7869
2011-01-25 15:00:22,7903.2529,162.55
2011-01-25 15:15:22,10242.702,192.7797
2011-01-25 15:30:22,8829.0706,172.2
2011-01-25 15:45:22,7394.2794,146.7377
2011-01-25 16:15:22,3209.7837,66.6949
2011-01-25 16:30:22,2350.0797,48.3443
2011-01-25 16:45:21,2123.9025,41.5763
2011-01-25 17:00:21,1219.0681,22.7377
2011-01-25 17:15:21,440.1873,7.5
2011-01-25 17:30:21,0.0,2.0
2011-01-26 08:45:18,0.0,2.1833
2011-01-26 09:00:19,0.0,2.4167
2011-01-26 09:15:19,0.0,4.55
2011-01-26 09:30:19,8.3024,9.7541
2011-01-26 09:45:19,149.7489,16.1833
2011-01-26 10:00:18,352.8616,24.7414
2011-01-26 10:15:18,186.4504,18.3051
2011-01-26 10:30:19,173.5821,18.6833
2011-01-26 10:45:19,117.4453,18.1
2011-01-26 11:00:19,253.891,24.5
2011-01-26 11:15:19,215.8687,26.2373
2011-01-26 11:30:19,138.7439,41.0667
2011-01-26 11:45:19,249.1882,83.7667
2011-01-26 12:00:19,295.6715,95.95
2011-01-26 12:15:19,255.7482,86.3559
2011-01-26 12:30:19,355.9701,100.0833
2011-01-26 12:45:19,394.4633,104.5333
2011-01-26 13:15:20,114.1692,60.0678
2011-01-26 13:30:20,145.0457,62.5667
2011-01-26 13:45:20,45.0622,48.7833
2011-01-26 14:15:20,127.4841,56.4746
2011-01-26 14:30:20,166.236,58.0164
2011-01-26 14:45:21,74.5725,47.5
2011-01-26 15:00:22,138.5629,53.35
2011-01-26 15:15:22,149.9941,49.1695
2011-01-26 15:30:23,91.3184,40.8852
2011-01-26 15:45:22,0.0,14.2333
2011-01-26 16:00:22,0.0,4.8085
2011-01-28 08:00:03,0.0,46.38
2011-01-28 08:15:03,0.0,58.6167
2011-01-28 08:30:04,0.0,92.8525
2011-01-28 08:45:04,0.0,86.918
2011-01-28 09:00:04,0.0,55.8475
2011-01-28 09:15:04,0.0,56.2951
2011-01-28 09:30:04,0.0,74.8167
2011-01-28 09:45:04,0.0,89.2131
2011-01-28 10:15:04,0.0,99.15
2011-01-28 10:30:04,0.0,126.6393
2011-01-28 10:45:04,0.0,110.2
2011-01-28 11:00:04,0.0,121.2459
2011-01-28 11:15:05,0.0,142.339
2011-01-28 11:30:05,0.0,139.3607
2011-01-28 11:45:06,0.0,132.7
2011-01-28 12:00:06,0.0,151.4262
2011-01-28 12:15:06,21.037,211.9833
2011-01-28 12:30:06,1.4433,175.9
2011-01-28 12:45:05,0.0,116.3443
2011-01-28 13:15:05,0.0,134.8983
2011-01-28 13:30:05,0.0,99.3279
2011-01-28 13:45:05,0.0,115.95
2011-01-28 14:00:05,0.0,85.0328
2011-01-28 14:15:05,0.0,98.1525
2011-01-28 14:30:05,0.0,117.3667
2011-01-28 14:45:06,0.0,127.2787
2011-01-28 15:00:07,20.6653,188.2167
2011-01-28 15:15:07,222.4937,301.7627
2011-01-28 15:30:07,95.028,227.541
2011-01-28 15:45:06,3.325,106.3
2011-01-28 16:00:06,0.0,66.5246
2011-01-28 16:15:06,0.0,52.5085
2011-01-28 16:30:06,0.0,58.6333
2011-01-28 16:45:06,0.0,42.5116
2011-01-29 08:00:02,0.0,56.4889
2011-01-29 08:15:02,0.0,75.2632
2011-01-29 08:30:02,0.0,75.2623
2011-01-29 08:45:02,0.0,73.7
2011-01-29 09:00:02,0.0,60.7667
2011-01-29 09:15:02,0.0,60.85
2011-01-29 09:30:02,0.0,76.377
2011-01-29 09:45:02,0.0,120.8361
2011-01-29 10:00:02,0.0,110.2203
2011-01-29 10:15:02,0.0,129.7833
2011-01-29 10:30:02,0.498,157.5902
2011-01-29 10:45:03,1.1358,149.0167
2011-01-29 11:00:03,0.0,145.7833
2011-01-29 11:15:03,10.4831,178.0167
2011-01-29 11:30:03,0.0,155.4167
2011-01-29 11:45:04,13.3065,184.5738
2011-01-29 12:00:05,23.2904,194.75
2011-01-29 12:15:05,4.1642,155.3898
2011-01-29 12:30:05,16.5225,175.7869
2011-01-29 12:45:04,89.51,232.95
2011-01-29 13:00:04,82.7355,225.1333
2011-01-29 13:15:04,96.6823,241.0339
2011-01-29 13:30:04,15.4117,171.1311
2011-01-29 13:45:04,0.0,123.0656
2011-01-29 14:15:04,0.0,91.5932
2011-01-29 14:30:04,193.1046,250.1148
2011-01-29 14:45:05,101.2533,228.9333
2011-01-29 15:15:05,0.0,75.1186
2011-01-29 15:30:06,0.0,45.7966
2011-01-29 15:45:05,0.0,51.35
2011-01-29 16:15:04,0.0,37.0
2011-01-30 08:30:02,0.0,62.3793
2011-01-30 08:45:02,0.0,80.4915
2011-01-30 09:15:03,16.6896,167.3051
2011-01-30 09:30:03,143.3665,233.0
2011-01-30 09:45:03,73.7988,207.2542
2011-01-30 10:00:03,222.6267,272.5254
2011-01-30 10:15:03,299.4649,320.2982
2011-01-30 10:30:03,262.3422,292.8167
2011-01-30 10:45:03,493.4478,433.5
2011-01-30 11:15:03,491.7881,393.5345
2011-01-30 11:30:03,435.8511,353.4237
2011-01-30 11:45:03,602.8194,452.7288
2011-01-30 12:00:03,713.5535,528.6271
2011-01-30 12:15:03,680.7177,496.0172
2011-01-30 12:30:03,550.8989,412.8814
2011-01-30 12:45:04,550.4961,404.25
2011-01-30 13:00:04,736.9119,502.7241
2011-01-30 13:15:04,844.6842,543.0
2011-01-30 13:30:04,857.4017,508.9492
2011-01-30 13:45:04,633.6695,390.7627
2011-01-30 14:15:04,384.3456,263.8621
2011-01-30 14:30:05,372.5978,257.5763
2011-01-30 14:45:06,217.6851,199.2881
2011-01-30 15:00:07,133.5825,169.0678
2011-01-30 15:15:06,216.5307,187.2712
2011-01-30 15:30:07,418.3057,246.1695
2011-01-30 15:45:06,233.5897,183.322
2011-01-30 16:00:06,249.4092,180.7193
2011-01-30 16:15:06,249.8228,164.0172
2011-01-30 16:30:06,141.7235,125.6724
2011-01-30 16:45:06,23.974,74.6
2011-01-30 17:00:06,0.0,46.7627
2011-01-30 17:15:06,0.0,23.4082
2011-01-31 08:00:05,0.0,37.15
2011-01-31 08:15:05,21.0379,59.5593
2011-01-31 08:30:06,110.4672,98.5085
2011-01-31 08:45:07,269.8554,139.8167
2011-01-31 09:00:06,409.8107,187.661
2011-01-31 09:15:06,531.4581,237.5085
2011-01-31 09:30:06,605.2847,284.5593
2011-01-31 09:45:05,737.4051,318.9831
2011-01-31 10:00:06,927.648,388.6949
2011-01-31 10:15:06,904.3986,389.0339
2011-01-31 10:30:06,981.1833,429.5763
2011-01-31 10:45:07,1184.8673,500.65
2011-01-31 11:00:07,925.3822,398.8
2011-01-31 11:15:07,638.6495,294.5517
2011-01-31 11:30:07,438.2407,243.6949
2011-01-31 11:45:07,356.2286,213.6333
2011-01-31 12:00:07,275.6682,185.1017
2011-01-31 12:15:07,274.8115,190.2759
2011-01-31 12:30:07,251.7718,180.5
2011-01-31 12:45:09,270.8568,184.25
2011-01-31 13:00:09,121.0224,145.0
2011-01-31 13:15:09,27.2553,112.0517
2011-01-31 13:30:09,9.3627,98.4068
2011-01-31 13:45:08,13.0327,98.1
2011-01-31 14:00:08,6.4339,90.3667
2011-01-31 14:15:08,1.8161,82.2881
2011-01-31 14:30:08,0.0,69.4237
2011-01-31 14:45:08,0.0,73.0492
2011-01-31 15:00:08,1.9186,84.5345
2011-01-31 15:15:08,0.0,75.9492
2011-01-31 15:30:08,0.0,65.3833
2011-01-31 15:45:10,0.0,50.9492
2011-01-31 16:00:10,0.0,44.85
2011-01-31 16:15:10,0.0,36.8667
2011-01-31 16:30:10,0.0,27.0
2011-01-31 16:45:09,0.0,25.2333
2011-01-31 17:00:09,0.0,17.8966
2011-02-01 08:45:10,0.0,33.5246
2011-02-01 09:15:10,0.0,51.3333
2011-02-01 09:30:10,0.0,66.3167
2011-02-01 09:45:09,0.0,58.8525
2011-02-01 10:00:09,0.0,77.2667
2011-02-01 10:15:09,0.0,70.7049
2011-02-01 10:30:09,2.7822,89.9508
2011-02-01 10:45:10,16.4578,100.3167
2011-02-01 11:15:10,70.393,129.5333
2011-02-01 11:30:10,14.6344,107.0333
2011-02-01 11:45:10,61.1011,122.2333
2011-02-01 12:00:10,91.6766,133.9016
2011-02-01 12:15:10,243.4102,177.2
2011-02-01 12:30:10,173.428,161.0667
2011-02-01 12:45:10,338.938,208.1833
2011-02-01 13:00:11,337.9225,218.1333
2011-02-01 13:15:11,416.9764,236.2667
2011-02-01 13:30:11,474.8744,263.7627
2011-02-01 13:45:10,396.1129,228.2333
2011-02-01 14:00:10,450.065,249.5902
2011-02-01 14:15:10,365.445,214.661
2011-02-01 14:30:10,172.9309,153.3607
2011-02-01 14:45:11,97.7059,126.8667
2011-02-01 15:00:11,88.5966,124.1639
2011-02-01 15:15:12,7.3385,91.0833
2011-02-01 15:30:12,14.1432,92.1356
2011-02-01 15:45:13,0.0,58.1333
2011-02-01 16:00:13,0.0,41.5667
2011-02-01 16:15:13,0.0,37.2459
2011-02-01 16:30:13,0.0,27.3167
2011-02-01 16:45:12,0.0,19.3023
2011-02-02 08:15:10,0.0,17.4412
2011-02-02 08:30:10,0.0,45.5902
2011-02-02 08:45:11,0.0,49.6557
2011-02-02 09:00:11,59.4327,86.5667
2011-02-02 09:15:11,217.8358,112.5167
2011-02-02 09:30:11,330.4834,140.0508
2011-02-02 09:45:10,463.6907,174.9333
2011-02-02 10:00:10,527.8172,199.1667
2011-02-02 10:15:10,602.4089,220.9833
2011-02-02 10:30:10,606.225,219.8
2011-02-02 10:45:11,575.1022,209.0656
2011-02-02 11:00:11,760.0875,259.2373
2011-02-02 11:15:11,692.335,231.0667
2011-02-02 11:30:11,635.0179,211.8
2011-02-02 11:45:11,679.4926,219.4754
2011-02-02 12:00:11,672.3966,208.75
2011-02-02 12:15:11,811.2659,235.4237
2011-02-02 12:30:11,825.4408,225.8033
2011-02-02 12:45:10,943.2211,241.95
2011-02-02 13:00:10,1244.7934,285.2542
2011-02-02 13:15:10,1217.4877,264.35
2011-02-02 13:30:10,1325.0529,270.6667
2011-02-02 13:45:11,1578.8866,299.45
2011-02-02 14:00:11,2125.3843,360.9836
2011-02-02 14:15:11,3073.4025,461.5085
2011-02-02 14:30:11,3627.6956,489.6667
2011-02-02 14:45:11,3909.3823,471.3607
2011-02-02 15:00:11,4927.0366,492.75
2011-02-02 15:15:11,3797.3942,337.7833
2011-02-02 15:30:11,1710.797,151.4167
2011-02-02 15:45:11,580.3934,50.661
2011-02-02 16:00:11,461.7509,38.4667
2011-02-02 16:15:11,623.5993,45.6557
2011-02-02 16:30:11,1776.4047,115.0833
2011-02-02 16:45:11,2044.7626,91.3667
2011-02-02 17:00:11,1519.9873,37.5167
2011-02-02 17:15:11,885.3508,20.7414
2011-02-02 17:30:11,218.455,6.4333
2011-02-02 17:45:11,0.0,1.1163
2011-02-03 07:15:09,0.0,2.0286
2011-02-03 07:30:09,69.3866,4.9516
2011-02-03 07:45:10,531.6371,19.8136
2011-02-03 08:00:10,1052.1671,39.2623
2011-02-03 08:15:10,1540.1277,55.7966
2011-02-03 08:30:10,2169.8378,76.1833
2011-02-03 08:45:09,3985.1119,116.1148
2011-02-03 09:00:10,3787.5197,109.45
2011-02-03 09:15:10,6314.9372,171.45
2011-02-03 09:30:10,10029.5825,261.5424
2011-02-03 09:45:09,11784.4781,314.3667
2011-02-03 10:00:09,15654.4792,410.2167
2011-02-03 10:15:09,16630.5344,432.5254
2011-02-03 10:30:09,19259.6691,501.0
2011-02-03 10:45:10,18242.3866,484.7667
2011-02-03 11:00:10,21757.0221,531.2333
2011-02-03 11:15:10,23057.919,554.661
2011-02-03 11:30:10,24882.4729,582.5424
2011-02-03 11:45:10,26373.4448,607.4
2011-02-03 12:00:10,26579.8756,611.0167
2011-02-03 12:15:10,29272.1917,669.4167
2011-02-03 12:30:10,28811.9791,626.6833
2011-02-03 12:45:09,31972.5113,670.0667
2011-02-03 13:00:09,31152.8476,640.3
2011-02-03 13:15:09,30027.4738,612.8475
2011-02-03 13:30:10,33001.1466,657.1
2011-02-03 13:45:11,34470.0902,682.2
2011-02-03 14:15:11,34169.1633,647.5
2011-02-03 14:30:11,33128.6089,618.9322
2011-02-03 14:45:10,30530.6403,560.1639
2011-02-03 15:00:10,25270.6963,461.0667
2011-02-03 15:15:10,24601.192,439.1667
2011-02-03 15:30:10,19826.4286,355.3667
2011-02-03 15:45:09,15296.8846,291.9483
2011-02-03 16:00:09,12411.3389,273.7
2011-02-03 16:15:09,7962.1419,221.6102
2011-02-03 16:30:10,4423.9535,142.5
2011-02-03 16:45:10,2490.3093,58.25
2011-02-03 17:00:10,1863.2073,31.0
2011-02-03 17:15:10,1208.1731,18.95
2011-02-03 17:30:10,301.4434,5.0833
2011-02-03 17:45:10,0.0,2.0
2011-02-04 07:15:06,0.0,1.9444
2011-02-04 07:30:07,263.1409,5.5574
2011-02-04 07:45:07,1112.8998,22.5333
2011-02-04 08:00:07,2173.9879,45.0492
2011-02-04 08:15:07,2986.1771,63.7288
2011-02-04 08:30:06,4360.2308,92.75
2011-02-04 08:45:07,5643.3507,118.05
2011-02-04 09:00:07,6302.1595,136.8167
2011-02-04 09:15:08,8041.2772,168.9
2011-02-04 09:30:07,11466.7131,222.4667
2011-02-04 09:45:08,10993.0183,226.1333
2011-02-04 10:00:09,14975.9902,293.0847
2011-02-04 10:15:09,13625.1495,283.0339
2011-02-04 10:30:09,16551.2954,334.7627
2011-02-04 10:45:08,16321.6883,337.4167
2011-02-04 11:15:07,17084.4564,353.322
2011-02-04 11:30:07,18102.9088,369.5
2011-02-04 11:45:08,18080.6799,371.6441
2011-02-04 12:00:09,19066.4646,390.4167
2011-02-04 12:15:09,19719.8284,403.55
2011-02-04 12:30:09,23302.8943,459.5167
2011-02-04 12:45:09,24201.1689,471.7333
2011-02-04 13:00:09,21254.9206,423.2951
2011-02-04 13:15:09,17930.9821,364.1525
2011-02-04 13:30:09,20010.0612,396.0833
2011-02-04 13:45:09,16978.2142,344.7
2011-02-04 14:00:09,14261.7832,294.2542
2011-02-04 14:15:09,20560.2026,397.2167
2011-02-04 14:30:09,24480.9903,457.5
2011-02-04 14:45:09,25798.8048,473.0328
2011-02-04 15:00:09,23893.9961,430.1695
2011-02-04 15:15:09,22669.6895,395.35
2011-02-04 15:30:09,19951.4461,345.8475
2011-02-04 15:45:09,14504.1754,263.8621
2011-02-04 16:00:09,14115.6031,274.0667
2011-02-04 16:15:09,9339.8024,203.7627
2011-02-04 16:30:09,7195.6362,166.65
2011-02-04 16:45:08,3714.2981,75.6
2011-02-04 17:00:08,1911.3397,37.623
2011-02-04 17:15:08,935.9375,16.4833
2011-02-04 17:30:08,158.9584,3.25
2011-02-04 17:45:08,0.0,1.4286
2011-02-05 07:30:06,0.0,2.0
2011-02-05 07:45:06,14.8639,2.7667
2011-02-05 08:00:06,571.3447,12.7
2011-02-05 08:15:07,865.6256,19.3
2011-02-05 08:30:08,938.0996,22.2
2011-02-05 08:45:09,2263.7738,53.9508
2011-02-05 09:00:09,1857.8407,44.4915
2011-02-05 09:15:09,2891.3664,70.2167
2011-02-05 09:30:09,3442.0523,83.7667
2011-02-05 09:45:08,3858.46,93.6833
2011-02-05 10:00:08,3575.0378,87.8667
2011-02-05 10:15:08,3564.3859,88.1667
2011-02-05 10:30:09,3908.9529,95.7
2011-02-05 10:45:09,4687.6588,116.7377
2011-02-05 11:15:09,3952.1399,96.6271
2011-02-05 11:30:09,4083.2021,99.7213
2011-02-05 11:45:10,4034.2984,100.9661
2011-02-05 12:00:10,4757.7821,116.7049
2011-02-05 12:15:10,5200.4103,129.3051
2011-02-05 12:30:10,7974.7709,186.1833
2011-02-05 12:45:09,5919.8743,141.1167
2011-02-05 13:00:09,4811.1488,116.7667
2011-02-05 13:15:09,5111.4797,124.6
2011-02-05 13:30:09,4495.2774,109.7167
2011-02-05 13:45:08,4389.8217,106.7333
2011-02-05 14:00:08,3103.0724,76.35
2011-02-05 14:15:08,3205.8273,78.4333
2011-02-05 14:30:09,3736.1167,91.35
2011-02-05 14:45:10,4352.9969,104.9
2011-02-05 15:00:10,3308.7503,78.9667
2011-02-05 15:15:10,4245.3866,101.15
2011-02-05 15:30:10,2876.1988,67.9167
2011-02-05 15:45:10,2867.5033,67.2034
2011-02-05 16:00:11,3528.076,80.9672
2011-02-05 16:15:11,1515.1545,34.8136
2011-02-05 16:30:10,2717.7776,58.4333
2011-02-05 16:45:10,1072.3826,23.1333
2011-02-05 17:00:10,430.9865,7.95
2011-02-05 17:15:11,107.1784,3.6333
2011-02-05 17:30:11,0.0,1.5333
2011-02-05 17:45:11,0.0,1.7727
2011-02-06 07:15:07,73.0515,2.9818
2011-02-06 07:30:07,525.6812,12.2167
2011-02-06 07:45:07,1159.1385,27.9
2011-02-06 08:00:07,2517.9754,46.5738
2011-02-06 08:15:07,4622.6572,73.339
2011-02-06 08:30:07,7345.2349,109.4
2011-02-06 08:45:08,10735.9931,152.05
2011-02-06 09:00:08,14275.7569,201.3833
2011-02-06 09:15:08,17477.1516,254.6724
2011-02-06 09:30:08,20435.8935,313.3667
2011-02-06 09:45:07,23251.1722,379.918
2011-02-06 10:00:07,26054.1776,437.9
2011-02-06 10:15:07,28317.4552,465.1525
2011-02-06 10:30:07,30436.0286,510.4833
2011-02-06 10:45:08,32440.0363,580.2373
2011-02-06 11:00:08,34293.7944,616.0328
2011-02-06 11:15:07,36378.0227,649.4576
2011-02-06 11:30:07,36428.3839,647.1
2011-02-06 11:45:08,37635.0,665.05
2011-02-06 12:00:08,38240.6276,690.3443
2011-02-06 12:15:08,38691.5086,728.2542
2011-02-06 12:30:08,39141.2493,713.25
2011-02-06 12:45:07,39232.2274,713.0833
2011-02-06 13:00:07,39153.9398,713.3667
2011-02-06 13:15:08,38765.6177,706.8983
2011-02-06 13:30:08,37830.9652,688.4167
2011-02-06 13:45:08,37243.2175,677.5246
2011-02-06 14:00:08,36191.8141,651.95
2011-02-06 14:15:08,35344.3772,632.65
2011-02-06 14:30:08,33819.4399,598.05
2011-02-06 14:45:09,32331.6495,562.9333
2011-02-06 15:00:09,30607.8072,525.1333
2011-02-06 15:15:09,28439.6022,479.661
2011-02-06 15:30:09,26142.5316,428.3051
2011-02-06 15:45:09,22323.8239,374.3115
2011-02-06 16:00:09,16048.0375,307.55
2011-02-06 16:15:09,8705.5746,212.4068
2011-02-06 16:30:10,5628.8011,133.0667
2011-02-06 16:45:10,6235.751,129.0
2011-02-06 17:00:10,2786.2313,50.55
2011-02-06 17:15:09,1172.0901,23.55
2011-02-06 17:30:10,397.663,7.7167
2011-02-06 17:45:09,0.0,1.9362
2011-02-07 07:15:07,16.361,2.1176
2011-02-07 07:30:07,580.1576,9.7333
2011-02-07 07:45:07,1531.7759,26.9016
2011-02-07 08:00:07,3390.3277,50.65
2011-02-07 08:15:07,5813.8624,76.678
2011-02-07 08:30:07,7974.6363,92.5667
2011-02-07 08:45:08,11103.3942,118.4098
2011-02-07 09:00:08,14353.6919,161.3167
2011-02-07 09:15:08,17391.0289,232.069
2011-02-07 09:30:09,19955.9266,305.1333
2011-02-07 09:45:08,22561.5587,363.5085
2011-02-07 10:00:08,25057.4662,412.2
2011-02-07 10:15:08,20067.7033,343.2333
2011-02-07 10:30:08,29081.9679,494.5167
2011-02-07 10:45:08,28430.2812,506.9333
2011-02-07 11:00:08,34431.6643,630.75
2011-02-07 11:15:08,34780.5044,643.2203
2011-02-07 11:30:08,33309.1465,602.2833
2011-02-07 11:45:09,34331.7613,624.7213
2011-02-07 12:00:09,28351.5761,535.1525
2011-02-07 12:15:09,24778.4954,484.5167
2011-02-07 12:30:09,21244.8327,420.8333
2011-02-07 12:45:08,22430.0006,442.2333
2011-02-07 13:00:08,18813.7982,384.55
2011-02-07 13:15:08,21850.2958,433.4333
2011-02-07 13:30:09,19532.6849,390.6271
2011-02-07 13:45:09,14601.8744,305.6833
2011-02-07 14:00:09,11624.4889,251.45
2011-02-07 14:15:09,10770.7145,234.7
2011-02-07 14:30:09,9572.9953,211.1186
2011-02-07 14:45:10,7922.4682,178.7667
2011-02-07 15:00:10,6941.3571,156.85
2011-02-07 15:15:10,4935.2854,115.0
2011-02-07 15:30:10,3894.7981,90.5
2011-02-07 15:45:09,3304.088,75.5593
2011-02-07 16:00:09,2413.0131,55.2167
2011-02-07 16:15:09,1744.8675,39.2787
2011-02-07 16:30:09,1284.0506,28.1833
2011-02-07 16:45:10,894.2263,18.55
2011-02-07 17:00:10,531.2405,9.9344
2011-02-07 17:15:10,137.5718,3.65
2011-02-07 17:30:10,0.0,1.322
2011-02-08 07:15:06,83.1209,2.6724
2011-02-08 07:30:07,579.5372,11.4
2011-02-08 07:45:07,1270.043,27.7833
2011-02-08 08:00:07,3022.5385,53.25
2011-02-08 08:15:07,4692.6886,71.5932
2011-02-08 08:30:07,5786.4552,87.6833
2011-02-08 08:45:08,11696.562,159.3
2011-02-08 09:00:08,15285.7226,208.9492
2011-02-08 09:15:08,19294.8545,273.75
2011-02-08 09:30:08,22557.9774,335.0333
2011-02-08 09:45:07,8962.3912,172.6167
2011-02-08 10:00:06,15798.9307,279.3898
2011-02-08 10:15:06,22749.4464,386.2542
2011-02-08 10:30:06,34510.0699,568.9667
2011-02-08 10:45:06,26727.717,470.5333
2011-02-08 11:00:06,13491.5293,252.5333
2011-02-08 11:15:06,13958.7563,267.2759
2011-02-08 11:30:06,34650.482,602.9836
2011-02-08 11:45:07,38640.4187,674.1833
2011-02-08 12:00:07,39608.8716,696.4
2011-02-08 12:15:07,39799.1275,698.8
2011-02-08 12:30:07,13726.6645,251.9322
2011-02-08 12:45:06,20609.147,387.0833
2011-02-08 13:00:07,46548.7377,817.2167
2011-02-08 13:15:06,20644.0545,392.0508
2011-02-08 13:30:06,11237.22,220.5424
2011-02-08 13:45:06,12023.2709,232.5667
2011-02-08 14:00:06,27897.9619,498.5932
2011-02-08 14:15:06,24802.6626,431.5
2011-02-08 14:30:06,8741.31,181.7167
2011-02-08 14:45:08,12143.8379,226.4667
2011-02-08 15:00:08,26763.244,441.8333
2011-02-08 15:15:08,13655.1359,236.1356
2011-02-08 15:30:08,13133.3522,221.3667
2011-02-08 15:45:07,17106.4968,269.8136
2011-02-08 16:00:07,18965.4687,329.9833
2011-02-08 16:15:07,16125.5967,323.1379
2011-02-08 16:30:07,8829.9118,231.8814
2011-02-08 16:45:08,6345.0663,150.1333
2011-02-08 17:00:08,4803.7961,61.5833
2011-02-08 17:15:08,1456.1772,24.7288
2011-02-08 17:30:08,753.6991,12.5593
2011-02-08 17:45:08,41.1241,2.4333
2011-02-08 18:00:08,0.0,2.0833
2011-02-09 07:00:06,0.0,2.0
2011-02-09 07:15:07,50.0855,2.4426
2011-02-09 07:30:07,694.4131,13.6271
2011-02-09 07:45:07,2154.0202,39.082
2011-02-09 08:00:07,4334.1542,72.9
2011-02-09 08:15:07,5419.7399,85.05
2011-02-09 08:30:08,6765.2935,104.1379
2011-02-09 08:45:09,12377.7918,163.5763
2011-02-09 09:00:09,15861.4808,213.0667
2011-02-09 09:15:09,17467.1483,257.6552
2011-02-09 09:30:09,19797.6544,314.3898
2011-02-09 09:45:09,20439.2905,329.2
2011-02-09 10:00:09,27242.3019,421.8833
2011-02-09 10:15:09,31359.0307,519.0
2011-02-09 10:30:09,33601.7319,544.4667
2011-02-09 10:45:09,37210.9788,606.7
2011-02-09 11:00:10,30239.5815,536.0847
2011-02-09 11:15:10,25747.7362,474.0167
2011-02-09 11:30:09,25262.7174,464.623
2011-02-09 11:45:11,35937.1151,632.2667
2011-02-09 12:00:11,37104.8633,664.5167
2011-02-09 12:15:11,35309.8895,627.6333
2011-02-09 12:30:11,22010.4508,413.9667
2011-02-09 12:45:10,21902.0738,405.0172
2011-02-09 13:00:10,29421.7874,528.9
2011-02-09 13:15:10,28883.8344,522.45
2011-02-09 13:30:10,24532.3148,453.5167
2011-02-09 13:45:10,15886.4249,313.7333
2011-02-09 14:00:10,14910.9043,300.6441
2011-02-09 14:15:10,9095.1941,192.25
2011-02-09 14:30:09,8002.3821,172.55
2011-02-09 14:45:10,6412.122,141.459
2011-02-09 15:00:10,7249.5897,157.5763
2011-02-09 15:15:11,6471.6707,139.95
2011-02-09 15:30:11,4484.4326,98.3333
2011-02-09 15:45:10,4672.3629,101.2333
2011-02-09 16:00:10,4457.0169,97.1167
2011-02-09 16:15:10,3359.3932,73.1333
2011-02-09 16:30:10,1920.3904,41.2
2011-02-09 16:45:10,1329.953,27.8197
2011-02-09 17:00:10,814.541,15.9667
2011-02-09 17:15:10,404.7674,7.5254
2011-02-09 17:30:10,5.4623,2.1167
2011-02-09 17:45:11,0.0,2.0
2011-02-10 07:15:08,6.8645,2.6724
2011-02-10 07:30:08,256.884,7.1017
2011-02-10 07:45:08,530.9091,13.9672
2011-02-10 08:00:08,984.7781,23.9833
2011-02-10 08:15:08,4873.8417,73.1525
2011-02-10 08:30:09,8675.9557,119.25
2011-02-10 08:45:09,12561.6916,163.6667
2011-02-10 09:00:09,16256.9254,216.5667
2011-02-10 09:15:09,19730.5274,273.0339
2011-02-10 09:30:09,22942.5937,328.2667
2011-02-10 09:45:09,25717.5402,386.4833
2011-02-10 10:00:09,28888.1466,438.4576
2011-02-10 10:15:09,31542.6703,516.8167
2011-02-10 10:30:09,34087.914,565.15
2011-02-10 10:45:09,36199.1797,585.5424
2011-02-10 11:00:09,37874.7755,622.2333
2011-02-10 11:15:09,39156.9729,680.9655
2011-02-10 11:30:09,40755.5209,724.6441
2011-02-10 11:45:10,41905.7544,706.1833
2011-02-10 12:00:10,42813.2313,724.7
2011-02-10 12:15:10,43318.4479,743.8667
2011-02-10 12:30:10,43571.7238,747.5254
2011-02-10 12:45:09,43674.0181,746.541
2011-02-10 13:00:09,43695.2549,752.85
2011-02-10 13:15:09,43311.6323,745.3
2011-02-10 13:30:09,42658.7425,730.678
2011-02-10 13:45:09,42116.9814,718.3607
2011-02-10 14:00:09,41138.6535,699.8333
2011-02-10 14:15:09,39905.3751,673.3051
2011-02-10 14:30:09,38535.4355,644.7377
2011-02-10 14:45:10,36729.7784,606.6167
2011-02-10 15:00:10,34698.6117,563.2459
2011-02-10 15:15:10,32712.3156,519.7627
2011-02-10 15:30:10,30295.8548,471.2373
2011-02-10 15:45:09,27268.5664,414.0492
2011-02-10 16:00:09,21686.2121,352.55
2011-02-10 16:15:09,14505.0101,292.6102
2011-02-10 16:30:10,7459.1415,227.4333
2011-02-10 16:45:10,4669.1569,156.9153
2011-02-10 17:00:10,3599.1427,40.8
2011-02-10 17:15:10,2599.9398,29.2881
2011-02-10 17:30:10,1452.4011,15.6167
2011-02-10 17:45:11,250.5227,3.7167
2011-02-10 18:00:11,0.0,2.0
2011-02-11 07:00:08,0.0,2.9167
2011-02-11 07:15:08,199.2088,4.6333
2011-02-11 07:30:08,672.5793,13.55
2011-02-11 07:45:08,1833.249,35.7333
2011-02-11 08:00:07,3839.9284,62.6333
2011-02-11 08:15:07,6654.9391,90.8475
2011-02-11 08:30:07,9878.2578,121.0667
2011-02-11 08:45:07,13721.6579,152.2333
2011-02-11 09:00:07,16799.2015,195.1525
2011-02-11 09:15:07,19866.9883,272.45
2011-02-11 09:30:07,23077.4278,330.3833
2011-02-11 09:45:07,25862.74,388.1167
2011-02-11 10:00:07,28236.7897,434.8833
2011-02-11 10:15:07,30566.6004,501.5932
2011-02-11 10:30:07,32498.0056,563.4
2011-02-11 10:45:07,34254.1929,575.4333
2011-02-11 11:00:07,35946.8517,612.2951
2011-02-11 11:15:07,37201.5447,658.3729
2011-02-11 11:30:07,38269.0218,715.5246
2011-02-11 11:45:07,38823.4262,698.3333
2011-02-11 12:00:07,39605.5887,705.0
2011-02-11 12:15:07,40273.9411,720.2931
2011-02-11 12:30:07,40574.888,726.2833
2011-02-11 12:45:07,40664.3695,725.8833
2011-02-11 13:00:07,40168.5957,721.4098
2011-02-11 13:15:07,40012.2097,714.9831
2011-02-11 13:30:07,39490.7232,703.4333
2011-02-11 13:45:07,39095.7906,691.2203
2011-02-11 14:00:07,38021.3838,667.9344
2011-02-11 14:15:08,36966.8716,646.0339
2011-02-11 14:30:08,35661.8022,615.5667
2011-02-11 14:45:09,33992.6926,578.5167
2011-02-11 15:00:09,32201.3689,535.9667
2011-02-11 15:15:09,30195.5609,490.9492
2011-02-11 15:30:09,28029.1812,443.1333
2011-02-11 15:45:08,25396.3415,387.9833
2011-02-11 16:00:08,20801.8804,332.7667
2011-02-11 16:15:08,14102.5409,272.1034
2011-02-11 16:30:08,7722.9195,212.6393
2011-02-11 16:45:08,4489.0589,146.8814
2011-02-11 17:00:08,3438.2544,43.7333
2011-02-11 17:15:08,2415.9248,30.7288
2011-02-11 17:30:08,1315.8427,16.377
2011-02-11 17:45:09,260.384,4.1333
2011-02-11 18:00:09,0.0,2.0488
2011-02-12 07:00:05,0.0,2.6061
2011-02-12 07:15:05,103.4783,3.3
2011-02-12 07:30:05,739.102,13.5085
2011-02-12 07:45:06,1369.756,22.7167
2011-02-12 08:00:06,2742.5808,45.6667
2011-02-12 08:15:06,6751.7051,95.0678
2011-02-12 08:30:06,4361.2107,69.2667
2011-02-12 08:45:06,7585.8996,105.7667
2011-02-12 09:00:06,4571.2926,101.8644
2011-02-12 09:15:06,3741.4412,79.75
2011-02-12 09:30:06,6740.5253,146.5167
2011-02-12 09:45:05,13313.3617,255.3898
2011-02-12 10:00:05,13962.8354,265.7667
2011-02-12 10:15:05,22663.607,379.322
2011-02-12 10:30:05,32168.8459,543.8333
2011-02-12 10:45:06,34003.8675,576.4
2011-02-12 11:00:06,35934.954,607.0169
2011-02-12 11:15:06,37888.5066,651.2542
2011-02-12 11:30:07,36308.1548,661.85
2011-02-12 11:45:07,39365.0661,699.95
2011-02-12 12:00:07,35419.2273,628.459
2011-02-12 12:15:07,37790.7252,653.2281
2011-02-12 12:30:07,39745.9927,701.4167
2011-02-12 12:45:07,38082.2205,677.45
2011-02-12 13:00:08,30295.3889,561.8667
2011-02-12 13:15:07,37791.3075,686.339
2011-02-12 13:30:07,37342.4499,664.3167
2011-02-12 13:45:07,23980.4416,439.9667
2011-02-12 14:00:07,24617.3364,448.2167
2011-02-12 14:15:08,32465.5219,577.7833
2011-02-12 14:30:08,14295.4466,271.5833
2011-02-12 14:45:08,19557.1726,357.5763
2011-02-12 15:00:08,33196.1416,553.2167
2011-02-12 15:15:08,10063.0292,207.3729
2011-02-12 15:30:08,17700.6019,301.3333
2011-02-12 15:45:08,20893.9427,334.55
2011-02-12 16:00:09,19824.229,314.7869
2011-02-12 16:15:09,12303.5861,241.7069
2011-02-12 16:30:09,8575.1836,220.9167
2011-02-12 16:45:09,4391.341,133.2167
2011-02-12 17:00:09,4094.2683,57.3167
2011-02-12 17:15:10,2754.5216,38.7
2011-02-12 17:30:09,1277.6641,16.5
2011-02-12 17:45:09,351.8722,4.1167
2011-02-12 18:00:09,0.0,2.0
2011-02-13 07:15:11,1.0813,2.098
2011-02-13 07:30:12,260.2313,4.7
2011-02-13 07:45:13,566.3731,11.5738
2011-02-13 08:00:13,1045.5833,23.0
2011-02-13 08:15:13,1936.7718,42.3729
2011-02-13 08:30:13,1657.2369,34.9833
2011-02-13 08:45:13,1435.784,31.7705
2011-02-13 09:00:13,2752.2865,62.7797
2011-02-13 09:15:13,7472.9429,155.6333
2011-02-13 09:30:13,10938.6018,218.2
2011-02-13 09:45:12,11815.94,241.0833
2011-02-13 10:00:12,13501.8248,274.5932
2011-02-13 10:15:12,10550.5549,224.1379
2011-02-13 10:30:12,9752.7753,211.0833
2011-02-13 10:45:13,10945.302,233.8667
2011-02-13 11:00:13,17287.5933,354.0
2011-02-13 11:15:13,16350.725,342.2759
2011-02-13 11:30:13,13501.4492,291.9333
2011-02-13 11:45:13,16458.6756,346.3833
2011-02-13 12:00:13,18087.325,373.2712
2011-02-13 12:15:13,22332.9842,445.9167
2011-02-13 12:30:13,26823.1683,520.1167
2011-02-13 12:45:12,15718.6103,325.661
2011-02-13 13:00:12,26235.7923,507.4667
2011-02-13 13:15:12,13237.0401,282.0169
2011-02-13 13:30:12,18082.028,363.5167
2011-02-13 13:45:13,13196.63,278.8814
2011-02-13 14:00:14,7525.4564,168.4167
2011-02-13 14:15:14,6354.1591,142.0333
2011-02-13 14:30:14,7622.9635,169.55
2011-02-13 14:45:14,6874.5571,156.0339
2011-02-13 15:00:14,5143.3326,116.7333
2011-02-13 15:15:14,4829.7477,110.8667
2011-02-13 15:30:14,4453.5436,100.3167
2011-02-13 15:45:14,3084.2971,67.55
2011-02-13 16:00:14,2463.3651,53.6
2011-02-13 16:15:14,2466.8102,52.5932
2011-02-13 16:30:14,3228.9746,69.2333
2011-02-13 16:45:15,5777.5328,147.8667
2011-02-13 17:00:15,4409.4512,70.85
2011-02-13 17:15:15,4357.2255,57.9667
2011-02-13 17:30:15,1818.3127,26.95
2011-02-13 17:45:15,396.7588,5.55
2011-02-13 18:00:14,0.0,1.3784
2011-02-14 07:00:12,489.2643,1.9412
2011-02-14 07:15:14,354.5274,6.1333
2011-02-14 07:30:14,1372.4649,26.8167
2011-02-14 07:45:15,3028.8261,51.7833
2011-02-14 08:00:15,2748.8192,51.1695
2011-02-14 08:15:15,2970.2168,60.7966
2011-02-14 08:30:15,4677.6984,95.4333
2011-02-14 08:45:16,4889.3276,99.9672
2011-02-14 09:00:16,4946.9183,109.1667
2011-02-14 09:15:17,4311.0314,90.6667
2011-02-14 09:30:18,6134.1566,121.65
2011-02-14 09:45:17,9554.2483,179.1186
2011-02-14 10:00:17,25637.8929,432.8167
2011-02-14 10:15:17,29329.4327,501.678
2011-02-14 10:30:17,31213.3985,544.9492
2011-02-14 10:45:18,33081.0522,598.05
2011-02-14 11:00:18,34947.7064,613.1967
2011-02-14 11:15:18,36434.0587,646.9831
2011-02-14 11:30:18,37579.3325,687.2333
2011-02-14 11:45:18,38800.2717,727.05
2011-02-14 12:00:18,39308.4055,713.85
2011-02-14 12:15:19,39520.8031,712.0508
2011-02-14 12:30:19,38206.6014,691.3667
2011-02-14 12:45:18,37183.379,683.05
2011-02-14 13:00:18,37899.9945,701.1148
2011-02-14 13:15:18,40155.31,730.3
2011-02-14 13:30:18,37971.5925,695.7288
2011-02-14 13:45:19,38651.0104,700.1167
2011-02-14 14:00:19,32056.5857,592.7377
2011-02-14 14:15:19,37222.4575,671.339
2011-02-14 14:30:19,32021.5733,578.0
2011-02-14 14:45:19,35325.384,626.7931
2011-02-14 15:00:19,33338.1092,584.35
2011-02-14 15:15:19,25783.6448,434.3051
2011-02-14 15:30:19,4308.6661,89.7833
2011-02-14 15:45:19,2684.5435,62.0167
2011-02-14 16:00:18,6480.4053,130.65
2011-02-14 16:15:19,7258.3307,150.6
2011-02-14 16:30:19,9564.6022,231.7333
2011-02-14 16:45:19,5205.7598,175.0333
2011-02-14 17:00:19,3699.8286,51.8333
2011-02-14 17:15:19,1796.1821,29.4576
2011-02-14 17:30:19,901.8671,15.7627
2011-02-14 17:45:19,160.5975,3.7833
2011-02-14 18:00:19,0.0,1.8085
2011-02-15 07:00:15,1.709,2.0
2011-02-15 07:15:15,319.6963,6.8475
2011-02-15 07:30:15,691.1176,18.1803
2011-02-15 07:45:15,1838.76,35.6441
2011-02-15 08:00:15,3755.4929,58.3833
2011-02-15 08:15:15,6710.9652,92.5167
2011-02-15 08:30:15,10254.8188,136.1525
2011-02-15 08:45:16,14184.4687,186.5085
2011-02-15 09:00:16,17592.1836,241.1864
2011-02-15 09:15:16,20886.8479,299.3667
2011-02-15 09:30:16,24037.551,357.5763
2011-02-15 09:45:16,27029.3946,447.6667
2011-02-15 10:00:16,29832.0567,484.5345
2011-02-15 10:15:17,32358.6618,547.1
2011-02-15 10:30:16,34293.408,574.0
2011-02-15 10:45:16,36253.3372,655.55
2011-02-15 11:00:15,38057.8958,652.9333
2011-02-15 11:15:15,39411.0754,682.5593
2011-02-15 11:30:15,40407.8978,715.5902
2011-02-15 11:45:17,41371.7574,765.6333
2011-02-15 12:00:18,42292.597,756.7167
2011-02-15 12:15:18,42854.8622,772.3833
2011-02-15 12:30:18,42711.1107,767.45
2011-02-15 12:45:18,43069.7767,773.1667
2011-02-15 13:00:19,42931.5226,772.7667
2011-02-15 13:15:19,42819.9097,768.4167
2011-02-15 13:30:19,41848.0384,753.4
2011-02-15 13:45:19,41077.7295,736.1667
2011-02-15 14:00:19,40290.8493,715.7288
2011-02-15 14:15:19,38863.7152,690.7667
2011-02-15 14:30:19,37594.7321,662.3833
2011-02-15 14:45:19,36223.4691,628.65
2011-02-15 15:00:19,34323.8342,588.4915
2011-02-15 15:15:22,32483.8029,546.807
2011-02-15 15:30:25,30186.8704,495.4
2011-02-15 15:45:25,27702.191,444.2881
2011-02-15 16:00:25,24361.9526,386.1167
2011-02-15 16:15:25,16932.2953,306.0508
2011-02-15 16:30:24,9629.7408,224.2667
2011-02-15 16:45:25,4813.0137,156.0833
2011-02-15 17:00:25,2686.8036,53.25
2011-02-15 17:15:25,2017.0111,34.5833
2011-02-15 17:30:25,1613.9884,23.5667
2011-02-15 17:45:26,387.8055,5.4167
2011-02-15 18:00:26,0.0,1.9773
2011-02-16 07:00:23,2.617,2.4762
2011-02-16 07:15:23,395.8158,7.8475
2011-02-16 07:30:24,1276.2916,26.6441
2011-02-16 07:45:24,2589.1862,49.3559
2011-02-16 08:00:25,4517.1498,79.4667
2011-02-16 08:15:25,7218.9156,113.7966
2011-02-16 08:30:25,6617.2786,119.5517
2011-02-16 08:45:26,10666.9106,167.55
2011-02-16 09:00:26,12147.6121,186.0339
2011-02-16 09:15:26,14818.798,228.1864
2011-02-16 09:30:26,15668.5984,247.5333
2011-02-16 09:45:25,16155.5739,282.8246
2011-02-16 10:00:25,28685.3319,460.1356
2011-02-16 10:15:25,30515.762,520.322
2011-02-16 10:30:25,33278.4434,554.8333
2011-02-16 10:45:26,32470.258,569.2712
2011-02-16 11:00:27,28870.5329,508.4667
2011-02-16 11:15:27,37452.8873,646.1724
2011-02-16 11:30:27,38543.2614,671.8167
2011-02-16 11:45:28,39433.9865,718.7119
2011-02-16 12:00:28,40265.2936,717.2
2011-02-16 12:15:28,40384.5527,722.8421
2011-02-16 12:30:28,40491.8159,717.25
2011-02-16 12:45:27,40710.5451,721.4
2011-02-16 13:00:27,40379.5766,713.1333
2011-02-16 13:15:28,39821.9983,699.9322
2011-02-16 13:30:28,39076.1578,687.3
2011-02-16 13:45:29,38605.6172,679.3167
2011-02-16 14:00:29,37841.3205,665.5833
2011-02-16 14:15:30,36583.6634,643.8167
2011-02-16 14:30:30,35404.8443,618.4407
2011-02-16 14:45:30,34159.8915,591.7833
2011-02-16 15:00:30,32634.989,559.6167
2011-02-16 15:15:30,30196.5785,506.6552
2011-02-16 15:30:30,27801.7245,457.3559
2011-02-16 15:45:29,25128.8825,402.0984
2011-02-16 16:00:29,21777.9891,342.6034
2011-02-16 16:15:30,16419.2984,281.2034
2011-02-16 16:30:30,10400.6297,222.1186
2011-02-16 16:45:31,5498.9598,163.7213
2011-02-16 17:00:31,3913.3542,71.7069
2011-02-16 17:15:31,2938.527,45.0877
2011-02-16 17:30:31,1601.5544,24.1017
2011-02-16 17:45:31,502.9959,7.3167
2011-02-16 18:00:31,0.0,1.9815
2011-02-17 07:00:30,0.0,2.0
2011-02-17 07:15:29,365.9966,7.8814
2011-02-17 07:30:29,1132.9541,23.85
2011-02-17 07:45:29,1880.8317,38.1333
2011-02-17 08:00:29,2042.2927,41.2167
2011-02-17 08:15:30,3672.4112,80.8833
2011-02-17 08:30:30,4909.7288,105.0667
2011-02-17 08:45:31,6272.2051,131.918
2011-02-17 09:00:31,9144.2465,175.2167
2011-02-17 09:15:31,13530.4937,220.2759
2011-02-17 09:30:31,16889.9678,274.8167
2011-02-17 09:45:31,22993.2889,390.1311
2011-02-17 10:00:31,25803.4747,432.678
2011-02-17 10:15:31,28417.3421,520.2373
2011-02-17 10:30:31,29335.8881,527.7966
2011-02-17 10:45:30,30351.1454,563.4667
2011-02-17 11:00:31,27664.7804,515.5
2011-02-17 11:15:31,32521.6497,601.0339
2011-02-17 11:30:31,31080.5365,579.7966
2011-02-17 11:45:33,33938.0221,644.2131
2011-02-17 12:00:33,35651.7315,682.05
2011-02-17 12:15:33,34827.2075,664.3621
2011-02-17 12:30:33,30870.0572,583.623
2011-02-17 12:45:32,36904.8125,694.1864
2011-02-17 13:00:33,35875.9284,675.4833
2011-02-17 13:15:33,37205.4964,700.45
2011-02-17 13:30:33,34587.9832,647.4
2011-02-17 13:45:34,35039.377,647.5333
2011-02-17 14:00:34,34067.5021,628.5246
2011-02-17 14:15:34,29549.76,547.7966
2011-02-17 14:30:35,31243.9593,568.5333
2011-02-17 14:45:35,28070.3369,509.8305
2011-02-17 15:00:35,28770.0837,511.4333
2011-02-17 15:15:35,21682.374,387.7966
2011-02-17 15:30:36,19755.4022,346.7759
2011-02-17 15:45:35,21795.8781,367.7833
2011-02-17 16:00:35,18029.2172,297.8305
2011-02-17 16:15:35,9526.9768,175.4138
2011-02-17 16:30:35,6490.501,128.9667
2011-02-17 16:45:36,4475.2693,91.5167
2011-02-17 17:00:36,3008.9403,61.3934
2011-02-17 17:15:36,1658.4064,33.0339
2011-02-17 17:30:36,868.5054,15.5333
2011-02-17 17:45:36,205.4191,3.2
2011-02-17 18:00:36,0.0,1.0
2011-02-18 07:00:34,0.0,1.7037
2011-02-18 07:15:34,0.0,1.541
2011-02-18 07:30:34,0.0,1.7167
2011-02-18 07:45:34,48.8267,4.9672
2011-02-18 08:00:34,506.3999,10.8833
2011-02-18 08:15:34,1058.6061,23.4
2011-02-18 08:30:34,1610.4867,36.7167
2011-02-18 08:45:35,2335.8625,54.459
2011-02-18 09:00:35,3221.4799,75.6271
2011-02-18 09:15:36,3890.8278,91.0508
2011-02-18 09:30:36,5679.0536,132.8525
2011-02-18 09:45:35,7008.5043,159.8
2011-02-18 10:00:35,4658.2107,107.85
2011-02-18 10:15:35,4066.8054,92.6949
2011-02-18 10:30:36,4272.5229,98.4333
2011-02-18 10:45:36,4743.0514,109.0
2011-02-18 11:00:36,4688.9556,105.7627
2011-02-18 11:15:37,4309.8906,99.8667
2011-02-18 11:30:38,7927.3895,182.1333
2011-02-18 11:45:39,14788.5708,316.6271
2011-02-18 12:00:39,25832.9179,511.8667
2011-02-18 12:15:40,30502.1988,591.8814
2011-02-18 12:30:40,33151.4108,632.5
2011-02-18 12:45:39,35739.8274,671.0
2011-02-18 13:00:40,37391.3232,699.8
2011-02-18 13:15:40,36979.9026,691.678
2011-02-18 13:30:40,36580.3345,686.5833
2011-02-18 13:45:41,35724.3185,670.2787
2011-02-18 14:00:40,30273.2391,567.6333
2011-02-18 14:15:40,30217.5736,562.431
2011-02-18 14:30:41,33061.2131,605.3833
2011-02-18 14:45:41,19108.9531,365.4333
2011-02-18 15:00:41,29654.6879,524.5
2011-02-18 15:15:41,27853.2903,488.2542
2011-02-18 15:30:41,23284.6792,406.7627
2011-02-18 15:45:40,19175.4049,320.2459
2011-02-18 16:00:40,17809.7177,291.3559
2011-02-18 16:15:40,16161.4185,270.9322
2011-02-18 16:30:40,10744.822,210.661
2011-02-18 16:45:41,5724.1063,146.25
2011-02-18 17:00:41,3906.8877,80.9492
2011-02-18 17:15:41,2170.4384,41.7759
2011-02-18 17:30:41,874.7831,18.8833
2011-02-18 17:45:41,313.228,4.9667
2011-02-18 18:00:41,0.0,0.7255
2011-02-19 07:00:39,40.1104,2.7797
2011-02-19 07:15:39,467.1842,10.5345
2011-02-19 07:30:38,906.566,23.3667
2011-02-19 07:45:38,2180.5067,40.8
2011-02-19 08:00:39,4502.9088,65.6949
2011-02-19 08:15:39,7353.5493,102.2881
2011-02-19 08:30:39,11133.6175,148.9153
2011-02-19 08:45:40,14650.775,201.2542
2011-02-19 09:00:40,18018.4098,258.1864
2011-02-19 09:15:42,21350.4519,317.4746
2011-02-19 09:30:41,24417.6525,376.9333
2011-02-19 09:45:40,27371.3613,442.1695
2011-02-19 10:00:40,30232.342,522.0333
2011-02-19 10:15:40,32807.6235,557.6034
2011-02-19 10:30:40,34992.9762,615.6379
2011-02-19 10:45:40,37078.6565,662.0167
2011-02-19 11:00:40,38801.8383,681.082
2011-02-19 11:15:41,40148.5044,742.7759
2011-02-19 11:30:41,41566.2066,734.5902
2011-02-19 11:45:42,42299.5227,753.8
2011-02-19 12:00:42,43295.2834,807.6167
2011-02-19 12:15:43,43714.1974,818.7895
2011-02-19 12:30:43,44018.5323,801.45
2011-02-19 12:45:42,44335.4057,801.5833
2011-02-19 13:00:43,44385.4643,802.25
2011-02-19 13:15:42,43895.377,794.4833
2011-02-19 13:30:42,43487.2778,784.6667
2011-02-19 13:45:43,42583.2579,767.2167
2011-02-19 14:00:43,41672.1779,748.0167
2011-02-19 14:15:42,40301.6933,721.5424
2011-02-19 14:30:42,38421.0714,684.65
2011-02-19 14:45:43,37203.301,650.2667
2011-02-19 15:00:44,35259.3108,608.4833
2011-02-19 15:15:44,33014.587,558.322
2011-02-19 15:30:45,30956.5081,511.8333
2011-02-19 15:45:44,28188.4628,458.1186
2011-02-19 16:00:44,25342.5681,398.35
2011-02-19 16:15:44,20760.7393,334.7627
2011-02-19 16:30:44,13901.8064,269.5333
2011-02-19 16:45:45,7199.2226,204.5333
2011-02-19 17:00:46,4089.6831,85.7167
2011-02-19 17:15:46,3048.255,37.5085
2011-02-19 17:30:46,1986.0805,24.85
2011-02-19 17:45:46,950.055,11.0667
2011-02-19 18:00:46,35.622,1.7797
2011-02-19 18:15:45,0.0,2.0
2011-02-20 07:00:43,104.9058,3.2833
2011-02-20 07:15:43,662.7367,14.7
2011-02-20 07:30:43,1557.759,33.7667
2011-02-20 07:45:43,2655.4215,48.2881
2011-02-20 08:00:43,4065.4617,64.2951
2011-02-20 08:15:43,7289.089,105.8596
2011-02-20 08:30:43,11325.1898,154.8983
2011-02-20 08:45:43,15256.2619,211.8667
2011-02-20 09:00:43,18847.6106,271.1667
2011-02-20 09:15:44,21623.8277,331.0339
2011-02-20 09:30:44,19413.968,320.0333
2011-02-20 09:45:44,24403.9945,403.7541
2011-02-20 10:00:44,25982.2659,463.6333
2011-02-20 10:15:44,25949.0268,459.1864
2011-02-20 10:30:44,28159.3956,507.9322
2011-02-20 10:45:44,29175.5755,542.1967
2011-02-20 11:00:44,30902.8429,573.65
2011-02-20 11:15:44,32704.5725,623.7241
2011-02-20 11:30:44,26645.4773,502.0
2011-02-20 11:45:44,31692.8898,591.0667
2011-02-20 12:00:44,25562.0561,501.6102
2011-02-20 12:15:44,26869.0803,532.7119
2011-02-20 12:30:44,32788.3319,624.85
2011-02-20 12:45:45,34249.6401,645.9833
2011-02-20 13:00:45,28481.8086,538.8667
2011-02-20 13:15:19,31347.6462,605.7917
2011-02-20 13:30:20,39124.4487,726.8772
2011-02-20 13:45:20,35660.6758,666.2281
2011-02-20 14:00:20,27774.1716,526.6167
2011-02-20 14:15:21,37598.6206,692.7333
2011-02-20 14:30:21,38923.353,718.5085
2011-02-20 14:45:21,29701.4868,559.0667
2011-02-20 15:00:22,32590.2613,592.7705
2011-02-20 15:15:22,21936.9065,396.05
2011-02-20 15:30:22,26852.8338,476.7833
2011-02-20 15:45:22,17176.9068,308.459
2011-02-20 16:00:23,6866.4826,140.3559
2011-02-20 16:15:23,3354.714,74.8333
2011-02-20 16:30:23,2303.0181,51.1864
2011-02-20 16:45:23,2215.1043,49.5574
2011-02-20 17:00:22,2944.7561,61.7049
2011-02-20 17:15:22,1071.9016,22.1167
2011-02-20 17:30:22,329.7801,7.5333
2011-02-20 17:45:22,127.7379,2.6333
2011-02-20 18:00:22,0.0,1.1667
2011-02-21 07:15:21,0.0,2.0
2011-02-21 07:30:21,0.0,2.0
2011-02-21 07:45:21,379.9603,8.1803
2011-02-21 08:00:21,679.7033,16.2
2011-02-21 08:15:20,946.821,22.0
2011-02-21 08:30:20,1227.8291,29.0492
2011-02-21 08:45:20,1968.7536,46.9667
2011-02-21 09:00:21,2085.5465,49.7049
2011-02-21 09:15:22,2273.9619,55.6833
2011-02-21 09:30:22,2093.239,52.082
2011-02-21 09:45:22,3032.7344,75.15
2011-02-21 10:15:22,2730.8751,67.8833
2011-02-21 10:30:22,2362.4428,58.5833
2011-02-21 10:45:22,1817.0606,46.6393
2011-02-21 11:00:22,3561.8388,86.5574
2011-02-21 11:15:21,4457.5086,106.4576
2011-02-21 11:30:21,4326.7969,103.35
2011-02-21 11:45:21,4879.0966,115.0667
2011-02-21 12:00:21,5710.5439,136.4098
2011-02-21 12:15:22,4748.3199,111.9492
2011-02-21 12:30:22,3703.0172,88.4833
2011-02-21 12:45:22,2969.7314,71.8333
2011-02-21 13:00:22,3242.8688,77.3607
2011-02-21 13:15:22,3416.1794,80.6949
2011-02-21 13:30:22,3123.861,76.2131
2011-02-21 13:45:22,2677.3822,64.6667
2011-02-21 14:00:22,3567.8344,86.5574
2011-02-21 14:15:21,2478.1192,61.5
2011-02-21 14:30:21,2601.2592,65.4167
2011-02-21 14:45:21,3650.9173,89.2295
2011-02-21 15:00:21,3340.841,81.2833
2011-02-21 15:15:22,2814.1174,67.95
2011-02-21 15:30:22,2115.3657,50.5167
2011-02-21 15:45:22,2298.5591,55.85
2011-02-21 16:00:22,965.0768,22.8983
2011-02-21 16:15:22,773.1682,17.6102
2011-02-21 16:30:22,902.6684,21.4426
2011-02-21 16:45:22,454.4605,10.1967
2011-02-21 17:00:22,126.4029,5.05
2011-02-21 17:15:21,58.1108,3.6949
2011-02-21 17:30:21,19.5738,2.6721
2011-02-21 17:45:21,0.0,2.0
2011-02-22 07:45:19,0.0,10.7857
2011-02-22 08:00:19,0.0,16.5246
2011-02-22 08:15:18,0.0,22.3667
2011-02-22 08:30:18,3.1434,28.4833
2011-02-22 08:45:18,51.3924,35.8525
2011-02-22 09:00:18,164.097,44.2667
2011-02-22 09:15:18,271.8779,54.2034
2011-02-22 09:30:18,346.2197,65.0164
2011-02-22 09:45:18,415.6092,81.0508
2011-02-22 10:00:18,430.3223,104.45
2011-02-22 10:15:19,548.6395,165.3667
2011-02-22 10:30:20,605.2241,278.9833
2011-02-22 10:45:19,665.1609,708.3279
2011-02-22 11:00:20,713.758,687.4
2011-02-22 11:15:18,778.9434,708.1833
2011-02-22 11:30:21,979.1436,774.05
2011-02-22 11:45:22,1121.0302,781.5424
2011-02-22 12:00:22,1290.7097,805.4098
2011-02-22 12:15:22,1287.1283,767.9322
2011-02-22 12:30:22,1562.7291,830.7
2011-02-22 12:45:22,1726.8685,825.3
2011-02-22 13:00:22,1903.1856,820.7333
2011-02-22 13:15:23,2104.388,812.9
2011-02-22 13:30:23,2354.5552,799.0333
2011-02-22 13:45:23,2623.6042,788.2167
2011-02-22 14:00:23,2868.9961,771.6441
2011-02-22 14:15:22,3065.0062,728.5
2011-02-22 14:30:22,3434.9692,743.05
2011-02-22 14:45:22,3441.6837,682.9
2011-02-22 15:00:22,3485.7792,640.55
2011-02-22 15:15:24,3501.7848,594.2333
2011-02-22 15:30:24,3442.4928,543.5
2011-02-22 15:45:24,3298.9772,484.9
2011-02-22 16:00:24,3091.5024,424.7833
2011-02-22 16:15:25,2804.7406,360.8852
2011-02-22 16:30:25,2396.3838,296.9661
2011-02-22 16:45:25,1731.258,224.7667
2011-02-22 17:00:25,237.25,52.623
2011-02-22 17:15:24,73.2334,32.45
2011-02-22 17:30:24,15.7544,21.6333
2011-02-22 17:45:24,0.0,11.2459
2011-02-22 18:00:24,0.0,3.5938
2011-02-23 07:00:23,0.0,6.3333
2011-02-23 07:15:23,10.2795,16.3934
2011-02-23 07:30:24,120.938,31.85
2011-02-23 07:45:24,481.268,51.9667
2011-02-23 08:00:24,921.8383,82.3333
2011-02-23 08:15:24,1370.5371,124.3559
2011-02-23 08:30:24,1828.443,173.9167
2011-02-23 08:45:24,2269.5618,228.35
2011-02-23 09:00:24,2734.4147,286.4833
2011-02-23 09:15:24,3240.822,345.0339
2011-02-23 09:30:24,3811.8771,400.0333
2011-02-23 09:45:25,4458.7484,455.1475
2011-02-23 10:00:25,5236.7519,515.3898
2011-02-23 10:15:25,6121.1251,626.9333
2011-02-23 10:30:25,7070.9656,605.75
2011-02-23 10:45:25,8356.3073,675.1667
2011-02-23 11:00:25,9671.6749,690.1333
2011-02-23 11:15:26,11262.8765,749.3559
2011-02-23 11:30:26,12934.8285,762.7869
2011-02-23 11:45:26,14637.9613,757.1167
2011-02-23 12:00:26,15984.6185,773.1833
2011-02-23 12:15:25,17172.2617,808.0508
2011-02-23 12:30:25,18646.5089,783.2333
2011-02-23 12:45:25,20484.2699,786.35
2011-02-23 13:00:25,22320.1266,787.7167
2011-02-23 13:15:26,23999.4758,790.7119
2011-02-23 13:30:26,25370.6265,782.15
2011-02-23 13:45:26,27286.007,767.8814
2011-02-23 14:00:26,28903.0096,751.7333
2011-02-23 14:15:26,30418.1775,726.0
2011-02-23 14:30:26,31731.6592,695.4915
2011-02-23 14:45:26,31968.9446,661.4237
2011-02-23 15:00:26,31809.0813,620.4167
2011-02-23 15:15:25,31455.8753,579.1695
2011-02-23 15:30:25,30130.5337,529.85
2011-02-23 15:45:25,28043.2859,475.2586
2011-02-23 16:00:25,25631.0362,420.6271
2011-02-23 16:15:26,21444.9554,344.2373
2011-02-23 16:30:26,15615.4737,271.3333
2011-02-23 16:45:26,8971.9217,196.4915
2011-02-23 17:00:26,4848.2182,116.678
2011-02-23 17:15:26,3005.3727,41.5763
2011-02-23 17:30:26,2157.6631,29.7
2011-02-23 17:45:26,1134.4542,15.2951
2011-02-23 18:00:26,111.6809,3.0
2011-02-23 18:15:24,0.0,1.9643
2011-02-24 06:45:22,0.0,2.9722
2011-02-24 07:00:22,271.7674,5.0
2011-02-24 07:15:25,836.7921,16.0833
2011-02-24 07:30:25,2596.9969,46.6
2011-02-24 07:45:25,3164.4253,57.85
2011-02-24 08:00:25,5323.4957,85.0
2011-02-24 08:15:26,8251.0322,110.0
2011-02-24 08:30:26,12542.4884,170.6271
2011-02-24 08:45:26,14692.4294,238.4667
2011-02-24 09:00:26,14011.5796,265.2034
2011-02-24 09:15:26,7584.4941,173.0678
2011-02-24 09:30:26,8664.5623,195.25
2011-02-24 09:45:26,6657.8191,156.0
2011-02-24 10:00:26,10299.5617,232.6441
2011-02-24 10:15:26,10079.1302,233.5833
2011-02-24 10:30:27,9683.1391,223.3051
2011-02-24 10:45:27,9150.8636,216.8333
2011-02-24 11:00:27,8487.5873,203.15
2011-02-24 11:15:26,8836.5445,210.1356
2011-02-24 11:30:27,7521.0386,176.0333
2011-02-24 11:45:26,8439.4299,195.95
2011-02-24 12:00:26,11619.9047,254.2542
2011-02-24 12:15:26,14050.59,313.9492
2011-02-24 12:30:26,12084.4968,275.4576
2011-02-24 12:45:26,12789.9566,281.0847
2011-02-24 13:00:27,14604.4046,316.4
2011-02-24 13:15:28,14327.5311,310.0847
2011-02-24 13:30:28,17246.8489,364.9153
2011-02-24 13:45:28,18143.3342,381.5
2011-02-24 14:00:28,13221.8848,294.4068
2011-02-24 14:15:27,9505.2048,217.1525
2011-02-24 14:30:27,8771.4108,198.8305
2011-02-24 14:45:27,8239.2712,187.75
2011-02-24 15:00:27,8690.2811,198.3333
2011-02-24 15:15:27,6345.5925,150.8475
2011-02-24 15:30:27,4995.2906,118.9333
2011-02-24 15:45:27,3778.3799,91.5
2011-02-24 16:00:28,1957.0752,46.65
2011-02-24 16:15:30,2303.1091,54.1186
2011-02-24 16:30:30,2123.7034,50.0
2011-02-24 16:45:30,2152.0704,49.4655
2011-02-24 17:00:30,1157.9288,26.5574
2011-02-24 17:15:30,774.6947,16.3833
2011-02-24 17:30:30,316.8557,6.8305
2011-02-24 17:45:30,3.4406,1.9831
2011-02-24 18:00:30,0.0,1.6774
2011-02-25 07:30:29,0.0,2.0
2011-02-25 07:45:29,1.029,2.9333
2011-02-25 08:00:29,274.3414,8.1167
2011-02-25 08:15:29,316.6833,9.8167
2011-02-25 08:30:29,612.1283,15.6167
2011-02-25 08:45:29,1120.0459,27.8
2011-02-25 09:00:29,1810.7816,45.6
2011-02-25 09:15:29,2530.7684,63.5
2011-02-25 09:30:29,2689.2447,68.4333
2011-02-25 09:45:29,4089.3894,97.9667
2011-02-25 10:00:29,3419.0483,83.55
2011-02-25 10:15:29,4745.637,116.3559
2011-02-25 10:30:29,4367.448,108.1667
2011-02-25 10:45:29,6489.5491,152.9667
2011-02-25 11:00:29,6680.228,159.5167
2011-02-25 11:15:30,21903.3629,430.3
2011-02-25 11:30:30,39964.5885,796.1333
2011-02-25 11:45:30,40932.3741,792.6333
2011-02-25 12:15:30,43558.5843,883.8983
2011-02-25 12:30:30,26143.2744,560.0167
2011-02-25 12:45:30,27615.6803,566.0333
2011-02-25 13:00:30,18310.6762,372.1864
2011-02-25 13:15:30,29396.6508,580.3898
2011-02-25 13:30:30,31800.6414,625.0667
2011-02-25 13:45:30,1408.1059,35.6333
2011-02-25 14:00:30,6708.3858,160.9
2011-02-25 14:15:32,23891.5323,470.2167
2011-02-25 14:30:32,32423.2925,603.9661
2011-02-25 14:45:32,38084.1758,686.8361
2011-02-25 15:00:32,36826.4518,658.6667
2011-02-25 15:15:31,14147.8998,271.8136
2011-02-25 15:30:31,7610.5752,163.4667
2011-02-25 15:45:31,8437.3373,172.661
2011-02-25 16:00:31,10494.8967,194.5333
2011-02-25 16:15:31,14712.7188,244.45
2011-02-25 16:30:31,5319.8253,115.4167
2011-02-25 16:45:31,3746.1732,80.2
2011-02-25 17:00:31,2026.7668,43.7667
2011-02-25 17:15:32,1696.2826,35.55
2011-02-25 17:30:32,1270.0151,26.9333
2011-02-25 17:45:32,633.6282,12.95
2011-02-25 18:00:32,124.8122,3.5167
2011-02-25 18:15:31,0.0,2.0
2011-02-26 06:45:30,0.0,2.0303
2011-02-26 07:00:30,147.8207,3.2167
2011-02-26 07:15:30,669.342,13.3559
2011-02-26 07:30:29,1197.5207,25.7667
2011-02-26 07:45:29,2238.3716,47.5082
2011-02-26 08:00:29,3540.6912,74.3559
2011-02-26 08:15:29,4729.5397,99.15
2011-02-26 08:30:29,6198.569,132.1167
2011-02-26 08:45:29,7283.9175,154.8
2011-02-26 09:00:31,12580.8056,235.2667
2011-02-26 09:15:32,14459.3937,272.1167
2011-02-26 09:30:33,13666.4818,269.2034
2011-02-26 09:45:33,13948.4548,283.8525
2011-02-26 10:00:33,11874.9432,250.5965
2011-02-26 10:15:33,17436.8229,348.1667
2011-02-26 10:30:33,18131.9922,359.6441
2011-02-26 10:45:33,21774.8603,424.3
2011-02-26 11:00:33,25348.9069,489.9508
2011-02-26 11:15:33,27524.0897,534.9831
2011-02-26 11:30:33,24530.7803,486.1
2011-02-26 11:45:33,21431.3206,437.9167
2011-02-26 12:00:33,19958.1976,415.8361
2011-02-26 12:15:33,17461.4581,364.3051
2011-02-26 12:30:33,22364.4333,449.6333
2011-02-26 12:45:33,22799.3666,454.1333
2011-02-26 13:00:33,28646.0716,560.9333
2011-02-26 13:15:33,28510.8896,549.5254
2011-02-26 13:30:33,26370.4967,510.7
2011-02-26 13:45:33,26209.2394,506.0
2011-02-26 14:00:33,30097.0527,566.8475
2011-02-26 14:15:34,27949.6326,527.8475
2011-02-26 14:30:35,28617.0734,536.05
2011-02-26 14:45:35,26213.6809,487.3167
2011-02-26 15:15:34,17291.6573,331.7458
2011-02-26 15:30:34,16518.357,314.3898
2011-02-26 15:45:34,13505.1196,261.0
2011-02-26 16:00:34,16796.0486,303.85
2011-02-26 16:15:34,14405.1554,256.7119
2011-02-26 16:30:34,11578.0726,213.7931
2011-02-26 16:45:34,6794.0144,147.2459
2011-02-26 17:00:34,5668.5148,135.6949
2011-02-26 17:15:36,3489.9515,50.7333
2011-02-26 17:30:36,2156.9037,32.4576
2011-02-26 17:45:36,1292.1362,19.8833
2011-02-26 18:00:36,440.8873,5.5167
2011-02-26 18:15:35,0.0,1.9032
2011-02-27 07:00:33,0.0,2.0
2011-02-27 07:15:33,0.0,2.0
2011-02-27 07:30:33,58.6046,2.9167
2011-02-27 07:45:33,742.867,17.0333
2011-02-27 08:00:33,1072.1337,25.4667
2011-02-27 08:15:33,1324.1575,31.6167
2011-02-27 08:30:33,1692.233,41.0667
2011-02-27 08:45:33,2274.5033,55.1
2011-02-27 09:00:33,2964.7956,74.0333
2011-02-27 09:15:33,4353.9118,103.6949
2011-02-27 09:30:33,5980.9134,139.4407
2011-02-27 09:45:33,5222.4392,124.6167
2011-02-27 10:00:33,8387.2886,188.4
2011-02-27 10:15:33,14718.9459,305.8305
2011-02-27 10:30:33,11746.0569,254.918
2011-02-27 10:45:33,26100.0344,503.678
2011-02-27 11:00:33,30177.998,599.35
2011-02-27 11:15:33,35190.7598,668.5424
2011-02-27 11:30:33,39116.6345,742.1333
2011-02-27 11:45:33,38297.1249,763.0678
2011-02-27 12:00:33,27291.2293,541.6333
2011-02-27 12:15:34,26985.6998,540.7288
2011-02-27 12:30:34,32410.4441,650.6333
2011-02-27 12:45:34,39412.1031,773.2333
2011-02-27 13:00:34,40646.4127,801.9833
2011-02-27 13:15:33,39511.4805,778.1186
2011-02-27 13:30:33,39299.1337,766.4
2011-02-27 13:45:33,37570.3834,727.4237
2011-02-27 14:00:33,28723.7336,554.2667
2011-02-27 14:15:33,26683.7599,516.3559
2011-02-27 14:30:33,23264.5931,457.6833
2011-02-27 14:45:33,15819.9149,319.3898
2011-02-27 15:00:33,15287.5857,308.9333
2011-02-27 15:15:35,13325.5625,272.3276
2011-02-27 15:30:35,13826.115,275.55
2011-02-27 15:45:35,13339.3676,265.3051
2011-02-27 16:00:35,8376.1331,172.8333
2011-02-27 16:15:34,18124.367,314.1525
2011-02-27 16:30:34,18601.9136,317.5345
2011-02-27 16:45:34,10783.1674,203.65
2011-02-27 17:00:33,6693.6453,146.0
2011-02-27 17:15:34,4310.0425,68.6102
2011-02-27 17:30:34,2495.1857,40.6667
2011-02-27 17:45:34,1267.0475,21.5
2011-02-27 18:00:34,250.698,4.4
2011-02-27 18:15:35,0.0,1.3103
2011-02-28 07:00:32,58.9637,2.6275
2011-02-28 07:15:32,330.4721,6.8983
2011-02-28 07:30:32,1471.9602,32.0984
2011-02-28 07:45:33,3079.5802,63.8833
2011-02-28 08:00:33,4186.8518,87.95
2011-02-28 08:15:33,5426.0135,102.3559
2011-02-28 08:30:33,4294.4923,93.4098
2011-02-28 08:45:34,10811.582,177.2333
2011-02-28 09:00:35,16439.0827,265.1
2011-02-28 09:15:35,19529.707,327.5
2011-02-28 09:30:35,22299.6186,386.8833
2011-02-28 09:45:35,21055.5825,384.7377
2011-02-28 10:00:35,25402.9779,465.7333
2011-02-28 10:15:35,29586.853,555.0678
2011-02-28 10:30:35,27312.0257,533.2034
2011-02-28 10:45:35,28869.0144,574.0167
2011-02-28 11:00:35,20650.3816,432.2241
2011-02-28 11:15:35,4143.7395,96.0333
2011-02-28 11:30:35,2324.0385,58.5833
2011-02-28 11:45:35,1009.6757,27.1833
2011-02-28 12:00:35,1242.228,33.45
2011-02-28 12:15:36,1282.9315,34.35
2011-02-28 12:30:36,1628.8803,44.0667
2011-02-28 12:45:36,3147.6827,82.0
2011-02-28 13:00:36,1869.8435,50.1148
2011-02-28 13:15:36,1729.8138,47.9298
2011-02-28 13:30:36,2037.7001,55.0333
2011-02-28 13:45:36,2363.1556,61.9344
2011-02-28 14:00:37,2577.5856,66.9153
2011-02-28 14:15:37,2628.3448,66.931
2011-02-28 14:30:37,2033.8329,52.7333
2011-02-28 14:45:37,2295.7539,59.0333
2011-02-28 15:00:37,2235.5725,56.8167
2011-02-28 15:15:38,1578.1777,40.7797
2011-02-28 15:30:38,1425.0166,36.1
2011-02-28 15:45:38,888.5528,22.6066
2011-02-28 16:00:38,584.4598,14.9667
2011-02-28 16:15:37,383.5866,12.5254
2011-02-28 16:30:37,387.4825,11.95
2011-02-28 16:45:37,447.878,12.1186
2011-02-28 17:00:38,334.0719,8.9333
2011-02-28 17:15:38,71.4418,5.2542
2011-02-28 17:30:39,1.3926,1.541
2011-02-28 17:45:39,0.0,1.0164
2011-02-28 18:00:39,0.0,1.0882
2011-03-01 06:45:36,23.7632,2.5192
2011-03-01 07:00:36,408.2267,8.8833
2011-03-01 07:15:38,911.6306,23.8667
2011-03-01 07:30:38,1817.8077,41.3
2011-03-01 07:45:38,3498.5255,63.15
2011-03-01 08:00:38,6381.1586,96.5738
2011-03-01 08:15:38,10414.4123,140.1034
2011-03-01 08:30:39,13891.8021,190.7167
2011-03-01 08:45:40,17251.372,246.7586
2011-03-01 09:00:39,20481.5842,305.3667
2011-03-01 09:15:38,23612.56,365.4237
2011-03-01 09:30:38,26580.2104,423.8833
2011-03-01 09:45:38,29242.1211,478.0833
2011-03-01 10:00:38,31866.2581,532.55
2011-03-01 10:15:39,34208.5125,581.9831
2011-03-01 10:30:40,36260.0589,661.6167
2011-03-01 10:45:40,37604.5484,712.9167
2011-03-01 11:00:40,39098.8696,699.1
2011-03-01 11:15:40,40912.4421,785.7667
2011-03-01 11:30:40,41562.0057,756.4833
2011-03-01 11:45:40,42293.5867,788.2667
2011-03-01 12:00:40,42580.1227,791.9667
2011-03-01 12:15:40,43411.9776,807.5167
2011-03-01 12:30:40,43025.8241,807.4
2011-03-01 12:45:40,42948.1336,805.4667
2011-03-01 13:00:39,42707.2535,798.9833
2011-03-01 13:15:39,42389.175,796.05
2011-03-01 13:30:39,41849.3717,786.0333
2011-03-01 13:45:39,41259.2454,770.1695
2011-03-01 14:00:39,40584.5355,749.4333
2011-03-01 14:15:39,39557.8008,726.3167
2011-03-01 14:30:39,38557.7339,696.6333
2011-03-01 14:45:39,36898.357,660.7705
2011-03-01 15:00:39,35002.6494,622.5333
2011-03-01 15:15:39,33252.8812,578.65
2011-03-01 15:30:39,31367.5744,533.8
2011-03-01 15:45:39,28843.094,480.4068
2011-03-01 16:00:39,26295.4446,425.6833
2011-03-01 16:15:40,23258.2327,364.7069
2011-03-01 16:30:40,20072.4762,304.6833
2011-03-01 16:45:40,14248.3175,239.2542
2011-03-01 17:15:40,3892.1246,50.2542
2011-03-01 17:30:40,2709.5074,37.0833
2011-03-01 17:45:40,1411.8056,19.8033
2011-03-01 18:00:40,397.3267,5.3333
2011-03-01 18:15:41,0.0,1.9216
2011-03-02 06:45:41,28.8373,2.6491
2011-03-02 07:00:41,490.022,11.0
2011-03-02 07:15:40,1039.9607,26.0667
2011-03-02 07:30:40,1910.5775,42.4833
2011-03-02 07:45:40,3494.6101,64.95
2011-03-02 08:00:40,6286.0773,98.7167
2011-03-02 08:15:42,10262.6798,142.1833
2011-03-02 08:30:42,13525.7125,191.6
2011-03-02 08:45:42,16843.3878,246.5593
2011-03-02 09:00:42,20118.6296,305.25
2011-03-02 09:15:42,22689.3325,355.5667
2011-03-02 09:30:42,25595.0321,411.2
2011-03-02 09:45:42,28533.2336,469.7833
2011-03-02 10:00:42,30659.3425,515.4
2011-03-02 10:15:41,32874.292,563.9661
2011-03-02 10:30:41,36082.8899,641.1833
2011-03-02 10:45:41,33277.9041,630.7833
2011-03-02 11:00:42,36808.725,656.3333
2011-03-02 11:15:43,38600.2305,736.75
2011-03-02 11:30:43,40541.9533,740.3607
2011-03-02 11:45:43,40810.984,756.2167
2011-03-02 12:00:43,42373.5421,809.082
2011-03-02 12:15:43,42019.6526,790.2203
2011-03-02 12:30:44,43663.2673,816.6
2011-03-02 12:45:44,43803.8481,820.6
2011-03-02 13:00:44,42639.4203,803.377
2011-03-02 13:15:43,42481.9726,807.1017
2011-03-02 13:30:43,42429.2352,797.3
2011-03-02 13:45:43,42115.6053,788.85
2011-03-02 14:00:43,40700.9795,757.6949
2011-03-02 14:15:44,39881.3803,735.7966
2011-03-02 14:30:44,37406.9138,683.1667
2011-03-02 14:45:44,34924.4775,634.5738
2011-03-02 15:00:44,34896.0416,628.2667
2011-03-02 15:15:44,33314.3961,589.1
2011-03-02 15:30:44,29832.0694,522.8475
2011-03-02 15:45:44,21581.6573,376.7833
2011-03-02 16:00:44,24031.9729,409.7119
2011-03-02 16:15:43,23168.2297,375.8667
2011-03-02 16:30:43,20018.762,314.4833
2011-03-02 16:45:43,14700.8069,249.9167
2011-03-02 17:15:44,3871.0448,48.678
2011-03-02 17:30:44,2674.2864,36.7833
2011-03-02 17:45:44,1543.6967,21.6667
2011-03-02 18:15:45,0.0,1.1667
2011-03-03 06:30:45,0.0,3.0
2011-03-03 06:45:45,51.3427,3.7667
2011-03-03 07:00:45,673.3263,14.1311
2011-03-03 07:15:44,1237.0618,27.8833
2011-03-03 07:30:44,2062.4704,43.9322
2011-03-03 07:45:44,3723.9797,68.5833
2011-03-03 08:00:44,6975.7118,109.0333
2011-03-03 08:15:44,10934.4087,152.6
2011-03-03 08:30:44,12596.5538,179.8136
2011-03-03 08:45:44,18235.0792,260.6667
2011-03-03 09:00:44,21368.8466,320.3833
2011-03-03 09:15:45,24859.926,384.3559
2011-03-03 09:30:45,27819.031,443.678
2011-03-03 09:45:45,30873.2514,509.0
2011-03-03 10:00:45,32038.9355,540.1833
2011-03-03 10:15:44,34843.5762,597.0333
2011-03-03 10:30:45,36925.9224,645.7167
2011-03-03 10:45:45,38863.0945,752.4746
2011-03-03 11:00:46,39760.6064,715.4754
2011-03-03 11:15:47,41056.1117,777.6167
2011-03-03 11:30:47,42652.9519,803.1186
2011-03-03 11:45:47,43082.0465,797.3
2011-03-03 12:00:47,43875.2244,871.7213
2011-03-03 12:15:47,44574.7228,845.4068
2011-03-03 12:30:47,44746.1918,837.4
2011-03-03 12:45:46,44724.5127,840.1864
2011-03-03 13:00:47,44457.0235,838.3279
2011-03-03 13:15:46,44352.519,835.65
2011-03-03 13:30:46,43619.4103,821.8305
2011-03-03 13:45:46,42650.4561,802.377
2011-03-03 14:00:46,41420.3276,775.85
2011-03-03 14:15:47,39383.5561,730.1833
2011-03-03 14:30:47,39088.4623,717.4333
2011-03-03 14:45:47,38116.8306,691.678
2011-03-03 15:00:47,36217.2118,646.1967
2011-03-03 15:15:47,33143.8919,579.0333
2011-03-03 15:30:47,32361.1678,551.7458
2011-03-03 15:45:47,29145.8475,487.75
2011-03-03 16:00:47,26022.0016,421.7288
2011-03-03 16:15:47,17290.9928,280.3621
2011-03-03 16:30:46,12432.3751,209.95
2011-03-03 16:45:46,9688.035,170.5333
2011-03-03 17:00:47,5396.3823,103.8197
2011-03-03 17:15:48,3927.8333,70.6949
2011-03-03 17:30:48,2469.2652,45.2333
2011-03-03 17:45:48,1105.1282,19.3
2011-03-03 18:00:48,240.1612,4.4333
2011-03-03 18:15:48,0.0,2.0
2011-03-04 06:45:47,208.3252,3.9298
2011-03-04 07:00:47,802.2428,16.3833
2011-03-04 07:15:47,1619.6101,35.339
2011-03-04 07:30:47,2935.0807,61.2167
2011-03-04 07:45:47,4726.5923,88.15
2011-03-04 08:00:47,6260.9824,103.5667
2011-03-04 08:15:47,9864.0779,143.4576
2011-03-04 08:30:47,13906.3874,204.2712
2011-03-04 08:45:47,15061.8704,230.6949
2011-03-04 09:00:47,20608.9826,313.8667
2011-03-04 09:15:48,22914.4714,364.6441
2011-03-04 09:30:48,26822.9592,437.0667
2011-03-04 09:45:48,28082.5963,469.3
2011-03-04 10:00:48,31714.4772,540.1167
2011-03-04 10:15:47,34828.5759,604.3898
2011-03-04 10:30:47,32080.2315,572.2167
2011-03-04 10:45:47,36419.9488,669.0
2011-03-04 11:00:47,37184.6064,693.6949
2011-03-04 11:15:47,40587.0274,767.4068
2011-03-04 11:30:47,42293.9773,802.4333
2011-03-04 11:45:48,44019.0193,820.6333
2011-03-04 12:00:48,37652.7048,717.25
2011-03-04 12:30:49,43732.9436,817.6667
2011-03-04 12:45:50,44565.4275,834.45
2011-03-04 13:00:51,44478.6804,835.2167
2011-03-04 13:15:51,44164.1694,829.45
2011-03-04 13:30:51,44295.2489,828.3667
2011-03-04 13:45:51,42907.1851,800.5333
2011-03-04 14:00:51,40702.437,758.8361
2011-03-04 14:15:51,39211.5761,723.2833
2011-03-04 14:30:51,39621.1038,723.8136
2011-03-04 14:45:52,37516.655,678.8361
2011-03-04 15:00:52,35368.7666,634.25
2011-03-04 15:15:52,30900.8758,550.6949
2011-03-04 15:30:52,29525.1942,519.1525
2011-03-04 15:45:52,27068.2434,467.1148
2011-03-04 16:00:52,25139.5778,420.8167
2011-03-04 16:15:51,21282.82,353.8644
2011-03-04 16:30:51,18209.2359,296.7705
2011-03-04 16:45:50,11265.2898,199.678
2011-03-04 17:00:50,8683.2905,162.1864
2011-03-04 17:15:51,5673.9204,92.3833
2011-03-04 17:30:51,3150.369,56.3509
2011-03-04 17:45:51,1333.5094,22.4407
2011-03-04 18:00:52,351.2195,5.0164
2011-03-04 18:15:52,0.0,1.4359
2011-03-05 06:45:50,0.0,1.8276
2011-03-05 07:00:50,287.458,6.7833
2011-03-05 07:15:51,736.0069,17.5254
2011-03-05 07:30:51,1776.4674,41.8667
2011-03-05 07:45:51,2340.5274,55.0833
2011-03-05 08:00:51,4132.148,93.15
2011-03-05 08:15:50,4401.1164,99.1186
2011-03-05 08:30:50,4079.5792,94.5902
2011-03-05 08:45:50,4702.2402,107.95
2011-03-05 09:00:50,5980.3699,138.25
2011-03-05 09:15:51,6398.2865,149.5167
2011-03-05 09:30:51,6962.9517,164.6667
2011-03-05 09:45:51,6720.9632,159.65
2011-03-05 10:00:51,8063.2077,184.9167
2011-03-05 10:15:50,9098.5794,209.678
2011-03-05 10:30:50,9165.076,209.3
2011-03-05 10:45:51,17772.3274,369.1833
2011-03-05 11:00:51,25227.6492,501.7833
2011-03-05 11:15:51,20392.5398,412.9667
2011-03-05 11:30:51,18120.7004,381.6167
2011-03-05 11:45:51,24168.5326,491.7333
2011-03-05 12:00:51,24917.1836,505.5167
2011-03-05 12:15:53,28748.9639,588.8621
2011-03-05 12:30:53,14024.5133,308.2833
2011-03-05 12:45:53,17428.2899,376.0167
2011-03-05 13:00:53,11936.2795,262.5
2011-03-05 13:15:52,9674.0984,222.2034
2011-03-05 13:30:52,11462.9886,247.1667
2011-03-05 13:45:52,15832.5955,341.8983
2011-03-05 14:00:52,17540.552,368.4667
2011-03-05 14:15:52,11950.2356,262.6102
2011-03-05 14:30:52,9660.5885,209.7167
2011-03-05 14:45:52,13736.9165,297.6333
2011-03-05 15:00:52,15197.3713,316.2373
2011-03-05 15:15:53,11128.834,240.5833
2011-03-05 15:30:53,9321.9485,206.55
2011-03-05 15:45:52,8440.1171,184.2542
2011-03-05 16:00:52,8550.9727,182.9667
2011-03-05 16:15:51,8624.8232,182.0
2011-03-05 16:30:51,5097.5299,115.0
2011-03-05 16:45:51,3802.3008,86.3559
2011-03-05 17:00:52,2289.994,53.2951
2011-03-05 17:15:54,1204.7372,26.5593
2011-03-05 17:30:54,758.1556,15.1
2011-03-05 17:45:54,348.3708,6.8033
2011-03-05 18:00:53,0.0,1.95
2011-03-05 18:15:53,0.0,2.0
2011-03-06 06:45:51,0.0,1.8182
2011-03-06 07:15:51,46.3417,4.5593
2011-03-06 07:30:51,461.0253,10.4
2011-03-06 07:45:51,989.2587,23.5167
2011-03-06 08:00:51,1787.4526,42.5667
2011-03-06 08:15:50,1776.0419,43.3051
2011-03-06 08:30:50,1734.1676,42.9
2011-03-06 08:45:50,1920.9113,49.0667
2011-03-06 09:00:50,1717.9654,44.4918
2011-03-06 09:15:51,2477.8601,62.5254
2011-03-06 09:30:52,3426.2454,86.5
2011-03-06 09:45:52,2873.2277,73.9833
2011-03-06 10:00:52,1751.5759,46.2951
2011-03-06 10:15:51,2428.5411,63.4746
2011-03-06 10:30:51,2560.3182,68.7833
2011-03-06 10:45:51,2856.0071,76.6
2011-03-06 11:15:51,2857.0662,76.7288
2011-03-06 11:30:52,5405.2481,137.2833
2011-03-06 11:45:52,6665.1901,165.4667
2011-03-06 12:00:52,6733.8366,167.2667
2011-03-06 12:15:53,4176.6817,107.0833
2011-03-06 12:30:53,4176.6489,107.05
2011-03-06 12:45:53,4095.969,104.65
2011-03-06 13:00:53,5550.5067,141.8361
2011-03-06 13:15:53,2167.9308,58.1525
2011-03-06 13:30:53,3396.1929,89.2167
2011-03-06 13:45:53,2695.5988,70.541
2011-03-06 14:00:53,2347.4175,62.1333
2011-03-06 14:15:52,3552.8287,92.1356
2011-03-06 14:30:52,5561.6118,137.6
2011-03-06 14:45:52,2891.9768,73.7
2011-03-06 15:00:52,2519.8231,65.0333
2011-03-06 15:15:53,1724.9339,44.8333
2011-03-06 15:30:53,1652.8396,43.9833
2011-03-06 15:45:53,1724.0904,45.5085
2011-03-06 16:00:54,527.2422,13.45
2011-03-06 16:15:53,559.8934,15.7119
2011-03-06 16:30:52,360.2973,11.2623
2011-03-06 16:45:53,231.898,9.4
2011-03-06 17:00:53,52.0853,6.8667
2011-03-06 17:15:53,0.0,2.7667
2011-03-06 17:30:53,0.0,1.8167
2011-03-06 17:45:53,0.0,1.8033
2011-03-06 18:00:53,0.0,2.0
2011-03-07 06:30:52,0.0,2.0
2011-03-07 06:45:52,216.7481,5.3607
2011-03-07 07:00:52,597.3324,15.8333
2011-03-07 07:15:53,1082.0746,30.1525
2011-03-07 07:30:53,2107.425,47.2833
2011-03-07 07:45:53,4024.4991,74.8689
2011-03-07 08:00:53,7433.7635,114.8983
2011-03-07 08:15:52,11876.4883,165.6271
2011-03-07 08:30:52,15637.6798,223.1695
2011-03-07 08:45:52,19101.5309,285.1167
2011-03-07 09:00:52,22462.7861,349.0339
2011-03-07 09:15:52,25713.2646,412.6034
2011-03-07 09:30:52,29076.3252,479.1667
2011-03-07 09:45:52,31475.5646,530.7797
2011-03-07 10:00:52,34175.1619,584.1475
2011-03-07 10:15:53,36743.2138,635.2203
2011-03-07 10:30:54,38488.8412,679.35
2011-03-07 10:45:54,40468.4797,721.5
2011-03-07 11:00:54,42102.7816,838.6667
2011-03-07 11:15:53,43445.3499,811.3167
2011-03-07 11:30:53,44575.1545,851.6
2011-03-07 11:45:53,45646.2026,858.1
2011-03-07 12:00:53,46427.5869,864.6833
2011-03-07 12:15:54,46762.5708,933.2414
2011-03-07 12:30:54,46650.7908,873.75
2011-03-07 12:45:54,46359.2103,873.8
2011-03-07 13:00:54,46834.0612,871.15
2011-03-07 13:15:55,45983.5507,861.5932
2011-03-07 13:30:55,45459.5956,852.7333
2011-03-07 13:45:55,45105.3135,839.4
2011-03-07 14:15:54,43066.4303,798.1525
2011-03-07 14:30:54,41824.2552,766.0333
2011-03-07 14:45:55,40099.7727,729.459
2011-03-07 15:00:55,38380.4844,687.0667
2011-03-07 15:15:55,36518.834,644.8644
2011-03-07 15:30:55,34141.7479,595.35
2011-03-07 15:45:55,31746.0656,542.9661
2011-03-07 16:00:55,28846.9149,485.6441
2011-03-07 16:15:56,25825.5081,421.1167
2011-03-07 16:30:56,22588.2249,355.5667
2011-03-07 16:45:56,18854.2166,289.1667
2011-03-07 17:00:56,12320.6585,218.3833
2011-03-07 17:15:55,5899.7298,69.0847
2011-03-07 17:30:55,3005.6213,36.9833
2011-03-07 17:45:55,1625.1898,21.8167
2011-03-07 18:15:56,4.939,1.9492
2011-03-08 06:30:52,4.9465,2.0
2011-03-08 06:45:53,359.3164,6.9833
2011-03-08 07:00:53,763.8432,18.3729
2011-03-08 07:15:53,1516.2711,37.1167
2011-03-08 07:30:53,2787.0912,60.2
2011-03-08 07:45:53,4834.653,84.9167
2011-03-08 08:00:53,8013.1258,122.6833
2011-03-08 08:15:53,12255.6679,171.95
2011-03-08 08:30:53,15985.2836,227.7797
2011-03-08 08:45:53,19138.0337,285.8667
2011-03-08 09:00:53,21954.1902,341.8
2011-03-08 09:15:53,25349.9664,408.4407
2011-03-08 09:30:53,27491.6982,458.7667
2011-03-08 09:45:53,30415.9545,517.0
2011-03-08 10:00:53,33076.3782,575.1167
2011-03-08 10:15:54,33452.9238,591.0508
2011-03-08 10:30:54,36612.7052,655.3833
2011-03-08 10:45:55,36317.8929,663.4667
2011-03-08 11:00:55,37785.7367,739.6207
2011-03-08 11:15:54,36298.3434,704.5085
2011-03-08 11:30:54,39345.4965,740.7049
2011-03-08 11:45:54,34100.9348,670.35
2011-03-08 12:15:54,35219.4059,683.5932
2011-03-08 12:30:54,37529.6184,718.7167
2011-03-08 12:45:55,39343.5543,752.8333
2011-03-08 13:00:55,37328.9493,709.1167
2011-03-08 13:15:56,37218.0706,712.3898
2011-03-08 13:30:56,26530.8047,518.6333
2011-03-08 13:45:56,21602.7513,432.6667
2011-03-08 14:00:56,22723.6044,453.4
2011-03-08 14:15:55,18761.3003,383.5
2011-03-08 14:30:55,13620.4294,288.0
2011-03-08 14:45:55,11181.8415,239.8448
2011-03-08 15:00:55,12106.9283,255.1833
2011-03-08 15:15:55,18391.9037,355.5517
2011-03-08 15:30:55,28773.6007,518.1017
2011-03-08 15:45:55,30486.9317,535.0169
2011-03-08 16:00:55,27484.2648,468.6271
2011-03-08 16:15:56,24292.0123,403.5932
2011-03-08 16:30:56,15586.4127,264.339
2011-03-08 16:45:56,8818.3174,161.7931
2011-03-08 17:00:56,9127.4239,163.339
2011-03-08 17:15:55,8934.4993,121.6271
2011-03-08 17:30:55,3527.5111,49.0508
2011-03-08 17:45:55,2114.734,30.0667
2011-03-08 18:00:56,843.753,12.6
2011-03-08 18:15:57,20.6387,2.2542
2011-03-08 18:30:57,0.0,2.25
2011-03-09 06:30:54,0.0,2.0
2011-03-09 06:45:54,168.6091,3.6333
2011-03-09 07:00:55,759.827,15.5902
2011-03-09 07:15:55,1292.3435,27.9492
2011-03-09 07:30:55,2014.3694,44.4167
2011-03-09 07:45:55,2686.4654,58.9667
2011-03-09 08:00:55,2962.3293,67.541
2011-03-09 08:15:55,2707.8418,63.5085
2011-03-09 08:30:55,6016.9525,137.1695
2011-03-09 08:45:55,8041.1635,179.05
2011-03-09 09:00:55,8046.2008,179.8667
2011-03-09 09:15:56,9558.5944,211.0667
2011-03-09 09:30:56,12379.3713,263.55
2011-03-09 09:45:56,20255.5924,394.4068
2011-03-09 10:00:56,11726.2468,257.4
2011-03-09 10:15:57,10372.3327,237.7241
2011-03-09 10:30:57,11381.1952,258.8983
2011-03-09 10:45:57,9952.5011,231.65
2011-03-09 11:00:57,12170.2731,282.0169
2011-03-09 11:15:56,14181.7469,324.2034
2011-03-09 11:30:56,10498.4645,245.9667
2011-03-09 11:45:56,11880.8865,274.2
2011-03-09 12:00:56,7756.9609,183.4333
2011-03-09 12:15:56,8449.982,202.7966
2011-03-09 12:30:56,5264.5251,129.05
2011-03-09 12:45:56,7172.6476,171.8361
2011-03-09 13:00:56,8794.0294,205.7759
2011-03-09 13:15:57,8560.8163,200.8136
2011-03-09 13:30:57,10089.1029,236.7667
2011-03-09 13:45:57,6739.0399,162.8305
2011-03-09 14:15:56,5484.7842,132.3559
2011-03-09 14:30:56,4859.144,116.1333
2011-03-09 14:45:55,5983.345,141.1311
2011-03-09 15:00:56,4755.1049,113.661
2011-03-09 15:15:56,3816.2676,90.35
2011-03-09 15:30:56,4244.3793,99.2
2011-03-09 15:45:56,3295.2933,78.1167
2011-03-09 16:00:57,2676.7357,66.15
2011-03-09 16:15:59,1800.4296,44.1186
2011-03-09 16:30:59,1356.904,32.4167
2011-03-09 16:45:59,1142.5156,27.1803
2011-03-09 17:00:59,643.3592,14.0667
2011-03-09 17:15:58,611.0236,13.5424
2011-03-09 17:30:58,257.8423,6.7213
2011-03-09 17:45:58,1.041,2.0833
2011-03-09 18:00:58,0.0,1.9667
2011-03-10 06:45:56,0.0,2.0
2011-03-10 07:00:56,17.3214,2.8525
2011-03-10 07:15:55,454.7649,9.9322
2011-03-10 07:30:55,481.1961,11.4426
2011-03-10 07:45:55,518.2975,12.9661
2011-03-10 08:00:55,1153.6208,29.7541
2011-03-10 08:15:55,1408.8296,35.7627
2011-03-10 08:30:55,1397.1363,35.5246
2011-03-10 08:45:55,1399.6248,36.6167
2011-03-10 09:00:55,1500.6116,39.75
2011-03-10 09:15:55,1501.4659,41.0
2011-03-10 09:30:55,1636.4263,44.2833
2011-03-10 09:45:55,2360.5242,63.623
2011-03-10 10:00:56,2614.2262,71.1167
2011-03-10 10:15:56,2124.5863,59.4167
2011-03-10 10:30:56,2174.6428,60.05
2011-03-10 10:45:56,2609.2881,70.7667
2011-03-10 11:00:56,3156.5934,85.85
2011-03-10 11:15:56,3379.7401,92.1833
2011-03-10 11:30:56,2724.2039,74.1333
2011-03-10 11:45:56,3460.361,94.55
2011-03-10 12:00:57,2890.3262,81.9672
2011-03-10 12:15:57,3116.2925,85.8333
2011-03-10 12:30:58,3117.4052,85.0333
2011-03-10 12:45:58,3363.9062,90.2333
2011-03-10 13:00:57,3617.6473,96.4667
2011-03-10 13:15:59,2845.251,75.8305
2011-03-10 13:30:59,2768.5873,75.6
2011-03-10 13:45:00,1638.9166,47.7193
2011-03-10 14:00:00,2139.7004,60.8
2011-03-10 14:15:00,1596.9926,45.45
2011-03-10 14:30:00,1338.0785,37.8833
2011-03-10 14:45:00,1843.2728,51.1667
2011-03-10 15:00:00,1159.6901,33.1967
2011-03-10 15:15:00,1544.4952,42.8983
2011-03-10 15:30:00,859.0111,24.4918
2011-03-10 15:45:00,560.4202,15.6
2011-03-10 16:00:00,504.9399,14.7377
2011-03-10 16:15:00,12.7177,7.6949
2011-03-10 16:30:00,297.524,10.65
2011-03-10 16:45:00,241.3147,8.623
2011-03-10 17:00:01,456.804,10.9492
2011-03-10 17:15:01,293.9972,8.0508
2011-03-10 17:30:01,0.0,2.4262
2011-03-10 17:45:01,0.0,1.1967
2011-03-10 18:00:01,0.0,1.3571
2011-03-11 06:30:00,0.0,1.9535
2011-03-11 06:45:00,330.9505,7.4262
2011-03-11 07:00:00,867.0538,19.75
2011-03-11 07:15:59,1322.2357,30.3968
2011-03-11 07:30:59,2448.4392,53.7667
2011-03-11 07:45:59,4675.8881,93.1
2011-03-11 08:00:59,6213.1515,108.1
2011-03-11 08:15:00,12104.6554,182.2727
2011-03-11 08:30:00,16160.2893,239.7966
2011-03-11 08:45:00,19721.2374,306.1148
2011-03-11 09:00:00,18071.2913,307.0167
2011-03-11 09:15:00,12779.5492,267.4068
2011-03-11 09:30:00,12659.8231,273.5
2011-03-11 09:45:00,9853.7327,223.8167
2011-03-11 10:00:00,8819.967,202.35
2011-03-11 10:15:59,9676.3612,215.4127
2011-03-11 10:30:59,12079.0676,271.5
2011-03-11 10:45:59,9687.5432,225.1833
2011-03-11 11:00:59,8530.7259,196.35
2011-03-11 11:15:00,14832.2844,326.5636
2011-03-11 11:30:00,23204.8858,486.1167
2011-03-11 11:45:00,23425.6392,487.4098
2011-03-11 12:00:00,24710.9891,501.0167
2011-03-11 12:15:00,28181.0081,572.2373
2011-03-11 12:30:00,31558.3893,634.9167
2011-03-11 12:45:00,23683.9308,483.9667
2011-03-11 13:00:00,43549.4019,846.5
2011-03-11 13:15:00,42771.304,853.0678
2011-03-11 13:30:00,20841.9205,431.8167
2011-03-11 13:45:00,21716.7464,456.8644
2011-03-11 14:00:00,9255.5411,209.7119
2011-03-11 14:15:00,6675.444,151.9492
2011-03-11 14:30:00,6634.3697,158.0667
2011-03-11 14:45:00,8282.0283,189.4746
2011-03-11 15:00:00,8174.5572,186.8475
2011-03-11 15:15:00,12804.1249,269.9833
2011-03-11 15:30:01,13766.8808,279.9831
2011-03-11 15:45:01,9905.0952,211.0508
2011-03-11 16:00:01,7145.2072,160.9
2011-03-11 16:15:01,6105.6587,135.5172
2011-03-11 16:30:01,4611.5856,105.9661
2011-03-11 16:45:01,4123.0437,93.5
2011-03-11 17:00:01,2169.0014,48.4333
2011-03-11 17:15:01,5133.294,83.8644
2011-03-11 17:30:01,2793.4585,58.6
2011-03-11 17:45:01,1288.9485,25.8136
2011-03-11 18:00:01,506.0729,8.4333
2011-03-11 18:15:01,7.3397,2.339
2011-03-11 18:30:01,0.0,2.0
2011-03-12 06:30:01,65.8818,2.7857
2011-03-12 06:45:01,526.3068,12.0328
2011-03-12 07:00:01,949.8237,24.1
2011-03-12 07:15:00,1602.1949,40.9492
2011-03-12 07:30:00,2801.0327,64.1667
2011-03-12 07:45:00,4644.5076,92.4237
2011-03-12 08:00:59,7664.8443,133.2813
2011-03-12 08:15:00,11998.7276,186.2909
2011-03-12 08:30:00,13934.4269,214.4
2011-03-12 08:45:00,17647.515,278.0333
2011-03-12 09:00:01,19073.814,315.1017
2011-03-12 09:15:01,11924.9993,230.5593
2011-03-12 09:30:02,15027.2001,293.35
2011-03-12 09:45:01,11102.3886,238.35
2011-03-12 10:00:01,9715.2386,213.3559
2011-03-12 10:15:01,10895.6337,239.1186
2011-03-12 10:30:01,10449.8227,227.2542
2011-03-12 10:45:01,8099.2541,182.3279
2011-03-12 11:00:02,6808.2154,158.0508
2011-03-12 11:15:03,4681.7315,109.6333
2011-03-12 11:30:03,4404.0502,104.0667
2011-03-12 11:45:03,5662.8362,132.4407
2011-03-12 12:00:03,7324.5569,166.8197
2011-03-12 12:15:03,10474.1425,234.3103
2011-03-12 12:30:03,11687.7275,255.0508
2011-03-12 12:45:03,10948.022,245.2167
2011-03-12 13:00:03,7501.1789,173.1148
2011-03-12 13:15:05,11049.6905,249.4237
2011-03-12 13:30:05,16914.2976,357.6
2011-03-12 13:45:05,15817.8932,329.0508
2011-03-12 14:00:05,29515.1289,555.2203
2011-03-12 14:15:06,40483.2266,734.3103
2011-03-12 14:30:06,39904.5505,722.7333
2011-03-12 14:45:06,39082.4561,707.3115
2011-03-12 15:00:07,34613.906,629.45
2011-03-12 15:15:07,34465.1031,613.5345
2011-03-12 15:30:07,31843.2902,559.7541
2011-03-12 15:45:07,29356.7355,505.8621
2011-03-12 16:00:07,26903.4824,454.7833
2011-03-12 16:15:07,24074.1925,398.8983
2011-03-12 16:30:07,21064.7202,340.1833
2011-03-12 16:45:07,17881.4764,278.0667
2011-03-12 17:00:07,13860.8206,213.569
2011-03-12 17:15:07,8162.2784,108.3898
2011-03-12 17:30:07,3858.3004,48.6167
2011-03-12 17:45:07,2336.9716,32.5
2011-03-12 18:00:07,1174.4971,15.95
2011-03-12 18:15:07,252.3825,3.0169
2011-03-12 18:30:08,0.0,0.9722
2011-03-13 07:30:58,7.4004,2.2321
2011-03-13 07:45:58,358.6657,7.9836
2011-03-13 08:00:58,823.8733,20.3729
2011-03-13 08:15:59,1572.3338,40.4576
2011-03-13 08:30:59,2756.13,63.6
2011-03-13 08:45:59,4767.9328,95.7333
2011-03-13 09:00:59,7870.7796,138.0508
2011-03-13 09:15:58,11905.06,188.35
2011-03-13 09:30:58,16033.8164,242.9661
2011-03-13 09:45:58,19506.5674,303.95
2011-03-13 10:00:58,22848.0708,367.0333
2011-03-13 10:15:59,25510.7454,421.2712
2011-03-13 10:30:59,27531.6682,469.7797
2011-03-13 10:45:59,28134.9706,491.0833
2011-03-13 11:00:59,32938.4487,581.3667
2011-03-13 11:15:59,35728.1033,638.2667
2011-03-13 11:30:59,34465.2832,629.7627
2011-03-13 11:45:59,36922.2662,677.6167
2011-03-13 12:00:59,34978.6504,667.9831
2011-03-13 12:15:01,29189.6911,556.8393
2011-03-13 12:30:01,29174.1328,599.0
2011-03-13 12:45:01,32497.6302,631.0678
2011-03-13 13:00:01,39587.7405,804.15
2011-03-13 13:15:02,46392.544,906.6333
2011-03-13 13:30:02,45862.6481,880.661
2011-03-13 13:45:02,45885.1405,877.6833
2011-03-13 14:00:02,45942.1822,878.0
2011-03-13 14:15:02,45884.1408,872.7759
2011-03-13 14:30:02,44959.6193,860.1356
2011-03-13 14:45:02,44479.2032,844.2712
2011-03-13 15:00:02,43203.2516,822.6102
2011-03-13 15:15:02,42274.7862,797.4746
2011-03-13 15:30:02,40793.8118,762.5763
2011-03-13 15:45:02,39373.7647,732.661
2011-03-13 16:00:02,37857.8625,694.5167
2011-03-13 16:15:02,35838.9669,647.069
2011-03-13 16:30:03,33645.1029,600.8814
2011-03-13 16:45:03,31301.1567,552.3276
2011-03-13 17:00:03,28433.5767,490.0508
2011-03-13 17:15:03,25313.2975,423.1379
2011-03-13 17:30:03,17798.0801,292.6949
2011-03-13 17:45:03,18510.1537,283.5
2011-03-13 18:00:02,15603.1417,238.6441
2011-03-13 18:15:02,9343.5206,123.069
2011-03-13 18:30:02,4271.9256,52.5593
2011-03-13 18:45:03,2497.0797,36.3051
2011-03-13 19:00:04,1301.8108,18.5085
2011-03-13 19:15:04,302.9303,4.4237
2011-03-13 19:30:04,0.0,1.4242
2011-03-14 07:30:02,38.2706,2.04
2011-03-14 07:45:02,459.0248,7.3051
2011-03-14 08:00:02,1101.6401,22.5085
2011-03-14 08:15:03,2022.2759,42.9661
2011-03-14 08:30:03,2963.1626,63.3559
2011-03-14 08:45:03,3483.8019,75.5254
2011-03-14 09:00:03,4499.8521,99.1167
2011-03-14 09:15:03,6358.1442,137.7759
2011-03-14 09:30:03,6477.8572,138.95
2011-03-14 09:45:03,18888.3702,306.1525
2011-03-14 10:00:03,22932.8742,373.7288
2011-03-14 10:15:02,24362.0236,402.9492
2011-03-14 10:30:02,30152.9681,511.9153
2011-03-14 10:45:02,32538.8687,563.1525
2011-03-14 11:00:02,29798.4757,528.5833
2011-03-14 11:15:03,27835.0449,517.6667
2011-03-14 11:30:03,40013.3512,734.1864
2011-03-14 11:45:03,44461.1524,824.8
2011-03-14 12:00:03,34021.8129,655.1724
2011-03-14 12:15:03,33105.7149,653.6034
2011-03-14 12:30:03,30358.3043,605.85
2011-03-14 12:45:03,26577.9747,532.9153
2011-03-14 13:00:04,22050.4314,454.3729
2011-03-14 13:15:02,35483.5973,692.8305
2011-03-14 13:30:02,32144.3813,626.931
2011-03-14 13:45:02,34927.4692,685.1
2011-03-14 14:00:02,41254.711,815.0678
2011-03-14 14:15:03,30735.6918,621.4828
2011-03-14 14:30:03,29767.1471,594.4833
2011-03-14 14:45:03,30349.8265,583.5593
2011-03-14 15:00:03,30871.2693,618.5593
2011-03-14 15:15:03,38568.3977,736.9322
2011-03-14 15:30:03,38474.6316,728.5424
2011-03-14 15:45:03,33637.6852,659.9153
2011-03-14 16:00:03,38025.3423,700.0508
2011-03-14 16:15:03,31608.0324,580.8305
2011-03-14 16:30:03,33826.6554,605.2881
2011-03-14 16:45:03,31277.6732,554.4068
2011-03-14 17:00:03,27744.3248,484.6102
2011-03-14 17:15:03,24306.7214,415.5172
2011-03-14 17:30:03,21529.553,360.1356
2011-03-14 17:45:03,11770.5294,203.3
2011-03-14 18:00:03,7458.9735,136.0508
2011-03-14 18:15:03,3091.7417,64.5763
2011-03-14 18:30:03,3778.5696,64.8644
2011-03-14 18:45:03,2031.2497,36.0333
2011-03-14 19:00:04,774.2027,13.9831
2011-03-14 19:15:04,82.0734,2.7797
2011-03-14 19:30:04,0.0,2.0
2011-03-15 07:15:02,0.0,2.0
2011-03-15 07:30:02,184.1107,3.3443
2011-03-15 07:45:02,602.9695,10.4576
2011-03-15 08:00:02,908.5812,19.5833
2011-03-15 08:15:04,1632.9096,39.8814
2011-03-15 08:30:04,3639.2274,80.6833
2011-03-15 08:45:04,5817.8723,116.2167
2011-03-15 09:00:05,6798.56,131.7167
2011-03-15 09:15:04,12044.8447,209.8814
2011-03-15 09:30:04,12159.495,222.3833
2011-03-15 09:45:04,12946.5098,242.322
2011-03-15 10:00:04,13111.3909,252.7833
2011-03-15 10:15:03,17011.5745,314.1864
2011-03-15 10:30:03,16395.468,321.9322
2011-03-15 10:45:03,19697.35,377.5424
2011-03-15 11:00:03,22626.1385,430.4576
2011-03-15 11:15:05,27202.7539,513.3103
2011-03-15 11:30:05,23942.9728,464.0
2011-03-15 11:45:05,34752.1872,649.9153
2011-03-15 12:00:05,36519.1267,694.4426
2011-03-15 12:15:04,41120.2757,780.7119
2011-03-15 12:30:05,30884.0284,625.1333
2011-03-15 12:45:05,40394.333,795.5833
2011-03-15 13:00:05,41949.617,814.5333
2011-03-15 13:15:05,40103.171,830.1356
2011-03-15 13:30:05,24216.551,498.0
2011-03-15 13:45:05,13252.4087,293.661
2011-03-15 14:00:05,29665.3414,617.0
2011-03-15 14:15:08,17463.7204,388.8136
2011-03-15 14:30:08,16257.0508,359.1833
2011-03-15 14:45:08,24601.0799,508.9
2011-03-15 15:00:09,14863.2907,327.7458
2011-03-15 15:15:08,15093.5423,330.8644
2011-03-15 15:30:08,13043.391,281.9322
2011-03-15 15:45:08,19173.6581,392.75
2011-03-15 16:00:09,10069.2561,217.0667
2011-03-15 16:15:10,8052.6431,178.2203
2011-03-15 16:30:10,8805.0182,190.0833
2011-03-15 16:45:10,7194.5355,164.2333
2011-03-15 17:00:10,5224.3366,122.0508
2011-03-15 17:15:10,3779.6516,87.95
2011-03-15 17:30:10,3726.6762,83.5763
2011-03-15 17:45:10,3926.9346,89.4333
2011-03-15 18:00:10,1357.2016,31.0333
2011-03-15 18:15:09,1501.6336,32.0678
2011-03-15 18:30:09,1423.2353,30.05
2011-03-15 18:45:09,909.4177,18.9672
2011-03-15 19:00:09,93.2934,3.6333
2011-03-15 19:15:10,0.0,1.8983
2011-03-16 07:30:07,0.0,1.3514
2011-03-16 07:45:07,134.585,3.65
2011-03-16 08:00:08,562.752,13.2542
2011-03-16 08:15:09,1392.8366,31.6333
2011-03-16 08:30:09,2417.2245,55.95
2011-03-16 08:45:09,4392.8673,98.7667
2011-03-16 09:00:09,5557.2372,124.5667
2011-03-16 09:15:08,5712.6445,128.9153
2011-03-16 09:30:09,6229.5362,142.6333
2011-03-16 09:45:09,8269.0615,184.1
2011-03-16 10:00:09,8558.5834,195.8983
2011-03-16 10:15:09,7103.0264,165.5932
2011-03-16 10:30:09,11412.2379,252.8167
2011-03-16 10:45:45,12875.1901,286.2258
2011-03-16 11:00:46,24135.3271,479.9474
2011-03-16 11:15:46,31474.4845,601.375
2011-03-16 11:30:47,36318.2741,701.8167
2011-03-16 11:45:47,34348.3546,650.55
2011-03-16 12:00:47,34695.8092,680.1667
2011-03-16 12:15:47,38007.1928,831.0333
2011-03-16 12:30:47,34870.1313,723.9167
2011-03-16 12:45:47,18775.1248,405.35
2011-03-16 13:00:47,15310.3232,355.6949
2011-03-16 13:15:47,11538.6462,266.2
2011-03-16 13:30:48,22703.3078,473.6207
2011-03-16 13:45:48,29909.743,618.8
2011-03-16 14:00:48,15668.5487,342.4068
2011-03-16 14:15:48,12167.3441,273.3167
2011-03-16 14:30:48,16865.0875,351.0667
2011-03-16 14:45:49,17323.9339,360.1167
2011-03-16 15:00:49,9342.1738,210.2712
2011-03-16 15:15:49,10967.788,252.7333
2011-03-16 15:30:49,14496.5527,315.8333
2011-03-16 15:45:49,8438.0091,195.6441
2011-03-16 16:00:49,7145.792,163.2203
2011-03-16 16:15:49,3421.2324,82.7288
2011-03-16 16:30:50,4438.7992,105.9833
2011-03-16 17:00:50,13466.6013,274.8475
2011-03-16 17:15:50,14845.849,294.0833
2011-03-16 17:30:50,5622.6898,126.3
2011-03-16 17:45:50,2933.56,67.7333
2011-03-16 18:00:50,977.3046,21.2167
2011-03-16 18:15:51,735.0641,15.0164
2011-03-16 18:30:51,1463.6967,30.8833
2011-03-16 18:45:51,691.8083,13.5167
2011-03-16 19:00:51,75.7104,2.918
2011-03-16 19:15:51,0.0,1.2653
2011-03-17 07:15:49,0.0,2.0
2011-03-17 07:30:49,328.6516,6.5333
2011-03-17 07:45:48,1013.1124,21.9
2011-03-17 08:00:48,1330.5608,29.6167
2011-03-17 08:15:48,1753.414,42.2333
2011-03-17 08:30:48,3299.9298,80.4833
2011-03-17 08:45:49,5944.7912,123.8033
2011-03-17 09:00:49,8713.4371,166.7667
2011-03-17 09:15:49,12024.5239,208.0
2011-03-17 09:30:49,15411.9245,248.8814
2011-03-17 09:45:49,19701.4151,319.15
2011-03-17 10:00:49,22836.8505,381.1864
2011-03-17 10:15:48,26128.1083,446.65
2011-03-17 10:30:48,27965.246,491.4333
2011-03-17 10:45:47,30439.3244,540.4167
2011-03-17 11:00:48,33390.764,602.4667
2011-03-17 11:15:48,35327.8233,647.4237
2011-03-17 11:30:48,37075.3792,687.7541
2011-03-17 11:45:49,38740.2248,726.4333
2011-03-17 12:00:49,33724.3741,646.1639
2011-03-17 12:15:49,33237.893,640.8814
2011-03-17 12:30:48,42899.7583,852.5667
2011-03-17 12:45:48,43074.7679,896.05
2011-03-17 13:15:49,37154.0583,759.3898
2011-03-17 13:30:49,42062.8994,818.4667
2011-03-17 13:45:48,43249.708,850.1475
2011-03-17 14:00:49,43538.2503,859.9661
2011-03-17 14:15:49,42394.3575,840.2131
2011-03-17 14:30:49,42332.4216,838.2
2011-03-17 14:45:49,41473.3877,821.0492
2011-03-17 15:00:49,40886.8646,800.4667
2011-03-17 15:15:49,39543.3367,773.7119
2011-03-17 15:30:49,39242.3875,753.7667
2011-03-17 15:45:49,37438.7824,712.2623
2011-03-17 16:00:49,35477.3444,665.2333
2011-03-17 16:15:49,32436.9247,603.3448
2011-03-17 16:30:49,29572.5302,541.5763
2011-03-17 16:45:49,25316.7498,460.918
2011-03-17 17:00:49,22450.3497,405.4333
2011-03-17 17:15:49,22812.5325,404.0833
2011-03-17 17:30:49,19971.0869,349.2667
2011-03-17 17:45:49,17233.9878,286.2
2011-03-17 18:00:48,10713.8007,180.1017
2011-03-17 18:15:48,10195.4008,144.5333
2011-03-17 18:30:48,5648.1273,85.1
2011-03-17 18:45:48,3791.6975,56.0667
2011-03-17 19:00:48,2016.2033,28.0333
2011-03-17 19:15:48,705.233,7.7
2011-03-17 19:30:48,0.0,1.0238
2011-03-18 07:15:47,0.0,1.4737
2011-03-18 07:30:47,408.6306,7.4333
2011-03-18 07:45:46,919.787,19.8167
2011-03-18 08:00:46,1147.9079,25.3833
2011-03-18 08:15:46,1736.631,42.7458
2011-03-18 08:30:46,3356.4914,86.3115
2011-03-18 08:45:47,6555.3211,146.8333
2011-03-18 09:00:47,8055.3282,174.0667
2011-03-18 09:15:47,10758.4605,219.5085
2011-03-18 09:30:47,15824.1322,301.3167
2011-03-18 09:45:47,18853.2652,358.1167
2011-03-18 10:00:47,17435.8059,338.4
2011-03-18 10:15:47,14032.7189,290.7627
2011-03-18 10:30:47,13451.7331,287.7797
2011-03-18 10:45:46,11506.9212,255.85
2011-03-18 11:00:46,13891.5963,307.9322
2011-03-18 11:15:46,12590.6151,281.3333
2011-03-18 11:30:46,14052.4547,304.0678
2011-03-18 11:45:47,21053.1215,427.9167
2011-03-18 12:00:47,24009.8271,501.6167
2011-03-18 12:15:47,16969.8577,368.3276
2011-03-18 12:30:47,14297.4789,319.6066
2011-03-18 12:45:47,13405.5486,306.0339
2011-03-18 13:00:47,13215.207,302.7869
2011-03-18 13:15:47,15373.7046,342.661
2011-03-18 13:30:47,17502.1766,381.8793
2011-03-18 13:45:47,19306.9745,413.7333
2011-03-18 14:00:47,19859.109,423.4262
2011-03-18 14:15:48,22121.9369,459.7667
2011-03-18 14:30:48,26408.4571,534.7833
2011-03-18 14:45:48,24160.3936,490.5085
2011-03-18 15:00:48,30984.6709,629.9833
2011-03-18 15:15:47,25758.8792,521.95
2011-03-18 15:30:48,27150.6803,547.9833
2011-03-18 15:45:48,23674.8081,471.6333
2011-03-18 16:00:48,20051.911,398.8
2011-03-18 16:15:48,18165.0049,374.661
2011-03-18 16:30:48,11398.7843,241.8
2011-03-18 16:45:48,12330.438,253.9
2011-03-18 17:00:48,18376.3777,344.1833
2011-03-18 17:15:48,22146.1478,397.3898
2011-03-18 17:30:48,17996.7718,317.15
2011-03-18 17:45:48,11055.06,195.75
2011-03-18 18:15:48,8423.408,124.4237
2011-03-18 18:30:48,4521.0953,61.377
2011-03-18 18:45:48,2267.7774,38.7458
2011-03-18 19:00:49,1647.9288,28.5246
2011-03-18 19:15:49,379.1937,7.0
2011-03-18 19:30:49,0.0,0.4419
2011-03-19 07:15:47,0.0,1.9737
2011-03-19 07:30:46,72.7019,3.2951
2011-03-19 07:45:45,514.4861,11.15
2011-03-19 08:00:45,895.292,20.7458
2011-03-19 08:15:45,1663.5734,40.15
2011-03-19 08:30:45,3147.0171,80.6393
2011-03-19 08:45:46,5852.3496,122.5
2011-03-19 09:15:46,12138.856,215.2203
2011-03-19 09:30:46,16859.894,270.9833
2011-03-19 09:45:48,20651.6706,332.918
2011-03-19 10:00:48,22817.4614,380.35
2011-03-19 10:15:48,26955.3433,457.5763
2011-03-19 10:30:48,29024.9178,505.9833
2011-03-19 10:45:47,30803.3682,543.9474
2011-03-19 11:00:47,32835.184,596.4262
2011-03-19 11:15:47,35158.2867,643.0169
2011-03-19 11:30:47,38594.2593,706.7213
2011-03-19 11:45:48,40195.8319,743.2167
2011-03-19 12:00:48,41889.6702,777.2459
2011-03-19 12:15:48,42603.5917,808.322
2011-03-19 12:30:48,43701.6065,835.5082
2011-03-19 12:45:48,44842.0264,913.6167
2011-03-19 13:00:48,45348.0368,897.5167
2011-03-19 13:15:48,46166.3151,891.9167
2011-03-19 13:30:48,46125.5886,884.9667
2011-03-19 13:45:47,46019.0905,886.9
2011-03-19 14:00:48,45759.572,883.918
2011-03-19 14:15:48,45086.0047,871.8644
2011-03-19 14:30:48,44549.4196,859.75
2011-03-19 14:45:49,43905.4603,847.2833
2011-03-19 15:00:50,42767.2589,822.9167
2011-03-19 15:15:50,41792.8452,797.3167
2011-03-19 15:30:50,40498.2848,764.8167
2011-03-19 15:45:50,38915.9639,728.65
2011-03-19 16:00:49,37124.481,689.7377
2011-03-19 16:15:50,35035.2609,643.0
2011-03-19 16:30:50,32573.0539,588.0333
2011-03-19 16:45:49,29931.2042,532.8333
2011-03-19 17:00:49,27194.7587,475.2203
2011-03-19 17:15:49,23971.0057,410.8167
2011-03-19 17:30:49,20928.8235,351.3667
2011-03-19 17:45:50,17876.894,288.7167
2011-03-19 18:00:50,14455.2424,226.05
2011-03-19 18:15:49,10678.3784,148.7627
2011-03-19 18:30:50,5967.1542,67.8833
2011-03-19 18:45:50,3118.5009,48.2131
2011-03-19 19:00:50,1694.2163,26.6393
2011-03-19 19:15:50,616.1163,8.7966
2011-03-19 19:30:50,0.0,1.9804
2011-03-20 07:15:47,51.3475,2.2653
2011-03-20 07:30:47,639.6421,10.7
2011-03-20 07:45:46,1215.072,24.6833
2011-03-20 08:00:46,1892.4956,39.6721
2011-03-20 08:15:47,2185.8979,47.5763
2011-03-20 08:30:47,2909.918,66.6833
2011-03-20 08:45:47,4884.5871,104.3167
2011-03-20 09:15:48,8934.1997,177.1017
2011-03-20 09:30:48,12065.1023,219.6102
2011-03-20 09:45:49,18397.0101,311.2373
2011-03-20 10:15:49,22251.017,394.5932
2011-03-20 10:30:49,26192.0193,466.0
2011-03-20 10:45:48,29630.5954,533.0
2011-03-20 11:00:48,29406.8623,538.5333
2011-03-20 11:15:48,21219.2059,408.1186
2011-03-20 11:30:48,26209.1528,497.9667
2011-03-20 11:45:49,28667.4965,535.3333
2011-03-20 12:00:49,30399.1501,573.8
2011-03-20 12:15:49,26954.3246,518.1186
2011-03-20 12:30:50,31802.4419,610.05
2011-03-20 12:45:50,24903.2611,493.75
2011-03-20 13:00:50,39561.755,792.55
2011-03-20 13:15:50,45677.1433,881.0333
2011-03-20 13:30:49,43744.6997,849.3667
2011-03-20 13:45:48,43895.1532,859.6167
2011-03-20 14:00:48,37289.903,732.5167
2011-03-20 14:15:48,36686.8178,709.1864
2011-03-20 14:30:48,36864.7735,715.1333
2011-03-20 14:45:49,42802.9225,829.55
2011-03-20 15:00:49,42364.9784,821.1667
2011-03-20 15:15:49,36757.1942,716.4667
2011-03-20 15:30:49,37845.1221,722.8667
2011-03-20 15:45:49,38999.0924,739.45
2011-03-20 16:00:49,37310.7656,700.8983
2011-03-20 16:15:49,35243.6611,652.0678
2011-03-20 16:30:49,32504.5446,597.7167
2011-03-20 16:45:48,30306.461,551.1667
2011-03-20 17:00:49,27532.8511,489.1017
2011-03-20 17:15:49,25643.7751,445.2373
2011-03-20 17:30:49,22485.5057,376.3167
2011-03-20 17:45:50,19380.3381,314.35
2011-03-20 18:00:50,15520.9715,243.05
2011-03-20 18:15:50,11644.8958,162.2241
2011-03-20 18:30:50,6370.7074,66.7833
2011-03-20 18:45:50,2947.5077,43.6034
2011-03-20 19:00:50,1451.6809,23.6833
2011-03-20 19:15:50,422.5842,6.3167
2011-03-20 19:30:50,0.0,1.6923
2011-03-21 08:00:46,6.2851,3.0862
2011-03-21 08:15:46,348.8065,8.339
2011-03-21 08:30:46,535.3423,13.2833
2011-03-21 08:45:46,1432.2114,35.4667
2011-03-21 09:00:46,4350.8052,104.0
2011-03-21 09:15:46,5254.1991,120.5593
2011-03-21 09:30:46,5683.7066,128.3167
2011-03-21 09:45:46,4833.657,113.5333
2011-03-21 10:00:46,3899.3999,93.7213
2011-03-21 10:15:47,10000.5787,229.8475
2011-03-21 10:30:47,14073.0855,299.0169
2011-03-21 10:45:47,6593.3527,155.75
2011-03-21 11:00:48,11601.2299,261.0667
2011-03-21 11:15:48,9460.4071,220.8814
2011-03-21 11:30:48,12238.9353,283.3
2011-03-21 11:45:49,15139.2636,335.4333
2011-03-21 12:00:49,9179.9228,212.55
2011-03-21 12:15:48,9810.5526,230.6949
2011-03-21 12:30:49,21550.5404,443.3966
2011-03-21 12:45:48,36841.8211,722.9333
2011-03-21 13:00:47,39401.8557,796.5667
2011-03-21 13:15:47,36247.449,704.9667
2011-03-21 13:30:47,36782.4539,707.661
2011-03-21 13:45:48,30584.1112,590.8333
2011-03-21 14:00:48,31889.677,628.15
2011-03-21 14:15:48,29753.6434,594.0508
2011-03-21 14:30:49,22450.1592,458.9333
2011-03-21 14:45:50,21063.6396,439.6333
2011-03-21 15:00:50,15379.1229,332.2333
2011-03-21 15:15:50,16553.4308,349.3103
2011-03-21 15:30:50,16368.3589,348.1
2011-03-21 15:45:49,15549.8525,331.9661
2011-03-21 16:00:49,15858.7659,337.4746
2011-03-21 16:15:49,14668.3985,310.4068
2011-03-21 16:30:49,12089.9896,261.1667
2011-03-21 16:45:49,9088.4814,200.7288
2011-03-21 17:15:51,10398.159,212.5862
2011-03-21 17:30:51,16503.6462,296.5667
2011-03-21 17:45:52,15771.469,276.2667
2011-03-21 18:00:52,8550.1642,163.9
2011-03-21 18:15:52,4852.2863,97.322
2011-03-21 18:30:52,2930.2727,61.0
2011-03-21 18:45:51,1852.3495,38.3167
2011-03-21 19:00:52,922.7775,17.541
2011-03-21 19:15:53,177.4406,3.6
2011-03-21 19:30:53,0.0,1.0
2011-03-22 07:15:51,17.1093,2.0833
2011-03-22 07:30:52,582.9203,9.9661
2011-03-22 07:45:52,1012.8233,20.2295
2011-03-22 08:00:52,1554.2822,33.322
2011-03-22 08:15:53,3040.7886,64.8667
2011-03-22 08:30:53,4114.4393,93.55
2011-03-22 08:45:54,3924.9298,87.2
2011-03-22 09:00:53,7220.7664,154.8667
2011-03-22 09:15:53,9197.4996,189.0678
2011-03-22 09:30:53,13653.4832,261.5254
2011-03-22 09:45:53,12915.6804,263.2295
2011-03-22 10:00:53,12530.6833,262.4068
2011-03-22 10:15:53,12652.2035,270.661
2011-03-22 10:30:53,12133.0587,263.5667
2011-03-22 10:45:53,11423.0764,253.1333
2011-03-22 11:00:53,12566.0806,278.8333
2011-03-22 11:15:53,12957.5888,283.9661
2011-03-22 11:30:54,14918.8678,313.45
2011-03-22 11:45:56,38751.7347,736.35
2011-03-22 12:00:56,35813.421,722.5333
2011-03-22 12:15:56,31639.3155,631.0508
2011-03-22 12:30:56,28833.1075,582.0169
2011-03-22 12:45:55,38142.2668,764.5667
2011-03-22 13:00:55,43131.9499,918.5667
2011-03-22 13:15:56,45340.4301,907.2203
2011-03-22 13:30:56,45002.4144,887.9833
2011-03-22 13:45:56,38771.5159,783.8667
2011-03-22 14:00:56,41782.596,830.5167
2011-03-22 14:15:55,43836.855,873.4167
2011-03-22 14:30:56,43162.9771,848.5833
2011-03-22 14:45:57,39948.2486,790.4833
2011-03-22 15:15:57,36794.9366,729.6271
2011-03-22 15:30:58,39022.7467,758.4333
2011-03-22 15:45:57,37950.429,731.7167
2011-03-22 16:00:57,36859.3692,700.2667
2011-03-22 16:15:57,34224.7228,646.4407
2011-03-22 16:30:57,32534.2014,605.4833
2011-03-22 16:45:57,23384.8967,457.45
2011-03-22 17:00:57,22625.6106,419.9833
2011-03-22 17:15:58,20672.1341,387.3051
2011-03-22 17:30:58,20811.2715,371.4333
2011-03-22 17:45:59,12148.5506,217.1167
2011-03-22 18:00:59,3437.3781,73.8833
2011-03-22 18:15:00,5329.4546,96.2182
2011-03-22 18:30:00,3455.3845,63.4098
2011-03-22 18:45:59,1710.4152,34.6719
2011-03-22 19:00:59,729.6373,13.1639
2011-03-22 19:15:59,141.5913,3.6667
2011-03-22 19:30:59,0.0,1.9429
2011-03-23 07:30:56,0.0,2.0
2011-03-23 07:45:56,77.7341,2.9833
2011-03-23 08:00:56,604.4098,13.05
2011-03-23 08:15:56,908.7772,19.8475
2011-03-23 08:30:56,842.7377,18.9833
2011-03-23 08:45:56,1340.4072,31.25
2011-03-23 09:00:56,1719.0763,40.45
2011-03-23 09:15:56,1867.1883,43.9333
2011-03-23 09:30:56,2414.7841,57.3
2011-03-23 09:45:56,3787.1378,89.6833
2011-03-23 10:00:56,3222.1292,78.0833
2011-03-23 10:15:56,2292.2629,55.4915
2011-03-23 10:30:56,2465.097,59.7833
2011-03-23 10:45:57,2674.6489,65.0492
2011-03-23 11:00:57,3073.963,75.2167
2011-03-23 11:15:57,3145.567,77.45
2011-03-23 11:30:57,4070.3278,99.0
2011-03-23 11:45:58,3288.7626,80.95
2011-03-23 12:00:58,3726.7489,90.9167
2011-03-23 12:15:58,5716.3362,137.7458
2011-03-23 12:30:59,5387.8695,130.3833
2011-03-23 12:45:58,4202.882,102.7333
2011-03-23 13:00:58,4179.3879,103.3833
2011-03-23 13:15:58,2799.7344,69.1667
2011-03-23 13:30:58,4003.3006,98.3729
2011-03-23 13:45:58,4181.5038,103.4918
2011-03-23 14:00:58,4130.274,101.45
2011-03-23 14:15:58,3136.2964,79.3333
2011-03-23 14:30:58,4454.3706,108.5424
2011-03-23 14:45:59,4636.0551,113.5574
2011-03-23 15:00:59,5292.6592,128.3833
2011-03-23 15:15:59,3427.0172,84.2881
2011-03-23 15:30:59,3157.9481,78.5
2011-03-23 15:45:58,2575.3971,64.4833
2011-03-23 16:00:58,2953.8932,73.0
2011-03-23 16:15:58,3028.3856,72.7966
2011-03-23 16:30:58,2287.3803,54.85
2011-03-23 16:45:58,1761.2926,42.0833
2011-03-23 17:00:58,2331.9271,54.0328
2011-03-23 17:15:58,1715.5599,40.7458
2011-03-23 17:30:58,1283.2916,28.75
2011-03-23 17:45:58,808.656,17.35
2011-03-23 18:00:58,808.0283,17.1
2011-03-23 18:15:58,807.1452,16.4667
2011-03-23 18:30:58,322.5229,6.1667
2011-03-23 18:45:58,18.4881,1.95
2011-03-23 19:00:58,25.0252,1.4754
2011-03-24 07:15:55,0.0,1.2222
2011-03-24 07:30:56,240.1978,4.1667
2011-03-24 07:45:56,289.6355,5.1
2011-03-24 08:00:56,142.4501,4.4
2011-03-24 08:15:56,405.1657,9.661
2011-03-24 08:30:56,930.2289,22.1333
2011-03-24 08:45:57,1256.386,29.5667
2011-03-24 09:00:57,2888.0124,67.5167
2011-03-24 09:15:56,2554.6751,60.5424
2011-03-24 09:30:57,3171.1495,73.7
2011-03-24 09:45:58,3275.2455,74.8689
2011-03-24 10:00:58,2600.0897,59.8
2011-03-24 10:15:58,3077.9566,73.661
2011-03-24 10:30:58,3642.5886,86.1311
2011-03-24 10:45:58,3022.3618,71.1833
2011-03-24 11:00:58,5411.2916,130.7966
2011-03-24 11:15:58,8615.9927,200.8983
2011-03-24 11:30:57,3872.2625,92.85
2011-03-24 11:45:58,9060.797,202.6667
2011-03-24 12:00:58,9819.8354,236.35
2011-03-24 12:15:58,6654.7803,161.9831
2011-03-24 12:30:59,9833.2582,223.4746
2011-03-24 12:45:59,7558.6398,172.9167
2011-03-24 13:00:59,9756.2075,219.8833
2011-03-24 13:15:59,9564.641,220.2203
2011-03-24 13:30:00,10515.6808,245.0893
2011-03-24 13:45:00,23664.2258,490.1167
2011-03-24 14:00:00,10931.786,248.3833
2011-03-24 14:15:59,13556.0811,298.4286
2011-03-24 14:30:59,27226.2148,566.25
2011-03-24 14:45:59,13611.0319,297.4237
2011-03-24 15:00:59,11019.2865,245.0167
2011-03-24 15:15:00,5592.4354,128.5179
2011-03-24 15:30:00,4902.1268,115.1864
2011-03-24 15:45:00,6811.821,156.2623
2011-03-24 16:00:00,3163.7259,71.2333
2011-03-24 16:15:00,8515.1035,194.7667
2011-03-24 16:30:00,6568.2616,151.9167
2011-03-24 16:45:01,4632.8076,108.8833
2011-03-24 17:00:01,4172.9108,97.7833
2011-03-24 17:15:01,3793.0704,89.3729
2011-03-24 17:30:01,4590.5237,101.0175
2011-03-24 17:45:00,2320.4681,51.7333
2011-03-24 18:00:00,3122.5825,63.8333
2011-03-24 18:15:00,5655.5261,115.2203
2011-03-24 18:30:00,3870.5011,79.7869
2011-03-24 18:45:00,2258.2719,46.6441
2011-03-24 19:00:00,857.2394,16.1967
2011-03-24 19:15:00,652.3478,11.1186
2011-03-24 19:30:00,71.1475,2.55
2011-03-24 19:45:01,0.0,1.7692
2011-03-25 07:00:01,0.0,2.0
2011-03-25 07:15:02,193.222,3.5167
2011-03-25 07:30:02,649.7285,13.4167
2011-03-25 07:45:02,1161.6469,24.35
2011-03-25 08:15:02,2189.9111,45.7966
2011-03-25 08:30:02,3572.5484,84.4576
2011-03-25 08:45:02,5851.5525,140.75
2011-03-25 09:00:02,9456.9013,195.15
2011-03-25 09:15:02,13518.9022,255.1724
2011-03-25 09:30:02,18534.4184,312.5
2011-03-25 09:45:02,22161.6698,365.1833
2011-03-25 10:00:02,23346.647,401.0
2011-03-25 10:15:02,21737.1018,389.4138
2011-03-25 10:30:02,27406.2598,483.2667
2011-03-25 10:45:02,31186.3461,553.8644
2011-03-25 11:00:02,36226.1788,641.7213
2011-03-25 11:15:02,39146.5511,704.6949
2011-03-25 11:30:02,40377.676,736.2295
2011-03-25 11:45:02,41856.6201,769.8667
2011-03-25 12:00:02,44060.6915,810.2373
2011-03-25 12:15:02,44773.2602,832.5593
2011-03-25 12:30:02,45190.8072,849.6557
2011-03-25 12:45:02,43320.485,815.6167
2011-03-25 13:00:02,43490.5238,835.9661
2011-03-25 13:15:02,46376.8914,938.5333
2011-03-25 13:30:02,43860.8245,826.7
2011-03-25 13:45:02,48434.7021,919.8833
2011-03-25 14:00:01,43857.4772,840.5833
2011-03-25 14:15:02,48648.7998,928.9661
2011-03-25 14:30:02,45845.9379,887.25
2011-03-25 14:45:02,45262.6255,861.7
2011-03-25 15:00:02,44745.3041,841.8167
2011-03-25 15:15:02,30360.5075,571.75
2011-03-25 15:30:02,19866.8116,387.8983
2011-03-25 15:45:02,17818.3357,355.4333
2011-03-25 16:00:02,27921.8719,521.05
2011-03-25 16:15:02,14068.4869,287.1356
2011-03-25 16:30:02,17881.4607,345.322
2011-03-25 16:45:01,13373.9281,271.4407
2011-03-25 17:00:02,7623.3169,163.3833
2011-03-25 17:15:02,8148.2851,173.7288
2011-03-25 17:30:02,11288.7213,221.4667
2011-03-25 17:45:03,5045.4378,109.7333
2011-03-25 18:00:03,2695.7769,59.9667
2011-03-25 18:15:03,2016.5735,45.7288
2011-03-25 18:30:03,2476.4224,51.9492
2011-03-25 18:45:02,1965.6879,40.4754
2011-03-25 19:15:02,331.5973,5.8475
2011-03-25 19:30:02,0.0,2.0
2011-03-26 07:00:00,0.0,2.0588
2011-03-26 07:15:00,238.3241,5.1667
2011-03-26 07:30:00,701.0853,17.0169
2011-03-26 07:45:00,1222.093,28.9833
2011-03-26 08:00:00,1711.2402,40.1639
2011-03-26 08:15:00,2203.1452,49.8136
2011-03-26 08:30:00,3336.4885,81.1148
2011-03-26 08:45:59,5591.8713,142.8889
2011-03-26 09:00:59,9075.01,196.0333
2011-03-26 09:15:59,12944.6075,252.322
2011-03-26 09:30:59,18112.3817,310.6102
2011-03-26 09:45:00,23208.5536,372.1786
2011-03-26 10:00:00,26297.6485,431.2373
2011-03-26 10:15:00,29099.8755,489.6207
2011-03-26 10:30:00,31757.2216,545.8333
2011-03-26 10:45:00,34293.9951,604.5
2011-03-26 11:00:00,36542.1528,651.2833
2011-03-26 11:15:00,38378.5767,692.7119
2011-03-26 11:30:00,40291.2848,736.2667
2011-03-26 11:45:00,40905.669,759.55
2011-03-26 12:15:00,45148.0217,849.2712
2011-03-26 12:30:00,44217.1995,843.4333
2011-03-26 12:45:00,35530.8732,680.7833
2011-03-26 13:00:00,43884.9878,835.3833
2011-03-26 13:15:00,38940.9706,766.4407
2011-03-26 13:30:00,48841.1682,929.1333
2011-03-26 13:45:00,48113.5418,923.7049
2011-03-26 14:00:00,48325.7368,923.1667
2011-03-26 14:15:00,47993.274,916.9153
2011-03-26 14:30:00,45776.1117,880.55
2011-03-26 14:45:00,45198.0883,867.2787
2011-03-26 15:00:00,45200.3052,861.8167
2011-03-26 15:15:00,43970.8703,834.4576
2011-03-26 15:30:00,43097.9823,808.7333
2011-03-26 15:45:01,41362.5875,769.7
2011-03-26 16:00:01,39215.3091,725.2167
2011-03-26 16:15:01,37196.9401,679.7966
2011-03-26 16:30:01,33917.59,610.8033
2011-03-26 16:45:02,31131.598,553.2333
2011-03-26 17:00:02,27443.2368,480.0833
2011-03-26 17:15:02,25232.0175,431.1724
2011-03-26 17:30:02,17782.6955,307.0984
2011-03-26 17:45:02,17973.3774,299.0678
2011-03-26 18:00:02,17095.2635,272.0
2011-03-26 18:15:02,6937.2725,118.931
2011-03-26 18:30:02,3679.6822,74.1864
2011-03-26 18:45:02,2394.0204,48.2833
2011-03-26 19:00:02,1311.7855,24.7869
2011-03-26 19:15:02,533.8498,8.7627
2011-03-26 19:30:02,0.0,1.6885
2011-03-26 19:45:02,0.0,1.5882
2011-03-27 07:15:00,0.0,2.0
2011-03-27 07:30:00,263.4967,5.1639
2011-03-27 07:45:01,843.3606,18.2034
2011-03-27 08:15:01,3184.5328,73.1695
2011-03-27 08:30:01,5487.8121,114.5333
2011-03-27 08:45:01,5509.3308,114.85
2011-03-27 09:00:01,6078.4427,127.9
2011-03-27 09:15:01,12917.9296,258.5932
2011-03-27 09:30:01,9111.5333,193.7627
2011-03-27 09:45:00,10273.63,215.7167
2011-03-27 10:00:00,24192.5142,417.1864
2011-03-27 10:15:00,20451.4294,397.5593
2011-03-27 10:30:00,16088.5492,338.6271
2011-03-27 10:45:01,19479.0337,400.3333
2011-03-27 11:00:01,22757.0714,462.05
2011-03-27 11:15:01,20959.8949,431.3833
2011-03-27 11:30:01,26142.5688,514.45
2011-03-27 11:45:01,41271.8663,776.35
2011-03-27 12:00:01,43777.6536,819.7833
2011-03-27 12:15:01,47063.1414,878.339
2011-03-27 12:30:01,46196.2498,868.9483
2011-03-27 12:45:01,47375.5371,900.9153
2011-03-27 13:00:01,47225.4551,913.8305
2011-03-27 13:15:01,47154.0712,960.1333
2011-03-27 13:30:01,46195.469,920.6441
2011-03-27 13:45:02,40319.8059,802.1833
2011-03-27 14:00:01,46720.6512,909.0667
2011-03-27 14:15:04,47846.2894,916.2373
2011-03-27 14:30:04,47051.8639,904.3333
2011-03-27 14:45:04,45953.3055,880.6833
2011-03-27 15:00:04,47044.0056,893.5833
2011-03-27 15:15:04,44260.4947,853.4237
2011-03-27 15:30:04,33528.773,648.3833
2011-03-27 15:45:04,31194.9887,602.4167
2011-03-27 16:15:05,38491.6486,702.9492
2011-03-27 16:30:05,35970.2988,651.0
2011-03-27 16:45:05,33811.4474,600.3333
2011-03-27 17:00:05,31048.4242,540.6667
2011-03-27 17:15:05,27943.8884,476.5517
2011-03-27 17:30:05,24814.2309,413.7833
2011-03-27 17:45:04,21696.032,349.8475
2011-03-27 18:00:04,18202.7657,282.5574
2011-03-27 18:15:04,14659.4981,217.6724
2011-03-27 18:30:04,10756.0479,74.678
2011-03-27 18:45:04,5585.7324,45.35
2011-03-27 19:00:05,2358.398,32.0833
2011-03-27 19:15:05,1215.0972,16.9667
2011-03-27 19:30:05,257.1321,3.9667
2011-03-27 19:45:04,0.0,2.0
2011-03-28 07:00:01,0.0,2.0227
2011-03-28 07:15:03,335.85,6.7797
2011-03-28 07:30:03,870.3695,19.0
2011-03-28 07:45:04,1539.2053,33.3443
2011-03-28 08:00:04,2558.647,55.9333
2011-03-28 08:15:04,2417.319,53.9322
2011-03-28 08:30:04,3714.7658,77.0
2011-03-28 08:45:04,5272.0974,138.15
2011-03-28 09:00:04,9415.4185,206.8667
2011-03-28 09:15:05,13012.23,265.9492
2011-03-28 09:30:04,17994.4121,333.0
2011-03-28 09:45:03,16308.0296,310.1404
2011-03-28 10:00:03,13311.8248,268.5424
2011-03-28 10:15:03,15097.8019,305.1724
2011-03-28 10:30:03,12930.2187,273.4333
2011-03-28 10:45:04,13976.8431,290.5763
2011-03-28 11:00:04,11683.8605,249.35
2011-03-28 11:15:04,17164.4293,350.3448
2011-03-28 11:30:04,27548.3814,533.7833
2011-03-28 11:45:05,17235.8354,355.4237
2011-03-28 12:00:05,17942.4479,360.4333
2011-03-28 12:15:05,14375.7954,288.7288
2011-03-28 12:30:05,16440.0745,345.6949
2011-03-28 12:45:04,31758.7737,608.2833
2011-03-28 13:00:04,38991.2637,724.6
2011-03-28 13:15:04,47331.956,901.5
2011-03-28 13:30:04,46190.1168,878.9167
2011-03-28 13:45:06,46688.1783,891.35
2011-03-28 14:00:06,46463.4563,899.15
2011-03-28 14:15:06,40489.1237,769.1864
2011-03-28 14:30:06,30909.5506,587.6167
2011-03-28 14:45:06,47029.353,888.1525
2011-03-28 15:00:06,45849.6916,865.8667
2011-03-28 15:15:07,40900.9252,779.7333
2011-03-28 15:30:07,43448.471,813.4237
2011-03-28 15:45:08,41764.2787,777.9
2011-03-28 16:00:08,39990.2415,738.7
2011-03-28 16:15:08,38141.2976,694.7797
2011-03-28 16:30:08,35971.4662,646.1833
2011-03-28 16:45:08,33635.4316,595.7167
2011-03-28 17:00:08,31083.4994,541.3
2011-03-28 17:15:08,27963.0768,477.7069
2011-03-28 17:30:08,24847.2425,416.7
2011-03-28 17:45:08,21740.2037,352.85
2011-03-28 18:00:08,18408.0182,288.1333
2011-03-28 18:15:08,14712.1825,220.678
2011-03-28 18:30:08,10925.659,77.1186
2011-03-28 18:45:08,5915.4229,44.3559
2011-03-28 19:00:08,2460.1417,31.3559
2011-03-28 19:15:08,1268.9773,17.1207
2011-03-28 19:30:08,320.9557,4.4
2011-03-28 19:45:08,0.0,1.475
2011-03-29 07:00:06,3.354,2.0213
2011-03-29 07:15:06,421.2817,8.2542
2011-03-29 07:30:07,813.4877,19.3833
2011-03-29 07:45:07,1289.8419,29.8667
2011-03-29 08:00:07,1715.8634,38.8667
2011-03-29 08:15:07,2191.2693,47.339
2011-03-29 08:30:07,3380.6881,68.4915
2011-03-29 08:45:08,5548.0332,155.5333
2011-03-29 09:00:08,8862.9486,204.8167
2011-03-29 09:15:08,12592.7768,262.6102
2011-03-29 09:30:08,17933.8493,328.5593
2011-03-29 09:45:07,20731.4463,352.7
2011-03-29 10:00:07,28049.9259,460.6949
2011-03-29 10:15:07,30854.0896,520.7241
2011-03-29 10:30:07,32051.3995,562.1333
2011-03-29 10:45:07,31716.2047,570.8167
2011-03-29 11:00:07,35279.2814,645.4333
2011-03-29 11:15:07,32129.4221,591.1552
2011-03-29 11:30:08,34275.508,634.6833
2011-03-29 11:45:09,31505.398,589.5667
2011-03-29 12:00:09,34419.5357,646.7966
2011-03-29 12:15:09,36977.7238,702.4167
2011-03-29 12:30:09,35628.1917,673.6167
2011-03-29 12:45:08,39314.7529,770.2833
2011-03-29 13:00:08,35179.9099,686.7759
2011-03-29 13:15:08,43187.4924,849.6379
2011-03-29 13:30:08,34178.9919,676.4828
2011-03-29 13:45:09,36210.4473,705.0164
2011-03-29 14:00:09,45476.7326,874.1667
2011-03-29 14:15:09,46654.0017,914.2881
2011-03-29 14:30:09,43041.2954,855.9333
2011-03-29 14:45:09,46250.6429,894.7833
2011-03-29 15:15:09,44818.138,849.5667
2011-03-29 15:30:09,43322.0767,820.6949
2011-03-29 15:45:08,41601.1994,782.7
2011-03-29 16:00:08,39655.9597,741.1833
2011-03-29 16:15:08,37667.8162,696.7833
2011-03-29 16:30:08,35583.5486,650.4667
2011-03-29 16:45:10,33305.4676,599.35
2011-03-29 17:00:10,30702.4257,544.5333
2011-03-29 17:15:10,27795.1335,484.0517
2011-03-29 17:30:10,24761.2443,422.5
2011-03-29 17:45:10,21498.8995,355.7049
2011-03-29 18:00:10,18055.3392,288.0
2011-03-29 18:15:10,14443.0097,222.1695
2011-03-29 18:30:10,10858.7457,84.1167
2011-03-29 18:45:09,5769.9842,44.1833
2011-03-29 19:15:10,980.8162,16.0667
2011-03-29 19:30:10,132.1422,3.3167
2011-03-29 19:45:12,0.0,1.5294
2011-03-30 07:00:09,0.0,2.0
2011-03-30 07:15:09,198.2895,3.9667
2011-03-30 07:30:09,637.1353,13.6271
2011-03-30 07:45:10,1404.5022,30.4167
2011-03-30 08:15:10,3102.5382,69.1864
2011-03-30 08:30:10,3992.2056,88.85
2011-03-30 08:45:11,4327.7152,96.6
2011-03-30 09:00:11,5200.2514,116.0667
2011-03-30 09:15:11,6022.3184,134.661
2011-03-30 09:30:11,7104.7565,159.2333
2011-03-30 09:45:10,7751.4485,175.0328
2011-03-30 10:00:10,8026.208,183.4333
2011-03-30 10:15:10,10429.6422,236.3559
2011-03-30 10:30:11,9319.5575,218.6102
2011-03-30 10:45:11,7781.8159,183.4833
2011-03-30 11:00:11,6859.7045,160.0167
2011-03-30 11:15:11,6897.7201,161.6949
2011-03-30 11:30:11,6598.9992,156.85
2011-03-30 11:45:11,6176.3974,146.1864
2011-03-30 12:00:12,7215.9044,172.1803
2011-03-30 12:15:12,5684.6193,136.7627
2011-03-30 12:30:12,6200.3541,148.7833
2011-03-30 12:45:11,6763.3576,160.5167
2011-03-30 13:00:11,6765.991,162.1167
2011-03-30 13:15:11,6041.6925,144.5932
2011-03-30 13:30:11,5652.2263,134.8333
2011-03-30 13:45:12,7028.3595,165.9492
2011-03-30 14:00:12,8748.7754,206.0
2011-03-30 14:15:12,6872.3945,161.8814
2011-03-30 14:30:13,7852.877,178.5763
2011-03-30 14:45:13,9754.5053,228.25
2011-03-30 15:00:14,6895.6845,163.4194
2011-03-30 15:15:14,10702.3294,241.7586
2011-03-30 15:30:14,8373.6622,198.9322
2011-03-30 15:45:13,5820.1474,138.8333
2011-03-30 16:00:13,7224.5557,168.4
2011-03-30 16:15:12,6649.2228,152.2542
2011-03-30 16:30:12,5805.8916,137.9167
2011-03-30 16:45:13,2588.3225,63.8
2011-03-30 17:00:13,2304.2916,55.6667
2011-03-30 17:15:13,2694.7469,64.1186
2011-03-30 17:30:13,1591.3408,37.0167
2011-03-30 17:45:13,1563.8964,37.6949
2011-03-30 18:00:13,720.4972,16.5902
2011-03-30 18:15:13,698.2654,16.0508
2011-03-30 18:30:13,511.1179,11.6167
2011-03-30 18:45:12,328.5664,7.2667
2011-03-30 19:00:12,224.6653,5.9167
2011-03-30 19:15:12,23.5743,2.431
2011-03-30 19:30:12,0.0,2.0
2011-03-31 07:15:11,19.2571,2.3276
2011-03-31 07:30:10,276.7415,5.7
2011-03-31 07:45:10,635.6368,14.2833
2011-03-31 08:00:10,1610.7904,35.0333
2011-03-31 08:15:11,1728.9954,38.1207
2011-03-31 08:30:11,2392.1287,54.45
2011-03-31 08:45:12,1612.0012,37.45
2011-03-31 09:00:12,2079.4184,49.2131
2011-03-31 09:15:12,1791.4885,42.678
2011-03-31 09:30:12,2146.9989,51.2833
2011-03-31 09:45:10,3246.4339,78.9
2011-03-31 10:00:11,3017.0612,73.35
2011-03-31 10:15:12,3071.8475,75.7288
2011-03-31 10:30:12,3007.0854,73.6167
2011-03-31 10:45:12,2853.9943,70.7
2011-03-31 11:00:12,3291.8239,80.4262
2011-03-31 11:15:12,4296.3231,102.6949
2011-03-31 11:30:12,3802.3646,91.35
2011-03-31 11:45:13,4819.8814,114.65
2011-03-31 12:00:13,6895.8498,163.75
2011-03-31 12:15:13,6101.5247,148.1333
2011-03-31 12:30:13,5580.5499,134.3051
2011-03-31 12:45:12,6250.0382,152.2333
2011-03-31 13:00:12,6705.0439,165.8333
2011-03-31 13:15:12,5551.1758,136.1333
2011-03-31 13:30:12,5552.5716,137.45
2011-03-31 13:45:12,2780.5765,70.5667
2011-03-31 14:00:12,3293.7948,83.4746
2011-03-31 14:15:13,5582.294,139.0
2011-03-31 14:30:13,5067.4232,123.1186
2011-03-31 14:45:14,3446.818,84.1967
2011-03-31 15:00:14,3120.5378,78.8644
2011-03-31 15:15:14,2481.2132,65.377
2011-03-31 15:30:14,2151.8261,55.1017
2011-03-31 15:45:14,3922.216,97.45
2011-03-31 16:00:14,4161.697,100.9333
2011-03-31 16:15:14,4592.2715,111.0167
2011-03-31 16:30:14,5827.52,139.3
2011-03-31 16:45:15,6075.6288,141.7333
2011-03-31 17:00:15,5009.1592,121.4667
2011-03-31 17:15:15,2798.1868,67.2167
2011-03-31 17:30:15,1950.0896,46.7797
2011-03-31 17:45:14,1118.9182,26.8033
2011-03-31 18:00:15,1177.5843,27.8305
2011-03-31 18:15:15,692.4888,15.2373
2011-03-31 18:30:15,689.6656,15.4407
2011-03-31 18:45:14,568.4138,11.5574
2011-03-31 19:00:14,169.9126,4.8833
2011-03-31 19:15:14,0.0,2.0
2011-03-31 19:30:14,0.0,2.0
2011-04-01 07:00:13,1.599,2.0
2011-04-01 07:15:13,255.5094,6.1167
2011-04-01 07:30:13,1584.3587,31.2333
2011-04-01 07:45:13,1829.6185,39.25
2011-04-01 08:00:13,1935.1303,42.9344
2011-04-01 08:15:13,3706.607,83.3729
2011-04-01 08:30:13,4556.324,102.8167
2011-04-01 08:45:13,5152.4692,116.4262
2011-04-01 09:00:13,7531.1811,167.25
2011-04-01 09:15:13,4653.8685,106.322
2011-04-01 09:30:13,6423.4191,148.082
2011-04-01 09:45:13,8486.6682,192.65
2011-04-01 10:00:13,12384.7812,270.9153
2011-04-01 10:15:13,16800.0098,356.4237
2011-04-01 10:30:14,13125.0695,294.6441
2011-04-01 10:45:14,11989.1709,268.0167
2011-04-01 11:00:14,15813.1553,342.2
2011-04-01 11:15:14,12605.2665,281.6102
2011-04-01 11:30:14,10955.5893,248.9322
2011-04-01 11:45:14,10867.9581,249.4667
2011-04-01 12:00:14,8775.2034,200.9831
2011-04-01 12:15:14,9963.9411,223.1833
2011-04-01 12:30:14,13360.508,308.5085
2011-04-01 12:45:13,10097.5012,225.2333
2011-04-01 13:00:13,14500.8866,332.25
2011-04-01 13:15:14,10663.105,240.339
2011-04-01 13:30:14,10766.7951,244.1333
2011-04-01 13:45:14,15199.7907,338.3167
2011-04-01 14:00:14,21888.0675,480.7966
2011-04-01 14:15:14,31184.9814,652.0678
2011-04-01 14:30:14,17843.6827,382.9
2011-04-01 14:45:15,20822.567,444.1552
2011-04-01 15:00:15,15447.828,340.0833
2011-04-01 15:15:15,18327.1713,383.7288
2011-04-01 15:30:15,15872.6839,347.4746
2011-04-01 15:45:14,15462.0682,321.65
2011-04-01 16:00:14,23615.7636,463.459
2011-04-01 16:15:14,8149.6193,158.9655
2011-04-01 16:30:14,4914.61,108.9508
2011-04-01 16:45:14,3042.3811,70.0667
2011-04-01 17:00:14,14462.9481,283.0167
2011-04-01 17:15:14,20760.6656,371.8475
2011-04-01 17:30:15,3427.8366,74.8
2011-04-01 17:45:16,13614.9834,233.1167
2011-04-01 18:00:16,16428.1578,267.4167
2011-04-01 18:15:16,6031.0504,117.9667
2011-04-01 18:30:16,3930.542,73.7288
2011-04-01 18:45:15,3623.5455,62.5574
2011-04-01 19:00:15,2491.17,37.5167
2011-04-01 19:15:15,1348.6076,23.7288
2011-04-01 19:30:14,313.8325,4.9167
2011-04-01 19:45:15,0.0,1.25
2011-04-02 07:00:12,165.5183,3.4167
2011-04-02 07:15:12,1075.3448,19.2542
2011-04-02 07:30:12,2583.768,43.4333
2011-04-02 07:45:12,2312.9028,44.55
2011-04-02 08:00:12,1741.06,35.3051
2011-04-02 08:15:12,842.1643,17.6271
2011-04-02 08:30:12,3263.7521,73.2833
2011-04-02 08:45:12,1492.241,35.15
2011-04-02 09:00:12,3326.8173,74.5738
2011-04-02 09:15:12,8198.5909,180.2759
2011-04-02 09:30:12,8557.4935,189.623
2011-04-02 09:45:12,8393.8549,186.8333
2011-04-02 10:00:12,10491.6847,217.2373
2011-04-02 10:15:12,13413.9879,285.5667
2011-04-02 10:30:13,20675.3074,419.1356
2011-04-02 10:45:12,17327.2196,371.339
2011-04-02 11:00:12,8058.8165,186.8833
2011-04-02 11:15:12,7755.1909,178.9167
2011-04-02 11:30:12,4839.0989,122.8333
2011-04-02 11:45:13,4244.5809,101.85
2011-04-02 12:00:13,30385.6858,598.3333
2011-04-02 12:15:13,31436.4707,626.339
2011-04-02 12:30:13,17200.5459,371.9153
2011-04-02 12:45:13,10111.0928,227.3279
2011-04-02 13:00:13,5097.7051,126.7833
2011-04-02 13:15:13,6736.1601,148.5085
2011-04-02 13:30:13,20637.2095,410.7797
2011-04-02 13:45:13,32093.9924,637.6
2011-04-02 14:00:13,5210.5214,109.5
2011-04-02 14:15:13,6465.1829,162.9167
2011-04-02 14:30:13,13055.336,289.7966
2011-04-02 14:45:14,1798.3429,45.4833
2011-04-02 15:00:14,1368.7596,35.7
2011-04-02 15:15:14,12147.4097,260.7333
2011-04-02 15:30:14,26412.3691,515.8667
2011-04-02 15:45:13,40979.3394,761.6
2011-04-02 16:00:13,35204.6725,652.6271
2011-04-02 16:15:13,30539.8292,560.1525
2011-04-02 16:30:13,34704.3775,603.75
2011-04-02 16:45:13,32662.1594,574.8136
2011-04-02 17:00:13,12576.8725,240.5246
2011-04-02 17:15:13,7217.5901,159.5
2011-04-02 17:30:13,7319.2124,148.1695
2011-04-02 17:45:14,21124.7309,337.05
2011-04-02 18:00:15,16293.5604,260.2333
2011-04-02 18:15:14,8644.0191,142.1525
2011-04-02 18:30:15,9628.2126,115.8167
2011-04-02 18:45:14,7334.291,73.2833
2011-04-02 19:00:14,3602.5499,49.8667
2011-04-02 19:15:15,1328.637,20.8
2011-04-02 19:30:15,351.2879,5.6
2011-04-02 19:45:15,0.0,1.2692
2011-04-03 06:45:12,0.0,1.9643
2011-04-03 07:15:12,625.6321,13.1864
2011-04-03 07:30:12,1131.3102,26.6333
2011-04-03 07:45:13,1618.7603,39.2
2011-04-03 08:00:13,2039.1533,49.7377
2011-04-03 08:15:13,2430.5382,58.2712
2011-04-03 08:30:13,3311.8422,69.8
2011-04-03 08:45:13,5127.6172,162.4
2011-04-03 09:00:13,8235.3462,222.1167
2011-04-03 09:15:13,12180.3279,280.7966
2011-04-03 09:30:13,16833.9442,340.9
2011-04-03 09:45:13,22630.3356,407.8167
2011-04-03 10:00:13,27583.4154,468.2712
2011-04-03 10:15:13,30625.9063,528.6441
2011-04-03 10:30:13,28519.2863,519.15
2011-04-03 10:45:13,35293.1989,631.6721
2011-04-03 11:00:13,39147.7749,703.9492
2011-04-03 11:15:14,38810.2845,718.0508
2011-04-03 11:30:14,40614.8016,753.05
2011-04-03 11:45:14,42015.0206,788.75
2011-04-03 12:00:14,42699.9246,812.9167
2011-04-03 12:15:14,45274.6314,860.1
2011-04-03 12:30:14,37351.1058,710.7
2011-04-03 12:45:14,48126.0344,924.5254
2011-04-03 13:00:14,45618.9055,893.8525
2011-04-03 13:15:14,41173.0267,803.9153
2011-04-03 13:30:14,37759.3853,744.0333
2011-04-03 13:45:14,37157.4818,734.8814
2011-04-03 14:00:14,38187.8496,750.9016
2011-04-03 14:15:14,44716.6119,878.4237
2011-04-03 14:30:14,35501.7276,700.5167
2011-04-03 14:45:14,42018.2596,809.9
2011-04-03 15:00:14,32777.7265,648.0167
2011-04-03 15:15:14,33876.6636,663.8667
2011-04-03 15:30:14,24444.0342,485.8833
2011-04-03 15:45:14,18129.0773,372.6949
2011-04-03 16:00:14,16501.2731,343.1833
2011-04-03 16:15:14,13848.6894,292.9492
2011-04-03 16:30:14,12528.5729,265.0164
2011-04-03 16:45:14,13330.589,276.5932
2011-04-03 17:00:15,12768.1133,265.7119
2011-04-03 17:15:14,9922.2697,209.0
2011-04-03 17:30:15,9902.0716,200.1864
2011-04-03 17:45:16,8390.2561,171.6
2011-04-03 18:00:17,3662.1553,81.4426
2011-04-03 18:15:17,1474.3742,32.0508
2011-04-03 18:30:17,1396.3409,30.4667
2011-04-03 18:45:16,1642.8382,35.7167
2011-04-03 19:00:16,887.1976,17.3279
2011-04-03 19:15:16,380.754,7.0508
2011-04-03 19:30:16,0.0,1.0185
2011-04-04 07:00:13,45.1854,2.3878
2011-04-04 07:15:14,570.8921,10.1695
2011-04-04 07:30:14,1408.4898,30.2
2011-04-04 07:45:15,1915.5669,43.1833
2011-04-04 08:00:16,2411.4807,56.45
2011-04-04 08:15:15,3838.2384,87.9667
2011-04-04 08:30:15,4857.0843,112.25
2011-04-04 08:45:16,5072.618,114.9
2011-04-04 09:00:16,7503.2162,170.4407
2011-04-04 09:15:15,10290.1531,225.3898
2011-04-04 09:30:15,11957.6362,254.5
2011-04-04 09:45:15,13553.4609,283.8333
2011-04-04 10:00:15,12907.9785,269.7627
2011-04-04 10:15:15,13783.0303,285.5932
2011-04-04 10:30:15,22716.4394,440.8833
2011-04-04 10:45:15,29291.0841,552.9661
2011-04-04 11:00:16,29122.3222,570.3
2011-04-04 11:15:16,35612.046,667.3
2011-04-04 11:30:16,37715.7135,716.8814
2011-04-04 11:45:16,38726.0129,741.6167
2011-04-04 12:15:17,43717.4689,844.0847
2011-04-04 12:30:17,36032.7464,703.3667
2011-04-04 12:45:17,35020.2227,680.0833
2011-04-04 13:00:17,43650.3371,849.5254
2011-04-04 13:15:17,44487.7117,884.65
2011-04-04 13:30:18,42954.595,869.05
2011-04-04 13:45:18,41893.4137,846.6833
2011-04-04 14:00:18,48333.4701,1005.1667
2011-04-04 14:15:18,43071.2229,882.7458
2011-04-04 14:30:19,30466.8585,616.9167
2011-04-04 14:45:19,38896.5512,770.6167
2011-04-04 15:00:19,37686.3481,748.4237
2011-04-04 15:15:19,38872.6237,763.5085
2011-04-04 15:30:19,40277.0493,786.5667
2011-04-04 15:45:19,33258.0385,647.0
2011-04-04 16:00:19,34556.475,663.15
2011-04-04 16:15:19,33693.7434,641.4746
2011-04-04 16:30:19,31890.1155,600.6833
2011-04-04 16:45:19,29172.3922,542.8305
2011-04-04 17:00:19,27033.6819,495.6207
2011-04-04 17:15:19,24499.2605,442.1
2011-04-04 17:30:19,19550.7636,351.15
2011-04-04 17:45:20,12632.89,233.2
2011-04-04 18:00:20,13834.897,239.9661
2011-04-04 18:15:20,13917.6857,235.2414
2011-04-04 18:30:20,5108.5852,81.7833
2011-04-04 18:45:19,1757.7338,36.2295
2011-04-04 19:00:20,1492.9609,31.7
2011-04-04 19:15:20,847.1573,15.7119
2011-04-04 19:30:20,269.7421,4.4667
2011-04-04 19:45:20,0.0,0.1212
2011-04-05 07:00:18,0.0,1.8108
2011-04-05 07:15:18,0.0,1.5
2011-04-05 07:30:19,220.5326,6.0
2011-04-05 07:45:20,814.8534,17.9344
2011-04-05 08:15:21,921.8114,20.4746
2011-04-05 08:30:21,987.8562,22.0667
2011-04-05 08:45:22,355.7212,9.4833
2011-04-05 09:00:21,1779.2796,43.6333
2011-04-05 09:15:21,1682.1549,40.8644
2011-04-05 09:30:21,2446.4831,58.8167
2011-04-05 09:45:20,4961.1176,118.4333
2011-04-05 10:00:20,3671.6815,88.2
2011-04-05 10:15:20,3653.2522,87.5333
2011-04-05 10:30:21,4575.9837,109.9833
2011-04-05 10:45:21,7083.823,162.5667
2011-04-05 11:00:22,8364.9715,194.45
2011-04-05 11:15:23,5804.3823,144.1667
2011-04-05 11:30:23,5913.0654,147.6167
2011-04-05 11:45:23,7437.7461,181.4667
2011-04-05 12:00:22,6556.8198,158.9153
2011-04-05 12:15:22,6990.6669,168.7627
2011-04-05 12:30:23,8646.6765,203.2333
2011-04-05 12:45:23,7941.8891,186.1
2011-04-05 13:00:23,7484.3956,173.9836
2011-04-05 13:15:23,10641.3614,243.4068
2011-04-05 13:30:23,18830.4271,409.7288
2011-04-05 13:45:23,21030.4762,448.5833
2011-04-05 14:00:22,22149.5774,473.4576
2011-04-05 14:15:22,26137.9925,552.5667
2011-04-05 14:30:22,16747.7748,360.6271
2011-04-05 14:45:22,17373.1518,378.0667
2011-04-05 15:00:23,13334.7965,288.8333
2011-04-05 15:15:23,30856.6315,629.5763
2011-04-05 15:30:23,21470.2082,440.35
2011-04-05 15:45:23,4344.8368,95.3833
2011-04-05 16:00:23,9152.9648,202.0333
2011-04-05 16:15:23,21380.1343,417.2712
2011-04-05 16:30:23,17717.6031,365.7119
2011-04-05 16:45:23,31758.3052,580.4833
2011-04-05 17:00:23,32509.5069,602.1667
2011-04-05 17:15:22,26879.416,477.4
2011-04-05 17:30:22,31899.7657,540.6333
2011-04-05 17:45:22,27132.9671,452.4833
2011-04-05 18:00:23,15010.9039,252.4833
2011-04-05 18:15:22,6389.6577,127.339
2011-04-05 18:30:22,5848.9183,109.8667
2011-04-05 18:45:22,3483.0533,57.5167
2011-04-05 19:15:23,1689.9965,22.678
2011-04-05 19:30:23,608.3406,10.0667
2011-04-05 19:45:23,0.95,2.0
2011-04-05 20:00:23,0.0,1.9333
2011-04-06 06:45:22,1.4678,2.1463
2011-04-06 07:00:22,304.6225,6.5333
2011-04-06 07:15:22,690.0637,17.0678
2011-04-06 07:30:22,1110.0458,27.3667
2011-04-06 07:45:22,1506.8928,36.8667
2011-04-06 08:00:22,1784.7503,43.3607
2011-04-06 08:15:22,2135.0739,51.6102
2011-04-06 08:30:21,3007.5581,62.7627
2011-04-06 08:45:22,5107.6276,176.5833
2011-04-06 09:00:22,7937.7385,236.2
2011-04-06 09:15:22,12118.0186,293.3051
2011-04-06 09:30:22,16388.8262,354.7627
2011-04-06 09:45:21,22158.973,412.2333
2011-04-06 10:00:21,27287.8984,469.2131
2011-04-06 10:15:21,30455.7268,525.4483
2011-04-06 10:30:21,32771.8961,578.6167
2011-04-06 10:45:21,35371.441,636.6885
2011-04-06 11:00:22,37618.4001,685.7119
2011-04-06 11:15:22,39517.3012,730.322
2011-04-06 11:30:22,41251.4216,770.9833
2011-04-06 11:45:23,42479.6761,800.9167
2011-04-06 12:00:23,44000.7109,834.2167
2011-04-06 12:15:23,46880.6719,903.5333
2011-04-06 12:30:23,49340.1332,965.4167
2011-04-06 12:45:23,49205.7663,975.55
2011-04-06 13:00:23,47363.5625,922.5667
2011-04-06 13:15:23,45153.9869,889.8333
2011-04-06 13:30:23,47594.2653,936.2167
2011-04-06 13:45:22,42381.6555,852.1
2011-04-06 14:15:22,35308.4579,724.5333
2011-04-06 14:30:22,41373.8538,836.7288
2011-04-06 14:45:23,47346.4032,917.5
2011-04-06 15:00:23,46833.6861,901.05
2011-04-06 15:15:23,41054.7209,796.322
2011-04-06 15:30:23,40803.2689,791.9016
2011-04-06 15:45:25,35906.9145,691.9833
2011-04-06 16:00:25,28938.5321,570.1167
2011-04-06 16:15:25,29213.0624,568.6552
2011-04-06 16:30:26,34256.5745,651.8033
2011-04-06 16:45:24,32421.5373,599.6667
2011-04-06 17:00:24,30068.7244,548.2542
2011-04-06 17:15:24,21450.1896,394.0508
2011-04-06 17:30:25,24235.1083,428.8333
2011-04-06 17:45:26,18328.392,320.5246
2011-04-06 18:00:25,17765.9983,300.5932
2011-04-06 18:15:26,14451.1983,236.8966
2011-04-06 18:30:25,11055.7767,130.8197
2011-04-06 18:45:26,7328.6194,46.85
2011-04-06 19:15:26,1468.3171,26.1333
2011-04-06 19:30:26,441.5851,8.1667
2011-04-06 19:45:26,0.6385,1.0167
2011-04-06 20:00:26,0.0,0.9412
2011-04-07 06:45:24,0.0,1.1071
2011-04-07 07:00:24,213.3312,4.4426
2011-04-07 07:15:24,1176.7669,24.2
2011-04-07 07:30:24,1480.2394,31.678
2011-04-07 07:45:24,1942.7805,43.4833
2011-04-07 08:00:24,2947.1589,66.5738
2011-04-07 08:15:24,4194.3946,94.7288
2011-04-07 08:30:24,5420.2403,118.7119
2011-04-07 08:45:24,7118.073,170.7288
2011-04-07 09:00:23,7778.5016,184.3167
2011-04-07 09:15:24,11062.2019,250.9167
2011-04-07 09:30:23,12353.9555,271.0339
2011-04-07 09:45:25,18946.8187,378.7869
2011-04-07 10:00:25,21095.0169,413.05
2011-04-07 10:15:25,20910.0093,417.9492
2011-04-07 10:30:25,16458.3196,337.9167
2011-04-07 10:45:24,19423.7289,393.7667
2011-04-07 11:00:24,32056.6408,606.7833
2011-04-07 11:15:24,31899.6486,621.5085
2011-04-07 11:30:24,32207.0922,626.1167
2011-04-07 11:45:25,35171.6945,689.9831
2011-04-07 12:00:25,37181.381,735.2951
2011-04-07 12:15:25,39547.679,783.5172
2011-04-07 12:30:26,41248.685,823.8
2011-04-07 12:45:26,42577.4621,856.7333
2011-04-07 13:00:26,42741.4952,862.082
2011-04-07 13:15:26,36942.9618,758.8305
2011-04-07 13:30:26,36281.6282,737.3667
2011-04-07 13:45:25,38521.2882,779.2414
2011-04-07 14:00:25,43630.7295,886.8333
2011-04-07 14:15:26,42618.6037,865.6271
2011-04-07 14:30:26,42400.4242,857.6167
2011-04-07 14:45:27,41373.1937,833.1833
2011-04-07 15:00:27,40545.0993,813.2333
2011-04-07 15:15:27,38345.9967,760.1833
2011-04-07 15:30:28,38676.0263,765.75
2011-04-07 15:45:28,37743.2523,735.2881
2011-04-07 16:00:28,35722.4259,686.9667
2011-04-07 16:15:28,24898.3641,478.1167
2011-04-07 16:30:28,19265.4932,379.9322
2011-04-07 16:45:27,20769.3205,405.1833
2011-04-07 17:00:27,25500.7214,473.1
2011-04-07 17:15:27,15683.8745,300.0339
2011-04-07 17:30:27,10781.8437,220.8333
2011-04-07 17:45:28,9952.6364,207.4333
2011-04-07 18:00:28,4789.352,105.3833
2011-04-07 18:15:28,4105.2083,86.9333
2011-04-07 18:30:28,5483.3237,111.8833
2011-04-07 18:45:28,3477.2746,72.4667
2011-04-07 19:00:29,3437.6905,59.4667
2011-04-07 19:15:29,1781.4543,32.6667
2011-04-07 19:30:29,488.5218,8.85
2011-04-07 19:45:28,0.0,1.7778
2011-04-08 07:00:28,0.0,1.5366
2011-04-08 07:15:28,0.0,1.2632
2011-04-08 07:30:28,354.3361,7.0656
2011-04-08 07:45:27,472.5918,11.4237
2011-04-08 08:00:27,1378.956,31.7869
2011-04-08 08:15:27,1363.8913,31.0678
2011-04-08 08:30:27,1363.2766,31.9833
2011-04-08 08:45:27,2369.94,55.1667
2011-04-08 09:15:27,2851.2671,65.9831
2011-04-08 09:30:28,3506.0099,80.7213
2011-04-08 09:45:29,3586.0558,84.0847
2011-04-08 10:00:29,3748.3425,89.6
2011-04-08 10:15:29,9181.0088,206.0169
2011-04-08 10:30:29,13575.1494,295.4915
2011-04-08 10:45:28,9976.3903,227.5667
2011-04-08 11:00:28,9683.5501,223.55
2011-04-08 11:15:28,8382.8456,198.8167
2011-04-08 11:30:28,7926.9688,188.8644
2011-04-08 11:45:29,10135.4675,234.3833
2011-04-08 12:00:29,16238.466,360.9661
2011-04-08 12:15:29,11125.9748,262.7627
2011-04-08 12:30:30,11135.3969,264.55
2011-04-08 12:45:30,7456.317,183.5833
2011-04-08 13:00:29,5385.042,129.55
2011-04-08 13:15:29,5238.3784,131.0847
2011-04-08 13:30:29,4894.2251,123.7
2011-04-08 13:45:28,3900.5088,99.5667
2011-04-08 14:00:28,3446.382,91.0667
2011-04-08 14:15:28,3978.8519,102.0339
2011-04-08 14:30:29,5919.1806,142.7667
2011-04-08 14:45:29,5447.8729,135.3333
2011-04-08 15:00:29,3032.046,81.3667
2011-04-08 15:15:29,2988.8411,77.9167
2011-04-08 15:30:29,1330.8502,35.8167
2011-04-08 15:45:29,1489.3006,40.0333
2011-04-08 16:00:29,1190.9228,31.8197
2011-04-08 16:15:29,1901.1205,51.6271
2011-04-08 16:30:30,2665.7787,67.6441
2011-04-08 16:45:29,1743.5145,43.85
2011-04-08 17:15:30,1368.2753,34.3898
2011-04-08 17:30:30,760.2782,18.6167
2011-04-08 17:45:31,771.7694,18.6333
2011-04-08 18:00:31,578.7994,13.9344
2011-04-08 18:15:31,222.4874,6.5763
2011-04-08 18:30:31,1143.9166,26.7
2011-04-08 18:45:31,1065.5126,23.4167
2011-04-08 19:00:31,383.4379,8.7667
2011-04-08 19:15:31,0.0,2.0
2011-04-08 19:30:31,0.0,2.0
2011-04-09 07:00:29,5.4924,2.4918
2011-04-09 07:15:04,604.2493,13.875
2011-04-09 07:30:04,1042.701,24.0179
2011-04-09 07:45:06,1659.7252,38.5172
2011-04-09 08:00:06,2615.9742,61.8667
2011-04-09 08:15:07,3031.1801,70.9508
2011-04-09 08:30:07,2818.4559,66.4483
2011-04-09 08:45:07,2655.5156,63.0167
2011-04-09 09:00:07,3023.6937,71.9016
2011-04-09 09:15:07,3917.4085,93.05
2011-04-09 09:30:07,4555.7041,109.5
2011-04-09 09:45:07,5296.4089,126.2833
2011-04-09 10:00:07,5162.4949,122.9
2011-04-09 10:15:08,5014.9488,120.9839
2011-04-09 10:30:09,5562.1179,134.5932
2011-04-09 10:45:09,6739.1522,160.75
2011-04-09 11:00:09,7786.1447,180.4667
2011-04-09 11:15:08,11145.5349,260.3333
2011-04-09 11:30:08,11529.1128,266.7458
2011-04-09 11:45:08,14635.635,333.25
2011-04-09 12:00:08,15902.5297,362.6949
2011-04-09 12:15:08,16626.7344,377.5
2011-04-09 12:30:08,17036.7215,382.7069
2011-04-09 12:45:08,17307.8179,397.8
2011-04-09 13:00:08,14641.3882,336.4167
2011-04-09 13:15:09,15124.4518,350.55
2011-04-09 13:30:09,15490.3524,351.6441
2011-04-09 13:45:09,12266.4398,293.0333
2011-04-09 14:00:09,12004.9669,281.8814
2011-04-09 14:15:08,14139.6542,332.6333
2011-04-09 14:30:08,10488.4509,252.5593
2011-04-09 14:45:08,11286.5571,262.8
2011-04-09 15:00:08,9383.3553,226.45
2011-04-09 15:15:08,8588.2492,201.95
2011-04-09 15:30:08,6926.5556,167.0
2011-04-09 15:45:08,4366.3679,106.7541
2011-04-09 16:00:08,3787.4539,92.4
2011-04-09 16:15:09,3656.6059,89.85
2011-04-09 16:30:09,4192.2747,100.1525
2011-04-09 16:45:09,3915.055,95.1311
2011-04-09 17:00:09,3150.7954,77.3
2011-04-09 17:15:08,2149.3528,51.8333
2011-04-09 17:30:08,3911.671,90.3898
2011-04-09 17:45:08,5164.3856,121.5667
2011-04-09 18:00:08,4254.5222,98.9333
2011-04-09 18:15:08,4472.0536,101.9167
2011-04-09 18:30:08,3137.262,71.7627
2011-04-09 18:45:08,2071.4537,46.9
2011-04-09 19:00:08,1511.8797,33.05
2011-04-09 19:15:09,826.8462,16.5574
2011-04-09 19:30:09,39.0964,2.5593
2011-04-09 19:45:09,0.0,1.9231
2011-04-10 06:45:06,0.0,1.7419
2011-04-10 07:00:06,35.8722,2.2833
2011-04-10 07:15:06,546.2142,10.3167
2011-04-10 07:30:06,757.33,16.3167
2011-04-10 07:45:06,923.5698,20.9333
2011-04-10 08:00:06,1166.1904,26.1667
2011-04-10 08:15:06,1610.9127,36.7667
2011-04-10 08:30:06,1965.4752,45.3103
2011-04-10 08:45:06,2721.4596,63.6667
2011-04-10 09:00:06,3683.681,86.9167
2011-04-10 09:15:06,3583.7001,84.6833
2011-04-10 09:30:06,4376.2331,104.2034
2011-04-10 09:45:06,4819.0798,113.4667
2011-04-10 10:00:06,4745.5782,113.5738
2011-04-10 10:15:06,5791.1343,138.8305
2011-04-10 10:30:06,5834.6901,138.05
2011-04-10 10:45:07,5758.0563,137.5574
2011-04-10 11:00:07,6011.9488,144.1186
2011-04-10 11:15:07,6597.1577,159.3167
2011-04-10 11:30:07,6849.6957,163.7167
2011-04-10 11:45:07,6632.0045,158.4333
2011-04-10 12:00:07,9218.3237,216.8833
2011-04-10 12:15:07,11441.8215,269.1525
2011-04-10 12:30:06,10285.5632,241.7288
2011-04-10 12:45:07,15428.9087,359.45
2011-04-10 13:00:07,13502.2689,318.7119
2011-04-10 13:15:07,11179.7315,262.5167
2011-04-10 13:30:07,17643.9432,396.8983
2011-04-10 13:45:07,19291.2843,435.0667
2011-04-10 14:00:07,18434.0859,417.95
2011-04-10 14:15:08,23110.6351,502.2373
2011-04-10 14:30:08,24694.5057,534.9667
2011-04-10 14:45:08,28406.1532,599.5
2011-04-10 15:00:09,37197.5425,759.85
2011-04-10 15:15:08,29839.8977,640.5593
2011-04-10 15:30:08,32379.1561,671.5902
2011-04-10 15:45:08,21854.8703,462.9831
2011-04-10 16:00:07,17306.1614,366.2833
2011-04-10 16:15:07,14220.4789,306.3559
2011-04-10 16:30:08,16182.1252,330.9322
2011-04-10 16:45:08,17350.956,343.4667
2011-04-10 17:00:08,17394.8484,348.7869
2011-04-10 17:15:09,21627.9133,414.0678
2011-04-10 17:30:09,20985.8988,395.7119
2011-04-10 17:45:09,19015.3868,359.0167
2011-04-10 18:00:09,12131.9781,233.2
2011-04-10 18:15:08,11563.253,208.2542
2011-04-10 18:30:08,9050.7225,158.5333
2011-04-10 18:45:09,6452.6115,94.6271
2011-04-10 19:00:09,5135.423,82.8333
2011-04-10 19:15:10,2870.9816,50.8667
2011-04-10 19:30:10,1561.5207,24.6167
2011-04-10 19:45:10,377.347,4.3448
2011-04-10 20:00:10,0.0,1.0
2011-04-11 06:45:07,5.9332,1.9091
2011-04-11 07:00:07,411.824,7.0
2011-04-11 07:15:08,1128.1926,19.7333
2011-04-11 07:30:08,2096.7705,41.1967
2011-04-11 07:45:08,3962.836,83.8644
2011-04-11 08:00:08,4428.6321,98.1475
2011-04-11 08:15:08,4608.9017,106.1356
2011-04-11 08:30:08,5318.5005,123.3115
2011-04-11 08:45:08,7772.1039,178.6
2011-04-11 09:00:07,9033.058,210.1017
2011-04-11 09:15:09,11156.5076,256.6441
2011-04-11 09:30:09,11906.8005,268.2034
2011-04-11 09:45:10,16094.2059,343.8305
2011-04-11 10:00:10,21255.2497,427.75
2011-04-11 10:15:09,20617.1285,422.2333
2011-04-11 10:30:09,14054.1859,303.2167
2011-04-11 10:45:09,23583.6958,476.1695
2011-04-11 11:00:09,22632.2039,457.8852
2011-04-11 11:15:09,36311.8126,708.1864
2011-04-11 11:30:09,36934.4367,730.45
2011-04-11 11:45:09,40278.6927,806.0164
2011-04-11 12:00:10,39987.9947,808.2667
2011-04-11 12:15:12,40499.0535,821.75
2011-04-11 12:30:12,42217.0075,862.9
2011-04-11 12:45:12,40394.8971,828.3333
2011-04-11 13:00:12,42957.2661,875.7705
2011-04-11 13:15:11,43469.2702,887.1017
2011-04-11 13:30:11,43501.8167,896.45
2011-04-11 13:45:11,44169.1105,913.7541
2011-04-11 14:00:12,42727.8528,886.7333
2011-04-11 14:15:12,43670.9014,893.1525
2011-04-11 14:30:12,41463.6617,848.0
2011-04-11 14:45:11,41065.0651,848.7541
2011-04-11 15:00:12,33348.7766,682.3051
2011-04-11 15:15:13,42605.2885,863.3333
2011-04-11 15:30:13,34343.5172,693.9153
2011-04-11 15:45:13,31627.3614,643.9333
2011-04-11 16:00:13,34883.7353,700.6
2011-04-11 16:15:12,30091.1613,602.35
2011-04-11 16:30:12,29865.9071,590.1695
2011-04-11 16:45:12,16880.9613,347.9667
2011-04-11 17:00:12,13636.3703,293.339
2011-04-11 17:15:12,12159.5623,263.1667
2011-04-11 17:30:12,10879.8282,235.3966
2011-04-11 17:45:12,11749.0199,245.3
2011-04-11 18:00:12,10616.7406,213.661
2011-04-11 18:15:14,6601.6998,137.5
2011-04-11 18:30:14,5676.178,116.5424
2011-04-11 18:45:13,4971.1527,73.9667
2011-04-11 19:00:13,2568.6293,47.1864
2011-04-11 19:15:12,1254.5755,24.4737
2011-04-11 19:30:12,564.1005,9.6
2011-04-11 19:45:12,16.8608,0.65
2011-04-11 20:00:12,0.0,0.0
2011-04-12 07:00:11,0.0,2.1017
2011-04-12 07:15:11,0.0,5.9153
2011-04-12 07:30:11,513.1467,13.7833
2011-04-12 07:45:11,805.9449,17.85
2011-04-12 08:00:11,942.5386,20.5167
2011-04-12 08:15:11,1299.3937,30.2203
2011-04-12 08:30:11,448.6063,10.55
2011-04-12 08:45:12,334.6494,10.75
2011-04-12 09:00:12,393.6788,12.0847
2011-04-12 09:15:12,564.8904,15.0169
2011-04-12 09:30:12,559.6277,14.8333
2011-04-12 09:45:12,101.421,7.85
2011-04-12 10:00:12,791.0222,23.9492
2011-04-12 10:15:12,3337.3171,90.5833
2011-04-12 10:30:12,5041.0974,135.2203
2011-04-12 10:45:12,9507.4488,222.65
2011-04-12 11:15:12,4559.1859,115.1017
2011-04-12 11:30:12,7538.9887,186.8983
2011-04-12 11:45:13,12297.7015,290.4167
2011-04-12 12:00:13,16657.6424,376.5424
2011-04-12 12:15:13,12589.9985,295.9492
2011-04-12 12:30:13,32174.8682,710.5833
2011-04-12 12:45:14,33390.1677,685.1017
2011-04-12 13:00:14,33075.0674,686.3667
2011-04-12 13:15:14,17261.7698,387.8947
2011-04-12 13:30:15,16503.744,379.4576
2011-04-12 13:45:15,6499.7114,162.5932
2011-04-12 14:00:15,3340.673,86.25
2011-04-12 14:15:15,6228.2895,158.6207
2011-04-12 14:30:15,4232.4194,107.9661
2011-04-12 14:45:15,2433.2126,66.3621
2011-04-12 15:00:15,2661.7561,71.8644
2011-04-12 15:15:15,1858.5122,49.6724
2011-04-12 15:30:15,5947.953,148.2333
2011-04-12 15:45:15,5280.6444,130.5085
2011-04-12 16:00:15,4018.7878,99.1333
2011-04-12 16:15:15,5052.7496,119.7759
2011-04-12 16:30:15,4473.6662,109.8475
2011-04-12 16:45:15,4874.8559,119.9831
2011-04-12 17:00:16,5884.1754,144.9667
2011-04-12 17:15:16,3572.0185,90.0
2011-04-12 17:30:16,2015.88,51.6102
2011-04-12 17:45:16,1875.6841,47.75
2011-04-12 18:00:16,959.7756,23.7119
2011-04-12 18:15:18,1065.8877,24.3559
2011-04-12 18:30:18,1263.3559,28.95
2011-04-12 18:45:18,561.6319,11.661
2011-04-12 19:00:18,922.2493,19.0
2011-04-12 19:15:17,958.4532,15.1695
2011-04-12 19:30:17,646.6365,9.2
2011-04-12 19:45:17,39.6612,1.5769
2011-04-13 07:00:16,0.0,1.9434
2011-04-13 07:15:15,126.5003,3.9153
2011-04-13 07:30:15,501.1541,10.339
2011-04-13 07:45:16,436.6265,10.1167
2011-04-13 08:00:16,213.6079,6.7458
2011-04-13 08:15:18,684.0436,15.7627
2011-04-13 08:30:18,1190.3136,28.1864
2011-04-13 08:45:18,1538.2118,36.2034
2011-04-13 09:00:18,1636.4579,38.05
2011-04-13 09:15:18,2478.4791,60.7458
2011-04-13 09:30:18,4457.3761,107.0339
2011-04-13 09:45:18,3351.1773,81.678
2011-04-13 10:00:18,2623.6024,66.1833
2011-04-13 10:15:18,2157.6416,55.7069
2011-04-13 10:30:18,3566.772,87.5593
2011-04-13 10:45:18,7798.9108,185.5763
2011-04-13 11:00:18,9425.7255,224.2069
2011-04-13 11:15:18,7927.3889,185.15
2011-04-13 11:30:18,7067.2768,170.431
2011-04-13 11:45:19,7605.4135,182.0833
2011-04-13 12:00:19,7926.3742,186.4576
2011-04-13 12:15:19,5698.1699,138.0339
2011-04-13 12:30:19,6301.5665,155.8644
2011-04-13 12:45:19,5962.6517,140.2333
2011-04-13 13:00:20,6738.819,163.661
2011-04-13 13:15:20,6357.7794,160.7544
2011-04-13 13:30:20,6286.4284,155.9655
2011-04-13 13:45:20,7357.829,177.5172
2011-04-13 14:00:20,13391.7504,311.0678
2011-04-13 14:15:21,12391.1828,285.2931
2011-04-13 14:30:22,11323.1309,257.2586
2011-04-13 14:45:22,14443.021,323.9831
2011-04-13 15:00:22,14904.8356,334.9825
2011-04-13 15:15:22,8445.2747,196.9828
2011-04-13 15:30:22,11655.0196,266.2586
2011-04-13 15:45:23,8779.2169,204.7241
2011-04-13 16:15:24,8542.9153,215.1552
2011-04-13 16:30:24,5035.9059,126.3966
2011-04-13 16:45:24,8261.8576,197.5517
2011-04-13 17:00:24,10927.5046,248.4576
2011-04-13 17:15:24,2187.1941,51.4483
2011-04-13 17:30:24,2620.0808,62.322
2011-04-13 17:45:24,2785.2562,64.7069
2011-04-13 18:00:24,4231.0049,98.8448
2011-04-13 18:15:24,8719.533,167.9492
2011-04-13 18:30:24,2720.6814,64.3793
2011-04-13 18:45:24,1929.1156,43.3966
2011-04-13 19:00:24,3003.5291,54.6102
2011-04-13 19:15:25,1404.532,27.6034
2011-04-13 19:30:25,828.857,14.5862
2011-04-13 19:45:25,17.8169,2.4483
2011-04-13 20:00:25,0.0,1.875
2011-04-14 06:30:24,0.0,2.0
2011-04-14 06:45:24,185.7332,3.75
2011-04-14 07:00:24,607.9956,12.3051
2011-04-14 07:15:23,955.2445,20.7627
2011-04-14 07:30:24,1292.6861,27.5763
2011-04-14 07:45:24,1548.198,32.75
2011-04-14 08:00:26,1760.9449,37.05
2011-04-14 08:15:26,1984.1299,41.5345
2011-04-14 08:30:26,2262.59,46.7288
2011-04-14 08:45:27,4063.5513,91.6034
2011-04-14 09:00:27,6753.2832,250.2667
2011-04-14 09:15:27,10388.2322,332.3051
2011-04-14 09:30:27,15140.4018,390.8103
2011-04-14 09:45:27,20119.2877,449.7333
2011-04-14 10:00:27,26119.3861,509.0508
2011-04-14 10:15:26,30908.9843,563.5088
2011-04-14 10:30:26,33021.5494,614.5667
2011-04-14 10:45:26,35160.4081,665.6552
2011-04-14 11:00:26,36963.4222,708.1333
2011-04-14 11:15:27,38603.6587,753.0
2011-04-14 11:30:27,39966.2256,788.2203
2011-04-14 11:45:28,41110.9817,817.95
2011-04-14 12:00:28,42701.4334,848.2881
2011-04-14 12:15:28,43165.3813,873.5932
2011-04-14 12:30:28,43663.4583,889.0847
2011-04-14 12:45:28,44600.2802,906.1667
2011-04-14 13:00:27,45676.4136,920.6379
2011-04-14 13:15:27,45636.5281,923.8667
2011-04-14 13:30:27,45559.4852,928.7966
2011-04-14 13:45:27,45144.4108,929.9831
2011-04-14 14:00:27,45030.7167,929.0339
2011-04-14 14:15:29,44096.6256,917.2373
2011-04-14 14:30:28,43703.4232,902.4915
2011-04-14 14:45:29,42614.3161,875.9153
2011-04-14 15:00:29,41649.0435,854.8136
2011-04-14 15:15:29,41650.3719,837.5424
2011-04-14 15:30:29,40462.8523,813.5
2011-04-14 15:45:29,38506.1452,777.55
2011-04-14 16:00:29,37118.3409,740.2712
2011-04-14 16:15:29,35260.4918,695.9333
2011-04-14 16:30:29,33335.3152,652.5833
2011-04-14 16:45:29,31218.4375,602.1186
2011-04-14 17:00:29,28647.7352,545.9333
2011-04-14 17:15:29,26000.0472,485.9153
2011-04-14 17:30:29,23353.6847,428.5667
2011-04-14 17:45:29,20325.6203,367.3167
2011-04-14 18:00:30,17241.7801,305.0833
2011-04-14 18:15:30,14086.7028,242.9492
2011-04-14 18:30:30,10905.9479,174.45
2011-04-14 18:45:31,7764.583,55.6557
2011-04-14 19:00:30,4812.7063,44.4915
2011-04-14 19:15:30,2065.6434,31.4
2011-04-14 19:30:30,917.1125,16.4167
2011-04-14 19:45:30,211.3622,3.9667
2011-04-14 20:00:30,0.0,1.2121
2011-04-15 06:30:30,0.0,2.0
2011-04-15 06:45:30,174.748,4.15
2011-04-15 07:00:31,657.5942,15.0833
2011-04-15 07:15:29,1181.7107,29.2203
2011-04-15 07:30:29,1615.6575,39.7797
2011-04-15 07:45:30,1918.1825,48.3729
2011-04-15 08:00:30,2358.0914,59.8361
2011-04-15 08:15:31,2811.4142,70.8246
2011-04-15 08:30:32,3239.3751,80.3167
2011-04-15 08:45:32,4697.4885,121.2373
2011-04-15 09:00:33,7074.9775,256.8448
2011-04-15 09:15:34,10050.9288,311.7797
2011-04-15 09:30:34,14567.4864,368.3167
2011-04-15 09:45:34,19108.8989,426.45
2011-04-15 10:00:34,24713.0366,480.7966
2011-04-15 10:15:34,29268.5676,533.0
2011-04-15 10:30:34,31495.3304,582.1333
2011-04-15 10:45:34,33421.9119,625.1
2011-04-15 11:00:34,35251.701,669.7
2011-04-15 11:15:33,36957.0755,709.3448
2011-04-15 11:30:33,38589.9041,746.9492
2011-04-15 11:45:33,40011.808,779.7833
2011-04-15 12:00:33,41192.7318,811.35
2011-04-15 12:15:34,42445.5907,839.0
2011-04-15 12:30:34,43367.2722,857.9672
2011-04-15 12:45:34,44219.6444,879.4333
2011-04-15 13:00:34,44802.641,896.9153
2011-04-15 13:15:34,44955.5881,904.85
2011-04-15 13:30:34,45523.0394,913.678
2011-04-15 13:45:34,45674.6046,926.7
2011-04-15 14:00:34,45045.8089,905.7
2011-04-15 14:15:34,44512.7772,895.9831
2011-04-15 14:30:34,43707.8322,881.7667
2011-04-15 14:45:34,43174.3252,866.6333
2011-04-15 15:00:34,42619.2035,854.5333
2011-04-15 15:15:34,41485.3269,827.8475
2011-04-15 15:30:34,40362.1678,800.5
2011-04-15 15:45:35,35994.3778,708.7
2011-04-15 16:00:34,32680.2436,625.6949
2011-04-15 16:15:35,34299.9323,657.0333
2011-04-15 16:30:35,33492.4929,635.0167
2011-04-15 16:45:35,24065.2796,464.4237
2011-04-15 17:00:35,16978.6324,340.5667
2011-04-15 17:15:35,11110.3114,238.7458
2011-04-15 17:30:34,14418.0207,282.9333
2011-04-15 17:45:34,14332.5415,261.0508
2011-04-15 18:00:34,8463.3757,183.4068
2011-04-15 18:15:35,10970.5714,200.7288
2011-04-15 18:30:35,7314.7296,135.5172
2011-04-15 18:45:35,4079.3352,81.2951
2011-04-15 19:00:35,2899.5047,59.0847
2011-04-15 19:15:35,1694.6145,35.6
2011-04-15 19:30:35,824.6338,15.1333
2011-04-15 19:45:35,230.6181,4.0167
2011-04-15 20:00:35,0.0,1.55
2011-04-16 07:00:33,0.0,2.102
2011-04-16 07:15:34,44.267,3.2203
2011-04-16 07:30:34,446.7675,9.4833
2011-04-16 07:45:34,162.3102,4.8
2011-04-16 08:00:34,837.003,19.2167
2011-04-16 08:15:33,1111.8287,26.3051
2011-04-16 08:30:33,1697.1775,40.8689
2011-04-16 08:45:34,790.5363,18.6667
2011-04-16 09:00:34,659.2426,16.377
2011-04-16 09:15:33,574.9644,14.4068
2011-04-16 09:30:33,782.4534,21.05
2011-04-16 09:45:33,1529.8552,40.1333
2011-04-16 10:00:33,2214.4921,58.45
2011-04-16 10:15:34,2085.6597,56.1167
2011-04-16 10:30:34,1786.6677,50.0
2011-04-16 10:45:34,1730.6099,48.95
2011-04-16 11:00:34,1832.1939,52.9
2011-04-16 11:15:33,2513.9334,71.8305
2011-04-16 11:30:33,3070.3898,86.4333
2011-04-16 11:45:33,2197.9059,62.6167
2011-04-16 12:00:33,1646.8905,48.1639
2011-04-16 12:15:33,1280.2674,37.1754
2011-04-16 12:30:33,1342.8953,39.5738
2011-04-16 12:45:33,2211.8387,60.6949
2011-04-16 13:00:34,1687.8285,49.0667
2011-04-16 13:15:35,1076.6427,31.7
2011-04-16 13:30:35,934.8196,25.9667
2011-04-16 13:45:35,1344.2587,37.9333
2011-04-16 14:00:35,2034.6314,59.8361
2011-04-16 14:15:34,2122.086,57.8814
2011-04-16 14:30:34,1550.6192,43.1167
2011-04-16 14:45:34,1610.0277,43.9836
2011-04-16 15:00:34,1053.1309,29.25
2011-04-16 15:15:35,1594.2961,43.4746
2011-04-16 15:30:36,1578.7209,42.4333
2011-04-16 15:45:36,1138.6304,30.1667
2011-04-16 16:00:36,1267.9383,33.322
2011-04-16 16:15:36,1199.9055,32.8167
2011-04-16 16:30:36,627.9535,19.1833
2011-04-16 16:45:36,1046.4626,29.1667
2011-04-16 17:00:35,424.2282,15.623
2011-04-16 17:15:34,528.2202,16.6034
2011-04-16 17:30:35,204.8903,11.1475
2011-04-16 17:45:35,0.0,3.2787
2011-04-16 18:00:35,23.2057,5.6333
2011-04-16 18:15:36,47.9499,5.75
2011-04-16 18:30:36,0.0,4.5738
2011-04-16 18:45:36,0.0,2.3667
2011-04-16 19:15:36,0.0,2.0833
2011-04-16 19:30:36,557.5845,7.9333
2011-04-16 19:45:37,15.1871,1.4
2011-04-17 06:30:35,0.0,1.6429
2011-04-17 06:45:35,262.3708,6.377
2011-04-17 07:00:35,638.2532,15.6
2011-04-17 07:15:36,1486.767,34.1525
2011-04-17 07:30:36,2799.2129,59.3833
2011-04-17 07:45:36,2632.8205,59.4
2011-04-17 08:00:37,2150.1767,49.9483
2011-04-17 08:15:36,1947.1107,45.1167
2011-04-17 08:30:36,2373.4212,54.05
2011-04-17 08:45:36,3918.8691,64.15
2011-04-17 09:00:35,6515.3326,283.8833
2011-04-17 09:15:36,9815.4608,342.0847
2011-04-17 09:30:36,15561.2978,415.5085
2011-04-17 09:45:36,21838.3164,497.4
2011-04-17 10:15:37,29684.4833,540.9153
2011-04-17 10:30:37,34644.3456,629.35
2011-04-17 10:45:37,38022.2871,698.6
2011-04-17 11:00:37,39757.0245,742.1333
2011-04-17 11:15:36,42099.8668,798.4833
2011-04-17 11:30:36,43046.9947,822.7288
2011-04-17 11:45:36,45034.6607,860.9508
2011-04-17 12:00:36,46403.8854,889.1667
2011-04-17 12:15:36,46859.3683,905.5932
2011-04-17 12:30:36,47591.8343,925.0517
2011-04-17 12:45:37,48821.8239,949.2
2011-04-17 13:15:38,49635.4441,972.678
2011-04-17 13:30:39,49028.4363,961.25
2011-04-17 13:45:38,49067.2293,968.3
2011-04-17 14:00:38,48359.0998,959.45
2011-04-17 14:15:37,48478.0953,953.5763
2011-04-17 14:30:37,47983.8986,944.3
2011-04-17 14:45:37,47977.9083,937.8814
2011-04-17 15:00:37,46263.6588,906.3443
2011-04-17 15:15:39,41043.6087,810.8475
2011-04-17 15:30:39,44502.2238,863.1833
2011-04-17 15:45:39,42163.4521,812.0833
2011-04-17 16:00:39,38189.2185,736.95
2011-04-17 16:15:39,38249.7349,728.9833
2011-04-17 16:30:39,36071.5982,680.4833
2011-04-17 16:45:39,33556.5121,626.8983
2011-04-17 17:00:39,29318.0832,541.9833
2011-04-17 17:15:39,23703.5001,444.05
2011-04-17 17:30:39,22850.4162,417.339
2011-04-17 17:45:39,21073.9128,375.4
2011-04-17 18:00:39,18478.8908,324.25
2011-04-17 18:15:40,14588.1599,250.15
2011-04-17 18:30:40,5050.6752,105.3898
2011-04-17 18:45:40,4315.1278,84.8
2011-04-17 19:00:40,3694.1983,59.7705
2011-04-17 19:15:40,1661.9822,32.8475
2011-04-17 19:30:40,575.9803,11.4833
2011-04-17 19:45:40,19.9325,1.6667
2011-04-17 20:00:40,0.0,1.0526
2011-04-18 06:30:39,0.0,2.0
2011-04-18 06:45:39,76.967,3.2833
2011-04-18 07:00:39,487.8014,10.2667
2011-04-18 07:15:39,943.7834,24.661
2011-04-18 07:30:39,1978.0132,49.6
2011-04-18 07:45:39,2666.0222,67.1
2011-04-18 08:00:39,3421.9082,87.2
2011-04-18 08:15:39,4089.5985,103.9153
2011-04-18 08:30:40,4742.6754,118.65
2011-04-18 08:45:39,6185.6634,140.7167
2011-04-18 09:00:39,8314.1938,230.3115
2011-04-18 09:15:40,10654.4344,275.0847
2011-04-18 09:30:40,13849.7492,313.6667
2011-04-18 09:45:39,15347.9847,321.1017
2011-04-18 10:00:40,18591.8551,370.7667
2011-04-18 10:15:40,19092.8935,379.5424
2011-04-18 10:30:40,20448.9306,405.1167
2011-04-18 10:45:41,20805.2821,416.6667
2011-04-18 11:00:41,16589.3628,343.1333
2011-04-18 11:15:41,14854.9261,314.5424
2011-04-18 11:30:41,11509.6853,250.1
2011-04-18 11:45:42,15294.2801,332.5085
2011-04-18 12:00:42,17757.0573,379.3833
2011-04-18 12:15:42,19988.8899,420.7119
2011-04-18 12:30:43,16847.9684,361.95
2011-04-18 12:45:43,15237.8316,329.0678
2011-04-18 13:00:43,15803.6467,339.3
2011-04-18 13:15:44,26163.0747,539.3729
2011-04-18 13:30:45,23492.459,491.8
2011-04-18 13:45:45,18578.5021,401.8167
2011-04-18 14:00:45,12456.6476,276.4667
2011-04-18 14:15:44,11967.299,269.2414
2011-04-18 14:30:44,17085.4861,370.65
2011-04-18 14:45:44,14760.6119,323.3729
2011-04-18 15:00:44,12436.779,279.55
2011-04-18 15:15:44,16010.3575,346.8966
2011-04-18 15:30:44,12738.5987,280.0333
2011-04-18 15:45:45,10442.396,229.7
2011-04-18 16:00:45,20358.3308,410.7797
2011-04-18 16:15:46,23458.1239,472.8136
2011-04-18 16:30:46,28913.3193,554.8621
2011-04-18 16:45:46,30708.4674,578.2333
2011-04-18 17:00:46,24547.2896,451.7288
2011-04-18 17:15:45,20596.6458,374.95
2011-04-18 17:30:45,16934.4054,313.25
2011-04-18 17:45:45,17373.3617,305.2542
2011-04-18 18:00:45,15276.1047,268.1525
2011-04-18 18:15:45,10948.0078,192.1525
2011-04-18 18:30:45,8985.0677,154.2833
2011-04-18 18:45:44,6222.8642,82.45
2011-04-18 19:00:44,2416.9766,43.5246
2011-04-18 19:15:45,1572.0673,30.9831
2011-04-18 19:30:45,935.8872,16.6333
2011-04-18 19:45:45,249.1074,4.15
2011-04-18 20:00:46,0.0,0.5854
2011-04-19 06:30:47,0.0,1.0
2011-04-19 06:45:47,0.0,1.2787
2011-04-19 07:00:47,32.1866,4.3934
2011-04-19 07:15:47,522.8087,10.8983
2011-04-19 07:30:47,773.9928,15.55
2011-04-19 07:45:47,1196.7722,25.5
2011-04-19 08:00:47,1656.8813,37.0
2011-04-19 08:15:47,1978.556,43.7167
2011-04-19 08:30:47,3220.2829,72.7797
2011-04-19 08:45:48,4249.9712,95.7167
2011-04-19 09:00:48,6407.1016,143.4667
2011-04-19 09:15:48,7733.5742,173.95
2011-04-19 09:30:49,6574.8596,150.1167
2011-04-19 09:45:48,5137.9071,118.1
2011-04-19 10:00:49,5864.9346,136.8
2011-04-19 10:15:48,4691.2344,113.5167
2011-04-19 10:30:49,1985.2392,50.1
2011-04-19 10:45:49,6894.7252,155.4746
2011-04-19 11:00:49,7256.8705,165.1167
2011-04-19 11:15:49,2277.0796,57.0164
2011-04-19 11:30:49,4043.6529,102.6167
2011-04-19 11:45:49,14525.3589,323.7458
2011-04-19 12:00:49,17152.195,375.9833
2011-04-19 12:15:49,13713.0289,306.3729
2011-04-19 12:30:49,14881.3845,327.1864
2011-04-19 12:45:49,13181.7753,291.1
2011-04-19 13:00:49,19026.8974,410.0169
2011-04-19 13:15:49,10242.8743,235.7167
2011-04-19 13:30:49,4680.1147,111.8621
2011-04-19 13:45:49,7393.6568,175.2167
2011-04-19 14:00:49,4583.3551,109.2167
2011-04-19 14:15:49,10725.871,238.5667
2011-04-19 14:30:49,2875.589,67.5254
2011-04-19 14:45:49,5509.5793,122.0492
2011-04-19 15:00:49,4425.2386,110.3667
2011-04-19 15:15:50,3763.8241,88.8136
2011-04-19 15:30:50,6887.7526,156.5593
2011-04-19 15:45:50,8397.5554,193.5667
2011-04-19 16:00:50,2821.8756,64.7667
2011-04-19 16:15:51,2729.0284,63.8667
2011-04-19 16:30:52,9858.1148,215.7931
2011-04-19 16:45:52,12363.3722,264.0
2011-04-19 17:00:52,11946.9765,256.7833
2011-04-19 17:15:51,15641.2627,320.7627
2011-04-19 17:30:51,17098.1583,340.1186
2011-04-19 17:45:51,15916.2983,306.25
2011-04-19 18:00:51,10508.0739,205.0167
2011-04-19 18:15:51,4618.3039,99.0
2011-04-19 18:30:51,3494.0336,79.8136
2011-04-19 18:45:51,2997.1993,68.3115
2011-04-19 19:15:52,1183.0521,25.05
2011-04-19 19:30:53,587.4415,11.0167
2011-04-19 19:45:53,41.6312,1.9483
2011-04-20 06:30:50,0.0,1.4074
2011-04-20 06:45:50,551.4441,9.1
2011-04-20 07:00:50,1031.5229,19.4068
2011-04-20 07:15:50,1206.1153,24.9667
2011-04-20 07:30:50,1970.1092,43.4167
2011-04-20 07:45:50,2947.7899,67.75
2011-04-20 08:00:50,4353.0446,103.1833
2011-04-20 08:15:50,4832.7268,115.9333
2011-04-20 08:30:50,4717.1325,113.5424
2011-04-20 08:45:50,6297.6141,140.0508
2011-04-20 09:00:50,8725.5561,240.0167
2011-04-20 09:15:50,10908.5125,323.65
2011-04-20 09:30:51,15335.4813,386.1964
2011-04-20 09:45:51,16859.6719,377.5167
2011-04-20 10:00:51,17640.7109,372.2
2011-04-20 10:15:51,24799.0513,486.8305
2011-04-20 10:30:50,27606.7229,540.45
2011-04-20 10:45:50,28820.1985,573.0
2011-04-20 11:00:50,28341.5823,578.5424
2011-04-20 11:15:50,32654.0376,672.9
2011-04-20 11:30:51,31786.4238,667.1525
2011-04-20 11:45:51,26780.7754,566.85
2011-04-20 12:00:52,18019.1132,393.1167
2011-04-20 12:15:52,14724.4737,332.0
2011-04-20 12:30:53,25429.856,524.05
2011-04-20 12:45:53,41616.1196,843.1
2011-04-20 13:00:53,35641.8434,725.95
2011-04-20 13:15:53,22744.4314,484.3051
2011-04-20 13:30:53,22923.566,487.322
2011-04-20 13:45:53,31742.4192,651.6207
2011-04-20 14:00:52,37097.4895,757.5574
2011-04-20 14:15:53,32687.3321,676.2542
2011-04-20 14:30:53,34143.2809,715.8
2011-04-20 14:45:53,28881.1568,596.5593
2011-04-20 15:00:54,30608.0481,631.4667
2011-04-20 15:15:53,22552.5835,479.2667
2011-04-20 15:30:54,27337.6146,571.15
2011-04-20 15:45:54,19588.0943,415.4333
2011-04-20 16:00:54,26449.8786,547.339
2011-04-20 16:15:55,23111.0365,472.4407
2011-04-20 16:30:55,28041.0215,563.8333
2011-04-20 16:45:55,25960.6745,511.7288
2011-04-20 17:00:55,23741.3883,470.0
2011-04-20 17:15:55,18488.6421,373.15
2011-04-20 17:30:55,11547.6536,233.4915
2011-04-20 17:45:55,4762.4286,110.1639
2011-04-20 18:00:56,7452.615,154.1167
2011-04-20 18:15:56,10130.1118,202.7797
2011-04-20 18:30:56,9535.8027,176.9167
2011-04-20 18:45:56,8570.8791,97.3729
2011-04-20 19:00:56,7099.7741,85.4833
2011-04-20 19:15:56,2932.9497,52.1667
2011-04-20 19:30:56,1052.6121,20.2
2011-04-20 19:45:56,400.3345,5.8667
2011-04-21 06:30:56,0.0,1.9767
2011-04-21 06:45:56,431.49,7.5167
2011-04-21 07:00:56,1094.8294,22.1667
2011-04-21 07:15:56,1881.5184,39.8136
2011-04-21 07:30:56,2820.8397,60.5085
2011-04-21 07:45:57,3879.0559,81.65
2011-04-21 08:00:57,5187.3298,114.1333
2011-04-21 08:15:56,5855.2003,131.9833
2011-04-21 08:30:56,6816.4988,155.9833
2011-04-21 08:45:56,8778.9471,188.9667
2011-04-21 09:00:56,10334.8779,219.7458
2011-04-21 09:15:58,11912.991,258.1525
2011-04-21 09:30:58,14518.1764,325.0833
2011-04-21 09:45:58,17205.6056,372.4068
2011-04-21 10:00:59,21521.0339,442.9167
2011-04-21 10:15:58,22751.8164,450.1333
2011-04-21 10:30:59,25879.0665,499.2542
2011-04-21 10:45:59,27340.5334,531.8
2011-04-21 11:00:59,30743.3025,596.55
2011-04-21 11:15:58,31502.4614,614.0
2011-04-21 11:30:58,31461.5228,612.9153
2011-04-21 11:45:58,32110.1795,610.1695
2011-04-21 12:00:58,44815.5424,858.9333
2011-04-21 12:15:59,45007.4009,871.15
2011-04-21 12:30:59,46174.6611,908.0667
2011-04-21 12:45:59,47258.5114,929.3
2011-04-21 13:00:00,48599.1928,953.8571
2011-04-21 13:15:00,49374.7241,967.6949
2011-04-21 13:30:00,49095.7373,972.25
2011-04-21 14:00:00,45438.0121,904.2542
2011-04-21 14:15:00,42011.0109,844.2167
2011-04-21 14:30:00,40846.4897,815.6833
2011-04-21 14:45:00,46927.7794,917.35
2011-04-21 15:00:59,47002.9746,920.375
2011-04-21 15:15:00,46096.7929,892.1273
2011-04-21 15:30:00,44515.0829,858.1
2011-04-21 15:30:59,42174.2369,804.0
2011-04-21 15:45:59,42654.0175,814.9333
2011-04-21 16:00:59,41043.1733,783.0
2011-04-21 16:15:59,37656.4358,707.0667
2011-04-21 16:30:59,30980.6282,594.4746
2011-04-21 16:45:00,26121.9752,507.5357
2011-04-21 17:00:00,19697.4713,388.05
2011-04-21 17:15:00,24412.2055,452.6102
2011-04-21 17:30:00,25841.4459,466.6833
2011-04-21 17:45:00,22637.6471,406.2667
2011-04-21 18:00:00,14783.0573,274.3167
2011-04-21 18:15:00,8606.7385,175.9661
2011-04-21 18:30:00,6771.8647,140.3833
2011-04-21 18:45:00,9664.9786,122.9833
2011-04-21 19:00:00,7712.4893,75.65
2011-04-21 19:15:00,3047.0216,50.2034
2011-04-21 19:30:00,1265.2282,25.3
2011-04-21 19:45:00,610.4108,10.1833
2011-04-21 20:00:00,26.2576,1.3279
2011-04-21 20:15:00,0.0,1.0526
2011-04-22 06:30:59,0.0,1.9636
2011-04-22 06:45:59,79.3841,2.9167
2011-04-22 07:15:00,1686.6071,35.7963
2011-04-22 07:30:00,2577.3275,56.6333
2011-04-22 07:45:00,4017.2796,89.0167
2011-04-22 08:00:00,4843.0662,108.7833
2011-04-22 08:15:00,4303.3804,99.2881
2011-04-22 08:30:00,6944.7194,153.4833
2011-04-22 08:45:00,8996.2011,198.0169
2011-04-22 09:00:00,9680.2891,216.4
2011-04-22 09:15:01,8439.1288,190.4483
2011-04-22 09:30:01,8032.1015,182.65
2011-04-22 09:45:00,7943.6639,179.8667
2011-04-22 10:00:00,7534.9389,171.65
2011-04-22 10:15:00,9858.4592,223.8136
2011-04-22 10:30:00,7931.6218,187.6441
2011-04-22 10:45:00,6927.4001,160.9833
2011-04-22 11:00:00,7681.4362,175.7213
2011-04-22 11:15:00,9227.1614,216.1864
2011-04-22 11:30:00,9894.2209,222.8
2011-04-22 11:45:00,10952.4249,246.661
2011-04-22 12:00:00,6003.8087,140.9661
2011-04-22 12:15:01,4533.7171,111.3333
2011-04-22 12:30:02,6404.1036,156.9831
2011-04-22 12:45:02,6991.8311,167.4167
2011-04-22 13:00:02,8159.1198,191.5333
2011-04-22 13:15:02,8866.3944,209.1017
2011-04-22 13:30:02,9388.397,219.6333
2011-04-22 13:45:03,9852.0055,234.0517
2011-04-22 14:00:03,7953.4622,192.45
2011-04-22 14:15:02,6791.9755,168.15
2011-04-22 14:30:03,7966.1169,193.7167
2011-04-22 14:45:03,8588.82,204.15
2011-04-22 15:00:04,8972.4078,213.5593
2011-04-22 15:15:05,10997.1789,254.3966
2011-04-22 15:30:04,10109.1178,235.3729
2011-04-22 15:45:04,7303.9457,174.8305
2011-04-22 16:00:05,7357.8119,174.65
2011-04-22 16:15:05,7286.492,174.0339
2011-04-22 16:30:05,4707.1231,115.6721
2011-04-22 16:45:05,4624.6591,110.9153
2011-04-22 17:00:05,4461.169,107.3167
2011-04-22 17:15:05,4408.1264,104.4667
2011-04-22 17:30:05,3776.9532,89.7119
2011-04-22 17:45:05,3013.2981,72.0167
2011-04-22 18:00:05,2495.8434,59.9833
2011-04-22 18:15:05,2693.4621,64.6
2011-04-22 18:30:05,1978.4765,47.0508
2011-04-22 18:45:05,1179.3919,26.65
2011-04-22 19:00:05,754.9376,16.2373
2011-04-22 19:15:05,492.7252,10.1833
2011-04-22 19:30:06,79.095,3.5667
2011-04-22 19:45:06,0.0,1.9783
2011-04-23 07:00:05,0.0,2.0
2011-04-23 07:15:05,263.0378,7.1167
2011-04-23 07:30:06,744.3616,18.2373
2011-04-23 07:45:06,1231.22,28.2
2011-04-23 08:00:06,1148.1001,27.4333
2011-04-23 08:15:06,592.923,14.0847
2011-04-23 08:30:06,772.5265,20.1167
2011-04-23 08:45:06,1061.2468,26.8136
2011-04-23 09:00:06,3896.4202,97.1967
2011-04-23 09:15:07,3697.6471,91.8305
2011-04-23 09:30:07,8763.3432,205.5763
2011-04-23 09:45:08,5035.6979,124.0
2011-04-23 10:00:08,9039.894,214.2203
2011-04-23 10:15:07,5970.8329,147.678
2011-04-23 10:30:07,5949.4457,146.85
2011-04-23 10:45:08,8530.9011,206.95
2011-04-23 11:00:08,9043.5419,215.9153
2011-04-23 11:15:08,9198.5592,221.85
2011-04-23 11:30:09,7755.5672,188.9322
2011-04-23 11:45:09,7799.5018,189.9138
2011-04-23 12:00:09,7783.4084,186.2414
2011-04-23 12:15:10,9210.5845,222.2632
2011-04-23 12:30:10,10173.0041,242.4237
2011-04-23 12:45:10,6536.8385,161.0
2011-04-23 13:00:10,5181.1726,129.1754
2011-04-23 13:15:09,9531.7739,213.6207
2011-04-23 13:30:09,26941.5564,574.6724
2011-04-23 13:45:09,16977.9365,377.4828
2011-04-23 14:00:09,13993.0198,309.069
2011-04-23 14:15:09,30828.1058,655.2241
2011-04-23 14:30:10,33701.8089,714.6897
2011-04-23 14:45:11,39414.2097,823.3333
2011-04-23 15:15:12,28085.4047,579.4655
2011-04-23 15:30:12,43119.8075,887.7627
2011-04-23 15:45:12,36123.5884,749.2203
2011-04-23 16:00:12,34575.2872,706.5424
2011-04-23 16:15:12,36183.0449,737.569
2011-04-23 16:30:13,33237.2952,673.5345
2011-04-23 16:45:13,31563.7556,632.1864
2011-04-23 17:00:14,29657.9804,583.2881
2011-04-23 17:15:13,26033.2148,509.386
2011-04-23 17:30:13,23718.3369,457.6102
2011-04-23 17:45:13,20574.6711,395.0169
2011-04-23 18:00:13,17409.5688,331.4833
2011-04-23 18:15:14,15159.9784,283.569
2011-04-23 18:30:14,11006.7736,201.15
2011-04-23 18:45:14,7243.4965,93.3167
2011-04-23 19:00:14,5842.7734,59.7833
2011-04-23 19:15:14,1553.9867,29.7966
2011-04-23 19:30:14,574.9993,11.1167
2011-04-23 19:45:14,47.014,1.8814
2011-04-23 20:00:14,0.0,0.7885
2011-04-24 06:15:14,0.0,1.6429
2011-04-24 06:30:15,172.5101,3.6333
2011-04-24 06:45:15,759.6209,11.55
2011-04-24 07:00:14,1263.308,27.0169
2011-04-24 07:15:16,1701.5091,36.7458
2011-04-24 07:30:16,2135.8702,48.8167
2011-04-24 07:45:16,2782.8687,63.7333
2011-04-24 08:00:16,2433.6824,57.15
2011-04-24 08:15:15,2909.2867,68.5172
2011-04-24 08:30:15,3090.1751,73.8667
2011-04-24 08:45:15,5301.014,109.2667
2011-04-24 09:00:15,5612.9606,160.6
2011-04-24 09:15:15,8265.7975,352.7069
2011-04-24 09:30:15,11965.971,408.3167
2011-04-24 09:45:15,17050.0342,456.9492
2011-04-24 10:00:15,21643.7046,500.3667
2011-04-24 10:15:17,27840.2275,564.678
2011-04-24 10:30:17,31013.3817,609.0508
2011-04-24 10:45:17,32565.5877,647.6667
2011-04-24 11:00:17,34409.181,694.7833
2011-04-24 11:15:16,35986.4604,736.2931
2011-04-24 11:30:16,37319.4503,771.0167
2011-04-24 11:45:16,38878.9434,807.0
2011-04-24 12:00:16,40463.1536,841.2833
2011-04-24 12:15:16,38134.9309,793.8305
2011-04-24 12:30:17,42270.6175,888.5667
2011-04-24 12:45:17,41975.5616,890.339
2011-04-24 13:00:18,42746.6133,911.678
2011-04-24 13:15:18,39691.3593,885.6897
2011-04-24 13:30:18,43247.2621,919.2373
2011-04-24 13:45:20,41194.3275,883.4167
2011-04-24 14:15:19,42435.4776,904.3793
2011-04-24 14:30:20,25206.1162,550.15
2011-04-24 14:45:20,8820.0331,207.1207
2011-04-24 15:00:20,11411.6381,262.9
2011-04-24 15:15:21,28421.4168,620.0526
2011-04-24 15:30:21,35373.5517,745.4068
2011-04-24 15:45:21,31041.8165,655.4576
2011-04-24 16:00:21,33237.5582,699.0
2011-04-24 16:15:22,9192.3363,196.6034
2011-04-24 16:30:22,8344.4914,180.8644
2011-04-24 16:45:22,2602.7421,63.6833
2011-04-24 17:00:22,34.6007,2.4068
2011-04-24 17:15:21,3578.6483,76.8276
2011-04-24 17:30:21,10853.3273,228.2034
2011-04-24 17:45:21,7254.0088,171.2542
2011-04-24 18:00:21,3920.2434,89.75
2011-04-24 18:15:22,2186.8338,51.6897
2011-04-24 18:30:23,5748.8072,109.5085
2011-04-24 18:45:23,3950.4764,89.1525
2011-04-24 19:00:23,1374.538,30.9833
2011-04-24 19:15:23,491.8895,9.2542
2011-04-24 19:30:23,233.1154,6.5593
2011-04-24 19:45:23,0.0,0.8929
2011-04-25 06:15:21,0.0,1.6667
2011-04-25 06:30:22,0.0,3.2459
2011-04-25 06:45:22,505.2469,12.0
2011-04-25 07:00:22,985.6842,21.6949
2011-04-25 07:15:22,1455.5863,33.1864
2011-04-25 07:30:22,2121.4233,50.7333
2011-04-25 07:45:22,2139.4155,50.7119
2011-04-25 08:00:22,2397.5244,54.5833
2011-04-25 08:15:22,2692.293,61.4483
2011-04-25 08:30:22,2876.9674,65.8833
2011-04-25 08:45:22,3769.9111,68.3559
2011-04-25 09:00:22,5990.4694,162.6833
2011-04-25 09:15:22,8445.187,332.6207
2011-04-25 09:30:22,12088.1044,407.8983
2011-04-25 09:45:22,16910.7653,465.3667
2011-04-25 10:00:22,21591.468,518.3729
2011-04-25 10:15:23,27712.4515,571.3621
2011-04-25 10:30:23,31380.3019,620.0508
2011-04-25 10:45:23,32877.6424,661.75
2011-04-25 11:00:23,34297.2795,702.7627
2011-04-25 11:15:22,35565.8763,735.6552
2011-04-25 11:30:22,36738.7705,770.1833
2011-04-25 11:45:23,37617.0635,796.1017
2011-04-25 12:00:24,30801.7887,660.7288
2011-04-25 12:15:24,32135.9882,693.6552
2011-04-25 12:30:24,41198.8764,868.0847
2011-04-25 12:45:24,42114.7355,908.678
2011-04-25 13:00:24,35447.4829,771.5333
2011-04-25 13:15:25,26377.4002,590.9655
2011-04-25 13:30:25,29789.8776,671.8305
2011-04-25 13:45:25,39943.2574,861.1833
2011-04-25 14:15:24,36615.5426,804.6207
2011-04-25 14:30:24,34201.2249,746.0678
2011-04-25 14:45:24,34156.2469,748.7833
2011-04-25 15:00:24,27435.6213,626.3559
2011-04-25 15:15:25,31783.4325,689.3793
2011-04-25 15:30:24,36378.8361,757.3333
2011-04-25 15:45:24,30176.5296,648.5667
2011-04-25 16:00:24,22935.8004,467.8644
2011-04-25 16:15:27,26579.9161,558.7241
2011-04-25 16:30:27,23078.6203,464.1833
2011-04-25 16:45:27,12189.1048,261.6102
2011-04-25 17:00:27,20890.5118,408.069
2011-04-25 17:15:26,24554.3422,468.431
2011-04-25 17:30:26,19201.7894,366.2333
2011-04-25 17:45:26,16980.4087,320.2203
2011-04-25 18:00:26,9078.2089,184.1695
2011-04-25 18:15:26,8290.5735,165.0508
2011-04-25 18:30:26,3751.0195,81.9492
2011-04-25 18:45:27,2721.0047,53.5254
2011-04-25 19:00:27,3517.4047,61.678
2011-04-25 19:15:28,1583.8847,36.3621
2011-04-25 19:30:28,1103.8824,22.3898
2011-04-25 19:45:28,435.3778,7.75
2011-04-25 20:00:28,0.0,0.0357
2011-04-26 06:15:26,0.0,0.6857
2011-04-26 06:30:26,0.0,3.678
2011-04-26 06:45:26,473.587,14.0169
2011-04-26 07:00:26,1006.3597,24.7627
2011-04-26 07:15:26,1707.7512,41.0714
2011-04-26 07:30:26,2355.5908,57.0667
2011-04-26 07:45:26,2857.7357,69.3729
2011-04-26 08:00:26,3031.538,72.6441
2011-04-26 08:15:26,2782.9053,68.7458
2011-04-26 08:30:26,3002.075,72.8814
2011-04-26 08:45:27,6859.2865,156.9123
2011-04-26 09:00:27,6642.7479,205.0
2011-04-26 09:15:27,8157.2022,356.6034
2011-04-26 09:30:28,11656.5918,419.9492
2011-04-26 09:45:28,16962.2783,480.1034
2011-04-26 10:00:28,22138.1956,539.661
2011-04-26 10:15:28,28428.7446,588.0862
2011-04-26 10:30:28,30215.0587,606.1017
2011-04-26 10:45:28,31608.372,655.1017
2011-04-26 11:00:28,35473.8381,719.0508
2011-04-26 11:15:28,32802.695,672.1017
2011-04-26 11:30:28,34849.3479,732.6897
2011-04-26 11:45:28,35855.0845,749.4
2011-04-26 12:00:28,37536.7062,800.0678
2011-04-26 12:15:28,23824.8781,502.3729
2011-04-26 12:30:28,36542.4981,787.431
2011-04-26 12:45:28,38857.1793,832.2167
2011-04-26 13:00:28,34664.1024,775.2712
2011-04-26 13:15:28,38335.0716,822.6949
2011-04-26 13:30:28,46168.1651,985.2759
2011-04-26 13:45:28,34117.7995,755.2667
2011-04-26 14:00:28,42062.6726,894.2881
2011-04-26 14:15:28,30539.0361,650.5593
2011-04-26 14:30:28,40955.3414,866.8305
2011-04-26 14:45:28,32709.9046,707.5
2011-04-26 15:00:28,34959.0628,756.6667
2011-04-26 15:15:28,14958.9381,343.8814
2011-04-26 15:30:28,38953.1733,802.7797
2011-04-26 15:45:28,19158.0898,419.3559
2011-04-26 16:00:28,34963.7909,715.7966
2011-04-26 16:15:28,24091.7929,507.8983
2011-04-26 16:30:28,30461.2485,617.1017
2011-04-26 16:45:28,24575.4595,501.7458
2011-04-26 17:00:28,27941.3269,558.0847
2011-04-26 17:15:28,24804.4801,491.9661
2011-04-26 17:30:28,22656.6608,441.9661
2011-04-26 17:45:28,20669.8322,401.4915
2011-04-26 18:15:28,14247.8386,272.7414
2011-04-26 18:30:28,7078.378,141.5254
2011-04-26 18:45:28,2870.1199,62.35
2011-04-26 19:00:28,2692.0208,57.7966
2011-04-26 19:15:28,3654.6133,63.4915
2011-04-26 19:30:28,1463.4333,32.4138
2011-04-26 19:45:29,355.7648,8.3051
2011-04-26 20:00:29,0.0,0.7667
2011-04-27 06:30:28,0.0,0.9615
2011-04-27 06:45:28,0.0,3.8983
2011-04-27 07:00:28,178.2802,9.7667
2011-04-27 07:15:29,1009.9962,22.6207
2011-04-27 07:30:29,2335.465,53.45
2011-04-27 07:45:29,2579.4226,60.2203
2011-04-27 08:00:29,3877.9268,91.6667
2011-04-27 08:15:29,3628.8752,86.5932
2011-04-27 08:30:29,5305.7242,127.6441
2011-04-27 08:45:29,4525.9495,106.5
2011-04-27 09:00:29,4428.4189,106.7119
2011-04-27 09:15:30,3200.6327,78.5424
2011-04-27 09:30:30,3443.9974,83.2373
2011-04-27 09:45:30,8915.5596,209.8475
2011-04-27 10:00:30,8847.2179,213.0167
2011-04-27 10:15:30,19819.5754,448.8103
2011-04-27 10:30:30,13732.9144,316.1864
2011-04-27 10:45:30,15135.5098,353.3559
2011-04-27 11:00:30,8658.412,203.35
2011-04-27 11:15:29,10737.0409,251.8644
2011-04-27 11:30:29,22684.6996,497.1525
2011-04-27 11:45:30,22198.8835,484.4746
2011-04-27 12:00:30,20354.9285,442.35
2011-04-27 12:15:31,9987.0137,231.1017
2011-04-27 12:30:31,5947.5788,141.8167
2011-04-27 12:45:31,12500.0428,296.9831
2011-04-27 13:00:32,22236.2053,495.9492
2011-04-27 13:15:32,12996.9673,299.1864
2011-04-27 13:30:32,23600.981,549.2373
2011-04-27 13:45:32,21272.0292,492.2
2011-04-27 14:00:32,7358.2753,178.8983
2011-04-27 14:15:33,24337.1273,541.1186
2011-04-27 14:30:33,24814.1613,552.7458
2011-04-27 14:45:33,20260.2781,459.1
2011-04-27 15:00:33,22204.0057,493.85
2011-04-27 15:15:33,21833.439,488.0339
2011-04-27 15:30:33,31232.8571,667.7333
2011-04-27 15:45:34,36466.5177,767.9831
2011-04-27 16:00:34,30728.3444,639.7869
2011-04-27 16:15:34,31456.762,641.9483
2011-04-27 16:30:34,27548.0612,556.35
2011-04-27 16:45:35,23111.3851,478.339
2011-04-27 17:00:35,7429.7739,172.7167
2011-04-27 17:15:35,15761.0087,330.4407
2011-04-27 17:30:35,14019.2094,291.5
2011-04-27 17:45:36,7798.9885,175.4
2011-04-27 18:00:35,7318.1768,167.2542
2011-04-27 18:15:35,3805.6172,90.7333
2011-04-27 18:30:35,2342.5275,53.2833
2011-04-27 18:45:35,1738.9495,40.9831
2011-04-27 19:00:35,408.4701,9.0328
2011-04-27 19:15:36,0.0,1.4576
2011-04-27 19:30:36,0.0,1.2667
2011-04-27 19:45:36,0.0,1.25
2011-04-27 20:00:36,0.0,0.8679
2011-04-28 06:30:35,0.0,1.0
2011-04-28 06:45:35,0.0,2.6833
2011-04-28 07:00:35,471.3365,15.4833
2011-04-28 07:15:35,1185.4199,26.9153
2011-04-28 07:30:35,875.3363,19.2167
2011-04-28 07:45:35,1474.1366,33.8667
2011-04-28 08:00:35,2523.6727,61.1167
2011-04-28 08:15:34,2617.5759,64.5424
2011-04-28 08:30:34,3513.5716,86.6333
2011-04-28 08:45:34,5157.7003,125.2333
2011-04-28 09:00:34,8654.7194,216.4833
2011-04-28 09:15:35,11257.2438,303.9138
2011-04-28 09:30:35,15109.4489,381.1167
2011-04-28 09:45:35,6592.7807,154.0833
2011-04-28 10:00:35,6361.5947,154.4576
2011-04-28 10:15:35,7894.019,194.4746
2011-04-28 10:30:35,4850.7323,123.2759
2011-04-28 10:45:35,2876.6716,75.7414
2011-04-28 11:00:35,1445.6292,39.2167
2011-04-28 11:15:34,562.5113,18.8136
2011-04-28 11:30:34,679.9518,23.75
2011-04-28 11:45:34,4464.1108,107.7627
2011-04-28 12:00:34,10390.1547,246.8136
2011-04-28 12:15:35,14111.2279,332.9661
2011-04-28 12:30:35,6941.2697,163.6102
2011-04-28 12:45:35,15163.226,349.75
2011-04-28 13:00:35,21026.7031,471.7288
2011-04-28 13:15:35,22466.0481,498.322
2011-04-28 13:30:35,28037.0715,610.95
2011-04-28 13:45:35,25092.1633,538.2373
2011-04-28 14:00:35,15770.8983,354.9831
2011-04-28 14:15:34,17128.6382,383.8814
2011-04-28 14:30:35,26572.0626,561.5833
2011-04-28 14:45:35,19386.8013,431.3
2011-04-28 15:00:35,14552.6818,330.9153
2011-04-28 15:15:36,28682.888,619.2034
2011-04-28 15:30:36,20904.4239,459.3833
2011-04-28 15:45:36,11072.2669,249.5932
2011-04-28 16:00:36,8820.0931,191.7
2011-04-28 16:15:36,6815.1066,154.2203
2011-04-28 16:30:36,5925.7282,140.1167
2011-04-28 16:45:36,18421.1469,390.6271
2011-04-28 17:00:36,12280.0824,268.9322
2011-04-28 17:15:36,5943.1248,140.0169
2011-04-28 17:30:35,5717.9334,135.2833
2011-04-28 17:45:35,12857.2366,260.2712
2011-04-28 18:00:35,13268.2961,265.1
2011-04-28 18:15:35,10228.1288,201.1864
2011-04-28 18:30:35,14819.0164,266.8644
2011-04-28 18:45:35,11603.3848,165.3833
2011-04-28 19:00:35,7099.2327,65.5593
2011-04-28 19:15:35,3225.8699,39.5254
2011-04-28 19:30:35,1323.2157,27.4833
2011-04-28 19:45:35,668.2231,13.1333
2011-04-28 20:00:36,104.5286,2.4333
2011-04-28 20:15:35,0.0,0.8
2011-04-29 06:15:34,0.0,1.2889
2011-04-29 06:30:35,276.353,7.1333
2011-04-29 06:45:36,619.7806,16.3833
2011-04-29 07:00:36,914.1842,23.8667
2011-04-29 07:15:37,1201.0709,29.7
2011-04-29 07:30:37,1406.841,34.5
2011-04-29 07:45:37,1567.8498,38.0678
2011-04-29 08:00:38,1714.1882,41.3333
2011-04-29 08:15:36,1854.7915,44.2034
2011-04-29 08:30:36,2026.4807,47.2667
2011-04-29 08:45:36,3120.3086,51.65
2011-04-29 09:00:36,5273.8924,169.8814
2011-04-29 09:15:36,7949.2672,383.3898
2011-04-29 09:30:36,11925.3959,438.5
2011-04-29 09:45:36,18138.253,477.4407
2011-04-29 10:00:36,17763.4322,410.65
2011-04-29 10:15:37,21974.4359,462.9153
2011-04-29 10:30:37,24930.0275,503.5424
2011-04-29 10:45:37,35691.242,711.45
2011-04-29 11:00:37,27434.29,570.3051
2011-04-29 11:15:36,41636.0162,831.5254
2011-04-29 11:30:37,38515.615,805.614
2011-04-29 11:45:37,21093.3919,461.2667
2011-04-29 12:00:37,16991.0051,380.9661
2011-04-29 12:15:37,24770.988,554.1864
2011-04-29 12:30:37,26390.6187,577.5254
2011-04-29 12:45:36,23513.2568,514.2333
2011-04-29 13:00:36,15735.6326,346.4915
2011-04-29 13:15:37,35442.6997,789.3559
2011-04-29 13:30:38,13869.6662,296.8814
2011-04-29 13:45:38,12286.0467,268.6271
2011-04-29 14:00:38,28504.9453,620.5833
2011-04-29 14:15:38,22882.82,500.7966
2011-04-29 14:30:38,21484.3908,481.0
2011-04-29 14:45:38,46006.6252,929.35
2011-04-29 15:00:38,38951.9281,814.7966
2011-04-29 15:15:37,25020.3986,513.75
2011-04-29 15:30:37,26689.2396,565.1897
2011-04-29 15:45:37,16769.2131,362.9661
2011-04-29 16:00:38,10677.3393,234.3966
2011-04-29 16:15:39,9068.7497,196.678
2011-04-29 16:30:39,12183.9605,267.7627
2011-04-29 16:45:39,11023.3977,241.6034
2011-04-29 17:00:39,9462.3949,207.9167
2011-04-29 17:15:39,4182.9817,92.8136
2011-04-29 17:30:39,4663.6509,104.7288
2011-04-29 17:45:39,4646.5164,105.5
2011-04-29 18:15:39,9953.1199,201.9322
2011-04-29 18:30:39,4580.9399,101.3793
2011-04-29 18:45:39,3343.3623,72.45
2011-04-29 19:00:39,4837.1848,67.85
2011-04-29 19:15:39,4630.9404,64.5932
2011-04-29 19:30:39,1126.0852,24.2881
2011-04-29 19:45:39,651.6607,12.2333
2011-04-29 20:00:39,125.0011,2.8833
2011-04-29 20:15:39,0.0,1.0
2011-04-30 06:15:38,0.0,1.3846
2011-04-30 06:30:38,156.4568,3.7869
2011-04-30 06:45:38,812.9863,17.5254
2011-04-30 07:00:38,1164.2115,26.8852
2011-04-30 07:15:38,1757.7396,43.3793
2011-04-30 07:30:38,1942.1769,46.5167
2011-04-30 07:45:38,3489.5877,82.6
2011-04-30 08:00:38,3370.9907,81.15
2011-04-30 08:15:38,4033.2442,98.0345
2011-04-30 08:30:38,5471.0629,130.5517
2011-04-30 08:45:39,7837.4126,175.9167
2011-04-30 09:00:38,6810.5862,196.0339
2011-04-30 09:15:38,8367.3414,395.15
2011-04-30 09:30:38,11945.7042,455.5424
2011-04-30 09:45:38,17097.384,512.8814
2011-04-30 10:00:39,22808.829,568.8814
2011-04-30 10:15:40,30054.4786,630.0508
2011-04-30 10:30:40,26982.422,532.8667
2011-04-30 10:45:40,25568.2565,508.9322
2011-04-30 11:00:40,37668.0202,731.9167
2011-04-30 11:15:39,41034.881,805.9831
2011-04-30 11:30:39,36876.3279,740.8167
2011-04-30 11:45:39,44775.6789,885.3
2011-04-30 12:00:40,41010.698,825.7458
2011-04-30 12:15:40,45454.1351,905.6441
2011-04-30 12:30:40,45723.4991,922.45
2011-04-30 12:45:39,46647.6345,941.5667
2011-04-30 13:15:40,47580.5425,954.1695
2011-04-30 13:30:40,47308.5588,965.4667
2011-04-30 13:45:41,47121.2171,963.7627
2011-04-30 14:00:41,46956.8147,950.0328
2011-04-30 14:15:40,46667.2493,939.5593
2011-04-30 14:30:40,45592.4417,927.5
2011-04-30 14:45:40,43796.1872,891.75
2011-04-30 15:00:40,43645.9271,878.05
2011-04-30 15:15:40,42495.2789,858.0345
2011-04-30 15:30:40,41595.9218,836.6667
2011-04-30 15:45:40,40325.0057,805.15
2011-04-30 16:00:40,38049.2278,761.6393
2011-04-30 16:15:41,34424.5004,681.6271
2011-04-30 16:30:41,35577.1338,688.75
2011-04-30 16:45:41,32516.3931,628.4407
2011-04-30 17:00:41,25094.7461,485.9333
2011-04-30 17:15:40,29918.5559,576.1207
2011-04-30 17:30:40,24603.6199,468.4746
2011-04-30 17:45:40,21050.4825,383.4426
2011-04-30 18:00:40,12458.0697,237.5254
2011-04-30 18:15:41,7206.0287,149.0
2011-04-30 18:30:41,5745.3991,118.4237
2011-04-30 18:45:41,5279.2921,104.1167
2011-04-30 19:00:41,3363.7334,64.0328
2011-04-30 19:15:42,2761.3011,48.5763
2011-04-30 19:30:42,1672.8389,34.5254
2011-04-30 19:45:42,815.9438,15.0984
2011-04-30 20:00:42,96.902,2.6167
2011-04-30 20:15:42,0.0,1.0625
2011-05-01 06:15:40,309.6195,2.5
2011-05-01 06:30:40,720.7309,9.6441
2011-05-01 06:45:40,999.3807,17.4333
2011-05-01 07:00:40,1617.0869,31.75
2011-05-01 07:15:40,2534.2593,53.8136
2011-05-01 07:30:40,3714.2581,81.8167
2011-05-01 07:45:40,4508.4771,100.7627
2011-05-01 08:15:41,5754.5865,122.7119
2011-05-01 08:30:41,5376.2166,114.1667
2011-05-01 08:45:42,5118.4317,106.9833
2011-05-01 09:00:42,4989.283,108.8644
2011-05-01 09:15:41,5867.8788,122.8814
2011-05-01 09:30:41,10831.9462,231.4833
2011-05-01 09:45:41,12105.4693,259.0
2011-05-01 10:00:41,11314.7254,242.2
2011-05-01 10:15:41,11733.4506,255.2542
2011-05-01 10:30:41,13769.1863,298.0169
2011-05-01 10:45:41,13499.9386,289.7627
2011-05-01 11:00:41,9534.4431,203.3333
2011-05-01 11:15:42,5671.9747,127.8475
2011-05-01 11:30:42,6190.8368,143.3167
2011-05-01 11:45:42,6480.9731,149.6441
2011-05-01 12:00:42,6153.4337,147.7167
2011-05-01 12:15:41,5967.7124,141.1186
2011-05-01 12:30:41,5047.8759,121.9153
2011-05-01 12:45:41,5803.048,138.8852
2011-05-01 13:00:41,7839.6285,184.5593
2011-05-01 13:15:41,12190.9912,269.7627
2011-05-01 13:30:41,11984.4404,271.2373
2011-05-01 13:45:40,8433.1181,194.7667
2011-05-01 14:00:41,6900.4662,160.0
2011-05-01 14:15:42,7614.0758,173.3966
2011-05-01 14:30:42,8355.7552,190.0833
2011-05-01 14:45:43,9115.8797,208.5
2011-05-01 15:00:43,6457.4999,152.5574
2011-05-01 15:15:42,5380.1396,127.7414
2011-05-01 15:30:41,6241.7012,145.2833
2011-05-01 15:45:41,7049.5502,161.4068
2011-05-01 16:00:41,5849.4774,136.1667
2011-05-01 16:15:41,4537.1204,107.5932
2011-05-01 16:30:41,3614.5447,89.7
2011-05-01 16:45:41,3300.9736,80.9
2011-05-01 17:00:41,3381.8648,81.1695
2011-05-01 17:15:42,2297.1073,55.678
2011-05-01 17:30:42,2815.0667,66.9
2011-05-01 17:45:42,3912.4157,91.15
2011-05-01 18:00:42,3966.3733,91.3833
2011-05-01 18:15:41,2443.7008,57.1754
2011-05-01 18:30:41,1849.3826,41.8167
2011-05-01 18:45:41,1133.8943,25.2
2011-05-01 19:00:41,1021.673,22.1167
2011-05-01 19:15:41,978.6695,20.3898
2011-05-01 19:30:42,130.5219,4.5333
2011-05-01 19:45:41,76.0443,3.9667
2011-05-01 20:00:41,0.0,1.0
2011-05-02 06:15:41,0.0,1.037
2011-05-02 06:30:42,6.8605,2.0984
2011-05-02 06:45:42,391.337,7.5667
2011-05-02 07:00:42,795.305,16.2
2011-05-02 07:15:43,1023.8853,22.1695
2011-05-02 07:30:43,2502.7349,61.5167
2011-05-02 07:45:43,3603.323,85.6
2011-05-02 08:00:43,3053.9349,66.9167
2011-05-02 08:15:43,5223.057,115.0339
2011-05-02 08:30:43,5201.091,116.9667
2011-05-02 08:45:43,5486.4439,128.1311
2011-05-02 09:00:43,4973.2822,115.5254
2011-05-02 09:15:43,7624.1342,178.7627
2011-05-02 09:30:43,8699.1495,203.2203
2011-05-02 09:45:43,15168.2194,341.9833
2011-05-02 10:00:43,12486.831,282.9667
2011-05-02 10:15:45,11200.2127,252.3448
2011-05-02 10:30:45,9332.8294,212.2833
2011-05-02 10:45:45,13638.9251,306.0169
2011-05-02 11:00:45,14485.2992,324.6441
2011-05-02 11:15:46,13423.4442,303.5424
2011-05-02 11:30:46,21283.1339,466.9153
2011-05-02 11:45:46,23841.8318,527.8852
2011-05-02 12:00:46,30788.7496,659.2203
2011-05-02 12:15:45,40426.1845,824.2034
2011-05-02 12:30:45,37289.4839,781.5667
2011-05-02 12:45:46,38568.9028,808.6
2011-05-02 13:00:46,25720.9915,562.0508
2011-05-02 13:15:46,35368.1245,738.2712
2011-05-02 13:30:46,28138.6051,598.4167
2011-05-02 13:45:46,34171.8077,722.8644
2011-05-02 14:00:46,27651.385,587.85
2011-05-02 14:15:46,20078.5858,434.7414
2011-05-02 14:30:46,21515.1567,458.8689
2011-05-02 14:45:46,17169.945,372.8983
2011-05-02 15:00:46,16092.426,349.1186
2011-05-02 15:15:46,25165.0787,523.6102
2011-05-02 15:30:46,25531.6838,525.0833
2011-05-02 15:45:46,34524.776,698.4167
2011-05-02 16:00:46,33844.3975,674.3833
2011-05-02 16:15:46,13399.9313,284.9831
2011-05-02 16:30:46,11412.0903,250.0
2011-05-02 16:45:46,10176.6538,226.7797
2011-05-02 17:00:46,12016.6574,255.9167
2011-05-02 17:15:46,16211.2113,328.9138
2011-05-02 17:30:46,21183.6234,414.5082
2011-05-02 17:45:46,18925.316,367.0345
2011-05-02 18:15:46,6147.7563,136.8983
2011-05-02 18:30:46,4466.4356,106.7627
2011-05-02 18:45:46,3962.8597,92.1311
2011-05-02 19:00:47,3162.4183,72.2373
2011-05-02 19:15:47,2111.7639,46.5763
2011-05-02 19:30:47,1080.3182,22.3
2011-05-02 19:45:47,399.7455,7.2333
2011-05-02 20:00:47,0.0,0.8333
2011-05-02 20:15:47,0.0,0.85
2011-05-03 06:15:15,0.0,1.1765
2011-05-03 06:30:16,324.3186,6.9
2011-05-03 06:45:17,822.1148,17.5738
2011-05-03 07:00:17,1532.8365,33.15
2011-05-03 07:15:17,3092.8232,69.1667
2011-05-03 07:30:17,5375.2439,117.8333
2011-05-03 07:45:16,5355.1705,116.4667
2011-05-03 08:00:16,5624.4245,128.4
2011-05-03 08:15:16,5172.0144,119.9
2011-05-03 08:30:16,5943.5792,135.5333
2011-05-03 08:45:16,7817.2307,174.6833
2011-05-03 09:00:16,9093.1198,209.4833
2011-05-03 09:15:18,10483.4957,274.1864
2011-05-03 09:30:18,11965.2349,312.4407
2011-05-03 09:45:19,13366.7739,343.0656
2011-05-03 10:00:19,19738.9372,474.6667
2011-05-03 10:15:19,24450.7334,530.2203
2011-05-03 10:30:19,29899.5273,604.3729
2011-05-03 10:45:18,32655.3377,643.1034
2011-05-03 11:00:18,32172.7251,644.85
2011-05-03 11:15:18,31354.2127,634.7458
2011-05-03 11:30:18,34337.2566,699.541
2011-05-03 11:45:19,32614.5639,671.8
2011-05-03 12:00:19,31729.1847,651.9661
2011-05-03 12:15:19,32262.5503,660.0169
2011-05-03 12:30:19,35731.3496,743.5667
2011-05-03 12:45:20,36250.147,762.1967
2011-05-03 13:00:20,43827.457,896.6333
2011-05-03 13:15:20,45579.3248,942.8833
2011-05-03 13:30:20,43836.3199,913.95
2011-05-03 13:45:19,41867.1217,884.1
2011-05-03 14:00:19,38259.3798,799.2833
2011-05-03 14:15:19,34908.6766,720.3729
2011-05-03 14:30:19,31690.4072,657.2623
2011-05-03 14:45:18,20636.3634,444.6833
2011-05-03 15:00:19,28817.0258,592.5
2011-05-03 15:15:20,31866.7092,660.6833
2011-05-03 15:30:20,19336.3307,399.6
2011-05-03 15:45:21,19845.135,417.5
2011-05-03 16:15:21,21383.6937,436.1034
2011-05-03 16:30:21,33311.8237,648.1
2011-05-03 16:45:20,18688.9958,382.2295
2011-05-03 17:00:20,19946.75,401.3729
2011-05-03 17:15:20,24466.4868,488.4833
2011-05-03 17:30:20,18607.4538,361.2
2011-05-03 17:45:21,11040.0443,229.2833
2011-05-03 18:00:21,7589.1896,162.4833
2011-05-03 18:15:21,9246.7022,191.322
2011-05-03 18:30:21,5212.3255,116.8525
2011-05-03 18:45:21,4804.1403,101.0167
2011-05-03 19:00:21,3768.4044,82.6667
2011-05-03 19:15:21,2600.2176,55.1525
2011-05-03 19:30:21,2088.7323,40.6721
2011-05-03 19:45:20,1275.206,23.8852
2011-05-03 20:00:20,140.5307,2.5833
2011-05-03 20:15:20,0.0,0.9118
2011-05-04 06:30:19,0.0,2.0222
2011-05-04 06:45:19,10.3305,2.8333
2011-05-04 07:00:19,251.8851,6.3167
2011-05-04 07:15:19,693.906,15.9833
2011-05-04 07:30:19,803.0046,19.0
2011-05-04 07:45:19,1090.106,25.4167
2011-05-04 08:00:19,1387.9511,31.8
2011-05-04 08:15:19,2359.4585,54.7966
2011-05-04 08:30:19,3135.426,73.85
2011-05-04 08:45:19,2507.5416,60.2623
2011-05-04 09:00:19,3557.0687,84.8667
2011-05-04 09:15:19,2331.5589,58.1333
2011-05-04 09:30:19,4173.1355,101.35
2011-05-04 09:45:19,3790.3115,90.4333
2011-05-04 10:15:19,7657.017,178.95
2011-05-04 10:30:19,8508.6247,196.2712
2011-05-04 10:45:19,6148.9222,146.2203
2011-05-04 11:00:19,3915.9593,97.8667
2011-05-04 11:15:19,3802.0375,96.6949
2011-05-04 11:30:19,5756.6099,137.918
2011-05-04 11:45:19,5420.0918,125.1833
2011-05-04 12:00:18,7100.7075,156.3167
2011-05-04 12:15:19,7778.225,182.6604
2011-05-04 12:30:19,10126.4932,234.0169
2011-05-04 12:45:19,14760.4006,322.8545
2011-05-04 13:00:19,21310.9985,466.6333
2011-05-04 13:15:19,12795.7528,272.5932
2011-05-04 13:30:20,26791.1442,573.15
2011-05-04 13:45:19,30780.4155,717.7667
2011-05-04 14:00:19,17524.1769,383.6167
2011-05-04 14:15:19,18727.3318,404.3898
2011-05-04 14:30:19,10550.1918,234.7833
2011-05-04 14:45:19,13741.1191,299.7333
2011-05-04 15:00:19,6610.069,145.1667
2011-05-04 15:15:19,17294.7325,375.7931
2011-05-04 15:30:19,9818.8378,206.3167
2011-05-04 15:45:20,8132.2115,182.65
2011-05-04 16:00:20,8152.9807,180.2833
2011-05-04 16:15:20,17402.0203,372.9831
2011-05-04 16:30:20,18740.0011,396.95
2011-05-04 16:45:19,24434.6366,485.35
2011-05-04 17:15:19,17278.3458,336.5167
2011-05-04 17:30:19,16059.8266,307.6066
2011-05-04 17:45:19,20501.8053,386.5254
2011-05-04 18:00:19,21181.7705,394.6833
2011-05-04 18:15:19,7817.1985,160.7797
2011-05-04 18:30:19,10308.8808,190.3
2011-05-04 18:45:20,3727.8091,71.6833
2011-05-04 19:00:20,5849.0484,73.8333
2011-05-04 19:15:20,4264.1799,62.0333
2011-05-04 19:30:20,2516.4609,46.5
2011-05-04 19:45:19,1284.4926,24.5833
2011-05-04 20:00:19,314.5531,5.9344
2011-05-04 20:15:20,0.0,1.0
2011-05-05 06:00:18,0.0,2.0
2011-05-05 06:15:20,65.2063,3.0847
2011-05-05 06:30:20,474.4936,11.0
2011-05-05 06:45:20,730.1963,19.6333
2011-05-05 07:00:20,1042.2287,26.5574
2011-05-05 07:15:20,1296.2488,31.9661
2011-05-05 07:30:20,1496.0019,36.4833
2011-05-05 07:45:20,1654.2094,40.0333
2011-05-05 08:00:20,1794.1587,42.5763
2011-05-05 08:15:20,1941.4242,46.0339
2011-05-05 08:30:20,2093.203,49.0
2011-05-05 08:45:20,3088.1086,51.5333
2011-05-05 09:00:20,4832.9439,115.4
2011-05-05 09:15:21,7643.0565,401.7458
2011-05-05 09:30:21,11212.1452,467.4667
2011-05-05 09:45:21,15449.0645,522.0167
2011-05-05 10:00:21,21555.4916,578.8167
2011-05-05 10:15:22,27854.63,630.8136
2011-05-05 10:30:22,34472.7626,680.8167
2011-05-05 10:45:22,38276.9987,726.6667
2011-05-05 11:00:23,40124.9429,768.45
2011-05-05 11:15:23,42315.1257,813.6833
2011-05-05 11:30:23,43816.8642,851.6
2011-05-05 11:45:23,45013.8469,882.4833
2011-05-05 12:15:23,48125.0521,960.3051
2011-05-05 12:30:23,48417.4997,966.0333
2011-05-05 12:45:23,40413.2122,835.2203
2011-05-05 13:00:23,44094.3916,943.8333
2011-05-05 13:15:22,38057.1431,854.8475
2011-05-05 13:30:22,39117.8142,879.8167
2011-05-05 13:45:22,32012.333,696.6167
2011-05-05 14:00:23,36156.2888,841.6
2011-05-05 14:15:24,32627.8563,728.8983
2011-05-05 14:30:25,41965.2229,900.3333
2011-05-05 14:45:25,37385.7343,775.9508
2011-05-05 15:00:25,45722.3343,914.8644
2011-05-05 15:15:25,44672.1707,889.7627
2011-05-05 15:30:25,45224.9429,897.4237
2011-05-05 15:45:26,44537.4277,880.4833
2011-05-05 16:00:26,41474.4887,813.8
2011-05-05 16:15:26,35402.9908,691.6441
2011-05-05 16:30:26,28420.8091,553.9
2011-05-05 16:45:25,36761.427,699.55
2011-05-05 17:00:25,32095.2185,604.7
2011-05-05 17:15:25,30979.8182,584.2414
2011-05-05 17:30:25,22360.3512,427.9667
2011-05-05 17:45:26,22758.2089,427.5254
2011-05-05 18:00:26,19486.7789,366.85
2011-05-05 18:15:26,15692.2029,293.5333
2011-05-05 18:30:26,13084.1828,242.2
2011-05-05 18:45:27,10243.9057,170.1833
2011-05-05 19:00:27,7428.4119,48.9667
2011-05-05 19:15:27,4518.0239,39.3051
2011-05-05 19:30:27,1519.8879,29.85
2011-05-05 19:45:25,906.8596,18.4754
2011-05-05 20:00:25,376.6444,6.6949
2011-05-05 20:15:26,0.0,1.0
2011-05-06 06:00:25,0.0,1.931
2011-05-06 06:15:25,76.7994,3.0169
2011-05-06 06:30:26,509.8394,11.9833
2011-05-06 06:45:26,907.5883,22.8833
2011-05-06 07:00:27,1503.3775,35.9
2011-05-06 07:15:27,2944.5343,65.2373
2011-05-06 07:30:27,3348.036,76.35
2011-05-06 07:45:26,2524.26,61.0
2011-05-06 08:00:26,2157.8286,51.8667
2011-05-06 08:15:26,2340.9488,56.0333
2011-05-06 08:30:26,2584.1056,60.3167
2011-05-06 08:45:27,3841.949,70.75
2011-05-06 09:00:27,6712.2528,150.3
2011-05-06 09:15:26,9629.045,339.7288
2011-05-06 09:30:27,12218.9795,409.2167
2011-05-06 09:45:27,15724.055,501.9661
2011-05-06 10:00:27,19349.5326,483.7667
2011-05-06 10:15:27,22866.7857,518.2203
2011-05-06 10:30:27,29481.9993,602.5667
2011-05-06 10:45:26,36006.4732,694.5667
2011-05-06 11:00:26,37776.5669,738.082
2011-05-06 11:15:26,40026.8208,787.5763
2011-05-06 11:30:26,41093.0938,815.6897
2011-05-06 11:45:27,42125.6309,842.55
2011-05-06 12:15:27,45611.4023,924.3966
2011-05-06 12:30:27,42250.4625,866.3729
2011-05-06 12:45:27,30135.5173,623.2787
2011-05-06 13:00:27,39995.9816,830.4167
2011-05-06 13:15:27,38920.5023,783.7966
2011-05-06 13:30:27,38861.0052,801.4667
2011-05-06 13:45:27,45030.3912,949.6667
2011-05-06 14:00:27,34772.933,747.65
2011-05-06 14:15:28,40835.3033,912.8814
2011-05-06 14:30:28,36281.4203,784.1667
2011-05-06 14:45:28,34968.7747,743.35
2011-05-06 15:15:28,21988.8719,466.1356
2011-05-06 15:30:28,18476.3905,395.7833
2011-05-06 15:45:28,20611.8863,432.3333
2011-05-06 16:00:28,22829.1103,451.4833
2011-05-06 16:15:29,31010.9547,612.3729
2011-05-06 16:30:29,10451.3966,219.8167
2011-05-06 16:45:29,31030.7329,614.4746
2011-05-06 17:00:28,15527.7552,308.8167
2011-05-06 17:15:28,9625.3857,205.7458
2011-05-06 17:30:28,14968.4993,299.7966
2011-05-06 17:45:28,22190.3952,425.2623
2011-05-06 18:00:28,19335.0095,364.8136
2011-05-06 18:15:28,11330.7894,219.8333
2011-05-06 18:30:28,9256.2528,182.7627
2011-05-06 18:45:29,3738.9572,80.377
2011-05-06 19:00:30,2403.6182,55.9153
2011-05-06 19:15:30,1725.4488,39.1186
2011-05-06 19:30:30,562.8446,10.9333
2011-05-06 19:45:30,18.9069,1.4262
2011-05-06 20:00:30,0.0,1.0
2011-05-07 06:00:27,0.0,2.0
2011-05-07 06:15:29,41.1849,2.4912
2011-05-07 06:30:30,375.4878,8.0667
2011-05-07 06:45:30,755.0336,18.95
2011-05-07 07:00:30,1594.3452,38.6333
2011-05-07 07:15:29,2338.9206,57.661
2011-05-07 07:30:29,2875.9623,71.8833
2011-05-07 07:45:28,3073.2317,76.3167
2011-05-07 08:00:28,2786.2157,65.6721
2011-05-07 08:15:28,2409.228,57.1724
2011-05-07 08:30:28,2609.8588,61.65
2011-05-07 08:45:29,3523.851,65.7705
2011-05-07 09:00:29,5248.5857,124.35
2011-05-07 09:15:29,7984.1395,399.7288
2011-05-07 09:30:29,11398.7131,461.7833
2011-05-07 09:45:29,14862.501,517.0339
2011-05-07 10:00:29,20694.6443,571.8983
2011-05-07 10:15:29,26567.1254,623.7627
2011-05-07 10:30:29,32811.2999,673.6833
2011-05-07 10:45:28,37284.2664,721.6
2011-05-07 11:00:28,39485.4257,777.0667
2011-05-07 11:15:28,40008.3851,797.8983
2011-05-07 11:30:28,39760.1317,801.9836
2011-05-07 11:45:29,36844.4222,746.9831
2011-05-07 12:00:30,44548.2203,903.3279
2011-05-07 12:15:30,41754.4703,869.9649
2011-05-07 12:30:30,44832.6948,923.1
2011-05-07 12:45:30,42543.2357,894.4833
2011-05-07 13:00:30,41513.0972,876.4746
2011-05-07 13:15:31,44874.4824,935.2034
2011-05-07 13:30:31,35163.0041,738.0667
2011-05-07 13:45:30,37388.8961,783.4333
2011-05-07 14:00:30,36506.2267,772.9167
2011-05-07 14:15:30,36439.1715,794.4746
2011-05-07 14:30:30,36956.8988,773.4667
2011-05-07 14:45:31,10075.1969,205.8833
2011-05-07 15:00:31,14842.3917,307.3729
2011-05-07 15:15:31,21596.5019,468.0508
2011-05-07 15:30:31,21906.1944,466.35
2011-05-07 15:45:30,44477.1415,891.6667
2011-05-07 16:00:31,31532.0707,640.1864
2011-05-07 16:15:31,27808.0598,564.6102
2011-05-07 16:30:31,40695.1053,786.5333
2011-05-07 16:45:31,30956.0596,603.3934
2011-05-07 17:00:32,26864.8037,521.9138
2011-05-07 17:15:32,22819.4598,443.8136
2011-05-07 17:30:32,24438.8175,465.7667
2011-05-07 17:45:32,20775.8332,399.6167
2011-05-07 18:00:32,15670.8957,302.9333
2011-05-07 18:15:32,9737.5733,195.7119
2011-05-07 18:30:32,10797.8067,207.4068
2011-05-07 18:45:32,4287.2445,92.3115
2011-05-07 19:00:32,3032.6866,65.5667
2011-05-07 19:15:32,2129.6263,45.7241
2011-05-07 19:30:32,1196.8283,23.6833
2011-05-07 19:45:32,802.0151,11.25
2011-05-07 20:00:32,589.1396,5.0833
2011-05-07 20:15:32,0.0,0.9464
2011-05-08 06:00:30,105.9199,1.6122
2011-05-08 06:15:30,440.4109,3.1228
2011-05-08 06:30:30,866.0392,10.2623
2011-05-08 06:45:30,834.9177,13.2333
2011-05-08 07:00:30,1547.9245,31.6949
2011-05-08 07:15:31,2185.8582,46.05
2011-05-08 07:30:31,2360.7528,48.7458
2011-05-08 07:45:31,4237.2275,87.3833
2011-05-08 08:00:31,3632.7655,76.5667
2011-05-08 08:15:31,4500.5109,106.1864
2011-05-08 08:30:31,6664.3753,149.2833
2011-05-08 08:45:32,6835.7236,151.2333
2011-05-08 09:00:32,7297.7085,163.9333
2011-05-08 09:15:32,7780.4154,178.8136
2011-05-08 09:30:32,14668.0026,420.4667
2011-05-08 09:45:32,16084.6849,419.9661
2011-05-08 10:00:32,22910.4209,537.7627
2011-05-08 10:15:32,25470.1134,552.4746
2011-05-08 10:30:32,26457.472,541.0656
2011-05-08 10:45:31,35652.9295,695.9661
2011-05-08 11:00:31,36404.3836,722.4167
2011-05-08 11:15:31,37705.3297,760.2881
2011-05-08 11:30:31,38553.7553,789.1333
2011-05-08 11:45:32,39864.8315,820.4833
2011-05-08 12:00:32,40917.1057,849.6885
2011-05-08 12:15:32,35027.3418,719.2931
2011-05-08 12:30:32,42066.9341,885.75
2011-05-08 12:45:32,44836.4915,953.7167
2011-05-08 13:00:32,41153.9902,873.6
2011-05-08 13:15:32,29780.1623,648.3559
2011-05-08 13:30:32,20805.4906,462.2667
2011-05-08 13:45:31,20745.5446,449.6724
2011-05-08 14:00:31,26102.935,567.5667
2011-05-08 14:15:31,35865.5483,753.7627
2011-05-08 14:30:31,33052.8639,684.4915
2011-05-08 14:45:33,20706.7393,443.6
2011-05-08 15:00:33,12302.9067,268.0
2011-05-08 15:15:33,31796.5777,644.9153
2011-05-08 15:30:33,42824.201,865.6
2011-05-08 15:45:33,36980.9534,731.8
2011-05-08 16:00:33,18116.6829,372.5667
2011-05-08 16:15:34,20902.8737,422.0847
2011-05-08 16:30:34,23935.6383,468.9492
2011-05-08 16:45:33,13954.9379,278.3934
2011-05-08 17:00:33,6228.5309,150.2333
2011-05-08 17:15:33,7150.6197,162.0169
2011-05-08 17:30:32,7062.4552,163.2203
2011-05-08 17:45:33,8243.0689,186.45
2011-05-08 18:00:34,5856.3451,127.1167
2011-05-08 18:15:34,4238.9283,92.1186
2011-05-08 18:30:34,4712.5461,101.1186
2011-05-08 18:45:34,3368.0977,74.3167
2011-05-08 19:00:34,2725.2383,58.7541
2011-05-08 19:15:34,2079.226,43.9831
2011-05-08 19:30:34,1679.7399,33.95
2011-05-08 19:45:34,975.0793,18.0333
2011-05-08 20:00:34,321.886,5.7
2011-05-08 20:15:34,0.0,1.0536
2011-05-09 06:00:31,0.0,2.0
2011-05-09 06:15:34,125.1247,3.9661
2011-05-09 06:30:34,553.5717,13.2833
2011-05-09 06:45:34,888.0404,22.8814
2011-05-09 07:00:34,1257.1885,31.3667
2011-05-09 07:15:35,1546.435,38.7167
2011-05-09 07:30:35,1787.1547,44.7797
2011-05-09 07:45:35,1995.8056,50.0667
2011-05-09 08:00:35,2187.6949,54.3729
2011-05-09 08:15:35,2388.9871,58.8167
2011-05-09 08:30:35,2613.3924,64.0339
2011-05-09 08:45:36,3541.4272,70.75
2011-05-09 09:00:36,5245.7292,147.6441
2011-05-09 09:15:36,7840.2858,376.1864
2011-05-09 09:30:36,11044.8492,445.2542
2011-05-09 09:45:35,14332.1008,500.55
2011-05-09 10:00:35,19289.8198,549.4915
2011-05-09 10:15:35,24766.8322,602.6724
2011-05-09 10:30:36,30686.5325,647.95
2011-05-09 10:45:36,35445.8625,699.4
2011-05-09 11:00:36,37226.3941,738.9153
2011-05-09 11:15:36,38869.8987,779.6441
2011-05-09 11:30:36,39952.7405,811.9
2011-05-09 11:45:36,40878.8619,836.6271
2011-05-09 12:00:36,40073.8093,832.8333
2011-05-09 12:15:37,41256.2966,861.5085
2011-05-09 12:30:38,43177.0697,887.95
2011-05-09 12:45:37,46261.2359,955.5
2011-05-09 13:00:37,47297.1462,991.0678
2011-05-09 13:15:38,47533.2254,996.3051
2011-05-09 13:30:38,36494.4412,770.5932
2011-05-09 13:45:38,29070.6123,648.6271
2011-05-09 14:00:38,39087.9036,813.0333
2011-05-09 14:15:38,36348.8301,752.6441
2011-05-09 14:30:38,28490.5013,616.2881
2011-05-09 14:45:40,46628.9612,966.35
2011-05-09 15:00:40,34138.1535,710.4915
2011-05-09 15:15:40,41978.3959,864.9661
2011-05-09 15:30:40,41175.6389,850.1667
2011-05-09 15:45:39,40393.0742,821.7833
2011-05-09 16:00:39,38894.5986,781.25
2011-05-09 16:15:39,37234.2147,744.0
2011-05-09 16:30:39,35093.9911,699.3833
2011-05-09 16:45:39,32926.6482,648.1667
2011-05-09 17:00:40,30681.7248,602.3051
2011-05-09 17:15:40,28124.9934,549.9655
2011-05-09 17:30:40,24923.8004,486.45
2011-05-09 17:45:41,21842.7182,426.9167
2011-05-09 18:00:41,18990.3734,370.8475
2011-05-09 18:15:40,15924.4103,307.661
2011-05-09 18:30:40,12736.6152,245.3898
2011-05-09 18:45:39,10032.2695,187.8167
2011-05-09 19:00:40,7338.4115,58.4407
2011-05-09 19:15:40,4788.5073,43.1017
2011-05-09 19:30:39,1808.4985,32.95
2011-05-09 19:45:40,1051.4198,22.0
2011-05-09 20:00:40,564.7852,9.9333
2011-05-09 20:15:40,23.6576,2.0847
2011-05-09 20:30:40,0.0,1.5882
2011-05-10 06:00:37,0.0,2.0
2011-05-10 06:15:40,319.3462,6.339
2011-05-10 06:30:40,996.7319,21.2586
2011-05-10 06:45:40,1764.4684,39.0656
2011-05-10 07:00:40,2247.9912,50.5254
2011-05-10 07:15:40,2622.5515,59.7288
2011-05-10 07:30:40,2663.5688,59.7377
2011-05-10 07:45:40,2483.1522,56.8
2011-05-10 08:00:40,2224.8754,51.65
2011-05-10 08:15:40,3170.3483,75.8136
2011-05-10 08:30:40,4402.1161,102.1667
2011-05-10 08:45:41,5436.1053,117.2667
2011-05-10 09:00:41,7594.361,184.5085
2011-05-10 09:15:41,9551.6102,343.8475
2011-05-10 09:30:41,12371.6799,419.05
2011-05-10 09:45:41,15475.6363,454.6333
2011-05-10 10:00:41,16648.0891,433.5833
2011-05-10 10:15:41,22074.1409,511.9492
2011-05-10 10:30:41,27493.3354,583.1333
2011-05-10 10:45:42,24365.7383,502.8136
2011-05-10 11:00:42,28038.9766,568.3898
2011-05-10 11:15:42,33746.0814,668.8644
2011-05-10 11:30:42,36890.8249,747.2833
2011-05-10 11:45:42,27712.2928,569.2333
2011-05-10 12:00:42,31408.5685,645.7627
2011-05-10 12:15:42,35118.4002,712.7797
2011-05-10 12:30:42,36320.6565,736.7333
2011-05-10 12:45:41,42369.5648,865.35
2011-05-10 13:00:41,42151.0697,859.9833
2011-05-10 13:15:41,35432.6596,720.7797
2011-05-10 13:30:41,44722.8136,925.2712
2011-05-10 13:45:41,45061.3389,940.35
2011-05-10 14:00:41,44751.0267,946.4667
2011-05-10 14:15:41,43168.5781,905.9828
2011-05-10 14:30:41,41620.2502,869.65
2011-05-10 14:45:42,43998.0107,915.5833
2011-05-10 15:00:42,41332.4991,857.15
2011-05-10 15:15:42,40685.1108,844.2712
2011-05-10 15:30:42,39813.4283,820.8
2011-05-10 15:45:41,38774.8736,794.05
2011-05-10 16:00:41,37994.1496,768.0
2011-05-10 16:15:41,35469.3891,713.5932
2011-05-10 16:30:41,33816.2773,680.3667
2011-05-10 16:45:41,32176.7021,637.4167
2011-05-10 17:00:41,29801.5255,587.9153
2011-05-10 17:15:41,26108.1034,512.0345
2011-05-10 17:30:41,25054.029,492.3667
2011-05-10 17:45:42,21787.9132,431.8833
2011-05-10 18:00:43,19272.6202,380.0508
2011-05-10 18:15:43,14533.2366,288.5167
2011-05-10 18:30:43,11438.3061,229.678
2011-05-10 18:45:42,10901.0954,210.7333
2011-05-10 19:00:42,8185.8426,92.8644
2011-05-10 19:15:42,4239.0894,49.3729
2011-05-10 19:30:42,2827.3826,53.2
2011-05-10 19:45:43,1863.1238,38.6333
2011-05-10 20:00:44,1125.6751,18.5333
2011-05-10 20:15:44,125.2503,2.1186
2011-05-10 20:30:43,0.0,0.875
2011-05-11 06:15:42,399.8631,6.6379
2011-05-11 06:30:42,943.7316,18.4333
2011-05-11 06:45:42,2009.9712,42.6667
2011-05-11 07:00:42,2115.909,45.4237
2011-05-11 07:15:42,1694.4,40.1525
2011-05-11 07:30:43,1808.1036,44.15
2011-05-11 07:45:43,1995.9883,48.9167
2011-05-11 08:00:43,2301.974,55.9
2011-05-11 08:15:43,2527.198,60.8
2011-05-11 08:30:43,2657.4076,64.3
2011-05-11 08:45:42,3363.8392,67.1695
2011-05-11 09:00:43,5046.4601,136.5333
2011-05-11 09:15:43,7496.9693,393.0167
2011-05-11 09:30:44,10712.8105,456.8333
2011-05-11 09:45:44,14102.6627,507.9667
2011-05-11 10:00:44,18942.2515,558.8644
2011-05-11 10:15:44,24363.8583,607.6949
2011-05-11 10:30:44,30189.7271,652.7667
2011-05-11 10:45:44,35044.5443,693.7833
2011-05-11 11:00:44,36901.1659,733.4667
2011-05-11 11:15:44,38157.1281,769.2712
2011-05-11 11:30:44,39335.3415,804.4167
2011-05-11 11:45:44,40401.3105,831.4667
2011-05-11 12:15:44,42262.8182,879.1017
2011-05-11 12:30:44,42957.6053,899.25
2011-05-11 12:45:44,43417.4998,914.8475
2011-05-11 13:15:44,43892.2241,934.1667
2011-05-11 13:30:44,43956.3116,935.5345
2011-05-11 13:45:44,43986.7534,938.2167
2011-05-11 14:00:45,43580.6534,933.8167
2011-05-11 14:15:45,42838.3659,922.3833
2011-05-11 14:30:45,42283.9031,906.0667
2011-05-11 14:45:46,41527.4022,881.8475
2011-05-11 15:00:46,41081.0237,865.1667
2011-05-11 15:15:46,40336.5259,848.0
2011-05-11 15:30:46,38708.1695,810.9016
2011-05-11 15:45:45,38283.1142,794.2333
2011-05-11 16:00:45,36906.9823,760.05
2011-05-11 16:15:45,35234.0542,716.9492
2011-05-11 16:30:45,33196.9724,669.9153
2011-05-11 16:45:45,30905.7949,618.5254
2011-05-11 17:00:45,28681.0355,567.9153
2011-05-11 17:15:45,25832.3784,508.7627
2011-05-11 17:30:45,23530.1069,464.9667
2011-05-11 17:45:46,20694.1627,410.4915
2011-05-11 18:00:46,17934.7301,350.8833
2011-05-11 18:15:46,15006.8119,292.2203
2011-05-11 18:30:46,12403.0814,239.9333
2011-05-11 18:45:45,9685.4452,184.4746
2011-05-11 19:15:45,4537.6264,43.6441
2011-05-11 19:30:45,1749.9645,31.2167
2011-05-11 19:45:45,1021.8672,21.2
2011-05-11 20:00:45,516.6345,9.2167
2011-05-11 20:15:46,2.3303,1.1667
2011-05-11 20:30:46,0.0,0.875
2011-05-12 06:00:44,0.0,2.0
2011-05-12 06:15:46,283.9239,5.7414
2011-05-12 06:30:47,721.8617,16.1967
2011-05-12 06:45:47,1111.1196,25.339
2011-05-12 07:00:47,1461.0711,33.7213
2011-05-12 07:15:48,1767.3322,40.9661
2011-05-12 07:30:48,1999.8406,46.65
2011-05-12 07:45:48,2207.3321,51.1186
2011-05-12 08:00:48,2399.9959,55.2333
2011-05-12 08:15:48,2643.3958,60.7966
2011-05-12 08:30:48,3020.8025,69.2333
2011-05-12 08:45:47,3998.3057,80.6333
2011-05-12 09:00:47,6270.957,156.661
2011-05-12 09:15:48,8497.1459,383.2203
2011-05-12 09:30:48,12184.041,424.8333
2011-05-12 09:45:48,15918.5841,470.2881
2011-05-12 10:00:47,18317.0281,485.0333
2011-05-12 10:15:47,21658.1168,511.6271
2011-05-12 10:30:47,25981.8231,559.4746
2011-05-12 10:45:48,30455.3507,607.7
2011-05-12 11:00:48,32924.5834,653.3051
2011-05-12 11:15:48,36479.1561,724.9833
2011-05-12 11:30:49,39109.2812,787.6102
2011-05-12 11:45:49,39821.7967,814.6167
2011-05-12 12:00:49,40840.6662,839.7119
2011-05-12 12:15:49,41717.7554,864.3333
2011-05-12 12:30:49,42539.2347,883.9492
2011-05-12 12:45:49,42296.6153,885.8167
2011-05-12 13:00:49,43471.5617,903.1833
2011-05-12 13:15:49,42967.0495,892.7414
2011-05-12 13:30:49,43026.3414,903.7833
2011-05-12 13:45:49,42464.0512,891.1667
2011-05-12 14:00:49,41453.5365,873.0167
2011-05-12 14:15:49,41960.4621,881.1525
2011-05-12 14:30:49,37943.2613,793.05
2011-05-12 14:45:49,38527.4962,798.9
2011-05-12 15:00:49,36339.6424,750.9333
2011-05-12 15:15:49,27778.5538,584.7931
2011-05-12 15:30:50,32454.9769,676.7167
2011-05-12 15:45:50,36749.5549,746.5
2011-05-12 16:00:50,34637.8307,688.9333
2011-05-12 16:15:50,34802.6946,703.3667
2011-05-12 16:30:50,28881.4988,584.3276
2011-05-12 16:45:51,20362.3183,418.45
2011-05-12 17:00:51,15159.2836,324.8814
2011-05-12 17:15:51,13263.7537,282.0517
2011-05-12 17:30:51,17921.9943,372.15
2011-05-12 17:45:51,15222.6606,317.8333
2011-05-12 18:00:51,16018.8227,315.2167
2011-05-12 18:15:51,11169.9986,227.6207
2011-05-12 18:30:51,10686.8967,204.55
2011-05-12 18:45:51,9661.1635,178.8136
2011-05-12 19:00:51,4631.372,84.1
2011-05-12 19:15:51,3228.4982,48.65
2011-05-12 19:30:51,1744.3685,35.2167
2011-05-12 19:45:51,947.206,18.1
2011-05-12 20:00:52,408.9535,6.85
2011-05-12 20:15:52,0.0,1.0526
2011-05-13 06:15:52,0.0,1.027
2011-05-13 06:30:52,52.591,3.5
2011-05-13 06:45:51,147.0804,5.7541
2011-05-13 07:00:51,630.3529,13.0667
2011-05-13 07:15:51,646.2796,13.1034
2011-05-13 07:30:51,793.6706,17.3167
2011-05-13 07:45:52,1583.7123,35.2333
2011-05-13 08:00:52,2244.7317,51.4667
2011-05-13 08:15:53,2584.1301,60.0
2011-05-13 08:30:53,2288.0366,53.6667
2011-05-13 08:45:53,2333.2472,55.45
2011-05-13 09:15:53,4403.3749,103.8983
2011-05-13 09:30:53,4173.8951,99.0667
2011-05-13 09:45:52,3440.116,82.7
2011-05-13 10:00:52,3146.8908,76.4333
2011-05-13 10:15:53,3599.6953,87.678
2011-05-13 10:30:53,4044.7538,97.4667
2011-05-13 10:45:53,4859.9488,115.9333
2011-05-13 11:00:53,4445.6864,105.6441
2011-05-13 11:15:54,5174.0544,122.65
2011-05-13 11:30:53,5338.7295,127.4
2011-05-13 11:45:53,6463.2718,153.3833
2011-05-13 12:00:53,7441.3971,173.0333
2011-05-13 12:15:53,7776.2386,181.322
2011-05-13 12:30:53,9302.6357,219.0
2011-05-13 12:45:53,9976.0185,232.1186
2011-05-13 13:00:53,8989.7827,208.1356
2011-05-13 13:15:53,9161.4685,215.0
2011-05-13 13:30:53,6759.697,163.4167
2011-05-13 13:45:53,11709.5023,272.2712
2011-05-13 14:00:54,12664.8098,293.5
2011-05-13 14:15:54,18548.8652,413.5424
2011-05-13 14:30:54,14754.0442,333.9322
2011-05-13 14:45:54,16391.6753,366.7167
2011-05-13 15:00:54,12829.1388,284.661
2011-05-13 15:15:54,19474.7441,423.5932
2011-05-13 15:30:54,17277.9086,380.1525
2011-05-13 15:45:54,16884.8703,365.3167
2011-05-13 16:00:54,10105.2815,228.6667
2011-05-13 16:15:54,5144.3618,118.5167
2011-05-13 16:30:54,4291.2339,101.3833
2011-05-13 16:45:54,3895.4722,89.95
2011-05-13 17:00:54,1584.0444,35.4
2011-05-13 17:15:55,2481.2625,59.4407
2011-05-13 17:30:55,3285.4582,77.8
2011-05-13 17:45:55,3110.2259,71.7
2011-05-13 18:00:55,3992.9752,88.9333
2011-05-13 18:15:57,2694.6174,61.5932
2011-05-13 18:30:57,1621.1247,36.5333
2011-05-13 18:45:57,1064.0084,23.05
2011-05-13 19:00:56,955.9555,20.3
2011-05-13 19:15:56,704.7801,13.9831
2011-05-13 19:30:56,41.2218,3.6833
2011-05-13 19:45:56,0.0,1.1333
2011-05-13 20:00:56,0.0,0.9167
2011-05-14 06:15:55,0.0,1.3571
2011-05-14 06:30:55,0.0,1.6
2011-05-14 06:45:54,385.2487,8.6
2011-05-14 07:00:54,355.6769,7.3934
2011-05-14 07:15:54,586.9627,13.8475
2011-05-14 07:30:54,1158.0283,25.95
2011-05-14 07:45:55,1223.9946,27.65
2011-05-14 08:00:55,1465.1358,34.1639
2011-05-14 08:15:55,1449.5491,34.7759
2011-05-14 08:30:55,2365.4251,56.6333
2011-05-14 08:45:55,2973.0628,72.4167
2011-05-14 09:00:55,2848.4138,70.55
2011-05-14 09:15:55,3074.5158,76.5862
2011-05-14 09:30:55,4174.9338,102.95
2011-05-14 09:45:54,5043.4065,121.7
2011-05-14 10:00:54,3841.0851,96.8
2011-05-14 10:15:54,4770.3021,120.4167
2011-05-14 10:30:54,3217.2911,82.0833
2011-05-14 10:45:56,3081.4456,78.7667
2011-05-14 11:00:55,3158.8511,79.9833
2011-05-14 11:15:56,3563.5502,88.8475
2011-05-14 11:30:56,4949.8292,120.3667
2011-05-14 11:45:56,4924.3083,122.2667
2011-05-14 12:00:56,4272.2539,106.8983
2011-05-14 12:15:56,4714.776,116.3667
2011-05-14 12:30:57,3822.0373,95.7
2011-05-14 12:45:56,3291.2001,83.8667
2011-05-14 13:00:56,3418.9392,87.2833
2011-05-14 13:15:55,3598.7694,90.1864
2011-05-14 13:30:56,3879.8117,96.6667
2011-05-14 13:45:57,5205.6001,127.2787
2011-05-14 14:00:57,5766.234,140.7966
2011-05-14 14:15:57,5255.6789,127.5763
2011-05-14 14:30:57,5060.7307,125.0
2011-05-14 14:45:57,4734.1235,115.8667
2011-05-14 15:00:57,5369.2875,129.541
2011-05-14 15:15:57,5862.9268,141.2373
2011-05-14 15:30:57,5619.8907,135.7
2011-05-14 15:45:58,5642.8712,135.8667
2011-05-14 16:00:58,6387.2802,151.2833
2011-05-14 16:15:58,6044.3869,142.8983
2011-05-14 16:30:58,4678.0123,110.5424
2011-05-14 16:45:58,3382.729,80.6393
2011-05-14 17:00:58,3435.5936,81.4407
2011-05-14 17:15:58,2954.6157,69.95
2011-05-14 17:30:58,2583.2878,61.4407
2011-05-14 17:45:56,2548.0251,60.8167
2011-05-14 18:00:57,2213.4235,51.918
2011-05-14 18:15:57,1690.8159,39.3448
2011-05-14 18:30:57,1652.491,37.1967
2011-05-14 18:45:58,1489.0949,32.3898
2011-05-14 19:00:58,1048.2795,22.2167
2011-05-14 19:15:58,1175.1673,23.8644
2011-05-14 19:30:57,673.0673,12.5738
2011-05-14 19:45:58,149.865,3.8136
2011-05-14 20:00:58,0.0,0.7586
2011-05-14 20:15:58,0.0,1.0
2011-05-15 06:15:57,0.0,1.7759
2011-05-15 06:30:57,543.4022,12.55
2011-05-15 06:45:57,984.4047,21.377
2011-05-15 07:00:57,1657.0152,38.4333
2011-05-15 07:15:57,2315.4373,54.2034
2011-05-15 07:30:57,2935.4675,67.8644
2011-05-15 07:45:57,3303.671,81.7377
2011-05-15 08:00:57,3041.1058,73.3
2011-05-15 08:15:57,4277.4955,103.4576
2011-05-15 08:30:57,9046.1391,214.3279
2011-05-15 08:45:57,5879.892,138.0
2011-05-15 09:00:57,4929.7489,119.5902
2011-05-15 09:15:57,11611.7696,276.5
2011-05-15 09:30:57,10300.4947,266.5
2011-05-15 09:45:57,13085.8381,346.25
2011-05-15 10:00:57,11563.0021,275.15
2011-05-15 10:15:58,14294.1745,353.8814
2011-05-15 10:30:58,11786.67,268.0
2011-05-15 10:45:59,17083.1596,389.9
2011-05-15 11:00:59,27388.0,633.4918
2011-05-15 11:15:59,20658.277,471.0862
2011-05-15 11:30:59,22941.4263,517.623
2011-05-15 11:45:58,31535.4666,696.8
2011-05-15 12:00:59,33491.4126,722.25
2011-05-15 12:15:59,35442.4095,768.3167
2011-05-15 12:30:59,40580.4822,873.7119
2011-05-15 12:45:00,21001.0422,478.4464
2011-05-15 13:00:59,40856.555,883.375
2011-05-15 13:15:59,34060.5892,773.9167
2011-05-15 13:30:00,34991.257,766.8036
2011-05-15 13:45:01,41231.0111,885.8833
2011-05-15 14:00:01,37853.2706,833.661
2011-05-15 14:15:01,26316.1268,583.4833
2011-05-15 14:30:01,24027.0671,526.7931
2011-05-15 14:45:00,35097.1956,761.0833
2011-05-15 15:00:00,31784.633,685.5932
2011-05-15 15:15:00,29386.6757,616.5932
2011-05-15 15:30:00,30800.8256,661.1667
2011-05-15 15:45:01,23196.1606,502.0333
2011-05-15 16:00:01,23745.7266,499.2167
2011-05-15 16:15:01,26387.4159,560.1833
2011-05-15 16:30:01,24894.5887,536.7119
2011-05-15 16:45:01,24954.355,512.8667
2011-05-15 17:00:01,22347.4653,462.75
2011-05-15 17:15:01,15562.2571,311.7797
2011-05-15 17:30:01,5453.8489,121.8033
2011-05-15 17:45:00,6223.495,142.25
2011-05-15 18:00:00,2568.3511,60.9661
2011-05-15 18:15:00,2104.8066,49.1
2011-05-15 18:30:00,1055.3396,22.8333
2011-05-15 18:45:01,734.7078,16.4833
2011-05-15 19:00:01,7.6889,3.2623
2011-05-15 19:15:01,0.0,0.6667
2011-05-15 19:30:01,558.8516,12.3051
2011-05-15 19:45:01,2623.9506,48.2667
2011-05-15 20:00:01,1798.4861,27.8033
2011-05-15 20:15:01,884.3411,7.1525
2011-05-15 20:30:01,0.8742,1.0
2011-05-16 06:00:59,0.0,1.0
2011-05-16 06:15:02,373.233,6.9259
2011-05-16 06:30:02,1014.9503,18.8644
2011-05-16 06:45:02,1835.5916,35.7167
2011-05-16 07:00:02,1699.4151,36.6333
2011-05-16 07:15:02,1756.4245,39.5085
2011-05-16 07:30:03,2215.4128,48.9322
2011-05-16 07:45:04,4447.3971,99.2333
2011-05-16 08:00:04,7293.6136,167.6
2011-05-16 08:15:04,6481.4354,150.9333
2011-05-16 08:30:04,5454.628,127.9
2011-05-16 08:45:03,5679.9154,142.8667
2011-05-16 09:00:03,5965.5988,148.0508
2011-05-16 09:15:03,6171.9036,183.1833
2011-05-16 09:30:03,9381.3435,316.2712
2011-05-16 09:45:04,12642.3344,406.3833
2011-05-16 10:00:04,19051.4532,546.8
2011-05-16 10:15:04,22621.7045,550.1695
2011-05-16 10:30:04,25857.8128,587.9322
2011-05-16 10:45:05,22166.0041,471.5167
2011-05-16 11:00:05,20986.5951,469.7333
2011-05-16 11:15:05,30108.9963,652.2712
2011-05-16 11:30:05,39804.108,835.7333
2011-05-16 11:45:04,35192.3553,784.55
2011-05-16 12:00:04,34569.4303,735.4407
2011-05-16 12:15:05,13588.8633,306.5085
2011-05-16 12:30:05,26814.6903,558.2333
2011-05-16 12:45:05,46575.0382,999.5833
2011-05-16 13:00:05,27050.9964,615.9333
2011-05-16 13:15:04,29157.8662,604.1864
2011-05-16 13:30:04,33706.2475,719.9167
2011-05-16 13:45:05,17631.5814,391.7119
2011-05-16 14:00:05,19149.0462,426.4655
2011-05-16 14:15:05,16157.5232,370.8305
2011-05-16 14:30:05,12950.3702,299.9492
2011-05-16 14:45:04,10594.3731,247.05
2011-05-16 15:00:04,13885.4848,311.7167
2011-05-16 15:15:04,22037.084,452.0847
2011-05-16 15:30:04,14824.3698,328.05
2011-05-16 15:45:05,9983.1505,225.3667
2011-05-16 16:00:05,5482.6038,130.1667
2011-05-16 16:15:05,7002.4557,161.1017
2011-05-16 16:30:05,8128.7342,185.9508
2011-05-16 16:45:05,7521.2014,175.8644
2011-05-16 17:00:05,5098.7618,117.25
2011-05-16 17:15:05,3868.1182,90.25
2011-05-16 17:30:05,3815.2841,87.3898
2011-05-16 17:45:04,3405.1971,80.55
2011-05-16 18:00:04,4873.6741,114.95
2011-05-16 18:15:04,12362.8157,248.0339
2011-05-16 18:30:04,10836.6834,215.1333
2011-05-16 18:45:05,9329.834,177.8833
2011-05-16 19:00:06,2507.1859,57.0
2011-05-16 19:15:06,2245.2831,52.2203
2011-05-16 19:30:07,2028.2425,45.6
2011-05-16 19:45:07,1519.444,31.9333
2011-05-16 20:00:07,821.6246,15.2459
2011-05-16 20:15:08,66.3861,1.9661
2011-05-16 20:30:08,0.0,1.0
2011-05-17 06:15:07,0.0,2.0
2011-05-17 06:30:07,44.2649,5.3559
2011-05-17 06:45:07,662.8072,13.9016
2011-05-17 07:00:07,808.8642,17.1667
2011-05-17 07:15:07,1221.1509,27.95
2011-05-17 07:30:07,1252.5288,28.2
2011-05-17 07:45:06,969.8953,21.35
2011-05-17 08:00:07,1342.9385,29.45
2011-05-17 08:15:08,4823.2556,107.6949
2011-05-17 08:30:07,7619.8716,178.15
2011-05-17 08:45:08,7485.5684,175.2833
2011-05-17 09:00:09,4758.61,113.4167
2011-05-17 09:15:09,3634.3781,88.3167
2011-05-17 09:30:09,7108.2992,172.4746
2011-05-17 09:45:09,7228.1401,179.1311
2011-05-17 10:15:09,1999.4591,51.0678
2011-05-17 10:30:09,1809.9045,46.9508
2011-05-17 10:45:09,6840.9344,165.9661
2011-05-17 11:00:09,13033.3036,310.35
2011-05-17 11:15:10,12275.3817,297.8814
2011-05-17 11:30:10,12147.8354,297.0333
2011-05-17 11:45:10,8896.485,219.8833
2011-05-17 12:00:11,9582.7912,233.4333
2011-05-17 12:15:11,15021.5894,347.2881
2011-05-17 12:30:12,13423.3423,315.2167
2011-05-17 12:45:12,34655.1082,761.25
2011-05-17 13:00:13,26771.4198,584.7
2011-05-17 13:15:13,19798.6029,441.3051
2011-05-17 13:30:13,13703.4007,314.7167
2011-05-17 13:45:13,17813.8999,401.5424
2011-05-17 14:00:13,30758.9203,686.7333
2011-05-17 14:15:14,19609.7783,435.0172
2011-05-17 14:30:14,25365.7404,563.55
2011-05-17 14:45:14,29954.4045,660.5667
2011-05-17 15:00:14,42414.1266,941.75
2011-05-17 15:15:14,29919.3459,665.1864
2011-05-17 15:30:14,24316.2731,533.7458
2011-05-17 15:45:14,19913.5092,446.6102
2011-05-17 16:00:14,8896.839,208.2373
2011-05-17 16:15:14,7110.4205,165.5833
2011-05-17 16:30:14,9092.4381,213.65
2011-05-17 16:45:15,7268.4396,175.8167
2011-05-17 17:15:15,1886.3842,44.3729
2011-05-17 17:30:15,2492.5118,54.55
2011-05-17 17:45:14,3963.0777,97.5333
2011-05-17 18:00:14,2470.2303,57.75
2011-05-17 18:15:14,5435.5244,129.2712
2011-05-17 18:30:14,3430.7329,81.1967
2011-05-17 18:45:14,4164.3649,95.1
2011-05-17 19:00:15,5295.1631,113.6271
2011-05-17 19:15:15,2875.1925,65.2833
2011-05-17 19:30:15,1982.1388,43.9831
2011-05-17 19:45:16,1208.8707,23.1148
2011-05-17 20:00:16,394.5743,6.9833
2011-05-17 20:15:16,0.0,1.1167
2011-05-17 20:30:16,0.0,1.0667
2011-05-18 06:15:17,0.0,1.2321
2011-05-18 06:30:17,567.989,13.5333
2011-05-18 06:45:17,1980.7943,42.7667
2011-05-18 07:00:17,2760.0681,60.9833
2011-05-18 07:15:17,2568.793,59.1525
2011-05-18 07:30:18,2381.2417,57.5
2011-05-18 07:45:17,3094.894,74.75
2011-05-18 08:00:17,4344.1099,102.6333
2011-05-18 08:15:17,5932.8641,142.322
2011-05-18 08:30:17,5108.7063,123.9833
2011-05-18 08:45:18,6522.9364,161.7213
2011-05-18 09:00:18,6746.6547,163.0678
2011-05-18 09:15:18,6937.6035,167.0847
2011-05-18 09:30:18,8782.1033,218.1803
2011-05-18 09:45:18,6710.9086,160.8644
2011-05-18 10:00:18,6854.2492,165.45
2011-05-18 10:15:18,4970.0085,120.6167
2011-05-18 10:30:18,4892.5011,117.5833
2011-05-18 10:45:17,4104.2137,97.9333
2011-05-18 11:00:17,3786.5451,93.8833
2011-05-18 11:15:17,4050.9871,101.322
2011-05-18 11:30:17,3736.7474,97.541
2011-05-18 11:45:18,4417.713,111.5667
2011-05-18 12:00:18,7497.1513,193.95
2011-05-18 12:15:18,2900.1364,75.9661
2011-05-18 12:30:18,6755.6755,172.4167
2011-05-18 12:45:18,3228.8528,86.6833
2011-05-18 13:00:18,7032.4656,173.1667
2011-05-18 13:15:18,5626.0924,141.4407
2011-05-18 13:30:18,12430.0142,281.8136
2011-05-18 13:45:18,18298.0037,403.95
2011-05-18 14:00:18,23395.1592,530.5593
2011-05-18 14:15:18,24654.2748,547.4576
2011-05-18 14:30:18,15914.4337,366.4833
2011-05-18 14:45:18,19433.9959,433.7458
2011-05-18 15:00:18,16659.0187,372.3051
2011-05-18 15:15:18,12656.1541,291.5
2011-05-18 15:30:18,14908.8162,342.3051
2011-05-18 15:45:18,14313.198,315.2333
2011-05-18 16:00:18,13840.929,317.3333
2011-05-18 16:15:18,31129.0919,673.2373
2011-05-18 16:30:18,23364.4887,497.8644
2011-05-18 16:45:19,28122.2441,579.3333
2011-05-18 17:00:19,26735.089,549.5333
2011-05-18 17:15:19,16900.873,359.9492
2011-05-18 17:30:18,10295.9947,232.1695
2011-05-18 17:45:18,15071.6694,320.75
2011-05-18 18:00:18,11531.4163,249.7167
2011-05-18 18:15:19,15385.8226,318.3667
2011-05-18 18:30:19,6887.996,139.4746
2011-05-18 18:45:20,6004.3351,125.2
2011-05-18 19:00:20,7048.9836,101.7
2011-05-18 19:15:20,5416.9248,53.2667
2011-05-18 19:30:20,3956.3016,61.4407
2011-05-18 19:45:19,1678.3428,36.2167
2011-05-18 20:00:19,991.838,18.0167
2011-05-18 20:15:19,105.9137,2.5
2011-05-18 20:30:19,0.0,1.0
2011-05-19 06:00:17,0.0,1.5254
2011-05-19 06:15:17,443.5007,8.9123
2011-05-19 06:30:17,1079.3167,19.2
2011-05-19 06:45:17,1501.1142,29.45
2011-05-19 07:00:17,1967.7148,40.3934
2011-05-19 07:15:17,2248.8692,47.5862
2011-05-19 07:30:18,2417.1744,53.0984
2011-05-19 07:45:17,3573.7474,80.15
2011-05-19 08:00:17,4763.9593,109.1167
2011-05-19 08:15:17,5180.4135,121.5932
2011-05-19 08:30:17,5684.6887,130.8197
2011-05-19 08:45:18,7604.5175,178.1356
2011-05-19 09:00:18,7843.061,181.3333
2011-05-19 09:15:18,10152.0864,230.7627
2011-05-19 09:30:18,7017.4348,163.4333
2011-05-19 09:45:18,9366.2798,207.4068
2011-05-19 10:00:18,9774.0449,227.4333
2011-05-19 10:15:18,9014.7203,201.3051
2011-05-19 10:30:18,7025.4958,162.9167
2011-05-19 10:45:19,5532.997,127.2167
2011-05-19 11:00:19,7485.5519,168.9167
2011-05-19 11:15:19,10783.4609,250.1525
2011-05-19 11:30:19,10130.8712,243.1186
2011-05-19 11:45:19,6042.9938,143.8833
2011-05-19 12:00:19,11960.6928,270.35
2011-05-19 12:15:19,14411.4275,317.4915
2011-05-19 12:30:19,9441.7339,212.8
2011-05-19 12:45:19,9985.9457,233.7
2011-05-19 13:00:19,14836.1547,313.6
2011-05-19 13:15:19,32341.093,709.1356
2011-05-19 13:30:19,40600.9446,887.8
2011-05-19 13:45:19,35597.9731,824.5667
2011-05-19 14:00:19,39857.854,935.0833
2011-05-19 14:15:19,28892.302,640.0508
2011-05-19 14:30:19,15697.7229,362.6833
2011-05-19 14:45:19,7792.5836,190.1967
2011-05-19 15:00:19,16290.4972,375.3
2011-05-19 15:15:19,41391.003,957.3793
2011-05-19 15:30:20,26610.6333,573.75
2011-05-19 15:45:20,17500.1153,381.9833
2011-05-19 16:00:20,8337.0397,203.15
2011-05-19 16:15:20,4728.2643,110.2
2011-05-19 16:30:21,8770.6437,181.8136
2011-05-19 16:45:21,15056.3242,321.4237
2011-05-19 17:00:21,25273.7824,539.0667
2011-05-19 17:15:21,8888.5348,207.6949
2011-05-19 17:30:21,10831.5242,232.5
2011-05-19 17:45:21,12234.6762,264.7719
2011-05-19 18:00:21,14468.3676,295.5333
2011-05-19 18:15:21,17370.4505,348.2
2011-05-19 18:30:21,7026.624,155.0508
2011-05-19 18:45:20,6995.8559,153.0667
2011-05-19 19:00:20,4197.4405,79.15
2011-05-19 19:15:20,4960.1457,90.5667
2011-05-19 19:30:20,2720.7025,58.7288
2011-05-19 19:45:20,1452.7419,31.1967
2011-05-19 20:00:20,699.0483,13.4746
2011-05-19 20:15:20,12.2276,1.6333
2011-05-19 20:30:21,0.0,1.2308
2011-05-20 06:00:20,10.5575,2.0351
2011-05-20 06:15:20,544.8539,10.6441
2011-05-20 06:30:20,1069.1261,22.5
2011-05-20 06:45:19,1918.5272,44.4068
2011-05-20 07:00:19,2915.3372,70.5667
2011-05-20 07:15:19,3274.9643,80.6667
2011-05-20 07:30:19,3547.0144,88.3
2011-05-20 07:45:19,3843.3795,96.2203
2011-05-20 08:00:19,4616.2041,118.6885
2011-05-20 08:15:19,7153.1089,166.7833
2011-05-20 08:30:19,5533.507,116.4833
2011-05-20 08:45:20,5931.5781,134.7288
2011-05-20 09:00:20,9131.6704,216.35
2011-05-20 09:15:20,10024.4201,219.1356
2011-05-20 09:30:20,4883.0655,105.2167
2011-05-20 09:45:20,12341.5486,286.2833
2011-05-20 10:00:20,10067.2658,214.9153
2011-05-20 10:15:20,12531.3549,290.8
2011-05-20 10:30:20,17834.4926,394.3167
2011-05-20 10:45:20,12018.7956,267.0862
2011-05-20 11:00:20,11444.0684,255.5246
2011-05-20 11:15:20,8293.0474,187.3051
2011-05-20 11:30:20,9547.0645,214.6333
2011-05-20 11:45:21,9409.0771,213.7368
2011-05-20 12:00:21,8325.7012,192.3559
2011-05-20 12:15:21,11575.3141,261.8167
2011-05-20 12:30:21,7559.5603,167.3898
2011-05-20 12:45:20,7180.449,170.0833
2011-05-20 13:00:20,11401.0235,266.8475
2011-05-20 13:15:20,35794.7286,750.5
2011-05-20 13:30:20,17518.1078,377.2034
2011-05-20 13:45:21,14392.6003,319.1525
2011-05-20 14:00:22,21705.3042,482.1833
2011-05-20 14:15:22,25165.0447,547.8793
2011-05-20 14:30:22,18511.6995,416.3729
2011-05-20 14:45:22,32830.1012,730.661
2011-05-20 15:00:22,28027.0718,612.25
2011-05-20 15:15:23,22928.2099,496.8333
2011-05-20 15:30:23,40639.0219,853.4667
2011-05-20 15:45:22,18193.1855,400.6441
2011-05-20 16:00:22,24137.158,497.9833
2011-05-20 16:15:22,10942.8063,247.8644
2011-05-20 16:30:22,10047.6202,225.8167
2011-05-20 16:45:23,10929.984,236.931
2011-05-20 17:00:23,10431.8155,225.7167
2011-05-20 17:15:22,12468.79,270.0678
2011-05-20 17:30:23,20722.8337,412.0667
2011-05-20 17:45:23,22956.4552,457.5593
2011-05-20 18:00:23,19486.2089,391.3051
2011-05-20 18:15:23,16080.1066,325.2373
2011-05-20 18:30:24,9982.189,208.918
2011-05-20 18:45:24,10448.6292,208.3509
2011-05-20 19:00:23,7633.914,139.7627
2011-05-20 19:15:23,8019.9034,107.25
2011-05-20 19:30:24,4136.8262,67.8333
2011-05-20 19:45:24,2162.7925,48.0339
2011-05-20 20:00:24,1327.3405,27.5
2011-05-20 20:15:24,408.8626,7.5833
2011-05-20 20:30:24,0.0,1.0612
2011-05-21 05:45:21,0.0,1.8667
2011-05-21 06:00:21,16.3542,2.6557
2011-05-21 06:15:22,452.9593,8.9831
2011-05-21 06:30:22,706.1394,15.8983
2011-05-21 06:45:22,960.8094,21.5
2011-05-21 07:00:22,1174.6267,25.6167
2011-05-21 07:15:22,1335.1632,28.9167
2011-05-21 07:30:22,1453.2164,30.9661
2011-05-21 07:45:22,1568.0247,33.3
2011-05-21 08:00:22,1701.6498,36.2
2011-05-21 08:15:22,1860.9763,40.2167
2011-05-21 08:30:22,2058.397,45.4237
2011-05-21 08:45:23,2361.8589,52.0
2011-05-21 09:00:23,4103.9876,94.8
2011-05-21 09:15:23,6115.9178,361.2667
2011-05-21 09:30:23,9514.6907,479.7167
2011-05-21 09:45:22,12454.5168,530.6271
2011-05-21 10:00:22,16616.6256,590.2333
2011-05-21 10:15:22,23264.4477,668.3051
2011-05-21 10:30:22,23640.3356,588.8833
2011-05-21 10:45:22,28267.7907,639.7288
2011-05-21 11:00:22,36527.3586,763.4833
2011-05-21 11:15:23,38752.105,805.5167
2011-05-21 11:30:23,39433.7421,831.1167
2011-05-21 11:45:24,40446.5927,863.9833
2011-05-21 12:00:24,41550.1953,899.7288
2011-05-21 12:15:24,42104.2965,910.4
2011-05-21 12:30:24,33204.1399,744.9833
2011-05-21 12:45:23,44641.6661,967.3559
2011-05-21 13:00:23,43127.9334,940.4333
2011-05-21 13:15:23,43075.1523,945.9667
2011-05-21 13:30:23,43673.3208,952.8667
2011-05-21 13:45:23,43053.8399,960.4407
2011-05-21 14:00:23,36842.2722,828.0167
2011-05-21 14:15:23,33162.8976,750.6333
2011-05-21 14:30:23,33613.3682,742.931
2011-05-21 14:45:24,43073.9781,941.4407
2011-05-21 15:00:24,42974.1602,942.6667
2011-05-21 15:15:24,32910.7482,703.8
2011-05-21 15:30:24,37810.2718,800.7167
2011-05-21 15:45:23,38978.518,829.1525
2011-05-21 16:00:23,34902.8142,755.8833
2011-05-21 16:15:23,26750.9689,566.1356
2011-05-21 16:30:23,34240.2895,725.4333
2011-05-21 16:45:24,30711.3006,642.2542
2011-05-21 17:00:24,21837.1532,455.1167
2011-05-21 17:15:24,21043.2017,449.05
2011-05-21 17:30:24,12870.8854,282.5424
2011-05-21 17:45:24,16472.4649,351.9107
2011-05-21 18:00:24,15421.5072,332.0167
2011-05-21 18:15:24,10236.2055,221.6167
2011-05-21 18:30:24,10571.0463,225.2712
2011-05-21 18:45:24,7113.1764,155.7759
2011-05-21 19:00:24,3977.717,78.678
2011-05-21 19:15:24,5060.3756,83.9138
2011-05-21 19:30:25,4416.6921,74.4915
2011-05-21 19:45:27,2315.7765,49.8966
2011-05-21 20:00:27,975.1149,19.6833
2011-05-21 20:15:27,118.7469,2.6441
2011-05-21 20:30:27,0.0,0.0513
2011-05-22 05:45:26,0.0,1.1143
2011-05-22 06:00:26,157.445,3.8333
2011-05-22 06:15:28,884.419,15.8276
2011-05-22 06:30:28,1522.1687,29.8167
2011-05-22 06:45:28,2169.3922,45.1333
2011-05-22 07:00:28,2761.3892,59.7119
2011-05-22 07:15:28,2860.7054,61.9333
2011-05-22 07:30:28,3018.611,70.0339
2011-05-22 07:45:28,3159.0739,77.9167
2011-05-22 08:00:28,3328.4037,85.3833
2011-05-22 08:15:28,3526.4152,88.6102
2011-05-22 08:30:28,4268.8785,106.0656
2011-05-22 08:45:30,4258.4176,103.7667
2011-05-22 09:00:29,6211.8927,164.8136
2011-05-22 09:15:29,8403.7327,349.8305
2011-05-22 09:30:30,11167.714,407.0167
2011-05-22 09:45:28,14354.4748,486.6833
2011-05-22 10:00:29,16845.004,510.7966
2011-05-22 10:15:30,19053.2766,508.8305
2011-05-22 10:30:30,24487.2287,591.2833
2011-05-22 10:45:30,26893.5453,592.4333
2011-05-22 11:15:31,26438.2997,585.6207
2011-05-22 11:30:31,31203.9019,670.7167
2011-05-22 11:45:32,21994.8936,495.6441
2011-05-22 12:00:32,24611.9691,551.8167
2011-05-22 12:15:32,35973.5788,768.0833
2011-05-22 12:30:32,33254.5742,718.6102
2011-05-22 12:45:31,18736.8909,405.7667
2011-05-22 13:00:31,18680.5073,416.7333
2011-05-22 13:15:31,26969.8923,598.3898
2011-05-22 13:30:31,35780.7688,767.5
2011-05-22 13:45:31,13240.0546,312.8667
2011-05-22 14:00:31,11063.9977,266.75
2011-05-22 14:15:31,7017.8632,170.0169
2011-05-22 14:30:31,4576.8619,109.5932
2011-05-22 14:45:32,8103.8794,183.7213
2011-05-22 15:00:32,5785.1859,138.1864
2011-05-22 15:15:32,5822.6442,135.2203
2011-05-22 15:30:32,7430.7967,170.8475
2011-05-22 15:45:31,6345.4558,156.2373
2011-05-22 16:00:31,5100.285,120.0164
2011-05-22 16:15:31,4644.5296,108.6
2011-05-22 16:30:31,4667.6217,104.7458
2011-05-22 16:45:32,6135.6865,139.8167
2011-05-22 17:00:32,7492.6524,165.8983
2011-05-22 17:15:32,19658.6605,406.8833
2011-05-22 17:30:32,26018.2146,529.6271
2011-05-22 17:45:32,20238.0082,402.7333
2011-05-22 18:00:32,15394.9722,312.0847
2011-05-22 18:15:32,13647.7544,275.9661
2011-05-22 18:30:32,11081.9299,221.2167
2011-05-22 18:45:31,6127.9872,133.5167
2011-05-22 19:00:31,4576.6385,98.9667
2011-05-22 19:15:31,3062.0422,68.9661
2011-05-22 19:30:31,2189.1066,48.8644
2011-05-22 19:45:32,1174.8957,26.5902
2011-05-22 20:00:32,503.5243,10.9333
2011-05-22 20:15:32,3.8167,1.65
2011-05-22 20:30:32,0.0,0.8889
2011-05-23 06:00:32,0.0,1.1875
2011-05-23 06:15:34,0.0,3.8621
2011-05-23 06:30:34,0.0,4.4167
2011-05-23 06:45:34,70.6423,7.2459
2011-05-23 07:00:34,799.8657,17.1186
2011-05-23 07:15:34,1073.9518,24.0
2011-05-23 07:30:34,2377.5478,57.7667
2011-05-23 07:45:34,2698.2509,66.4
2011-05-23 08:00:34,5653.4381,137.75
2011-05-23 08:15:34,7280.673,176.3051
2011-05-23 08:30:35,5971.2811,148.1167
2011-05-23 08:45:35,7488.2685,180.9333
2011-05-23 09:00:35,7804.9023,199.4833
2011-05-23 09:15:35,8566.6113,359.1864
2011-05-23 09:30:35,10722.5675,422.4833
2011-05-23 09:45:35,13354.6401,430.4667
2011-05-23 10:00:35,18434.6463,525.8
2011-05-23 10:15:35,16201.446,429.5254
2011-05-23 10:30:35,26548.2588,639.1167
2011-05-23 10:45:35,25029.3726,559.15
2011-05-23 11:00:35,24337.7681,508.1695
2011-05-23 11:15:35,23417.2774,514.2333
2011-05-23 11:30:36,36604.0684,757.4833
2011-05-23 11:45:36,38086.8838,808.9322
2011-05-23 12:00:36,40593.8564,856.4333
2011-05-23 12:15:36,41582.2776,880.7119
2011-05-23 12:30:36,41065.5628,871.9492
2011-05-23 12:45:36,37250.4429,804.6
2011-05-23 13:00:36,45942.374,995.0167
2011-05-23 13:15:36,41492.0734,910.322
2011-05-23 13:30:36,41974.9558,912.2712
2011-05-23 13:45:36,41321.2856,905.7705
2011-05-23 14:00:36,40998.7973,892.5085
2011-05-23 14:15:36,31413.3625,674.0667
2011-05-23 14:30:37,35363.2526,748.7667
2011-05-23 14:45:37,37853.0083,791.0333
2011-05-23 15:00:38,33138.8884,693.0702
2011-05-23 15:15:38,19683.6152,432.4407
2011-05-23 15:30:38,14387.7917,321.8333
2011-05-23 15:45:38,19839.0639,432.1186
2011-05-23 16:00:38,7784.9316,178.1333
2011-05-23 16:15:38,8688.707,190.9831
2011-05-23 16:30:38,14728.9437,328.4237
2011-05-23 16:45:38,16561.2234,369.2
2011-05-23 17:00:38,12397.6987,282.1864
2011-05-23 17:15:38,15008.583,327.9492
2011-05-23 17:30:39,9954.2786,225.5932
2011-05-23 17:45:40,6085.3114,145.0984
2011-05-23 18:00:40,2125.7723,53.0
2011-05-23 18:15:40,3224.5789,75.3333
2011-05-23 18:30:40,3524.689,81.6667
2011-05-23 18:45:40,2966.3359,65.2833
2011-05-23 19:00:40,3736.8071,74.4915
2011-05-23 19:15:41,5193.1543,93.25
2011-05-23 19:30:41,3559.8611,65.8667
2011-05-23 19:45:40,1765.2385,37.4746
2011-05-23 20:00:40,1335.6211,24.6667
2011-05-23 20:15:40,567.6752,8.9492
2011-05-23 20:30:40,0.0,0.717
2011-05-24 06:00:40,0.0,0.9767
2011-05-24 06:15:43,0.0,0.4107
2011-05-24 06:30:43,0.0,2.5902
2011-05-24 06:45:42,654.8059,15.5833
2011-05-24 07:00:42,1973.0676,45.3667
2011-05-24 07:15:42,2578.7288,59.0847
2011-05-24 07:30:42,3508.4826,81.2333
2011-05-24 07:45:43,4900.7545,113.3
2011-05-24 08:00:43,5565.7097,125.0333
2011-05-24 08:15:43,4183.9916,97.322
2011-05-24 08:30:43,4130.4664,90.9
2011-05-24 08:45:43,6163.136,141.1833
2011-05-24 09:00:43,4264.0693,98.8833
2011-05-24 09:15:43,4552.1487,108.8983
2011-05-24 09:30:43,5538.0457,130.5593
2011-05-24 09:45:42,8358.3388,193.6667
2011-05-24 10:15:42,14310.8247,331.3103
2011-05-24 10:30:42,19233.3381,449.1
2011-05-24 10:45:44,30075.1376,675.7833
2011-05-24 11:00:44,29160.4836,628.8833
2011-05-24 11:15:43,36866.1602,767.2373
2011-05-24 11:30:43,38267.2172,801.6271
2011-05-24 11:45:43,40391.0693,849.8833
2011-05-24 12:00:43,39771.6016,843.1167
2011-05-24 12:15:44,39403.5063,842.0
2011-05-24 12:30:44,38573.951,826.1167
2011-05-24 12:45:44,41921.8547,896.1333
2011-05-24 13:00:45,42092.7475,926.6833
2011-05-24 13:15:45,43516.2734,944.0508
2011-05-24 13:30:46,39480.1833,857.0678
2011-05-24 13:45:46,42793.257,934.2833
2011-05-24 14:00:46,37915.0696,822.0333
2011-05-24 14:15:46,42378.62,921.7119
2011-05-24 14:30:46,24234.6266,539.7167
2011-05-24 14:45:46,24314.5421,543.4746
2011-05-24 15:00:46,28576.9818,635.5333
2011-05-24 15:15:47,12624.7368,295.2203
2011-05-24 15:30:47,8976.1216,209.55
2011-05-24 15:45:47,9758.6831,224.7627
2011-05-24 16:00:47,12331.8064,273.35
2011-05-24 16:15:47,13713.7066,311.1864
2011-05-24 16:30:47,9254.4382,211.8983
2011-05-24 16:45:47,8975.8823,201.7
2011-05-24 17:00:47,7285.5648,161.6167
2011-05-24 17:15:47,8001.6066,173.9138
2011-05-24 17:30:47,18836.2083,405.8667
2011-05-24 17:45:47,21468.4753,448.1525
2011-05-24 18:00:47,19271.5154,401.6
2011-05-24 18:15:47,11767.3214,254.9661
2011-05-24 18:30:47,9488.6261,205.2167
2011-05-24 18:45:47,10994.363,225.7667
2011-05-24 19:15:47,2322.3869,53.2069
2011-05-24 19:30:47,1299.0716,27.8689
2011-05-24 19:45:47,1227.54,26.5085
2011-05-24 20:00:47,640.9813,13.3333
2011-05-24 20:15:47,8.5207,1.6
2011-05-24 20:30:48,0.0,0.4848
2011-05-25 05:45:47,0.0,1.0833
2011-05-25 06:00:47,0.0,3.1148
2011-05-25 06:15:50,461.6292,11.8246
2011-05-25 06:30:50,970.2911,23.1833
2011-05-25 06:45:49,1380.4784,35.05
2011-05-25 07:00:49,1889.5604,49.3167
2011-05-25 07:15:49,2607.9859,69.2333
2011-05-25 07:30:49,3005.3263,79.339
2011-05-25 07:45:50,2404.0749,62.0833
2011-05-25 08:00:50,2365.4163,62.8644
2011-05-25 08:15:50,2811.8991,76.05
2011-05-25 08:30:50,3076.8052,83.05
2011-05-25 08:45:50,3320.0598,88.4068
2011-05-25 09:00:51,4629.8152,123.8525
2011-05-25 09:15:51,6595.5468,334.4237
2011-05-25 09:30:51,10220.709,443.2034
2011-05-25 09:45:50,12987.771,469.25
2011-05-25 10:00:50,16018.6248,513.7705
2011-05-25 10:15:50,18147.9158,507.5
2011-05-25 10:30:50,24911.2113,638.15
2011-05-25 10:45:51,28639.3937,654.2373
2011-05-25 11:00:51,33187.0913,702.1148
2011-05-25 11:15:51,35775.391,760.9649
2011-05-25 11:30:51,36123.4816,772.95
2011-05-25 11:45:51,31678.7808,686.2833
2011-05-25 12:00:51,22576.6399,504.2
2011-05-25 12:15:51,38682.2272,831.5424
2011-05-25 12:30:51,35835.478,776.2167
2011-05-25 12:45:51,40093.5537,893.0167
2011-05-25 13:00:51,23388.5622,520.2167
2011-05-25 13:15:51,27149.549,601.9655
2011-05-25 13:30:51,28073.2878,636.6333
2011-05-25 13:45:51,37294.6477,823.661
2011-05-25 14:00:51,38891.5367,857.3934
2011-05-25 14:15:51,36427.4368,818.0339
2011-05-25 14:30:51,36156.743,800.1017
2011-05-25 14:45:51,27840.7113,613.7049
2011-05-25 15:00:51,29386.3665,633.6441
2011-05-25 15:15:52,26959.8999,586.1724
2011-05-25 15:30:52,32371.6672,696.6333
2011-05-25 15:45:51,31053.3228,666.1695
2011-05-25 16:00:51,29561.5348,623.5932
2011-05-25 16:15:51,14552.7307,332.4407
2011-05-25 16:30:51,11624.3979,258.05
2011-05-25 16:45:51,19470.92,423.5085
2011-05-25 17:00:51,27414.861,560.8197
2011-05-25 17:15:51,23484.9337,488.3793
2011-05-25 17:30:51,21180.9843,439.5
2011-05-25 17:45:52,17770.5257,367.15
2011-05-25 18:00:52,16159.8774,332.3
2011-05-25 18:15:52,13941.308,285.9828
2011-05-25 18:30:52,10855.284,223.6333
2011-05-25 18:45:52,8573.2133,175.95
2011-05-25 19:00:52,6718.1673,126.9
2011-05-25 19:15:52,4656.7994,71.1695
2011-05-25 19:30:52,2755.1054,51.339
2011-05-25 19:45:53,1735.2118,38.8852
2011-05-25 20:00:53,1199.6843,25.1667
2011-05-25 20:15:53,460.079,8.5333
2011-05-25 20:30:53,0.0,0.9074
2011-05-26 05:45:54,0.0,1.0
2011-05-26 06:00:54,0.0,2.3333
2011-05-26 06:15:56,111.4639,9.3559
2011-05-26 06:30:56,865.9712,21.4
2011-05-26 06:45:55,1545.5343,37.5167
2011-05-26 07:15:55,2787.1924,70.0508
2011-05-26 07:30:55,3507.1266,87.9333
2011-05-26 07:45:57,4059.7532,106.1
2011-05-26 08:00:57,4171.697,113.4833
2011-05-26 08:15:57,4903.9691,132.1695
2011-05-26 08:30:57,5648.5579,152.8167
2011-05-26 08:45:57,5764.7895,155.85
2011-05-26 09:00:57,5979.5258,163.9833
2011-05-26 09:15:57,8345.6921,342.0678
2011-05-26 09:30:58,10799.3724,405.8833
2011-05-26 09:45:57,13330.0066,450.45
2011-05-26 10:00:57,16270.1854,504.7119
2011-05-26 10:15:57,20622.8463,562.0508
2011-05-26 10:30:57,25043.7249,614.0833
2011-05-26 10:45:58,27990.7358,623.8833
2011-05-26 11:00:58,22324.5433,481.3667
2011-05-26 11:15:58,17578.8249,386.8966
2011-05-26 11:30:58,16718.9451,366.2667
2011-05-26 11:45:58,21692.1662,466.6
2011-05-26 12:00:58,25122.5989,538.5833
2011-05-26 12:15:58,23820.5854,511.339
2011-05-26 12:30:58,24229.2686,519.8667
2011-05-26 12:45:58,26659.8952,570.1186
2011-05-26 13:00:58,29177.5311,625.6
2011-05-26 13:15:58,41057.7234,867.3898
2011-05-26 13:30:58,37148.3361,783.3333
2011-05-26 13:45:58,38416.3862,816.15
2011-05-26 14:00:59,38499.4795,822.45
2011-05-26 14:15:59,38390.9568,816.4237
2011-05-26 14:30:59,38246.4189,814.3333
2011-05-26 14:45:59,38268.3294,811.0
2011-05-26 15:00:59,38607.6612,820.3667
2011-05-26 15:15:59,37166.5862,779.1207
2011-05-26 15:30:58,35152.0966,737.1
2011-05-26 15:45:58,35339.6676,732.1803
2011-05-26 16:00:58,34339.5998,702.3833
2011-05-26 16:15:58,29696.3537,602.5263
2011-05-26 16:30:58,29647.2878,604.1864
2011-05-26 16:45:58,29483.1089,602.3898
2011-05-26 17:00:58,25106.7892,515.9333
2011-05-26 17:15:58,24867.5951,507.4746
2011-05-26 17:30:58,21765.4077,444.7833
2011-05-26 17:45:58,19373.1852,395.2373
2011-05-26 18:00:58,16617.031,340.4833
2011-05-26 18:15:58,13755.9362,278.0169
2011-05-26 18:30:58,11328.6009,228.5
2011-05-26 18:45:58,8925.3591,180.5833
2011-05-26 19:00:58,6698.5009,126.9
2011-05-26 19:15:58,4555.5363,67.7288
2011-05-26 19:30:58,2271.299,42.9492
2011-05-26 19:45:58,797.096,17.4333
2011-05-26 20:15:58,6.4762,1.5763
2011-05-26 20:30:58,0.0,0.0
2011-05-27 05:45:24,0.0,0.8056
2011-05-27 06:00:24,45.6757,3.8033
2011-05-27 06:15:26,899.3249,18.3621
2011-05-27 06:30:26,1916.8746,40.7167
2011-05-27 06:45:26,3379.0571,73.6333
2011-05-27 07:00:26,4133.3056,91.4333
2011-05-27 07:15:26,4461.2386,97.95
2011-05-27 07:30:26,4380.7529,99.8033
2011-05-27 07:45:26,3868.4467,93.5763
2011-05-27 08:00:26,3965.3887,96.0492
2011-05-27 08:15:26,4580.4217,111.85
2011-05-27 08:30:26,4307.4234,111.8
2011-05-27 08:45:26,4186.5118,110.3833
2011-05-27 09:00:26,4940.9843,122.7667
2011-05-27 09:15:27,6735.8555,283.2167
2011-05-27 09:30:27,10080.4057,412.65
2011-05-27 09:45:27,13287.7243,481.5167
2011-05-27 10:00:27,15983.2751,519.0492
2011-05-27 10:15:27,20170.9037,580.8276
2011-05-27 10:30:28,23483.5933,608.5667
2011-05-27 10:45:28,28540.2597,646.1967
2011-05-27 11:00:28,34639.3015,719.1
2011-05-27 11:15:27,31515.6776,640.5763
2011-05-27 11:30:28,31739.6085,669.5082
2011-05-27 11:45:28,39695.4679,823.4915
2011-05-27 12:00:29,37568.5607,786.6167
2011-05-27 12:15:29,34218.7554,744.2833
2011-05-27 12:30:28,43493.3093,918.7333
2011-05-27 12:45:29,34142.8028,731.9836
2011-05-27 13:00:29,37717.3487,808.1333
2011-05-27 13:15:29,36988.9488,791.1186
2011-05-27 13:30:29,19886.735,434.4
2011-05-27 13:45:29,20276.6178,446.3833
2011-05-27 14:00:29,30116.1059,666.4833
2011-05-27 14:15:29,31604.8157,686.9492
2011-05-27 14:30:29,37977.0997,791.2833
2011-05-27 14:45:29,17245.8723,386.0667
2011-05-27 15:00:29,16989.9764,368.2833
2011-05-27 15:15:29,21819.3793,485.4167
2011-05-27 15:30:29,23487.8202,506.3833
2011-05-27 15:45:29,22332.1791,466.2167
2011-05-27 16:00:29,22807.6359,485.3667
2011-05-27 16:15:29,28811.7123,589.7167
2011-05-27 16:30:29,16485.6545,358.85
2011-05-27 16:45:29,20619.0343,434.541
2011-05-27 17:00:29,20852.606,439.4915
2011-05-27 17:15:29,19117.073,406.4667
2011-05-27 17:30:29,17495.5607,373.1
2011-05-27 17:45:28,17121.9139,361.7333
2011-05-27 18:00:28,15162.4675,317.4
2011-05-27 18:15:29,9275.3337,201.0
2011-05-27 18:30:30,6798.0558,150.8667
2011-05-27 18:45:30,5264.0197,118.7213
2011-05-27 19:00:30,4388.9062,99.3333
2011-05-27 19:15:29,3184.9771,72.0508
2011-05-27 19:30:29,2233.9902,49.1148
2011-05-27 19:45:29,1489.646,32.9667
2011-05-27 20:00:29,815.7553,15.7213
2011-05-27 20:15:29,175.1291,3.8136
2011-05-27 20:30:29,0.0,0.1818
2011-05-28 05:45:28,0.0,0.9706
2011-05-28 06:00:28,0.0,1.5667
2011-05-28 06:15:28,0.0,5.0678
2011-05-28 06:30:28,408.846,11.45
2011-05-28 06:45:28,1099.276,25.4098
2011-05-28 07:00:28,1577.6572,36.6333
2011-05-28 07:15:28,1992.6538,45.1833
2011-05-28 07:30:28,2929.1581,68.5167
2011-05-28 07:45:28,3140.7642,73.9
2011-05-28 08:00:28,5898.5364,142.9167
2011-05-28 08:15:28,5376.3869,140.4333
2011-05-28 08:30:28,3694.7629,97.1667
2011-05-28 08:45:28,3090.25,78.8
2011-05-28 09:00:28,3895.755,86.7833
2011-05-28 09:15:27,5849.6506,342.5763
2011-05-28 09:30:27,9204.9058,464.2833
2011-05-28 09:45:27,12327.3186,511.4
2011-05-28 10:00:27,15351.5348,562.5
2011-05-28 10:15:29,19787.6987,614.4576
2011-05-28 10:30:28,23093.0216,609.3333
2011-05-28 10:45:28,27831.3327,654.3443
2011-05-28 11:00:28,38375.2887,819.0508
2011-05-28 11:15:29,39048.9688,818.6333
2011-05-28 11:30:29,28899.2369,641.5614
2011-05-28 11:45:29,40012.5652,852.9344
2011-05-28 12:00:29,38565.4055,835.2203
2011-05-28 12:15:30,25378.9756,579.9167
2011-05-28 12:30:31,29689.2502,677.322
2011-05-28 12:45:31,20746.942,483.2333
2011-05-28 13:00:31,23312.2721,541.2951
2011-05-28 13:15:31,38351.5892,852.2203
2011-05-28 13:30:31,37992.6028,855.1833
2011-05-28 13:45:31,31716.6115,713.3167
2011-05-28 14:00:31,39089.1165,881.0
2011-05-28 14:15:31,33686.1853,787.3833
2011-05-28 14:30:31,25792.8214,569.5517
2011-05-28 14:45:31,13317.0302,302.1017
2011-05-28 15:00:31,22550.9414,508.2167
2011-05-28 15:15:32,28412.7488,643.5333
2011-05-28 15:30:32,13281.0957,295.5167
2011-05-28 15:45:32,39043.6669,840.2833
2011-05-28 16:00:32,33622.7181,739.9322
2011-05-28 16:15:32,25925.4146,550.8167
2011-05-28 16:30:32,31537.3835,667.35
2011-05-28 16:45:32,27112.7181,585.0164
2011-05-28 17:00:32,23211.2898,501.8305
2011-05-28 17:15:32,27165.6136,575.5424
2011-05-28 17:30:33,24157.2994,516.459
2011-05-28 17:45:33,19675.5776,415.2167
2011-05-28 18:00:33,16244.0049,347.6102
2011-05-28 18:15:34,12178.8632,256.3167
2011-05-28 18:30:34,6040.0255,136.0333
2011-05-28 18:45:34,5587.2413,125.5333
2011-05-28 19:00:34,7918.7254,152.7797
2011-05-28 19:15:33,5640.0939,74.7833
2011-05-28 19:30:33,3529.6025,50.75
2011-05-28 19:45:33,1588.6178,36.2667
2011-05-28 20:00:33,1002.9165,22.9667
2011-05-28 20:15:33,388.5289,9.0
2011-05-28 20:30:33,0.0,0.7321
2011-05-29 05:45:31,0.0,1.0313
2011-05-29 06:15:32,292.9205,9.569
2011-05-29 06:30:32,951.2623,19.2833
2011-05-29 06:45:32,1355.3325,28.9167
2011-05-29 07:00:32,1856.7646,41.8833
2011-05-29 07:15:31,2328.9181,53.2667
2011-05-29 07:30:32,2749.9124,64.5333
2011-05-29 07:45:32,3645.507,88.4667
2011-05-29 08:00:31,4446.874,116.7705
2011-05-29 08:15:33,3353.8211,87.7931
2011-05-29 08:30:33,3726.7578,97.3833
2011-05-29 08:45:33,5046.3232,130.5833
2011-05-29 09:00:33,6297.9445,159.0833
2011-05-29 09:15:33,8375.6551,285.6
2011-05-29 09:30:33,8764.9144,281.8333
2011-05-29 09:45:33,16060.1065,523.8333
2011-05-29 10:00:33,14310.8818,449.9831
2011-05-29 10:15:32,17405.6026,485.55
2011-05-29 10:30:32,23192.5892,616.678
2011-05-29 10:45:32,31542.715,734.25
2011-05-29 11:00:32,34469.4173,762.0984
2011-05-29 11:15:33,27973.8288,616.7797
2011-05-29 11:30:33,25590.1307,562.5833
2011-05-29 11:45:33,27584.8659,598.1667
2011-05-29 12:00:33,19387.5188,430.4333
2011-05-29 12:15:33,22584.2767,496.2
2011-05-29 12:30:33,33284.3923,724.3
2011-05-29 12:45:33,38093.4691,819.339
2011-05-29 13:15:33,26646.9065,585.35
2011-05-29 13:30:33,35650.8149,765.55
2011-05-29 13:45:33,34701.8804,756.2167
2011-05-29 14:00:33,32922.8745,697.2034
2011-05-29 14:15:34,37962.6176,836.3333
2011-05-29 14:30:33,31935.7584,695.3
2011-05-29 14:45:33,38816.0293,853.2167
2011-05-29 15:00:33,28062.747,624.9833
2011-05-29 15:15:33,38840.8461,822.6393
2011-05-29 15:30:33,34081.5233,739.4746
2011-05-29 15:45:33,23400.1779,504.3333
2011-05-29 16:00:34,35498.9946,736.2131
2011-05-29 16:15:34,27177.5527,577.8814
2011-05-29 16:30:33,30258.7641,628.2833
2011-05-29 16:45:33,14332.3489,329.7167
2011-05-29 17:00:33,19566.6596,414.2542
2011-05-29 17:15:33,10002.1388,230.7667
2011-05-29 17:30:34,9419.9998,209.6271
2011-05-29 17:45:33,11437.5236,249.0333
2011-05-29 18:00:33,18787.5828,386.8689
2011-05-29 18:15:33,16465.4831,333.3898
2011-05-29 18:30:33,9996.9768,212.9833
2011-05-29 18:45:33,9820.9969,204.4667
2011-05-29 19:00:33,7210.6136,142.65
2011-05-29 19:15:33,5113.8627,74.25
2011-05-29 19:30:33,3552.615,61.7797
2011-05-29 19:45:34,1813.3641,41.0492
2011-05-29 20:00:34,1135.8274,25.0
2011-05-29 20:15:35,496.5271,10.2667
2011-05-29 20:30:35,0.0,1.1017
2011-05-30 05:45:32,0.0,0.963
2011-05-30 06:00:32,0.0,2.0
2011-05-30 06:15:33,319.5664,11.7966
2011-05-30 06:30:33,1027.7941,23.15
2011-05-30 06:45:33,1460.6012,34.4167
2011-05-30 07:00:33,1876.3478,46.2951
2011-05-30 07:15:32,2289.0536,57.5593
2011-05-30 07:30:32,2675.2864,68.541
2011-05-30 07:45:33,3094.2092,80.75
2011-05-30 08:00:34,3457.6183,91.8667
2011-05-30 08:15:35,3899.4768,105.5667
2011-05-30 08:30:35,4753.186,129.5167
2011-05-30 08:45:35,5998.7513,155.6557
2011-05-30 09:00:35,5365.2568,141.2667
2011-05-30 09:15:35,6523.0479,321.9483
2011-05-30 09:30:35,9565.4592,427.8525
2011-05-30 09:45:35,12314.5084,473.55
2011-05-30 10:00:35,15117.0603,525.6
2011-05-30 10:15:34,18289.7181,558.5424
2011-05-30 10:30:34,22686.0804,620.2712
2011-05-30 10:45:34,27660.3926,662.8525
2011-05-30 11:00:33,32144.3373,699.4915
2011-05-30 11:15:34,34521.1819,735.4833
2011-05-30 11:30:34,35743.4347,770.7333
2011-05-30 11:45:35,36906.8393,800.0667
2011-05-30 12:15:35,38395.0378,845.339
2011-05-30 12:30:35,39283.4758,859.9672
2011-05-30 12:45:35,39763.2348,876.8
2011-05-30 13:00:35,39833.2546,882.3167
2011-05-30 13:15:34,39643.7186,890.5333
2011-05-30 13:30:34,39967.0563,898.4333
2011-05-30 13:45:34,40068.0302,901.082
2011-05-30 14:00:33,39846.6835,896.1017
2011-05-30 14:15:35,39372.197,889.0333
2011-05-30 14:30:35,38780.4746,869.5167
2011-05-30 14:45:35,37564.326,837.2333
2011-05-30 15:00:35,37333.5063,823.1833
2011-05-30 15:15:35,36321.9826,802.5254
2011-05-30 15:30:35,24337.7812,542.6
2011-05-30 15:45:35,29252.0033,625.7
2011-05-30 16:15:35,26691.9379,563.5254
2011-05-30 16:30:35,30276.8,634.5254
2011-05-30 16:45:35,27770.94,584.8167
2011-05-30 17:00:35,25887.596,545.3898
2011-05-30 17:15:35,23794.1272,503.9138
2011-05-30 17:30:35,20805.6853,435.9
2011-05-30 17:45:35,10347.5727,236.9
2011-05-30 18:00:35,14532.8007,302.1356
2011-05-30 18:15:34,10687.4269,227.1017
2011-05-30 18:30:34,8148.6154,177.3333
2011-05-30 18:45:34,9029.3837,185.4
2011-05-30 19:00:34,6866.4283,136.8833
2011-05-30 19:15:35,5113.358,78.4667
2011-05-30 19:30:35,3349.0921,59.3167
2011-05-30 19:45:35,1768.7572,42.1667
2011-05-30 20:15:35,484.0539,9.7119
2011-05-30 20:30:35,5.8648,0.7167
2011-05-30 20:45:35,0.0,0.0
2011-05-31 05:45:33,0.0,0.6
2011-05-31 06:00:33,0.0,4.1803
2011-05-31 06:15:34,338.3392,14.4138
2011-05-31 06:30:34,1021.846,26.55
2011-05-31 06:45:34,1407.8076,37.8
2011-05-31 07:00:34,1757.4729,48.1167
2011-05-31 07:15:34,2083.1527,57.6833
2011-05-31 07:30:34,2405.5821,67.2167
2011-05-31 07:45:34,2656.846,74.0667
2011-05-31 08:00:34,2945.4405,82.15
2011-05-31 08:15:34,3267.3543,91.0167
2011-05-31 08:30:34,3575.0028,99.15
2011-05-31 08:45:34,3822.1867,104.1333
2011-05-31 09:00:34,4230.8119,111.7667
2011-05-31 09:15:35,5555.0898,320.5593
2011-05-31 09:30:35,8751.4874,431.75
2011-05-31 09:45:35,11836.8075,484.2667
2011-05-31 10:00:35,14624.7483,533.2667
2011-05-31 10:15:34,18286.1343,584.3729
2011-05-31 10:30:34,22283.8932,628.1017
2011-05-31 10:45:34,27220.4865,664.4667
2011-05-31 11:00:34,31446.3441,694.7667
2011-05-31 11:15:34,33688.8122,727.2667
2011-05-31 11:30:34,34688.2593,756.3051
2011-05-31 11:45:34,34795.5291,776.0656
2011-05-31 12:00:34,35460.2231,790.65
2011-05-31 12:15:35,36170.8476,817.6102
2011-05-31 12:30:35,36858.5257,840.5833
2011-05-31 12:45:35,36623.7868,845.0164
2011-05-31 13:00:35,30451.4991,754.8983
2011-05-31 13:15:34,38360.2524,862.0339
2011-05-31 13:30:34,28117.9172,630.918
2011-05-31 13:45:34,37188.0782,834.8448
2011-05-31 14:00:34,34467.6716,785.0492
2011-05-31 14:15:35,25462.1145,573.9153
2011-05-31 14:30:35,31219.1707,669.6393
2011-05-31 14:45:35,19922.613,458.2667
2011-05-31 15:00:35,37068.0799,805.4167
2011-05-31 15:15:35,26378.4218,606.1525
2011-05-31 15:30:35,30256.7694,680.8197
2011-05-31 15:45:35,33780.6327,730.8833
2011-05-31 16:00:35,31633.61,677.678
2011-05-31 16:15:34,22433.7142,482.1695
2011-05-31 16:30:34,23705.544,509.2167
2011-05-31 16:45:34,21802.37,475.2203
2011-05-31 17:00:34,23690.7583,504.0
2011-05-31 17:15:35,22334.0557,474.9661
2011-05-31 17:30:35,20001.6794,419.1186
2011-05-31 17:45:35,17594.2992,371.2167
2011-05-31 18:00:35,15848.1373,334.8814
2011-05-31 18:15:35,13398.0782,281.339
2011-05-31 18:30:35,10894.2344,228.2667
2011-05-31 18:45:35,8621.8959,180.4167
2011-05-31 19:00:35,6380.6363,128.7167
2011-05-31 19:15:34,4583.3155,85.5424
2011-05-31 19:30:34,3063.7348,65.2333
2011-05-31 19:45:34,1795.7951,43.4167
2011-05-31 20:00:34,1106.9278,24.9672
2011-05-31 20:15:36,474.0128,10.3898
2011-05-31 20:30:36,10.9603,1.35
2011-05-31 20:45:36,0.0,0.0952
2011-06-01 05:45:33,0.0,0.9762
2011-06-01 06:15:33,581.4539,16.2586
2011-06-01 06:30:33,1566.921,36.4068
2011-06-01 06:45:34,2309.9097,52.9667
2011-06-01 07:00:34,3121.2898,76.35
2011-06-01 07:15:34,4007.0159,102.4746
2011-06-01 07:30:34,3333.9752,87.1833
2011-06-01 07:45:34,3225.4031,89.9833
2011-06-01 08:00:34,4413.7998,123.9333
2011-06-01 08:15:34,5092.7805,143.0833
2011-06-01 08:30:34,7272.5147,193.3333
2011-06-01 08:45:34,6089.5305,168.1
2011-06-01 09:00:35,6708.553,186.082
2011-06-01 09:15:36,7165.7407,306.5
2011-06-01 09:30:36,9759.1243,406.95
2011-06-01 09:45:36,12707.3084,449.9836
2011-06-01 10:00:36,15345.9923,501.5424
2011-06-01 10:15:35,18339.9951,538.9492
2011-06-01 10:30:35,21863.447,579.1833
2011-06-01 10:45:35,26469.0715,625.6102
2011-06-01 11:00:36,30499.6904,662.0167
2011-06-01 11:15:36,32617.7303,690.2203
2011-06-01 11:30:36,33972.1641,721.75
2011-06-01 11:45:36,34114.4792,722.6885
2011-06-01 12:00:36,31690.1593,687.9667
2011-06-01 12:15:37,29052.8873,625.7458
2011-06-01 12:30:37,32802.6324,713.2833
2011-06-01 12:45:37,31164.0564,698.0333
2011-06-01 13:00:37,38877.6279,852.2833
2011-06-01 13:15:37,34001.7132,762.8475
2011-06-01 13:30:37,41313.6165,899.3
2011-06-01 13:45:37,40552.7121,891.6
2011-06-01 14:00:37,40305.7016,881.0167
2011-06-01 14:15:37,35801.7561,779.5
2011-06-01 14:30:37,40383.1472,862.7333
2011-06-01 14:45:37,39210.556,849.1311
2011-06-01 15:00:37,36021.8931,784.0
2011-06-01 15:15:38,37345.2773,798.4667
2011-06-01 15:30:38,27408.4986,589.0678
2011-06-01 15:45:38,31399.2658,637.2833
2011-06-01 16:00:38,29955.3798,615.0833
2011-06-01 16:15:37,24640.4166,526.7119
2011-06-01 16:30:37,28572.4369,590.8983
2011-06-01 16:45:37,27961.1854,581.1034
2011-06-01 17:00:37,18977.7151,401.6333
2011-06-01 17:15:37,9580.2443,220.2542
2011-06-01 17:30:37,9611.5433,221.678
2011-06-01 17:45:37,15237.8431,328.6
2011-06-01 18:00:37,16614.6073,354.9333
2011-06-01 18:15:38,13994.9727,288.7931
2011-06-01 18:30:38,8562.5274,188.1333
2011-06-01 18:45:38,4093.8776,96.1475
2011-06-01 19:00:38,5776.5616,110.7833
2011-06-01 19:15:38,6530.6987,127.8983
2011-06-01 19:30:38,5307.0785,103.3898
2011-06-01 19:45:38,2779.2505,56.2623
2011-06-01 20:00:38,1928.0762,36.45
2011-06-01 20:15:37,1449.812,21.8305
2011-06-01 20:30:37,303.2269,3.6
2011-06-01 20:45:37,0.0,0.0
2011-06-02 05:45:36,0.0,0.9574
2011-06-02 06:00:37,0.0,5.0833
2011-06-02 06:15:37,416.2607,14.0847
2011-06-02 06:30:37,889.2521,22.1695
2011-06-02 06:45:37,1144.4128,28.8
2011-06-02 07:00:37,1360.2049,34.3667
2011-06-02 07:15:37,1543.8731,39.05
2011-06-02 07:30:37,1701.1563,43.0169
2011-06-02 07:45:38,1852.2167,46.6333
2011-06-02 08:00:38,1986.1015,49.5333
2011-06-02 08:15:38,2099.6397,51.9492
2011-06-02 08:30:38,2234.9785,55.0
2011-06-02 08:45:38,2437.7601,59.0667
2011-06-02 09:00:38,2969.0175,64.5763
2011-06-02 09:15:38,4746.4697,299.5167
2011-06-02 09:30:38,8345.8379,477.6102
2011-06-02 09:45:38,11988.686,529.5085
2011-06-02 10:00:37,15331.0703,578.8833
2011-06-02 10:15:38,19350.1819,626.7458
2011-06-02 10:30:38,23955.9853,670.6102
2011-06-02 10:45:38,29851.5623,709.4576
2011-06-02 11:00:38,35217.1874,747.9667
2011-06-02 11:15:37,38505.7658,785.7667
2011-06-02 11:30:37,40063.4909,821.6441
2011-06-02 11:45:37,40829.4287,846.5763
2011-06-02 12:00:37,41972.3856,875.1167
2011-06-02 12:15:38,42740.7055,898.5862
2011-06-02 12:30:38,44009.5033,922.3559
2011-06-02 12:45:38,44187.4358,931.1
2011-06-02 13:00:38,44657.5821,942.7627
2011-06-02 13:15:39,44887.7386,950.9833
2011-06-02 13:30:39,45243.694,958.7797
2011-06-02 13:45:39,44919.9485,957.15
2011-06-02 14:00:39,45347.4396,959.4576
2011-06-02 14:15:38,45510.726,955.0333
2011-06-02 14:30:38,45015.7027,945.3667
2011-06-02 14:45:39,44474.1325,931.4167
2011-06-02 15:00:39,44092.3666,915.9661
2011-06-02 15:15:39,43217.3695,894.4333
2011-06-02 15:30:39,41733.5658,864.8136
2011-06-02 15:45:39,40315.3368,832.7
2011-06-02 16:15:40,38346.4992,770.0169
2011-06-02 16:30:40,35995.8959,725.7119
2011-06-02 16:45:40,33940.2154,684.8167
2011-06-02 17:00:40,31019.4428,634.4833
2011-06-02 17:15:39,28334.9314,585.9831
2011-06-02 17:30:39,25550.7869,531.8421
2011-06-02 17:45:39,22644.254,474.6
2011-06-02 18:00:39,19862.6994,417.7333
2011-06-02 18:15:40,16978.2466,357.7627
2011-06-02 18:30:40,14597.1215,302.5254
2011-06-02 18:45:40,11789.8241,244.0339
2011-06-02 19:00:40,9079.8975,146.7119
2011-06-02 19:15:41,6751.3752,41.1333
2011-06-02 19:30:41,4247.4742,34.661
2011-06-02 19:45:41,1472.2532,28.5
2011-06-02 20:00:41,918.626,20.7458
2011-06-02 20:15:40,574.5007,11.8667
2011-06-02 20:30:40,88.9738,3.0339
2011-06-02 20:45:39,0.0,0.8372
2011-06-03 05:45:40,0.0,1.8679
2011-06-03 06:00:40,396.5775,7.6333
2011-06-03 06:15:41,884.8553,19.5263
2011-06-03 06:30:41,1513.1041,33.2
2011-06-03 06:45:41,2400.1344,52.6667
2011-06-03 07:00:41,2786.5226,60.7288
2011-06-03 07:15:41,2610.5843,55.7119
2011-06-03 07:30:41,2509.4176,55.8167
2011-06-03 07:45:42,3833.9774,87.1
2011-06-03 08:00:42,4883.995,110.7667
2011-06-03 08:15:42,5923.2255,133.4828
2011-06-03 08:30:42,5845.9959,133.2295
2011-06-03 08:45:42,6182.245,137.4167
2011-06-03 09:00:42,6478.3253,141.7797
2011-06-03 09:15:42,8208.9557,349.9831
2011-06-03 09:30:41,12327.0414,525.95
2011-06-03 09:45:42,15982.835,570.2333
2011-06-03 10:00:42,19658.04,628.6667
2011-06-03 10:15:42,23069.3362,694.4655
2011-06-03 10:30:42,25423.1883,691.95
2011-06-03 10:45:42,31942.4628,746.75
2011-06-03 11:00:42,37200.0419,783.7167
2011-06-03 11:15:42,40533.3594,818.5424
2011-06-03 11:30:42,42159.7647,850.6167
2011-06-03 11:45:42,42914.2896,874.5
2011-06-03 12:00:42,43852.8124,899.6271
2011-06-03 12:15:42,44624.2399,921.0847
2011-06-03 12:30:42,45565.079,940.9333
2011-06-03 12:45:42,45783.6166,956.0833
2011-06-03 13:00:42,46518.6871,968.45
2011-06-03 13:15:43,46185.8286,967.7069
2011-06-03 13:30:43,45918.2478,971.05
2011-06-03 13:45:44,46289.9982,973.5333
2011-06-03 14:00:44,45942.8268,967.0167
2011-06-03 14:15:43,46105.8135,959.4
2011-06-03 14:30:43,45266.4715,951.1186
2011-06-03 14:45:43,44614.0044,934.6667
2011-06-03 15:00:44,43480.4357,911.4
2011-06-03 15:15:44,42542.2079,888.6441
2011-06-03 15:30:44,41924.4201,866.6667
2011-06-03 15:45:44,40295.104,834.8667
2011-06-03 16:00:44,38558.6888,797.05
2011-06-03 16:15:45,37118.9631,756.5667
2011-06-03 16:30:45,35376.4026,722.0678
2011-06-03 16:45:45,33016.9773,675.85
2011-06-03 17:00:45,30859.7328,629.9167
2011-06-03 17:15:44,27981.7124,579.6271
2011-06-03 17:30:44,25547.9036,528.2931
2011-06-03 17:45:44,22553.5627,470.2333
2011-06-03 18:00:44,19663.3065,408.4833
2011-06-03 18:15:44,16985.3479,350.6667
2011-06-03 18:30:44,14297.4999,292.0678
2011-06-03 18:45:44,11382.3656,230.6333
2011-06-03 19:00:44,8986.2465,138.95
2011-06-03 19:15:45,6712.4006,47.1186
2011-06-03 19:30:45,4362.1151,39.3833
2011-06-03 19:45:46,1592.0596,32.2333
2011-06-03 20:00:46,973.8767,23.3
2011-06-03 20:15:45,603.9444,13.0333
2011-06-03 20:30:45,98.9504,3.2333
2011-06-03 20:45:45,0.0,1.0606
2011-06-04 05:45:42,0.0,2.0
2011-06-04 06:00:42,214.6371,4.6393
2011-06-04 06:15:43,641.1235,14.0345
2011-06-04 06:30:43,982.6899,22.4237
2011-06-04 06:45:43,1337.6855,30.3115
2011-06-04 07:00:43,1634.422,38.9333
2011-06-04 07:15:43,1923.9213,47.2881
2011-06-04 07:30:43,2293.8762,59.35
2011-06-04 07:45:44,2629.2192,70.0333
2011-06-04 08:00:43,2901.0346,77.807
2011-06-04 08:15:43,3137.9444,84.322
2011-06-04 08:30:43,3313.0489,88.4262
2011-06-04 08:45:43,3741.5915,98.8
2011-06-04 09:00:43,5107.5507,133.0333
2011-06-04 09:15:43,8193.477,290.7966
2011-06-04 09:30:43,11843.9504,439.6167
2011-06-04 09:45:43,14537.5198,472.4407
2011-06-04 10:00:44,16591.7786,492.8361
2011-06-04 10:15:44,19558.2967,543.4828
2011-06-04 10:30:44,25494.5775,664.15
2011-06-04 10:45:44,29469.7104,689.4667
2011-06-04 11:00:44,32344.0892,690.5
2011-06-04 11:15:45,36419.7467,747.4333
2011-06-04 11:30:45,37824.7685,779.7
2011-06-04 11:45:45,38845.7383,807.6667
2011-06-04 12:00:45,40305.1476,848.8689
2011-06-04 12:15:45,40774.7157,864.7288
2011-06-04 12:30:45,41790.1009,890.25
2011-06-04 12:45:45,39935.0829,875.3934
2011-06-04 13:00:45,21901.2497,498.2
2011-06-04 13:15:45,28959.2759,658.1356
2011-06-04 13:30:45,37404.2665,829.75
2011-06-04 13:45:45,36337.571,792.7167
2011-06-04 14:00:44,26355.1706,583.15
2011-06-04 14:15:44,31811.4128,685.1017
2011-06-04 14:30:44,34738.5415,750.0833
2011-06-04 14:45:44,24125.4197,535.7333
2011-06-04 15:00:45,21780.4417,479.8793
2011-06-04 15:15:45,13430.0025,307.614
2011-06-04 15:30:45,26328.0999,565.3333
2011-06-04 15:45:45,19040.3076,430.8833
2011-06-04 16:00:46,8766.0564,195.5593
2011-06-04 16:15:46,4492.0998,106.5333
2011-06-04 16:30:46,4133.7408,94.8596
2011-06-04 16:45:47,6491.8011,149.95
2011-06-04 17:00:47,6478.6947,143.15
2011-06-04 17:15:47,3009.6551,67.8305
2011-06-04 17:30:47,3771.8013,85.35
2011-06-04 17:45:48,4893.6716,113.0678
2011-06-04 18:00:48,6489.5649,146.3333
2011-06-04 18:15:48,7233.8622,156.2203
2011-06-04 18:30:49,5179.7023,117.4833
2011-06-04 18:45:48,4504.4867,99.4333
2011-06-04 19:00:49,5442.9353,99.1
2011-06-04 19:15:48,7008.9048,129.0169
2011-06-04 19:30:48,5107.2955,106.25
2011-06-04 19:45:48,2139.1293,45.8033
2011-06-04 20:00:49,1417.9048,28.1833
2011-06-04 20:15:49,441.7631,8.6271
2011-06-04 20:30:49,0.0,0.8333
2011-06-05 06:00:46,0.0,0.96
2011-06-05 06:15:46,0.0,1.0
2011-06-05 06:30:47,0.0,1.1803
2011-06-05 06:45:47,0.0,4.6667
2011-06-05 07:00:46,322.6533,9.05
2011-06-05 07:15:47,362.0458,10.1
2011-06-05 07:30:47,806.2855,16.8167
2011-06-05 07:45:47,2477.9625,55.7
2011-06-05 08:00:47,2561.1507,55.8167
2011-06-05 08:15:46,5030.8171,114.5763
2011-06-05 08:30:46,3922.6494,89.0833
2011-06-05 08:45:46,1894.8474,42.3051
2011-06-05 09:00:46,1765.7313,42.6333
2011-06-05 09:15:47,1899.9737,44.6441
2011-06-05 09:30:47,2767.5936,65.85
2011-06-05 09:45:47,3288.0085,78.25
2011-06-05 10:00:47,5428.9836,127.1167
2011-06-05 10:15:47,5165.3185,123.6271
2011-06-05 10:30:47,5844.2985,136.5932
2011-06-05 10:45:47,7466.2313,173.322
2011-06-05 11:00:47,8937.6501,206.5167
2011-06-05 11:15:47,7792.9137,179.75
2011-06-05 11:30:47,8202.6488,189.7458
2011-06-05 11:45:47,8619.9175,198.6833
2011-06-05 12:00:47,8229.7732,191.2833
2011-06-05 12:15:48,8646.548,196.1017
2011-06-05 12:30:48,9071.7961,203.1017
2011-06-05 12:45:48,12165.3308,277.3
2011-06-05 13:15:48,17376.6207,381.8305
2011-06-05 13:30:48,20847.9042,461.9333
2011-06-05 13:45:48,25839.566,557.55
2011-06-05 14:00:48,31341.1675,668.1167
2011-06-05 14:15:46,34967.025,752.1186
2011-06-05 14:30:47,29386.6598,626.5254
2011-06-05 14:45:47,35718.5496,741.7
2011-06-05 15:00:47,38989.4369,823.6667
2011-06-05 15:15:48,37110.901,785.8167
2011-06-05 15:30:48,34410.3133,726.322
2011-06-05 15:45:48,34393.3718,718.7667
2011-06-05 16:00:48,33747.609,689.7333
2011-06-05 16:15:48,31740.9436,641.2542
2011-06-05 16:30:47,28434.6185,569.0508
2011-06-05 16:45:47,27972.9804,563.05
2011-06-05 17:00:47,27352.3408,561.6102
2011-06-05 17:15:48,24087.0901,494.4576
2011-06-05 17:30:48,21600.9966,440.1833
2011-06-05 17:45:48,19829.9606,410.2333
2011-06-05 18:00:48,17340.6373,357.1667
2011-06-05 18:15:49,14895.1335,304.931
2011-06-05 18:30:49,12181.9558,247.0167
2011-06-05 18:45:49,9490.2383,194.7333
2011-06-05 19:00:49,7779.2569,131.1695
2011-06-05 19:15:49,5871.7379,73.5254
2011-06-05 19:30:50,4122.5774,60.35
2011-06-05 19:45:50,1996.5541,43.678
2011-06-05 20:00:51,1204.4231,27.9333
2011-06-05 20:15:51,562.0754,11.1379
2011-06-05 20:30:51,60.6015,2.5
2011-06-05 20:45:51,0.0,0.2093
2011-06-06 05:45:49,0.0,1.0408
2011-06-06 06:00:49,193.3225,6.9167
2011-06-06 06:15:50,777.2916,18.0172
2011-06-06 06:30:50,1148.2336,28.9153
2011-06-06 06:45:50,1442.241,37.6557
2011-06-06 07:00:50,1722.7739,45.8305
2011-06-06 07:15:51,1992.1086,53.5833
2011-06-06 07:30:51,2225.1101,59.95
2011-06-06 07:45:51,2413.4144,65.1833
2011-06-06 08:00:51,2631.2107,70.0833
2011-06-06 08:15:51,2850.4473,75.1356
2011-06-06 08:30:51,3081.5494,80.6393
2011-06-06 08:45:51,3412.4428,89.2
2011-06-06 09:00:51,3535.9686,90.3051
2011-06-06 09:15:51,4838.4875,250.6441
2011-06-06 09:30:51,8332.9277,466.7167
2011-06-06 09:45:51,11748.3031,515.0
2011-06-06 10:00:51,15290.033,576.4833
2011-06-06 10:15:52,18890.2853,610.5254
2011-06-06 10:30:52,22987.6125,660.9333
2011-06-06 10:45:52,28411.1835,700.4167
2011-06-06 11:00:52,33465.2519,734.1186
2011-06-06 11:15:51,35326.8984,737.6949
2011-06-06 11:30:51,36822.7455,774.5
2011-06-06 11:45:51,27787.9772,589.15
2011-06-06 12:00:51,37605.6768,810.8667
2011-06-06 12:15:52,35532.2557,749.8136
2011-06-06 12:30:52,40983.0597,886.5833
2011-06-06 12:45:52,42533.3773,923.1833
2011-06-06 13:00:52,31786.1501,722.8033
2011-06-06 13:15:53,20614.0471,482.9138
2011-06-06 13:30:53,43081.1406,949.4407
2011-06-06 13:45:52,27871.7936,624.05
2011-06-06 14:00:53,45083.9671,991.85
2011-06-06 14:15:53,30515.9976,700.7797
2011-06-06 14:30:53,31266.0772,687.5
2011-06-06 14:45:53,23685.4919,519.3167
2011-06-06 15:00:53,42354.6412,930.0
2011-06-06 15:15:53,27540.5082,611.4237
2011-06-06 15:30:53,22336.1421,512.8833
2011-06-06 15:45:53,26104.4832,559.678
2011-06-06 16:00:54,39293.0504,825.9836
2011-06-06 16:15:54,23240.486,508.1864
2011-06-06 16:30:54,21977.0543,485.6102
2011-06-06 16:45:54,26165.0684,554.25
2011-06-06 17:00:54,29568.9492,611.0
2011-06-06 17:15:54,24386.0934,493.8136
2011-06-06 17:30:54,22488.1578,464.6833
2011-06-06 17:45:54,16023.3493,331.7833
2011-06-06 18:15:54,17519.1044,357.7288
2011-06-06 18:30:54,14345.8769,296.4576
2011-06-06 18:45:54,11497.0678,235.5833
2011-06-06 19:00:54,8469.5167,145.2333
2011-06-06 19:15:55,6843.085,94.9153
2011-06-06 19:30:55,4691.1421,71.4333
2011-06-06 19:45:55,2125.0155,47.65
2011-06-06 20:00:55,1223.2878,29.8475
2011-06-06 20:15:55,715.9811,15.05
2011-06-06 20:30:55,155.9739,3.4068
2011-06-06 20:45:55,0.0,0.5833
2011-06-07 05:45:55,0.0,1.0714
2011-06-07 06:15:55,716.8626,15.5965
2011-06-07 06:30:55,1105.2127,25.7
2011-06-07 06:45:56,1427.699,33.95
2011-06-07 07:00:56,1621.7672,39.55
2011-06-07 07:15:55,1998.0668,50.0508
2011-06-07 07:30:56,2328.3686,58.6833
2011-06-07 07:45:56,2632.6716,68.3443
2011-06-07 08:00:55,2841.9678,73.1525
2011-06-07 08:15:56,3152.1346,81.4746
2011-06-07 08:30:57,4206.0032,106.8833
2011-06-07 08:45:57,5539.3166,134.8689
2011-06-07 09:00:57,5477.0049,133.3729
2011-06-07 09:15:56,6601.7019,257.5593
2011-06-07 09:30:56,9059.9358,447.3667
2011-06-07 09:45:56,12598.5486,513.6441
2011-06-07 10:00:56,16515.3487,561.0833
2011-06-07 10:15:56,21003.9046,616.4068
2011-06-07 10:30:56,23637.8022,621.661
2011-06-07 10:45:57,27248.899,640.7333
2011-06-07 11:00:57,29444.8469,649.7119
2011-06-07 11:15:57,26688.1632,575.2203
2011-06-07 11:30:57,30181.7127,636.7627
2011-06-07 11:45:57,34473.7071,734.6667
2011-06-07 12:00:57,32844.7492,706.55
2011-06-07 12:15:56,34795.4848,748.1333
2011-06-07 12:30:56,35163.3601,758.8421
2011-06-07 12:45:56,32814.1516,706.8361
2011-06-07 13:00:56,33103.6842,711.9831
2011-06-07 13:15:56,32753.1065,704.082
2011-06-07 13:30:56,29324.1303,629.8966
2011-06-07 13:45:56,29211.9368,619.4068
2011-06-07 14:00:56,32651.6226,684.459
2011-06-07 14:15:57,36239.1265,757.4746
2011-06-07 14:30:57,33074.9844,707.6333
2011-06-07 14:45:57,35037.5786,745.9
2011-06-07 15:00:57,29117.7477,624.6949
2011-06-07 15:15:56,23229.5791,498.65
2011-06-07 15:30:56,24167.603,511.678
2011-06-07 15:45:57,25626.3685,546.0333
2011-06-07 16:00:57,32883.147,681.7667
2011-06-07 16:15:58,24217.7944,518.3729
2011-06-07 16:30:58,20043.4807,442.5085
2011-06-07 16:45:58,23110.6246,490.6949
2011-06-07 17:00:58,27723.6069,553.5833
2011-06-07 17:15:58,24306.5289,500.8644
2011-06-07 17:30:58,15568.7922,345.7119
2011-06-07 17:45:58,20739.2254,429.9831
2011-06-07 18:00:58,17572.895,381.8448
2011-06-07 18:30:58,8124.4786,182.7797
2011-06-07 18:45:58,7048.7838,157.7
2011-06-07 19:00:57,5460.9582,122.1667
2011-06-07 19:15:58,3819.3277,86.322
2011-06-07 19:30:58,2788.5946,63.3333
2011-06-07 19:45:58,1958.1067,44.25
2011-06-07 20:00:58,1273.3476,27.0328
2011-06-07 20:15:58,569.7483,10.6441
2011-06-07 20:30:59,7.6993,0.9
2011-06-07 20:45:59,0.0,0.0313
2011-06-08 05:45:57,0.0,1.0263
2011-06-08 06:15:59,93.2848,9.1864
2011-06-08 06:30:59,648.7901,17.35
2011-06-08 06:45:59,1051.3371,26.1864
2011-06-08 07:00:59,1455.8249,37.85
2011-06-08 07:15:59,1875.9027,50.6034
2011-06-08 07:30:59,2148.3477,59.7705
2011-06-08 07:45:59,2639.2407,74.0678
2011-06-08 08:00:59,2890.3834,81.1967
2011-06-08 08:15:59,3305.0971,93.4237
2011-06-08 08:30:58,3613.5885,100.6667
2011-06-08 08:45:59,3787.7155,104.4
2011-06-08 09:00:59,4004.9331,108.9833
2011-06-08 09:15:59,5134.2349,237.3559
2011-06-08 09:30:59,8312.1073,441.3833
2011-06-08 09:45:59,11597.987,479.4833
2011-06-08 10:00:59,14633.1513,532.5763
2011-06-08 10:15:59,18057.0417,584.65
2011-06-08 10:30:59,21807.5813,631.1186
2011-06-08 10:45:59,26754.9005,669.05
2011-06-08 11:00:59,31673.0487,712.35
2011-06-08 11:15:01,34460.1636,730.9091
2011-06-08 11:30:01,36243.4447,769.5333
2011-06-08 11:45:01,36945.0697,797.5667
2011-06-08 12:00:01,37359.4812,816.7
2011-06-08 12:15:01,37991.3695,842.1
2011-06-08 12:30:02,38696.6106,858.0678
2011-06-08 12:45:02,39043.8707,874.2131
2011-06-08 13:00:01,39226.7813,884.3333
2011-06-08 13:15:00,39053.0065,891.1
2011-06-08 13:30:00,38809.7593,889.7333
2011-06-08 13:45:00,38679.911,894.8667
2011-06-08 14:00:00,38515.3714,891.45
2011-06-08 14:15:01,38157.254,880.55
2011-06-08 14:30:01,37554.9274,866.0847
2011-06-08 14:45:01,37056.1617,852.6167
2011-06-08 15:00:01,36585.2858,829.5167
2011-06-08 15:15:01,36084.795,811.2833
2011-06-08 15:30:01,34728.2937,774.8136
2011-06-08 15:45:01,34312.7142,751.1552
2011-06-08 16:00:01,33171.8649,723.7167
2011-06-08 16:15:00,31721.6189,691.0167
2011-06-08 16:30:00,29658.9783,643.8793
2011-06-08 16:45:00,27410.9337,595.65
2011-06-08 17:00:00,25348.0307,552.3051
2011-06-08 17:15:01,23183.7368,501.35
2011-06-08 17:30:01,21255.8327,462.0667
2011-06-08 17:45:01,17804.7838,383.35
2011-06-08 18:00:02,14596.676,312.15
2011-06-08 18:15:02,12256.7084,262.0678
2011-06-08 18:30:02,10826.3839,231.7288
2011-06-08 18:45:02,9149.4656,195.35
2011-06-08 19:00:02,6695.9434,130.0833
2011-06-08 19:15:01,4989.0897,88.55
2011-06-08 19:30:01,3486.6865,68.0
2011-06-08 19:45:01,2273.1646,51.4426
2011-06-08 20:00:00,1450.535,32.8475
2011-06-08 20:15:01,925.6238,18.8361
2011-06-08 20:30:01,246.363,5.0678
2011-06-08 20:45:02,0.0,0.0
2011-06-09 05:45:00,0.0,0.0444
2011-06-09 06:00:00,0.0,3.8167
2011-06-09 06:15:01,137.9742,13.9825
2011-06-09 06:30:01,982.3384,26.9836
2011-06-09 06:45:01,1551.1947,42.0833
2011-06-09 07:00:01,2004.0863,56.0
2011-06-09 07:15:01,2388.4538,67.5862
2011-06-09 07:30:01,2836.8416,81.1639
2011-06-09 07:45:01,3297.0472,94.7966
2011-06-09 08:00:02,3777.5453,109.3
2011-06-09 08:15:01,4097.6711,118.5
2011-06-09 08:30:01,4310.1989,124.2203
2011-06-09 08:45:01,4732.3946,135.5082
2011-06-09 09:00:01,5202.6722,148.2167
2011-06-09 09:15:03,6223.1044,235.4667
2011-06-09 09:30:03,8786.2044,403.5667
2011-06-09 09:45:03,11717.0022,446.5
2011-06-09 10:00:03,14462.128,494.322
2011-06-09 10:15:02,17455.3435,535.8305
2011-06-09 10:30:02,20763.8404,580.75
2011-06-09 10:45:02,24947.7095,620.4237
2011-06-09 11:00:02,28921.0885,654.7797
2011-06-09 11:15:03,32204.9687,693.6949
2011-06-09 11:30:02,34137.7284,731.15
2011-06-09 11:45:02,35020.2795,756.1833
2011-06-09 12:00:02,35658.0566,780.05
2011-06-09 12:15:03,36706.0151,812.4237
2011-06-09 12:30:04,36857.87,818.65
2011-06-09 12:45:04,37100.3787,832.5
2011-06-09 13:00:04,37438.0954,851.5763
2011-06-09 13:15:03,36986.7971,838.3898
2011-06-09 13:30:03,37611.9707,838.7049
2011-06-09 13:45:03,37261.8906,842.4667
2011-06-09 14:00:03,35875.5875,826.35
2011-06-09 14:15:03,34575.7573,792.6441
2011-06-09 14:30:03,27215.3835,613.8
2011-06-09 14:45:03,30443.3204,665.5424
2011-06-09 15:00:03,35550.9456,778.0833
2011-06-09 15:15:04,33592.1621,737.0333
2011-06-09 15:30:04,26272.0889,581.85
2011-06-09 15:45:04,33426.973,700.678
2011-06-09 16:00:04,28970.8819,621.6333
2011-06-09 16:15:03,29652.3997,624.2034
2011-06-09 16:30:03,28211.1843,592.8136
2011-06-09 16:45:03,27263.289,574.9322
2011-06-09 17:00:03,25310.1973,536.3833
2011-06-09 17:15:03,23408.4525,498.6441
2011-06-09 17:30:03,21198.5785,450.3167
2011-06-09 17:45:03,18672.5794,399.3333
2011-06-09 18:00:03,15763.6365,332.4915
2011-06-09 18:15:04,13477.0837,281.1186
2011-06-09 18:30:04,11345.7508,238.45
2011-06-09 18:45:04,7051.3055,155.6333
2011-06-09 19:15:03,1824.4863,45.7288
2011-06-09 19:30:03,1260.6217,31.4667
2011-06-09 19:45:03,1026.4277,24.6167
2011-06-09 20:00:03,542.6542,12.5
2011-06-09 20:15:04,2.1042,0.425
2011-06-10 05:45:01,0.0,1.0606
2011-06-10 06:00:01,0.0,2.1167
2011-06-10 06:15:03,211.1634,10.9831
2011-06-10 06:30:03,971.7841,23.8167
2011-06-10 06:45:03,1540.3158,40.8983
2011-06-10 07:00:03,2003.2335,55.4333
2011-06-10 07:15:03,2438.6947,67.4333
2011-06-10 07:30:03,2820.5035,80.05
2011-06-10 07:45:03,3357.944,95.5333
2011-06-10 08:00:03,4539.0999,126.8983
2011-06-10 08:15:05,6636.3054,172.8667
2011-06-10 08:30:05,6344.6482,162.5667
2011-06-10 08:45:05,5893.1668,162.3
2011-06-10 09:00:05,8001.6585,207.2542
2011-06-10 09:15:06,7474.6362,223.1525
2011-06-10 09:30:06,9890.4871,391.7333
2011-06-10 09:45:06,12341.7052,445.3898
2011-06-10 10:00:06,14917.5012,490.5167
2011-06-10 10:15:07,17719.2079,530.9661
2011-06-10 10:30:07,20996.0663,578.4833
2011-06-10 10:45:06,24655.0952,610.2712
2011-06-10 11:00:07,28020.923,631.322
2011-06-10 11:15:07,31687.4963,681.6271
2011-06-10 11:30:07,33309.9226,713.6
2011-06-10 11:45:09,34429.3476,745.2167
2011-06-10 12:00:09,34321.0056,742.8475
2011-06-10 12:15:09,35045.8621,764.4828
2011-06-10 12:30:09,35971.7226,785.4833
2011-06-10 12:45:09,36606.3773,804.7
2011-06-10 13:00:09,37110.521,820.8333
2011-06-10 13:15:10,30455.8307,681.1667
2011-06-10 13:30:10,18590.049,432.5763
2011-06-10 13:45:10,30705.4701,644.9
2011-06-10 14:00:10,37229.7805,795.9831
2011-06-10 14:15:09,36178.1724,769.6333
2011-06-10 14:30:09,14645.7734,351.1356
2011-06-10 14:45:09,18145.5158,415.0678
2011-06-10 15:00:09,16110.1057,378.1525
2011-06-10 15:15:08,16896.563,390.6667
2011-06-10 15:30:08,32482.2771,656.75
2011-06-10 15:45:08,32482.3093,672.2667
2011-06-10 16:00:08,19764.4285,447.1186
2011-06-10 16:15:09,22317.5573,450.6441
2011-06-10 16:30:09,18681.4675,398.7288
2011-06-10 16:45:09,18508.3867,403.5333
2011-06-10 17:00:09,23564.1246,480.65
2011-06-10 17:15:11,14969.4583,318.9492
2011-06-10 17:30:10,16336.1924,345.5085
2011-06-10 17:45:10,13720.2278,286.6333
2011-06-10 18:00:10,14261.7175,284.8983
2011-06-10 18:15:10,10065.3398,208.0
2011-06-10 18:30:10,6112.5775,131.2
2011-06-10 18:45:10,1593.4326,37.8
2011-06-10 19:00:11,1416.3627,31.0
2011-06-10 19:15:12,1043.5786,17.0167
2011-06-10 19:30:12,5543.8976,92.8667
2011-06-10 19:45:11,6001.2656,103.3051
2011-06-10 20:00:11,4828.823,79.8
2011-06-10 20:15:10,3103.3221,45.85
2011-06-10 20:30:10,482.3864,8.0833
2011-06-10 20:45:10,0.0,0.9722
2011-06-11 05:45:10,0.0,0.675
2011-06-11 06:00:10,109.7068,6.7869
2011-06-11 06:15:10,1012.0222,21.0345
2011-06-11 06:30:11,1873.6932,40.4237
2011-06-11 06:45:11,2661.3389,60.4667
2011-06-11 07:00:11,2768.1726,67.6667
2011-06-11 07:15:10,3368.989,88.3
2011-06-11 07:30:11,3950.7288,104.15
2011-06-11 07:45:11,4058.147,103.6333
2011-06-11 08:00:11,4667.3885,108.75
2011-06-11 08:15:12,5868.1569,148.4333
2011-06-11 08:30:12,5308.3038,130.5593
2011-06-11 08:45:12,6009.3506,150.45
2011-06-11 09:00:12,7875.2952,195.2712
2011-06-11 09:15:12,6995.0141,162.5333
2011-06-11 09:30:12,8153.3444,221.8475
2011-06-11 09:45:12,10149.614,242.4746
2011-06-11 10:00:12,14995.0613,358.0508
2011-06-11 10:15:12,15102.8759,358.55
2011-06-11 10:30:12,11322.7932,264.1864
2011-06-11 10:45:12,14529.0143,322.0167
2011-06-11 11:00:12,6431.7702,155.0167
2011-06-11 11:15:12,11923.5682,264.386
2011-06-11 11:30:12,10351.6417,245.7667
2011-06-11 11:45:12,18269.3494,413.1186
2011-06-11 12:15:11,32935.0215,735.25
2011-06-11 12:30:11,30083.1113,681.3051
2011-06-11 12:45:12,32521.4548,729.5763
2011-06-11 13:00:12,17097.1564,406.1333
2011-06-11 13:15:12,19143.2664,432.7667
2011-06-11 13:30:13,13773.0893,312.7414
2011-06-11 13:45:13,10275.1077,234.0833
2011-06-11 14:00:13,20434.2957,463.1833
2011-06-11 14:15:13,29577.8912,622.3333
2011-06-11 14:30:13,28542.0737,644.0
2011-06-11 14:45:13,27729.1834,619.15
2011-06-11 15:00:13,17341.5148,398.0167
2011-06-11 15:15:14,36444.0823,777.4
2011-06-11 15:30:14,33803.0254,734.2712
2011-06-11 15:45:14,24577.6016,546.9661
2011-06-11 16:00:14,22705.3351,491.6441
2011-06-11 16:15:16,31657.3537,652.15
2011-06-11 16:30:16,29293.4697,601.7667
2011-06-11 16:45:16,21954.4469,462.0169
2011-06-11 17:00:16,21155.0933,443.7833
2011-06-11 17:15:16,9723.8346,221.3167
2011-06-11 17:30:16,6742.8865,158.9153
2011-06-11 17:45:16,5937.3713,146.0333
2011-06-11 18:00:17,3857.2137,93.9
2011-06-11 18:15:17,6071.33,133.4746
2011-06-11 18:30:17,6840.9588,159.0833
2011-06-11 18:45:17,7864.7541,174.7
2011-06-11 19:00:17,9436.2743,195.1864
2011-06-11 19:15:19,8134.7437,159.9
2011-06-11 19:30:19,4540.4021,96.8475
2011-06-11 19:45:19,3230.4562,70.4667
2011-06-11 20:00:19,1959.721,41.5667
2011-06-11 20:15:18,587.7227,11.8
2011-06-11 20:30:18,25.7393,2.1017
2011-06-11 20:45:18,0.0,0.4468
2011-06-12 05:45:17,0.0,1.2955
2011-06-12 06:00:17,89.3401,7.0
2011-06-12 06:15:18,979.0899,21.8246
2011-06-12 06:30:18,1421.8311,32.9167
2011-06-12 06:45:18,1589.0407,38.8667
2011-06-12 07:00:18,1963.6821,50.0333
2011-06-12 07:15:18,2822.3882,72.6897
2011-06-12 07:30:18,4092.9766,101.9833
2011-06-12 07:45:18,5008.6939,127.4667
2011-06-12 08:15:18,4011.8078,109.6271
2011-06-12 08:30:18,5555.7683,142.2667
2011-06-12 08:45:18,5148.2016,138.2
2011-06-12 09:00:18,7291.447,187.9333
2011-06-12 09:15:17,8040.823,247.5
2011-06-12 09:30:17,8116.7765,354.0169
2011-06-12 09:45:17,12744.7911,479.4833
2011-06-12 10:00:17,13251.8992,440.7167
2011-06-12 10:15:17,17985.6976,558.9474
2011-06-12 10:30:17,21578.0244,622.3667
2011-06-12 10:45:18,27243.0466,695.7
2011-06-12 11:00:18,30426.0486,704.7586
2011-06-12 11:15:18,31677.571,699.9492
2011-06-12 11:30:18,28499.8429,643.4833
2011-06-12 11:45:18,27993.7239,624.6167
2011-06-12 12:00:18,19160.7643,454.4746
2011-06-12 12:15:18,23579.1339,543.7333
2011-06-12 12:30:19,18013.4303,424.2542
2011-06-12 12:45:19,16224.9832,376.9667
2011-06-12 13:00:19,21061.8236,467.5833
2011-06-12 13:15:19,4452.4295,89.3276
2011-06-12 13:30:18,8662.1197,198.5085
2011-06-12 13:45:19,15910.9159,349.678
2011-06-12 14:00:19,43080.4215,940.5833
2011-06-12 14:15:19,39580.9802,886.4
2011-06-12 14:30:19,40078.9067,895.2667
2011-06-12 14:45:19,39071.5532,871.7167
2011-06-12 15:00:18,30277.9467,670.0833
2011-06-12 15:15:19,13806.0689,323.5932
2011-06-12 15:30:18,10355.2303,239.1864
2011-06-12 15:45:18,9014.1512,204.5
2011-06-12 16:00:18,10083.5243,231.4576
2011-06-12 16:15:18,9629.9283,225.3276
2011-06-12 16:30:18,8594.2935,207.678
2011-06-12 16:45:18,6480.8637,159.459
2011-06-12 17:00:18,3744.3965,96.7333
2011-06-12 17:15:18,3297.8939,79.5085
2011-06-12 17:30:18,519.0615,15.2667
2011-06-12 17:45:18,15546.2096,336.65
2011-06-12 18:00:18,18234.115,390.0508
2011-06-12 18:15:18,17685.9662,357.5763
2011-06-12 18:30:18,10714.1438,230.4333
2011-06-12 18:45:18,8052.7473,158.5667
2011-06-12 19:00:18,2903.1024,69.4333
2011-06-12 19:15:19,2688.6802,58.5
2011-06-12 19:30:19,2826.0074,56.0833
2011-06-12 19:45:19,2912.8543,60.6833
2011-06-12 20:00:19,1546.3832,32.55
2011-06-12 20:15:19,1057.1045,20.8833
2011-06-12 20:30:19,494.8357,8.4167
2011-06-12 20:45:19,0.0,1.3091
2011-06-13 05:45:17,0.0,2.0
2011-06-13 06:00:17,0.0,3.7049
2011-06-13 06:15:19,307.3755,10.9123
2011-06-13 06:30:20,774.758,20.459
2011-06-13 06:45:20,1093.1458,28.8475
2011-06-13 07:00:20,1304.2788,34.3333
2011-06-13 07:15:20,1477.0971,38.8103
2011-06-13 07:30:20,1633.4519,41.8136
2011-06-13 07:45:21,1782.8964,45.55
2011-06-13 08:00:21,1933.5712,48.9333
2011-06-13 08:15:19,2295.9925,56.6949
2011-06-13 08:30:19,2964.0983,72.2
2011-06-13 08:45:19,3229.3409,84.1833
2011-06-13 09:00:19,3245.7618,84.1167
2011-06-13 09:15:20,4595.0957,207.8983
2011-06-13 09:30:20,8793.4161,507.25
2011-06-13 09:45:20,12596.6065,557.2241
2011-06-13 10:00:20,15125.1002,601.1667
2011-06-13 10:15:20,18724.6939,641.4407
2011-06-13 10:30:20,22491.1315,669.8667
2011-06-13 10:45:20,28717.9474,741.75
2011-06-13 11:00:21,33985.808,768.8833
2011-06-13 11:15:20,38735.5983,808.322
2011-06-13 11:30:20,41085.3313,846.25
2011-06-13 11:45:20,41770.6948,868.8167
2011-06-13 12:00:20,42718.0974,904.5
2011-06-13 12:15:21,40201.1793,871.1525
2011-06-13 12:30:21,43623.5939,930.85
2011-06-13 12:45:21,43443.5525,949.4098
2011-06-13 13:00:21,43741.4272,962.1167
2011-06-13 13:15:21,46007.6413,1011.4576
2011-06-13 13:30:21,37157.7867,811.2167
2011-06-13 13:45:21,36752.1138,789.9
2011-06-13 14:00:21,43888.1502,962.2167
2011-06-13 14:15:21,42174.4079,918.0339
2011-06-13 14:30:21,35350.9475,769.5833
2011-06-13 14:45:21,37641.3594,809.5333
2011-06-13 15:00:21,29967.732,655.1167
2011-06-13 15:15:21,32313.6793,694.2982
2011-06-13 15:30:21,28750.9999,615.1333
2011-06-13 15:45:21,33355.9183,701.3051
2011-06-13 16:00:21,37859.7903,797.4333
2011-06-13 16:15:21,35958.2262,746.8667
2011-06-13 16:30:21,36456.857,758.1167
2011-06-13 16:45:21,21733.486,470.4915
2011-06-13 17:00:21,16315.9949,350.1833
2011-06-13 17:15:21,12039.9656,267.2203
2011-06-13 17:30:21,7972.2125,182.5333
2011-06-13 17:45:21,5436.5107,122.8305
2011-06-13 18:15:21,7704.4146,172.8475
2011-06-13 18:30:22,8466.8769,188.95
2011-06-13 18:45:22,9859.2503,202.3898
2011-06-13 19:00:22,11956.1773,186.1167
2011-06-13 19:15:22,7330.8214,62.4746
2011-06-13 19:30:23,5015.6423,47.2833
2011-06-13 19:45:23,2336.6086,37.4
2011-06-13 20:00:23,1116.0654,27.8167
2011-06-13 20:15:23,755.653,17.4237
2011-06-13 20:30:23,276.7481,6.0667
2011-06-13 20:45:23,0.0,1.0339
2011-06-14 05:45:20,0.0,1.44
2011-06-14 06:00:20,161.9415,6.7167
2011-06-14 06:15:20,624.261,15.6552
2011-06-14 06:30:20,854.6976,22.9667
2011-06-14 06:45:20,1135.9958,29.9831
2011-06-14 07:00:20,1399.8891,37.0678
2011-06-14 07:15:21,1601.7861,42.2203
2011-06-14 07:30:21,1798.4227,47.4333
2011-06-14 07:45:21,2007.2392,53.0167
2011-06-14 08:00:21,2184.9921,57.6721
2011-06-14 08:15:20,2361.7649,62.3276
2011-06-14 08:30:20,2597.39,68.7
2011-06-14 08:45:20,2905.2701,77.339
2011-06-14 09:00:20,3255.4208,86.1356
2011-06-14 09:15:21,4237.3141,200.1724
2011-06-14 09:30:21,7246.12,463.15
2011-06-14 09:45:21,11336.5169,520.6167
2011-06-14 10:00:21,14649.8247,572.9833
2011-06-14 10:15:22,18385.7743,620.569
2011-06-14 10:30:22,21589.007,641.5667
2011-06-14 10:45:22,28771.1661,732.6949
2011-06-14 11:00:22,27450.1234,626.3167
2011-06-14 11:15:21,33135.205,701.4655
2011-06-14 11:30:21,38163.2954,803.2833
2011-06-14 11:45:21,20324.4205,434.4746
2011-06-14 12:00:21,24468.0385,536.8333
2011-06-14 12:15:22,15966.8656,349.6102
2011-06-14 12:30:22,27930.476,648.7833
2011-06-14 12:45:22,20414.1769,459.7458
2011-06-14 13:00:22,25561.6802,615.1333
2011-06-14 13:15:22,21715.6458,505.9492
2011-06-14 13:30:22,36555.3982,860.431
2011-06-14 13:45:23,19961.3233,449.7667
2011-06-14 14:00:23,15987.738,352.8305
2011-06-14 14:15:22,5142.8668,111.6441
2011-06-14 14:30:22,3231.758,76.05
2011-06-14 14:45:22,6684.1006,160.1017
2011-06-14 15:00:23,6883.9548,163.8361
2011-06-14 15:15:24,7849.1808,179.8136
2011-06-14 15:30:24,11558.0035,262.55
2011-06-14 15:45:24,13351.7013,299.5763
2011-06-14 16:00:24,24359.5259,532.7167
2011-06-14 16:15:24,24198.9998,535.7931
2011-06-14 16:30:24,21202.2652,476.3833
2011-06-14 16:45:24,27399.9425,586.9667
2011-06-14 17:00:24,17169.9032,374.7797
2011-06-14 17:15:23,7845.086,179.8814
2011-06-14 17:30:23,9251.266,206.15
2011-06-14 17:45:23,18264.4592,406.3103
2011-06-14 18:00:23,19869.6934,436.0333
2011-06-14 18:15:24,18217.0614,390.9667
2011-06-14 18:30:24,15002.5627,321.2881
2011-06-14 18:45:24,14232.5659,298.3898
2011-06-14 19:00:24,9937.0508,150.3729
2011-06-14 19:15:24,4987.8178,49.6833
2011-06-14 19:30:24,4025.0524,50.3051
2011-06-14 19:45:24,1827.1517,32.1864
2011-06-14 20:00:24,1042.8407,25.8644
2011-06-14 20:15:24,1004.4572,21.8667
2011-06-14 20:30:24,470.1684,8.2542
2011-06-14 20:45:24,0.0,0.339
2011-06-15 05:45:23,0.0,1.02
2011-06-15 06:00:23,231.7869,6.0667
2011-06-15 06:15:22,551.9199,14.25
2011-06-15 06:30:22,783.9732,21.6667
2011-06-15 06:45:23,1048.938,27.0333
2011-06-15 07:00:22,1255.6789,31.55
2011-06-15 07:15:23,1409.7868,35.4754
2011-06-15 07:30:23,1534.5875,38.2881
2011-06-15 07:45:23,1661.3795,41.55
2011-06-15 08:00:24,1788.6298,44.5667
2011-06-15 08:15:24,1917.2979,48.15
2011-06-15 08:30:24,2062.9448,51.7667
2011-06-15 08:45:24,2220.8716,55.0169
2011-06-15 09:00:24,2402.8638,58.6167
2011-06-15 09:15:25,3372.8146,180.5
2011-06-15 09:30:25,6515.2983,486.4333
2011-06-15 09:45:25,10858.5961,540.5254
2011-06-15 10:00:25,14173.5908,586.6833
2011-06-15 10:15:26,17973.5223,633.0169
2011-06-15 10:30:26,22185.5068,674.3607
2011-06-15 10:45:26,27183.4069,712.7333
2011-06-15 11:00:26,32763.9024,753.5085
2011-06-15 11:15:25,37647.8324,788.35
2011-06-15 11:30:25,39586.8321,824.7333
2011-06-15 11:45:26,40568.3698,856.2034
2011-06-15 12:00:26,41625.3671,879.0
2011-06-15 12:15:26,42466.251,902.5167
2011-06-15 12:30:26,43222.3118,920.0492
2011-06-15 12:45:26,43280.0285,931.5424
2011-06-15 13:00:26,43209.0963,935.85
2011-06-15 13:15:27,41401.8185,901.0
2011-06-15 13:30:27,43340.401,942.7667
2011-06-15 13:45:27,42331.7212,941.2167
2011-06-15 14:00:27,41816.7787,931.3103
2011-06-15 14:15:26,42227.8867,926.0169
2011-06-15 14:30:27,42188.7838,908.7833
2011-06-15 14:45:27,40212.798,867.9167
2011-06-15 15:00:27,40000.2331,868.4262
2011-06-15 15:15:27,35146.7548,806.5593
2011-06-15 15:30:28,28886.3913,639.45
2011-06-15 15:45:28,35180.9098,739.3559
2011-06-15 16:00:28,37164.2638,780.3279
2011-06-15 16:15:29,35226.2153,738.7288
2011-06-15 16:30:29,33044.3139,692.4237
2011-06-15 16:45:29,30152.5837,628.9833
2011-06-15 17:00:29,28235.4875,593.05
2011-06-15 17:15:28,27436.7704,579.6379
2011-06-15 17:30:28,20964.6419,449.1667
2011-06-15 17:45:28,17006.6703,362.3667
2011-06-15 18:00:28,15999.8254,340.5763
2011-06-15 18:15:29,14353.9817,303.0
2011-06-15 18:30:29,12647.1452,267.7627
2011-06-15 18:45:29,9983.9566,204.5932
2011-06-15 19:00:29,6629.1626,124.8833
2011-06-15 19:15:31,3870.997,70.5088
2011-06-15 19:30:31,5750.8656,82.7705
2011-06-15 19:45:31,3491.7438,62.2881
2011-06-15 20:00:31,1363.1548,32.6667
2011-06-15 20:15:30,671.2761,14.4754
2011-06-15 20:30:30,101.6843,3.2333
2011-06-15 20:45:30,0.0,0.4909
2011-06-16 05:45:28,0.0,1.5714
2011-06-16 06:00:28,152.3136,4.5082
2011-06-16 06:15:28,620.3871,11.9322
2011-06-16 06:30:28,1032.2768,22.1864
2011-06-16 06:45:28,1474.0369,32.6333
2011-06-16 07:00:28,1941.3969,46.75
2011-06-16 07:15:28,2817.169,71.3051
2011-06-16 07:30:28,3961.217,92.9833
2011-06-16 07:45:28,3755.0888,90.322
2011-06-16 08:00:30,3154.8371,69.8966
2011-06-16 08:15:30,3364.7288,78.431
2011-06-16 08:30:30,2964.5627,69.2
2011-06-16 08:45:30,2564.7138,61.4576
2011-06-16 09:00:30,4270.224,103.3898
2011-06-16 09:15:30,3864.9236,94.7
2011-06-16 09:30:31,2487.1153,58.1833
2011-06-16 09:45:31,4982.7522,114.7627
2011-06-16 10:00:31,4621.6884,108.9836
2011-06-16 10:15:31,6298.5086,146.2542
2011-06-16 10:30:31,9299.8331,213.5424
2011-06-16 10:45:31,13145.672,304.7458
2011-06-16 11:00:31,9428.0872,215.3833
2011-06-16 11:15:31,14003.8866,311.8475
2011-06-16 11:30:32,23822.8048,536.7119
2011-06-16 11:45:32,23951.4165,533.4237
2011-06-16 12:00:32,22445.9107,504.1
2011-06-16 12:15:32,19019.5246,428.6167
2011-06-16 12:30:32,24537.3621,546.5
2011-06-16 12:45:32,18625.574,416.9153
2011-06-16 13:00:32,11822.3916,266.3898
2011-06-16 13:15:33,17253.4441,387.7
2011-06-16 13:30:33,25907.5445,585.4915
2011-06-16 13:45:33,34776.9994,776.7833
2011-06-16 14:00:33,29908.304,661.0678
2011-06-16 14:15:35,18793.6451,418.7288
2011-06-16 14:30:35,22674.6587,488.8621
2011-06-16 14:45:35,43472.286,919.4833
2011-06-16 15:00:35,27933.4669,612.1017
2011-06-16 15:15:35,23251.8936,526.95
2011-06-16 15:30:35,12441.9816,283.0667
2011-06-16 15:45:35,10294.0103,244.2881
2011-06-16 16:00:35,5747.3093,129.2321
2011-06-16 16:15:36,8740.5819,198.3
2011-06-16 16:30:36,12962.5328,289.5424
2011-06-16 16:45:36,18607.6881,408.55
2011-06-16 17:00:36,12040.0645,273.8966
2011-06-16 17:15:37,4998.803,119.2667
2011-06-16 17:30:37,3948.476,92.1864
2011-06-16 17:45:36,8317.3955,185.5
2011-06-16 18:00:36,3755.7052,91.6949
2011-06-16 18:15:35,2145.9047,52.5333
2011-06-16 18:30:35,596.8136,16.5085
2011-06-16 18:45:35,1160.2854,27.8833
2011-06-16 19:00:35,1972.4907,45.3333
2011-06-16 19:15:36,1136.5749,25.0169
2011-06-16 19:30:36,530.4257,11.9
2011-06-16 19:45:36,870.9418,19.8305
2011-06-16 20:00:36,2131.5969,42.3833
2011-06-16 20:15:36,1325.5619,18.1
2011-06-16 20:30:36,133.743,1.6102
2011-06-17 05:45:35,0.0,1.027
2011-06-17 06:00:35,0.0,2.8
2011-06-17 06:15:35,0.0,5.7
2011-06-17 06:30:35,389.3617,10.15
2011-06-17 06:45:35,1464.8869,31.661
2011-06-17 07:00:35,1262.9963,28.7288
2011-06-17 07:15:35,1541.2295,38.2833
2011-06-17 07:30:35,2118.0993,51.65
2011-06-17 07:45:35,2736.3234,65.0
2011-06-17 08:00:35,3029.6207,75.1667
2011-06-17 08:15:36,3817.9987,91.5833
2011-06-17 08:30:36,8357.9852,200.0
2011-06-17 08:45:36,8812.374,203.2542
2011-06-17 09:00:36,7450.3375,169.4667
2011-06-17 09:15:37,6018.231,136.4483
2011-06-17 09:30:37,7398.8615,171.55
2011-06-17 09:45:36,7389.2068,164.0667
2011-06-17 10:00:36,8942.4463,203.661
2011-06-17 10:15:36,11380.575,263.8667
2011-06-17 10:30:37,16567.8309,416.4068
2011-06-17 10:45:37,25473.08,645.4833
2011-06-17 11:15:38,36665.1417,777.1167
2011-06-17 11:30:38,39078.9902,815.55
2011-06-17 11:45:38,41007.0067,865.6167
2011-06-17 12:00:39,33151.015,727.9831
2011-06-17 12:15:38,42447.1566,921.8448
2011-06-17 12:30:38,41044.3638,899.5167
2011-06-17 12:45:37,41751.0725,913.0678
2011-06-17 13:00:37,37806.8738,851.6167
2011-06-17 13:15:37,25779.8229,577.4746
2011-06-17 13:30:37,28983.597,627.0172
2011-06-17 13:45:38,41370.1305,905.65
2011-06-17 14:00:38,41442.7726,920.9
2011-06-17 14:15:39,22007.3487,493.4333
2011-06-17 14:30:40,26351.6634,581.2881
2011-06-17 14:45:40,19310.6643,433.1333
2011-06-17 15:00:40,11272.2529,238.678
2011-06-17 15:15:39,6150.8925,140.6393
2011-06-17 15:30:39,25295.3704,535.7797
2011-06-17 15:45:39,28085.2461,607.4
2011-06-17 16:00:39,16045.0424,354.8448
2011-06-17 16:15:39,25739.5507,550.1
2011-06-17 16:30:39,21298.0623,473.5424
2011-06-17 16:45:39,16993.2734,371.3
2011-06-17 17:00:40,14697.1332,334.2203
2011-06-17 17:15:41,4729.2487,112.55
2011-06-17 17:30:41,5605.5282,130.3333
2011-06-17 17:45:41,5159.6649,121.9167
2011-06-17 18:00:41,17277.248,360.5833
2011-06-17 18:15:40,14268.6268,293.7627
2011-06-17 18:30:40,10462.668,227.2034
2011-06-17 18:45:41,6320.6399,139.9333
2011-06-17 19:00:41,2647.4598,58.9322
2011-06-17 19:15:41,4136.4556,83.8689
2011-06-17 19:30:41,2461.4066,57.1356
2011-06-17 19:45:41,800.5081,14.9833
2011-06-17 20:00:41,317.669,6.0877
2011-06-17 20:15:42,11.4269,1.85
2011-06-17 20:30:42,0.0,1.1833
2011-06-17 20:45:42,0.0,0.7458
2011-06-18 06:00:40,0.0,1.06
2011-06-18 06:15:40,0.0,7.2667
2011-06-18 06:30:41,817.2032,19.0333
2011-06-18 06:45:41,1305.6458,30.8103
2011-06-18 07:00:41,1205.4984,29.9
2011-06-18 07:15:41,1848.4819,47.5932
2011-06-18 07:30:41,2322.2165,63.8167
2011-06-18 07:45:41,2404.731,67.1833
2011-06-18 08:00:41,2922.4492,83.0169
2011-06-18 08:15:41,3738.6075,103.1167
2011-06-18 08:30:41,7636.7456,185.7333
2011-06-18 08:45:41,10432.8107,250.931
2011-06-18 09:00:41,11184.6227,264.55
2011-06-18 09:15:41,11010.8845,281.7119
2011-06-18 09:30:41,12106.2265,314.3167
2011-06-18 09:45:41,13186.0577,334.6333
2011-06-18 10:00:41,9267.6278,213.8621
2011-06-18 10:15:41,9900.4596,226.5085
2011-06-18 10:30:41,14552.1895,343.6333
2011-06-18 10:45:41,24851.8234,604.9322
2011-06-18 11:00:41,20368.3717,479.4068
2011-06-18 11:15:42,18711.4805,434.459
2011-06-18 11:30:42,17517.6358,411.1356
2011-06-18 11:45:42,20327.7337,475.0167
2011-06-18 12:00:42,41844.9817,902.45
2011-06-18 12:15:42,29294.4913,673.569
2011-06-18 12:30:42,22874.6261,538.7833
2011-06-18 12:45:42,43671.6656,984.3
2011-06-18 13:00:42,40337.4931,908.0333
2011-06-18 13:15:42,40035.8708,877.1186
2011-06-18 13:30:42,39640.5728,876.3833
2011-06-18 13:45:42,39023.7826,858.5833
2011-06-18 14:00:42,28638.8648,639.8136
2011-06-18 14:15:43,19038.61,440.55
2011-06-18 14:30:43,31499.7058,684.9655
2011-06-18 14:45:43,29828.0857,651.7167
2011-06-18 15:00:43,25848.5206,566.1186
2011-06-18 15:15:42,31500.8777,685.8793
2011-06-18 15:30:42,28043.8261,606.1034
2011-06-18 15:45:44,22212.2999,483.7333
2011-06-18 16:00:44,22969.3009,502.3
2011-06-18 16:15:44,17683.6765,390.3898
2011-06-18 16:30:44,18730.0966,414.9667
2011-06-18 16:45:44,17847.3278,400.0175
2011-06-18 17:00:45,17954.0881,396.35
2011-06-18 17:15:46,14361.7473,317.339
2011-06-18 17:30:45,10852.6297,247.0
2011-06-18 17:45:45,10556.2313,236.3167
2011-06-18 18:00:45,11670.869,258.1356
2011-06-18 18:15:45,11167.6869,247.9667
2011-06-18 18:30:45,7193.35,167.4915
2011-06-18 18:45:45,4267.2872,99.7213
2011-06-18 19:00:45,3199.8769,75.4833
2011-06-18 19:15:45,2155.4014,49.2373
2011-06-18 19:30:45,1520.2526,33.3
2011-06-18 19:45:45,1109.3168,22.9344
2011-06-18 20:00:45,944.7524,18.2167
2011-06-18 20:15:46,280.4067,5.6
2011-06-18 20:30:46,2.2586,0.45
2011-06-18 20:45:46,0.0,0.2143
2011-06-19 06:00:42,0.0,2.1333
2011-06-19 06:15:43,632.9775,15.5172
2011-06-19 06:30:43,1511.3113,32.8167
2011-06-19 06:45:44,2157.5381,49.1167
2011-06-19 07:00:44,2747.2389,65.3729
2011-06-19 07:15:44,3168.4647,75.5667
2011-06-19 07:30:44,5133.2907,121.1667
2011-06-19 07:45:44,5705.7654,135.75
2011-06-19 08:00:44,5628.7865,134.35
2011-06-19 08:15:43,5129.4345,122.7797
2011-06-19 08:30:43,5203.3705,123.95
2011-06-19 08:45:43,5324.0524,124.2373
2011-06-19 09:00:43,4738.6373,108.7458
2011-06-19 09:15:44,8021.4028,190.8333
2011-06-19 09:30:44,10302.0991,253.5167
2011-06-19 09:45:44,10995.9674,276.9322
2011-06-19 10:00:44,13526.9572,342.6833
2011-06-19 10:15:44,16852.7432,427.4746
2011-06-19 10:30:44,18513.4035,444.6949
2011-06-19 10:45:44,16485.372,382.5085
2011-06-19 11:00:44,15253.57,352.0678
2011-06-19 11:15:44,18687.2206,423.6
2011-06-19 11:30:44,12296.0938,286.6897
2011-06-19 11:45:44,15207.0607,356.678
2011-06-19 12:00:44,20990.5003,479.4167
2011-06-19 12:15:44,11191.7137,272.7288
2011-06-19 12:30:44,9307.8606,224.7167
2011-06-19 12:45:44,9376.9545,226.2542
2011-06-19 13:00:44,11127.864,263.2667
2011-06-19 13:15:44,18268.973,419.8475
2011-06-19 13:30:44,37162.8775,836.4915
2011-06-19 13:45:44,31706.4009,733.65
2011-06-19 14:00:45,30761.1838,707.4833
2011-06-19 14:15:45,39677.1817,892.0167
2011-06-19 14:30:45,24375.3219,558.0169
2011-06-19 14:45:45,20311.593,471.8197
2011-06-19 15:00:46,15817.6669,366.7797
2011-06-19 15:15:46,14066.4797,334.9649
2011-06-19 15:30:46,14338.5284,338.9828
2011-06-19 15:45:47,22242.148,500.2542
2011-06-19 16:00:48,17729.5724,399.7458
2011-06-19 16:15:48,14487.4917,337.2167
2011-06-19 16:30:48,14734.282,339.7627
2011-06-19 16:45:48,7470.5057,176.6897
2011-06-19 17:00:48,6542.1951,146.7667
2011-06-19 17:15:49,4817.8248,104.4833
2011-06-19 17:30:49,3725.1436,78.45
2011-06-19 17:45:49,5868.4799,140.6333
2011-06-19 18:00:49,6715.5994,151.9833
2011-06-19 18:15:48,6911.4516,162.1186
2011-06-19 18:30:48,5849.0431,135.2667
2011-06-19 18:45:48,9421.8824,200.3103
2011-06-19 19:00:48,7694.4524,158.9153
2011-06-19 19:15:48,4559.8153,95.1167
2011-06-19 19:30:48,2765.7427,60.1833
2011-06-19 19:45:49,2358.2243,49.8966
2011-06-19 20:00:49,1201.9981,25.3115
2011-06-19 20:15:50,338.6388,7.2881
2011-06-19 20:30:50,0.0,0.9167
2011-06-19 20:45:13,0.0,0.7931
2011-06-20 06:15:12,0.0,1.3
2011-06-20 06:30:13,6.1068,4.7049
2011-06-20 06:45:12,681.0858,15.8983
2011-06-20 07:00:12,894.7796,20.3333
2011-06-20 07:15:12,1308.7177,29.6393
2011-06-20 07:30:12,1606.9351,37.9167
2011-06-20 07:45:13,1503.1593,33.7333
2011-06-20 08:00:13,1512.6726,34.5167
2011-06-20 08:15:13,1611.7525,39.6
2011-06-20 08:30:13,1516.5302,38.2833
2011-06-20 08:45:12,1584.2586,40.2131
2011-06-20 09:00:12,2975.0884,77.7797
2011-06-20 09:15:13,4658.6582,122.2333
2011-06-20 09:30:13,5566.6712,138.55
2011-06-20 09:45:13,6898.391,161.6167
2011-06-20 10:00:12,6127.9033,147.4426
2011-06-20 10:15:12,8069.9364,187.45
2011-06-20 10:30:12,10757.8872,248.2069
2011-06-20 10:45:13,12876.4632,303.5333
2011-06-20 11:00:14,14667.0353,345.0169
2011-06-20 11:15:13,21358.6271,496.8167
2011-06-20 11:30:13,16314.4971,388.5254
2011-06-20 11:45:12,12750.5337,304.1333
2011-06-20 12:00:12,12569.6387,298.7966
2011-06-20 12:15:12,17745.0845,409.8475
2011-06-20 12:30:12,17617.4609,419.0667
2011-06-20 12:45:12,41619.9376,866.1695
2011-06-20 13:15:12,21835.4948,498.1864
2011-06-20 13:30:12,19297.0337,443.6833
2011-06-20 13:45:13,26192.7953,597.25
2011-06-20 14:00:13,21371.2233,484.8644
2011-06-20 14:15:13,34501.4228,754.05
2011-06-20 14:30:13,40924.4849,906.9833
2011-06-20 14:45:12,41272.5234,917.3667
2011-06-20 15:00:12,39858.7896,886.1833
2011-06-20 15:15:12,28906.1938,664.6949
2011-06-20 15:30:12,23310.8809,519.9
2011-06-20 15:45:12,14982.0796,341.0333
2011-06-20 16:00:12,10997.9657,245.55
2011-06-20 16:15:12,29298.3762,635.1167
2011-06-20 16:30:12,35319.0934,758.4667
2011-06-20 16:45:13,20997.328,459.5862
2011-06-20 17:00:13,18992.3223,412.95
2011-06-20 17:15:13,10869.6414,241.5833
2011-06-20 17:30:14,7314.8474,161.0833
2011-06-20 17:45:13,11168.0441,245.5333
2011-06-20 18:00:13,11871.3989,252.3898
2011-06-20 18:15:13,16376.1989,341.4333
2011-06-20 18:30:13,8563.115,198.377
2011-06-20 18:45:13,5947.6204,142.3167
2011-06-20 19:00:13,5363.3255,104.9828
2011-06-20 19:15:13,6782.1167,88.1967
2011-06-20 19:30:13,4624.3285,69.2333
2011-06-20 19:45:14,2735.8652,53.1333
2011-06-20 20:00:14,1559.3428,38.4407
2011-06-20 20:15:14,968.8742,22.1333
2011-06-20 20:30:14,285.6229,7.0333
2011-06-20 20:45:13,0.0,1.0
2011-06-21 06:00:12,0.0,1.5238
2011-06-21 06:15:12,0.0,5.8333
2011-06-21 06:30:12,0.0,7.8197
2011-06-21 06:45:12,684.6884,15.9167
2011-06-21 07:00:12,1356.5421,28.3158
2011-06-21 07:15:12,2661.2457,61.7869
2011-06-21 07:30:12,3431.5176,77.3051
2011-06-21 07:45:12,1690.9472,35.9333
2011-06-21 08:00:12,2085.6597,48.25
2011-06-21 08:15:12,1977.9984,45.25
2011-06-21 08:30:12,2087.9647,47.339
2011-06-21 08:45:12,2434.2809,55.0
2011-06-21 09:00:13,3314.9537,79.4746
2011-06-21 09:15:13,3087.8528,74.2167
2011-06-21 09:30:13,3398.8051,80.05
2011-06-21 09:45:13,4008.4064,94.0667
2011-06-21 10:00:13,6996.0125,167.1
2011-06-21 10:15:13,8364.088,197.4576
2011-06-21 10:30:13,6533.5306,154.2667
2011-06-21 10:45:13,6972.507,166.3559
2011-06-21 11:00:13,13279.087,313.5167
2011-06-21 11:15:14,15524.4893,358.8983
2011-06-21 11:30:14,16619.037,386.4576
2011-06-21 11:45:14,18099.2423,421.2
2011-06-21 12:00:14,13136.2059,309.4407
2011-06-21 12:15:15,24680.6316,546.75
2011-06-21 12:30:14,30353.1432,694.1864
2011-06-21 12:45:14,26130.5349,589.7
2011-06-21 13:00:14,41413.5324,899.2333
2011-06-21 13:15:14,38172.1962,857.8644
2011-06-21 13:30:14,40431.5884,901.2
2011-06-21 13:45:14,38561.6604,874.0833
2011-06-21 14:00:14,39562.3502,886.3167
2011-06-21 14:15:14,36223.713,820.7797
2011-06-21 14:30:14,35039.5344,807.5738
2011-06-21 14:45:16,36748.0797,820.1864
2011-06-21 15:00:16,38267.1207,846.0667
2011-06-21 15:15:16,36801.8317,816.0833
2011-06-21 15:30:16,36357.1191,799.9508
2011-06-21 15:45:16,35352.507,773.7797
2011-06-21 16:00:18,29429.2079,644.2542
2011-06-21 16:15:18,31557.9936,669.9333
2011-06-21 16:30:18,23347.5197,510.7167
2011-06-21 16:45:19,24482.5217,527.0339
2011-06-21 17:00:20,25456.0185,529.85
2011-06-21 17:15:20,22997.5813,480.0
2011-06-21 17:30:20,11874.2229,270.2712
2011-06-21 17:45:19,16817.5264,356.7333
2011-06-21 18:00:19,11397.4018,252.5345
2011-06-21 18:15:19,4697.9982,117.45
2011-06-21 18:30:19,9325.0338,195.45
2011-06-21 18:45:19,5679.3705,125.3833
2011-06-21 19:00:20,3850.256,88.2167
2011-06-21 19:15:20,3021.6436,70.1186
2011-06-21 19:30:20,2443.4785,55.7333
2011-06-21 19:45:21,1643.2843,35.65
2011-06-21 20:00:21,860.0358,16.9153
2011-06-21 20:15:21,139.6907,4.1311
2011-06-21 20:30:21,0.0,0.6333
2011-06-21 20:45:20,0.0,0.3793
2011-06-22 05:45:17,0.0,0.6774
2011-06-22 06:00:17,0.0,1.5902
2011-06-22 06:15:17,64.5489,8.55
2011-06-22 06:30:17,642.4024,15.4167
2011-06-22 06:45:18,1534.5258,30.7119
2011-06-22 07:00:19,1574.7429,31.8833
2011-06-22 07:15:19,1479.7771,33.6393
2011-06-22 07:30:22,1744.4136,44.6207
2011-06-22 07:45:22,2761.9717,71.5333
2011-06-22 08:00:22,3199.0736,83.8167
2011-06-22 08:15:22,4315.6623,120.0667
2011-06-22 08:30:22,4437.0138,131.2333
2011-06-22 08:45:22,5724.8199,144.9333
2011-06-22 09:00:22,6307.0091,157.0492
2011-06-22 09:15:22,4548.2722,188.1356
2011-06-22 09:30:22,6826.8953,446.5833
2011-06-22 09:45:22,10568.2527,501.05
2011-06-22 10:00:22,15508.2342,596.5424
2011-06-22 10:15:22,15593.5108,388.3667
2011-06-22 10:30:22,15842.5093,381.8983
2011-06-22 10:45:22,22129.9896,572.0169
2011-06-22 11:00:22,28310.7034,681.35
2011-06-22 11:15:22,32610.1484,723.0169
2011-06-22 11:30:22,31364.2995,688.2333
2011-06-22 11:45:22,32448.8317,714.8
2011-06-22 12:00:22,35464.0834,780.5667
2011-06-22 12:15:22,38374.9503,859.7966
2011-06-22 12:30:22,36043.166,812.6833
2011-06-22 12:45:22,39339.9738,904.4833
2011-06-22 13:00:22,36333.7055,839.8305
2011-06-22 13:15:22,27789.2358,621.9
2011-06-22 13:30:22,40089.2,900.6333
2011-06-22 13:45:23,30967.1721,697.8036
2011-06-22 14:00:23,9249.8068,215.0
2011-06-22 14:15:22,10152.9614,249.3833
2011-06-22 14:30:22,11399.7553,250.45
2011-06-22 14:45:22,22469.3742,494.75
2011-06-22 15:00:22,21260.9656,475.5085
2011-06-22 15:15:22,20730.5626,469.8525
2011-06-22 15:30:22,30994.2283,683.1525
2011-06-22 15:45:23,33951.5013,743.65
2011-06-22 16:00:23,25878.0257,573.3833
2011-06-22 16:15:22,16806.872,378.3833
2011-06-22 16:30:23,24861.1136,557.3167
2011-06-22 16:45:24,18517.9822,418.2542
2011-06-22 17:00:24,24477.8422,542.75
2011-06-22 17:15:24,23761.7117,525.5424
2011-06-22 17:30:23,11154.8626,258.05
2011-06-22 17:45:22,11197.0641,259.5667
2011-06-22 18:00:22,7780.2935,181.6557
2011-06-22 18:15:22,6947.0721,165.25
2011-06-22 18:30:22,9207.1003,212.0678
2011-06-22 18:45:22,9400.0217,205.8833
2011-06-22 19:00:22,10351.2196,201.9833
2011-06-22 19:15:22,7007.7234,125.0862
2011-06-22 19:30:22,4109.9965,83.7833
2011-06-22 19:45:23,2557.8276,55.9333
2011-06-22 20:00:23,1682.255,34.8833
2011-06-22 20:15:23,849.9237,15.9672
2011-06-22 20:30:23,210.624,3.8814
2011-06-22 20:45:23,0.0,0.0
2011-06-22 21:00:23,0.0,0.0
2011-06-23 05:45:22,0.0,0.3824
2011-06-23 06:00:22,0.0,3.4833
2011-06-23 06:15:22,619.7329,18.2
2011-06-23 06:30:22,972.5448,17.3729
2011-06-23 06:45:24,1197.7061,25.8103
2011-06-23 07:00:24,1296.5122,31.1311
2011-06-23 07:30:25,1180.8116,25.5333
2011-06-23 07:45:25,2811.7004,67.3
2011-06-23 08:00:25,4636.6701,116.9667
2011-06-23 08:15:25,6763.4412,167.541
2011-06-23 08:30:25,7264.9598,176.7288
2011-06-23 08:45:24,7920.8816,192.7333
2011-06-23 09:00:24,8413.6125,203.8475
2011-06-23 09:15:24,7396.1411,176.5763
2011-06-23 09:30:24,8088.1437,195.1475
2011-06-23 09:45:25,9230.5341,225.8644
2011-06-23 10:00:25,9186.6892,219.4
2011-06-23 10:15:25,10258.0946,242.661
2011-06-23 10:30:25,15980.4162,388.9333
2011-06-23 10:45:25,16454.7234,396.2241
2011-06-23 11:00:26,28723.234,682.8
2011-06-23 11:15:26,23791.5869,555.931
2011-06-23 11:30:26,16242.8009,379.4
2011-06-23 11:45:25,20179.471,471.45
2011-06-23 12:00:26,20028.5231,464.0167
2011-06-23 12:15:26,21164.694,498.678
2011-06-23 12:30:26,21421.4877,498.2295
2011-06-23 12:45:26,29815.924,681.0678
2011-06-23 13:00:27,22620.048,534.05
2011-06-23 13:15:27,17659.693,425.2542
2011-06-23 13:30:27,15467.6386,375.1833
2011-06-23 13:45:27,18463.4377,433.2
2011-06-23 14:00:27,22780.188,523.3684
2011-06-23 14:15:27,27308.4091,620.5333
2011-06-23 14:30:27,14870.945,347.2167
2011-06-23 14:45:28,16285.3157,382.4576
2011-06-23 15:00:29,19314.3609,445.6
2011-06-23 15:15:29,20990.8533,473.9167
2011-06-23 15:30:29,12543.7634,282.75
2011-06-23 16:00:29,9320.2801,214.0339
2011-06-23 16:15:29,8700.7523,201.9
2011-06-23 16:30:29,9943.308,233.1
2011-06-23 16:45:29,8909.5887,205.9661
2011-06-23 17:00:29,9580.4211,220.0169
2011-06-23 17:15:29,11532.9167,261.4576
2011-06-23 17:30:29,11320.9301,257.4237
2011-06-23 17:45:29,10419.2093,235.2333
2011-06-23 18:00:29,11248.7322,253.2373
2011-06-23 18:15:30,7608.2228,174.75
2011-06-23 18:30:30,6293.9217,143.2833
2011-06-23 18:45:31,5220.5935,120.5254
2011-06-23 19:00:31,4834.9813,108.7667
2011-06-23 19:15:31,3625.3524,82.55
2011-06-23 19:30:31,2707.56,61.2833
2011-06-23 19:45:31,1970.7522,43.6667
2011-06-23 20:00:31,1315.4551,26.4746
2011-06-23 20:15:31,1239.3212,22.2167
2011-06-23 20:30:31,550.1463,8.05
2011-06-23 20:45:31,96.2247,0.8
2011-06-24 06:00:29,0.0,1.3103
2011-06-24 06:15:29,512.5355,10.5833
2011-06-24 06:30:30,676.1883,16.3571
2011-06-24 06:45:31,1095.3268,28.3607
2011-06-24 07:00:31,1617.8071,41.0
2011-06-24 07:15:31,3033.4611,71.4
2011-06-24 07:30:31,3475.1021,90.1864
2011-06-24 07:45:32,5605.2868,139.45
2011-06-24 08:00:32,6761.7961,162.3167
2011-06-24 08:15:33,7247.2704,167.25
2011-06-24 08:30:33,7257.9353,177.2
2011-06-24 08:45:33,6658.3281,164.3667
2011-06-24 09:00:33,6956.5925,173.2667
2011-06-24 09:15:33,4397.33,179.3
2011-06-24 09:30:33,6672.9703,442.7288
2011-06-24 09:45:33,10623.3508,496.4833
2011-06-24 10:00:33,13604.5463,542.7627
2011-06-24 10:15:33,16391.232,558.45
2011-06-24 10:30:33,21076.7704,630.7288
2011-06-24 10:45:33,27065.5354,712.15
2011-06-24 11:00:33,24448.8566,564.2
2011-06-24 11:15:32,23062.569,505.9322
2011-06-24 11:30:32,31384.4981,685.7
2011-06-24 11:45:32,26868.3259,590.5254
2011-06-24 12:00:32,31001.6961,682.7797
2011-06-24 12:15:32,20946.6535,467.2
2011-06-24 12:30:32,37752.3019,828.9667
2011-06-24 12:45:32,31334.3174,729.5
2011-06-24 13:00:33,27559.4799,618.2203
2011-06-24 13:15:33,17950.9892,413.7
2011-06-24 13:30:33,7840.8289,175.2712
2011-06-24 13:45:33,5147.9194,114.25
2011-06-24 14:00:33,4787.8106,113.0169
2011-06-24 14:15:33,37634.8364,824.7966
2011-06-24 14:30:33,29076.0462,675.05
2011-06-24 14:45:33,12658.9012,311.7458
2011-06-24 15:00:33,11461.103,269.7667
2011-06-24 15:15:33,29565.9826,665.0333
2011-06-24 15:30:33,39480.1165,854.6
2011-06-24 15:45:33,12137.123,274.7627
2011-06-24 16:00:33,32415.745,688.1167
2011-06-24 16:15:33,33400.511,711.0847
2011-06-24 16:30:33,31829.5308,677.1
2011-06-24 16:45:33,27695.3248,602.6333
2011-06-24 17:00:33,30732.3114,651.0
2011-06-24 17:15:33,27464.7638,589.1667
2011-06-24 17:30:33,26688.6441,575.0508
2011-06-24 17:45:33,22616.9703,490.2542
2011-06-24 18:00:33,20344.0527,443.8167
2011-06-24 18:15:33,18144.9783,389.0667
2011-06-24 18:30:33,14795.7181,319.9833
2011-06-24 18:45:33,11850.9561,247.7458
2011-06-24 19:00:33,9683.3496,165.0667
2011-06-24 19:15:33,7999.5854,66.7119
2011-06-24 19:30:33,3340.8738,59.5333
2011-06-24 19:45:34,2677.3216,40.1667
2011-06-24 20:00:34,996.0317,24.0833
2011-06-24 20:15:34,619.5611,14.2
2011-06-24 20:30:34,205.6872,6.1695
2011-06-24 20:45:34,0.0,1.0164
2011-06-24 21:00:34,0.0,0.7222
2011-06-25 05:45:32,0.0,1.0465
2011-06-25 06:00:32,0.0,4.3667
2011-06-25 06:15:32,598.5864,15.6897
2011-06-25 06:30:32,1305.2029,29.3833
2011-06-25 06:45:31,1835.8477,43.1667
2011-06-25 07:00:31,2455.3864,56.9831
2011-06-25 07:15:31,3168.7387,75.3667
2011-06-25 07:30:31,3722.677,89.6066
2011-06-25 07:45:31,4661.6645,110.8136
2011-06-25 08:00:31,5264.8932,129.7333
2011-06-25 08:15:31,5284.8716,139.4915
2011-06-25 08:30:31,3515.797,95.45
2011-06-25 08:45:33,2546.5606,64.1695
2011-06-25 09:00:33,3685.2151,86.9333
2011-06-25 09:15:33,4524.9985,188.8136
2011-06-25 09:30:33,6036.4233,453.35
2011-06-25 09:45:33,10250.0136,511.4068
2011-06-25 10:00:33,13429.8454,556.8644
2011-06-25 10:15:33,17605.5241,610.3898
2011-06-25 10:30:34,21741.0781,635.4167
2011-06-25 10:45:33,17309.7956,442.2712
2011-06-25 11:00:33,25093.5733,577.2833
2011-06-25 11:15:33,22369.0502,508.1864
2011-06-25 11:30:33,24590.7364,538.2881
2011-06-25 11:45:34,10323.2661,235.9322
2011-06-25 12:00:34,9605.1938,205.3667
2011-06-25 12:15:34,25175.928,582.5932
2011-06-25 12:30:35,23117.0999,522.3
2011-06-25 12:45:34,20130.4796,449.1695
2011-06-25 13:00:34,15604.7898,344.8305
2011-06-25 13:15:34,14005.162,317.5085
2011-06-25 13:30:34,22753.6079,515.0339
2011-06-25 13:45:35,15497.8577,343.6333
2011-06-25 14:00:35,34694.2582,775.0678
2011-06-25 14:15:34,25722.9643,603.0169
2011-06-25 14:30:35,10184.3466,234.6333
2011-06-25 14:45:35,10465.3279,238.9138
2011-06-25 15:00:35,10872.1183,250.9333
2011-06-25 15:15:36,22858.2921,499.8814
2011-06-25 15:30:35,9790.0017,219.2881
2011-06-25 15:45:35,17873.3032,382.4
2011-06-25 16:00:35,28708.7848,627.0169
2011-06-25 16:15:36,26308.5557,567.0333
2011-06-25 16:30:36,30480.6575,647.541
2011-06-25 16:45:37,24554.4244,520.4915
2011-06-25 17:00:37,15181.6739,328.5424
2011-06-25 17:15:37,10625.6343,234.7797
2011-06-25 17:30:37,11107.4357,255.4
2011-06-25 17:45:37,5273.2412,121.6441
2011-06-25 18:00:37,6208.2952,141.0
2011-06-25 18:15:37,7070.9423,163.7797
2011-06-25 18:30:37,5628.6471,132.9
2011-06-25 18:45:37,4159.5981,97.931
2011-06-25 19:00:37,3485.4849,79.25
2011-06-25 19:15:37,3764.9078,79.2667
2011-06-25 19:30:37,2972.532,60.0339
2011-06-25 19:45:37,1874.8506,37.4833
2011-06-25 20:00:37,1317.1138,25.4407
2011-06-25 20:15:37,643.3082,11.6167
2011-06-25 20:30:37,129.5554,3.1167
2011-06-25 20:45:37,0.0,0.551
2011-06-26 05:45:36,0.0,1.0926
2011-06-26 06:00:36,91.2826,5.3051
2011-06-26 06:15:36,620.75,13.9833
2011-06-26 06:30:37,917.969,23.0678
2011-06-26 06:45:38,1188.8908,30.4
2011-06-26 07:00:38,1410.5992,36.55
2011-06-26 07:15:38,1812.7318,46.4407
2011-06-26 07:30:38,2124.2504,54.623
2011-06-26 07:45:37,2928.4481,76.2542
2011-06-26 08:00:37,3493.9541,88.25
2011-06-26 08:15:38,3807.1702,93.7931
2011-06-26 08:30:38,3987.279,97.2333
2011-06-26 08:45:38,4071.5412,98.9833
2011-06-26 09:00:39,4298.5321,103.8814
2011-06-26 09:15:39,4819.7437,172.3333
2011-06-26 09:30:39,7017.2508,446.4915
2011-06-26 09:45:41,11122.3421,513.7833
2011-06-26 10:00:41,14152.2417,555.5085
2011-06-26 10:15:40,17246.2261,589.1695
2011-06-26 10:30:40,22111.1096,661.2712
2011-06-26 10:45:39,26561.8149,695.5
2011-06-26 11:00:39,25803.2474,588.2203
2011-06-26 11:15:39,36035.6936,772.9833
2011-06-26 11:30:39,30541.535,645.4576
2011-06-26 11:45:40,30138.0011,653.9
2011-06-26 12:00:40,24467.954,545.7667
2011-06-26 12:15:41,22379.0062,502.5763
2011-06-26 12:30:41,14547.4747,315.4407
2011-06-26 12:45:41,32495.9563,697.3729
2011-06-26 13:00:41,25865.8097,568.7797
2011-06-26 13:15:41,27868.7486,606.661
2011-06-26 13:30:41,12490.7504,275.322
2011-06-26 13:45:40,14733.7797,318.0847
2011-06-26 14:00:40,30260.3048,658.8644
2011-06-26 14:15:40,41854.6849,918.1167
2011-06-26 14:30:40,32415.6549,712.1017
2011-06-26 14:45:41,42316.8283,918.9153
2011-06-26 15:00:41,25715.3116,576.0169
2011-06-26 15:15:41,43701.0537,944.2712
2011-06-26 15:30:41,25903.8531,562.2373
2011-06-26 15:45:42,26133.3414,568.7119
2011-06-26 16:00:42,8506.2645,189.7797
2011-06-26 16:15:42,11415.4699,251.7458
2011-06-26 16:30:42,14408.1632,317.5763
2011-06-26 16:45:41,21221.7025,471.0
2011-06-26 17:00:41,13374.776,309.0
2011-06-26 17:15:42,9869.6356,234.3559
2011-06-26 17:30:42,9189.5825,215.3729
2011-06-26 17:45:43,7042.6442,164.2542
2011-06-26 18:00:43,6030.398,140.1186
2011-06-26 18:15:43,4623.821,109.3898
2011-06-26 18:30:43,2443.85,54.55
2011-06-26 18:45:42,2326.1597,52.8305
2011-06-26 19:00:42,1812.055,42.2787
2011-06-26 19:15:42,1303.2886,29.7119
2011-06-26 19:30:43,1189.2324,26.8475
2011-06-26 19:45:43,999.8796,21.3
2011-06-26 20:00:43,389.2597,7.9
2011-06-26 20:15:43,23.9552,2.0339
2011-06-26 20:30:42,0.0,0.0678
2011-06-26 20:45:42,0.0,0.1818
2011-06-27 06:00:40,0.0,0.9677
2011-06-27 06:15:40,0.0,0.9833
2011-06-27 06:30:40,0.0,1.2034
2011-06-27 06:45:42,1.0661,6.6667
2011-06-27 07:00:42,688.6094,17.4667
2011-06-27 07:15:42,1536.0817,36.678
2011-06-27 07:30:42,1511.2227,35.4
2011-06-27 07:45:41,2506.6664,59.339
2011-06-27 08:00:41,3469.8426,87.6102
2011-06-27 08:15:41,3512.5152,81.0339
2011-06-27 08:30:42,4796.7795,112.3729
2011-06-27 08:45:42,7519.9876,191.7627
2011-06-27 09:00:42,9546.1602,236.7627
2011-06-27 09:15:41,9517.4202,243.678
2011-06-27 09:30:41,8671.4418,346.2542
2011-06-27 09:45:44,12312.1549,495.0169
2011-06-27 10:00:44,16657.6849,518.2712
2011-06-27 10:15:44,13458.6981,332.6441
2011-06-27 10:30:44,9923.9659,224.7627
2011-06-27 10:45:43,6235.5045,150.339
2011-06-27 11:00:43,4695.1903,117.661
2011-06-27 11:15:43,3704.9913,94.4655
2011-06-27 11:30:43,3603.8421,92.3167
2011-06-27 11:45:43,7943.9096,199.3276
2011-06-27 12:00:44,10760.6535,262.6441
2011-06-27 12:15:44,16749.2105,404.5862
2011-06-27 12:30:44,13818.1924,331.4483
2011-06-27 12:45:45,19477.5532,452.7
2011-06-27 13:00:45,32168.769,732.9655
2011-06-27 13:15:45,24544.6122,563.9167
2011-06-27 13:30:45,19680.2562,460.7759
2011-06-27 13:45:44,15170.2717,357.322
2011-06-27 14:00:44,9600.9532,227.7241
2011-06-27 14:15:44,14331.3758,325.4407
2011-06-27 14:30:44,15018.5581,349.3898
2011-06-27 14:45:45,7596.891,179.05
2011-06-27 15:00:45,7404.8711,173.0517
2011-06-27 15:15:45,11967.5981,274.7458
2011-06-27 15:30:45,7501.3925,181.0169
2011-06-27 15:45:45,9461.5927,223.3898
2011-06-27 16:00:45,24178.5341,544.35
2011-06-27 16:15:45,19378.5933,431.9831
2011-06-27 16:30:46,15356.8193,355.8793
2011-06-27 16:45:45,22090.5207,479.2759
2011-06-27 17:00:44,27820.3835,593.5763
2011-06-27 17:15:44,21616.8866,474.3793
2011-06-27 17:30:44,19864.8172,435.8305
2011-06-27 17:45:45,18652.5766,404.1207
2011-06-27 18:00:45,15004.1805,330.1017
2011-06-27 18:15:45,8396.8165,194.9483
2011-06-27 18:30:45,8905.2083,198.4915
2011-06-27 18:45:45,6619.5679,154.9831
2011-06-27 19:00:45,4891.4884,118.7414
2011-06-27 19:15:45,4560.7717,106.7627
2011-06-27 19:30:46,3174.1803,75.7627
2011-06-27 19:45:45,2182.855,50.8448
2011-06-27 20:00:45,1383.1008,30.05
2011-06-27 20:15:45,1144.2084,22.9138
2011-06-27 20:30:45,471.5858,8.6271
2011-06-27 20:45:47,0.0,0.8627
2011-06-28 05:45:44,0.0,1.1515
2011-06-28 06:00:44,0.0,2.623
2011-06-28 06:15:44,701.0594,16.0345
2011-06-28 06:30:44,1884.2803,32.9828
2011-06-28 06:45:44,1012.1181,24.1356
2011-06-28 07:00:44,1942.7799,50.7966
2011-06-28 07:15:44,4732.0699,107.339
2011-06-28 07:30:44,2019.2423,50.069
2011-06-28 07:45:45,3806.6531,92.9831
2011-06-28 08:00:45,7127.8338,166.9831
2011-06-28 08:15:45,6569.2905,151.9138
2011-06-28 08:30:45,4081.753,96.0508
2011-06-28 08:45:45,4143.858,100.4828
2011-06-28 09:00:45,5200.0847,121.9661
2011-06-28 09:15:45,8355.5907,211.0847
2011-06-28 09:30:45,9476.0733,236.7069
2011-06-28 09:45:46,14936.5047,472.8136
2011-06-28 10:00:46,16334.2763,476.8276
2011-06-28 10:15:46,16326.9176,509.2931
2011-06-28 10:30:46,21371.9163,646.2759
2011-06-28 10:45:45,25483.9793,701.8103
2011-06-28 11:00:45,30298.87,736.1017
2011-06-28 11:15:46,35014.42,773.339
2011-06-28 11:30:46,36981.9645,804.7931
2011-06-28 11:45:46,37197.1615,818.7966
2011-06-28 12:00:46,38508.9402,848.2931
2011-06-28 12:15:46,38985.7814,872.678
2011-06-28 12:30:46,39116.2422,885.8983
2011-06-28 12:45:48,39365.3638,901.1186
2011-06-28 13:00:48,39940.0425,916.15
2011-06-28 13:15:48,40228.4945,947.8167
2011-06-28 13:30:48,42323.183,991.8983
2011-06-28 13:45:47,22915.0493,533.931
2011-06-28 14:00:46,25454.667,568.9655
2011-06-28 14:15:46,10545.5074,249.0678
2011-06-28 14:30:46,29973.0109,670.6667
2011-06-28 14:45:46,21425.6041,471.3051
2011-06-28 15:00:46,32505.5823,705.0877
2011-06-28 15:15:46,34509.9174,770.2069
2011-06-28 15:30:46,31231.9328,683.9322
2011-06-28 15:45:48,23170.1607,515.6034
2011-06-28 16:00:47,29393.8646,615.2034
2011-06-28 16:15:47,24466.5482,532.8136
2011-06-28 16:30:47,24476.5026,511.9655
2011-06-28 16:45:46,13849.6578,314.5
2011-06-28 17:00:46,9606.7873,233.1207
2011-06-28 17:15:46,13257.4297,305.1207
2011-06-28 17:30:46,16556.6198,348.0508
2011-06-28 17:45:47,10212.489,236.569
2011-06-28 18:00:47,13053.6907,288.5172
2011-06-28 18:15:48,14061.5981,289.4576
2011-06-28 18:30:48,12327.9697,256.1034
2011-06-28 18:45:48,6230.7083,140.1379
2011-06-28 19:00:48,2508.9589,62.2542
2011-06-28 19:15:48,1288.8749,31.431
2011-06-28 19:30:48,906.9857,20.9828
2011-06-28 19:45:47,249.4223,7.1017
2011-06-28 20:00:47,0.0,0.2759
2011-06-28 20:15:47,0.0,0.2564
2011-06-28 20:45:48,0.0,0.7037
2011-06-28 21:00:48,0.0,0.75
2011-06-29 05:45:45,0.0,1.0
2011-06-29 06:00:45,0.0,2.1167
2011-06-29 06:15:45,103.0228,9.5172
2011-06-29 06:30:45,751.3253,17.5517
2011-06-29 06:45:45,1066.9152,24.5789
2011-06-29 07:00:45,1375.9553,31.7586
2011-06-29 07:15:45,1601.1611,37.1017
2011-06-29 07:30:45,1741.7464,40.9828
2011-06-29 07:45:45,1800.4424,44.1864
2011-06-29 08:00:45,1905.4437,47.5862
2011-06-29 08:15:46,1982.1831,49.569
2011-06-29 08:30:46,2039.1566,50.5517
2011-06-29 08:45:46,2173.6178,53.2712
2011-06-29 09:00:46,2290.5198,55.1379
2011-06-29 09:15:46,3145.5621,116.8621
2011-06-29 09:30:46,5700.3063,466.9153
2011-06-29 09:45:46,10190.4391,531.3729
2011-06-29 10:00:46,13305.5413,579.8644
2011-06-29 10:15:46,17020.2044,628.9833
2011-06-29 10:30:46,21299.3147,667.8136
2011-06-29 10:45:46,26225.1484,710.6207
2011-06-29 11:00:46,31970.644,750.3966
2011-06-29 11:15:46,37493.6842,789.3966
2011-06-29 11:30:46,40006.4131,826.2414
2011-06-29 11:45:46,41567.3781,861.7966
2011-06-29 12:00:46,42336.9894,886.386
2011-06-29 12:15:46,42932.7282,907.0339
2011-06-29 12:30:46,43659.9042,925.3051
2011-06-29 12:45:46,44183.3689,942.6379
2011-06-29 13:00:46,44925.4695,957.2414
2011-06-29 13:15:46,45037.1457,966.0517
2011-06-29 13:30:46,44846.16,968.2881
2011-06-29 13:45:46,44945.8262,969.5
2011-06-29 14:00:46,44890.8644,969.9153
2011-06-29 14:15:46,43980.9116,956.8103
2011-06-29 14:30:46,43192.787,940.1724
2011-06-29 14:45:46,43143.4554,929.6379
2011-06-29 15:00:46,42866.2938,917.8475
2011-06-29 15:15:48,41733.35,898.0175
2011-06-29 15:30:48,41000.2818,876.0877
2011-06-29 15:45:48,39446.4252,844.7586
2011-06-29 16:00:48,37668.3178,805.7586
2011-06-29 16:15:48,36009.1333,768.4912
2011-06-29 16:30:48,34262.5913,733.5862
2011-06-29 16:45:48,32409.0997,692.3793
2011-06-29 17:00:48,29983.8611,644.8448
2011-06-29 17:15:48,27281.0288,595.5517
2011-06-29 17:30:48,25193.9287,546.7544
2011-06-29 17:45:48,22823.4233,499.6667
2011-06-29 18:00:48,20193.6791,439.0172
2011-06-29 18:15:48,18402.3087,394.9655
2011-06-29 18:30:49,15402.0095,329.5172
2011-06-29 18:45:50,8206.0103,178.6667
2011-06-29 19:00:51,7382.8347,158.8966
2011-06-29 19:15:54,3183.7792,62.931
2011-06-29 19:30:55,2975.7642,64.8103
2011-06-29 19:45:54,2446.5277,48.5862
2011-06-29 20:00:54,1454.2673,34.1379
2011-06-29 20:15:55,946.5506,19.931
2011-06-29 20:30:57,376.6782,7.0
2011-06-29 20:45:57,0.0,0.3571
2011-06-29 21:00:57,0.0,0.05
2011-06-30 05:45:56,0.0,1.0889
2011-06-30 06:00:55,24.5463,4.5167
2011-06-30 06:15:55,500.0942,12.5088
2011-06-30 06:30:58,777.2795,19.4828
2011-06-30 06:45:58,1001.8329,24.95
2011-06-30 07:00:58,1185.4863,29.6
2011-06-30 07:15:58,1347.2202,33.8
2011-06-30 07:30:59,1476.4555,36.9138
2011-06-30 07:45:58,1599.6806,40.0526
2011-06-30 08:00:59,1726.015,43.0862
2011-06-30 08:15:00,1832.0129,45.7222
2011-06-30 08:30:00,1924.1193,47.8621
2011-06-30 08:45:02,2073.4623,51.1207
2011-06-30 09:00:02,2254.7579,54.7241
2011-06-30 09:15:03,3058.1183,97.2982
2011-06-30 09:30:03,5347.0302,451.4915
2011-06-30 09:45:04,10089.9426,521.4737
2011-06-30 10:00:04,13043.3946,566.193
2011-06-30 10:15:04,16453.8936,610.1552
2011-06-30 10:30:04,20905.6094,655.1207
2011-06-30 10:45:06,25409.1612,694.3103
2011-06-30 11:00:06,31175.3635,732.3509
2011-06-30 11:15:07,36966.8531,787.431
2011-06-30 11:30:09,36952.3495,780.9483
2011-06-30 11:45:10,37167.407,789.9828
2011-06-30 12:00:10,41058.5049,869.8644
2011-06-30 12:15:10,42019.2163,904.2982
2011-06-30 12:30:11,42826.1323,920.3103
2011-06-30 12:45:12,43557.7491,936.7966
2011-06-30 13:00:14,43467.0132,954.8596
2011-06-30 13:15:14,43748.4938,961.1379
2011-06-30 13:30:15,43571.1994,968.4655
2011-06-30 13:45:15,43077.6071,954.1552
2011-06-30 14:00:15,43049.8921,952.2241
2011-06-30 14:15:17,42618.1305,942.5965
2011-06-30 14:30:17,42351.9586,931.9661
2011-06-30 14:45:17,42187.2564,931.4912
2011-06-30 15:00:19,41316.2258,908.5424
2011-06-30 15:15:19,40955.4572,892.4737
2011-06-30 15:30:20,40220.127,869.4483
2011-06-30 15:45:22,38821.2465,838.0172
2011-06-30 16:00:22,37259.945,800.6207
2011-06-30 16:15:23,36373.1026,775.2069
2011-06-30 16:30:23,34483.9458,734.4828
2011-06-30 16:45:25,32614.1289,693.2632
2011-06-30 17:00:26,30282.8346,649.1754
2011-06-30 17:15:27,27940.7943,604.1053
2011-06-30 17:30:32,25534.0084,551.9483
2011-06-30 17:45:33,22448.8803,490.2586
2011-06-30 18:00:33,20010.9287,433.431
2011-06-30 18:15:33,18233.8644,391.2982
2011-06-30 18:30:34,13771.3856,295.1053
2011-06-30 18:45:35,6196.6729,139.431
2011-06-30 19:00:35,5984.2002,110.0
2011-06-30 19:15:37,8308.7083,94.6034
2011-06-30 19:30:38,5943.1739,78.3966
2011-06-30 19:45:38,3771.9057,59.4483
2011-06-30 20:00:38,1786.3615,38.4833
2011-06-30 20:15:38,1113.7634,23.0333
2011-06-30 20:30:38,560.7633,9.9322
2011-06-30 20:45:41,7.763,1.3621
2011-06-30 21:00:42,0.0,0.9643
2011-07-01 05:45:47,0.0,1.05
2011-07-01 06:00:47,0.0,3.4667
2011-07-01 06:15:48,424.3491,11.569
2011-07-01 06:30:49,774.1175,19.6552
2011-07-01 06:45:52,1033.0729,26.4828
2011-07-01 07:00:52,1262.1329,32.1404
2011-07-01 07:15:54,1437.1632,37.0517
2011-07-01 07:30:54,1594.7635,40.7069
2011-07-01 07:45:57,1744.9532,44.2807
2011-07-01 08:00:57,1871.0267,47.5862
2011-07-01 08:15:59,1990.1771,50.6897
2011-07-01 08:30:00,2097.2893,52.8302
2011-07-01 08:45:00,2196.4572,54.3276
2011-07-01 09:00:02,2341.1387,57.1404
2011-07-01 09:15:02,3125.8122,91.0345
2011-07-01 09:30:05,5517.4553,445.1034
2011-07-01 09:45:07,9946.8765,511.0877
2011-07-01 10:00:10,12926.5202,558.5763
2011-07-01 10:15:11,16420.0984,607.7018
2011-07-01 10:30:12,20738.9473,649.2586
2011-07-01 10:45:15,25204.3235,686.1034
2011-07-01 11:00:17,30341.8885,716.431
2011-07-01 11:15:18,35308.2499,754.193
2011-07-01 11:30:18,37438.1884,789.9649
2011-07-01 11:45:19,39267.2621,831.8448
2011-07-01 12:00:23,40003.6298,862.8246
2011-07-01 12:15:25,40127.6713,875.8246
2011-07-01 12:30:27,40391.1823,893.5273
2011-07-01 12:45:29,40945.7632,909.8103
2011-07-01 13:00:29,42072.5629,919.5789
2011-07-01 13:15:33,41057.0475,927.1579
2011-07-01 13:30:35,40809.2408,922.6724
2011-07-01 13:45:36,40512.5642,922.6842
2011-07-01 14:00:37,41576.1657,944.5965
2011-07-01 14:15:37,40941.5034,918.7069
2011-07-01 14:30:37,40864.3604,919.614
2011-07-01 14:45:37,39661.808,897.2807
2011-07-01 15:00:39,39089.7801,882.4386
2011-07-01 15:15:40,39095.5993,866.1579
2011-07-01 15:30:41,38245.7154,846.4138
2011-07-01 15:45:43,37522.6172,824.6207
2011-07-01 16:00:44,36640.9503,790.1053
2011-07-01 16:15:44,35439.2263,756.3276
2011-07-01 16:30:44,33363.4547,717.7018
2011-07-01 16:45:45,31807.7424,677.9828
2011-07-01 17:00:46,29629.0591,631.5593
2011-07-01 17:15:46,27182.1805,586.3833
2011-07-01 17:30:46,24818.9688,536.1186
2011-07-01 17:45:48,22083.2865,478.3966
2011-07-01 18:00:52,19594.6868,425.0351
2011-07-01 18:15:52,17576.2097,376.6842
2011-07-01 18:30:55,14879.0283,316.9655
2011-07-01 18:45:57,12111.7334,256.5614
2011-07-01 19:00:58,9403.5101,175.5357
2011-07-01 19:15:02,7064.3844,58.4259
2011-07-01 19:30:07,4914.5891,51.1579
2011-07-01 19:45:08,2811.8724,43.7241
2011-07-01 20:00:11,1369.459,32.9825
2011-07-01 20:15:14,906.8078,20.2632
2011-07-01 20:30:14,294.6329,6.931
2011-07-01 20:45:17,0.0,0.75
2011-07-02 05:45:23,0.0,1.3
2011-07-02 06:00:23,32.3478,3.85
2011-07-02 06:15:28,566.2628,12.4828
2011-07-02 06:30:28,843.5993,19.6667
2011-07-02 06:45:28,1091.6913,26.1071
2011-07-02 07:00:29,1309.3955,32.1071
2011-07-02 07:15:30,1468.6492,36.8448
2011-07-02 07:30:31,1622.7784,40.8772
2011-07-02 07:45:33,1785.3088,45.2982
2011-07-02 08:00:36,1931.7746,49.1404
2011-07-02 08:15:36,2140.7354,54.5
2011-07-02 08:30:37,2355.3176,59.4912
2011-07-02 08:45:37,2670.2552,66.6667
2011-07-02 09:00:39,3375.1675,84.8103
2011-07-02 09:15:40,4632.8091,138.7368
2011-07-02 09:30:40,6813.8193,430.193
2011-07-02 09:45:43,10794.4782,514.4828
2011-07-02 10:00:45,13245.1139,538.4211
2011-07-02 10:15:45,16836.1197,592.2807
2011-07-02 10:30:46,20864.7918,637.6316
2011-07-02 10:45:47,24814.7621,656.5263
2011-07-02 11:00:48,30134.6612,703.4643
2011-07-02 11:15:48,34571.564,737.2759
2011-07-02 11:30:48,35451.8846,753.1228
2011-07-02 11:45:49,35847.627,766.3393
2011-07-02 12:00:50,37941.2574,820.2586
2011-07-02 12:15:50,38362.1902,839.7586
2011-07-02 12:30:51,39250.7273,862.614
2011-07-02 12:45:52,39526.3849,871.9825
2011-07-02 13:00:52,39983.1037,885.1053
2011-07-02 13:15:53,41233.3595,907.0345
2011-07-02 13:30:56,38990.0705,877.5088
2011-07-02 13:45:59,40364.7473,915.1053
2011-07-02 14:00:59,40370.8928,919.6667
2011-07-02 14:15:59,39777.1006,902.0678
2011-07-02 14:30:00,40117.4492,911.1964
2011-07-02 14:45:05,39757.7665,890.1034
2011-07-02 15:00:06,39171.8333,873.0702
2011-07-02 15:15:06,37843.9,846.7368
2011-07-02 15:30:06,37185.8939,820.8246
2011-07-02 15:45:08,35685.0434,775.5263
2011-07-02 16:00:09,34042.2214,739.7544
2011-07-02 16:15:09,27874.1525,595.7544
2011-07-02 16:30:10,32791.9701,688.4909
2011-07-02 16:45:11,30436.8325,636.9643
2011-07-02 17:00:11,28240.8257,589.8421
2011-07-02 17:15:11,26115.9809,551.4561
2011-07-02 17:30:12,22388.0458,472.4211
2011-07-02 17:45:13,11856.9653,268.6
2011-07-02 18:00:14,8762.1694,195.2321
2011-07-02 18:15:14,7818.3325,173.6316
2011-07-02 18:30:15,8978.5099,199.614
2011-07-02 18:45:18,6734.2793,150.2456
2011-07-02 19:00:18,6841.3348,130.9643
2011-07-02 19:15:18,5701.3911,79.7895
2011-07-02 19:30:21,3674.1842,66.3333
2011-07-02 19:45:23,1665.4985,36.9825
2011-07-02 20:00:26,1164.6684,24.9123
2011-07-02 20:15:26,591.5752,11.4035
2011-07-02 20:30:27,74.6975,2.0893
2011-07-02 20:45:27,0.0,0.3182
2011-07-03 06:30:33,0.0,1.7
2011-07-03 06:45:34,402.2931,12.5439
2011-07-03 07:00:35,1434.5631,34.193
2011-07-03 07:15:37,2768.5071,70.2281
2011-07-03 07:30:39,4008.7504,100.0862
2011-07-03 07:45:40,4440.9867,112.4912
2011-07-03 08:00:41,5273.7935,127.4464
2011-07-03 08:15:41,3909.0327,96.3509
2011-07-03 08:30:44,6386.3807,164.0877
2011-07-03 08:45:46,8346.8227,209.2679
2011-07-03 09:00:46,9247.0602,226.125
2011-07-03 09:15:47,9204.9609,239.5439
2011-07-03 09:30:48,10234.3059,424.4211
2011-07-03 09:45:48,13426.2868,454.4464
2011-07-03 10:00:49,15919.319,459.3214
2011-07-03 10:15:50,16530.2065,434.7018
2011-07-03 10:30:51,18496.4495,482.9123
2011-07-03 10:45:54,25064.8684,626.0364
2011-07-03 11:00:54,25282.5398,584.0333
2011-07-03 11:15:55,32914.1795,719.8644
2011-07-03 11:30:55,20778.8597,476.3621
2011-07-03 11:45:57,31709.7693,696.1429
2011-07-03 12:00:58,33842.4558,745.0175
2011-07-03 12:15:58,39506.2797,884.0351
2011-07-03 12:30:59,32877.6081,749.4035
2011-07-03 12:45:58,33098.8955,722.2982
2011-07-03 13:00:59,24335.3199,561.8421
2011-07-03 13:15:01,36732.2705,814.9811
2011-07-03 13:30:02,37450.0407,830.5
2011-07-03 13:45:04,38764.1051,860.7018
2011-07-03 14:00:06,39122.6618,878.0351
2011-07-03 14:15:08,23651.7083,564.7018
2011-07-03 14:30:10,25161.4852,557.6545
2011-07-03 14:45:11,23564.6847,529.7895
2011-07-03 15:00:12,12897.7481,306.3571
2011-07-03 15:15:15,19851.7195,456.2982
2011-07-03 15:30:16,29715.8354,656.625
2011-07-03 15:45:17,37304.2739,804.0351
2011-07-03 16:00:17,31123.1465,684.9298
2011-07-03 16:15:19,34501.5797,736.0175
2011-07-03 16:30:20,32952.2504,703.386
2011-07-03 16:45:22,29874.5084,636.1429
2011-07-03 17:00:24,27329.875,591.4727
2011-07-03 17:15:26,22025.9467,483.5439
2011-07-03 17:30:29,4076.2018,107.8036
2011-07-03 17:45:30,3846.5027,93.1429
2011-07-03 18:00:30,2409.7158,57.75
2011-07-03 18:15:30,950.2544,22.9649
2011-07-03 18:30:32,99.2585,10.7143
2011-07-03 18:45:32,402.2665,16.5179
2011-07-03 19:00:33,815.9327,23.2982
2011-07-03 19:15:36,1098.088,32.875
2011-07-03 19:30:37,957.0842,28.1207
2011-07-03 19:45:38,869.9523,23.8036
2011-07-03 20:00:39,818.4599,20.5357
2011-07-03 20:15:40,480.3295,11.25
2011-07-03 20:30:43,57.1651,2.3929
2011-07-03 20:45:46,0.0,1.0435
2011-07-04 06:00:53,0.0,2.4915
2011-07-04 06:15:54,0.0,8.7455
2011-07-04 06:30:55,646.5528,19.0714
2011-07-04 06:45:57,1532.6872,37.2909
2011-07-04 07:00:58,2241.404,57.3929
2011-07-04 07:15:58,3015.5473,78.0893
2011-07-04 07:30:00,4157.3021,109.0196
2011-07-04 07:45:59,5830.1061,147.1475
2011-07-04 08:00:59,6741.155,163.3729
2011-07-04 08:15:59,6267.964,151.569
2011-07-04 08:30:59,7727.8008,186.8333
2011-07-04 08:45:00,6698.6679,162.0
2011-07-04 09:00:00,7734.1148,194.8571
2011-07-04 09:15:01,9247.3744,241.7679
2011-07-04 09:30:03,12885.1491,417.6727
2011-07-04 09:45:04,13344.6259,358.6964
2011-07-04 10:00:05,14543.262,378.0536
2011-07-04 10:15:05,15537.1453,382.1429
2011-07-04 10:30:05,16038.7694,379.6429
2011-07-04 10:45:05,19476.8891,457.8545
2011-07-04 11:00:08,19205.2396,440.2679
2011-07-04 11:15:08,17522.1568,401.1636
2011-07-04 11:30:08,15917.4225,366.7321
2011-07-04 11:45:10,18393.0744,420.5536
2011-07-04 12:00:12,17038.8167,393.8545
2011-07-04 12:15:13,15291.1172,347.6964
2011-07-04 12:30:14,15003.9499,343.7818
2011-07-04 12:45:15,15727.0808,359.3704
2011-07-04 13:00:16,15257.0589,343.7818
2011-07-04 13:15:17,16380.4679,372.6727
2011-07-04 13:30:20,19078.3483,433.6364
2011-07-04 13:45:21,19867.6533,445.9643
2011-07-04 14:00:22,24742.9662,548.7321
2011-07-04 14:15:22,25408.7668,560.1607
2011-07-04 14:30:22,25776.8258,567.4545
2011-07-04 14:45:27,22970.56,503.2679
2011-07-04 15:00:27,25846.5187,555.0536
2011-07-04 15:15:27,33627.9975,723.2
2011-07-04 15:30:28,31534.9926,697.6182
2011-07-04 15:45:30,26463.2149,583.6182
2011-07-04 16:00:31,26162.6129,574.3273
2011-07-04 16:15:32,19270.4814,426.2182
2011-07-04 16:30:37,34194.5432,739.9821
2011-07-04 16:45:38,22342.3197,493.1607
2011-07-04 17:00:39,19592.7176,435.9455
2011-07-04 17:15:44,19658.8917,440.9107
2011-07-04 17:30:46,21533.337,466.2545
2011-07-04 17:45:47,8158.1028,193.75
2011-07-04 18:00:48,5252.4198,126.3333
2011-07-04 18:15:54,3937.5571,93.6786
2011-07-04 18:30:54,3606.881,87.0357
2011-07-04 18:45:55,3017.1995,71.5273
2011-07-04 19:00:56,2474.1754,58.4107
2011-07-04 19:15:57,1078.8796,24.0714
2011-07-04 19:30:03,694.9127,14.0577
2011-07-04 19:45:08,327.8667,6.75
2011-07-04 20:00:10,7.826,2.375
2011-07-04 20:15:11,0.0,1.5
2011-07-04 20:30:12,0.0,0.5536
2011-07-04 20:45:11,0.0,1.0
2011-07-05 05:45:14,0.0,1.6571
2011-07-05 06:00:15,0.0,2.9833
2011-07-05 06:15:17,204.4651,10.8909
2011-07-05 06:30:20,864.0534,20.8929
2011-07-05 06:45:20,1261.8317,32.0
2011-07-05 07:00:20,1575.7456,42.0
2011-07-05 07:15:21,1814.7246,49.1964
2011-07-05 07:30:24,2027.5394,55.2679
2011-07-05 07:45:30,2214.7779,60.3455
2011-07-05 08:00:31,2390.1815,65.1818
2011-07-05 08:15:34,2653.5678,72.625
2011-07-05 08:30:37,2845.022,77.8545
2011-07-05 08:45:40,3046.1429,82.6964
2011-07-05 09:00:46,3272.6037,87.9455
2011-07-05 09:15:47,4071.6759,130.125
2011-07-05 09:30:48,6338.106,415.4
2011-07-05 09:45:54,10302.9224,479.9107
2011-07-05 10:00:55,13087.5137,527.537
2011-07-05 10:15:55,16266.1046,568.3393
2011-07-05 10:30:58,20050.154,607.4182
2011-07-05 10:45:00,24326.0459,651.098
2011-07-05 11:00:01,29061.2501,690.25
2011-07-05 11:15:01,32417.0763,697.5714
2011-07-05 11:30:04,34253.8107,729.4545
2011-07-05 11:45:07,36364.3502,791.2679
2011-07-05 12:00:13,36541.3196,802.2321
2011-07-05 12:15:13,38463.4689,862.0727
2011-07-05 12:30:14,37058.8654,830.6786
2011-07-05 12:45:14,31779.0136,709.375
2011-07-05 13:00:15,40667.7009,928.2778
2011-07-05 13:15:20,39644.2211,914.4464
2011-07-05 13:30:24,38609.3063,895.625
2011-07-05 13:45:25,37067.2201,816.5283
2011-07-05 14:00:27,31524.67,699.2727
2011-07-05 14:15:27,40089.1641,904.8571
2011-07-05 14:30:28,24157.1276,537.2182
2011-07-05 14:45:34,39645.6224,888.7895
2011-07-05 15:00:35,39709.5398,900.0556
2011-07-05 15:15:37,37221.2749,857.2727
2011-07-05 15:30:40,27222.3223,614.3091
2011-07-05 15:45:42,37578.0636,813.5536
2011-07-05 16:00:44,36244.4459,786.1818
2011-07-05 16:15:46,35064.8747,761.0179
2011-07-05 16:30:48,9164.5686,217.6481
2011-07-05 16:45:50,15317.5002,329.9444
2011-07-05 17:00:51,30062.9319,624.3455
2011-07-05 17:15:55,26648.2835,578.5741
2011-07-05 17:30:00,24774.8083,538.3922
2011-07-05 17:45:04,22701.648,487.5357
2011-07-05 18:00:10,20450.7988,437.7636
2011-07-05 18:15:10,14623.3453,318.5932
2011-07-05 18:30:10,7229.4281,167.678
2011-07-05 18:45:09,5410.6639,122.7069
2011-07-05 19:00:11,6577.6018,132.7037
2011-07-05 19:15:12,3872.1206,78.8545
2011-07-05 19:30:17,3757.5648,58.75
2011-07-05 19:45:21,2006.2399,39.3091
2011-07-05 20:00:24,1193.6388,27.0893
2011-07-05 20:15:24,1098.7179,21.5
2011-07-05 20:30:28,425.0962,8.4182
2011-07-05 20:45:31,0.0,0.6909
2011-07-05 21:00:32,0.0,0.15
2011-07-06 05:45:43,0.0,0.8049
2011-07-06 06:00:43,0.0,2.7833
2011-07-06 06:15:46,73.4658,9.0357
2011-07-06 06:30:46,928.5883,20.4107
2011-07-06 06:45:46,1076.2504,25.9286
2011-07-06 07:00:48,1301.5305,33.0545
2011-07-06 07:15:51,2029.0687,53.375
2011-07-06 07:30:57,3814.7805,100.8571
2011-07-06 07:45:58,4385.7571,109.1455
2011-07-06 08:00:00,6586.2341,162.3269
2011-07-06 08:15:01,6805.7723,164.4107
2011-07-06 08:30:05,6613.7363,157.9821
2011-07-06 08:45:08,7759.7917,181.0727
2011-07-06 09:00:08,8307.0449,196.6607
2011-07-06 09:15:10,7446.9974,174.9821
2011-07-06 09:30:12,8178.9519,191.5091
2011-07-06 09:45:16,9770.1348,230.5179
2011-07-06 10:00:18,9697.1604,231.3091
2011-07-06 10:15:21,6682.0615,158.6964
2011-07-06 10:30:25,6183.3735,147.0364
2011-07-06 10:45:28,8536.8874,197.3214
2011-07-06 11:00:34,11935.1451,267.2364
2011-07-06 11:15:36,14821.9462,339.2545
2011-07-06 11:30:38,15793.8333,369.8182
2011-07-06 11:45:39,15036.5186,352.4545
2011-07-06 12:00:41,20453.1838,473.875
2011-07-06 12:15:41,21689.7872,482.9818
2011-07-06 12:30:43,41785.3062,897.3455
2011-07-06 12:45:46,38672.1228,844.8571
2011-07-06 13:00:48,22850.896,520.0357
2011-07-06 13:15:50,26961.4018,610.2679
2011-07-06 13:30:52,33730.7149,759.3636
2011-07-06 13:45:57,26065.2164,605.3214
2011-07-06 14:00:59,25785.168,592.1455
2011-07-06 14:15:00,28261.7537,641.9216
2011-07-06 14:30:00,23691.8249,539.3214
2011-07-06 14:45:06,27329.4792,608.7143
2011-07-06 15:00:09,43191.4712,950.3273
2011-07-06 15:15:09,41159.3693,893.85
2011-07-06 15:30:09,39191.2377,852.2333
2011-07-06 15:45:10,37068.6383,813.0847
2011-07-06 16:00:10,18999.1118,433.1852
2011-07-06 16:15:14,20075.7278,427.8929
2011-07-06 16:30:20,25916.497,560.0727
2011-07-06 16:45:24,24389.2673,508.4259
2011-07-06 17:00:28,16959.7457,378.4286
2011-07-06 17:15:30,19971.6122,419.2182
2011-07-06 17:30:32,25981.8067,544.4464
2011-07-06 17:45:32,22715.5242,481.7321
2011-07-06 18:00:36,16497.4416,353.9273
2011-07-06 18:15:36,12708.643,281.9455
2011-07-06 18:30:36,14184.2484,286.6429
2011-07-06 18:45:43,8070.7873,169.2727
2011-07-06 19:00:44,6046.3131,131.0727
2011-07-06 19:15:44,3626.6483,91.8036
2011-07-06 19:30:45,3936.7944,97.5357
2011-07-06 19:45:47,2237.2273,56.6545
2011-07-06 20:00:49,1271.7931,30.7407
2011-07-06 20:15:52,883.1285,19.5273
2011-07-06 20:30:54,252.2855,6.4364
2011-07-06 20:45:54,0.0,0.1923
2011-07-07 05:45:07,0.0,1.0
2011-07-07 06:00:07,0.0,2.5246
2011-07-07 06:15:08,112.753,11.0893
2011-07-07 06:30:09,842.6334,20.8519
2011-07-07 06:45:14,1248.9685,31.5536
2011-07-07 07:00:14,1605.0221,41.9815
2011-07-07 07:15:16,1887.8134,50.2364
2011-07-07 07:30:19,2168.8579,58.0714
2011-07-07 07:45:24,2438.5685,65.8
2011-07-07 08:00:30,2714.2942,74.0893
2011-07-07 08:15:30,3003.0286,83.1852
2011-07-07 08:30:33,3289.3748,91.5714
2011-07-07 08:45:38,3606.9804,100.1455
2011-07-07 09:00:43,3893.9824,107.4909
2011-07-07 09:15:43,4741.4319,160.2727
2011-07-07 09:30:45,6844.5232,392.3455
2011-07-07 09:45:47,10470.2057,463.2857
2011-07-07 10:00:52,13143.4016,513.4909
2011-07-07 10:15:56,16382.3239,558.8393
2011-07-07 10:30:56,19932.8213,596.4727
2011-07-07 10:45:58,24047.5773,631.9273
2011-07-07 11:00:02,28414.2356,664.5882
2011-07-07 11:15:06,32302.6248,696.0
2011-07-07 11:30:09,33952.0578,722.6727
2011-07-07 11:45:15,35539.1383,772.625
2011-07-07 12:00:16,36100.0671,799.3818
2011-07-07 12:15:16,29059.526,672.3333
2011-07-07 12:30:16,38090.887,843.2373
2011-07-07 12:45:16,38335.3545,882.4561
2011-07-07 13:00:27,32200.4639,751.84
2011-07-07 13:15:39,36583.085,847.0
2011-07-07 13:30:39,40901.8959,954.5088
2011-07-07 13:45:50,33692.1788,780.0682
2011-07-07 14:00:52,33077.2958,717.64
2011-07-07 14:15:52,35788.8227,804.6545
2011-07-07 14:30:54,14012.3174,327.566
2011-07-07 14:45:55,34073.4013,720.2679
2011-07-07 15:00:10,24106.0649,516.4524
2011-07-07 15:15:25,8064.2546,190.55
2011-07-07 15:30:26,21516.8488,454.8814
2011-07-07 15:45:37,10239.7255,230.641
2011-07-07 16:00:42,10415.7277,248.5532
2011-07-07 16:15:43,26658.0567,546.5085
2011-07-07 16:30:58,12756.9262,284.8571
2011-07-07 16:45:59,17999.3912,363.4
2011-07-07 17:00:00,17577.4016,370.8393
2011-07-07 17:15:01,16794.685,347.9444
2011-07-07 17:30:02,8748.686,209.4068
2011-07-07 17:45:03,8630.7558,205.1525
2011-07-07 18:00:03,9703.737,207.6102
2011-07-07 18:15:03,4004.5976,93.15
2011-07-07 18:45:04,1077.663,23.9831
2011-07-07 19:00:06,303.9628,7.3333
2011-07-07 19:15:06,0.0,3.25
2011-07-07 19:30:06,0.0,7.0167
2011-07-07 19:45:06,0.0,5.7
2011-07-07 20:00:11,0.0,2.0
2011-07-07 20:30:11,0.0,1.05
2011-07-07 20:45:12,0.0,1.2143
2011-07-08 06:00:09,0.0,2.7857
2011-07-08 06:15:09,694.6201,17.9333
2011-07-08 06:30:09,1203.6214,26.65
2011-07-08 06:45:08,1028.1865,24.7833
2011-07-08 07:00:08,1993.7957,52.4237
2011-07-08 07:15:08,2548.736,67.3729
2011-07-08 07:30:08,3593.0863,90.4333
2011-07-08 07:45:10,3567.7612,97.3
2011-07-08 08:00:13,3787.1181,100.2321
2011-07-08 08:15:13,5812.1767,148.5333
2011-07-08 08:30:13,8757.9541,222.45
2011-07-08 08:45:13,9631.5099,238.2542
2011-07-08 09:00:14,8778.2387,217.0847
2011-07-08 09:15:14,10097.5527,245.2
2011-07-08 09:30:14,10468.1309,269.322
2011-07-08 09:45:14,12345.9171,386.9833
2011-07-08 10:00:14,16047.4621,517.2931
2011-07-08 10:15:14,18422.0883,556.6333
2011-07-08 10:30:14,19815.2045,517.1695
2011-07-08 10:45:14,18240.8306,440.1333
2011-07-08 11:00:14,25164.1134,575.0508
2011-07-08 11:15:14,14911.1691,353.6333
2011-07-08 11:30:14,22938.0599,516.3559
2011-07-08 11:45:14,29569.0671,649.6441
2011-07-08 12:00:15,23528.1863,536.4915
2011-07-08 12:15:16,18350.6578,432.1167
2011-07-08 12:30:16,7534.6462,193.7049
2011-07-08 12:45:16,9646.2121,222.7288
2011-07-08 13:00:16,38498.4941,840.5932
2011-07-08 13:15:16,38151.0084,850.6667
2011-07-08 13:30:16,26776.1274,609.2833
2011-07-08 13:45:16,27874.3186,634.9833
2011-07-08 14:00:16,33047.3777,729.7167
2011-07-08 14:15:16,28118.9311,643.661
2011-07-08 14:30:16,26850.8267,614.4407
2011-07-08 14:45:18,26836.3752,615.0508
2011-07-08 15:00:18,11274.9524,267.5167
2011-07-08 15:15:18,5730.6586,138.386
2011-07-08 15:30:18,3956.917,101.2787
2011-07-08 15:45:18,2331.0501,63.4237
2011-07-08 16:00:18,841.1881,26.85
2011-07-08 16:15:19,322.2354,15.8475
2011-07-08 16:30:19,413.3553,19.7667
2011-07-08 16:45:19,1944.5845,58.0
2011-07-08 17:00:19,989.524,29.4667
2011-07-08 17:15:19,1285.0152,38.5167
2011-07-08 17:30:19,1608.4033,43.2131
2011-07-08 17:45:20,7796.3028,195.9492
2011-07-08 18:00:20,9139.6629,229.0847
2011-07-08 18:15:20,6870.912,168.4667
2011-07-08 18:30:20,5297.9616,137.7667
2011-07-08 18:45:19,3684.8302,88.05
2011-07-08 19:00:19,4356.2984,104.4915
2011-07-08 19:15:20,2604.3956,60.9661
2011-07-08 19:30:20,2631.9486,55.6034
2011-07-08 19:45:20,2828.0348,61.7833
2011-07-08 20:00:20,475.5518,11.9
2011-07-08 20:15:20,0.0,2.7333
2011-07-08 20:30:20,0.0,1.0169
2011-07-08 20:45:21,0.0,0.9706
2011-07-09 05:45:18,0.0,3.0741
2011-07-09 06:00:18,0.0,1.8667
2011-07-09 06:15:20,182.3474,10.3333
2011-07-09 06:30:20,829.6258,19.5833
2011-07-09 06:45:19,1214.6105,30.0656
2011-07-09 07:00:20,1590.1053,40.4746
2011-07-09 07:15:20,1912.0411,49.2667
2011-07-09 07:30:20,2241.8358,58.4407
2011-07-09 07:45:22,2559.4403,67.6316
2011-07-09 08:00:22,2903.4135,77.8167
2011-07-09 08:15:21,3218.2979,87.8361
2011-07-09 08:30:21,3435.144,95.1833
2011-07-09 08:45:21,3666.6356,100.6
2011-07-09 09:00:21,3840.2033,103.4068
2011-07-09 09:15:21,4571.7614,155.3333
2011-07-09 09:30:21,6671.468,401.7797
2011-07-09 09:45:20,10553.8909,491.9167
2011-07-09 10:00:20,13286.2693,543.8833
2011-07-09 10:15:21,16816.8655,599.5763
2011-07-09 10:30:21,20868.237,640.4068
2011-07-09 10:45:22,25873.1542,683.6667
2011-07-09 11:00:23,31354.2283,734.6167
2011-07-09 11:15:22,35333.585,761.45
2011-07-09 11:30:22,37502.8134,801.5333
2011-07-09 11:45:23,38788.7127,834.55
2011-07-09 12:00:23,39465.7662,859.7833
2011-07-09 12:15:23,40084.0579,878.5932
2011-07-09 12:30:23,40553.1143,899.9833
2011-07-09 12:45:23,40990.0046,916.2333
2011-07-09 13:00:23,41232.7707,928.8983
2011-07-09 13:15:25,41460.7547,941.1525
2011-07-09 13:30:25,42523.5626,979.05
2011-07-09 13:45:25,37870.1328,887.0847
2011-07-09 14:00:26,24073.698,540.4667
2011-07-09 14:15:25,33739.9328,737.75
2011-07-09 14:30:25,40646.434,908.0
2011-07-09 14:45:25,25922.6373,591.1
2011-07-09 15:00:25,38227.7094,857.0833
2011-07-09 15:15:25,34976.8904,782.9333
2011-07-09 15:30:25,37108.3236,817.6167
2011-07-09 15:45:25,38501.0992,845.4915
2011-07-09 16:00:25,31819.0941,704.7167
2011-07-09 16:15:25,31773.2043,676.5
2011-07-09 16:30:25,32011.7251,686.0508
2011-07-09 16:45:26,11427.02,266.9831
2011-07-09 17:00:26,29684.9444,626.1186
2011-07-09 17:15:26,29176.0831,633.7
2011-07-09 17:30:26,20144.4385,429.3448
2011-07-09 17:45:26,24612.6387,525.8305
2011-07-09 18:00:26,19735.1722,432.0333
2011-07-09 18:15:26,17479.1926,381.7833
2011-07-09 18:30:26,15186.0887,324.3898
2011-07-09 18:45:26,12723.4195,270.4237
2011-07-09 19:00:26,9249.9693,199.1864
2011-07-09 19:15:26,3634.0998,91.15
2011-07-09 19:30:26,4310.5701,71.8
2011-07-09 19:45:26,2188.9456,51.9661
2011-07-09 20:00:27,1503.8796,33.25
2011-07-09 20:15:27,914.2661,18.1167
2011-07-09 20:30:29,259.609,5.1356
2011-07-09 20:45:30,0.0,0.069
2011-07-10 05:45:26,0.0,1.0
2011-07-10 06:00:27,0.0,2.0806
2011-07-10 06:15:27,110.7685,10.0678
2011-07-10 06:30:27,774.764,20.4333
2011-07-10 06:45:27,1157.0138,30.322
2011-07-10 07:00:27,1445.1407,38.9667
2011-07-10 07:15:27,1711.9798,46.95
2011-07-10 07:30:27,1940.298,53.5763
2011-07-10 07:45:28,2136.458,58.4915
2011-07-10 08:00:28,2418.3241,66.7119
2011-07-10 08:15:28,2671.035,73.7333
2011-07-10 08:30:28,2885.6027,79.4746
2011-07-10 08:45:27,3140.4917,85.8667
2011-07-10 09:00:27,3405.6709,91.75
2011-07-10 09:15:27,4301.7513,159.2373
2011-07-10 09:30:27,6542.3059,403.4915
2011-07-10 09:45:27,10393.1634,477.7333
2011-07-10 10:00:27,13052.0399,525.7667
2011-07-10 10:15:27,16353.2634,572.0339
2011-07-10 10:30:30,20281.4193,616.0893
2011-07-10 10:45:31,24889.2801,655.7119
2011-07-10 11:00:31,29663.7149,693.2632
2011-07-10 11:15:31,33690.1554,727.0833
2011-07-10 11:30:31,35578.1719,765.7
2011-07-10 11:45:31,36630.9,794.1667
2011-07-10 12:00:31,37814.4425,833.3167
2011-07-10 12:15:31,39107.5403,863.3051
2011-07-10 12:30:31,30616.298,689.0333
2011-07-10 12:45:30,34084.5985,763.7797
2011-07-10 13:00:30,36281.5812,812.1167
2011-07-10 13:15:30,13883.566,322.6833
2011-07-10 13:30:30,9903.6311,238.8644
2011-07-10 13:45:31,8570.5269,210.8983
2011-07-10 14:00:31,11862.3375,279.0339
2011-07-10 14:15:32,17871.4951,414.8983
2011-07-10 14:30:32,40181.3135,873.5574
2011-07-10 14:45:32,29998.1497,642.6949
2011-07-10 15:00:32,7267.7235,171.25
2011-07-10 15:15:32,10149.2656,239.9831
2011-07-10 15:30:32,12026.5381,270.8103
2011-07-10 15:45:32,29459.2824,615.2667
2011-07-10 16:00:32,36919.1158,778.0169
2011-07-10 16:15:32,35492.7837,762.25
2011-07-10 16:30:32,33410.0999,698.8644
2011-07-10 16:45:33,30880.8893,650.3667
2011-07-10 17:00:33,29033.4001,607.6949
2011-07-10 17:15:33,26375.4473,558.3729
2011-07-10 17:30:33,17074.9712,365.1
2011-07-10 17:45:33,5850.3809,144.1186
2011-07-10 18:00:33,13259.0116,281.1167
2011-07-10 18:15:33,11102.0451,231.1356
2011-07-10 18:30:33,15174.0979,304.678
2011-07-10 18:45:33,7104.9261,166.2459
2011-07-10 19:00:33,6386.5111,136.9483
2011-07-10 19:15:33,5772.1542,100.7667
2011-07-10 19:30:33,4611.9472,69.2167
2011-07-10 19:45:33,2702.6313,54.0833
2011-07-10 20:00:33,1472.0771,36.4167
2011-07-10 20:15:33,874.7484,19.5763
2011-07-10 20:30:33,261.7127,6.3
2011-07-10 20:45:33,0.0,0.0984
2011-07-11 06:00:31,0.0,2.0
2011-07-11 06:15:32,4.6937,9.8448
2011-07-11 06:30:32,676.5508,20.7833
2011-07-11 06:45:31,1216.7487,32.4068
2011-07-11 07:00:31,1672.8658,45.1333
2011-07-11 07:15:31,1956.6365,54.1186
2011-07-11 07:30:31,2932.8712,79.6833
2011-07-11 07:45:32,2410.2554,67.2203
2011-07-11 08:00:32,2953.7011,83.5254
2011-07-11 08:15:32,3250.7572,91.9153
2011-07-11 08:30:32,3951.0214,112.5167
2011-07-11 08:45:33,4588.6899,129.6
2011-07-11 09:00:33,5054.2115,140.9344
2011-07-11 09:15:32,5950.8462,206.9322
2011-07-11 09:30:32,8270.4264,387.7458
2011-07-11 09:45:32,12151.8506,456.4068
2011-07-11 10:00:31,15859.1265,492.9153
2011-07-11 10:15:31,18116.718,548.35
2011-07-11 10:30:31,21592.0244,590.4138
2011-07-11 10:45:32,25916.7731,653.3167
2011-07-11 11:00:32,29046.0676,670.9833
2011-07-11 11:15:32,34185.9927,736.9153
2011-07-11 11:30:32,35051.666,751.0333
2011-07-11 11:45:32,36009.1688,779.5167
2011-07-11 12:00:33,37230.1108,809.7833
2011-07-11 12:15:33,34925.9974,763.9831
2011-07-11 12:30:33,37319.571,824.1803
2011-07-11 12:45:32,39234.0214,867.0678
2011-07-11 13:00:32,38840.7241,860.4833
2011-07-11 13:15:32,38679.225,866.7333
2011-07-11 13:30:32,39269.6775,892.8448
2011-07-11 13:45:33,30428.2601,690.1167
2011-07-11 14:00:33,26530.5827,585.7966
2011-07-11 14:15:33,34213.898,747.7167
2011-07-11 14:30:32,27282.7702,609.0333
2011-07-11 14:45:32,28314.6922,625.5085
2011-07-11 15:00:32,31302.7894,693.678
2011-07-11 15:15:32,37497.6018,815.9667
2011-07-11 15:30:32,36534.5094,805.4237
2011-07-11 15:45:31,35301.3958,768.2881
2011-07-11 16:00:31,34586.1096,741.2295
2011-07-11 16:15:31,24000.7587,533.4746
2011-07-11 16:30:31,28882.2349,616.15
2011-07-11 16:45:32,29910.3741,625.2881
2011-07-11 17:00:32,19844.2272,419.5
2011-07-11 17:15:32,16739.9159,361.5763
2011-07-11 17:30:33,17414.283,379.7
2011-07-11 17:45:33,19125.6065,406.4167
2011-07-11 18:00:33,13116.6071,287.678
2011-07-11 18:15:33,11848.1575,266.3091
2011-07-11 18:30:33,6714.7679,157.8833
2011-07-11 18:45:32,4939.2162,113.3333
2011-07-11 19:00:33,6934.0162,158.6271
2011-07-11 19:15:33,5086.9371,111.4333
2011-07-11 19:30:33,1318.0165,31.25
2011-07-11 19:45:34,669.3231,15.4407
2011-07-11 20:00:34,606.5805,13.8
2011-07-11 20:15:34,107.6123,3.45
2011-07-11 20:30:34,0.0,0.093
2011-07-12 06:00:32,0.0,0.8298
2011-07-12 06:15:33,35.4105,7.9483
2011-07-12 06:30:33,883.4733,21.2034
2011-07-12 06:45:33,1334.7788,32.1639
2011-07-12 07:00:33,2093.6432,53.1167
2011-07-12 07:15:33,3250.2951,80.9
2011-07-12 07:30:33,3452.1269,82.6271
2011-07-12 07:45:34,4031.6297,96.8644
2011-07-12 08:00:34,5447.3742,132.6667
2011-07-12 08:15:34,5997.2375,141.7377
2011-07-12 08:30:34,4365.4419,100.3898
2011-07-12 08:45:35,4372.7152,105.0667
2011-07-12 09:00:35,4486.0182,110.0833
2011-07-12 09:15:37,5251.8334,191.6333
2011-07-12 09:30:37,7156.8897,394.35
2011-07-12 09:45:36,11243.485,496.0
2011-07-12 10:00:37,14073.3495,555.0667
2011-07-12 10:15:37,17141.3281,590.569
2011-07-12 10:30:38,20578.723,623.0833
2011-07-12 10:45:37,26503.6125,697.4915
2011-07-12 11:00:38,31305.0676,726.5333
2011-07-12 11:15:38,35554.8699,764.3333
2011-07-12 11:30:38,37686.8374,806.8
2011-07-12 11:45:39,38518.526,832.65
2011-07-12 12:00:39,39916.1249,870.2712
2011-07-12 12:15:39,39799.7038,876.65
2011-07-12 12:30:39,40240.0788,887.1356
2011-07-12 12:45:38,41692.9002,920.6167
2011-07-12 13:00:38,42197.5903,932.8333
2011-07-12 13:15:38,43106.9931,963.9322
2011-07-12 13:30:38,34960.3484,790.0
2011-07-12 13:45:38,40340.6233,918.4833
2011-07-12 14:00:38,43310.1631,972.2881
2011-07-12 14:15:39,43554.1508,970.1
2011-07-12 14:30:40,33256.2664,756.4237
2011-07-12 14:45:41,34155.9728,760.15
2011-07-12 15:00:41,41879.9008,910.15
2011-07-12 15:15:43,30295.9969,679.7368
2011-07-12 15:30:43,26688.5715,584.6167
2011-07-12 15:45:42,28676.5092,651.25
2011-07-12 16:00:42,38826.6901,844.8814
2011-07-12 16:15:42,36695.8751,788.4333
2011-07-12 16:30:42,31618.2793,691.8667
2011-07-12 16:45:43,32029.2836,692.1207
2011-07-12 17:00:43,27114.468,582.6
2011-07-12 17:15:43,20926.5167,461.661
2011-07-12 17:30:43,10654.2387,241.0847
2011-07-12 17:45:43,17331.2911,366.95
2011-07-12 18:00:43,14863.0629,318.8833
2011-07-12 18:15:44,14926.2715,316.4068
2011-07-12 18:30:44,14045.2079,298.4068
2011-07-12 18:45:43,11647.7893,247.8167
2011-07-12 19:00:43,9231.3827,198.3898
2011-07-12 19:15:43,7029.6829,97.0333
2011-07-12 19:30:43,4898.8743,50.8
2011-07-12 19:45:44,2362.9488,41.6
2011-07-12 20:00:44,1300.5752,32.1034
2011-07-12 20:15:45,785.7089,17.7966
2011-07-12 20:30:45,211.331,5.2712
2011-07-12 20:45:45,0.0,0.0
2011-07-13 06:00:42,0.0,1.2931
2011-07-13 06:15:42,0.0,7.1356
2011-07-13 06:30:42,218.5577,17.1311
2011-07-13 06:45:44,1036.7601,29.0526
2011-07-13 07:00:44,1351.0549,37.9333
2011-07-13 07:15:44,1279.0984,34.2333
2011-07-13 07:30:44,1574.7394,42.0169
2011-07-13 07:45:44,2022.4603,55.0492
2011-07-13 08:00:45,2276.6436,61.7288
2011-07-13 08:15:45,2550.5926,68.9831
2011-07-13 08:30:45,2679.9125,71.4833
2011-07-13 08:45:46,3060.2033,80.8667
2011-07-13 09:00:46,3253.6936,84.7119
2011-07-13 09:15:46,4648.1115,181.7667
2011-07-13 09:30:46,8446.4517,404.4746
2011-07-13 09:45:45,10589.6417,397.7627
2011-07-13 10:00:45,11463.2184,418.6167
2011-07-13 10:15:46,16830.1856,547.8644
2011-07-13 10:30:46,19535.1382,547.9667
2011-07-13 10:45:46,26504.0694,677.0339
2011-07-13 11:00:46,30551.1303,712.4667
2011-07-13 11:15:46,33923.0854,741.6271
2011-07-13 11:30:46,35194.6614,767.9661
2011-07-13 11:45:47,35579.679,799.0833
2011-07-13 12:00:47,20534.8124,484.3051
2011-07-13 12:15:47,37799.2562,830.65
2011-07-13 12:30:47,36763.3396,828.9
2011-07-13 12:45:46,32111.2461,716.8833
2011-07-13 13:00:47,25018.509,555.339
2011-07-13 13:15:47,31324.2307,696.65
2011-07-13 13:30:47,40211.6513,897.0333
2011-07-13 13:45:47,40591.9462,933.6833
2011-07-13 14:00:48,25441.294,596.4746
2011-07-13 14:15:48,16308.9474,377.5424
2011-07-13 14:30:48,11007.0296,251.7414
2011-07-13 14:45:49,6809.6373,157.5833
2011-07-13 15:00:49,2367.4301,60.7288
2011-07-13 15:15:49,1143.7839,35.4833
2011-07-13 15:30:49,645.7226,19.6
2011-07-13 15:45:48,1186.3738,34.8
2011-07-13 16:00:48,1867.2678,49.7667
2011-07-13 16:15:48,3734.188,103.05
2011-07-13 16:30:48,4161.5707,108.0345
2011-07-13 16:45:48,4854.189,120.1186
2011-07-13 17:15:15,5482.8529,141.8936
2011-07-13 17:30:15,18856.8092,405.0702
2011-07-13 17:45:15,18698.9341,398.5965
2011-07-13 18:00:15,19581.8703,412.9833
2011-07-13 18:15:15,15541.1179,335.4333
2011-07-13 18:30:16,15045.9193,297.7667
2011-07-13 18:45:16,3520.7635,67.2333
2011-07-13 19:00:16,5616.0256,120.5833
2011-07-13 19:15:16,7275.0762,115.8621
2011-07-13 19:30:16,4805.7482,59.8814
2011-07-13 19:45:16,2490.0581,46.3333
2011-07-13 20:00:16,1259.478,31.2459
2011-07-13 20:15:18,812.0494,18.4667
2011-07-13 20:30:18,258.2532,6.0345
2011-07-13 20:45:18,0.0,0.7627
2011-07-14 06:00:16,0.0,1.3729
2011-07-14 06:15:15,125.7113,7.2167
2011-07-14 06:30:15,573.9359,14.0833
2011-07-14 06:45:15,785.9694,20.386
2011-07-14 07:00:16,1006.0665,24.9667
2011-07-14 07:15:17,1396.3519,33.6333
2011-07-14 07:30:17,1766.0256,42.4333
2011-07-14 07:45:17,1892.1162,45.2833
2011-07-14 08:00:17,1889.1837,45.5333
2011-07-14 08:15:17,1782.2232,42.9333
2011-07-14 08:30:18,1771.1551,42.1167
2011-07-14 08:45:18,1780.0153,41.7119
2011-07-14 09:00:18,2021.4986,44.45
2011-07-14 09:15:18,3614.6131,165.7
2011-07-14 09:30:17,5984.8012,428.0167
2011-07-14 09:45:18,10126.3659,523.322
2011-07-14 10:00:18,13189.0663,575.9153
2011-07-14 10:15:18,17098.7931,625.7
2011-07-14 10:30:18,21956.185,672.3
2011-07-14 10:45:18,27536.6513,715.4667
2011-07-14 11:00:18,33076.7972,753.5932
2011-07-14 11:15:18,37397.1435,791.1333
2011-07-14 11:30:18,39034.9727,820.7541
2011-07-14 11:45:18,40156.6405,854.1695
2011-07-14 12:00:18,40963.0889,877.4068
2011-07-14 12:15:18,41322.6581,894.3934
2011-07-14 12:30:18,41913.4977,911.8644
2011-07-14 12:45:18,42264.3961,930.6
2011-07-14 13:00:18,42371.1736,938.5
2011-07-14 13:15:18,42174.8439,941.5833
2011-07-14 13:30:17,42668.0082,955.5667
2011-07-14 13:45:17,42903.3871,955.45
2011-07-14 14:00:18,42581.8843,952.4333
2011-07-14 14:15:16,42138.7307,945.8644
2011-07-14 14:30:17,41420.1745,936.4655
2011-07-14 14:45:17,40748.2017,911.5738
2011-07-14 15:00:17,40112.0693,898.0169
2011-07-14 15:15:18,39824.8331,881.5167
2011-07-14 15:30:18,38195.1126,833.3729
2011-07-14 15:45:18,37754.0577,817.3333
2011-07-14 16:00:19,32076.3006,683.45
2011-07-14 16:15:19,35041.7158,740.1803
2011-07-14 16:30:19,34353.5377,725.6102
2011-07-14 16:45:19,31848.7882,674.4167
2011-07-14 17:00:19,29830.1369,631.5085
2011-07-14 17:15:19,24258.2946,517.3729
2011-07-14 17:45:19,22206.1645,477.0169
2011-07-14 18:00:19,20429.2268,436.05
2011-07-14 18:15:20,17943.1504,381.1475
2011-07-14 18:30:20,15057.713,312.6271
2011-07-14 18:45:20,12096.4477,251.6102
2011-07-14 19:00:20,8877.5773,181.2833
2011-07-14 19:15:20,6964.1677,106.4333
2011-07-14 19:30:20,4016.9337,52.5593
2011-07-14 19:45:20,1942.4591,41.3833
2011-07-14 20:00:21,1408.8012,31.3898
2011-07-14 20:15:22,800.0119,16.7213
2011-07-14 20:30:22,294.8422,5.678
2011-07-14 20:45:22,0.0,0.0169
2011-07-15 05:45:18,0.0,1.7
2011-07-15 06:00:18,62.189,2.6393
2011-07-15 06:15:18,893.3547,14.4655
2011-07-15 06:30:18,1881.997,37.1333
2011-07-15 06:45:20,2028.1162,45.3571
2011-07-15 07:00:20,1996.9288,46.8667
2011-07-15 07:15:21,2047.6461,49.8167
2011-07-15 07:30:21,2250.3671,59.2
2011-07-15 07:45:21,2045.3621,52.1333
2011-07-15 08:00:21,2081.9534,53.2542
2011-07-15 08:15:21,2777.06,73.3667
2011-07-15 08:30:22,4204.4615,106.0
2011-07-15 08:45:22,4323.3898,107.1724
2011-07-15 09:00:22,4984.3906,123.7377
2011-07-15 09:15:22,7513.1086,246.9
2011-07-15 09:30:22,9512.4979,387.6102
2011-07-15 09:45:22,14420.6786,505.1356
2011-07-15 10:00:22,15612.1471,483.661
2011-07-15 10:15:23,22137.2234,633.4333
2011-07-15 10:30:23,24408.2366,645.0
2011-07-15 10:45:23,27254.7854,647.4068
2011-07-15 11:00:23,30347.5964,659.0
2011-07-15 11:15:23,35048.8999,727.4333
2011-07-15 11:30:24,33680.6338,711.1833
2011-07-15 11:45:24,39362.2692,835.0678
2011-07-15 12:00:24,32039.6555,690.5833
2011-07-15 12:15:24,25460.5524,552.7119
2011-07-15 12:30:25,13997.9555,302.45
2011-07-15 12:45:25,30827.6219,670.0333
2011-07-15 13:00:25,44428.0619,948.9667
2011-07-15 13:15:25,25953.1672,577.1864
2011-07-15 13:45:27,22964.0831,484.6271
2011-07-15 14:00:27,38677.5629,827.5763
2011-07-15 14:15:26,39231.1479,834.6949
2011-07-15 14:30:26,40758.5504,875.1333
2011-07-15 14:45:26,40796.1889,861.2712
2011-07-15 15:00:26,37218.4169,787.3833
2011-07-15 15:15:27,36907.4885,777.9
2011-07-15 15:30:27,36890.2067,771.1356
2011-07-15 15:45:27,39475.529,833.8983
2011-07-15 16:00:28,38440.2066,804.35
2011-07-15 16:15:28,35227.5062,738.5085
2011-07-15 16:30:28,34993.1254,726.4068
2011-07-15 16:45:28,33026.091,688.1667
2011-07-15 17:00:28,30997.8901,643.0169
2011-07-15 17:15:28,28510.8865,596.5593
2011-07-15 17:30:28,26083.7626,552.6667
2011-07-15 17:45:28,23149.4107,489.5167
2011-07-15 18:00:28,20520.4716,434.7797
2011-07-15 18:15:28,17842.9341,380.2203
2011-07-15 18:30:28,15258.738,320.2759
2011-07-15 18:45:28,12536.2868,261.4915
2011-07-15 19:00:28,9674.9787,202.1667
2011-07-15 19:15:28,7220.0504,97.35
2011-07-15 19:30:28,5074.871,42.8475
2011-07-15 19:45:28,2290.1822,35.2667
2011-07-15 20:00:29,1098.7441,26.3333
2011-07-15 20:15:29,718.0066,16.0
2011-07-15 20:30:29,248.599,5.4138
2011-07-15 20:45:29,0.0,0.0678
2011-07-16 06:15:29,85.179,5.5439
2011-07-16 06:30:29,590.195,12.9333
2011-07-16 06:45:29,900.9291,20.4167
2011-07-16 07:00:29,1160.3086,26.3167
2011-07-16 07:15:29,1344.4617,30.6
2011-07-16 07:30:29,1483.6783,33.7833
2011-07-16 07:45:29,1605.8929,37.2
2011-07-16 08:00:29,1721.3449,40.6066
2011-07-16 08:15:30,1830.182,44.3276
2011-07-16 08:30:31,1945.1406,47.4667
2011-07-16 08:45:31,2108.4748,51.15
2011-07-16 09:00:31,2397.1968,54.918
2011-07-16 09:15:30,3909.4979,154.0169
2011-07-16 09:30:30,6422.6406,434.1
2011-07-16 09:45:30,10219.6381,502.2712
2011-07-16 10:00:30,13206.2656,551.6557
2011-07-16 10:15:30,17056.303,601.4068
2011-07-16 10:30:30,21472.8882,649.6833
2011-07-16 10:45:30,26608.5152,682.5085
2011-07-16 11:00:30,32053.8138,712.1667
2011-07-16 11:15:31,29145.7263,635.65
2011-07-16 11:30:32,40110.3031,843.7833
2011-07-16 11:45:31,37236.5183,813.8
2011-07-16 12:00:31,37942.0538,813.9831
2011-07-16 12:15:30,35582.3986,773.5667
2011-07-16 12:30:30,43371.3709,928.8
2011-07-16 12:45:30,43642.9901,952.45
2011-07-16 13:00:30,40087.638,911.0
2011-07-16 13:15:30,44807.5328,982.6441
2011-07-16 13:30:30,43647.7901,968.8475
2011-07-16 13:45:30,34221.6942,760.75
2011-07-16 14:00:30,41576.5736,884.3333
2011-07-16 14:15:31,39566.2517,880.3833
2011-07-16 14:30:31,39309.2287,866.6271
2011-07-16 14:45:31,45125.0498,986.2667
2011-07-16 15:00:31,42137.9333,925.3333
2011-07-16 15:15:30,36195.1699,794.85
2011-07-16 15:30:30,34156.8671,726.6667
2011-07-16 15:45:30,28362.3692,593.5593
2011-07-16 16:15:33,31827.9026,673.2034
2011-07-16 16:30:33,23781.8193,495.5167
2011-07-16 16:45:33,31593.6406,661.6885
2011-07-16 17:00:33,22236.8636,484.2586
2011-07-16 17:15:33,14957.6163,323.65
2011-07-16 17:30:32,18649.0045,408.9153
2011-07-16 17:45:32,24592.0416,521.25
2011-07-16 18:00:33,18787.6455,400.85
2011-07-16 18:15:32,18252.0538,387.0
2011-07-16 18:30:32,14997.2777,316.5667
2011-07-16 18:45:31,10180.0852,218.2881
2011-07-16 19:00:32,9624.1477,202.85
2011-07-16 19:15:33,6987.369,92.05
2011-07-16 19:30:33,4502.4616,43.2203
2011-07-16 19:45:34,2212.6143,36.4667
2011-07-16 20:00:34,1308.2552,30.1311
2011-07-16 20:15:34,742.7613,16.7833
2011-07-16 20:30:34,156.3903,4.75
2011-07-16 20:45:34,0.0,0.5789
2011-07-17 06:00:31,0.0,0.9636
2011-07-17 06:15:31,132.3133,7.7119
2011-07-17 06:30:31,998.9354,19.9833
2011-07-17 06:45:31,1914.3358,41.35
2011-07-17 07:00:31,2169.0912,52.25
2011-07-17 07:15:31,1835.9435,48.45
2011-07-17 07:30:31,1845.3068,47.6333
2011-07-17 07:45:32,1953.3593,50.2712
2011-07-17 08:00:32,2031.0794,50.8167
2011-07-17 08:15:33,2112.6623,53.1356
2011-07-17 08:30:33,2175.028,54.7667
2011-07-17 08:45:33,2369.6215,59.5763
2011-07-17 09:00:33,2765.3512,66.0667
2011-07-17 09:15:32,4315.236,161.7
2011-07-17 09:30:32,6804.0822,430.9831
2011-07-17 09:45:32,10209.7243,487.55
2011-07-17 10:00:32,13062.8534,540.1333
2011-07-17 10:15:32,16655.204,585.5424
2011-07-17 10:30:32,21103.419,632.3833
2011-07-17 10:45:32,26398.8799,676.7167
2011-07-17 11:00:32,31799.4711,718.678
2011-07-17 11:15:36,35474.2474,759.2931
2011-07-17 11:30:36,37355.363,804.8167
2011-07-17 11:45:36,39749.6174,853.4
2011-07-17 12:00:36,23629.8481,532.8983
2011-07-17 12:15:35,21956.2232,486.6066
2011-07-17 12:30:35,27831.789,655.9492
2011-07-17 12:45:35,21565.8975,503.8833
2011-07-17 13:00:35,35055.186,789.7797
2011-07-17 13:15:35,45863.9872,1031.3
2011-07-17 13:30:35,27350.5729,628.7759
2011-07-17 13:45:36,30305.2434,669.2295
2011-07-17 14:00:36,30718.8859,680.7458
2011-07-17 14:30:38,43242.5448,975.45
2011-07-17 14:45:38,41166.8994,930.8333
2011-07-17 15:00:38,38963.2273,876.2
2011-07-17 15:15:37,22143.0371,488.1333
2011-07-17 15:30:37,37787.4268,808.4833
2011-07-17 15:45:37,19775.812,446.0847
2011-07-17 16:00:37,27020.1541,577.3833
2011-07-17 16:15:39,38904.5505,834.3833
2011-07-17 16:30:39,35445.2669,760.3
2011-07-17 16:45:39,33162.4087,700.1667
2011-07-17 17:00:39,30608.82,653.2333
2011-07-17 17:15:39,27589.0063,586.7414
2011-07-17 17:30:38,14267.8846,308.0
2011-07-17 17:45:38,10825.24,236.7458
2011-07-17 18:00:39,17627.9449,377.4333
2011-07-17 18:15:38,6286.0811,146.35
2011-07-17 18:30:40,6964.0984,153.9833
2011-07-17 18:45:40,12046.2523,249.322
2011-07-17 19:00:40,9763.7929,200.7333
2011-07-17 19:15:41,7370.5457,110.1667
2011-07-17 19:30:41,2798.0284,65.2373
2011-07-17 19:45:41,2132.6922,47.6167
2011-07-17 20:00:41,1344.2593,30.6167
2011-07-17 20:15:41,727.3308,15.8333
2011-07-17 20:30:41,163.8052,4.15
2011-07-17 20:45:41,0.0,0.0638
2011-07-18 06:00:39,0.0,1.0345
2011-07-18 06:15:40,0.9591,6.082
2011-07-18 06:30:40,605.0101,16.2333
2011-07-18 06:45:45,1096.7997,27.1379
2011-07-18 07:00:45,1321.8747,34.7333
2011-07-18 07:15:45,1575.828,42.5763
2011-07-18 07:30:45,1960.2059,55.0333
2011-07-18 07:45:45,2296.7896,64.322
2011-07-18 08:00:45,2551.4213,71.1
2011-07-18 08:15:45,2837.8837,78.85
2011-07-18 08:30:44,3145.9789,86.8136
2011-07-18 08:45:44,3409.7823,92.4262
2011-07-18 09:00:45,3814.1238,98.193
2011-07-18 09:15:45,5068.4954,180.4167
2011-07-18 09:30:44,7329.7121,409.25
2011-07-18 09:45:45,10552.2899,469.6833
2011-07-18 10:00:45,13222.8642,521.6833
2011-07-18 10:15:45,16598.5129,565.9153
2011-07-18 10:30:45,20700.6315,612.7288
2011-07-18 10:45:46,25693.6336,651.0847
2011-07-18 11:00:46,30086.7336,677.0
2011-07-18 11:15:47,33856.6143,728.1724
2011-07-18 11:30:47,35534.9092,766.8333
2011-07-18 11:45:46,36824.3048,809.0
2011-07-18 12:00:46,36652.0192,823.0333
2011-07-18 12:15:45,35459.2164,808.8983
2011-07-18 12:30:45,33800.3324,768.65
2011-07-18 12:45:45,34808.2103,770.65
2011-07-18 13:00:45,40106.6816,934.1695
2011-07-18 13:15:47,37438.6809,861.8333
2011-07-18 13:30:47,40805.4776,945.7667
2011-07-18 13:45:47,26319.164,603.5593
2011-07-18 14:00:47,38729.0154,868.0984
2011-07-18 14:15:48,38151.9696,881.7586
2011-07-18 14:30:49,38175.7766,859.5
2011-07-18 14:45:49,34190.3645,776.4746
2011-07-18 15:00:49,35823.0588,794.5833
2011-07-18 15:15:48,35999.5687,814.0833
2011-07-18 15:30:48,37337.0357,821.6167
2011-07-18 15:45:48,34488.4858,751.55
2011-07-18 16:00:48,28964.584,635.6833
2011-07-18 16:15:50,24104.1831,512.1754
2011-07-18 16:30:51,25556.3793,550.7966
2011-07-18 16:45:51,30854.5446,649.05
2011-07-18 17:00:51,27043.9874,569.8644
2011-07-18 17:15:52,22442.1086,476.3833
2011-07-18 17:30:52,22400.4773,473.6441
2011-07-18 17:45:52,20702.7024,435.1833
2011-07-18 18:00:52,18674.3711,390.7241
2011-07-18 18:15:51,11250.3614,245.9833
2011-07-18 18:30:51,9719.8633,201.5763
2011-07-18 18:45:51,8084.0802,172.2667
2011-07-18 19:00:51,3641.7839,84.6833
2011-07-18 19:15:51,2646.7009,60.8814
2011-07-18 19:30:51,2065.5447,45.6667
2011-07-18 19:45:51,1850.4526,38.339
2011-07-18 20:00:51,1080.2574,22.8852
2011-07-18 20:15:52,539.8915,10.2542
2011-07-18 20:30:51,23.942,1.3167
2011-07-18 20:45:51,0.0,0.0
2011-07-19 06:00:48,0.0,0.4074
2011-07-19 06:15:49,72.1235,8.5246
2011-07-19 06:30:49,1312.4598,28.3898
2011-07-19 06:45:49,2311.0734,53.6333
2011-07-19 07:00:49,3359.8558,80.2833
2011-07-19 07:15:50,4347.1157,109.2456
2011-07-19 07:30:50,4783.4149,119.4918
2011-07-19 07:45:50,5314.5869,134.4667
2011-07-19 08:00:50,5669.637,145.45
2011-07-19 08:15:50,6707.5324,169.5667
2011-07-19 08:30:50,7155.9552,180.4833
2011-07-19 08:45:49,7672.2571,190.3333
2011-07-19 09:00:49,9727.5929,243.1724
2011-07-19 09:15:49,9459.8517,257.9
2011-07-19 09:30:50,11342.8077,323.6833
2011-07-19 09:45:50,12981.7348,383.2203
2011-07-19 10:00:50,15105.7102,397.3
2011-07-19 10:15:50,15543.968,380.7627
2011-07-19 10:30:50,12633.2718,305.5667
2011-07-19 10:45:50,12557.3826,295.0847
2011-07-19 11:15:50,20210.7907,475.1333
2011-07-19 11:30:50,28485.5954,634.7627
2011-07-19 11:45:50,36144.3396,798.5593
2011-07-19 12:00:50,36407.6005,812.6167
2011-07-19 12:15:50,27001.9658,625.1311
2011-07-19 12:30:50,35189.5989,821.0
2011-07-19 12:45:53,38221.7818,878.1864
2011-07-19 13:00:54,37817.306,890.5593
2011-07-19 13:15:54,39066.6373,939.2
2011-07-19 13:30:56,37875.7702,926.6552
2011-07-19 13:45:56,35243.7825,835.6833
2011-07-19 14:00:56,22849.5724,537.5
2011-07-19 14:15:56,20621.5042,475.4167
2011-07-19 14:30:56,12863.4947,300.0847
2011-07-19 14:45:56,11641.6184,279.8167
2011-07-19 15:00:56,9531.2391,236.8103
2011-07-19 15:15:56,6127.7178,145.45
2011-07-19 15:30:56,5499.2188,146.8475
2011-07-19 15:45:56,3605.6402,94.8305
2011-07-19 16:00:56,1580.1713,43.1833
2011-07-19 16:15:57,1574.4482,42.1724
2011-07-19 16:30:58,3262.8801,86.9322
2011-07-19 16:45:58,11900.9972,276.1695
2011-07-19 17:00:58,11177.8117,256.4667
2011-07-19 17:15:59,7976.1415,192.0833
2011-07-19 17:30:59,9724.4297,228.5254
2011-07-19 17:45:59,15170.2134,324.6833
2011-07-19 18:00:59,17206.5098,363.8667
2011-07-19 18:15:58,5791.3696,136.5333
2011-07-19 18:30:58,3326.4139,77.8167
2011-07-19 18:45:58,6086.6809,131.0345
2011-07-19 19:00:58,7097.6585,153.75
2011-07-19 19:15:58,5713.6401,103.9
2011-07-19 19:30:58,3956.2579,72.4746
2011-07-19 19:45:58,2270.6949,51.15
2011-07-19 20:00:58,1386.5108,33.0339
2011-07-19 20:30:59,53.4728,2.6
2011-07-19 20:45:59,0.0,0.2813
2011-07-20 06:00:56,0.0,1.0
2011-07-20 06:15:55,0.0,5.05
2011-07-20 06:30:56,449.6018,15.35
2011-07-20 06:45:55,1153.5207,27.7667
2011-07-20 07:00:56,1620.122,41.05
2011-07-20 07:15:57,2082.2217,54.7705
2011-07-20 07:30:57,2617.8154,70.6441
2011-07-20 07:45:57,3155.3713,86.7
2011-07-20 08:00:57,3806.6873,104.2373
2011-07-20 08:15:59,4264.869,117.1864
2011-07-20 08:30:59,5385.3538,145.1186
2011-07-20 08:45:59,6017.6178,160.75
2011-07-20 09:00:00,6352.2559,171.9245
2011-07-20 09:15:59,7140.95,225.2031
2011-07-20 09:30:58,9394.3272,366.9833
2011-07-20 09:45:59,11809.8724,428.1333
2011-07-20 10:00:59,14208.6559,473.1695
2011-07-20 10:15:00,17074.4213,525.3214
2011-07-20 10:30:00,20358.5128,566.4576
2011-07-20 10:45:00,24749.6277,611.8136
2011-07-20 11:00:00,27996.5857,638.3051
2011-07-20 11:15:00,31844.5043,690.1333
2011-07-20 11:30:00,33700.5623,736.4333
2011-07-20 11:45:00,34355.8088,756.5254
2011-07-20 12:00:00,35756.8704,790.0667
2011-07-20 12:15:01,33823.832,756.7833
2011-07-20 12:30:01,33355.297,792.2
2011-07-20 12:45:01,37702.7645,854.4833
2011-07-20 13:00:01,36520.2501,861.2
2011-07-20 13:15:01,36893.1208,862.7966
2011-07-20 13:30:01,28607.1336,642.8136
2011-07-20 13:45:01,21943.0681,530.6102
2011-07-20 14:00:01,32027.8512,724.5333
2011-07-20 14:15:01,32252.8846,736.0
2011-07-20 14:30:01,31998.3221,697.5424
2011-07-20 14:45:01,37890.0914,861.1833
2011-07-20 15:00:01,36137.1948,826.4333
2011-07-20 15:15:01,35774.5489,817.9333
2011-07-20 15:30:01,34872.5168,796.1695
2011-07-20 15:45:01,33244.6619,743.8
2011-07-20 16:00:01,33368.4381,738.4
2011-07-20 16:30:01,29723.2336,649.9831
2011-07-20 16:45:01,27458.6139,589.4667
2011-07-20 17:00:01,26241.498,559.1
2011-07-20 17:15:01,21506.7963,461.4333
2011-07-20 17:30:01,16276.8922,352.2203
2011-07-20 17:45:01,18769.2569,396.541
2011-07-20 18:00:01,16714.7439,352.2
2011-07-20 18:15:01,14362.3226,303.0678
2011-07-20 18:30:01,12168.0911,254.5085
2011-07-20 18:45:02,9593.6497,202.4426
2011-07-20 19:00:02,7312.6284,155.1356
2011-07-20 19:15:02,5112.4798,96.1167
2011-07-20 19:30:02,3166.7645,61.5167
2011-07-20 19:45:03,2138.5169,47.5424
2011-07-20 20:00:04,1265.3608,29.1897
2011-07-20 20:30:04,171.7179,3.5254
2011-07-20 20:45:05,0.0,0.0
2011-07-21 06:00:03,0.0,0.5333
2011-07-21 06:15:03,0.0,2.2667
2011-07-21 06:30:03,187.7281,13.95
2011-07-21 06:45:04,1112.6438,27.1017
2011-07-21 07:00:03,1599.6861,41.3898
2011-07-21 07:15:02,2129.4929,58.0169
2011-07-21 07:30:03,2612.1493,72.8814
2011-07-21 07:45:03,3075.6114,85.75
2011-07-21 08:00:03,3477.5078,98.2881
2011-07-21 08:15:04,3996.4782,114.5932
2011-07-21 08:30:04,4334.7665,123.8167
2011-07-21 08:45:04,4637.3735,131.65
2011-07-21 09:00:04,5316.9416,147.9167
2011-07-21 09:15:04,6541.8589,216.0702
2011-07-21 09:30:04,8659.8214,370.5167
2011-07-21 09:45:04,11391.9259,424.6667
2011-07-21 10:00:04,13757.8904,466.3559
2011-07-21 10:15:03,16642.7851,515.75
2011-07-21 10:30:03,20397.6441,564.8167
2011-07-21 10:45:06,24312.3897,598.7895
2011-07-21 11:00:06,28333.7877,641.2881
2011-07-21 11:15:07,23625.5012,535.2542
2011-07-21 11:25:08,28989.3121,607.9048
2011-07-21 11:30:08,14778.3628,335.0357
2011-07-21 11:35:08,11708.7131,278.45
2011-07-21 11:40:08,22695.1326,500.95
2011-07-21 11:45:08,29013.6136,606.9
2011-07-21 11:50:08,14972.8986,375.75
2011-07-21 11:55:08,13653.1378,301.9444
2011-07-21 12:00:08,12156.947,321.6
2011-07-21 12:05:08,10668.9732,253.5
2011-07-21 12:10:08,26204.4903,566.2632
2011-07-21 12:15:08,9265.7775,232.55
2011-07-21 12:20:10,8308.3364,197.2632
2011-07-21 12:25:10,7356.0333,169.2632
2011-07-21 12:30:10,13090.0464,300.5263
2011-07-21 12:35:10,20071.0123,448.6
2011-07-21 12:40:11,21811.0526,536.05
2011-07-21 12:45:11,32487.8114,706.35
2011-07-21 12:50:11,38658.6681,847.7368
2011-07-21 12:55:10,40430.1573,882.3
2011-07-21 13:00:10,37525.0254,831.2105
2011-07-21 13:05:10,40674.1944,918.5
2011-07-21 13:10:10,36830.3361,841.4
2011-07-21 13:15:10,40682.2462,915.85
2011-07-21 13:20:10,27063.2175,624.95
2011-07-21 13:25:10,33493.3381,757.5263
2011-07-21 13:30:10,24944.0173,559.0526
2011-07-21 13:35:10,30242.641,654.3
2011-07-21 13:40:10,10292.8793,249.2
2011-07-21 13:45:10,10712.3346,240.3
2011-07-21 13:50:11,10373.1645,245.2778
2011-07-21 13:55:11,29866.3506,651.2632
2011-07-21 14:00:11,24329.1388,558.5263
2011-07-21 14:05:12,16126.1426,418.9
2011-07-21 14:10:12,26063.8549,561.6
2011-07-21 14:15:12,21548.5356,486.1579
2011-07-21 14:20:12,30745.5462,688.9
2011-07-21 14:25:12,33848.6365,753.0526
2011-07-21 14:30:12,39378.6742,813.2
2011-07-21 14:35:12,33526.8293,765.4
2011-07-21 14:40:12,15712.9102,352.1667
2011-07-21 14:45:12,40440.9122,877.5
2011-07-21 14:50:12,38878.013,848.85
2011-07-21 14:55:12,17421.9623,410.8421
2011-07-21 15:00:12,21669.8463,481.3684
2011-07-21 15:05:12,34612.917,755.9
2011-07-21 15:10:12,36692.8442,816.5263
2011-07-21 15:15:13,17504.3528,402.8421
2011-07-21 15:20:13,30180.7592,653.45
2011-07-21 15:25:13,15626.2309,394.85
2011-07-21 15:30:13,38014.1404,809.8421
2011-07-21 15:35:13,31683.6372,695.95
2011-07-21 15:40:13,36115.9335,767.75
2011-07-21 15:45:13,36794.9139,784.3
2011-07-21 15:50:13,32289.7217,684.8
2011-07-21 15:55:13,29414.54,632.5263
2011-07-21 16:00:13,35443.6458,756.05
2011-07-21 16:05:13,34107.2156,727.9
2011-07-21 16:10:13,26043.8152,574.3
2011-07-21 16:15:13,31562.9599,674.9474
2011-07-21 16:20:13,30443.9836,652.619
2011-07-21 16:25:13,24110.4287,515.6842
2011-07-21 16:30:13,26580.6568,563.0
2011-07-21 16:35:13,31694.4215,669.9
2011-07-21 16:40:13,30362.8293,619.85
2011-07-21 16:45:13,11473.4111,279.1579
2011-07-21 16:50:13,11209.993,255.7368
2011-07-21 16:55:13,16498.5523,370.55
2011-07-21 17:00:14,15471.972,356.7368
2011-07-21 17:05:14,13416.591,317.35
2011-07-21 17:10:15,27534.33,567.7368
2011-07-21 17:15:15,17168.3292,380.45
2011-07-21 17:20:15,19112.263,402.85
2011-07-21 17:25:15,25879.082,546.9
2011-07-21 17:30:15,19076.1334,413.7368
2011-07-21 17:35:14,23015.1837,475.3
2011-07-21 17:40:14,21849.2303,461.1053
2011-07-21 17:45:14,15421.094,330.95
2011-07-21 17:50:14,11454.8206,261.6316
2011-07-21 17:55:14,12356.1779,273.5
2011-07-21 18:00:14,14326.8678,307.35
2011-07-21 18:05:14,16911.702,349.35
2011-07-21 18:10:14,12421.8345,275.5789
2011-07-21 18:15:14,12462.8974,270.4211
2011-07-21 18:20:14,14065.5653,297.2
2011-07-21 18:25:14,13410.7386,280.7368
2011-07-21 18:30:14,12722.7013,265.05
2011-07-21 18:35:14,12171.5542,252.65
2011-07-21 18:40:14,10633.2626,221.25
2011-07-21 18:45:14,9471.6225,199.75
2011-07-21 18:50:14,9090.5782,190.9
2011-07-21 18:55:14,8509.8986,177.2632
2011-07-21 19:00:14,7083.3935,152.1
2011-07-21 19:05:14,6314.1243,128.75
2011-07-21 19:10:14,5645.7331,91.7368
2011-07-21 19:15:14,4947.2118,80.3
2011-07-21 19:20:14,4550.6357,75.8
2011-07-21 19:25:14,3957.5737,68.7368
2011-07-21 19:30:14,3429.263,61.3
2011-07-21 19:35:14,2792.8336,55.0
2011-07-21 19:40:14,2151.6049,48.55
2011-07-21 19:45:14,1775.7975,42.45
2011-07-21 19:50:14,1544.8938,36.6842
2011-07-21 19:55:14,1307.0008,30.55
2011-07-21 20:00:14,1059.7769,23.95
2011-07-21 20:05:14,838.3684,18.15
2011-07-21 20:10:14,558.6168,11.95
2011-07-21 20:15:14,409.4997,8.8947
2011-07-21 20:20:14,159.6762,4.8947
2011-07-21 20:25:14,7.0447,1.6667
2011-07-21 20:30:14,0.0,0.0
2011-07-21 20:35:14,0.0,0.0
2011-07-21 20:40:14,0.0,0.0
2011-07-21 20:45:14,0.0,0.0
2011-07-22 05:55:11,0.0,0.2
2011-07-22 06:00:12,0.0,0.3
2011-07-22 06:05:13,0.0,1.1905
2011-07-22 06:10:13,0.0,3.8947
2011-07-22 06:15:13,0.0,7.0
2011-07-22 06:20:13,0.0,10.2
2011-07-22 06:25:13,0.0,13.6
2011-07-22 06:30:13,0.0,17.3
2011-07-22 06:35:13,0.0,21.2
2011-07-22 06:40:13,274.0426,24.6316
2011-07-22 06:45:13,634.6196,28.8
2011-07-22 06:50:13,903.6316,32.25
2011-07-22 06:55:13,1205.7009,36.1
2011-07-22 07:00:13,1436.6759,39.5
2011-07-22 07:05:12,1545.0043,42.9
2011-07-22 07:10:12,1681.254,47.3158
2011-07-22 07:15:12,1818.2086,51.5
2011-07-22 07:20:12,1960.6605,55.55
2011-07-22 07:25:12,2064.8957,58.25
2011-07-22 07:30:12,2181.6479,62.2105
2011-07-22 07:35:12,2288.8441,65.25
2011-07-22 07:40:12,2431.0429,69.5
2011-07-22 07:45:17,2615.4435,74.7692
2011-07-22 07:50:17,2784.7529,79.4762
2011-07-22 07:55:17,2902.0203,82.6667
2011-07-22 08:00:17,3073.872,88.2857
2011-07-22 08:05:18,3273.5471,94.8
2011-07-22 08:10:18,3496.684,100.8947
2011-07-22 08:15:18,3982.4855,112.95
2011-07-22 08:20:18,4599.8431,125.2632
2011-07-22 08:25:18,5015.3133,136.65
2011-07-22 08:30:18,5341.2719,138.55
2011-07-22 08:35:18,5940.0146,148.65
2011-07-22 08:40:18,7068.0646,175.0
2011-07-22 08:45:18,7178.5895,181.5
2011-07-22 08:50:18,6403.3977,167.75
2011-07-22 08:55:18,5537.2977,146.5
2011-07-22 09:00:18,5381.7428,141.35
2011-07-22 09:05:18,5912.6411,146.6316
2011-07-22 09:10:18,6182.142,218.0
2011-07-22 09:15:18,6337.5963,267.7895
2011-07-22 09:20:18,6909.9052,329.3
2011-07-22 09:25:18,7897.7951,394.75
2011-07-22 09:30:18,9134.4392,407.2632
2011-07-22 09:35:18,9913.5323,420.0
2011-07-22 09:40:18,10787.4527,435.8333
2011-07-22 09:45:18,11188.1265,445.45
2011-07-22 09:50:18,12485.2432,468.85
2011-07-22 09:55:18,13120.5132,482.4737
2011-07-22 10:00:18,14407.6126,497.95
2011-07-22 10:05:17,15173.724,512.05
2011-07-22 10:10:17,16439.264,526.85
2011-07-22 10:15:17,17904.2314,542.8421
2011-07-22 10:20:17,18599.7198,544.35
2011-07-22 10:25:17,21063.8286,583.4737
2011-07-22 10:30:17,20563.0123,550.1
2011-07-22 10:35:17,23651.4062,608.35
2011-07-22 10:40:17,25696.431,626.4211
2011-07-22 10:45:17,26004.6294,627.6316
2011-07-22 10:50:17,26556.719,626.55
2011-07-22 10:55:17,28698.2053,638.7895
2011-07-22 11:00:17,29961.8509,667.2
2011-07-22 11:05:18,30551.7957,677.3158
2011-07-22 11:10:18,31316.2822,685.8421
2011-07-22 11:15:18,31585.2314,694.05
2011-07-22 11:20:18,31973.5818,706.85
2011-07-22 11:25:18,32100.9659,715.6316
2011-07-22 11:30:18,32774.2754,738.55
2011-07-22 11:35:18,33006.9916,744.15
2011-07-22 11:40:18,33205.7687,758.45
2011-07-22 11:45:18,32761.062,748.8333
2011-07-22 11:50:23,33281.2129,767.3333
2011-07-22 11:55:22,33935.5213,795.3
2011-07-22 12:00:22,33312.3302,770.1
2011-07-22 12:05:22,33528.0536,773.8
2011-07-22 12:10:23,33905.8673,794.2105
2011-07-22 12:15:23,33962.8039,800.55
2011-07-22 12:20:23,35161.3201,823.65
2011-07-22 12:25:23,35006.774,826.8947
2011-07-22 12:30:23,35486.6058,842.2105
2011-07-22 12:35:23,35368.7394,845.15
2011-07-22 12:40:23,35483.6601,853.3684
2011-07-22 12:45:23,36065.3915,869.0
2011-07-22 12:50:23,36373.4762,874.9
2011-07-22 12:55:23,35846.0625,862.2105
2011-07-22 13:00:23,37010.5865,878.0526
2011-07-22 13:05:22,38411.3787,913.7
2011-07-22 13:10:21,36691.4255,864.75
2011-07-22 13:15:21,13986.1999,361.25
2011-07-22 13:20:22,40694.7966,942.1579
2011-07-22 13:25:22,38558.7555,897.4737
2011-07-22 13:30:22,38358.3156,903.65
2011-07-22 13:35:22,29572.7227,669.6842
2011-07-22 13:40:22,38440.8308,904.15
2011-07-22 13:45:22,37377.8412,893.5
2011-07-22 13:50:22,25257.8525,597.15
2011-07-22 13:55:22,24814.06,557.2105
2011-07-22 14:00:22,35788.0436,820.0
2011-07-22 14:05:23,38900.836,896.3158
2011-07-22 14:10:23,37970.0202,888.2105
2011-07-22 14:15:23,36840.8599,901.3
2011-07-22 14:20:23,36759.4081,892.9
2011-07-22 14:25:23,36186.0425,885.8421
2011-07-22 14:30:23,35625.4629,871.0556
2011-07-22 14:35:23,35807.9668,873.4211
2011-07-22 14:40:23,35754.4573,866.0
2011-07-22 14:45:23,36260.191,869.35
2011-07-22 14:50:23,35736.8212,849.0
2011-07-22 14:55:23,31507.2655,748.5
2011-07-22 15:00:23,30279.1111,743.5
2011-07-22 15:05:23,35290.7311,827.65
2011-07-22 15:10:23,35161.1012,817.1579
2011-07-22 15:15:23,35379.725,813.0
2011-07-22 15:20:23,30442.3883,707.8421
2011-07-22 15:25:23,33019.5199,768.55
2011-07-22 15:30:23,33829.8421,782.7
2011-07-22 15:35:23,33276.8119,771.5
2011-07-22 15:40:23,33496.3594,763.75
2011-07-22 15:45:23,32997.1296,748.3684
2011-07-22 15:50:23,31783.2556,721.85
2011-07-22 15:55:23,30806.0439,692.9474
2011-07-22 16:00:23,32387.9913,739.6842
2011-07-22 16:05:23,32063.879,730.9
2011-07-22 16:10:23,29847.8473,672.3
2011-07-22 16:15:23,28427.3871,646.2
2011-07-22 16:20:23,31208.6444,700.7368
2011-07-22 16:25:23,29737.1977,657.3158
2011-07-22 16:30:23,28081.6578,620.2
2011-07-22 16:35:23,27525.0255,609.6667
2011-07-22 16:40:24,28023.7213,618.35
2011-07-22 16:45:24,27741.1954,609.85
2011-07-22 16:50:24,26393.3076,577.5789
2011-07-22 16:55:25,22933.5193,505.6842
2011-07-22 17:00:29,20069.5371,443.8182
2011-07-22 17:05:32,18094.5851,406.5882
2011-07-22 17:10:32,17192.1974,379.8
2011-07-22 17:15:32,15892.5038,359.6
2011-07-22 17:20:32,15986.0405,357.5263
2011-07-22 17:25:32,14905.9844,336.9474
2011-07-22 17:30:32,12119.8324,280.65
2011-07-22 17:35:32,10430.8976,243.75
2011-07-22 17:40:32,8604.0793,204.95
2011-07-22 17:45:33,7383.5833,179.7
2011-07-22 17:50:33,7023.0637,172.0526
2011-07-22 17:55:33,6612.9469,163.0526
2011-07-22 18:00:33,6340.7174,155.8421
2011-07-22 18:05:33,6015.3348,148.25
2011-07-22 18:10:33,5770.4807,142.75
2011-07-22 18:15:33,5602.3502,138.35
2011-07-22 18:20:33,5457.1438,135.0
2011-07-22 18:25:33,5239.5472,129.95
2011-07-22 18:30:33,5005.532,124.0
2011-07-22 18:35:34,4808.5969,118.7895
2011-07-22 18:40:34,4617.9559,113.5
2011-07-22 18:45:34,4433.2135,108.35
2011-07-22 18:50:34,4266.4944,103.5
2011-07-22 18:55:34,4038.5142,97.5263
2011-07-22 19:00:34,3749.2107,90.2381
2011-07-22 19:05:34,3509.3489,83.9474
2011-07-22 19:10:34,3267.1439,77.9
2011-07-22 19:15:35,3055.9741,72.35
2011-07-22 19:20:35,2841.2519,67.1053
2011-07-22 19:25:35,2626.0322,61.55
2011-07-22 19:30:35,2360.2249,54.9
2011-07-22 19:35:35,2095.4121,48.0
2011-07-22 19:40:35,1872.278,42.35
2011-07-22 19:45:35,1663.1264,36.65
2011-07-22 19:50:35,1482.9212,31.95
2011-07-22 19:55:37,1262.1331,26.0
2011-07-22 20:00:37,1055.7265,21.1053
2011-07-22 20:05:37,840.8578,16.35
2011-07-22 20:10:37,647.8808,12.25
2011-07-22 20:15:37,433.3094,7.85
2011-07-22 20:20:37,67.6396,2.3
2011-07-22 20:25:37,0.0,0.0
2011-07-22 20:30:37,0.0,0.0
2011-07-22 20:35:38,0.0,0.0
2011-07-23 06:00:36,0.0,0.6471
2011-07-23 06:05:37,0.0,1.25
2011-07-23 06:10:37,0.0,3.7
2011-07-23 06:15:37,0.0,6.6316
2011-07-23 06:20:37,0.0,10.1
2011-07-23 06:25:39,0.0,13.5
2011-07-23 06:30:39,0.0,17.6471
2011-07-23 06:35:39,101.2098,21.75
2011-07-23 06:40:39,486.1115,25.35
2011-07-23 06:45:39,867.1801,29.5263
2011-07-23 06:50:40,1237.1686,34.05
2011-07-23 06:55:39,1395.499,38.3
2011-07-23 07:00:39,1537.5511,42.2632
2011-07-23 07:05:38,1683.5286,46.35
2011-07-23 07:10:38,1806.9723,50.05
2011-07-23 07:15:38,1944.4672,54.2632
2011-07-23 07:20:38,2060.4568,57.5263
2011-07-23 07:25:38,2197.0353,61.9
2011-07-23 07:30:38,2389.0198,67.9474
2011-07-23 07:35:38,2573.398,73.5
2011-07-23 07:40:38,2801.5149,80.7895
2011-07-23 07:45:38,3095.4645,90.2105
2011-07-23 07:50:38,3608.1254,106.7
2011-07-23 07:55:38,5205.9748,139.9048
2011-07-23 08:00:38,5668.196,125.7368
2011-07-23 08:05:38,4568.4511,109.0
2011-07-23 08:10:39,5563.4486,144.0
2011-07-23 08:15:39,4766.8064,126.5
2011-07-23 08:20:39,5345.2226,136.7
2011-07-23 08:25:39,5577.9392,140.7368
2011-07-23 08:30:39,5025.763,122.3
2011-07-23 08:35:39,3625.647,85.3158
2011-07-23 08:45:40,3111.7427,72.75
2011-07-23 08:50:40,3420.087,81.45
2011-07-23 08:55:40,5998.1204,147.6316
2011-07-23 09:00:40,9191.869,224.75
2011-07-23 09:05:41,11359.5438,277.2632
2011-07-23 09:10:41,12324.4499,329.3333
2011-07-23 09:15:41,10179.5995,256.25
2011-07-23 09:20:40,9480.3476,221.1
2011-07-23 09:25:40,9876.9643,257.5263
2011-07-23 09:30:40,9603.5448,269.25
2011-07-23 09:35:40,7979.84,203.95
2011-07-23 09:40:41,7115.0511,183.2105
2011-07-23 09:45:41,7133.6419,196.95
2011-07-23 09:50:41,7840.4206,229.7
2011-07-23 09:55:41,7767.7339,225.1667
2011-07-23 10:00:41,7571.617,217.8
2011-07-23 10:05:41,8687.0285,266.2632
2011-07-23 10:10:41,11013.6841,336.7
2011-07-23 10:15:41,15931.9114,483.4
2011-07-23 10:20:41,19670.5806,569.4211
2011-07-23 10:25:41,20723.4782,570.8421
2011-07-23 10:30:41,20622.5533,559.7
2011-07-23 10:35:41,25737.3908,655.7895
2011-07-23 10:45:41,24350.7613,565.8947
2011-07-23 10:50:41,28409.9092,651.1
2011-07-23 10:55:41,31306.7703,696.3
2011-07-23 11:00:41,30493.1465,683.6316
2011-07-23 11:05:40,27741.6625,613.75
2011-07-23 11:10:40,32689.5186,712.0
2011-07-23 11:15:40,33948.4726,743.4
2011-07-23 11:20:40,34176.2999,752.8421
2011-07-23 11:25:40,34433.8008,763.45
2011-07-23 11:30:40,34782.3702,776.9
2011-07-23 11:35:41,35439.1603,795.25
2011-07-23 11:40:41,36171.4842,820.4737
2011-07-23 11:45:41,37874.3645,863.15
2011-07-23 11:50:41,27802.4526,640.2778
2011-07-23 11:55:41,37501.6793,852.05
2011-07-23 12:00:41,38513.1383,883.1579
2011-07-23 12:05:42,39123.9014,898.3
2011-07-23 12:10:42,39013.0729,892.5789
2011-07-23 12:15:42,39746.074,922.45
2011-07-23 12:20:42,33878.8185,807.2
2011-07-23 12:25:42,28596.7407,688.4737
2011-07-23 12:30:42,25280.6804,599.15
2011-07-23 12:35:42,26260.8368,643.6
2011-07-23 12:40:42,37254.7474,856.6842
2011-07-23 12:45:42,45721.8768,1076.85
2011-07-23 12:50:42,34649.1152,839.2632
2011-07-23 12:55:42,23197.2188,569.75
2011-07-23 13:00:42,27269.4541,657.7895
2011-07-23 13:05:41,30818.7967,737.95
2011-07-23 13:10:41,34370.598,802.0526
2011-07-23 13:15:41,24814.6634,581.65
2011-07-23 13:20:43,14009.6745,352.9444
2011-07-23 13:25:44,13584.056,338.2353
2011-07-23 13:30:44,14582.447,359.1
2011-07-23 13:35:44,15355.6687,373.3684
2011-07-23 13:40:45,17200.4708,406.95
2011-07-23 13:45:45,22355.7902,510.5263
2011-07-23 13:50:45,45761.4356,1015.2
2011-07-23 13:55:45,44197.175,1020.4737
2011-07-23 14:00:45,41875.1584,980.35
2011-07-23 14:05:46,42876.3771,1019.8
2011-07-23 14:10:46,36843.2949,872.05
2011-07-23 14:15:46,25926.2893,628.0
2011-07-23 14:20:46,43077.5333,1000.0
2011-07-23 14:25:46,39328.287,903.0
2011-07-23 14:30:46,20796.4386,494.2105
2011-07-23 14:35:46,15975.8403,379.6316
2011-07-23 14:40:48,16291.4271,397.85
2011-07-23 14:45:48,17312.5149,413.5263
2011-07-23 14:50:48,16830.032,411.5263
2011-07-23 14:55:48,38790.5762,878.15
2011-07-23 15:00:48,41412.3794,953.0526
2011-07-23 15:05:48,38535.4024,904.95
2011-07-23 15:10:48,36542.1811,866.55
2011-07-23 15:15:48,35238.6886,832.25
2011-07-23 15:20:48,34414.9664,807.2105
2011-07-23 15:25:48,33491.2221,794.45
2011-07-23 15:30:48,33356.9779,783.15
2011-07-23 15:35:48,33497.9953,773.9
2011-07-23 15:40:48,33352.5203,765.0526
2011-07-23 15:45:48,32549.1471,751.6842
2011-07-23 15:50:48,31647.0425,738.25
2011-07-23 15:55:48,31198.3607,724.2632
2011-07-23 16:00:48,30979.7939,713.75
2011-07-23 16:05:47,30117.2649,692.6842
2011-07-23 16:10:47,29646.224,677.6316
2011-07-23 16:15:47,29209.1294,669.8947
2011-07-23 16:20:47,28911.2934,657.65
2011-07-23 16:25:50,29138.7515,654.4444
2011-07-23 16:30:50,29064.8631,644.0526
2011-07-23 16:35:50,28300.7853,627.35
2011-07-23 16:40:50,27406.305,606.7895
2011-07-23 16:45:50,27101.9131,597.45
2011-07-23 16:50:50,26841.4328,589.3
2011-07-23 16:55:51,25629.1513,563.6842
2011-07-23 17:00:51,24843.3536,544.3
2011-07-23 17:05:52,23483.8257,517.95
2011-07-23 17:10:53,22809.8194,499.95
2011-07-23 17:15:53,21811.2872,480.1053
2011-07-23 17:20:53,20620.7003,453.6
2011-07-23 17:25:53,19437.8857,429.2
2011-07-23 17:30:54,17942.9533,396.8
2011-07-23 17:35:53,17293.1196,377.9
2011-07-23 17:40:54,15738.8904,345.0526
2011-07-23 17:45:54,12954.8292,292.7368
2011-07-23 17:50:54,10852.2855,248.7
2011-07-23 17:55:53,9742.3827,222.25
2011-07-23 18:00:53,9632.8396,221.65
2011-07-23 18:05:53,9497.8952,213.4737
2011-07-23 18:10:53,9108.4642,204.6
2011-07-23 18:20:53,8266.6187,187.3158
2011-07-23 18:25:53,6712.6521,161.05
2011-07-23 18:30:54,6255.2002,148.95
2011-07-23 18:35:54,7427.2512,163.7895
2011-07-23 18:40:54,7234.8159,162.95
2011-07-23 18:45:54,5858.1134,139.25
2011-07-23 18:50:54,5727.5385,132.45
2011-07-23 18:55:54,7813.1381,163.5789
2011-07-23 19:00:54,7754.0326,164.0526
2011-07-23 19:05:53,8017.0527,156.7
2011-07-23 19:10:53,7524.1475,139.15
2011-07-23 19:15:53,5797.0461,121.3
2011-07-23 19:20:53,4356.4323,98.4211
2011-07-23 19:25:53,3693.1372,83.25
2011-07-23 19:30:53,3508.3029,72.75
2011-07-23 19:35:53,3460.9777,72.2
2011-07-23 19:40:53,3048.8429,66.3
2011-07-23 19:45:53,2615.7596,57.4737
2011-07-23 19:50:53,2386.3787,51.2
2011-07-23 19:55:53,2018.6788,42.0526
2011-07-23 20:00:53,1785.9517,35.65
2011-07-23 20:05:54,1191.4712,23.6
2011-07-23 20:10:54,711.9635,13.8421
2011-07-23 20:15:54,333.2843,7.15
2011-07-23 20:20:54,23.2855,2.35
2011-07-23 20:25:54,0.0,0.0
2011-07-23 20:30:54,0.0,0.0
2011-07-23 20:35:54,0.0,0.0
2011-07-24 06:00:55,0.0,0.4
2011-07-24 06:05:55,0.0,0.65
2011-07-24 06:10:56,0.0,3.25
2011-07-24 06:15:56,0.0,6.8947
2011-07-24 06:20:56,0.0,10.5
2011-07-24 06:25:56,0.0,14.75
2011-07-24 06:30:56,0.0,19.25
2011-07-24 06:35:56,365.8742,22.9
2011-07-24 06:40:56,848.1107,27.5789
2011-07-24 06:45:56,1205.2593,32.55
2011-07-24 06:50:56,1506.6099,39.1
2011-07-24 06:55:56,1681.685,44.5
2011-07-24 07:00:56,1976.0821,51.5
2011-07-24 07:05:57,2228.6702,58.4
2011-07-24 07:10:57,2338.3444,62.6316
2011-07-24 07:15:57,2440.2644,66.8
2011-07-24 07:20:57,2601.0522,71.35
2011-07-24 07:25:57,2754.4245,76.2105
2011-07-24 07:30:57,3022.9078,83.2
2011-07-24 07:35:57,3339.5261,91.7
2011-07-24 07:40:57,4283.6408,112.5789
2011-07-24 07:45:58,3821.996,94.9
2011-07-24 07:50:58,3405.3559,84.0
2011-07-24 07:55:58,3477.0933,87.3
2011-07-24 08:00:58,3657.1297,93.5
2011-07-24 08:05:57,3916.7157,104.8
2011-07-24 08:10:57,4520.485,121.0
2011-07-24 08:15:57,4853.2897,130.7
2011-07-24 08:25:01,5160.6038,139.0526
2011-07-24 08:30:01,5415.1464,146.7
2011-07-24 08:35:01,5581.7059,151.15
2011-07-24 08:40:01,5638.2451,157.0
2011-07-24 08:50:02,6134.7701,170.5
2011-07-24 08:55:02,6076.25,168.35
2011-07-24 09:00:02,6601.5847,176.9474
2011-07-24 09:05:02,7692.7994,195.9
2011-07-24 09:10:02,9213.0811,253.7895
2011-07-24 09:15:02,8958.6415,313.5
2011-07-24 09:20:05,9533.811,354.3333
2011-07-24 09:25:06,10307.4533,393.55
2011-07-24 09:30:06,12405.5705,422.7368
2011-07-24 09:35:06,12483.0275,392.45
2011-07-24 09:40:06,9309.872,262.9
2011-07-24 09:45:06,9663.513,273.55
2011-07-24 09:50:06,14037.6343,449.2632
2011-07-24 09:55:06,14332.926,447.0
2011-07-24 10:00:06,16275.1479,505.55
2011-07-24 10:05:06,16657.6151,517.9048
2011-07-24 10:10:06,17503.5557,514.7368
2011-07-24 10:15:07,19332.629,551.8
2011-07-24 10:20:07,20825.0714,571.85
2011-07-24 10:25:07,21677.6077,569.3158
2011-07-24 10:30:07,23693.0023,618.8421
2011-07-24 10:35:07,25444.5591,632.2
2011-07-24 10:40:07,25639.3533,610.8421
2011-07-24 10:45:07,27223.1537,643.65
2011-07-24 10:50:07,29711.6006,681.1579
2011-07-24 10:55:06,30165.0179,670.35
2011-07-24 11:00:07,27758.8897,618.4211
2011-07-24 11:05:06,28117.1095,627.6
2011-07-24 11:10:05,29798.837,681.6842
2011-07-24 11:15:05,35821.6194,807.95
2011-07-24 11:20:05,26202.9071,591.4211
2011-07-24 11:25:06,33889.364,756.7
2011-07-24 11:30:06,29338.8211,665.85
2011-07-24 11:35:06,30092.7812,688.95
2011-07-24 11:40:06,29877.2298,667.5625
2011-07-24 11:45:06,30493.3354,691.45
2011-07-24 11:50:06,35660.3087,800.5
2011-07-24 11:55:06,39675.6715,883.1579
2011-07-24 12:00:06,34188.6307,787.6
2011-07-24 12:05:06,29967.8553,699.3
2011-07-24 12:10:06,40125.2127,904.4737
2011-07-24 12:15:06,37780.2797,864.25
2011-07-24 12:20:06,39081.0399,892.25
2011-07-24 12:25:06,38858.2521,904.7895
2011-07-24 12:30:06,40355.9283,948.95
2011-07-24 12:40:06,26336.9428,651.3684
2011-07-24 12:45:06,29338.0829,700.6
2011-07-24 12:50:06,24200.9123,585.6842
2011-07-24 12:55:06,22251.0728,538.75
2011-07-24 13:00:06,19363.7174,469.45
2011-07-24 13:05:07,18706.1027,455.9
2011-07-24 13:10:07,19929.3807,483.6316
2011-07-24 13:15:07,19725.6397,476.4
2011-07-24 13:20:07,19552.5552,469.8421
2011-07-24 13:25:07,16564.2229,398.85
2011-07-24 13:30:07,15872.2805,382.5263
2011-07-24 13:35:07,16105.56,387.55
2011-07-24 13:40:07,16484.8773,394.0
2011-07-24 13:45:07,16765.5501,395.1053
2011-07-24 13:50:07,19040.0468,439.8
2011-07-24 13:55:07,21912.4539,509.95
2011-07-24 14:00:07,44018.982,959.75
2011-07-24 14:05:06,39679.297,896.5789
2011-07-24 14:10:06,31292.2739,727.8
2011-07-24 14:15:06,21677.8877,506.8
2011-07-24 14:20:06,18061.6082,427.1579
2011-07-24 14:25:06,38500.2215,861.2
2011-07-24 14:30:06,42689.0814,952.3158
2011-07-24 14:35:06,40314.2372,912.35
2011-07-24 14:40:06,36515.3916,829.7
2011-07-24 14:45:06,39438.5229,888.3684
2011-07-24 14:50:06,38531.686,865.9
2011-07-24 14:55:06,36804.3672,837.5
2011-07-24 15:00:06,34998.2994,796.9474
2011-07-24 15:05:07,35634.9472,809.35
2011-07-24 15:10:07,37023.6264,840.3
2011-07-24 15:15:07,36094.8053,815.15
2011-07-24 15:20:07,35541.4413,796.1
2011-07-24 15:25:07,33286.6849,763.1053
2011-07-24 15:30:07,35086.1137,789.35
2011-07-24 15:35:09,34196.5494,763.6111
2011-07-24 15:40:10,35670.787,798.1053
2011-07-24 15:45:10,34868.2508,779.3684
2011-07-24 15:50:10,34269.5045,761.25
2011-07-24 15:55:11,28986.0541,646.7
2011-07-24 16:00:11,25361.9032,572.0
2011-07-24 16:05:11,25324.9656,577.1579
2011-07-24 16:10:11,34350.7377,760.7368
2011-07-24 16:20:11,29005.1864,638.4737
2011-07-24 16:25:11,30449.6221,668.0
2011-07-24 16:30:11,30184.7153,656.3
2011-07-24 16:35:11,29651.7474,650.5789
2011-07-24 16:40:11,29775.2445,652.7895
2011-07-24 16:45:11,29331.7072,643.45
2011-07-24 16:50:11,27270.9381,590.55
2011-07-24 16:55:11,26294.1233,568.5263
2011-07-24 17:00:11,26270.8888,566.3
2011-07-24 17:05:10,20096.6196,451.7
2011-07-24 17:10:10,19967.1006,439.2632
2011-07-24 17:15:10,24434.6072,525.95
2011-07-24 17:20:10,24087.1822,521.75
2011-07-24 17:25:10,23736.4697,513.5789
2011-07-24 17:30:10,20114.8681,443.4
2011-07-24 17:35:10,21567.9658,466.95
2011-07-24 17:40:10,18649.7872,402.7895
2011-07-24 17:45:10,15593.5732,341.8421
2011-07-24 17:50:10,11275.2343,254.85
2011-07-24 17:55:10,8545.217,201.35
2011-07-24 18:00:10,8863.5495,204.0526
2011-07-24 18:05:11,10678.4479,230.3158
2011-07-24 18:10:11,9085.6754,203.3
2011-07-24 18:15:11,9990.0401,212.65
2011-07-24 18:20:11,13060.7969,256.7895
2011-07-24 18:25:11,13876.8807,278.5
2011-07-24 18:30:11,13037.1137,269.2632
2011-07-24 18:35:11,10567.0958,236.9
2011-07-24 18:40:11,7421.6532,179.95
2011-07-24 18:45:11,6113.7089,144.0
2011-07-24 18:50:11,4609.3566,107.4737
2011-07-24 18:55:11,3800.5558,87.3
2011-07-24 19:00:11,2754.9432,62.0
2011-07-24 19:05:11,2079.3412,47.55
2011-07-24 19:10:12,1903.8792,46.0526
2011-07-24 19:15:12,1880.7898,46.2
2011-07-24 19:20:16,1820.7647,46.0588
2011-07-24 19:25:16,2004.1236,49.75
2011-07-24 19:30:16,2533.823,63.0
2011-07-24 19:35:16,3205.1863,72.25
2011-07-24 19:40:16,3335.4398,74.1
2011-07-24 19:45:16,3635.7423,74.4211
2011-07-24 19:50:16,3526.1649,61.75
2011-07-24 19:55:16,2847.1648,45.3684
2011-07-24 20:00:16,2421.7258,39.7
2011-07-24 20:05:15,1941.6993,28.8
2011-07-24 20:10:15,1279.4187,18.7895
2011-07-24 20:15:15,543.509,7.8
2011-07-24 20:20:15,15.083,0.8
2011-07-24 20:25:18,0.0,0.0
2011-07-24 20:30:22,0.0,0.0
2011-07-25 06:00:23,0.0,0.0556
2011-07-25 06:05:23,0.0,0.05
2011-07-25 06:10:23,0.0,0.3
2011-07-25 06:15:23,0.0,3.35
2011-07-25 06:20:23,0.0,6.85
2011-07-25 06:25:23,0.0,9.4211
2011-07-25 06:30:23,0.0,10.55
2011-07-25 06:35:23,0.0,13.5238
2011-07-25 06:40:23,223.6991,16.9474
2011-07-25 06:45:23,786.9713,22.7
2011-07-25 06:50:23,1175.8931,28.8
2011-07-25 06:55:23,1364.762,33.9474
2011-07-25 07:00:23,1504.3888,38.25
2011-07-25 07:05:24,1641.6491,42.55
2011-07-25 07:10:27,1799.6903,47.7222
2011-07-25 07:15:27,1890.8799,50.5263
2011-07-25 07:20:27,2053.2116,55.5
2011-07-25 07:25:27,2164.2724,59.15
2011-07-25 07:30:27,2267.4104,62.3684
2011-07-25 07:35:28,2439.3382,66.95
2011-07-25 07:40:28,2566.5262,70.5
2011-07-25 07:45:28,2696.0431,73.6842
2011-07-25 07:50:28,2832.6758,77.65
2011-07-25 07:55:28,2964.947,81.4737
2011-07-25 08:00:28,3066.4071,84.2
2011-07-25 08:05:27,3238.2179,90.05
2011-07-25 08:10:27,3407.4586,94.7368
2011-07-25 08:15:27,3608.4693,100.15
2011-07-25 08:20:27,3798.0683,105.9
2011-07-25 08:25:27,3969.0132,111.45
2011-07-25 08:30:27,4133.8586,115.3158
2011-07-25 08:35:27,4276.827,119.7
2011-07-25 08:40:27,4515.3026,125.5
2011-07-25 08:45:27,4764.8114,131.65
2011-07-25 08:50:27,5234.0457,145.75
2011-07-25 08:55:27,5486.0305,154.4737
2011-07-25 09:00:27,6173.0728,165.65
2011-07-25 09:05:27,6727.1135,169.05
2011-07-25 09:10:29,6411.2635,195.9444
2011-07-25 09:15:29,7375.6341,287.2
2011-07-25 09:20:29,7498.0218,290.2632
2011-07-25 09:25:29,9847.324,397.75
2011-07-25 09:30:29,10244.9566,373.5789
2011-07-25 09:35:29,12251.7768,445.3333
2011-07-25 09:40:29,12348.1689,430.0
2011-07-25 09:45:29,11290.3347,386.6
2011-07-25 09:50:29,13097.1627,427.1579
2011-07-25 09:55:29,14623.1693,471.15
2011-07-25 10:00:29,15287.4554,487.7895
2011-07-25 10:05:30,16088.1668,511.05
2011-07-25 10:10:30,17965.3421,537.2778
2011-07-25 10:15:30,19360.7863,558.0526
2011-07-25 10:20:30,20675.6147,570.0
2011-07-25 10:25:30,20921.1613,569.3684
2011-07-25 10:30:30,22821.4797,589.6
2011-07-25 10:35:30,24460.6698,605.2632
2011-07-25 10:40:30,25411.0606,608.75
2011-07-25 10:45:30,27091.145,639.8947
2011-07-25 10:50:30,27840.7601,626.5789
2011-07-25 10:55:30,28739.2822,635.3158
2011-07-25 11:00:30,31639.1912,692.05
2011-07-25 11:05:29,30189.1496,655.6316
2011-07-25 11:10:29,30710.083,698.8
2011-07-25 11:15:29,13663.6354,345.1579
2011-07-25 11:20:29,35931.7231,761.65
2011-07-25 11:25:29,32741.2662,724.45
2011-07-25 11:30:29,34603.2454,756.3158
2011-07-25 11:35:29,33613.2468,734.35
2011-07-25 11:40:29,22501.5122,515.8947
2011-07-25 11:45:29,12579.3324,307.1
2011-07-25 11:50:29,30031.5299,649.85
2011-07-25 11:55:29,14623.2628,377.6842
2011-07-25 12:00:29,20116.2281,512.7
2011-07-25 12:05:29,35902.4953,790.15
2011-07-25 12:10:29,30763.1367,693.8421
2011-07-25 12:15:29,29341.5796,693.7895
2011-07-25 12:20:29,35820.4636,796.7
2011-07-25 12:25:30,41650.1479,938.8421
2011-07-25 12:30:33,42446.1128,971.75
2011-07-25 12:35:33,42470.6024,980.8421
2011-07-25 12:40:33,35726.5096,857.65
2011-07-25 12:45:33,15107.427,385.8
2011-07-25 12:50:33,24562.3101,541.0526
2011-07-25 12:55:33,20190.7559,483.65
2011-07-25 13:00:33,27637.6469,641.4737
2011-07-25 13:05:34,31054.4059,728.65
2011-07-25 13:10:34,28882.075,684.25
2011-07-25 13:15:35,19730.5688,461.2632
2011-07-25 13:20:35,21067.3021,494.7895
2011-07-25 13:25:35,36493.7468,825.1
2011-07-25 13:30:34,28452.8063,644.1053
2011-07-25 13:35:34,20400.9893,500.05
2011-07-25 13:40:34,15109.5444,385.0
2011-07-25 13:45:34,8437.2907,232.1
2011-07-25 13:50:34,4592.3913,133.1053
2011-07-25 13:55:34,3312.434,89.9
2011-07-25 14:00:34,2791.727,71.9474
2011-07-25 14:05:33,2683.5115,67.4
2011-07-25 14:10:33,2586.6122,62.7368
2011-07-25 14:15:37,2316.0642,54.5
2011-07-25 14:20:37,2051.4359,49.0
2011-07-25 14:25:38,1769.36,43.2
2011-07-25 14:30:38,1630.0351,41.7
2011-07-25 14:35:38,1667.5823,44.3684
2011-07-25 14:40:38,1376.3492,37.8
2011-07-25 14:45:38,974.75,27.2
2011-07-25 14:50:38,941.8422,27.8
2011-07-25 14:55:38,760.5716,23.8
2011-07-25 15:00:38,672.288,22.4737
2011-07-25 15:05:38,371.8609,14.05
2011-07-25 15:10:38,414.9881,16.8421
2011-07-25 15:15:38,409.9323,17.0
2011-07-25 15:20:38,529.2081,22.05
2011-07-25 15:25:38,601.2956,25.2105
2011-07-25 15:30:39,578.2582,23.25
2011-07-25 15:35:39,1125.1923,37.95
2011-07-25 15:40:39,1115.2641,35.0
2011-07-25 15:45:39,1032.1437,31.1579
2011-07-25 15:50:39,1067.7545,31.7
2011-07-25 15:55:39,1243.0758,36.4737
2011-07-25 16:00:39,1615.8037,46.45
2011-07-25 16:05:40,1992.1903,55.95
2011-07-25 16:10:40,2768.3476,75.6842
2011-07-25 16:15:40,4477.4803,121.15
2011-07-25 16:20:40,6353.9103,168.75
2011-07-25 16:25:40,7844.0049,205.1579
2011-07-25 16:30:40,11124.3853,279.7
2011-07-25 16:35:40,8881.4985,209.8947
2011-07-25 16:40:40,7508.3959,180.1579
2011-07-25 16:45:40,8156.5148,196.7368
2011-07-25 17:00:40,6031.7256,146.5167
2011-07-25 17:15:39,4124.7838,105.3393
2011-07-25 17:30:39,2842.2699,71.2373
2011-07-25 17:45:40,3351.5438,82.2373
2011-07-25 18:00:40,5752.5497,145.8
2011-07-25 18:15:40,4622.5683,111.8644
2011-07-25 18:30:40,3438.9025,82.7
2011-07-25 18:45:39,4557.7336,106.678
2011-07-25 19:00:39,9690.5301,191.1525
2011-07-25 19:15:41,5423.9378,100.4167
2011-07-25 19:30:41,4145.2087,71.8983
2011-07-25 19:45:42,2397.0026,52.2667
2011-07-25 20:00:41,1372.1956,30.8814
2011-07-25 20:15:41,695.1021,13.2
2011-07-25 20:30:41,184.1882,3.1333
2011-07-25 20:45:41,0.0,0.1154
2011-07-26 06:00:39,0.0,0.6757
2011-07-26 06:15:39,0.0,3.1167
2011-07-26 06:30:40,105.9923,12.5833
2011-07-26 06:45:40,808.5819,21.8833
2011-07-26 07:00:40,1106.6882,28.5085
2011-07-26 07:15:40,1248.0412,31.9661
2011-07-26 07:30:40,1375.9923,35.0
2011-07-26 07:45:40,1499.0999,37.7333
2011-07-26 08:00:40,1559.4305,38.5932
2011-07-26 08:15:40,1646.4293,40.7333
2011-07-26 08:30:40,1725.0435,42.3833
2011-07-26 08:45:40,1888.0733,46.1833
2011-07-26 09:00:40,2884.2769,50.4167
2011-07-26 09:15:40,4622.2195,184.9483
2011-07-26 09:30:40,7335.462,441.0
2011-07-26 09:45:40,10350.5022,496.2542
2011-07-26 10:00:40,13564.2472,548.661
2011-07-26 10:15:40,18022.2329,596.4828
2011-07-26 10:30:40,23096.0293,643.8644
2011-07-26 10:45:40,28653.4528,682.1
2011-07-26 11:00:40,33779.6505,722.8644
2011-07-26 11:15:40,35929.8281,760.7458
2011-07-26 11:30:40,37223.4685,797.1356
2011-07-26 11:45:40,38028.0384,826.5833
2011-07-26 12:00:41,38467.4218,851.1379
2011-07-26 12:15:41,39142.2037,872.4
2011-07-26 12:30:41,39582.3208,895.6167
2011-07-26 12:45:40,40012.6299,911.8644
2011-07-26 13:00:40,39950.8855,923.4333
2011-07-26 13:30:31,40362.2395,932.86
2011-07-26 13:45:32,41263.4133,940.5
2011-07-26 14:00:32,41138.1263,936.8148
2011-07-26 14:15:32,41271.7954,934.3158
2011-07-26 14:30:32,40807.0978,925.875
2011-07-26 14:45:32,39758.2966,908.1091
2011-07-26 15:00:32,39441.2257,892.9298
2011-07-26 15:15:32,39042.0594,873.5636
2011-07-26 15:30:32,38510.8742,852.3571
2011-07-26 15:45:32,37593.3318,825.9636
2011-07-26 16:00:32,36188.8001,791.9286
2011-07-26 16:15:33,34762.5191,754.8596
2011-07-26 16:30:34,32962.2758,707.5536
2011-07-26 16:45:34,31227.6941,669.1071
2011-07-26 17:00:34,29400.2822,624.4909
2011-07-26 17:15:33,26765.7353,565.4364
2011-07-26 17:30:33,24295.0219,516.1607
2011-07-26 17:45:33,21559.641,459.8772
2011-07-26 18:00:33,18940.8696,400.1818
2011-07-26 18:15:33,16188.6708,341.9643
2011-07-26 18:30:33,13451.1308,281.9464
2011-07-26 18:45:33,10836.6966,223.9107
2011-07-26 19:00:33,8292.62,168.9643
2011-07-26 19:15:34,5912.5836,65.0893
2011-07-26 19:30:34,3800.9558,48.2456
2011-07-26 19:45:35,1292.5908,27.0556
2011-07-26 20:00:35,523.6964,11.0351
2011-07-26 20:15:35,239.1625,5.2321
2011-07-26 20:30:35,0.0,0.3036
2011-07-26 20:45:34,0.0,0.0
2011-07-27 06:00:32,0.0,0.9394
2011-07-27 06:15:32,0.0,3.0
2011-07-27 06:30:32,120.3558,11.7321
2011-07-27 06:45:32,761.4861,20.1786
2011-07-27 07:00:32,1019.3473,26.7857
2011-07-27 07:15:32,1194.2259,30.8929
2011-07-27 07:30:32,1326.9659,34.1071
2011-07-27 07:45:32,1447.2968,36.9464
2011-07-27 08:00:32,1567.1767,39.4727
2011-07-27 08:15:32,1660.479,41.4643
2011-07-27 08:30:32,1764.7042,43.5
2011-07-27 08:45:32,1900.0614,45.9643
2011-07-27 09:00:32,2859.1449,47.9643
2011-07-27 09:15:32,4489.5071,185.9636
2011-07-27 09:30:33,7198.0255,445.4464
2011-07-27 09:45:33,10348.6803,499.9273
2011-07-27 10:00:34,13621.789,551.9464
2011-07-27 10:15:34,18414.8414,604.2909
2011-07-27 10:30:34,23598.8221,651.1964
2011-07-27 10:45:34,29528.4943,693.2143
2011-07-27 11:00:34,34252.552,727.4182
2011-07-27 11:15:34,36609.6532,767.9123
2011-07-27 11:30:34,37748.5651,801.2321
2011-07-27 11:45:34,38579.6735,832.4545
2011-07-27 12:00:40,39402.2615,858.6538
2011-07-27 12:15:40,40282.5496,882.6786
2011-07-27 12:30:40,41287.3992,907.8393
2011-07-27 12:45:40,41773.1037,924.9643
2011-07-27 13:00:40,42072.3727,939.0526
2011-07-27 13:15:40,42532.9618,952.5179
2011-07-27 13:30:40,42149.0876,955.2909
2011-07-27 13:45:40,42011.5821,953.75
2011-07-27 14:00:40,42565.1941,953.6429
2011-07-27 14:15:41,41603.9541,946.4464
2011-07-27 14:30:41,41947.9132,941.625
2011-07-27 14:45:41,41670.7523,929.0357
2011-07-27 15:00:41,41648.7304,919.6296
2011-07-27 15:15:40,40982.1207,900.0
2011-07-27 15:30:40,39887.7014,874.3571
2011-07-27 15:45:40,38117.512,838.4464
2011-07-27 16:00:40,37023.8782,811.4286
2011-07-27 16:15:40,35482.4571,774.6964
2011-07-27 16:30:40,34240.9414,735.7455
2011-07-27 16:45:40,31644.1489,682.3393
2011-07-27 17:00:40,29823.2382,641.8727
2011-07-27 17:15:42,27340.2808,583.2
2011-07-27 17:30:41,25331.0409,543.6786
2011-07-27 17:45:42,21373.1455,467.0536
2011-07-27 18:00:42,18056.3485,390.9107
2011-07-27 18:15:41,12821.9696,280.9464
2011-07-27 18:30:41,8865.0299,199.75
2011-07-27 18:45:41,5719.5763,130.375
2011-07-27 19:00:41,7969.8056,165.8393
2011-07-27 19:15:41,5376.6735,99.4906
2011-07-27 19:30:41,3294.8938,69.7719
2011-07-27 19:45:41,2101.6681,44.8727
2011-07-27 20:00:42,1227.6539,24.8036
2011-07-27 20:15:43,402.3227,7.2321
2011-07-27 20:30:43,0.0,0.1228
2011-07-27 20:45:43,0.0,0.0
2011-07-28 06:00:41,0.0,0.9677
2011-07-28 06:15:41,0.0,0.9298
2011-07-28 06:30:42,0.0,4.875
2011-07-28 06:45:42,966.9761,23.8545
2011-07-28 07:00:42,2240.8236,50.2679
2011-07-28 07:15:42,2533.9158,61.4286
2011-07-28 07:30:42,3495.3011,86.6429
2011-07-28 07:45:42,4488.2665,111.6429
2011-07-28 08:00:42,5637.7692,143.1071
2011-07-28 08:15:42,4397.3291,115.4464
2011-07-28 08:30:42,3488.0367,96.6786
2011-07-28 08:45:42,3767.9473,104.8393
2011-07-28 09:00:42,4612.1066,113.6607
2011-07-28 09:15:44,6515.97,226.2857
2011-07-28 09:30:44,9439.2925,410.6964
2011-07-28 09:45:44,12866.9687,464.9636
2011-07-28 10:00:44,16564.7867,518.7857
2011-07-28 10:15:44,19624.5217,570.6
2011-07-28 10:30:44,21141.4208,553.7143
2011-07-28 10:45:44,23141.5832,539.0179
2011-07-28 11:00:44,25151.3863,571.8727
2011-07-28 11:15:45,29685.6985,669.963
2011-07-28 11:30:45,32622.7201,733.625
2011-07-28 11:45:45,27183.2715,605.5179
2011-07-28 12:00:45,21812.8913,508.8571
2011-07-28 12:15:45,22025.3719,518.8571
2011-07-28 12:30:45,21047.6885,485.7455
2011-07-28 12:45:45,14238.5615,338.0182
2011-07-28 13:00:45,15120.1208,372.9464
2011-07-28 13:15:45,14250.2121,344.1964
2011-07-28 13:30:45,13945.7338,333.2182
2011-07-28 13:45:45,14020.0663,338.3036
2011-07-28 14:00:45,12332.2257,291.3818
2011-07-28 14:15:45,13449.1066,325.0357
2011-07-28 14:30:45,16537.3002,399.4
2011-07-28 14:45:45,13337.9523,322.1786
2011-07-28 15:00:45,14492.0931,346.8214
2011-07-28 15:15:45,33044.9952,721.9286
2011-07-28 15:30:45,28738.8808,643.875
2011-07-28 15:45:45,33487.2999,740.4364
2011-07-28 16:00:45,19321.6763,447.0357
2011-07-28 16:15:45,16201.5358,386.9074
2011-07-28 16:30:46,18246.3471,424.5179
2011-07-28 16:45:46,17199.777,397.0
2011-07-28 17:00:47,13520.9,320.1964
2011-07-28 17:15:48,14250.4643,331.7321
2011-07-28 17:30:48,10002.6372,238.3929
2011-07-28 17:45:48,6712.6442,162.4464
2011-07-28 18:00:48,9493.2311,216.8571
2011-07-28 18:15:47,11152.9333,256.0545
2011-07-28 18:30:47,10194.0697,223.6964
2011-07-28 18:45:47,6130.9459,136.7455
2011-07-28 19:00:47,3012.2675,71.6964
2011-07-28 19:15:47,4637.9679,94.4821
2011-07-28 19:30:47,1480.7418,34.8393
2011-07-28 19:45:47,752.5071,16.3571
2011-07-28 20:00:47,198.1978,5.0
2011-07-28 20:15:48,0.0,0.0
2011-07-29 06:15:46,0.0,0.0
2011-07-29 06:30:46,0.0,0.7857
2011-07-29 06:45:46,0.0,6.6964
2011-07-29 07:00:46,262.6304,17.6786
2011-07-29 07:15:47,1389.8462,37.6
2011-07-29 07:30:47,2107.4168,58.4821
2011-07-29 07:45:47,2467.4857,69.4643
2011-07-29 08:00:47,2855.4645,80.6607
2011-07-29 08:15:48,3285.7988,93.6429
2011-07-29 08:30:47,3590.7669,102.0
2011-07-29 08:45:48,4009.3203,113.0364
2011-07-29 09:00:49,5068.4997,129.4528
2011-07-29 09:15:48,6617.8424,227.6429
2011-07-29 09:30:48,8947.2055,375.1429
2011-07-29 09:45:48,11542.6449,423.8214
2011-07-29 10:00:48,14164.4122,467.4464
2011-07-29 10:15:49,18001.1163,521.4
2011-07-29 10:30:49,22259.9638,570.6964
2011-07-29 10:45:50,27101.8339,619.9455
2011-07-29 11:00:50,30221.0647,657.75
2011-07-29 11:15:50,33424.569,714.9815
2011-07-29 11:30:50,33873.5964,731.4912
2011-07-29 11:45:50,35116.1679,762.7321
2011-07-29 12:00:50,36688.6864,802.1786
2011-07-29 12:15:49,37773.4329,832.2182
2011-07-29 12:30:49,38698.0818,859.4386
2011-07-29 12:45:50,38429.0321,857.6
2011-07-29 13:00:50,39496.9095,885.6604
2011-07-29 13:15:51,40256.7881,905.875
2011-07-29 13:30:30,39534.915,899.5091
2011-07-29 13:45:30,41044.4722,919.5536
2011-07-29 14:00:30,39035.1437,886.2727
2011-07-29 14:15:30,34558.893,779.7143
2011-07-29 14:30:30,34076.2718,767.1964
2011-07-29 14:45:30,27050.3368,615.6964
2011-07-29 15:00:30,37320.3,805.7143
2011-07-29 15:15:30,36413.2424,787.4464
2011-07-29 15:30:30,34017.4478,728.5357
2011-07-29 15:45:30,33947.5833,734.5536
2011-07-29 16:00:31,32071.7474,688.6182
2011-07-29 16:15:31,30128.8475,644.4259
2011-07-29 16:30:31,29586.9726,622.3636
2011-07-29 16:45:31,27504.2261,569.9821
2011-07-29 17:00:31,24869.1947,513.2857
2011-07-29 17:15:31,23001.6966,471.5893
2011-07-29 17:30:31,20486.0102,419.4643
2011-07-29 17:45:31,17210.3617,358.6727
2011-07-29 18:00:33,15754.9211,324.2037
2011-07-29 18:15:33,13067.0877,271.4727
2011-07-29 18:30:33,10858.9735,225.5
2011-07-29 18:45:33,9082.5455,186.75
2011-07-29 19:00:33,6713.0513,137.8214
2011-07-29 19:15:33,4755.8964,85.7679
2011-07-29 19:30:33,2819.4366,58.9818
2011-07-29 19:45:33,1310.6406,31.0714
2011-07-29 20:00:33,531.5861,13.5536
2011-07-29 20:15:34,3.5262,1.2321
2011-07-29 20:30:39,0.0,0.0
2011-07-30 06:00:39,0.0,0.25
2011-07-30 06:15:40,0.0,0.6071
2011-07-30 06:30:39,0.0,4.9649
2011-07-30 06:45:39,0.0,11.25
2011-07-30 07:00:39,964.8017,26.2321
2011-07-30 07:15:39,2619.5273,62.3636
2011-07-30 07:30:40,3394.1764,86.3214
2011-07-30 07:45:40,2605.8814,71.5818
2011-07-30 08:00:40,2327.3465,60.9464
2011-07-30 08:15:40,3111.0193,80.9107
2011-07-30 08:30:40,4133.244,104.0
2011-07-30 08:45:40,4627.8662,124.2
2011-07-30 09:00:40,5173.0643,138.625
2011-07-30 09:15:40,9425.2717,239.3636
2011-07-30 09:30:39,11124.4764,281.6964
2011-07-30 09:45:39,10264.2023,251.7818
2011-07-30 10:00:39,17378.0131,492.4107
2011-07-30 10:15:39,19432.696,523.4909
2011-07-30 10:30:40,28868.6958,711.0714
2011-07-30 10:45:40,22255.4344,502.0182
2011-07-30 11:00:40,37665.5183,797.6786
2011-07-30 11:15:40,37151.0328,792.9821
2011-07-30 11:30:41,36762.3366,792.875
2011-07-30 11:45:41,37591.5834,820.6964
2011-07-30 12:00:40,38427.866,841.5536
2011-07-30 12:15:41,38930.4444,865.3214
2011-07-30 12:30:42,39919.8823,900.6316
2011-07-30 12:45:42,36678.9274,829.1071
2011-07-30 13:00:43,35953.1444,806.0
2011-07-30 13:15:43,44928.4646,1008.5357
2011-07-30 13:30:45,41917.1173,953.6786
2011-07-30 13:45:45,42992.5358,993.0909
2011-07-30 14:00:45,40970.673,937.5185
2011-07-30 14:15:45,41379.0696,933.2679
2011-07-30 14:30:45,39982.0029,911.8364
2011-07-30 14:45:45,39663.7095,903.3036
2011-07-30 15:00:45,39060.275,887.5714
2011-07-30 15:15:45,38785.2367,867.4737
2011-07-30 15:30:45,39190.5669,866.2545
2011-07-30 15:45:45,38211.1391,845.0
2011-07-30 16:00:45,35914.2718,794.5714
2011-07-30 16:15:45,34553.8879,752.9444
2011-07-30 16:30:45,32868.187,709.9464
2011-07-30 16:45:45,31075.1961,666.4464
2011-07-30 17:00:45,29152.0604,624.2963
2011-07-30 17:15:45,26727.8894,570.1964
2011-07-30 17:30:45,24056.5569,513.3036
2011-07-30 17:45:46,21437.0776,459.4286
2011-07-30 18:00:47,18808.2971,399.6545
2011-07-30 18:15:47,16058.8031,338.25
2011-07-30 18:30:47,13083.4691,275.8545
2011-07-30 18:45:47,10305.3033,213.1429
2011-07-30 19:00:47,8147.0738,154.5091
2011-07-30 19:15:47,5784.9021,52.9643
2011-07-30 19:30:46,3683.015,43.3519
2011-07-30 19:45:47,1445.8817,32.2679
2011-07-30 20:00:47,859.1326,19.75
2011-07-30 20:15:47,331.5447,7.4286
2011-07-30 20:30:48,0.0,0.3393
2011-07-30 20:45:48,0.0,0.0
2011-07-31 06:15:47,0.0,1.0357
2011-07-31 06:30:47,33.2926,9.3818
2011-07-31 06:45:47,872.6833,21.9107
2011-07-31 07:00:47,1380.6941,34.2778
2011-07-31 07:15:47,1914.111,47.8214
2011-07-31 07:30:47,2156.8268,55.4727
2011-07-31 07:45:47,2239.4559,59.1818
2011-07-31 08:00:47,2491.3108,66.9821
2011-07-31 08:15:47,2903.4287,78.2143
2011-07-31 08:30:47,4245.9736,107.6071
2011-07-31 08:45:48,4201.8297,108.0545
2011-07-31 09:00:48,4894.1238,109.8036
2011-07-31 09:15:49,6772.3642,235.0909
2011-07-31 09:30:50,9061.0703,389.2857
2011-07-31 09:45:50,11050.2689,437.9636
2011-07-31 10:00:50,13725.6954,489.0357
2011-07-31 10:15:50,18356.9352,539.4821
2011-07-31 10:30:49,22789.6998,578.8182
2011-07-31 10:45:50,27210.3568,618.5818
2011-07-31 11:00:49,26302.1891,567.2545
2011-07-31 11:15:50,21762.0769,502.1786
2011-07-31 11:30:49,34664.5539,725.0893
2011-07-31 11:45:49,32228.843,707.2545
2011-07-31 12:00:49,37492.6831,823.8571
2011-07-31 12:15:49,38126.9312,848.1455
2011-07-31 12:30:50,38942.2952,869.6607
2011-07-31 12:45:30,38814.576,888.7037
2011-07-31 13:00:31,39489.1262,908.0566
2011-07-31 13:15:31,38966.2499,914.5
2011-07-31 13:30:31,39174.0055,914.8929
2011-07-31 13:45:31,39679.8847,920.8182
2011-07-31 14:00:31,39408.2741,923.8545
2011-07-31 14:15:31,40226.9227,927.3393
2011-07-31 14:30:30,40502.5141,924.2364
2011-07-31 14:45:30,40806.6667,916.0727
2011-07-31 15:00:30,40227.1691,900.6071
2011-07-31 15:15:30,39732.1143,876.6786
2011-07-31 15:30:31,39036.3147,862.4
2011-07-31 15:45:31,37626.2962,829.25
2011-07-31 16:00:31,36465.7093,797.7273
2011-07-31 16:15:31,35006.6072,760.8929
2011-07-31 16:30:31,33348.5656,716.8909
2011-07-31 16:45:31,32009.7226,680.8909
2011-07-31 17:00:31,29720.8745,631.6607
2011-07-31 17:15:31,27032.578,569.8889
2011-07-31 17:30:30,24229.4917,513.2679
2011-07-31 17:45:30,21818.8486,461.8214
2011-07-31 18:00:30,19110.7313,402.5273
2011-07-31 18:15:30,16443.0091,344.5179
2011-07-31 18:30:31,13200.0505,277.2727
2011-07-31 18:45:31,10504.7427,218.0893
2011-07-31 19:00:31,8081.0791,151.0545
2011-07-31 19:15:32,5637.7116,55.8364
2011-07-31 19:30:32,3636.9798,46.9818
2011-07-31 19:45:32,1435.5757,34.1964
2011-07-31 20:00:32,701.4779,17.1455
2011-07-31 20:15:32,137.5098,4.9815
2011-07-31 20:30:31,0.0,0.0
2011-08-01 06:15:30,0.0,1.3519
2011-08-01 06:30:30,1.0707,7.8704
2011-08-01 06:45:30,528.8328,16.875
2011-08-01 07:00:30,1023.6389,25.8929
2011-08-01 07:15:32,1266.738,33.1636
2011-08-01 07:30:33,1463.5736,38.6607
2011-08-01 07:45:33,1633.8207,42.9636
2011-08-01 08:00:33,1785.0673,46.8929
2011-08-01 08:15:33,1913.316,50.125
2011-08-01 08:30:32,2072.8716,54.0364
2011-08-01 08:45:32,2340.2529,59.1429
2011-08-01 09:00:32,3514.6456,64.9091
2011-08-01 09:15:32,5349.5114,222.5893
2011-08-01 09:30:33,8133.5956,413.7273
2011-08-01 09:45:34,10404.8379,445.2
2011-08-01 10:00:34,13706.8736,507.4464
2011-08-01 10:15:34,18734.5418,552.0357
2011-08-01 10:30:35,23868.0747,606.2
2011-08-01 10:45:35,29066.4432,655.2545
2011-08-01 11:00:37,32515.4651,690.3585
2011-08-01 11:15:37,34293.306,729.4464
2011-08-01 11:30:36,35540.7513,767.1818
2011-08-01 11:45:36,36545.45,799.5614
2011-08-01 12:00:37,37831.1453,832.0
2011-08-01 12:15:37,39020.7992,867.0
2011-08-01 12:30:38,37282.9495,827.5357
2011-08-01 12:45:38,31369.2341,700.1455
2011-08-01 13:00:38,32400.3076,745.0926
2011-08-01 13:15:38,40852.0648,928.0909
2011-08-01 13:30:39,35766.0267,824.0893
2011-08-01 13:45:40,40787.3074,933.1852
2011-08-01 14:00:39,40558.8448,916.7818
2011-08-01 14:15:39,39995.7437,912.8393
2011-08-01 14:30:39,36689.9133,831.6
2011-08-01 14:45:39,40398.3295,905.8182
2011-08-01 15:00:41,36360.1018,810.0877
2011-08-01 15:15:41,13115.1542,312.7091
2011-08-01 15:30:40,31904.5182,684.0357
2011-08-01 15:45:40,32280.1332,705.7222
2011-08-01 16:00:40,28345.6853,623.5636
2011-08-01 16:15:40,33883.2641,729.6786
2011-08-01 16:30:41,17053.7411,374.2679
2011-08-01 16:45:42,4027.681,94.3273
2011-08-01 17:00:42,2296.8241,53.6909
2011-08-01 17:15:43,2729.3366,62.5714
2011-08-01 17:30:43,10009.5214,222.5714
2011-08-01 17:45:43,7516.9141,163.2364
2011-08-01 18:00:43,11273.9164,250.8036
2011-08-01 18:15:44,5606.6659,139.0182
2011-08-01 18:30:43,8703.5659,178.7091
2011-08-01 18:45:43,9871.0762,204.5536
2011-08-01 19:00:42,6049.7599,130.6964
2011-08-01 19:15:43,4936.767,92.8545
2011-08-01 19:30:46,2895.5887,64.125
2011-08-01 19:45:46,1645.6247,34.0727
2011-08-01 20:00:47,952.6395,13.2857
2011-08-01 20:15:47,498.2399,4.6429
2011-08-01 20:30:47,22.3719,0.0
2011-08-01 20:45:47,0.0,0.0
2011-08-02 06:15:45,0.0,1.2642
2011-08-02 06:30:45,3.4452,7.8036
2011-08-02 06:45:45,596.9578,17.25
2011-08-02 07:00:45,970.7539,25.1071
2011-08-02 07:15:45,1167.5112,30.1636
2011-08-02 07:30:45,1345.2179,34.625
2011-08-02 07:45:45,1493.5927,38.4286
2011-08-02 08:00:45,1633.0529,41.5357
2011-08-02 08:15:47,1752.5284,44.3273
2011-08-02 08:30:48,1865.9656,46.4286
2011-08-02 08:45:48,2098.5323,49.1455
2011-08-02 09:00:49,3302.8682,52.7321
2011-08-02 09:15:49,5170.8022,231.7273
2011-08-02 09:30:48,8029.3896,424.125
2011-08-02 09:45:48,11077.3616,476.8545
2011-08-02 10:00:48,14478.7332,521.0536
2011-08-02 10:15:50,20164.6343,580.3519
2011-08-02 10:30:50,25518.3149,628.5818
2011-08-02 10:45:50,30870.3614,674.5357
2011-08-02 11:00:50,34182.8809,716.4
2011-08-02 11:15:50,33460.7685,707.7037
2011-08-02 11:30:30,37316.3532,782.8148
2011-08-02 11:45:30,36400.2986,777.6607
2011-08-02 12:00:30,37948.8005,817.3929
2011-08-02 12:15:31,39013.7712,849.0536
2011-08-02 12:30:30,36412.1556,815.2679
2011-08-02 12:45:30,36207.4211,787.5536
2011-08-02 13:00:31,42173.284,922.0727
2011-08-02 13:15:31,39776.4334,871.4
2011-08-02 13:30:31,43875.6774,961.3393
2011-08-02 13:45:31,42626.7361,945.1273
2011-08-02 14:00:31,41328.7523,924.4286
2011-08-02 14:15:31,36834.5072,816.7321
2011-08-02 14:30:32,43160.2379,943.8214
2011-08-02 14:45:32,39804.7974,885.7273
2011-08-02 15:00:32,34081.1274,737.8214
2011-08-02 15:15:32,36884.9145,802.8727
2011-08-02 15:30:32,38497.3523,845.2105
2011-08-02 15:45:33,36149.8795,793.7143
2011-08-02 16:00:33,35690.3193,774.963
2011-08-02 16:15:33,31874.1304,686.1071
2011-08-02 16:30:33,33232.6348,711.7321
2011-08-02 16:45:33,28058.9715,598.8909
2011-08-02 17:00:33,27004.8333,581.1636
2011-08-02 17:15:34,27107.3594,580.3455
2011-08-02 17:30:35,23290.8289,501.5818
2011-08-02 17:45:35,17038.7511,368.3818
2011-08-02 18:00:35,8759.3192,197.4643
2011-08-02 18:15:36,6399.3903,148.0727
2011-08-02 18:30:35,6699.0877,154.7857
2011-08-02 18:45:36,5410.3679,124.5893
2011-08-02 19:00:36,3961.5757,90.3929
2011-08-02 19:15:36,2816.562,61.6415
2011-08-02 19:30:37,2184.1208,46.0357
2011-08-02 19:45:37,1490.7923,30.125
2011-08-02 20:00:37,746.4839,13.2909
2011-08-02 20:15:37,191.2137,3.3571
2011-08-02 20:30:37,0.0,0.0
2011-08-03 06:15:35,0.0,0.7273
2011-08-03 06:30:35,0.0,0.7193
2011-08-03 06:45:35,0.0,6.0
2011-08-03 07:00:35,0.0,3.9821
2011-08-03 07:15:35,0.0,2.2143
2011-08-03 07:30:35,0.0,10.6071
2011-08-03 07:45:36,0.0,3.4386
2011-08-03 08:00:36,0.0,8.1786
2011-08-03 08:15:36,445.2156,14.8
2011-08-03 08:30:40,3276.8237,81.3273
2011-08-03 08:45:40,5969.8788,148.3091
2011-08-03 09:00:40,5637.025,138.0714
2011-08-03 09:15:40,2645.4628,63.8929
2011-08-03 09:30:40,2682.5715,66.0545
2011-08-03 09:45:40,4839.1901,117.7143
2011-08-03 10:00:40,8302.2685,199.4643
2011-08-03 10:15:41,8003.7084,195.963
2011-08-03 10:30:41,6224.1405,156.5714
2011-08-03 10:45:42,2182.3441,52.4909
2011-08-03 11:00:42,4051.1289,102.5536
2011-08-03 11:15:42,7563.5338,191.4
2011-08-03 11:30:42,7701.4418,203.4545
2011-08-03 11:45:42,5087.7762,128.0909
2011-08-03 12:00:42,4876.3726,121.2679
2011-08-03 12:15:42,7187.4851,173.8182
2011-08-03 12:30:43,9016.0372,221.2857
2011-08-03 12:45:43,6590.588,161.8
2011-08-03 13:00:43,4957.0981,122.7273
2011-08-03 13:15:43,8790.1363,207.8393
2011-08-03 13:30:43,8502.8297,201.7636
2011-08-03 13:45:43,7069.2579,173.6429
2011-08-03 14:00:43,7230.2644,182.0364
2011-08-03 14:15:43,9258.8136,232.8
2011-08-03 14:30:44,14736.238,340.7455
2011-08-03 14:45:44,14041.679,332.5455
2011-08-03 15:00:44,13260.3995,325.0
2011-08-03 15:15:46,8951.1116,224.8545
2011-08-03 15:30:45,8707.6092,220.8571
2011-08-03 15:45:45,4533.3343,117.9821
2011-08-03 16:00:46,2743.647,69.3036
2011-08-03 16:15:46,2444.3254,60.0536
2011-08-03 16:30:46,3448.0625,86.875
2011-08-03 16:45:46,2532.482,66.3636
2011-08-03 17:00:46,2214.4518,55.6481
2011-08-03 17:15:46,3595.5104,88.3929
2011-08-03 17:30:47,4548.2103,114.6607
2011-08-03 17:45:47,2108.6557,52.9455
2011-08-03 18:00:47,1317.119,32.2807
2011-08-03 18:15:47,986.1748,24.1964
2011-08-03 18:30:46,937.8786,22.1091
2011-08-03 18:45:46,2386.7748,56.1607
2011-08-03 19:00:47,2632.352,64.1607
2011-08-03 19:15:47,1331.9192,30.0556
2011-08-03 19:30:48,541.2577,11.4821
2011-08-03 19:45:48,84.9119,4.5893
2011-08-03 20:00:50,0.0,4.4464
2011-08-03 20:15:50,0.0,0.2679
2011-08-03 20:30:30,0.0,0.4074
2011-08-04 06:30:27,0.0,0.7308
2011-08-04 06:45:27,0.0,0.375
2011-08-04 07:00:27,0.0,4.1786
2011-08-04 07:15:28,0.0,11.8364
2011-08-04 07:30:29,1302.2671,33.2143
2011-08-04 07:45:29,1752.7224,40.0
2011-08-04 08:00:29,3849.4587,99.4821
2011-08-04 08:15:29,3979.6252,105.0545
2011-08-04 08:30:29,5164.1227,129.0357
2011-08-04 08:45:29,6852.3668,166.8333
2011-08-04 09:00:29,5052.7408,125.8393
2011-08-04 09:15:29,4527.1739,110.6
2011-08-04 09:30:28,8592.9656,207.6
2011-08-04 09:45:28,6565.4158,153.7636
2011-08-04 10:00:28,6701.6758,160.5357
2011-08-04 10:15:29,11341.6975,276.1111
2011-08-04 10:30:30,17525.5281,410.125
2011-08-04 10:45:30,18812.6667,441.6182
2011-08-04 11:00:30,12156.8183,284.1636
2011-08-04 11:15:30,13563.3675,311.8393
2011-08-04 11:30:30,8154.5547,195.463
2011-08-04 11:45:30,11540.2921,275.75
2011-08-04 12:00:30,9133.0493,214.8519
2011-08-04 12:15:31,18873.15,453.3519
2011-08-04 12:30:31,10325.3403,236.125
2011-08-04 12:45:31,10138.1808,239.2727
2011-08-04 13:00:31,9939.8134,234.3818
2011-08-04 13:15:33,10251.6326,238.7636
2011-08-04 13:30:33,25301.7486,579.9107
2011-08-04 13:45:33,41102.2939,944.7636
2011-08-04 14:00:33,17411.8354,425.3571
2011-08-04 14:15:33,19715.6145,471.9818
2011-08-04 14:30:33,16742.5211,376.9074
2011-08-04 14:45:33,11471.088,267.0909
2011-08-04 15:00:33,12249.7779,300.0364
2011-08-04 15:15:33,11557.1814,279.5357
2011-08-04 15:30:34,8067.083,183.5455
2011-08-04 15:45:35,6151.5657,132.9821
2011-08-04 16:00:34,10379.4034,235.3273
2011-08-04 16:15:34,12563.6494,287.6964
2011-08-04 16:30:33,14291.4071,337.7818
2011-08-04 16:45:35,15900.0315,361.4909
2011-08-04 17:00:35,25185.5938,539.7091
2011-08-04 17:15:34,11786.2002,262.4643
2011-08-04 17:30:35,6706.8789,159.9286
2011-08-04 17:45:35,5419.969,130.1273
2011-08-04 18:00:35,2625.6087,67.8
2011-08-04 18:15:35,1323.5109,29.2857
2011-08-04 18:30:36,1854.0052,44.3393
2011-08-04 18:45:36,2200.9695,53.1964
2011-08-04 19:00:38,1595.3839,38.6667
2011-08-04 19:15:38,947.9416,21.1579
2011-08-04 19:30:37,112.8078,6.8
2011-08-04 19:45:38,0.0,6.5893
2011-08-04 20:00:38,0.0,1.7321
2011-08-04 20:15:38,0.0,0.0682
2011-08-05 06:15:40,0.0,1.0851
2011-08-05 06:30:44,90.0819,6.9444
2011-08-05 06:45:44,689.7065,15.9455
2011-08-05 07:00:44,1004.6603,23.5893
2011-08-05 07:15:44,1276.9023,30.3393
2011-08-05 07:30:43,1524.024,36.3455
2011-08-05 07:45:43,1754.4513,41.9107
2011-08-05 08:00:43,2014.5323,48.3818
2011-08-05 08:15:43,2348.9636,56.2
2011-08-05 08:30:44,3110.9714,76.5536
2011-08-05 08:45:44,3058.4658,71.4545
2011-08-05 09:00:44,4327.5818,80.2182
2011-08-05 09:15:45,6077.4987,239.9821
2011-08-05 09:30:45,8514.5061,394.4259
2011-08-05 09:45:45,11485.5259,459.3818
2011-08-05 10:00:45,15653.5193,520.9464
2011-08-05 10:15:45,20744.1708,571.1273
2011-08-05 10:30:44,24303.871,579.1071
2011-08-05 10:45:44,30528.0411,654.7636
2011-08-05 11:00:44,33715.0143,706.75
2011-08-05 11:15:44,33756.5593,714.8
2011-08-05 11:30:45,33271.9222,725.375
2011-08-05 11:45:45,37632.4183,809.1111
2011-08-05 12:00:45,38653.8788,832.2727
2011-08-05 12:15:45,35564.1046,791.1667
2011-08-05 12:30:45,33966.6392,737.1273
2011-08-05 12:45:47,32875.5445,740.3393
2011-08-05 13:00:47,26836.6574,608.0545
2011-08-05 13:15:47,40605.6853,899.3571
2011-08-05 13:30:46,42166.6263,945.1852
2011-08-05 13:45:46,43864.675,971.1964
2011-08-05 14:00:46,40193.1709,901.5636
2011-08-05 14:15:46,42692.0846,940.0536
2011-08-05 14:30:47,35632.6912,803.963
2011-08-05 14:45:47,34161.4634,754.3036
2011-08-05 15:00:48,37513.7835,828.8
2011-08-05 15:15:48,38393.8771,865.7273
2011-08-05 15:30:49,19050.4225,436.6727
2011-08-05 15:45:49,21546.6693,492.2143
2011-08-05 16:00:49,22342.9749,506.125
2011-08-05 16:15:50,15311.3218,353.9818
2011-08-05 16:30:50,16277.8044,371.3036
2011-08-05 16:45:50,30275.4907,645.963
2011-08-05 17:00:50,29354.589,609.1071
2011-08-05 17:15:50,21615.8416,454.3091
2011-08-05 17:30:50,16079.4579,344.4545
2011-08-05 17:45:50,10706.3842,244.3929
2011-08-05 18:00:50,11919.2711,266.4364
2011-08-05 18:15:50,13855.6986,288.1273
2011-08-05 18:30:30,9535.829,204.9455
2011-08-05 18:45:30,9183.81,189.8182
2011-08-05 19:00:30,6741.3769,134.0179
2011-08-05 19:15:30,6453.6152,102.2143
2011-08-05 19:30:30,3238.2123,54.6545
2011-08-05 19:45:30,1549.3029,35.0357
2011-08-05 20:00:31,882.1946,18.3091
2011-08-05 20:15:30,198.6188,4.3036
2011-08-05 20:30:31,0.0,0.0417
2011-08-06 06:15:30,0.0,0.9444
2011-08-06 06:30:30,0.0,3.625
2011-08-06 06:45:31,511.4585,16.25
2011-08-06 07:00:30,1178.1355,26.2143
2011-08-06 07:15:31,1142.7715,27.5926
2011-08-06 07:30:32,3024.628,75.5636
2011-08-06 07:45:32,3378.337,80.875
2011-08-06 08:00:32,4608.7674,106.1455
2011-08-06 08:15:32,4760.0504,110.5536
2011-08-06 08:30:31,6768.434,159.9643
2011-08-06 08:45:31,7094.5483,176.2909
2011-08-06 09:00:32,7431.2681,180.6786
2011-08-06 09:15:32,10266.6838,270.1273
2011-08-06 09:30:33,8620.011,237.6786
2011-08-06 09:45:33,10701.3475,309.3636
2011-08-06 10:00:33,11540.0163,306.2857
2011-08-06 10:15:33,15127.9927,386.7273
2011-08-06 10:30:33,26652.8999,614.5455
2011-08-06 10:45:33,21214.6515,504.5
2011-08-06 11:00:33,15664.2359,370.4
2011-08-06 11:15:33,16631.2292,393.7407
2011-08-06 11:30:32,11366.6973,266.3818
2011-08-06 11:45:32,29091.6315,639.0357
2011-08-06 12:00:32,20502.6706,444.2364
2011-08-06 12:15:33,11210.8808,256.2593
2011-08-06 12:30:35,16734.4773,362.2679
2011-08-06 12:45:35,21090.7567,478.1964
2011-08-06 13:00:35,19906.0125,466.7455
2011-08-06 13:15:35,19389.9388,450.3929
2011-08-06 13:30:36,10998.6883,251.2
2011-08-06 13:45:36,21946.2938,517.3571
2011-08-06 14:00:37,15089.0594,354.2778
2011-08-06 14:15:37,8704.9581,206.2727
2011-08-06 14:30:36,29232.6342,654.9464
2011-08-06 14:45:36,25684.6171,577.4545
2011-08-06 15:00:36,20698.5496,461.0909
2011-08-06 15:15:36,28331.3354,639.6071
2011-08-06 15:30:37,7895.6307,192.25
2011-08-06 15:45:38,18570.6675,409.0
2011-08-06 16:00:38,14600.5146,338.2182
2011-08-06 16:15:38,7552.1005,174.4364
2011-08-06 16:30:39,15522.0268,367.8545
2011-08-06 16:45:39,27161.1075,607.6071
2011-08-06 17:00:39,9511.6446,223.2545
2011-08-06 17:15:39,5047.2808,123.4364
2011-08-06 17:30:39,2270.8153,60.2182
2011-08-06 17:45:39,1524.7868,34.125
2011-08-06 18:00:39,3118.1372,74.9643
2011-08-06 18:15:39,1477.9223,37.2075
2011-08-06 18:30:39,105.0643,6.0727
2011-08-06 18:45:39,0.0,4.2545
2011-08-06 19:00:39,83.6211,11.3273
2011-08-06 19:15:40,1119.4285,24.6071
2011-08-06 19:30:42,1474.514,34.3455
2011-08-06 19:45:42,770.8712,17.0714
2011-08-06 20:00:42,1.3474,1.1607
2011-08-06 20:15:42,0.0,0.9811
2011-08-07 06:15:39,0.0,0.4444
2011-08-07 06:30:40,0.0,6.193
2011-08-07 06:45:40,0.0,7.3509
2011-08-07 07:00:40,0.0,11.9286
2011-08-07 07:15:40,608.2397,21.0
2011-08-07 07:30:42,2502.0267,60.6
2011-08-07 07:45:41,3233.4779,78.1607
2011-08-07 08:00:41,2920.5836,72.625
2011-08-07 08:15:42,2869.4558,74.1636
2011-08-07 08:30:40,3680.3259,100.4286
2011-08-07 08:45:41,3772.1012,97.7143
2011-08-07 09:00:41,6985.4634,176.2364
2011-08-07 09:15:41,9123.2374,224.2727
2011-08-07 09:30:42,7804.1952,198.6429
2011-08-07 09:45:42,7237.8039,196.7455
2011-08-07 10:00:42,13453.2083,368.5179
2011-08-07 10:15:42,18428.2641,465.9107
2011-08-07 10:30:42,22825.1923,529.8364
2011-08-07 10:45:42,28444.9166,613.6429
2011-08-07 11:00:42,29286.8558,633.6964
2011-08-07 11:15:42,31072.8188,678.1273
2011-08-07 11:30:41,32358.6451,707.3393
2011-08-07 11:45:41,31128.106,692.4545
2011-08-07 12:00:42,27266.4095,606.75
2011-08-07 12:15:42,22292.798,511.9821
2011-08-07 12:30:44,31183.2077,699.5962
2011-08-07 12:45:44,24402.5366,561.0179
2011-08-07 13:00:45,15813.186,366.8727
2011-08-07 13:15:45,32945.4155,747.2143
2011-08-07 13:30:45,27216.197,622.7321
2011-08-07 13:45:46,24435.5393,560.0727
2011-08-07 14:00:46,25959.1711,577.3509
2011-08-07 14:15:46,36274.5583,809.3273
2011-08-07 14:30:45,23494.3282,538.8909
2011-08-07 14:45:45,29599.6587,657.5455
2011-08-07 15:00:45,25572.1595,571.5714
2011-08-07 15:15:46,20519.5889,468.7679
2011-08-07 15:30:47,27856.0717,617.2407
2011-08-07 15:45:47,13913.0895,325.4909
2011-08-07 16:00:47,6836.5749,171.8214
2011-08-07 16:15:47,2930.9419,74.7143
2011-08-07 16:30:47,1599.2099,42.5818
2011-08-07 16:45:47,2397.4601,61.0893
2011-08-07 17:00:47,3786.9071,84.7818
2011-08-07 17:15:47,26831.2854,572.375
2011-08-07 17:30:47,26519.5796,555.6607
2011-08-07 17:45:47,17648.7912,376.7091
2011-08-07 18:00:47,7394.8305,175.4286
2011-08-07 18:15:47,4770.7108,115.9286
2011-08-07 18:30:48,6843.4963,155.0727
2011-08-07 18:45:48,2646.8253,66.7407
2011-08-07 19:00:48,1275.6805,28.4912
2011-08-07 19:15:48,1632.1749,38.5091
2011-08-07 19:30:49,1104.7514,23.5357
2011-08-07 19:45:49,1489.3476,26.6226
2011-08-07 20:00:49,1220.439,17.2321
2011-08-07 20:15:49,141.7251,1.3393
2011-08-07 20:30:48,0.0,0.0435
2011-08-08 06:15:48,0.0,0.15
2011-08-08 06:30:48,0.0,4.0893
2011-08-08 06:45:48,266.4931,14.2857
2011-08-08 07:00:48,1154.2846,28.4107
2011-08-08 07:15:48,1411.0627,37.3273
2011-08-08 07:30:49,1574.2873,43.6667
2011-08-08 07:45:49,2637.9585,70.0741
2011-08-08 08:00:49,3119.7761,81.2857
2011-08-08 08:15:49,3411.067,90.4815
2011-08-08 08:30:49,3772.2773,101.875
2011-08-08 08:45:49,4350.8487,116.8571
2011-08-08 09:00:48,7588.8534,178.3636
2011-08-08 09:15:49,8539.8367,246.6909
2011-08-08 09:30:48,9313.2559,230.2545
2011-08-08 09:45:50,10171.3284,255.8727
2011-08-08 10:00:50,14536.4323,399.6727
2011-08-08 10:15:30,18839.2262,486.5926
2011-08-08 10:30:32,24209.0911,559.7679
2011-08-08 10:45:32,31113.7704,665.0
2011-08-08 11:00:32,33815.95,714.6182
2011-08-08 11:15:32,35335.8406,745.2857
2011-08-08 11:30:31,34561.7089,736.5179
2011-08-08 11:45:31,37528.7777,811.0893
2011-08-08 12:00:31,35349.5873,782.1091
2011-08-08 12:15:31,41740.5992,910.7321
2011-08-08 12:30:31,41558.1107,921.6071
2011-08-08 12:45:32,35831.4405,799.4182
2011-08-08 13:00:32,19231.3513,441.4107
2011-08-08 13:15:33,24587.6159,548.6727
2011-08-08 13:30:34,41904.2621,920.25
2011-08-08 13:45:34,39293.5504,874.3929
2011-08-08 14:00:34,36779.8685,823.0545
2011-08-08 14:15:35,38112.294,843.5893
2011-08-08 14:30:34,42014.9567,922.5893
2011-08-08 14:45:34,33031.0629,726.1818
2011-08-08 15:00:36,33243.2492,739.3393
2011-08-08 15:15:36,38845.3535,846.386
2011-08-08 15:30:36,37993.6121,831.9091
2011-08-08 15:45:37,34372.2818,739.3214
2011-08-08 16:00:37,33274.8416,716.4107
2011-08-08 16:15:37,30159.6275,645.8929
2011-08-08 16:30:40,31510.1114,671.4182
2011-08-08 16:45:40,29366.2917,614.6071
2011-08-08 17:00:40,27916.8106,579.1455
2011-08-08 17:15:41,25096.6335,510.9643
2011-08-08 17:30:41,22025.9138,447.2727
2011-08-08 17:45:40,19867.6572,403.2857
2011-08-08 18:00:40,17051.9497,346.75
2011-08-08 18:15:44,14337.9033,288.2909
2011-08-08 18:30:45,11515.9509,229.9286
2011-08-08 18:45:45,8771.4615,175.537
2011-08-08 19:00:44,6516.6195,106.375
2011-08-08 19:15:45,4457.576,71.3091
2011-08-08 19:30:44,2506.9858,51.2857
2011-08-08 19:45:45,1338.5519,31.0893
2011-08-08 20:00:48,450.904,10.3585
2011-08-08 20:15:48,0.0,0.5179
2011-08-08 20:30:47,0.0,0.0
2011-08-09 06:15:45,0.0,0.9118
2011-08-09 06:30:45,0.0,3.6429
2011-08-09 06:45:45,723.8622,18.0
2011-08-09 07:00:45,2145.9148,43.4909
2011-08-09 07:15:45,2318.5125,46.6429
2011-08-09 07:30:46,2189.7245,48.1455
2011-08-09 07:45:47,3159.8398,73.4286
2011-08-09 08:00:47,3600.9271,88.5
2011-08-09 08:15:46,4857.5065,115.6607
2011-08-09 08:30:47,5655.0629,141.0185
2011-08-09 08:45:49,4753.1854,117.1481
2011-08-09 09:00:49,9768.3931,235.2857
2011-08-09 09:15:49,8572.9334,211.6786
2011-08-09 09:30:49,11389.9406,292.7818
2011-08-09 09:45:49,14962.4204,386.6786
2011-08-09 10:00:50,14450.1095,369.5455
2011-08-09 10:15:50,13446.9557,324.5818
2011-08-09 10:30:30,15111.744,361.1667
2011-08-09 10:45:30,10047.5508,247.8
2011-08-09 11:00:30,6213.8242,152.6786
2011-08-09 11:15:30,5415.2703,131.8036
2011-08-09 11:30:30,5858.8725,157.0179
2011-08-09 11:45:30,8782.255,221.0357
2011-08-09 12:00:30,13290.5845,323.8545
2011-08-09 12:15:31,16126.1788,388.7818
2011-08-09 12:30:31,16501.2091,386.5179
2011-08-09 12:45:31,23148.2699,532.2182
2011-08-09 13:00:31,42011.5482,912.8036
2011-08-09 13:15:31,39389.1567,868.875
2011-08-09 13:30:33,39822.7974,893.0364
2011-08-09 13:45:33,39586.3836,895.0714
2011-08-09 14:00:33,38968.8175,879.75
2011-08-09 14:15:33,30225.6695,688.4821
2011-08-09 14:30:32,32549.8484,721.2727
2011-08-09 14:45:35,40196.2691,884.875
2011-08-09 15:00:35,36646.0559,811.6364
2011-08-09 15:15:34,34940.1609,781.9286
2011-08-09 15:30:34,28591.5828,628.8214
2011-08-09 15:45:35,37328.6405,813.8182
2011-08-09 16:00:35,35554.4768,769.7321
2011-08-09 16:15:35,33206.2201,711.5273
2011-08-09 16:30:36,6093.1979,145.1964
2011-08-09 16:45:36,2432.199,64.75
2011-08-09 17:00:36,5874.2378,146.9455
2011-08-09 17:15:36,27415.8843,555.6964
2011-08-09 17:30:35,24888.9019,507.1429
2011-08-09 17:45:35,21146.3282,433.7273
2011-08-09 18:00:35,17443.5904,357.375
2011-08-09 18:15:35,15043.0831,306.0727
2011-08-09 18:30:37,12299.8169,246.3455
2011-08-09 18:45:37,9529.0152,191.2
2011-08-09 19:00:37,6840.3736,99.1091
2011-08-09 19:15:37,3745.9763,62.8571
2011-08-09 19:30:38,2441.0339,51.375
2011-08-09 19:45:38,1512.3362,31.4107
2011-08-09 20:00:38,639.3486,11.5818
2011-08-09 20:15:38,4.9357,0.4286
2011-08-09 20:30:37,0.0,0.0
2011-08-10 06:15:36,0.0,0.6053
2011-08-10 06:30:36,0.0,4.0357
2011-08-10 06:45:36,280.2656,13.5536
2011-08-10 07:00:36,883.7447,23.3393
2011-08-10 07:15:37,1159.2252,30.75
2011-08-10 07:30:38,1381.4664,37.125
2011-08-10 07:45:38,1631.4762,43.4464
2011-08-10 08:00:37,1851.3903,49.0536
2011-08-10 08:15:38,1918.0564,50.0
2011-08-10 08:30:40,2146.937,55.4364
2011-08-10 08:45:40,2584.7849,60.7321
2011-08-10 09:00:40,3827.6951,63.6786
2011-08-10 09:15:40,5820.8347,292.2857
2011-08-10 09:30:40,8691.1275,411.8545
2011-08-10 09:45:44,12100.9248,470.463
2011-08-10 10:00:45,16869.6019,519.5357
2011-08-10 10:15:45,19286.7595,485.4821
2011-08-10 10:30:45,19404.6522,427.6
2011-08-10 10:45:45,20137.2202,416.9107
2011-08-10 11:00:45,30302.2918,634.2727
2011-08-10 11:15:45,32697.864,688.0714
2011-08-10 11:30:45,39199.1938,822.4286
2011-08-10 11:45:45,40352.2306,840.0
2011-08-10 12:00:45,32161.0161,690.6182
2011-08-10 12:15:45,34400.9993,744.4286
2011-08-10 12:30:45,28510.581,610.0714
2011-08-10 12:45:45,28142.477,622.6429
2011-08-10 13:00:45,40051.5906,880.0182
2011-08-10 13:15:45,39214.9163,865.0
2011-08-10 13:30:45,42543.1134,940.0893
2011-08-10 13:45:45,35517.5668,784.2593
2011-08-10 14:00:45,45409.0679,991.5357
2011-08-10 14:15:45,44915.0058,973.4643
2011-08-10 14:30:46,43805.604,952.25
2011-08-10 14:45:46,39261.3325,859.2143
2011-08-10 15:00:46,34063.5705,744.0179
2011-08-10 15:15:46,26658.8477,570.2727
2011-08-10 15:30:46,39391.9548,837.4107
2011-08-10 15:45:46,37789.8907,806.5
2011-08-10 16:00:46,32262.0548,686.0364
2011-08-10 16:15:46,35768.1485,751.0179
2011-08-10 16:30:46,33369.2042,699.6364
2011-08-10 16:45:46,31482.7835,653.2321
2011-08-10 17:00:46,29258.8966,600.2
2011-08-10 17:15:47,27194.5631,555.3273
2011-08-10 17:30:48,24856.455,502.4464
2011-08-10 17:45:49,22168.7329,445.1579
2011-08-10 18:00:49,19117.681,383.6
2011-08-10 18:15:49,16300.7195,326.4444
2011-08-10 18:30:48,13383.5833,264.3214
2011-08-10 18:45:49,10112.604,200.5
2011-08-10 19:00:49,7301.5231,76.7818
2011-08-10 19:15:49,3829.2557,41.3571
2011-08-10 19:30:50,1770.2297,34.5818
2011-08-10 19:45:50,1055.6544,22.7321
2011-08-10 20:00:50,553.3897,10.4464
2011-08-10 20:15:31,48.4855,1.0577
2011-08-10 20:30:32,0.0,0.0
2011-08-11 06:15:31,0.0,0.8571
2011-08-11 06:30:30,0.0,3.0893
2011-08-11 06:45:30,322.0467,12.1273
2011-08-11 07:00:30,802.4458,20.7368
2011-08-11 07:15:31,1114.3151,28.7636
2011-08-11 07:30:32,1328.3671,33.8393
2011-08-11 07:45:33,1501.2842,38.3571
2011-08-11 08:00:33,1647.6087,41.7636
2011-08-11 08:15:33,1770.2033,44.1786
2011-08-11 08:30:33,1893.9147,46.9649
2011-08-11 08:45:33,2278.1695,49.1455
2011-08-11 09:00:33,3676.2066,59.5614
2011-08-11 09:15:33,5853.1148,299.7818
2011-08-11 09:30:32,8671.6216,413.4286
2011-08-11 09:45:32,12107.6578,470.5536
2011-08-11 10:00:32,17365.0126,528.8727
2011-08-11 10:15:32,22610.8264,581.8182
2011-08-11 10:30:33,29244.3976,631.3091
2011-08-11 10:45:33,33482.9055,679.5185
2011-08-11 11:00:33,34840.9464,719.9464
2011-08-11 11:15:33,33463.6783,710.1455
2011-08-11 11:30:33,32834.3838,703.1429
2011-08-11 11:45:34,39053.0896,832.7857
2011-08-11 12:00:34,40045.1497,857.9286
2011-08-11 12:15:34,41210.8653,899.6909
2011-08-11 12:30:35,43091.233,936.7679
2011-08-11 12:45:35,42388.3064,919.1964
2011-08-11 13:00:35,35796.0078,806.3636
2011-08-11 13:15:35,44057.8307,968.6491
2011-08-11 13:30:34,38371.3303,845.4815
2011-08-11 13:45:35,34397.1419,754.8545
2011-08-11 14:00:35,34697.4434,755.1607
2011-08-11 14:15:35,29753.0108,640.75
2011-08-11 14:30:35,38849.8773,832.7455
2011-08-11 14:45:35,15767.3112,338.4107
2011-08-11 15:00:35,39367.57,852.0727
2011-08-11 15:15:35,16812.764,369.1273
2011-08-11 15:30:36,40547.7033,870.3929
2011-08-11 15:45:36,40023.8387,856.125
2011-08-11 16:00:36,31095.6872,663.3929
2011-08-11 16:15:36,37445.268,794.9455
2011-08-11 16:30:35,33828.1913,712.2679
2011-08-11 16:45:35,24175.9995,510.7143
2011-08-11 17:00:35,29543.524,598.2182
2011-08-11 17:15:36,22909.0629,477.0357
2011-08-11 17:30:36,24763.9157,499.7321
2011-08-11 17:45:36,22409.5167,445.3818
2011-08-11 18:00:36,19248.8747,384.0179
2011-08-11 18:15:36,16176.595,322.8704
2011-08-11 18:30:38,13109.684,254.8889
2011-08-11 18:45:38,10077.8257,195.375
2011-08-11 19:00:39,7308.1087,72.3273
2011-08-11 19:15:39,4952.2178,45.8929
2011-08-11 19:30:38,1836.8109,34.6
2011-08-11 19:45:38,994.4368,22.5536
2011-08-11 20:00:38,497.6585,9.7818
2011-08-11 20:15:38,11.7556,0.8036
2011-08-11 20:30:38,0.0,0.0
2011-08-12 06:15:39,0.0,0.5152
2011-08-12 06:30:39,0.0,2.3571
2011-08-12 06:45:39,440.2837,11.8545
2011-08-12 07:00:39,1178.8955,27.125
2011-08-12 07:15:39,1739.2115,42.7143
2011-08-12 07:30:38,1784.0975,45.2143
2011-08-12 07:45:38,1944.6952,51.8364
2011-08-12 08:00:38,1995.5848,52.7818
2011-08-12 08:15:38,2235.3977,58.2679
2011-08-12 08:30:39,2829.9784,71.6727
2011-08-12 08:45:39,4189.9346,94.5893
2011-08-12 09:00:39,5175.0667,114.7636
2011-08-12 09:15:39,6735.0133,301.6
2011-08-12 09:30:39,9693.8599,403.7407
2011-08-12 09:45:40,12773.5308,451.5179
2011-08-12 10:00:40,16912.2781,486.0714
2011-08-12 10:15:40,22914.3353,561.5636
2011-08-12 10:30:40,28612.4661,605.8364
2011-08-12 10:45:40,32177.9282,649.4643
2011-08-12 11:00:40,34001.4909,698.8214
2011-08-12 11:15:40,35346.6727,739.9643
2011-08-12 11:30:40,36688.459,777.2321
2011-08-12 11:45:40,37607.7406,800.8929
2011-08-12 12:00:40,38779.5615,833.3036
2011-08-12 12:15:41,39753.2838,856.4821
2011-08-12 12:30:41,41456.2746,916.9107
2011-08-12 12:45:41,41001.7696,915.4
2011-08-12 13:00:41,41469.8917,918.5536
2011-08-12 13:15:41,41338.3925,918.8036
2011-08-12 13:30:41,41030.9839,924.2143
2011-08-12 13:45:41,41701.6276,928.3273
2011-08-12 14:00:42,41417.3933,932.1786
2011-08-12 14:15:42,42738.5326,951.5472
2011-08-12 14:30:43,41812.1021,907.7143
2011-08-12 14:45:44,41073.7933,903.4
2011-08-12 15:00:44,40406.3075,885.8214
2011-08-12 15:15:44,39494.5817,864.9273
2011-08-12 15:30:44,38338.1038,836.7455
2011-08-12 15:45:44,37746.5447,813.9273
2011-08-12 19:30:45,1778.3245,33.0
2011-08-12 19:45:45,967.2168,21.2364
2011-08-12 20:00:45,387.3605,7.7857
2011-08-12 20:15:45,0.0,0.1961
2011-08-13 06:15:44,0.0,0.9773
2011-08-13 06:30:44,0.0,1.6182
2011-08-13 06:45:44,461.2995,12.1071
2011-08-13 07:00:44,976.3968,21.125
2011-08-13 07:15:45,2234.8933,55.8182
2011-08-13 07:30:44,3616.6628,88.3636
2011-08-13 07:45:44,2836.5397,72.0714
2011-08-13 08:00:44,3927.8885,102.0364
2011-08-13 08:15:46,4732.3475,127.25
2011-08-13 08:30:47,5908.2047,156.6
2011-08-13 08:45:46,6935.1905,171.875
2011-08-13 09:00:47,9778.319,240.8182
2011-08-13 09:15:30,9642.9234,224.4231
2011-08-13 09:30:30,11998.161,287.2679
2011-08-13 09:45:30,11966.424,284.5636
2011-08-13 10:00:30,8670.8676,201.6182
2011-08-13 10:15:30,7492.1009,182.8571
2011-08-13 10:30:29,11659.5495,290.6909
2011-08-13 10:45:29,9663.5044,236.2
2011-08-13 11:00:29,6573.8536,157.2453
2011-08-13 11:15:29,14842.9066,350.8036
2011-08-13 11:30:33,13475.8219,311.2453
2011-08-13 11:45:33,14706.4003,345.4
2011-08-13 12:00:33,17476.8784,410.4545
2011-08-13 12:15:33,12366.667,306.7455
2011-08-13 12:30:33,6868.9629,166.875
2011-08-13 12:45:33,3629.1686,91.9821
2011-08-13 13:00:33,1026.2909,21.4182
2011-08-13 13:15:35,9622.4855,234.4464
2011-08-13 13:30:34,8025.8229,197.1481
2011-08-13 13:45:34,3818.0215,107.75
2011-08-13 14:00:34,686.3371,21.3091
2011-08-13 14:15:34,2001.2888,56.0536
2011-08-13 14:30:35,7671.1275,184.4545
2011-08-13 14:45:35,6084.6107,149.2857
2011-08-13 15:00:35,6588.4693,158.7321
2011-08-13 15:15:35,7715.7613,191.8
2011-08-13 15:30:35,6908.2994,175.0
2011-08-13 15:45:35,17139.9554,354.1636
2011-08-13 16:00:35,22002.4879,476.9636
2011-08-13 16:15:35,13010.836,309.9107
2011-08-13 16:30:34,9664.6586,235.2727
2011-08-13 16:45:34,6143.2312,147.7818
2011-08-13 17:00:35,9323.9821,217.3036
2011-08-13 17:15:35,3793.0852,92.6
2011-08-13 17:30:36,261.714,12.5357
2011-08-13 17:45:37,836.7808,20.3704
2011-08-13 18:00:37,1270.3511,30.5357
2011-08-13 18:15:37,1855.1152,45.6182
2011-08-13 18:30:37,1441.7162,32.7636
2011-08-13 18:45:37,2220.9808,50.8364
2011-08-13 19:00:37,1641.8454,36.4464
2011-08-13 19:15:37,795.5781,17.3929
2011-08-13 19:30:37,558.9468,12.7321
2011-08-13 19:45:37,177.3361,5.0536
2011-08-13 20:00:37,0.0,0.3393
2011-08-13 20:15:37,0.0,0.3226
2011-08-14 06:45:37,0.0,0.7778
2011-08-14 07:00:37,0.0,2.8214
2011-08-14 07:15:37,894.7323,22.1091
2011-08-14 07:30:37,1802.57,42.5536
2011-08-14 07:45:37,2462.8663,57.4909
2011-08-14 08:00:37,3314.447,77.3455
2011-08-14 08:15:37,3120.2822,74.6429
2011-08-14 08:30:36,3642.6412,85.5357
2011-08-14 08:45:36,2943.1954,73.2727
2011-08-14 09:00:36,2660.6963,67.9821
2011-08-14 09:15:36,10238.9763,245.9643
2011-08-14 09:30:37,11856.1695,294.0182
2011-08-14 09:45:37,10954.4591,268.5091
2011-08-14 10:00:37,8621.5581,212.0
2011-08-14 10:15:37,3082.3253,85.9259
2011-08-14 10:30:36,1110.7571,36.1071
2011-08-14 10:45:36,1069.1879,34.4464
2011-08-14 11:00:36,4146.8756,105.7636
2011-08-14 11:15:36,12358.3106,298.5536
2011-08-14 11:30:36,10586.685,261.4364
2011-08-14 11:45:36,5214.7775,145.3818
2011-08-14 12:00:37,4409.1647,111.2105
2011-08-14 12:15:38,7306.3817,178.3636
2011-08-14 12:30:39,30858.8877,719.1964
2011-08-14 12:45:40,41567.7673,944.3214
2011-08-14 13:00:40,14343.9761,310.0179
2011-08-14 13:15:40,11012.5732,274.9636
2011-08-14 13:30:39,29949.9695,695.7321
2011-08-14 13:45:39,16116.2271,372.5179
2011-08-14 14:00:39,9047.4545,227.6
2011-08-14 14:15:39,15193.3874,365.9091
2011-08-14 14:30:40,14206.6485,342.7455
2011-08-14 14:45:40,7644.385,196.8929
2011-08-14 15:00:40,8660.8711,211.7091
2011-08-14 15:15:40,19175.4213,435.6786
2011-08-14 15:30:41,16781.7536,385.0182
2011-08-14 15:45:41,16665.3667,392.6364
2011-08-14 16:00:41,33753.3063,735.9464
2011-08-14 16:15:44,36470.899,781.9444
2011-08-14 16:30:43,22288.3383,498.2679
2011-08-14 16:45:44,30060.0175,633.7091
2011-08-14 17:00:44,28713.6034,602.8909
2011-08-14 17:15:44,25823.8296,538.4821
2011-08-14 17:30:45,22128.8295,462.1429
2011-08-14 17:45:45,20707.2447,421.8393
2011-08-14 18:00:45,17897.796,364.2
2011-08-14 18:15:45,14408.7038,297.1091
2011-08-14 18:30:45,10030.6269,200.875
2011-08-14 18:45:45,11096.6636,199.2857
2011-08-14 19:00:45,3594.8008,67.7455
2011-08-14 19:15:45,906.8082,20.4464
2011-08-14 19:30:45,338.1765,8.3929
2011-08-14 19:45:45,103.2448,4.9107
2011-08-14 20:00:45,0.0,0.6182
2011-08-14 20:15:45,0.0,0.0385
2011-08-15 06:45:46,0.0,1.0182
2011-08-15 07:00:46,0.0,1.125
2011-08-15 07:15:46,0.0,1.1509
2011-08-15 07:30:46,0.0,5.9821
2011-08-15 07:45:46,0.0,2.7857
2011-08-15 08:00:46,0.0,1.4
2011-08-15 08:15:46,399.1595,12.5179
2011-08-15 08:30:46,1766.127,42.0893
2011-08-15 08:45:46,2705.4858,61.8302
2011-08-15 09:00:46,6384.0825,143.1964
2011-08-15 09:15:47,10937.4069,248.2182
2011-08-15 09:30:48,11013.0523,293.4643
2011-08-15 09:45:48,4469.0073,110.6607
2011-08-15 10:00:48,4084.3607,107.5636
2011-08-15 10:15:48,12262.3524,282.9643
2011-08-15 10:30:47,18678.8388,415.7321
2011-08-15 10:45:47,31383.1321,658.5556
2011-08-15 11:00:47,31247.1653,669.6071
2011-08-15 11:15:48,36659.0416,780.2182
2011-08-15 11:30:49,38186.6701,823.4286
2011-08-15 11:45:49,31477.9122,671.5179
2011-08-15 12:00:49,30414.6516,682.7143
2011-08-15 12:15:49,16842.1519,361.8148
2011-08-15 12:30:50,8281.8561,190.5714
2011-08-15 12:45:50,17934.1245,423.6909
2011-08-15 13:00:50,4517.2676,103.5536
2011-08-15 13:15:50,4356.7021,95.3455
2011-08-15 13:30:50,18767.9262,409.3455
2011-08-15 13:45:50,10431.6237,264.4545
2011-08-15 14:00:50,13149.6211,319.6786
2011-08-15 14:15:50,42217.2724,927.0741
2011-08-15 14:30:29,44476.6078,978.5818
2011-08-15 14:45:29,24133.3446,549.0
2011-08-15 15:00:30,24450.3719,538.5455
2011-08-15 15:15:30,24571.3064,550.0364
2011-08-15 15:30:31,8637.8729,204.2593
2011-08-15 15:45:31,8586.9978,202.625
2011-08-15 16:00:32,7880.6227,193.4
2011-08-15 16:15:32,5256.3339,131.1091
2011-08-15 16:30:32,2604.8104,59.7273
2011-08-15 16:45:32,2849.1232,68.6607
2011-08-15 17:00:32,2683.2365,64.6964
2011-08-15 17:15:32,2128.8955,49.7273
2011-08-15 17:30:31,2087.0775,46.75
2011-08-15 17:45:31,2399.9149,54.3091
2011-08-15 18:00:31,3075.9703,69.7857
2011-08-15 18:15:31,5540.2223,117.625
2011-08-15 18:30:32,6116.7786,129.6364
2011-08-15 18:45:32,4909.7498,106.4107
2011-08-15 19:00:32,4110.247,87.6909
2011-08-15 19:15:33,4456.6557,61.1481
2011-08-15 19:30:33,2971.6085,55.7455
2011-08-15 19:45:33,1669.2727,32.8929
2011-08-15 20:00:33,563.8956,9.0545
2011-08-15 20:15:33,0.582,0.5581
2011-08-16 06:30:31,0.0,2.2545
2011-08-16 06:45:32,133.6476,9.6909
2011-08-16 07:00:32,787.7095,19.9821
2011-08-16 07:15:32,1175.6866,32.0
2011-08-16 07:30:32,1947.0855,52.0536
2011-08-16 07:45:32,2594.0143,67.8393
2011-08-16 08:00:32,3444.1667,88.6607
2011-08-16 08:15:33,2674.66,64.5536
2011-08-16 08:30:33,2773.768,69.1429
2011-08-16 08:45:33,2885.2391,67.5455
2011-08-16 09:00:33,4596.4784,109.9643
2011-08-16 09:15:33,6703.7984,298.7321
2011-08-16 09:30:34,9914.3334,406.8333
2011-08-16 09:45:34,11728.3581,383.875
2011-08-16 10:00:34,13826.0352,359.5357
2011-08-16 10:15:34,13148.2402,305.3455
2011-08-16 10:30:35,10716.9515,255.3818
2011-08-16 10:45:35,24037.4768,516.9464
2011-08-16 11:00:35,27043.0556,574.9273
2011-08-16 11:15:35,21591.8783,498.9107
2011-08-16 11:30:35,11378.98,267.8909
2011-08-16 11:45:36,23376.4879,539.1786
2011-08-16 12:00:36,41112.8352,886.5818
2011-08-16 12:15:35,36011.5134,795.4643
2011-08-16 12:30:36,22068.9671,538.0545
2011-08-16 12:45:36,19367.4172,464.75
2011-08-16 13:00:36,31879.3704,725.1786
2011-08-16 13:15:36,41492.0055,905.875
2011-08-16 13:30:37,32669.2463,757.3455
2011-08-16 13:45:38,39039.043,891.2364
2011-08-16 14:00:38,38153.2494,889.1481
2011-08-16 14:15:38,35331.7389,784.7963
2011-08-16 14:30:37,9852.6556,235.5185
2011-08-16 14:45:37,10768.5233,248.8727
2011-08-16 15:00:37,36565.0842,776.1786
2011-08-16 15:15:37,41044.7353,882.8214
2011-08-16 15:30:38,32835.9703,713.4286
2011-08-16 15:45:39,31771.9985,693.5636
2011-08-16 16:00:39,28254.2345,608.1071
2011-08-16 16:15:41,37293.6125,783.9286
2011-08-16 16:30:41,32836.8521,681.2545
2011-08-16 16:45:41,28507.7527,585.8571
2011-08-16 17:00:41,28902.4444,594.2364
2011-08-16 17:15:41,27071.289,554.3455
2011-08-16 17:30:40,21253.0171,435.0
2011-08-16 17:45:40,20823.1571,416.4821
2011-08-16 18:00:40,16121.6515,325.1964
2011-08-16 18:15:42,15128.6578,298.8545
2011-08-16 18:30:44,12244.6689,238.2545
2011-08-16 18:45:44,9427.7929,165.5714
2011-08-16 19:00:44,6849.164,55.8036
2011-08-16 19:15:45,4116.1139,44.3818
2011-08-16 19:30:45,1438.9015,31.4
2011-08-16 19:45:45,836.1262,18.0179
2011-08-16 20:00:45,249.4516,5.3571
2011-08-16 20:15:45,0.0,0.463
2011-08-17 06:30:43,0.0,1.4821
2011-08-17 06:45:43,307.9315,10.4286
2011-08-17 07:00:43,854.8343,19.2778
2011-08-17 07:15:43,1191.5915,28.1607
2011-08-17 07:30:43,1470.1239,35.3036
2011-08-17 07:45:45,1713.9952,41.4643
2011-08-17 08:00:45,1933.7584,46.7321
2011-08-17 08:15:45,2148.6819,52.0357
2011-08-17 08:30:45,2376.2409,57.2
2011-08-17 08:45:45,2978.721,63.125
2011-08-17 09:00:45,4669.1622,98.6786
2011-08-17 09:15:46,7006.4675,291.0926
2011-08-17 09:30:46,9672.3619,383.0893
2011-08-17 09:45:46,14062.8745,432.4464
2011-08-17 10:00:46,18470.9181,481.0182
2011-08-17 10:15:47,23859.9934,529.3571
2011-08-17 10:30:48,28742.9427,582.7679
2011-08-17 10:45:48,31447.5896,641.4717
2011-08-17 11:00:48,32643.2477,678.75
2011-08-17 11:15:48,33871.2922,715.0536
2011-08-17 11:30:47,35547.1171,755.7273
2011-08-17 11:45:47,36569.2601,784.3393
2011-08-17 12:00:47,37595.0748,817.3036
2011-08-17 12:15:47,38280.8574,843.9825
2011-08-17 12:30:47,30664.8646,671.4727
2011-08-17 12:45:47,27783.6842,604.2545
2011-08-17 13:00:48,36269.8186,807.9286
2011-08-17 13:15:48,20699.2518,466.4643
2011-08-17 13:30:49,35456.9008,789.9107
2011-08-17 13:45:49,15965.7143,362.5455
2011-08-17 14:00:50,32096.0115,720.5893
2011-08-17 14:15:50,11778.0529,265.7143
2011-08-17 14:30:49,24415.4649,528.6
2011-08-17 14:45:49,7207.1122,161.6786
2011-08-17 15:00:49,6579.8171,147.0357
2011-08-17 15:15:49,30516.2733,628.7857
2011-08-17 15:30:49,23808.4464,516.4182
2011-08-17 15:45:51,17728.5643,381.9623
2011-08-17 16:00:30,24649.5799,528.3333
2011-08-17 16:15:30,11484.7116,257.3571
2011-08-17 16:30:31,18107.9937,386.5893
2011-08-17 16:45:32,10447.9367,228.6111
2011-08-17 17:00:32,22621.0149,432.7818
2011-08-17 17:15:31,21197.0662,420.4364
2011-08-17 17:30:30,21102.0743,408.9074
2011-08-17 17:45:30,16815.6702,321.2545
2011-08-17 18:00:30,12988.672,267.2778
2011-08-17 18:15:30,13514.3026,259.7455
2011-08-17 18:30:31,10111.5764,193.5439
2011-08-17 18:45:31,4533.8096,97.4464
2011-08-17 19:00:32,3423.8152,69.2963
2011-08-17 19:15:32,2053.6348,46.3509
2011-08-17 19:30:32,1133.0798,22.5273
2011-08-17 19:45:32,734.8402,15.0714
2011-08-17 20:00:32,15.5518,1.3393
2011-08-17 20:15:32,0.0,0.0
2011-08-18 06:30:29,0.0,0.2727
2011-08-18 06:45:29,0.0,4.6909
2011-08-18 07:00:29,583.0634,15.6429
2011-08-18 07:15:29,1355.004,33.2679
2011-08-18 07:30:30,2671.1848,66.4821
2011-08-18 07:45:30,2693.6201,62.9821
2011-08-18 08:00:30,2524.0552,59.5185
2011-08-18 08:15:30,3514.6607,85.9464
2011-08-18 08:30:31,4098.6636,103.7321
2011-08-18 08:45:32,4406.2159,109.2143
2011-08-18 09:00:32,6130.0379,149.2143
2011-08-18 09:15:32,8619.329,319.9107
2011-08-18 09:30:32,11545.9712,375.3636
2011-08-18 09:45:32,14792.9689,412.0364
2011-08-18 10:00:32,17228.6438,435.375
2011-08-18 10:15:33,24348.8016,532.2364
2011-08-18 10:30:33,29009.0986,590.9107
2011-08-18 10:45:33,32372.7427,650.8727
2011-08-18 11:00:34,34362.8545,705.2857
2011-08-18 11:15:34,16021.4809,356.5
2011-08-18 11:30:34,15562.6196,358.1964
2011-08-18 11:45:34,36479.8404,754.5357
2011-08-18 12:00:35,29827.7393,631.9815
2011-08-18 12:15:35,19997.8113,441.6545
2011-08-18 12:30:35,40527.3353,861.375
2011-08-18 12:45:35,32618.152,704.7818
2011-08-18 13:00:35,38176.8234,819.4107
2011-08-18 13:15:35,39947.4437,873.6964
2011-08-18 13:30:35,39839.9446,874.9636
2011-08-18 13:45:35,39298.9986,873.8
2011-08-18 14:00:35,39154.2472,859.7143
2011-08-18 14:15:35,38387.8558,849.3214
2011-08-18 14:30:35,37931.3841,843.3889
2011-08-18 14:45:35,37588.1885,834.7143
2011-08-18 15:00:35,36872.7962,822.8214
2011-08-18 15:15:35,36675.7317,803.8364
2011-08-18 15:30:35,31428.4007,693.2679
2011-08-18 15:45:35,20508.2723,425.7091
2011-08-18 16:00:35,2177.4772,51.8421
2011-08-18 16:15:35,904.291,19.3636
2011-08-18 16:30:37,1537.9706,39.3036
2011-08-18 16:45:37,3558.3062,93.9286
2011-08-18 17:00:37,19311.5587,369.0
2011-08-18 17:15:37,3646.1838,92.2
2011-08-18 17:30:36,6281.3891,144.5357
2011-08-18 17:45:36,25021.6932,483.2545
2011-08-18 18:00:36,17466.8298,354.8727
2011-08-18 18:15:37,6824.9778,150.9649
2011-08-18 18:30:37,4996.1827,119.9455
2011-08-18 18:45:38,1055.6239,23.9474
2011-08-18 19:00:38,824.0957,18.6182
2011-08-18 19:15:38,305.2107,7.7368
2011-08-18 19:30:39,2594.9358,34.4182
2011-08-18 19:45:39,3080.0486,33.6182
2011-08-18 20:00:39,1303.0189,8.4286
2011-08-18 20:15:39,40.5066,0.2222
2011-08-19 06:30:36,0.0,0.3778
2011-08-19 06:45:36,597.3625,11.2679
2011-08-19 07:00:37,1707.8838,31.75
2011-08-19 07:15:38,1711.5359,38.1429
2011-08-19 07:30:38,2549.7646,61.1455
2011-08-19 07:45:38,3891.8512,91.2364
2011-08-19 08:00:38,4970.5656,116.3929
2011-08-19 08:15:38,3685.7465,92.6727
2011-08-19 08:30:39,3829.5239,104.1607
2011-08-19 08:45:39,4759.3603,120.0
2011-08-19 09:00:39,6130.3194,152.6429
2011-08-19 09:15:39,8141.0753,297.9091
2011-08-19 09:30:39,10943.9339,363.0714
2011-08-19 10:00:30,12658.9686,308.1296
2011-08-19 10:15:31,10320.6369,251.5926
2011-08-19 10:30:31,11377.1078,258.8036
2011-08-19 10:45:31,29648.5018,602.6491
2011-08-19 11:00:31,24107.4808,517.25
2011-08-19 11:15:31,16593.7607,380.625
2011-08-19 11:30:31,20910.1147,450.3333
2011-08-19 11:45:30,21303.6558,457.9821
2011-08-19 12:00:30,31425.7507,680.5714
2011-08-19 12:15:31,23804.8499,528.4643
2011-08-19 12:30:31,21619.5762,488.0
2011-08-19 12:45:32,11166.1491,269.7193
2011-08-19 13:00:32,14637.9878,346.8571
2011-08-19 13:15:32,16691.9469,383.2778
2011-08-19 13:30:37,27247.4475,603.8679
2011-08-19 13:45:37,35763.1365,769.5263
2011-08-19 14:00:37,26433.8224,567.0
2011-08-19 14:15:37,29801.3645,683.3929
2011-08-19 14:30:37,29056.6272,643.6607
2011-08-19 14:45:36,40843.7705,911.9107
2011-08-19 15:00:36,29727.6744,658.1071
2011-08-19 15:15:36,26735.4919,595.625
2011-08-19 15:30:36,32808.248,723.5
2011-08-19 15:45:38,36538.2217,773.4483
2011-08-19 16:00:38,34396.4264,710.6071
2011-08-19 16:15:38,31644.4469,666.9821
2011-08-19 16:30:38,25592.2287,529.6852
2011-08-19 16:45:38,14465.2618,312.7143
2011-08-19 17:00:38,8681.4198,203.9643
2011-08-19 17:15:38,6426.7564,157.9643
2011-08-19 17:30:38,5694.7724,133.4386
2011-08-19 17:45:38,7246.0759,170.2857
2011-08-19 18:00:38,8642.5768,192.6842
2011-08-19 18:15:38,6480.4602,144.5893
2011-08-19 18:30:38,2370.7705,49.1273
2011-08-19 18:45:39,1869.9787,44.0357
2011-08-19 19:00:39,4148.8458,80.9643
2011-08-19 19:15:39,2702.0458,60.2982
2011-08-19 19:30:39,827.9109,18.2807
2011-08-19 19:45:39,249.9716,4.8036
2011-08-19 20:00:39,0.0,0.5
2011-08-19 20:15:39,0.0,0.5238
2011-08-20 06:30:36,0.0,1.6304
2011-08-20 06:45:37,189.8943,7.7018
2011-08-20 07:00:37,852.0648,19.1786
2011-08-20 07:15:37,1346.0081,32.3333
2011-08-20 07:30:38,1784.8935,44.2857
2011-08-20 07:45:39,2205.1336,55.4211
2011-08-20 08:00:39,2612.1355,66.3571
2011-08-20 08:15:39,3018.5783,76.8929
2011-08-20 08:30:39,3436.4596,87.6786
2011-08-20 08:45:38,4184.7657,97.7321
2011-08-20 09:00:38,5938.2748,132.8393
2011-08-20 09:15:38,8035.4375,290.9643
2011-08-20 09:30:38,10871.1958,370.0714
2011-08-20 09:45:38,15335.4332,424.1964
2011-08-20 10:00:38,19352.7859,473.8571
2011-08-20 10:15:38,24590.5621,521.625
2011-08-20 10:30:38,28302.69,566.6786
2011-08-20 10:45:39,30054.3532,613.3636
2011-08-20 11:00:39,31310.5828,649.2321
2011-08-20 11:15:39,32793.8343,688.9474
2011-08-20 11:30:39,34433.3108,728.6429
2011-08-20 11:45:38,35284.7865,752.0536
2011-08-20 12:00:38,36191.5421,771.2281
2011-08-20 12:15:39,37132.7159,800.875
2011-08-20 12:30:39,37696.2668,821.614
2011-08-20 12:45:39,37961.3539,841.7455
2011-08-20 13:00:39,38309.9272,851.1607
2011-08-20 13:15:39,38275.4557,848.5614
2011-08-20 13:30:39,39000.9348,868.2679
2011-08-20 13:45:40,38834.7532,879.1429
2011-08-20 14:00:40,38732.7596,866.5179
2011-08-20 14:15:43,38954.5546,885.5
2011-08-20 14:30:43,37768.9752,833.7222
2011-08-20 14:45:42,35590.2852,825.0179
2011-08-20 15:00:42,38672.3579,864.2679
2011-08-20 15:15:42,38066.6578,824.0877
2011-08-20 15:30:42,35801.9695,769.2679
2011-08-20 15:45:43,36775.9257,781.1071
2011-08-20 16:00:43,28268.143,588.5357
2011-08-20 16:15:43,15645.9831,338.7818
2011-08-20 16:30:43,25021.3471,531.2857
2011-08-20 16:45:43,29733.5435,605.9643
2011-08-20 17:00:43,22093.4873,459.6607
2011-08-20 17:15:43,22483.6893,444.9464
2011-08-20 17:30:43,20888.0266,406.3571
2011-08-20 17:45:42,18080.002,347.4286
2011-08-20 18:00:42,15940.4936,305.8571
2011-08-20 18:15:42,12674.5663,241.25
2011-08-20 18:30:42,10635.6912,200.5357
2011-08-20 18:45:43,8542.4374,134.6786
2011-08-20 19:00:43,4074.3473,61.0893
2011-08-20 19:15:43,1078.8935,22.3273
2011-08-20 19:30:43,756.418,14.5789
2011-08-20 19:45:43,587.4909,9.5357
2011-08-20 20:00:43,69.5706,1.2143
2011-08-20 20:15:43,0.0,0.0
2011-08-21 06:30:40,0.0,0.1316
2011-08-21 06:45:40,0.0,2.8727
2011-08-21 07:00:40,0.0,2.5088
2011-08-21 07:15:40,0.0,0.0
2011-08-21 07:30:40,504.7563,13.9286
2011-08-21 07:45:40,2296.224,57.0351
2011-08-21 08:00:40,2767.8469,67.6429
2011-08-21 08:15:40,4399.9248,111.9474
2011-08-21 08:30:41,3891.9965,94.6
2011-08-21 08:45:42,4719.5742,119.5439
2011-08-21 09:00:42,5339.2456,133.1636
2011-08-21 09:15:43,5622.3732,134.9825
2011-08-21 09:30:43,7179.1119,196.5614
2011-08-21 09:45:43,16746.5405,418.1786
2011-08-21 10:00:43,13179.6287,316.875
2011-08-21 10:15:43,15152.6148,356.7091
2011-08-21 10:30:43,25323.6529,515.1786
2011-08-21 10:45:43,18986.6492,436.5179
2011-08-21 11:00:43,23627.4094,511.9107
2011-08-21 11:15:43,28204.3085,585.125
2011-08-21 11:30:43,30465.5287,652.8393
2011-08-21 11:45:43,34592.2679,743.6842
2011-08-21 12:00:44,36896.2099,798.5273
2011-08-21 12:15:45,29353.2607,660.7018
2011-08-21 12:30:45,20555.8568,461.1071
2011-08-21 12:45:46,3993.3226,84.7719
2011-08-21 13:00:46,4742.5004,109.3929
2011-08-21 13:15:46,24660.9919,582.0179
2011-08-21 13:30:46,15321.6833,352.7636
2011-08-21 13:45:46,2826.2817,72.6842
2011-08-21 14:00:46,2422.9712,60.6607
2011-08-21 14:15:46,7848.8973,207.125
2011-08-21 14:30:46,4966.3412,126.8364
2011-08-21 14:45:47,1501.9543,41.807
2011-08-21 15:00:47,503.2602,16.2456
2011-08-21 15:15:47,0.0,4.5273
2011-08-21 15:30:47,647.77,21.4286
2011-08-21 15:45:46,3997.3954,105.3333
2011-08-21 16:00:47,6414.762,159.1607
2011-08-21 16:15:47,12875.682,300.25
2011-08-21 16:30:47,22772.8475,481.75
2011-08-21 16:45:48,22645.755,467.1964
2011-08-21 17:00:48,13234.2186,285.5357
2011-08-21 17:15:48,8187.3736,185.8571
2011-08-21 17:30:48,16226.7334,339.8929
2011-08-21 17:45:47,16846.7599,338.5714
2011-08-21 18:00:48,19462.21,386.3036
2011-08-21 18:15:48,13963.616,276.7091
2011-08-21 18:30:48,11064.0213,211.4286
2011-08-21 18:45:48,3979.926,84.75
2011-08-21 19:00:48,2341.3577,47.193
2011-08-21 19:15:48,1761.5374,36.8727
2011-08-21 19:30:49,1214.9122,24.2456
2011-08-21 19:45:50,350.3711,7.0
2011-08-21 20:00:50,0.0,0.7321
2011-08-21 20:15:49,0.0,0.8462
2011-08-22 06:30:48,0.0,1.0357
2011-08-22 06:45:48,0.0,2.6552
2011-08-22 07:00:48,50.4532,10.5636
2011-08-22 07:15:48,896.4252,23.8246
2011-08-22 07:30:48,1281.9283,33.4107
2011-08-22 07:45:48,1510.4572,39.5
2011-08-22 08:00:48,1622.371,41.3509
2011-08-22 08:15:48,1772.2461,44.5536
2011-08-22 08:30:48,1951.5967,48.2679
2011-08-22 08:45:49,2672.5125,51.1429
2011-08-22 09:00:49,4830.4544,113.3333
2011-08-22 09:15:49,7131.3626,342.6182
2011-08-22 09:30:50,11354.1374,395.7895
2011-08-22 09:45:50,16036.7227,450.5714
2011-08-22 10:00:50,21901.0747,524.4286
2011-08-22 10:15:50,28158.9199,578.625
2011-08-22 10:30:30,31670.6484,629.4444
2011-08-22 10:45:30,33241.1495,673.2105
2011-08-22 11:00:30,35605.6407,723.9091
2011-08-22 11:15:30,37641.8385,769.0175
2011-08-22 11:30:30,39084.8578,805.1091
2011-08-22 11:45:32,40059.0924,831.3929
2011-08-22 12:00:31,41760.5935,866.8571
2011-08-22 12:15:31,42989.2695,895.5357
2011-08-22 12:30:31,43082.7472,910.7719
2011-08-22 12:45:32,44597.8715,934.6852
2011-08-22 13:00:32,44681.3255,949.2679
2011-08-22 13:15:32,40726.8884,890.1964
2011-08-22 13:30:32,45942.7573,991.3036
2011-08-22 13:45:32,46426.0774,1000.0536
2011-08-22 14:00:32,46025.8201,1001.8571
2011-08-22 14:15:32,46640.9515,1015.9464
2011-08-22 14:30:32,19742.6853,450.6964
2011-08-22 14:45:33,38396.2583,811.9107
2011-08-22 15:00:33,41418.3832,876.3036
2011-08-22 15:15:34,38968.8919,817.6429
2011-08-22 15:30:34,36636.7519,775.5714
2011-08-22 15:45:33,20448.7044,450.5455
2011-08-22 16:00:33,30716.1727,643.9107
2011-08-22 16:15:33,26884.4125,553.7143
2011-08-22 16:30:33,34764.8152,704.3571
2011-08-22 16:45:33,31694.4,641.9464
2011-08-22 17:00:33,27302.9644,543.2727
2011-08-22 17:15:35,27565.3191,545.1091
2011-08-22 17:30:35,25433.1626,497.5714
2011-08-22 17:45:36,17037.5582,337.1071
2011-08-22 18:00:36,9941.1765,205.0727
2011-08-22 18:15:36,11480.6635,224.2105
2011-08-22 18:30:36,14195.8501,266.3091
2011-08-22 18:45:35,7609.2741,103.8421
2011-08-22 19:00:35,6032.6946,39.4286
2011-08-22 19:15:35,2183.294,30.4286
2011-08-22 19:30:35,878.6168,17.2857
2011-08-22 19:45:35,521.9031,8.0175
2011-08-22 20:00:35,19.7767,0.8545
2011-08-22 20:15:35,0.0,0.8125
2011-08-23 06:30:33,0.0,1.451
2011-08-23 06:45:32,324.667,8.1053
2011-08-23 07:00:32,796.6612,19.1754
2011-08-23 07:15:32,1114.1911,26.8036
2011-08-23 07:30:32,1377.3629,33.4386
2011-08-23 07:45:33,1655.1367,39.6607
2011-08-23 08:00:33,1694.6704,40.2679
2011-08-23 08:15:33,1730.9757,41.1053
2011-08-23 08:30:33,1865.6081,43.2143
2011-08-23 08:45:33,2660.4436,45.8421
2011-08-23 09:00:33,4874.649,140.614
2011-08-23 09:15:34,7439.9512,348.8214
2011-08-23 09:30:34,11107.2082,368.2281
2011-08-23 09:45:34,16456.4791,433.5636
2011-08-23 10:00:34,22333.3245,518.8929
2011-08-23 10:15:34,27613.2935,560.2321
2011-08-23 10:30:34,30408.5552,605.7143
2011-08-23 10:45:34,32662.6673,660.625
2011-08-23 11:00:35,34851.6804,717.3036
2011-08-23 11:15:35,35715.1968,741.5357
2011-08-23 11:30:35,36983.3265,777.8772
2011-08-23 11:45:35,38058.6461,811.0877
2011-08-23 12:00:35,39036.491,840.5636
2011-08-23 12:15:35,40295.9919,869.4912
2011-08-23 12:30:35,41130.116,895.1429
2011-08-23 12:45:35,41757.5045,910.25
2011-08-23 13:00:35,42668.8293,929.9649
2011-08-23 13:15:35,34564.3312,760.4643
2011-08-23 13:30:35,22612.6291,472.7321
2011-08-23 13:45:35,43783.0727,929.8596
2011-08-23 14:00:36,33574.7477,754.6071
2011-08-23 14:15:36,41228.1421,947.8036
2011-08-23 14:30:37,43213.7943,948.3158
2011-08-23 14:45:37,41402.2595,906.2321
2011-08-23 15:00:38,41014.15,885.4
2011-08-23 15:15:38,39860.2735,864.2857
2011-08-23 15:30:38,27648.0652,614.386
2011-08-23 15:45:37,35902.2628,759.625
2011-08-23 16:00:38,35487.5523,745.7321
2011-08-23 16:15:37,29845.8584,624.3393
2011-08-23 16:30:38,25405.4862,539.3929
2011-08-23 16:45:39,30312.4045,627.6667
2011-08-23 17:00:39,26615.8771,543.7455
2011-08-23 17:15:39,25268.5605,508.2321
2011-08-23 17:30:39,22517.7659,447.4912
2011-08-23 17:45:39,19692.1153,388.2807
2011-08-23 18:00:39,16271.2402,318.3214
2011-08-23 18:15:39,13295.6757,256.5714
2011-08-23 18:30:39,11588.7911,217.3036
2011-08-23 18:45:39,9270.0252,102.3036
2011-08-23 19:00:39,6658.3606,54.3929
2011-08-23 19:15:40,2901.3571,40.5614
2011-08-23 19:30:40,1147.1448,24.3393
2011-08-23 19:45:40,376.1671,8.1228
2011-08-23 20:00:40,0.0,1.0189
2011-08-24 06:30:39,0.0,1.3137
2011-08-24 06:45:38,378.4184,8.3036
2011-08-24 07:00:38,1062.2751,23.5789
2011-08-24 07:15:38,1731.2363,40.0357
2011-08-24 07:30:38,2360.1775,55.1053
2011-08-24 07:45:40,2957.0487,70.3214
2011-08-24 08:00:40,3561.6647,84.9107
2011-08-24 08:15:40,4177.4489,99.8036
2011-08-24 08:30:42,4321.0884,98.5088
2011-08-24 08:45:42,3945.9908,85.9643
2011-08-24 09:00:42,4797.2754,121.2807
2011-08-24 09:15:42,9151.3945,306.9643
2011-08-24 09:30:43,12745.4371,360.9286
2011-08-24 09:45:41,18161.0066,448.3818
2011-08-24 10:00:42,20853.5418,459.1228
2011-08-24 10:15:42,23609.3278,474.625
2011-08-24 10:30:42,18023.8637,368.5357
2011-08-24 10:45:43,27477.9299,550.5
2011-08-24 11:00:43,28086.1753,567.4286
2011-08-24 11:15:43,30979.6064,626.1818
2011-08-24 11:30:43,31748.8798,646.7857
2011-08-24 11:45:43,38051.3601,779.0877
2011-08-24 12:00:43,40864.1697,847.9821
2011-08-24 12:15:43,42576.0588,883.7857
2011-08-24 12:30:43,42722.1994,896.1607
2011-08-24 12:45:44,42252.5002,890.6316
2011-08-24 13:00:44,38913.9236,827.8036
2011-08-24 13:15:44,44409.6172,935.2321
2011-08-24 13:30:44,41665.7878,895.1786
2011-08-24 13:45:44,41630.7046,891.3158
2011-08-24 14:00:45,44230.348,944.375
2011-08-24 14:15:45,43929.7501,927.8421
2011-08-24 14:30:45,39165.4789,842.9286
2011-08-24 14:45:45,41902.4432,885.0357
2011-08-24 15:00:45,38007.9336,809.2679
2011-08-24 15:15:45,37911.351,800.2321
2011-08-24 15:30:45,38134.8652,790.7679
2011-08-24 15:45:49,36636.3024,765.0943
2011-08-24 16:00:49,36490.8588,755.9825
2011-08-24 16:15:49,27275.2051,572.3455
2011-08-24 16:30:49,12043.3252,266.3036
2011-08-24 16:45:49,29000.7603,550.875
2011-08-24 17:00:49,17698.6023,371.3214
2011-08-24 17:15:50,22733.5243,436.7193
2011-08-24 17:30:50,17263.9743,335.8214
2011-08-24 17:45:50,16145.4687,305.75
2011-08-24 18:00:50,13305.1406,246.5965
2011-08-24 18:15:50,10467.3834,191.6071
2011-08-24 18:30:30,8900.6972,167.9074
2011-08-24 18:45:30,6757.2869,107.7321
2011-08-24 19:00:30,3710.5502,70.5893
2011-08-24 19:15:30,2445.2148,47.4643
2011-08-24 19:30:30,1083.0136,22.3929
2011-08-24 19:45:30,391.4487,6.3509
2011-08-24 20:00:30,0.0,0.625
2011-08-24 20:15:30,0.0,0.25
2011-08-25 06:30:30,0.0,1.0625
2011-08-25 06:45:29,377.0857,10.9464
2011-08-25 07:00:28,1721.9095,36.6491
2011-08-25 07:15:29,3028.4436,66.9074
2011-08-25 07:30:29,3778.2521,86.1818
2011-08-25 07:45:29,3915.8973,91.5614
2011-08-25 08:00:29,4388.2419,104.7321
2011-08-25 08:15:29,3629.0947,88.9821
2011-08-25 08:30:29,4198.8799,100.0893
2011-08-25 08:45:30,6524.3155,155.1071
2011-08-25 09:00:30,4632.895,111.5965
2011-08-25 09:15:31,4065.1774,97.1296
2011-08-25 09:30:31,6158.8554,147.3571
2011-08-25 09:45:30,5987.5807,148.6071
2011-08-25 10:00:30,5958.394,138.5263
2011-08-25 10:15:30,8030.1877,190.8571
2011-08-25 10:30:31,3948.8898,90.7679
2011-08-25 10:45:31,8514.5875,195.9286
2011-08-25 11:00:31,12697.0767,293.8333
2011-08-25 11:15:31,23211.0344,509.6071
2011-08-25 11:30:31,14056.0669,318.6182
2011-08-25 11:45:32,14594.1145,339.1754
2011-08-25 12:00:32,11275.3015,265.8
2011-08-25 12:15:32,4374.7429,106.8571
2011-08-25 12:30:33,3220.6444,84.2857
2011-08-25 12:45:33,2943.0738,80.8214
2011-08-25 13:00:33,1103.733,31.7143
2011-08-25 13:15:33,1179.5635,34.1071
2011-08-25 13:30:33,1298.9454,37.625
2011-08-25 13:45:34,2339.8128,62.0893
2011-08-25 14:00:34,8304.5917,207.4464
2011-08-25 14:15:34,7369.1605,179.3393
2011-08-25 14:30:34,7509.305,188.7818
2011-08-25 14:45:34,13400.3365,307.2857
2011-08-25 15:00:34,8960.2383,211.1111
2011-08-25 15:15:34,4847.5191,120.0893
2011-08-25 15:30:34,4491.212,112.0179
2011-08-25 15:45:33,4232.5346,108.6667
2011-08-25 16:00:33,5525.2851,137.6607
2011-08-25 16:15:34,9223.541,222.6786
2011-08-25 16:30:36,5076.3239,126.5439
2011-08-25 16:45:37,7662.258,183.1455
2011-08-25 17:00:37,8064.9586,190.7321
2011-08-25 17:15:37,5202.7599,127.3929
2011-08-25 17:30:37,5642.2445,134.1429
2011-08-25 17:45:37,7081.4093,164.5893
2011-08-25 18:00:37,4359.4099,109.1786
2011-08-25 18:15:37,2226.6879,55.1071
2011-08-25 18:30:37,1484.46,36.2143
2011-08-25 18:45:36,526.3824,11.9464
2011-08-25 19:00:36,0.0,7.2456
2011-08-25 19:15:36,467.2404,11.9455
2011-08-25 19:30:36,1545.7,18.9818
2011-08-25 19:45:37,1085.4593,8.1429
2011-08-25 20:00:37,135.8541,0.1053
2011-08-25 20:15:37,0.0,0.0526
2011-08-26 06:30:37,0.0,0.973
2011-08-26 06:45:36,0.0,4.1071
2011-08-26 07:00:37,571.7978,14.7368
2011-08-26 07:15:37,1095.5494,25.9821
2011-08-26 07:30:37,1482.0113,36.375
2011-08-26 07:45:37,1878.6836,46.0536
2011-08-26 08:00:37,2350.3386,57.1786
2011-08-26 08:15:37,2859.7764,68.2679
2011-08-26 08:30:37,4822.0209,109.5273
2011-08-26 08:45:38,7597.4999,167.5
2011-08-26 09:00:38,6877.4785,165.614
2011-08-26 09:15:38,10128.8733,252.0545
2011-08-26 09:30:38,9311.5361,221.8036
2011-08-26 09:45:37,16638.1601,394.0364
2011-08-26 10:00:38,21841.4866,463.9474
2011-08-26 10:15:37,22934.3499,464.5636
2011-08-26 10:30:38,21335.5545,451.7679
2011-08-26 10:45:38,29539.7709,601.0526
2011-08-26 11:00:38,31606.49,654.1636
2011-08-26 11:15:38,33061.7851,692.4107
2011-08-26 11:30:38,34351.1313,726.9286
2011-08-26 11:45:39,35044.7923,742.5893
2011-08-26 12:00:40,36455.5049,779.1754
2011-08-26 12:15:40,31190.3667,680.1429
2011-08-26 12:30:40,36169.9747,780.125
2011-08-26 12:45:40,38989.3533,862.5741
2011-08-26 13:00:40,39646.8537,883.6607
2011-08-26 13:15:40,37118.631,822.7719
2011-08-26 13:30:40,35989.9611,788.6
2011-08-26 13:45:39,34934.583,772.3393
2011-08-26 14:00:39,21676.3187,504.5893
2011-08-26 14:15:39,26536.5413,611.9107
2011-08-26 14:30:39,28238.3652,642.8421
2011-08-26 14:45:40,32109.0074,687.2727
2011-08-26 15:00:40,26259.1261,590.6727
2011-08-26 15:15:42,21231.4386,487.3929
2011-08-26 15:30:42,31608.2498,684.2632
2011-08-26 15:45:43,20090.9891,462.9636
2011-08-26 16:00:43,29077.1135,640.5789
2011-08-26 16:15:43,29427.3789,632.9286
2011-08-26 16:30:43,30107.3484,628.8214
2011-08-26 16:45:42,30700.9972,627.1818
2011-08-26 17:00:42,20298.4048,426.8393
2011-08-26 17:15:42,15724.8849,335.125
2011-08-26 17:30:42,11922.4591,265.8393
2011-08-26 17:45:43,8799.5446,195.2727
2011-08-26 18:00:43,5299.6958,125.4464
2011-08-26 18:15:43,2917.3833,69.3393
2011-08-26 18:30:44,2332.1696,55.4464
2011-08-26 18:45:44,1546.0361,37.4107
2011-08-26 19:00:46,301.4315,7.2115
2011-08-26 19:15:46,95.2579,3.375
2011-08-26 19:30:47,10.8823,1.9464
2011-08-26 19:45:47,0.0,0.0
2011-08-26 20:00:48,0.0,0.0
2011-08-26 20:15:47,0.0,0.0526
2011-08-27 07:00:46,0.0,0.5818
2011-08-27 07:15:46,83.2412,10.8929
2011-08-27 07:30:46,680.9584,15.2857
2011-08-27 07:45:46,482.3845,11.2
2011-08-27 08:00:46,1507.1797,37.0
2011-08-27 08:15:46,2178.3307,53.2679
2011-08-27 08:30:47,2316.5756,55.6071
2011-08-27 08:45:47,2310.0071,55.5714
2011-08-27 09:00:47,4532.6884,111.4182
2011-08-27 09:15:47,4804.3853,121.3509
2011-08-27 09:30:47,4829.9029,118.8929
2011-08-27 09:45:47,2770.9782,69.3571
2011-08-27 10:00:47,3202.401,82.8727
2011-08-27 10:15:47,4163.7832,103.5714
2011-08-27 10:30:47,4350.9423,111.1754
2011-08-27 10:45:47,4443.3443,118.2963
2011-08-27 11:00:47,5158.1594,141.5
2011-08-27 11:15:48,2835.5633,79.7321
2011-08-27 11:30:48,1288.1191,31.7719
2011-08-27 11:45:49,2347.1369,62.6964
2011-08-27 12:00:49,3207.2744,88.9423
2011-08-27 12:15:49,2704.4711,76.4912
2011-08-27 12:30:50,1916.1698,57.2321
2011-08-27 12:45:50,1986.8923,56.2807
2011-08-27 13:00:30,2891.4327,78.9273
2011-08-27 13:15:33,5381.2201,138.4107
2011-08-27 13:30:32,4553.1312,119.5357
2011-08-27 13:45:32,3958.8414,105.7679
2011-08-27 14:00:32,3847.6174,103.1607
2011-08-27 14:15:32,3888.8388,106.1429
2011-08-27 14:30:32,4146.2114,111.0357
2011-08-27 14:45:33,2970.2459,83.3571
2011-08-27 15:00:33,2287.9096,64.1964
2011-08-27 15:15:33,1541.4756,45.4364
2011-08-27 15:30:33,1476.8003,44.9643
2011-08-27 15:45:35,1430.8081,42.5179
2011-08-27 16:00:35,1240.0857,36.6842
2011-08-27 16:15:36,1168.7507,33.7818
2011-08-27 16:30:36,690.6186,20.5714
2011-08-27 16:45:37,571.1802,20.7679
2011-08-27 17:00:37,346.8216,13.9825
2011-08-27 17:15:39,51.0119,9.1852
2011-08-27 17:30:39,81.124,13.2807
2011-08-27 17:45:40,572.3334,19.6964
2011-08-27 18:00:41,415.7177,14.5091
2011-08-27 18:15:41,34.5797,6.2281
2011-08-27 18:30:41,0.0,5.0714
2011-08-27 18:45:41,0.0,2.125
2011-08-27 19:00:41,0.0,0.9821
2011-08-27 19:15:41,0.0,0.8889
2011-08-27 19:30:41,0.0,0.05
2011-08-28 06:45:39,0.0,0.5789
2011-08-28 07:00:40,0.0,1.3158
2011-08-28 07:15:40,176.5006,10.0526
2011-08-28 07:30:40,919.7929,21.3929
2011-08-28 07:45:40,1255.353,29.8571
2011-08-28 08:00:40,1501.6538,35.3333
2011-08-28 08:15:41,1506.0967,35.3929
2011-08-28 08:30:41,1851.7275,43.6842
2011-08-28 08:45:41,2735.4446,64.9259
2011-08-28 09:00:41,4382.5075,109.0536
2011-08-28 09:15:41,3962.4743,97.1754
2011-08-28 09:30:42,4837.9742,122.0714
2011-08-28 09:45:43,8026.3342,191.8214
2011-08-28 10:00:43,10378.8683,248.3636
2011-08-28 10:15:43,8598.158,205.3214
2011-08-28 10:30:43,8251.1132,196.614
2011-08-28 10:45:42,6596.1157,161.0536
2011-08-28 11:00:43,6978.2722,168.1296
2011-08-28 11:15:43,5018.3028,115.1071
2011-08-28 11:30:43,10246.8886,250.3333
2011-08-28 11:45:43,5118.4996,117.75
2011-08-28 12:00:43,10311.6221,247.4286
2011-08-28 12:15:43,11740.1521,277.1786
2011-08-28 12:30:43,9712.0923,232.6786
2011-08-28 12:45:45,8555.107,215.3393
2011-08-28 13:00:45,9402.0313,227.2545
2011-08-28 13:15:45,14644.0758,340.5614
2011-08-28 13:30:45,15377.5482,359.1273
2011-08-28 13:45:45,43511.3451,935.4286
2011-08-28 14:00:45,36803.3418,806.7857
2011-08-28 14:15:45,37329.8238,806.7679
2011-08-28 14:30:45,37595.2008,821.1071
2011-08-28 14:45:45,30032.6882,646.1071
2011-08-28 15:00:45,32659.1825,692.8929
2011-08-28 15:15:45,38572.4981,814.5179
2011-08-28 15:30:45,39773.8337,829.1228
2011-08-28 15:45:46,37992.7781,786.4909
2011-08-28 16:00:46,36462.9216,754.4107
2011-08-28 16:15:46,31868.042,656.4035
2011-08-28 16:30:46,32616.5974,661.7091
2011-08-28 16:45:45,30436.7494,611.375
2011-08-28 17:00:45,28146.0639,560.6545
2011-08-28 17:15:46,25503.1856,500.7321
2011-08-28 17:30:46,21975.2783,423.0893
2011-08-28 17:45:46,20047.0362,382.2143
2011-08-28 18:00:46,16938.9136,315.875
2011-08-28 18:15:47,13813.5438,252.7925
2011-08-28 18:30:47,10625.4289,180.5536
2011-08-28 18:45:48,7469.2202,52.0179
2011-08-28 19:00:48,4583.616,42.2321
2011-08-28 19:15:48,1960.3116,30.7679
2011-08-28 19:30:48,818.3994,16.4464
2011-08-28 19:45:47,171.5332,3.875
2011-08-28 20:00:47,0.0,0.0
2011-08-29 06:30:48,0.0,0.8214
2011-08-29 06:45:48,3.3993,1.3393
2011-08-29 07:00:48,659.6721,10.8036
2011-08-29 07:15:48,1321.7776,26.4821
2011-08-29 07:30:48,1548.5992,34.7321
2011-08-29 07:45:48,2183.7821,53.0536
2011-08-29 08:00:48,3049.2188,77.3393
2011-08-29 08:15:48,5967.2598,139.2321
2011-08-29 08:30:48,4883.3498,112.5536
2011-08-29 08:45:48,6311.647,179.8214
2011-08-29 09:00:49,8935.9812,289.375
2011-08-29 09:15:49,9729.976,300.5818
2011-08-29 09:30:49,13523.8566,363.875
2011-08-29 09:45:49,17946.3897,422.9259
2011-08-29 10:00:49,24184.5671,490.5536
2011-08-29 10:15:49,19387.3081,395.5273
2011-08-29 10:30:50,29509.4202,576.9643
2011-08-29 10:45:50,31762.9603,635.5263
2011-08-29 11:00:50,34916.8755,703.7636
2011-08-29 11:15:50,21183.8767,449.7679
2011-08-29 11:30:49,32371.381,690.1071
2011-08-29 11:45:49,34492.8835,743.0526
2011-08-29 12:00:49,35780.4428,753.4
2011-08-29 12:15:49,36239.2784,782.1964
2011-08-29 12:30:00,37833.9348,827.5849
2011-08-29 12:45:31,37191.05,821.0517
2011-08-29 13:00:31,12161.8119,276.1607
2011-08-29 13:15:31,24245.1903,523.1964
2011-08-29 13:30:31,31157.8608,670.8571
2011-08-29 13:45:32,34480.7645,739.3519
2011-08-29 14:00:33,34726.1664,752.0526
2011-08-29 14:15:33,32853.8292,711.9464
2011-08-29 14:30:33,41611.0031,896.9643
2011-08-29 14:45:33,36654.2901,790.6964
2011-08-29 15:00:32,32773.9703,715.5536
2011-08-29 15:15:34,36518.6224,785.8909
2011-08-29 15:30:34,31114.565,666.8246
2011-08-29 15:45:34,35053.9864,739.125
2011-08-29 16:00:34,29979.988,627.6364
2011-08-29 16:15:34,28744.4269,587.8393
2011-08-29 16:30:34,15452.6964,336.2456
2011-08-29 16:45:34,23910.2414,491.5714
2011-08-29 17:00:35,22044.9321,441.3091
2011-08-29 17:15:35,15196.0861,314.6842
2011-08-29 17:30:35,11421.4046,243.1273
2011-08-29 17:45:35,6190.6753,144.1786
2011-08-29 18:00:34,3329.1823,78.5893
2011-08-29 18:15:34,3382.1183,77.3036
2011-08-29 18:30:35,3678.6844,85.0714
2011-08-29 18:45:35,2599.8515,58.5
2011-08-29 19:00:36,2237.4436,46.9464
2011-08-29 19:15:37,1795.2284,33.6429
2011-08-29 19:30:37,760.4879,12.8036
2011-08-29 19:45:37,15.6566,1.3036
2011-08-29 20:00:36,0.0,1.0
2011-08-30 06:30:34,0.0,1.1724
2011-08-30 06:45:34,29.8987,3.3333
2011-08-30 07:00:34,549.7869,12.7321
2011-08-30 07:15:34,866.6224,22.2982
2011-08-30 07:30:35,1205.554,28.9286
2011-08-30 07:45:35,1462.3056,35.6786
2011-08-30 08:00:36,1665.2457,41.1429
2011-08-30 08:15:36,1856.0733,45.3091
2011-08-30 08:30:36,2106.0636,50.7544
2011-08-30 08:45:37,3818.0122,130.5091
2011-08-30 09:00:37,6290.861,264.4386
2011-08-30 09:15:37,10011.8261,321.4
2011-08-30 09:30:37,14042.0296,377.8889
2011-08-30 09:45:37,18746.9671,435.0179
2011-08-30 10:00:39,24378.849,491.5179
2011-08-30 10:15:39,28268.5949,543.25
2011-08-30 10:30:39,30351.0959,594.6964
2011-08-30 10:45:39,32279.4274,646.0893
2011-08-30 11:00:39,33740.3134,688.9821
2011-08-30 11:15:39,35231.4897,730.0357
2011-08-30 11:30:39,36653.5939,766.5179
2011-08-30 11:45:39,37836.9105,798.1404
2011-08-30 12:00:40,38831.348,825.9123
2011-08-30 12:15:41,39686.9531,848.4286
2011-08-30 12:30:41,40487.5883,870.4182
2011-08-30 12:45:41,41043.2007,888.0893
2011-08-30 13:00:41,41407.465,901.0179
2011-08-30 13:15:41,41479.9198,903.5536
2011-08-30 13:30:41,41055.1174,903.25
2011-08-30 13:45:42,41366.9295,902.6071
2011-08-30 14:00:43,41026.4357,899.1429
2011-08-30 14:15:43,40057.7139,885.3214
2011-08-30 14:30:43,39901.1838,873.7193
2011-08-30 14:45:43,39367.36,857.0909
2011-08-30 15:00:42,38943.7953,839.1071
2011-08-30 15:15:42,38044.9343,814.9821
2011-08-30 15:30:44,37174.7067,790.6364
2011-08-30 15:45:44,35897.2052,756.4035
2011-08-30 16:00:44,34582.6894,720.75
2011-08-30 16:15:46,33060.8218,683.8393
2011-08-30 16:30:46,31200.78,638.0526
2011-08-30 16:45:46,29292.3427,591.7273
2011-08-30 17:00:46,26998.0064,537.7679
2011-08-30 17:15:46,24558.1937,479.2857
2011-08-30 17:30:47,21911.0563,418.5536
2011-08-30 17:45:47,18926.0799,352.1228
2011-08-30 18:00:47,15732.9898,282.0364
2011-08-30 18:15:48,13037.8181,230.3509
2011-08-30 18:30:48,10038.7481,146.9821
2011-08-30 18:45:48,7231.7426,49.4464
2011-08-30 19:00:48,4466.1293,39.2281
2011-08-30 19:15:48,1861.0554,27.8036
2011-08-30 19:30:49,715.0561,14.0351
2011-08-30 19:45:49,50.0244,1.875
2011-08-30 20:00:50,0.0,0.1739
2011-08-31 06:30:29,0.0,1.5161
2011-08-31 06:45:29,63.5182,3.2105
2011-08-31 07:00:30,507.9319,11.5455
2011-08-31 07:15:30,809.2128,19.7407
2011-08-31 07:30:30,1139.7931,26.125
2011-08-31 07:45:31,1372.1854,30.9107
2011-08-31 08:00:32,1547.4427,34.4727
2011-08-31 08:15:32,1724.6672,37.5357
2011-08-31 08:30:32,2086.1985,41.4107
2011-08-31 08:45:32,4042.4612,108.9107
2011-08-31 09:00:31,6588.2035,209.9821
2011-08-31 09:15:31,10632.522,301.7857
2011-08-31 09:30:31,14316.5765,375.2321
2011-08-31 09:45:31,19107.0732,429.6786
2011-08-31 10:00:32,24576.9799,486.7143
2011-08-31 10:15:32,28072.8701,540.7321
2011-08-31 10:30:32,29775.7261,587.7273
2011-08-31 10:45:32,31202.2531,627.6182
2011-08-31 11:00:32,32850.2069,673.25
2011-08-31 11:15:32,34594.2751,715.8214
2011-08-31 11:30:32,35887.2501,747.1429
2011-08-31 11:45:32,37077.9382,780.8393
2011-08-31 12:00:31,37511.2749,795.3036
2011-08-31 12:15:31,38787.496,828.2321
2011-08-31 12:30:31,39473.3026,845.1429
2011-08-31 12:45:31,40037.3188,865.9464
2011-08-31 13:00:32,40346.9382,877.9474
2011-08-31 13:15:32,42222.1898,915.2857
2011-08-31 13:30:32,32933.3671,729.3509
2011-08-31 13:45:33,42358.0548,924.5893
2011-08-31 14:00:33,43809.9057,956.0714
2011-08-31 14:15:33,31697.2018,702.8214
2011-08-31 14:30:33,40361.9217,878.4035
2011-08-31 14:45:33,35205.3193,762.1667
2011-08-31 15:00:32,35334.1923,776.625
2011-08-31 15:15:32,37688.7906,809.7857
2011-08-31 15:30:32,36172.3774,768.625
2011-08-31 15:45:32,36433.6476,773.0877
2011-08-31 16:00:33,32004.497,668.7407
2011-08-31 16:15:33,11738.5588,254.3571
2011-08-31 16:30:33,34747.1837,693.5714
2011-08-31 16:45:33,31239.8534,629.6071
2011-08-31 17:00:33,26988.2053,536.2037
2011-08-31 17:15:34,16101.1847,320.0
2011-08-31 17:30:34,19946.7983,378.4643
2011-08-31 17:45:34,20986.4624,392.2679
2011-08-31 18:00:35,12473.8384,246.0536
2011-08-31 18:15:35,2993.1255,74.3333
2011-08-31 18:30:35,4095.8229,71.2
2011-08-31 18:45:35,4674.9951,67.4386
2011-08-31 19:00:34,5740.6468,75.6071
2011-08-31 19:15:34,3129.6214,53.6964
2011-08-31 19:30:34,867.8257,16.5536
2011-08-31 19:45:34,61.0988,1.5179
2011-08-31 20:00:34,0.0,0.5517
2011-09-01 06:45:32,32.2621,2.9107
2011-09-01 07:00:32,589.6833,13.0893
2011-09-01 07:15:32,1013.4009,24.3214
2011-09-01 07:30:33,1421.4696,34.4035
2011-09-01 07:45:33,1755.1161,42.5179
2011-09-01 08:00:34,2073.6846,50.2679
2011-09-01 08:15:34,2416.166,58.2632
2011-09-01 08:30:34,3077.5385,73.3929
2011-09-01 08:45:34,5331.4553,156.6607
2011-09-01 09:00:34,6995.9594,227.6607
2011-09-01 09:15:34,10511.5729,296.875
2011-09-01 09:30:34,13954.8982,351.3636
2011-09-01 09:45:36,18384.1176,405.0179
2011-09-01 10:00:35,23110.1431,453.7018
2011-09-01 10:15:35,26151.1357,507.3519
2011-09-01 10:30:35,28010.0141,555.2143
2011-09-01 10:45:35,29769.4464,600.1273
2011-09-01 11:00:36,31646.4872,645.5818
2011-09-01 11:15:36,33437.7412,690.193
2011-09-01 11:30:36,35441.1709,742.1091
2011-09-01 11:45:36,31166.8609,676.386
2011-09-01 12:00:36,23229.2924,499.3636
2011-09-01 12:15:38,33305.8671,691.4561
2011-09-01 12:30:38,38796.4505,840.963
2011-09-01 12:45:38,23511.4964,540.0526
2011-09-01 13:00:38,10976.3107,261.9107
2011-09-01 13:15:38,7592.7463,178.3455
2011-09-01 13:30:38,6335.4921,156.125
2011-09-01 13:45:38,6126.8979,146.8929
2011-09-01 14:00:39,14327.8371,339.0893
2011-09-01 14:15:39,17814.444,407.625
2011-09-01 14:30:39,17459.6029,405.3393
2011-09-01 14:45:39,10483.8337,244.9821
2011-09-01 15:00:39,14986.2864,340.0727
2011-09-01 15:15:40,18328.2414,399.7636
2011-09-01 15:30:40,15760.6643,346.5714
2011-09-01 15:45:40,20855.577,451.2364
2011-09-01 16:00:39,13628.1164,306.6964
2011-09-01 16:15:39,26569.2752,533.9286
2011-09-01 16:30:39,30873.5913,616.9464
2011-09-01 16:45:39,28459.9914,564.4444
2011-09-01 17:00:40,25220.8552,500.7818
2011-09-01 17:15:40,22983.7378,443.5179
2011-09-01 17:30:40,20621.9492,390.5179
2011-09-01 17:45:40,17564.647,326.1852
2011-09-01 18:00:40,14539.7823,263.5536
2011-09-01 18:15:40,11589.463,205.5714
2011-09-01 18:30:41,8725.5161,125.75
2011-09-01 18:45:41,5931.0959,60.7544
2011-09-01 19:00:40,3168.6876,44.5179
2011-09-01 19:15:40,1454.349,26.2679
2011-09-01 19:30:40,541.8852,10.1818
2011-09-01 19:45:40,0.0,0.4737
2011-09-01 20:00:41,0.0,0.0
2011-09-02 06:45:41,0.0,1.08
2011-09-02 07:00:40,155.7216,8.0526
2011-09-02 07:15:40,974.2284,22.3571
2011-09-02 07:30:40,1676.6268,39.4464
2011-09-02 07:45:40,2499.7767,58.8947
2011-09-02 08:00:40,2591.5312,61.5714
2011-09-02 08:15:40,2838.7289,67.6429
2011-09-02 08:30:40,2473.4499,58.9636
2011-09-02 08:45:40,2612.5645,62.0714
2011-09-02 09:00:41,3478.4489,82.9474
2011-09-02 09:15:42,4490.9044,108.6727
2011-09-02 09:30:42,3687.4422,88.2982
2011-09-02 09:45:42,3773.556,90.6909
2011-09-02 10:00:41,5023.7771,122.1579
2011-09-02 10:15:41,10576.383,257.0545
2011-09-02 10:30:41,12020.0514,280.8571
2011-09-02 10:45:41,11660.2185,278.5
2011-09-02 11:00:41,9254.1101,218.8393
2011-09-02 11:15:42,8092.9717,193.2321
2011-09-02 11:30:42,8646.7316,208.0
2011-09-02 11:45:42,10443.238,251.3571
2011-09-02 12:00:43,13806.0895,325.4727
2011-09-02 12:15:43,16402.2992,385.8214
2011-09-02 12:30:44,16422.8241,383.5818
2011-09-02 12:45:45,14035.8049,336.2807
2011-09-02 13:00:45,18226.2584,423.6545
2011-09-02 13:15:45,21937.2686,494.9643
2011-09-02 13:30:45,24271.7037,534.2143
2011-09-02 13:45:45,25589.0101,564.5
2011-09-02 14:00:44,17558.212,404.5893
2011-09-02 14:15:44,12809.462,301.5091
2011-09-02 14:30:44,11258.0424,265.7719
2011-09-02 14:45:44,11275.0138,267.3091
2011-09-02 15:00:46,19034.3474,427.2456
2011-09-02 15:15:46,18313.5109,406.1091
2011-09-02 15:30:46,13328.0338,304.8036
2011-09-02 15:45:46,11568.5309,268.0
2011-09-02 16:00:47,8339.2568,196.2857
2011-09-02 16:15:47,10289.6355,247.0536
2011-09-02 16:30:47,21329.9319,438.375
2011-09-02 16:45:47,23769.0411,473.625
2011-09-02 17:00:47,25225.4492,489.8036
2011-09-02 17:15:48,21762.3035,422.2807
2011-09-02 17:30:48,18421.8543,350.3091
2011-09-02 17:45:48,15248.0682,286.5714
2011-09-02 18:00:48,12247.3001,229.7368
2011-09-02 18:15:48,9941.8547,185.875
2011-09-02 18:30:48,5516.5747,110.8036
2011-09-02 18:45:48,3989.5348,79.0
2011-09-02 19:00:48,2626.6021,49.3393
2011-09-02 19:15:48,961.1302,19.2281
2011-09-02 19:30:48,224.124,5.2182
2011-09-02 19:45:48,0.0,0.1296
2011-09-03 06:45:46,0.0,0.6444
2011-09-03 07:00:47,156.8573,8.5965
2011-09-03 07:15:47,1146.7164,26.5636
2011-09-03 07:30:47,2009.0728,45.9298
2011-09-03 07:45:48,2554.2171,65.4545
2011-09-03 08:00:47,3146.4743,79.2321
2011-09-03 08:15:47,3959.9279,100.4643
2011-09-03 08:30:47,5297.5468,132.6491
2011-09-03 08:45:48,6771.3048,180.9107
2011-09-03 09:00:49,8074.1995,215.3929
2011-09-03 09:15:49,9741.1081,246.375
2011-09-03 09:30:49,12413.4375,284.9455
2011-09-03 09:45:49,6530.2988,157.5439
2011-09-03 10:00:48,5995.0004,148.6786
2011-09-03 10:15:49,5478.7055,137.6786
2011-09-03 10:30:49,4093.1217,103.4211
2011-09-03 10:45:49,6909.9748,163.2807
2011-09-03 11:00:49,8493.5588,195.4909
2011-09-03 11:15:49,13158.4817,310.9286
2011-09-03 11:30:49,16455.7926,363.7321
2011-09-03 11:45:49,7681.1911,174.7321
2011-09-03 12:00:50,16956.9254,370.5714
2011-09-03 12:15:50,31727.9942,665.7679
2011-09-03 12:30:30,17815.8212,408.5472
2011-09-03 12:45:30,17720.0691,402.5893
2011-09-03 13:00:29,16378.0202,352.8036
2011-09-03 13:15:29,8403.0896,209.5
2011-09-03 13:30:29,9313.6886,227.6964
2011-09-03 13:45:29,11265.1036,277.2857
2011-09-03 14:00:29,16184.8586,383.0
2011-09-03 14:15:29,24401.8362,538.7455
2011-09-03 14:30:29,25044.5505,538.5439
2011-09-03 14:45:29,31187.7279,651.7321
2011-09-03 15:00:30,25888.8682,559.125
2011-09-03 15:15:30,35142.3167,725.6364
2011-09-03 15:30:31,29008.8504,628.6786
2011-09-03 15:45:31,25586.9047,535.8545
2011-09-03 16:00:31,33114.9641,660.9286
2011-09-03 16:15:31,25041.5662,514.3036
2011-09-03 16:30:31,25519.4349,514.7636
2011-09-03 16:45:31,22914.1339,474.8929
2011-09-03 17:00:31,20205.8929,409.6964
2011-09-03 17:15:31,22018.1333,421.7193
2011-09-03 17:30:31,20041.1697,378.625
2011-09-03 17:45:31,16410.8376,306.5714
2011-09-03 18:00:32,12694.0003,234.5273
2011-09-03 18:15:32,10201.6607,186.3509
2011-09-03 18:30:33,6548.2234,116.8571
2011-09-03 18:45:33,4235.2111,77.3571
2011-09-03 19:00:33,2168.5759,44.8929
2011-09-03 19:15:33,803.5245,16.614
2011-09-03 19:30:33,152.3813,3.6964
2011-09-03 19:45:33,0.0,0.0
2011-09-04 06:45:32,0.0,0.9608
2011-09-04 07:00:32,65.6281,7.1071
2011-09-04 07:15:32,944.5936,22.3393
2011-09-04 07:30:32,1599.1428,38.9474
2011-09-04 07:45:32,2543.7655,63.8545
2011-09-04 08:00:32,4870.6367,119.2807
2011-09-04 08:15:32,7293.5418,171.875
2011-09-04 08:30:32,7049.1382,163.6182
2011-09-04 08:45:32,5737.4732,144.9649
2011-09-04 09:00:33,6878.515,164.9464
2011-09-04 09:15:33,6380.293,152.7679
2011-09-04 09:30:33,7015.7573,171.6429
2011-09-04 09:45:33,8305.3543,206.3929
2011-09-04 10:00:34,8156.6446,204.4464
2011-09-04 10:15:34,11825.4355,278.7273
2011-09-04 10:30:34,8432.9593,207.5893
2011-09-04 10:45:35,14116.2911,315.625
2011-09-04 11:00:33,25965.6881,530.875
2011-09-04 11:15:34,26166.4826,548.3393
2011-09-04 11:30:34,24023.6804,510.1607
2011-09-04 11:45:34,30555.1493,641.7321
2011-09-04 12:00:34,33820.6011,710.8214
2011-09-04 12:15:34,33989.6662,721.386
2011-09-04 12:30:34,33243.343,712.9818
2011-09-04 12:45:34,35619.574,751.0
2011-09-04 13:00:35,34799.2493,752.0
2011-09-04 13:15:35,35752.6835,775.7018
2011-09-04 13:30:35,37565.3635,801.1429
2011-09-04 13:45:39,36009.6927,772.8889
2011-09-04 14:00:37,28059.1874,601.5
2011-09-04 14:15:38,34563.4896,730.7719
2011-09-04 14:30:38,24720.904,534.9286
2011-09-04 14:45:38,26369.3972,560.8571
2011-09-04 15:00:38,34188.5623,711.2982
2011-09-04 15:15:38,29323.3607,619.5357
2011-09-04 15:30:38,19620.4452,441.9455
2011-09-04 15:45:38,23597.9293,491.6842
2011-09-04 16:00:39,14831.9597,332.5536
2011-09-04 16:15:39,14058.8062,305.8909
2011-09-04 16:30:39,17509.8396,353.0877
2011-09-04 16:45:39,19689.1501,389.6481
2011-09-04 17:00:38,20000.8871,390.614
2011-09-04 17:15:38,17774.5191,340.9818
2011-09-04 17:30:39,15404.3709,292.6429
2011-09-04 17:45:39,12752.5445,240.9643
2011-09-04 18:00:39,8972.6577,175.9821
2011-09-04 18:15:39,7111.3125,129.7679
2011-09-04 18:30:39,2504.2044,56.7321
2011-09-04 18:45:39,1429.0385,30.4286
2011-09-04 19:00:40,1406.9297,29.5273
2011-09-04 19:15:40,878.6705,17.6316
2011-09-04 19:30:40,35.5088,1.5893
2011-09-04 19:45:40,0.0,0.0
2011-09-05 06:45:42,0.0,0.8286
2011-09-05 07:00:42,0.0,3.2545
2011-09-05 07:15:42,10.6346,9.0
2011-09-05 07:30:42,1237.8181,27.5263
2011-09-05 07:45:42,2536.1242,50.9821
2011-09-05 08:00:42,2858.0549,68.2456
2011-09-05 08:15:42,2658.9444,63.8214
2011-09-05 08:30:42,2585.165,60.6667
2011-09-05 08:45:42,4984.7316,123.5357
2011-09-05 09:00:42,6286.5005,156.0536
2011-09-05 09:15:42,10267.6558,239.5714
2011-09-05 09:30:42,10752.6951,250.5179
2011-09-05 09:45:46,8057.5888,191.4909
2011-09-05 10:00:46,9892.2591,235.9464
2011-09-05 10:15:47,3347.2644,84.5088
2011-09-05 10:30:47,3088.223,72.3684
2011-09-05 10:45:47,5526.2285,127.5185
2011-09-05 11:00:47,16106.2364,371.5179
2011-09-05 11:15:47,19211.1912,438.25
2011-09-05 11:30:47,17329.6656,398.1429
2011-09-05 11:45:47,18388.1656,429.5088
2011-09-05 12:00:47,24385.6166,537.7091
2011-09-05 12:15:47,17604.1617,411.4107
2011-09-05 12:30:47,15857.8785,371.0
2011-09-05 12:45:47,14863.1199,355.1786
2011-09-05 13:00:47,19035.8757,447.75
2011-09-05 13:15:47,23363.2251,543.8036
2011-09-05 13:30:47,25658.5549,588.6909
2011-09-05 13:45:47,14975.0763,360.125
2011-09-05 14:00:47,5373.4367,136.0536
2011-09-05 14:15:47,7006.5575,169.0175
2011-09-05 14:30:47,10398.1635,253.3091
2011-09-05 14:45:47,16597.9773,380.5536
2011-09-05 15:00:47,6745.8337,167.2982
2011-09-05 15:15:47,10926.8555,249.5818
2011-09-05 15:30:47,13486.3888,308.9286
2011-09-05 15:45:47,16968.0424,388.3636
2011-09-05 16:00:48,5406.2032,138.8947
2011-09-05 16:15:48,1643.4751,37.2857
2011-09-05 16:30:48,3609.7016,94.386
2011-09-05 16:45:48,4961.765,132.25
2011-09-05 17:00:47,1560.733,38.75
2011-09-05 17:15:47,4359.6731,112.4035
2011-09-05 17:30:47,1482.0356,39.5893
2011-09-05 17:45:47,880.5608,23.8421
2011-09-05 18:00:47,701.9432,15.4035
2011-09-05 18:15:47,772.6367,19.1429
2011-09-05 18:30:47,138.5996,6.7193
2011-09-05 18:45:48,417.4759,14.6964
2011-09-05 19:00:49,566.635,14.0175
2011-09-05 19:15:49,37.7471,5.1579
2011-09-05 19:30:49,0.0,1.7321
2011-09-05 19:45:30,0.0,0.6111
2011-09-06 07:00:29,0.0,0.9677
2011-09-06 07:15:29,0.0,0.9825
2011-09-06 07:30:29,0.0,4.5536
2011-09-06 07:45:29,51.5499,7.6607
2011-09-06 08:00:28,849.1852,20.2143
2011-09-06 08:15:28,1408.3326,34.6296
2011-09-06 08:30:28,1789.3156,44.1429
2011-09-06 08:45:28,1904.5484,46.9107
2011-09-06 09:00:29,1810.137,45.0893
2011-09-06 09:15:29,2196.0769,54.7679
2011-09-06 09:30:29,3010.0486,76.8036
2011-09-06 09:45:29,3511.0655,87.6071
2011-09-06 10:00:29,3262.9732,84.2679
2011-09-06 10:15:29,3222.3337,84.7544
2011-09-06 10:30:29,2546.9891,66.3036
2011-09-06 10:45:29,3628.8759,95.0536
2011-09-06 11:00:29,4587.8119,120.3036
2011-09-06 11:15:29,3709.0184,96.1053
2011-09-06 11:30:29,2499.1919,65.8909
2011-09-06 11:45:29,3037.5683,78.0702
2011-09-06 12:00:30,3802.6563,97.1607
2011-09-06 12:15:30,3582.0851,95.375
2011-09-06 12:30:30,5185.5131,135.3158
2011-09-06 12:45:30,5079.1107,135.0357
2011-09-06 13:00:30,3046.4539,83.8246
2011-09-06 13:15:30,3871.3884,105.9455
2011-09-06 13:30:31,3142.6836,85.125
2011-09-06 13:45:31,1787.482,53.2857
2011-09-06 14:00:31,3055.1121,87.0
2011-09-06 14:15:31,2897.5848,81.3393
2011-09-06 14:30:31,3296.5016,93.4286
2011-09-06 14:45:31,3748.2739,106.4737
2011-09-06 15:00:31,2571.7265,74.4107
2011-09-06 15:15:31,3501.076,96.9643
2011-09-06 15:30:31,2652.3281,72.2321
2011-09-06 15:45:31,3090.8388,84.5893
2011-09-06 16:00:34,1597.3783,46.4561
2011-09-06 16:15:34,1608.6661,44.4909
2011-09-06 16:30:35,3800.8185,97.1607
2011-09-06 16:45:35,3767.7839,95.7679
2011-09-06 17:00:36,2301.4426,60.5965
2011-09-06 17:15:37,1199.7435,30.5714
2011-09-06 17:30:37,1234.5755,32.1321
2011-09-06 17:45:37,1896.3629,47.7895
2011-09-06 18:00:36,1636.7029,39.8214
2011-09-06 18:15:36,1136.6715,26.5357
2011-09-06 18:30:36,1195.7554,26.8393
2011-09-06 18:45:36,420.7311,9.0
2011-09-06 19:00:36,118.9415,4.5818
2011-09-06 19:15:37,0.0,1.0351
2011-09-06 19:30:37,0.0,0.9565
2011-09-07 07:00:31,0.0,0.6939
2011-09-07 07:15:32,0.0,2.5179
2011-09-07 07:30:32,718.4957,19.1964
2011-09-07 07:45:32,2121.0252,52.4464
2011-09-07 08:00:32,4403.1916,106.8909
2011-09-07 08:15:31,3277.8964,82.6786
2011-09-07 08:30:31,2215.7353,56.4107
2011-09-07 08:45:31,1330.4084,33.6296
2011-09-07 09:00:31,1796.8882,47.5179
2011-09-07 09:15:32,2206.5669,58.9074
2011-09-07 09:30:32,1367.6241,32.9474
2011-09-07 09:45:32,9762.7517,226.3519
2011-09-07 10:00:32,10357.0503,253.9821
2011-09-07 10:15:33,6654.9242,169.2679
2011-09-07 10:30:33,6030.6894,154.9273
2011-09-07 10:45:33,7459.9893,187.6429
2011-09-07 11:00:33,13491.432,330.1273
2011-09-07 11:15:32,12227.1376,304.2143
2011-09-07 11:30:32,1052.5903,29.8036
2011-09-07 11:45:32,1172.6765,35.8182
2011-09-07 12:00:32,2066.5654,60.9643
2011-09-07 12:15:32,1906.2294,56.7857
2011-09-07 12:30:32,62.258,9.1429
2011-09-07 12:45:32,6.9026,5.0
2011-09-07 13:00:33,0.0,5.3393
2011-09-07 13:15:34,0.0,10.3929
2011-09-07 13:30:34,0.0,10.7321
2011-09-07 13:45:35,0.0,14.3393
2011-09-07 14:00:35,0.0,16.125
2011-09-07 14:15:34,217.4282,19.6429
2011-09-07 14:30:34,1876.1157,52.5088
2011-09-07 14:45:34,2746.4896,75.4545
2011-09-07 15:00:34,2619.236,72.2857
2011-09-07 15:15:35,2374.9076,59.9821
2011-09-07 15:30:35,3407.242,86.6071
2011-09-07 15:45:34,4568.0006,111.9821
2011-09-07 16:00:35,5586.9292,140.0182
2011-09-07 16:15:36,3794.5712,99.4464
2011-09-07 16:30:36,6017.6561,149.0179
2011-09-07 16:45:36,10235.4064,242.6481
2011-09-07 17:00:36,7356.1106,179.5536
2011-09-07 17:15:35,2818.9757,69.2909
2011-09-07 17:30:35,1551.1832,38.0536
2011-09-07 17:45:35,1359.5992,34.0
2011-09-07 18:00:35,1134.4499,30.3571
2011-09-07 18:15:36,3712.113,93.6182
2011-09-07 18:30:36,1872.69,46.1404
2011-09-07 18:45:36,1250.2556,30.9455
2011-09-07 19:00:36,201.1813,5.25
2011-09-07 19:15:36,0.0,0.0
2011-09-08 07:15:35,0.0,1.0
2011-09-08 07:30:35,0.0,1.3571
2011-09-08 07:45:35,488.3985,15.1071
2011-09-08 08:00:37,696.1643,16.8545
2011-09-08 08:15:37,748.4956,19.3214
2011-09-08 08:30:39,590.3727,16.5741
2011-09-08 08:45:39,631.0377,20.4107
2011-09-08 09:00:39,1878.8572,48.8393
2011-09-08 09:15:39,2101.5035,56.3393
2011-09-08 09:30:39,1392.6682,35.3455
2011-09-08 09:45:39,2379.7418,61.0364
2011-09-08 10:00:39,3590.1114,93.4545
2011-09-08 10:15:40,3821.3313,98.625
2011-09-08 10:30:41,4573.3362,116.7679
2011-09-08 10:45:41,2287.7623,59.4107
2011-09-08 11:00:41,3659.3605,95.5636
2011-09-08 11:15:40,3814.5676,99.1429
2011-09-08 11:30:40,4182.4041,110.5273
2011-09-08 11:45:40,3730.3811,98.1607
2011-09-08 12:00:40,4765.1397,122.875
2011-09-08 12:15:42,3454.4703,92.037
2011-09-08 12:30:42,8830.9517,222.0714
2011-09-08 12:45:42,5829.5876,145.6786
2011-09-08 13:00:43,4913.1684,126.0
2011-09-08 13:15:44,6631.622,175.1071
2011-09-08 13:30:44,3707.1836,96.2909
2011-09-08 13:45:44,2546.5957,69.5965
2011-09-08 14:00:45,2471.2066,68.7091
2011-09-08 14:15:44,4477.4692,117.1964
2011-09-08 14:30:45,6339.8332,163.0364
2011-09-08 14:45:45,5375.4307,137.25
2011-09-08 15:00:45,8944.1106,226.8909
2011-09-08 15:15:45,7692.74,193.3273
2011-09-08 15:30:45,10579.2074,257.875
2011-09-08 15:45:45,8850.2858,218.8909
2011-09-08 16:00:46,7871.5106,200.4821
2011-09-08 16:15:47,10241.2042,248.9273
2011-09-08 16:30:47,8259.3419,202.0357
2011-09-08 16:45:47,6204.9018,157.1429
2011-09-08 17:00:47,5906.8525,148.9455
2011-09-08 17:15:47,4910.8461,122.4464
2011-09-08 17:30:49,2012.9864,49.5179
2011-09-08 17:45:49,915.0234,21.8393
2011-09-08 18:00:49,349.5377,9.4074
2011-09-08 18:15:50,0.0,1.9474
2011-09-08 18:30:50,0.0,1.0179
2011-09-08 18:45:50,0.0,0.9273
2011-09-09 06:45:29,0.0,0.3793
2011-09-09 07:00:28,0.0,3.2105
2011-09-09 07:15:29,627.1251,18.3393
2011-09-09 07:30:29,989.0864,22.1071
2011-09-09 07:45:29,1007.597,22.6545
2011-09-09 08:00:29,933.0711,22.4464
2011-09-09 08:15:29,2170.7558,53.5455
2011-09-09 08:30:29,2331.5203,59.4561
2011-09-09 08:45:29,1488.7635,37.875
2011-09-09 09:00:29,1348.9074,34.7857
2011-09-09 09:15:29,3268.8651,83.3636
2011-09-09 09:30:29,2301.1448,59.4464
2011-09-09 09:45:29,2324.566,60.6481
2011-09-09 10:00:29,2708.2749,70.2778
2011-09-09 10:15:31,3745.9487,95.8393
2011-09-09 10:30:31,4263.6456,111.3036
2011-09-09 10:45:31,4440.0774,112.1455
2011-09-09 11:00:31,3361.4711,87.5893
2011-09-09 11:15:31,3678.7405,94.6182
2011-09-09 11:30:31,2900.489,76.7143
2011-09-09 11:45:31,2430.1814,63.9091
2011-09-09 12:00:31,4001.1826,105.1786
2011-09-09 12:15:31,4170.0628,109.8182
2011-09-09 12:30:32,11555.7065,300.4286
2011-09-09 12:45:32,18827.3438,443.1429
2011-09-09 13:00:32,15284.5843,370.3393
2011-09-09 13:15:32,10830.518,271.8909
2011-09-09 13:30:32,11050.2988,273.4182
2011-09-09 13:45:32,11699.6385,286.8214
2011-09-09 14:00:31,14903.4661,367.5455
2011-09-09 14:15:35,5976.3238,154.6182
2011-09-09 14:30:36,6168.5794,157.0545
2011-09-09 14:45:36,7392.287,185.1429
2011-09-09 15:00:36,3392.7449,89.3929
2011-09-09 15:15:35,2921.9425,76.3036
2011-09-09 15:30:36,4773.3982,119.8909
2011-09-09 15:45:36,7321.9667,180.1818
2011-09-09 16:00:36,10732.5095,256.1607
2011-09-09 16:15:36,19975.8936,439.7857
2011-09-09 16:30:36,14418.9324,323.1455
2011-09-09 16:45:36,18318.0488,386.0727
2011-09-09 17:00:36,14383.5779,312.2
2011-09-09 17:15:37,14799.02,301.3214
2011-09-09 17:30:37,13404.9448,286.4
2011-09-09 17:45:37,9606.2952,194.6607
2011-09-09 18:00:37,10469.1607,206.3214
2011-09-09 18:15:36,8190.2709,143.5273
2011-09-09 18:30:36,2672.0076,44.6364
2011-09-09 18:45:36,1874.2791,32.2545
2011-09-09 19:00:36,1734.8269,33.6071
2011-09-09 19:15:38,1010.1078,18.9286
2011-09-09 19:30:38,68.6741,2.1273
2011-09-09 19:45:37,0.0,0.0
2011-09-10 06:45:37,0.0,0.8293
2011-09-10 07:00:37,92.826,6.3929
2011-09-10 07:15:37,1096.4882,20.5636
2011-09-10 07:30:37,1330.576,30.1786
2011-09-10 07:45:37,2012.6283,47.7857
2011-09-10 08:00:39,3369.6755,74.7636
2011-09-10 08:15:39,3689.826,81.4643
2011-09-10 08:30:39,4955.8009,111.6429
2011-09-10 08:45:39,6829.0057,159.6364
2011-09-10 09:00:40,8424.3313,196.5893
2011-09-10 09:15:40,9229.7976,216.3091
2011-09-10 09:30:40,10508.8237,241.4727
2011-09-10 09:45:40,13237.7537,299.5185
2011-09-10 10:00:40,17257.0251,381.0909
2011-09-10 10:15:40,18251.3664,394.2727
2011-09-10 10:30:40,22697.7324,473.5091
2011-09-10 10:45:40,18864.5997,412.8
2011-09-10 11:00:40,23406.9333,508.8364
2011-09-10 11:15:40,33295.3515,684.9091
2011-09-10 11:30:40,36823.2757,767.6071
2011-09-10 11:45:40,38863.1593,818.4
2011-09-10 12:00:40,35457.2388,754.7679
2011-09-10 12:15:40,27990.442,596.4643
2011-09-10 12:30:40,36713.3408,796.1455
2011-09-10 12:45:40,42419.2212,921.0
2011-09-10 13:00:40,41224.1589,907.4821
2011-09-10 13:15:40,39856.9628,893.2321
2011-09-10 13:30:40,34540.1224,753.2364
2011-09-10 13:45:41,41321.3523,910.7636
2011-09-10 14:00:41,41088.7541,907.1579
2011-09-10 14:15:42,40533.0227,894.2364
2011-09-10 14:30:42,31050.7611,684.9643
2011-09-10 14:45:42,40332.4585,883.5091
2011-09-10 15:00:44,26670.0778,582.5455
2011-09-10 15:15:44,10862.8237,255.0727
2011-09-10 15:30:44,34510.2852,715.0727
2011-09-10 15:45:44,35322.0093,732.9286
2011-09-10 16:00:45,27516.9516,570.1273
2011-09-10 16:15:45,18831.6112,395.9286
2011-09-10 16:30:44,30195.9945,609.3455
2011-09-10 16:45:45,26899.9144,536.75
2011-09-10 17:00:44,23203.2645,460.7455
2011-09-10 17:15:45,21735.6763,420.5536
2011-09-10 17:30:45,7870.1539,163.3929
2011-09-10 17:45:46,12465.6827,233.2545
2011-09-10 18:00:46,13456.6559,240.1636
2011-09-10 18:15:45,8872.9482,144.2545
2011-09-10 18:30:45,7053.8004,62.9464
2011-09-10 18:45:45,3732.347,48.3091
2011-09-10 19:00:45,1581.0728,29.75
2011-09-10 19:15:45,701.8669,12.5536
2011-09-10 19:30:45,31.4643,1.2545
2011-09-10 19:45:45,0.0,0.0
2011-09-11 06:45:45,0.0,0.0789
2011-09-11 07:00:45,0.0,1.5357
2011-09-11 07:15:46,172.0186,9.1636
2011-09-11 07:30:46,1118.3666,24.4286
2011-09-11 07:45:46,1797.0805,41.3036
2011-09-11 08:00:47,2565.8576,60.4107
2011-09-11 08:15:47,3305.0951,77.7679
2011-09-11 08:30:47,4025.8321,97.4107
2011-09-11 08:45:47,4066.5493,96.8571
2011-09-11 09:00:47,3479.3986,83.3818
2011-09-11 09:15:46,3431.037,81.9464
2011-09-11 09:30:46,3945.5381,97.2182
2011-09-11 09:45:46,5264.7019,127.0179
2011-09-11 10:00:48,6305.9418,150.9615
2011-09-11 10:15:49,6392.3102,154.1429
2011-09-11 10:30:49,6302.4515,150.1786
2011-09-11 10:45:50,10428.539,238.3818
2011-09-11 11:00:49,18793.0081,414.5179
2011-09-11 11:15:49,13380.644,322.6071
2011-09-11 11:30:49,12041.3688,291.4545
2011-09-11 11:45:31,13790.6345,312.8148
2011-09-11 12:00:31,34686.6704,673.6786
2011-09-11 12:15:30,32631.5722,678.0182
2011-09-11 12:30:30,19167.0831,419.1964
2011-09-11 12:45:30,29098.9342,617.2
2011-09-11 13:00:30,25204.5276,536.8036
2011-09-11 13:15:31,34407.8147,760.0545
2011-09-11 13:30:31,23759.2753,503.9455
2011-09-11 13:45:31,40697.0299,863.7037
2011-09-11 14:00:31,40780.6395,889.7321
2011-09-11 14:15:31,33898.6999,723.0
2011-09-11 14:30:32,30142.101,651.3214
2011-09-11 14:45:32,34270.5409,706.6964
2011-09-11 15:00:32,4784.4538,111.4727
2011-09-11 15:15:33,3752.2914,90.8571
2011-09-11 15:30:33,35592.8536,695.9273
2011-09-11 15:45:33,31743.1427,645.8571
2011-09-11 16:00:33,36075.3507,744.6481
2011-09-11 16:15:35,31240.2958,645.8929
2011-09-11 16:30:35,9693.2599,223.2545
2011-09-11 16:45:35,4191.8279,102.8909
2011-09-11 17:00:35,1323.9795,29.7857
2011-09-11 17:15:35,1440.2475,35.1636
2011-09-11 17:30:35,2376.9574,53.6786
2011-09-11 17:45:35,4307.8928,77.5536
2011-09-11 18:00:35,10768.5609,179.9455
2011-09-11 18:15:36,10566.3916,164.9821
2011-09-11 18:30:36,6901.3716,76.8545
2011-09-11 18:45:36,2460.6637,45.1818
2011-09-11 19:00:36,944.5041,21.8421
2011-09-11 19:15:35,339.048,7.6909
2011-09-11 19:30:35,0.0,0.5357
2011-09-11 19:45:35,0.0,1.0
2011-09-12 06:45:32,0.0,0.9744
2011-09-12 07:00:32,137.3759,4.5
2011-09-12 07:15:32,823.4204,18.1273
2011-09-12 07:30:32,1795.141,43.3214
2011-09-12 07:45:32,1712.8999,41.9286
2011-09-12 08:00:32,2323.3296,56.3571
2011-09-12 08:15:33,2837.7185,62.2
2011-09-12 08:30:33,3988.5847,96.2857
2011-09-12 08:45:33,6168.5102,161.4
2011-09-12 09:00:33,9179.0818,217.5714
2011-09-12 09:15:32,12825.1554,283.7091
2011-09-12 09:30:32,17396.4532,341.7455
2011-09-12 09:45:32,21521.6305,397.0714
2011-09-12 10:00:32,24065.4729,450.6786
2011-09-12 10:15:33,26201.8758,504.6364
2011-09-12 10:30:33,28334.7122,554.9455
2011-09-12 10:45:33,30372.6536,603.6
2011-09-12 11:00:34,32233.2491,649.375
2011-09-12 11:15:34,33594.676,684.0893
2011-09-12 11:30:34,34905.3963,718.8364
2011-09-12 11:45:34,35944.3037,750.7719
2011-09-12 12:00:35,36765.8631,773.7636
2011-09-12 12:15:35,37774.8478,797.8214
2011-09-12 12:30:35,38486.6356,815.9643
2011-09-12 12:45:35,39152.8198,841.6
2011-09-12 13:00:37,40046.5235,854.9815
2011-09-12 13:15:37,29703.0075,662.0536
2011-09-12 13:30:37,34558.6161,733.5741
2011-09-12 13:45:37,32564.8738,697.75
2011-09-12 14:00:37,31867.8396,686.5714
2011-09-12 14:15:37,17662.3793,389.1964
2011-09-12 14:30:37,31967.4508,710.8182
2011-09-12 14:45:38,40349.1266,861.4545
2011-09-12 15:00:37,25275.4666,545.0893
2011-09-12 15:15:38,31651.5304,675.3818
2011-09-12 15:30:37,38564.7532,815.7818
2011-09-12 15:45:37,13648.3781,315.5179
2011-09-12 16:00:38,31170.9518,641.8214
2011-09-12 16:15:38,19543.5184,421.5636
2011-09-12 16:30:39,30086.6961,606.0714
2011-09-12 16:45:39,26278.6666,516.2364
2011-09-12 17:00:39,24300.99,469.6964
2011-09-12 17:15:39,21954.3931,412.3091
2011-09-12 17:30:39,17963.4967,329.75
2011-09-12 17:45:39,16231.8952,290.7037
2011-09-12 18:00:39,12708.5253,220.8393
2011-09-12 18:15:39,9602.8852,134.8545
2011-09-12 18:30:40,6499.5491,54.4286
2011-09-12 18:45:40,3086.503,40.6727
2011-09-12 19:00:41,1351.0996,24.1296
2011-09-12 19:15:40,501.7318,8.8393
2011-09-12 19:30:41,0.874,0.5273
2011-09-12 19:45:41,0.0,0.3158
2011-09-13 06:45:39,0.0,1.0
2011-09-13 07:00:39,73.981,4.3333
2011-09-13 07:15:39,721.8818,15.7679
2011-09-13 07:30:40,1191.1463,27.75
2011-09-13 07:45:40,1629.1689,39.1273
2011-09-13 08:00:41,2080.0298,50.0179
2011-09-13 08:15:43,2792.9446,59.5179
2011-09-13 08:30:43,4145.1449,93.2143
2011-09-13 08:45:45,6463.765,141.7222
2011-09-13 09:00:45,9408.0564,201.2857
2011-09-13 09:15:45,12940.8324,277.5741
2011-09-13 09:30:46,17499.7182,337.5179
2011-09-13 09:45:46,21341.5913,392.7273
2011-09-13 10:00:46,23748.9432,444.7857
2011-09-13 10:15:45,25985.9577,499.3214
2011-09-13 10:30:46,27998.8268,548.1818
2011-09-13 10:45:46,29999.2386,596.8909
2011-09-13 11:00:47,31789.9554,637.0364
2011-09-13 11:15:48,33249.2442,674.6607
2011-09-13 11:30:48,34664.5072,714.8571
2011-09-13 11:45:48,35914.2145,746.0727
2011-09-13 12:00:48,37083.8995,774.9636
2011-09-13 12:15:48,37895.2415,796.4286
2011-09-13 12:30:48,38526.2202,816.3393
2011-09-13 12:45:49,39130.3774,831.8491
2011-09-13 13:00:49,40983.5202,883.0893
2011-09-13 13:15:48,37448.4046,795.8393
2011-09-13 13:30:48,30029.6351,663.7321
2011-09-13 13:45:48,30651.5404,659.7455
2011-09-13 14:00:48,39055.6177,811.4909
2011-09-13 14:15:49,35646.4725,756.9815
2011-09-13 14:30:49,39126.1672,830.4286
2011-09-13 14:45:32,39158.3988,822.3704
2011-09-13 15:00:32,33692.8264,696.0364
2011-09-13 15:15:32,31437.1328,654.8727
2011-09-13 15:30:32,34815.7607,722.9464
2011-09-13 15:45:32,27341.8714,565.2727
2011-09-13 16:00:32,25686.8368,519.25
2011-09-13 16:15:31,16957.2083,354.8929
2011-09-13 16:30:31,26733.6659,509.3455
2011-09-13 16:45:33,19255.6606,374.6607
2011-09-13 17:00:33,11920.5305,241.3571
2011-09-13 17:15:34,18267.4927,339.2182
2011-09-13 17:30:36,17652.7763,317.6909
2011-09-13 17:45:36,14736.4902,255.2
2011-09-13 18:00:36,11647.9676,195.0357
2011-09-13 18:15:36,8958.3381,122.4727
2011-09-13 18:30:36,5631.558,59.0182
2011-09-13 18:45:36,2633.5273,41.7857
2011-09-13 19:00:36,1307.6717,23.5818
2011-09-13 19:15:37,453.613,7.8929
2011-09-13 19:30:37,0.0,0.2321
2011-09-13 19:45:36,0.0,0.4375
2011-09-14 06:45:31,0.0,0.8529
2011-09-14 07:00:31,16.1892,3.1964
2011-09-14 07:15:32,703.5193,14.3273
2011-09-14 07:30:33,1273.1498,27.8929
2011-09-14 07:45:33,1811.523,42.0357
2011-09-14 08:00:33,2387.3976,56.3036
2011-09-14 08:15:32,3141.3153,68.8545
2011-09-14 08:30:32,4449.1895,103.0182
2011-09-14 08:45:33,6577.1011,143.4643
2011-09-14 09:00:33,8972.5731,193.8
2011-09-14 09:15:33,12088.7473,256.1786
2011-09-14 09:30:34,16219.5645,308.6182
2011-09-14 09:45:34,19556.7261,358.8545
2011-09-14 10:00:34,21956.2276,409.8393
2011-09-14 10:15:35,23931.7897,455.9107
2011-09-14 10:30:38,25948.573,504.2364
2011-09-14 10:45:38,27905.496,549.2545
2011-09-14 11:00:38,29612.3278,592.8214
2011-09-14 11:15:38,31086.1679,628.4182
2011-09-14 11:30:38,32519.6304,665.8393
2011-09-14 11:45:38,33786.4524,699.9273
2011-09-14 12:00:38,34944.9257,728.0545
2011-09-14 12:15:38,36262.599,753.4464
2011-09-14 12:30:38,36320.3325,762.6964
2011-09-14 12:45:38,36698.7413,774.9821
2011-09-14 13:00:38,37254.4274,785.3036
2011-09-14 13:15:40,37538.7911,793.7321
2011-09-14 13:30:40,37182.0754,789.1455
2011-09-14 13:45:40,36704.8711,777.9286
2011-09-14 14:00:40,36236.6833,759.6909
2011-09-14 14:15:39,35923.4824,754.6
2011-09-14 14:30:39,35762.7123,742.9643
2011-09-14 14:45:39,35029.4648,722.5893
2011-09-14 15:00:39,34295.7419,703.1964
2011-09-14 15:15:39,33499.4916,679.6792
2011-09-14 15:30:39,32368.7693,646.0727
2011-09-14 15:45:40,31521.707,621.2807
2011-09-14 16:00:40,29988.4952,590.4182
2011-09-14 16:15:41,26961.6779,522.3818
2011-09-14 16:30:41,24976.3688,476.9818
2011-09-14 16:45:41,21866.2426,407.7368
2011-09-14 17:00:41,15136.7782,292.3273
2011-09-14 17:15:41,15940.5529,293.5091
2011-09-14 17:30:41,11944.5346,226.3636
2011-09-14 17:45:41,5698.8893,116.7679
2011-09-14 18:00:41,2446.2438,54.3571
2011-09-14 18:15:40,1702.7843,39.5357
2011-09-14 18:30:40,1035.9741,23.1607
2011-09-14 18:45:40,714.9033,14.9821
2011-09-14 19:00:43,173.9794,4.2778
2011-09-14 19:15:44,0.0,0.0364
2011-09-15 06:45:41,0.0,0.5938
2011-09-15 07:00:41,0.0,1.4286
2011-09-15 07:15:41,955.2703,15.3214
2011-09-15 07:30:41,1645.8146,38.2857
2011-09-15 07:45:44,2652.3203,65.0364
2011-09-15 08:00:44,3486.1782,88.875
2011-09-15 08:15:44,3854.8354,97.6071
2011-09-15 08:30:44,5950.2151,145.8571
2011-09-15 08:45:44,7961.9651,184.375
2011-09-15 09:00:44,7253.0613,170.7091
2011-09-15 09:15:44,4778.198,102.3393
2011-09-15 09:30:44,3033.868,73.434
2011-09-15 09:45:45,14062.577,303.3571
2011-09-15 10:00:45,16308.954,331.7091
2011-09-15 10:15:45,13243.3441,280.7455
2011-09-15 10:30:45,11452.3238,249.5273
2011-09-15 10:45:45,28690.7937,556.0
2011-09-15 11:00:45,31740.7717,631.7455
2011-09-15 11:15:48,27709.3287,595.8571
2011-09-15 11:30:49,27320.0971,583.2545
2011-09-15 11:45:49,20141.1265,445.0364
2011-09-15 12:00:49,23442.2507,504.5455
2011-09-15 12:15:48,13849.4693,317.7321
2011-09-15 12:30:48,8200.8906,194.9636
2011-09-15 12:45:48,6049.7936,141.6909
2011-09-15 13:00:48,8512.1877,214.6607
2011-09-15 13:15:49,14001.4071,340.4727
2011-09-15 13:30:49,14531.6849,342.2182
2011-09-15 13:45:49,13891.4845,326.3636
2011-09-15 14:00:50,14755.1829,344.5179
2011-09-15 14:15:49,13712.4591,321.9818
2011-09-15 14:30:49,11344.2534,262.7273
2011-09-15 14:45:49,3534.8071,84.9815
2011-09-15 15:00:49,3349.308,86.0
2011-09-15 15:15:30,2501.4488,63.7963
2011-09-15 15:30:30,1209.6706,31.4545
2011-09-15 15:45:30,1654.6166,43.6909
2011-09-15 16:00:30,726.14,17.9649
2011-09-15 16:15:31,1530.6492,40.4364
2011-09-15 16:30:31,1945.6914,45.7679
2011-09-15 16:45:32,897.6552,21.3036
2011-09-15 17:00:32,1154.5254,27.9818
2011-09-15 17:15:31,754.3377,17.9286
2011-09-15 17:30:31,1206.9124,28.5
2011-09-15 17:45:31,881.3153,19.4643
2011-09-15 18:00:31,1128.119,26.3929
2011-09-15 18:15:31,1413.8003,33.2182
2011-09-15 18:30:31,1032.5227,21.2143
2011-09-15 18:45:31,579.5364,10.6071
2011-09-15 19:00:31,7.3472,1.5357
2011-09-15 19:15:32,0.0,1.0357
2011-09-15 19:30:32,0.0,1.1724
2011-09-16 06:45:30,0.0,2.0
2011-09-16 07:00:30,171.2414,3.7544
2011-09-16 07:15:31,576.5665,12.3273
2011-09-16 07:30:31,914.2181,20.6545
2011-09-16 07:45:31,1306.6602,28.0714
2011-09-16 08:00:31,1724.5565,34.5179
2011-09-16 08:15:31,2715.0089,44.1429
2011-09-16 08:30:31,4851.4385,107.1964
2011-09-16 08:45:31,8599.8359,156.8545
2011-09-16 09:00:32,10823.6713,205.8571
2011-09-16 09:15:32,11494.1403,226.4545
2011-09-16 09:30:32,16559.3176,299.3818
2011-09-16 09:45:32,24585.5734,422.717
2011-09-16 10:00:32,26201.3239,467.0
2011-09-16 10:15:33,28742.5841,525.8545
2011-09-16 10:30:33,30533.0034,570.3091
2011-09-16 10:45:33,29252.0223,564.0545
2011-09-16 11:00:33,25988.7505,509.5893
2011-09-16 11:15:33,28895.8394,569.6545
2011-09-16 11:30:34,26430.1003,531.7455
2011-09-16 11:45:34,29006.2762,585.3818
2011-09-16 12:00:34,25129.6094,514.2182
2011-09-16 12:15:35,32592.648,650.7321
2011-09-16 12:30:35,32890.6193,661.1636
2011-09-16 12:45:35,35280.774,708.1786
2011-09-16 13:00:35,33670.4486,690.8
2011-09-16 13:15:35,22786.7575,467.1786
2011-09-16 13:30:35,26048.8595,530.3519
2011-09-16 13:45:35,28113.5408,574.8545
2011-09-16 14:00:35,19593.6181,414.0
2011-09-16 14:15:36,17185.0487,362.7455
2011-09-16 14:30:36,24817.835,506.5818
2011-09-16 14:45:37,21858.4934,456.8545
2011-09-16 15:00:37,24805.2394,510.3636
2011-09-16 15:15:37,19424.3393,404.3273
2011-09-16 15:30:37,12752.1178,272.0714
2011-09-16 15:45:38,10959.3514,238.9286
2011-09-16 16:00:38,13240.3139,284.8364
2011-09-16 16:15:38,10709.7084,230.2545
2011-09-16 16:30:40,15888.7281,323.7636
2011-09-16 16:45:40,14726.6245,297.2182
2011-09-16 17:00:40,11336.9579,239.4
2011-09-16 17:15:39,11968.0219,247.9821
2011-09-16 17:30:40,11400.2166,224.3636
2011-09-16 17:45:40,6602.8599,138.0182
2011-09-16 18:00:40,4999.4557,108.5
2011-09-16 18:15:40,3264.1487,71.2321
2011-09-16 18:30:40,2530.0646,53.0
2011-09-16 18:45:40,1220.2847,25.75
2011-09-16 19:00:40,947.478,15.5536
2011-09-16 19:15:41,149.392,3.0182
2011-09-16 19:30:41,0.0,1.0263
2011-09-17 07:00:38,0.0,1.9778
2011-09-17 07:15:41,481.7928,8.5
2011-09-17 07:30:41,1230.6585,24.625
2011-09-17 07:45:41,1210.8164,25.75
2011-09-17 08:00:42,2186.4084,51.9259
2011-09-17 08:15:42,3049.9253,73.0
2011-09-17 08:30:42,2426.6287,57.125
2011-09-17 08:45:41,1967.1664,44.7091
2011-09-17 09:00:42,2662.4542,62.5455
2011-09-17 09:15:42,3614.3576,81.6786
2011-09-17 09:30:41,4545.9913,103.8036
2011-09-17 09:45:42,6469.7665,149.5818
2011-09-17 10:00:42,5877.3097,135.3036
2011-09-17 10:15:42,5875.6217,141.9455
2011-09-17 10:30:42,5953.4243,148.0545
2011-09-17 10:45:43,5381.6314,129.9286
2011-09-17 11:00:43,5316.1715,126.0182
2011-09-17 11:15:43,4865.6892,115.0357
2011-09-17 11:30:43,5792.5323,136.7091
2011-09-17 11:45:43,4993.9044,117.625
2011-09-17 12:00:43,5771.7848,137.3455
2011-09-17 12:15:43,8729.4323,205.4107
2011-09-17 12:30:43,13962.6405,317.0727
2011-09-17 12:45:43,11398.8801,272.3636
2011-09-17 13:00:43,9249.4523,208.7818
2011-09-17 13:15:43,12290.3812,270.2545
2011-09-17 13:30:43,8528.0114,207.3929
2011-09-17 13:45:43,7388.0846,173.125
2011-09-17 14:00:43,6764.2327,159.875
2011-09-17 14:15:43,5661.7357,133.7273
2011-09-17 14:30:43,5305.9402,124.9464
2011-09-17 14:45:50,7034.6016,168.0769
2011-09-17 15:00:50,9823.4604,226.2364
2011-09-17 15:15:50,9044.6519,213.1636
2011-09-17 15:30:50,7692.3316,184.125
2011-09-17 15:45:51,6899.9926,164.1273
2011-09-17 16:00:30,4892.1855,114.6727
2011-09-17 16:15:30,4417.5701,102.8727
2011-09-17 16:30:30,5338.7737,124.7895
2011-09-17 16:45:30,6098.3809,140.9623
2011-09-17 17:00:31,10458.8435,231.75
2011-09-17 17:15:31,12136.2907,254.5714
2011-09-17 17:30:31,5247.4436,120.4364
2011-09-17 17:45:31,4417.1266,102.1071
2011-09-17 18:00:31,3416.7282,73.8
2011-09-17 18:15:31,1299.4122,23.9259
2011-09-17 18:30:32,452.5586,9.5536
2011-09-17 18:45:32,288.6904,7.9091
2011-09-17 19:00:32,0.0,2.9821
2011-09-17 19:15:32,0.0,1.2321
2011-09-17 19:30:32,0.0,1.2778
2011-09-18 07:00:30,0.0,2.1818
2011-09-18 07:15:30,332.5173,8.8545
2011-09-18 07:30:30,878.8143,21.5
2011-09-18 07:45:30,1877.1547,43.3214
2011-09-18 08:00:31,2461.5193,54.2545
2011-09-18 08:15:30,4371.7054,99.7857
2011-09-18 08:30:30,5504.3732,139.4286
2011-09-18 08:45:30,3133.8156,71.7778
2011-09-18 09:00:30,5040.3389,115.875
2011-09-18 09:15:31,7097.2157,169.9286
2011-09-18 09:30:32,8821.6426,203.6545
2011-09-18 09:45:32,11987.175,264.963
2011-09-18 10:00:32,11923.8174,267.8182
2011-09-18 10:15:32,13684.5984,301.8036
2011-09-18 10:30:32,16017.7879,333.8182
2011-09-18 10:45:33,14903.6868,318.2679
2011-09-18 11:00:33,22261.1416,469.8036
2011-09-18 11:15:32,37582.283,747.1818
2011-09-18 11:30:32,35776.6259,724.8036
2011-09-18 11:45:32,39464.6975,804.0
2011-09-18 12:00:32,40007.5479,817.5714
2011-09-18 12:15:34,41013.739,844.9107
2011-09-18 12:30:34,36482.009,775.6909
2011-09-18 12:45:37,40478.1409,857.0377
2011-09-18 13:00:37,41867.5585,959.9455
2011-09-18 13:15:37,33529.0084,733.9455
2011-09-18 13:30:37,29214.8863,627.4286
2011-09-18 13:45:37,27762.7384,602.1607
2011-09-18 14:00:37,25741.4776,562.7818
2011-09-18 14:15:36,19672.3743,444.1964
2011-09-18 14:30:37,18571.8909,417.2909
2011-09-18 14:45:37,25557.324,554.4643
2011-09-18 15:00:37,36296.3156,761.0556
2011-09-18 15:15:38,31856.0107,670.3571
2011-09-18 15:30:38,27185.2238,568.1273
2011-09-18 15:45:38,34146.4937,698.2545
2011-09-18 16:00:39,30691.2908,625.8571
2011-09-18 16:15:39,34591.1933,691.2857
2011-09-18 16:30:39,22248.4338,462.8727
2011-09-18 16:45:39,13662.814,297.7143
2011-09-18 17:00:39,9512.5899,206.4182
2011-09-18 17:15:39,4827.0981,108.4561
2011-09-18 17:30:39,4188.8425,98.1786
2011-09-18 17:45:39,3392.2207,79.3091
2011-09-18 18:00:39,2707.4867,62.8214
2011-09-18 18:15:39,1927.8556,44.4038
2011-09-18 18:30:39,1637.8803,35.9474
2011-09-18 18:45:39,887.3805,17.6429
2011-09-18 19:00:39,326.4905,6.8571
2011-09-18 19:15:39,0.0,0.9091
2011-09-18 19:30:39,0.0,0.6316
2011-09-19 06:45:30,0.0,1.2857
2011-09-19 07:00:30,173.9886,3.2456
2011-09-19 07:15:31,938.7412,17.8929
2011-09-19 07:30:31,1522.9086,30.5893
2011-09-19 07:45:31,1787.0821,34.9649
2011-09-19 08:00:31,2004.8141,39.5714
2011-09-19 08:15:31,3280.1273,68.625
2011-09-19 08:30:31,5069.3493,100.25
2011-09-19 08:45:31,6844.5745,124.9825
2011-09-19 09:00:31,10716.8914,201.2
2011-09-19 09:15:31,15267.3624,283.0179
2011-09-19 09:30:31,18613.6987,326.1071
2011-09-19 09:45:31,18643.8261,344.3214
2011-09-19 10:00:35,23256.9364,436.5
2011-09-19 10:15:35,24155.0115,462.9643
2011-09-19 10:30:35,20977.3951,412.2
2011-09-19 10:45:35,26862.9823,534.6316
2011-09-19 11:00:35,30592.0948,606.3158
2011-09-19 11:15:35,33551.2666,671.0185
2011-09-19 11:30:35,34197.0611,685.4561
2011-09-19 11:45:35,35864.1172,720.8364
2011-09-19 12:00:35,37508.9481,750.0
2011-09-19 12:15:35,39771.001,814.8947
2011-09-19 12:30:35,30571.3298,642.7679
2011-09-19 12:45:35,41414.368,899.7857
2011-09-19 13:00:35,29384.3464,658.9286
2011-09-19 13:15:35,14103.1722,323.4643
2011-09-19 13:30:35,12258.8362,286.3636
2011-09-19 13:45:35,7690.9386,176.8036
2011-09-19 14:00:35,10614.7006,235.0364
2011-09-19 14:15:35,11605.1327,251.9123
2011-09-19 14:30:35,27315.2477,589.9455
2011-09-19 14:45:35,22711.0277,484.7321
2011-09-19 15:00:35,27966.7357,587.6296
2011-09-19 15:15:35,15312.8169,346.1607
2011-09-19 15:30:35,10027.2907,228.6071
2011-09-19 15:45:35,5157.5443,117.1964
2011-09-19 16:00:35,6438.0946,146.3519
2011-09-19 16:15:36,9266.5274,210.875
2011-09-19 16:30:37,8295.8626,194.2407
2011-09-19 16:45:37,7651.9116,177.0
2011-09-19 17:00:37,5428.4222,126.3333
2011-09-19 17:15:37,6011.9709,135.7321
2011-09-19 17:30:37,6011.298,139.125
2011-09-19 17:45:37,3722.6304,87.9464
2011-09-19 18:00:37,2956.978,68.0536
2011-09-19 18:15:37,2100.0495,48.6429
2011-09-19 18:30:37,762.6628,16.8929
2011-09-19 18:45:37,74.4683,4.0893
2011-09-19 19:00:37,0.0,1.2807
2011-09-19 19:15:37,0.0,0.9375
2011-09-20 07:15:30,0.0,0.9583
2011-09-20 07:30:30,0.0,4.3571
2011-09-20 07:45:31,212.7222,8.8929
2011-09-20 08:00:32,1132.6048,25.0741
2011-09-20 08:15:31,2166.7183,50.625
2011-09-20 08:30:31,2218.362,52.375
2011-09-20 08:45:31,1861.7615,45.3571
2011-09-20 09:00:31,2752.198,67.4286
2011-09-20 09:15:32,4909.5231,122.0545
2011-09-20 09:30:33,5677.0953,139.6429
2011-09-20 09:45:33,4709.2306,115.6481
2011-09-20 10:00:33,5533.9083,139.6364
2011-09-20 10:15:33,6079.7432,148.5179
2011-09-20 10:30:33,6158.0028,148.9455
2011-09-20 10:45:33,4218.0762,101.6964
2011-09-20 11:00:33,4970.8396,120.6364
2011-09-20 11:15:32,7589.1142,188.3036
2011-09-20 11:30:33,6958.4729,169.8727
2011-09-20 11:45:33,6180.7109,154.4286
2011-09-20 12:00:33,7317.4987,182.6364
2011-09-20 12:15:34,5064.4696,124.3214
2011-09-20 12:30:34,6175.4459,160.3636
2011-09-20 12:45:34,3093.5782,78.0179
2011-09-20 13:00:34,9544.3866,237.3455
2011-09-20 13:15:35,11281.7586,279.9636
2011-09-20 13:30:35,9729.3765,237.8393
2011-09-20 13:45:35,7368.5024,186.7925
2011-09-20 14:00:35,12355.0657,309.5179
2011-09-20 14:15:34,28726.2465,626.625
2011-09-20 14:30:34,17729.8569,404.4545
2011-09-20 14:45:34,31768.5934,708.0545
2011-09-20 15:00:34,17319.5069,382.4545
2011-09-20 15:15:35,17605.1204,397.0
2011-09-20 15:30:35,8000.0575,187.5714
2011-09-20 15:45:35,6980.5664,168.7455
2011-09-20 16:00:38,7049.3029,165.463
2011-09-20 16:15:38,4672.6392,112.625
2011-09-20 16:30:38,9253.854,218.2909
2011-09-20 16:45:38,6617.5479,155.3273
2011-09-20 17:00:38,12280.8197,257.0893
2011-09-20 17:15:37,21096.7959,402.9273
2011-09-20 17:30:37,11447.2655,231.3636
2011-09-20 17:45:37,7764.8533,157.5
2011-09-20 18:00:37,13873.5831,225.3148
2011-09-20 18:15:38,4282.7205,87.7818
2011-09-20 18:30:38,3399.6966,54.0364
2011-09-20 18:45:38,1916.6546,32.1429
2011-09-20 19:00:38,752.711,11.6786
2011-09-20 19:15:38,10.8055,0.9455
2011-09-20 19:30:38,0.0,0.1538
2011-09-21 07:00:30,0.0,0.9677
2011-09-21 07:15:30,0.0,1.3214
2011-09-21 07:30:31,153.033,6.3393
2011-09-21 07:45:31,709.2668,14.625
2011-09-21 08:00:31,805.6245,17.0
2011-09-21 08:15:30,1088.151,25.125
2011-09-21 08:30:30,2124.8381,52.0
2011-09-21 08:45:30,3161.6301,78.4
2011-09-21 09:00:30,3166.2433,78.5614
2011-09-21 09:15:30,3961.3231,99.1455
2011-09-21 09:30:29,4583.521,114.0893
2011-09-21 09:45:30,4877.5442,121.7407
2011-09-21 10:00:30,5485.5944,137.1071
2011-09-21 10:15:31,3188.5407,80.75
2011-09-21 10:30:32,2601.5895,66.9464
2011-09-21 10:45:32,7464.4093,186.9818
2011-09-21 11:00:32,6751.2431,170.2857
2011-09-21 11:15:32,5195.4488,131.2857
2011-09-21 11:30:34,5698.8953,144.2182
2011-09-21 11:45:34,9933.4433,242.25
2011-09-21 12:00:34,12301.3456,301.1636
2011-09-21 12:15:35,9306.8196,224.614
2011-09-21 12:30:35,12411.3421,298.2545
2011-09-21 12:45:35,7465.1026,183.6786
2011-09-21 13:00:35,17231.6494,403.7091
2011-09-21 13:15:35,14085.8449,336.6071
2011-09-21 13:30:35,11906.8609,287.1667
2011-09-21 13:45:35,8953.0381,220.3455
2011-09-21 14:00:35,9570.0238,234.0714
2011-09-21 14:15:35,8863.8114,217.8393
2011-09-21 14:30:35,10256.2448,243.3818
2011-09-21 14:45:35,12217.1437,288.6364
2011-09-21 15:00:35,9117.1507,216.7857
2011-09-21 15:15:35,10678.5798,256.8214
2011-09-21 15:30:35,13998.4955,331.7455
2011-09-21 15:45:35,9460.5533,228.4107
2011-09-21 16:00:35,7015.455,169.4545
2011-09-21 16:15:36,3925.088,95.6852
2011-09-21 16:30:36,3197.7099,76.4737
2011-09-21 16:45:36,3983.9009,97.9286
2011-09-21 17:00:36,2342.2211,57.2364
2011-09-21 17:15:36,3149.4797,78.3509
2011-09-21 17:30:36,2938.1899,73.3455
2011-09-21 17:45:36,1687.5037,39.7719
2011-09-21 18:00:36,1628.8329,38.3636
2011-09-21 18:15:38,1733.9061,39.9107
2011-09-21 18:30:38,1009.8479,22.0179
2011-09-21 18:45:38,175.1365,5.0536
2011-09-21 19:00:38,0.6725,0.8596
2011-09-21 19:15:38,0.0,0.0
2011-09-22 07:15:30,0.0,0.4727
2011-09-22 07:30:30,91.2833,7.7895
2011-09-22 07:45:30,1188.5216,27.9286
2011-09-22 08:00:31,1657.0571,40.125
2011-09-22 08:15:31,2980.7127,73.5965
2011-09-22 08:30:31,4269.6073,104.7857
2011-09-22 08:45:31,6637.0704,162.1818
2011-09-22 09:00:33,7604.3091,173.0893
2011-09-22 09:15:33,7789.1255,183.8929
2011-09-22 09:30:33,6174.6772,149.0179
2011-09-22 09:45:33,6943.7822,173.3684
2011-09-22 10:00:33,14570.2157,322.8571
2011-09-22 10:15:34,16258.511,367.1455
2011-09-22 10:30:34,11198.303,260.3571
2011-09-22 10:45:34,11196.2754,270.2281
2011-09-22 11:00:34,12901.3633,306.2182
2011-09-22 11:15:33,16512.8557,382.8571
2011-09-22 11:30:33,13786.9179,325.9273
2011-09-22 11:45:33,13812.0737,319.5893
2011-09-22 12:00:33,21385.8849,480.1636
2011-09-22 12:15:33,25679.376,573.0
2011-09-22 12:30:33,18419.0868,410.6071
2011-09-22 12:45:33,25105.785,565.625
2011-09-22 13:00:33,17884.7598,395.5536
2011-09-22 13:15:34,22094.8333,482.4286
2011-09-22 13:30:37,16377.0272,367.0566
2011-09-22 13:45:37,14903.1602,350.0893
2011-09-22 14:00:39,16574.9067,383.7818
2011-09-22 14:15:38,17086.2495,400.4545
2011-09-22 14:30:38,12317.694,290.5536
2011-09-22 14:45:38,13181.7906,302.3091
2011-09-22 15:00:38,12926.0757,305.7857
2011-09-22 15:15:38,10968.6466,261.5536
2011-09-22 15:30:38,7401.109,175.6429
2011-09-22 15:45:38,9813.2047,229.9464
2011-09-22 16:00:38,8678.6307,204.8929
2011-09-22 16:15:39,7564.6964,179.4909
2011-09-22 16:30:39,6703.9853,161.9107
2011-09-22 16:45:39,5120.2307,125.2364
2011-09-22 17:00:40,4612.8706,114.4107
2011-09-22 17:15:39,3033.5024,73.3393
2011-09-22 17:30:38,2737.3956,65.4107
2011-09-22 17:45:39,2122.1364,49.9643
2011-09-22 18:00:39,1782.5595,41.3929
2011-09-22 18:15:40,1334.1844,29.3509
2011-09-22 18:30:40,750.7165,14.9091
2011-09-22 18:45:40,270.6534,5.8246
2011-09-22 19:00:40,0.0,0.5455
2011-09-22 19:15:40,0.0,0.6154
2011-09-23 07:15:29,0.0,0.234
2011-09-23 07:30:30,0.0,2.4464
2011-09-23 07:45:30,0.0,8.3929
2011-09-23 08:00:30,687.4434,19.3509
2011-09-23 08:15:29,832.4685,18.7857
2011-09-23 08:30:29,1120.2389,26.5179
2011-09-23 08:45:29,2024.0995,52.4909
2011-09-23 09:00:29,2263.598,58.6842
2011-09-23 09:15:30,1674.9515,43.4182
2011-09-23 09:30:30,1102.0814,28.0
2011-09-23 09:45:30,2113.2286,55.3571
2011-09-23 10:00:30,2593.8966,68.4737
2011-09-23 10:15:30,3488.2907,89.1273
2011-09-23 10:30:30,3964.2411,101.614
2011-09-23 10:45:30,2287.2308,60.6667
2011-09-23 11:00:30,2176.5215,58.3273
2011-09-23 11:15:30,1396.1005,39.7719
2011-09-23 11:30:30,3174.3771,87.6429
2011-09-23 11:45:30,4877.5354,133.375
2011-09-23 12:00:30,4258.5724,117.1607
2011-09-23 12:15:29,3748.3213,106.9298
2011-09-23 12:30:29,1017.7991,31.6545
2011-09-23 12:45:29,1026.1728,31.9123
2011-09-23 13:00:30,4107.386,110.2727
2011-09-23 13:15:32,3880.8291,106.1071
2011-09-23 13:30:31,4417.5502,114.6964
2011-09-23 13:45:31,6305.8169,161.1071
2011-09-23 14:00:31,6651.0262,171.7143
2011-09-23 14:15:31,5233.8714,138.4286
2011-09-23 14:30:31,2539.5312,72.0536
2011-09-23 14:45:31,2445.8862,71.6667
2011-09-23 15:00:31,2570.3202,75.1818
2011-09-23 15:15:31,2769.7828,76.6429
2011-09-23 15:30:31,1798.5711,51.9643
2011-09-23 15:45:31,2096.1914,58.1071
2011-09-23 16:00:31,1865.1617,51.7679
2011-09-23 16:15:31,3710.0333,96.8036
2011-09-23 16:30:32,2475.1182,66.5714
2011-09-23 16:45:34,1096.3321,28.7368
2011-09-23 17:00:38,200.4254,9.1818
2011-09-23 17:15:38,47.6466,10.4821
2011-09-23 17:30:38,75.7459,8.8246
2011-09-23 17:45:38,639.9641,19.4464
2011-09-23 18:00:38,684.5317,16.1964
2011-09-23 18:15:38,379.064,9.5273
2011-09-23 18:30:38,47.9319,3.4286
2011-09-23 18:45:38,0.0,2.3214
2011-09-23 19:00:38,0.0,1.6909
2011-09-23 19:15:38,0.0,0.9792
2011-09-24 07:00:36,0.0,0.9259
2011-09-24 07:15:36,0.0,1.25
2011-09-24 07:30:36,73.4375,5.9464
2011-09-24 07:45:36,920.3762,19.4259
2011-09-24 08:00:37,1734.4918,39.2364
2011-09-24 08:15:38,2401.4862,56.8036
2011-09-24 08:30:38,2651.5814,63.6
2011-09-24 08:45:39,3283.4405,78.5357
2011-09-24 09:00:39,3775.4488,91.5455
2011-09-24 09:15:38,4537.8765,110.3929
2011-09-24 09:30:38,3675.1107,89.3636
2011-09-24 09:45:38,3752.583,92.9273
2011-09-24 10:00:38,3571.6521,87.0364
2011-09-24 10:15:38,5188.0239,127.3273
2011-09-24 10:30:38,6973.821,167.0893
2011-09-24 10:45:38,7360.5644,179.2182
2011-09-24 11:00:39,6695.6883,164.4727
2011-09-24 11:15:40,6070.2413,149.4528
2011-09-24 11:30:40,6577.5838,162.875
2011-09-24 11:45:40,7316.7812,179.537
2011-09-24 12:00:40,10556.271,254.6182
2011-09-24 12:15:39,13226.3317,309.9464
2011-09-24 12:30:39,13363.604,317.3704
2011-09-24 12:45:39,27032.1476,595.2679
2011-09-24 13:00:39,14796.4453,342.5455
2011-09-24 13:15:40,10856.4369,258.5818
2011-09-24 13:30:41,10027.0206,243.3091
2011-09-24 13:45:40,16061.3374,384.5273
2011-09-24 14:00:40,16106.1831,383.2182
2011-09-24 14:15:41,16307.1317,377.7857
2011-09-24 14:30:41,26290.8341,569.8182
2011-09-24 14:45:43,14328.8951,329.3077
2011-09-24 15:00:43,13924.7767,317.9455
2011-09-24 15:15:42,10791.1358,252.3455
2011-09-24 15:30:43,11367.4743,264.3818
2011-09-24 15:45:43,9381.9478,219.8182
2011-09-24 16:00:43,7938.7753,194.3571
2011-09-24 16:15:44,5228.9201,131.1091
2011-09-24 16:30:44,5239.8934,126.7321
2011-09-24 16:45:44,5834.0561,139.4
2011-09-24 17:00:44,6662.8593,158.5357
2011-09-24 17:15:44,5570.3707,132.2
2011-09-24 17:30:44,4882.4408,114.9636
2011-09-24 17:45:44,4619.4936,104.5
2011-09-24 18:00:44,4444.4817,99.2182
2011-09-24 18:15:43,5080.6868,93.3214
2011-09-24 18:30:45,4372.8665,73.8148
2011-09-24 18:45:45,2136.8791,41.6
2011-09-24 19:00:45,731.1159,11.2545
2011-09-24 19:15:46,220.7177,1.0893
2011-09-25 07:00:45,0.0,0.75
2011-09-25 07:15:45,0.0,1.9643
2011-09-25 07:30:45,196.8006,10.5893
2011-09-25 07:45:45,1086.3042,24.7636
2011-09-25 08:00:45,2490.1627,57.8393
2011-09-25 08:15:46,2918.7284,69.2857
2011-09-25 08:30:46,4238.6416,102.9821
2011-09-25 08:45:46,5838.6994,137.0
2011-09-25 09:00:46,6645.4767,160.2807
2011-09-25 09:15:45,8402.5608,201.9455
2011-09-25 09:30:47,13080.9944,306.0536
2011-09-25 09:45:47,14294.3627,319.2857
2011-09-25 10:00:46,9729.909,227.7857
2011-09-25 10:15:46,13070.8705,302.8545
2011-09-25 10:30:47,14562.4131,321.3214
2011-09-25 10:45:48,10339.0299,230.2778
2011-09-25 11:00:48,14196.8318,318.6429
2011-09-25 11:15:49,14353.6574,319.6364
2011-09-25 11:30:49,18125.5284,411.6071
2011-09-25 11:45:49,21990.7137,501.3455
2011-09-25 12:00:49,11501.6876,287.5536
2011-09-25 12:15:48,9476.412,226.8182
2011-09-25 12:30:48,21395.3375,486.9286
2011-09-25 12:45:48,20720.5511,474.1071
2011-09-25 13:00:48,24360.2335,557.4545
2011-09-25 13:15:48,12821.2083,301.1964
2011-09-25 13:30:49,15320.7372,361.2075
2011-09-25 13:45:49,11117.7241,262.875
2011-09-25 14:00:50,10374.0621,256.6607
2011-09-25 14:15:30,10645.4077,263.3889
2011-09-25 14:30:30,6910.6358,173.5091
2011-09-25 14:45:30,6551.5755,159.8545
2011-09-25 15:00:31,8055.6179,193.2143
2011-09-25 15:15:31,7222.123,175.5714
2011-09-25 15:30:31,7783.3,185.9091
2011-09-25 15:45:31,9784.608,232.5893
2011-09-25 16:00:33,14985.65,325.7455
2011-09-25 16:15:34,23310.8594,498.3036
2011-09-25 16:30:34,18123.8525,390.7143
2011-09-25 16:45:34,26755.7291,546.7857
2011-09-25 17:00:34,17222.1641,362.7143
2011-09-25 17:15:34,20920.2999,398.7273
2011-09-25 17:30:34,9208.8591,190.875
2011-09-25 17:45:34,5008.4072,113.0
2011-09-25 18:00:36,8208.724,133.7273
2011-09-25 18:15:35,5017.2205,84.0357
2011-09-25 18:30:36,3554.0631,57.375
2011-09-25 18:45:38,2349.7223,35.0893
2011-09-25 19:00:38,574.753,7.4107
2011-09-25 19:15:39,0.0,0.1944
2011-09-26 07:15:39,0.0,0.4259
2011-09-26 07:30:40,0.0,2.25
2011-09-26 07:45:41,0.0,1.4643
2011-09-26 08:00:41,0.0,0.1071
2011-09-26 08:15:41,410.2189,11.5357
2011-09-26 08:30:41,1356.3761,32.6429
2011-09-26 08:45:41,1464.7341,36.2857
2011-09-26 09:00:41,4980.7843,119.3571
2011-09-26 09:15:41,3093.7979,77.4107
2011-09-26 09:30:41,3202.3289,79.6727
2011-09-26 09:45:41,7126.1909,179.3393
2011-09-26 10:00:41,11172.9458,258.8214
2011-09-26 10:15:41,7161.917,170.4
2011-09-26 10:30:41,20454.4192,412.1786
2011-09-26 10:45:41,31223.9585,623.9273
2011-09-26 11:00:41,28201.237,584.8571
2011-09-26 11:15:41,10772.03,252.6607
2011-09-26 11:30:41,24833.3797,522.8929
2011-09-26 11:45:41,27253.474,579.4545
2011-09-26 12:00:41,32624.6515,725.8545
2011-09-26 12:15:41,13666.8343,305.0
2011-09-26 12:30:41,16731.5042,390.6607
2011-09-26 12:45:41,15669.6347,369.375
2011-09-26 13:00:41,6435.9062,154.3455
2011-09-26 13:15:41,9312.5513,227.6607
2011-09-26 13:30:43,11695.3566,276.2593
2011-09-26 13:45:43,8549.3683,203.8393
2011-09-26 14:00:43,10051.0167,236.9273
2011-09-26 14:15:44,8918.4518,207.0714
2011-09-26 14:30:44,13918.025,314.7321
2011-09-26 14:45:44,14317.5947,332.875
2011-09-26 15:00:44,6212.7279,156.3929
2011-09-26 15:15:44,4652.9514,111.0536
2011-09-26 15:30:44,6034.1354,146.1091
2011-09-26 15:45:44,4140.2246,100.0179
2011-09-26 16:00:44,6087.8332,145.625
2011-09-26 16:15:44,8854.523,205.5536
2011-09-26 16:30:44,8235.7065,187.8545
2011-09-26 16:45:44,5360.0731,127.9298
2011-09-26 17:00:45,3771.3356,92.1607
2011-09-26 17:15:45,7892.6002,165.1273
2011-09-26 17:30:45,13737.4525,260.375
2011-09-26 17:45:46,9069.5213,177.7455
2011-09-26 18:00:46,9289.0246,137.4643
2011-09-26 18:15:45,5943.1566,85.8214
2011-09-26 18:30:45,3138.2351,57.0714
2011-09-26 18:45:45,1412.4909,26.1607
2011-09-26 19:00:45,339.5055,4.9107
2011-09-26 19:15:45,0.0,0.0
2011-09-27 07:15:44,0.0,0.7885
2011-09-27 07:30:45,0.0,4.4909
2011-09-27 07:45:45,0.0,8.4737
2011-09-27 08:00:45,0.0,8.2857
2011-09-27 08:15:45,145.9777,10.1071
2011-09-27 08:30:45,821.6396,20.4561
2011-09-27 08:45:45,1322.1836,32.5273
2011-09-27 09:00:45,1142.6465,28.2679
2011-09-27 09:15:45,1454.5268,36.875
2011-09-27 09:30:45,2464.7108,62.3091
2011-09-27 09:45:47,3824.8027,95.1053
2011-09-27 10:00:47,6304.9117,157.4
2011-09-27 10:15:47,6099.9606,151.9286
2011-09-27 10:30:47,9111.074,222.7857
2011-09-27 10:45:47,7574.6875,186.875
2011-09-27 11:00:47,9156.954,226.7091
2011-09-27 11:15:47,8219.1383,198.0909
2011-09-27 11:30:47,7405.6276,185.9821
2011-09-27 11:45:47,4882.5999,121.0714
2011-09-27 12:00:47,5919.4874,149.1607
2011-09-27 12:15:48,6539.3619,165.0357
2011-09-27 12:30:48,4816.0063,122.6182
2011-09-27 12:45:48,3360.0115,85.1228
2011-09-27 13:00:49,9671.18,237.5273
2011-09-27 13:15:49,13536.0832,321.8727
2011-09-27 13:30:49,37877.1747,818.25
2011-09-27 13:45:49,22819.6934,503.2182
2011-09-27 14:00:49,30401.797,665.8571
2011-09-27 14:15:49,30469.9937,655.0364
2011-09-27 14:30:49,11416.7827,270.3571
2011-09-27 14:45:50,10219.8626,240.8519
2011-09-27 15:00:50,7905.8822,192.1607
2011-09-27 15:15:30,4456.2243,112.9455
2011-09-27 15:30:30,7827.4539,193.1786
2011-09-27 15:45:30,5882.2407,145.2143
2011-09-27 16:00:30,4336.1635,108.5273
2011-09-27 16:15:29,2526.0473,64.2321
2011-09-27 16:30:30,1650.4479,42.75
2011-09-27 16:45:30,902.7881,22.3214
2011-09-27 17:00:30,893.7004,20.2909
2011-09-27 17:15:30,1207.0454,27.9821
2011-09-27 17:30:30,1139.1452,26.0179
2011-09-27 17:45:30,1266.4233,27.75
2011-09-27 18:00:30,1373.093,31.2857
2011-09-27 18:15:31,780.5745,13.5357
2011-09-27 18:30:31,738.726,9.1053
2011-09-27 18:45:31,248.6807,3.3036
2011-09-27 19:00:33,0.0,0.1071
2011-09-27 19:15:32,0.0,0.0385
2011-09-28 07:00:29,0.0,0.0278
2011-09-28 07:15:29,329.0169,5.0526
2011-09-28 07:30:29,1020.9229,17.6786
2011-09-28 07:45:29,885.0793,17.8393
2011-09-28 08:00:29,1135.4474,24.75
2011-09-28 08:15:30,1685.4989,39.4821
2011-09-28 08:30:30,1699.0589,40.9643
2011-09-28 08:45:30,751.6575,16.6182
2011-09-28 09:00:30,1486.9156,36.2321
2011-09-28 09:15:30,2213.0879,58.3036
2011-09-28 09:30:30,1501.1971,39.2632
2011-09-28 09:45:33,1683.0813,43.1509
2011-09-28 10:00:33,3216.4449,83.1404
2011-09-28 10:15:33,3983.6655,99.0182
2011-09-28 10:30:33,7915.6886,185.7321
2011-09-28 10:45:33,12290.3872,282.875
2011-09-28 11:00:33,18155.7658,426.9286
2011-09-28 11:15:34,13802.5864,327.1455
2011-09-28 11:30:34,5658.331,141.7679
2011-09-28 11:45:34,10797.4187,255.4821
2011-09-28 12:00:34,10707.1011,267.6727
2011-09-28 12:15:34,14084.8893,324.5536
2011-09-28 12:30:34,14956.6441,338.4182
2011-09-28 12:45:34,16923.5541,394.9821
2011-09-28 13:00:34,16783.6346,373.3571
2011-09-28 13:15:34,23141.3169,518.5273
2011-09-28 13:30:34,24392.4399,538.1607
2011-09-28 13:45:35,25769.3411,554.2679
2011-09-28 14:00:35,20383.1959,458.0714
2011-09-28 14:15:35,22450.0619,478.0909
2011-09-28 14:30:38,38492.9091,800.8571
2011-09-28 14:45:38,24017.9287,514.0
2011-09-28 15:00:38,25170.7175,528.5636
2011-09-28 15:15:39,31647.97,638.3019
2011-09-28 15:30:39,36531.5923,733.5
2011-09-28 15:45:39,31404.7124,627.6
2011-09-28 16:00:39,23973.7979,482.0
2011-09-28 16:15:39,25959.8869,505.375
2011-09-28 16:30:39,16733.3427,329.9273
2011-09-28 16:45:39,21741.107,405.7544
2011-09-28 17:00:39,19360.7165,352.0182
2011-09-28 17:15:39,15393.4914,277.6429
2011-09-28 17:30:40,12410.1046,221.3091
2011-09-28 17:45:40,10665.4536,180.4182
2011-09-28 18:00:40,7267.1908,110.25
2011-09-28 18:15:41,3545.1837,63.4821
2011-09-28 18:30:41,2342.2844,44.0714
2011-09-28 18:45:42,1095.4753,18.5472
2011-09-28 19:00:42,3.5103,0.5536
2011-09-28 19:15:41,0.0,0.4
2011-09-29 07:00:39,0.0,0.3871
2011-09-29 07:15:38,0.0,1.7143
2011-09-29 07:30:38,0.0,6.3214
2011-09-29 07:45:39,215.8012,12.1228
2011-09-29 08:00:39,1390.2119,33.75
2011-09-29 08:15:40,2111.646,50.375
2011-09-29 08:30:40,2741.4658,65.1786
2011-09-29 08:45:40,3170.9152,78.6429
2011-09-29 09:00:40,3579.1056,84.6964
2011-09-29 09:15:40,4142.5677,97.3036
2011-09-29 09:30:41,16322.5852,294.0
2011-09-29 09:45:41,14606.9629,285.3393
2011-09-29 10:00:41,13646.2949,284.3571
2011-09-29 10:15:41,10654.7091,245.3929
2011-09-29 10:30:41,8110.0253,200.0
2011-09-29 10:45:41,11510.5953,256.2545
2011-09-29 11:00:41,18451.6182,385.0
2011-09-29 11:15:41,30956.1901,625.2143
2011-09-29 11:30:41,26402.159,560.6071
2011-09-29 11:45:41,32199.0391,690.4107
2011-09-29 12:00:41,20161.8379,436.0545
2011-09-29 12:15:41,15362.9975,351.3214
2011-09-29 12:30:41,10057.2094,236.6
2011-09-29 12:45:41,7740.6898,181.0351
2011-09-29 13:00:41,12972.8005,306.7321
2011-09-29 13:15:41,30286.634,635.8302
2011-09-29 13:30:41,21689.9292,479.4107
2011-09-29 13:45:41,21417.0118,449.6852
2011-09-29 14:00:41,34528.5516,709.7679
2011-09-29 14:15:41,40728.4893,824.6071
2011-09-29 14:30:41,40952.9492,838.2321
2011-09-29 14:45:42,38182.7261,767.4464
2011-09-29 15:00:42,38344.3061,775.5536
2011-09-29 15:15:42,35929.5577,714.3571
2011-09-29 15:30:42,24857.4017,501.7857
2011-09-29 15:45:42,17091.0951,356.5536
2011-09-29 16:00:42,28252.6382,537.9636
2011-09-29 16:15:43,28906.3093,546.9464
2011-09-29 16:30:43,26325.2878,492.9286
2011-09-29 16:45:43,11483.0345,230.5263
2011-09-29 17:00:43,15957.701,295.6182
2011-09-29 17:15:43,18444.7418,313.8393
2011-09-29 17:30:43,15209.1454,249.1786
2011-09-29 17:45:44,11612.0404,190.2321
2011-09-29 18:00:44,6507.1121,73.1607
2011-09-29 18:15:44,3169.6249,46.8182
2011-09-29 18:30:44,1912.7718,30.5965
2011-09-29 18:45:44,941.6972,14.1509
2011-09-29 19:00:44,117.2271,1.5714
2011-09-29 19:15:44,0.0,0.0645
2011-09-30 07:00:42,0.0,0.9667
2011-09-30 07:15:41,38.0691,2.8571
2011-09-30 07:30:41,806.6393,15.7636
2011-09-30 07:45:42,1619.7156,34.4909
2011-09-30 08:00:42,2439.5827,58.0727
2011-09-30 08:15:43,3859.7052,84.3393
2011-09-30 08:30:43,6253.9928,125.25
2011-09-30 08:45:43,7804.6509,147.0909
2011-09-30 09:00:45,11153.4897,190.6545
2011-09-30 09:15:45,14440.1179,242.9818
2011-09-30 09:30:45,17118.0469,294.9455
2011-09-30 09:45:45,19734.959,349.3636
2011-09-30 10:00:46,22235.4803,403.125
2011-09-30 10:15:45,24517.3676,454.8036
2011-09-30 10:30:45,26703.9101,502.4
2011-09-30 10:45:45,28809.3192,550.7818
2011-09-30 11:00:45,30868.2984,597.7778
2011-09-30 11:15:46,32809.2611,640.4643
2011-09-30 11:30:46,34054.4529,677.9818
2011-09-30 11:45:46,33989.704,680.9615
2011-09-30 12:00:46,35522.3614,760.4182
2011-09-30 12:15:46,37148.8052,763.7636
2011-09-30 12:30:46,39959.6989,823.9107
2011-09-30 12:45:46,38994.0865,851.8393
2011-09-30 13:00:46,39528.6678,837.4727
2011-09-30 13:15:45,26967.8377,563.2727
2011-09-30 13:30:45,11297.4157,259.2727
2011-09-30 13:45:45,22981.662,483.7818
2011-09-30 14:00:45,29290.7684,638.0179
2011-09-30 14:15:46,24101.7905,514.8909
2011-09-30 14:30:47,17147.2067,372.8364
2011-09-30 14:45:47,19834.1644,417.3636
2011-09-30 15:00:47,19935.0976,429.8909
2011-09-30 15:15:47,8882.461,209.2545
2011-09-30 15:30:48,6682.1351,162.9273
2011-09-30 15:45:48,4114.1409,96.4821
2011-09-30 16:00:48,2491.4183,57.5893
2011-09-30 16:15:48,3128.5474,73.8519
2011-09-30 16:30:48,2962.0786,68.4107
2011-09-30 16:45:48,1763.3976,39.3158
2011-09-30 17:00:48,1809.0781,38.3273
2011-09-30 17:15:49,8355.6866,153.5357
2011-09-30 17:30:49,10374.8746,193.0364
2011-09-30 17:45:48,4157.9887,88.8929
2011-09-30 18:00:48,4063.4316,72.7455
2011-09-30 18:15:49,3998.4477,71.25
2011-09-30 18:30:48,1792.6979,32.9455
2011-09-30 18:45:48,874.6498,13.7143
2011-09-30 19:00:48,61.3911,1.5536
2011-09-30 19:15:48,0.0,1.0
2011-10-01 07:15:32,36.2958,2.0182
2011-10-01 07:30:32,323.9318,6.4821
2011-10-01 07:45:32,791.2961,17.0727
2011-10-01 08:00:32,1396.888,30.9107
2011-10-01 08:15:32,2034.9688,48.1607
2011-10-01 08:30:32,2307.3645,54.7636
2011-10-01 08:45:32,2387.4691,54.875
2011-10-01 09:00:32,2059.0433,47.1429
2011-10-01 09:15:32,1618.6525,36.5536
2011-10-01 09:30:32,1634.0567,37.5091
2011-10-01 09:45:32,2454.0356,58.3036
2011-10-01 10:00:32,2762.5468,65.6071
2011-10-01 10:15:32,4421.4434,108.2909
2011-10-01 10:30:32,3109.0898,75.6786
2011-10-01 10:45:32,3259.0062,77.5893
2011-10-01 11:00:32,5280.8062,122.0357
2011-10-01 11:15:32,8068.3177,189.5179
2011-10-01 11:30:32,11396.3311,248.9091
2011-10-01 11:45:32,10866.8677,241.0536
2011-10-01 12:00:34,14053.4241,325.3962
2011-10-01 12:15:35,13742.8027,322.8182
2011-10-01 12:30:36,8761.9953,204.4821
2011-10-01 12:45:36,8404.5354,197.0364
2011-10-01 13:00:36,11583.0393,266.5536
2011-10-01 13:15:36,9926.6101,230.1818
2011-10-01 13:30:36,7170.6243,170.0893
2011-10-01 13:45:36,6294.296,153.0357
2011-10-01 14:00:36,6192.6747,152.75
2011-10-01 14:15:35,7004.522,172.8909
2011-10-01 14:30:35,5548.8607,132.6786
2011-10-01 14:45:35,4492.7146,105.1091
2011-10-01 15:00:35,5249.6328,126.8393
2011-10-01 15:15:37,5775.8278,144.0179
2011-10-01 15:30:37,6753.5058,165.9091
2011-10-01 15:45:37,6228.6193,150.3036
2011-10-01 16:00:37,5267.831,127.0
2011-10-01 16:15:37,3531.0152,86.875
2011-10-01 16:30:38,4233.22,101.3929
2011-10-01 16:45:38,2417.8474,57.1071
2011-10-01 17:00:38,2124.54,51.2364
2011-10-01 17:15:37,1902.8811,44.7321
2011-10-01 17:30:37,1541.987,34.7818
2011-10-01 17:45:37,712.1482,14.8571
2011-10-01 18:00:37,242.0494,5.6607
2011-10-01 18:15:38,0.0,2.5091
2011-10-01 18:30:38,0.0,0.9821
2011-10-01 18:45:38,0.0,1.0233
2011-10-02 07:15:35,0.0,1.2453
2011-10-02 07:30:35,238.0952,5.3455
2011-10-02 07:45:35,774.3809,15.4107
2011-10-02 08:00:35,1449.3437,30.9107
2011-10-02 08:15:35,1702.3177,37.7857
2011-10-02 08:30:35,2740.5707,63.0182
2011-10-02 08:45:35,3216.9497,73.75
2011-10-02 09:00:36,4939.6805,111.8545
2011-10-02 09:15:36,5578.3599,124.0179
2011-10-02 09:30:36,9743.8481,206.1429
2011-10-02 09:45:36,10550.154,219.7273
2011-10-02 10:00:36,13371.2331,276.8929
2011-10-02 10:15:36,10539.4637,226.7037
2011-10-02 10:30:37,7937.5745,177.3929
2011-10-02 10:45:37,8481.2808,192.7273
2011-10-02 11:00:37,9798.7775,223.9825
2011-10-02 11:15:37,7996.315,181.7636
2011-10-02 11:30:37,9919.891,227.8909
2011-10-02 11:45:37,7543.5903,180.3393
2011-10-02 12:00:37,9404.2587,212.8889
2011-10-02 12:15:37,8960.7116,195.9091
2011-10-02 12:30:37,7768.3322,178.6429
2011-10-02 12:45:37,8050.11,189.1455
2011-10-02 13:00:40,6379.5047,148.9074
2011-10-02 13:15:40,4355.4032,98.2857
2011-10-02 13:30:40,3176.3436,75.0909
2011-10-02 13:45:40,3483.8729,82.8393
2011-10-02 14:00:40,3644.9912,85.9464
2011-10-02 14:15:40,4362.4902,103.6364
2011-10-02 14:30:40,2828.3358,67.6607
2011-10-02 14:45:40,2666.762,65.4364
2011-10-02 15:00:40,2098.8121,51.4182
2011-10-02 15:15:41,3639.4795,86.2857
2011-10-02 15:30:42,4301.1005,101.1091
2011-10-02 15:45:42,4261.0521,94.3929
2011-10-02 16:00:42,8801.9828,189.1273
2011-10-02 16:15:41,12891.3261,277.1091
2011-10-02 16:30:41,17108.1323,347.6909
2011-10-02 16:45:41,10071.3775,218.6
2011-10-02 17:00:41,5879.1055,135.0175
2011-10-02 17:15:41,2533.5418,55.4909
2011-10-02 17:30:41,2120.4518,47.5893
2011-10-02 17:45:41,788.4434,16.4909
2011-10-02 18:00:41,647.1181,13.4545
2011-10-02 18:15:42,401.0248,7.7143
2011-10-02 18:30:43,7.4026,1.9107
2011-10-02 18:45:43,0.0,1.3704
2011-10-03 07:15:43,5.8723,2.2
2011-10-03 07:30:43,291.7577,7.0714
2011-10-03 07:45:43,761.4144,18.0
2011-10-03 08:00:43,1382.6962,30.8182
2011-10-03 08:15:44,1625.5814,37.0
2011-10-03 08:30:45,2033.8161,45.8545
2011-10-03 08:45:45,2637.1585,58.625
2011-10-03 09:00:45,3907.7911,87.5818
2011-10-03 09:15:45,3823.2102,86.1273
2011-10-03 09:30:45,5123.7675,113.3455
2011-10-03 09:45:45,7006.4781,156.9259
2011-10-03 10:00:45,8363.8407,183.2857
2011-10-03 10:15:46,9727.3894,204.8868
2011-10-03 10:30:45,11276.9095,246.3393
2011-10-03 10:45:46,13702.4349,297.6182
2011-10-03 11:00:46,14491.0229,317.4545
2011-10-03 11:15:46,15459.4573,335.2407
2011-10-03 11:30:46,15102.7906,327.1455
2011-10-03 11:45:49,20246.5084,417.0189
2011-10-03 12:00:49,25346.4952,522.9091
2011-10-03 12:15:49,33267.5514,679.3455
2011-10-03 12:30:49,32628.8538,669.7273
2011-10-03 12:45:49,25285.6378,530.8929
2011-10-03 13:00:49,31572.2855,652.2727
2011-10-03 13:15:50,36880.0157,742.8545
2011-10-03 13:30:50,36395.5179,737.25
2011-10-03 13:45:30,35845.469,725.0926
2011-10-03 14:00:30,29321.7735,586.8929
2011-10-03 14:15:30,31394.1338,620.6909
2011-10-03 14:30:30,26443.8963,536.8727
2011-10-03 14:45:31,18721.0948,394.2182
2011-10-03 15:00:31,17390.2722,363.7679
2011-10-03 15:15:31,11788.8897,256.2364
2011-10-03 15:30:31,9793.6525,217.7636
2011-10-03 15:45:31,10023.8737,216.3818
2011-10-03 16:00:31,6937.3906,151.6
2011-10-03 16:15:32,5929.1956,133.5741
2011-10-03 16:30:32,6424.8637,141.7273
2011-10-03 16:45:34,6111.2239,135.8929
2011-10-03 17:00:34,7568.235,158.5818
2011-10-03 17:15:35,6972.069,145.0714
2011-10-03 17:30:35,4958.4931,102.1509
2011-10-03 17:45:36,8596.0383,142.7818
2011-10-03 18:00:36,5704.3934,81.3214
2011-10-03 18:15:36,3741.0755,64.4
2011-10-03 18:30:36,1316.9633,21.1636
2011-10-03 18:45:36,207.7203,2.8393
2011-10-03 19:00:36,0.0,1.0263
2011-10-04 07:00:34,0.0,1.5
2011-10-04 07:15:34,100.6001,2.75
2011-10-04 07:30:34,653.9095,13.4821
2011-10-04 07:45:33,2021.4726,37.8909
2011-10-04 08:00:33,2507.4869,48.1429
2011-10-04 08:15:34,2463.4352,53.0179
2011-10-04 08:30:35,3018.276,67.75
2011-10-04 08:45:36,4374.6371,96.0714
2011-10-04 09:00:36,7353.598,121.3036
2011-10-04 09:15:36,14768.2497,229.7455
2011-10-04 09:30:36,19573.5744,313.2364
2011-10-04 09:45:36,21923.195,371.1455
2011-10-04 10:00:36,24695.9287,431.3636
2011-10-04 10:15:35,26243.0018,468.2545
2011-10-04 10:30:35,29826.5707,542.0185
2011-10-04 10:45:35,31922.1853,591.375
2011-10-04 11:00:35,30582.6686,586.7091
2011-10-04 11:15:37,33751.4888,655.2143
2011-10-04 11:30:37,32180.8523,625.7857
2011-10-04 11:45:37,30834.0638,652.5273
2011-10-04 12:00:37,17769.2314,392.9636
2011-10-04 12:15:37,20954.4267,457.8
2011-10-04 12:30:37,25321.5967,540.4286
2011-10-04 12:45:37,35699.4356,737.4643
2011-10-04 13:00:37,33997.7834,696.9455
2011-10-04 13:15:36,44559.4338,893.5179
2011-10-04 13:30:36,44529.0966,917.2727
2011-10-04 13:45:38,39680.6892,804.7273
2011-10-04 14:00:38,41836.1391,855.6182
2011-10-04 14:15:39,34312.3949,721.2143
2011-10-04 14:30:39,37713.5587,755.9273
2011-10-04 14:45:39,19559.7537,410.8909
2011-10-04 15:00:38,38979.2881,766.6071
2011-10-04 15:15:41,20229.2096,412.4259
2011-10-04 15:30:41,13699.5413,286.1636
2011-10-04 15:45:41,9911.31,201.0893
2011-10-04 16:00:41,10780.563,224.4286
2011-10-04 16:15:41,17145.4865,333.0545
2011-10-04 16:30:41,3837.1131,89.875
2011-10-04 16:45:41,3703.4362,76.9464
2011-10-04 17:00:41,4610.1311,112.9818
2011-10-04 17:15:41,3999.6646,89.75
2011-10-04 17:30:41,10032.1553,179.3455
2011-10-04 17:45:41,5369.958,94.6964
2011-10-04 18:00:42,1371.3851,36.5273
2011-10-04 18:15:42,1535.1684,29.8571
2011-10-04 18:30:42,1430.7016,21.4286
2011-10-04 18:45:42,339.0133,6.6429
2011-10-04 19:00:42,0.0,0.5556
2011-10-05 07:00:39,0.0,1.7308
2011-10-05 07:15:41,74.9545,2.8421
2011-10-05 07:30:41,587.3303,12.8364
2011-10-05 07:45:41,1021.6897,25.7143
2011-10-05 08:00:41,1739.346,40.2679
2011-10-05 08:15:40,3044.2135,59.2545
2011-10-05 08:30:40,5381.1372,89.7368
2011-10-05 08:45:40,8836.3267,132.8182
2011-10-05 09:00:40,12444.8049,185.9074
2011-10-05 09:15:42,15355.4616,241.9273
2011-10-05 09:30:42,18222.2972,298.4364
2011-10-05 09:45:42,20935.5124,355.6429
2011-10-05 10:00:42,23514.5723,411.9636
2011-10-05 10:15:42,25939.8609,466.3214
2011-10-05 10:30:42,28423.5438,520.6909
2011-10-05 10:45:42,30918.2919,571.2545
2011-10-05 11:00:42,32954.7558,616.7091
2011-10-05 11:15:41,34388.7084,656.8036
2011-10-05 11:30:41,36349.787,710.2143
2011-10-05 11:45:45,37529.2019,799.8704
2011-10-05 12:00:44,38233.7064,759.5818
2011-10-05 12:15:46,38648.3956,828.9464
2011-10-05 12:30:47,39318.3435,790.375
2011-10-05 12:45:47,40440.5464,822.0727
2011-10-05 13:00:47,40819.0869,840.6909
2011-10-05 13:15:47,41050.9826,821.0351
2011-10-05 13:30:47,40878.2455,822.4182
2011-10-05 13:45:48,40631.4964,819.5893
2011-10-05 14:00:48,40568.78,811.5273
2011-10-05 14:15:46,39820.7366,796.5273
2011-10-05 14:30:47,38677.7262,775.5893
2011-10-05 14:45:47,37848.8208,756.2
2011-10-05 15:00:47,36720.4916,729.1607
2011-10-05 15:15:48,35604.7257,697.5091
2011-10-05 15:30:48,34175.6009,662.3393
2011-10-05 15:45:48,32529.9677,624.25
2011-10-05 16:00:48,30440.3871,576.4909
2011-10-05 16:15:48,28224.4314,526.5636
2011-10-05 16:30:48,25768.1732,473.4727
2011-10-05 16:45:48,23226.7789,415.5893
2011-10-05 17:00:50,20324.8018,353.9815
2011-10-05 17:15:49,17288.7892,290.4909
2011-10-05 17:30:49,13155.2128,225.1786
2011-10-05 17:45:00,7839.1938,138.7115
2011-10-05 18:00:38,3791.8162,49.3448
2011-10-05 18:15:39,2412.1159,36.0714
2011-10-05 18:30:39,1328.7999,20.2143
2011-10-05 18:45:39,353.9374,5.3091
2011-10-05 19:00:39,0.0,0.6939
2011-10-06 07:15:30,88.0972,2.9091
2011-10-06 07:30:31,538.9985,12.2037
2011-10-06 07:45:31,961.4588,25.2143
2011-10-06 08:00:31,1685.2072,40.3571
2011-10-06 08:15:30,3005.5655,61.9818
2011-10-06 08:30:30,5292.817,94.1429
2011-10-06 08:45:30,8927.2199,135.9273
2011-10-06 09:00:30,12605.592,184.386
2011-10-06 09:15:30,15600.968,237.1818
2011-10-06 09:30:30,18562.8879,292.7143
2011-10-06 09:45:30,21312.2699,348.5893
2011-10-06 10:00:30,23936.6328,404.1091
2011-10-06 10:15:32,26379.9817,455.9821
2011-10-06 10:30:32,28560.2823,504.5091
2011-10-06 10:45:32,30745.6459,552.7321
2011-10-06 11:00:32,32566.7848,595.4364
2011-10-06 11:15:31,34038.3008,635.3509
2011-10-06 11:30:32,35570.6648,705.0926
2011-10-06 11:45:32,36804.8949,756.3393
2011-10-06 12:00:32,37666.0264,725.8393
2011-10-06 12:15:32,38449.4567,793.2
2011-10-06 12:30:32,38829.3903,762.5893
2011-10-06 12:45:32,39116.6892,802.0179
2011-10-06 13:00:32,40143.1283,815.8214
2011-10-06 13:15:34,40067.6609,790.7273
2011-10-06 13:30:34,40053.1747,794.9649
2011-10-06 13:45:34,40008.0346,791.1964
2011-10-06 14:00:34,39568.6261,784.5091
2011-10-06 14:15:33,39054.316,772.8421
2011-10-06 14:30:32,38537.5282,758.9091
2011-10-06 14:45:33,37524.3763,734.75
2011-10-06 15:00:33,36310.0822,707.6364
2011-10-06 15:15:34,35389.0878,679.1579
2011-10-06 15:30:38,33891.8261,643.9455
2011-10-06 15:45:38,32319.2244,602.7321
2011-10-06 16:00:38,30370.8768,556.2545
2011-10-06 16:15:38,28382.7168,511.6
2011-10-06 16:30:38,25838.0635,457.0357
2011-10-06 16:45:38,23437.6004,402.6
2011-10-06 17:00:38,20660.1141,343.7143
2011-10-06 17:15:37,17703.3945,281.8393
2011-10-06 17:30:37,13389.7175,221.3818
2011-10-06 17:45:37,7456.5705,123.3571
2011-10-06 18:00:37,3482.8331,43.3636
2011-10-06 18:15:38,2391.9916,32.6786
2011-10-06 18:30:38,1400.5196,19.2321
2011-10-06 18:45:38,380.4644,5.0
2011-10-06 19:00:38,0.0,0.5
2011-10-07 07:15:36,72.1179,1.9623
2011-10-07 07:30:36,530.5553,10.7593
2011-10-07 07:45:36,986.8805,23.5
2011-10-07 08:00:36,1764.0619,38.4464
2011-10-07 08:15:38,3094.5396,55.6071
2011-10-07 08:30:38,5473.6906,78.9821
2011-10-07 08:45:38,9175.797,110.5536
2011-10-07 09:00:38,12593.327,154.0364
2011-10-07 09:15:38,15359.2644,211.1091
2011-10-07 09:30:38,18088.1439,277.9273
2011-10-07 09:45:38,20704.5003,339.4286
2011-10-07 10:00:38,23066.3925,391.9464
2011-10-07 10:15:38,25188.3422,442.2545
2011-10-07 10:30:38,27279.1975,489.9455
2011-10-07 10:45:38,29491.9943,537.5536
2011-10-07 11:00:38,31159.2116,581.1455
2011-10-07 11:15:39,32551.1673,614.7818
2011-10-07 11:30:39,33932.3089,686.1429
2011-10-07 11:45:39,35121.5867,715.9636
2011-10-07 12:00:40,35197.5919,676.8214
2011-10-07 12:15:39,35726.0281,720.9821
2011-10-07 12:30:39,36879.5026,712.1455
2011-10-07 12:45:39,37761.1946,772.8909
2011-10-07 13:00:40,38712.1018,794.1818
2011-10-07 13:15:41,38905.6482,776.1071
2011-10-07 13:30:41,38612.5679,774.75
2011-10-07 13:45:41,38295.246,770.0182
2011-10-07 14:00:41,37823.527,757.4643
2011-10-07 14:15:41,37178.8292,739.1964
2011-10-07 14:30:41,36416.7028,720.0179
2011-10-07 14:45:41,35336.5195,697.125
2011-10-07 15:00:41,34192.8068,668.5455
2011-10-07 15:15:40,32854.7761,634.75
2011-10-07 15:30:40,31182.8768,596.7818
2011-10-07 15:45:40,29405.2845,554.9636
2011-10-07 16:00:40,27614.7248,513.0556
2011-10-07 16:15:41,25658.2766,467.1071
2011-10-07 16:30:41,23437.307,416.0909
2011-10-07 16:45:41,21080.0139,362.1964
2011-10-07 17:00:42,18387.1368,305.7636
2011-10-07 17:15:43,15589.9875,251.4727
2011-10-07 17:30:43,11221.5475,195.25
2011-10-07 17:45:44,6054.8988,104.3091
2011-10-07 18:00:44,3167.3747,46.9464
2011-10-07 18:15:42,2049.6603,32.4464
2011-10-07 18:30:43,1030.21,16.4182
2011-10-07 18:45:43,177.3105,3.5273
2011-10-07 19:00:42,0.0,1.0
2011-10-08 07:15:30,463.0716,2.3774
2011-10-08 07:30:30,518.1501,10.1786
2011-10-08 07:45:31,1009.3851,22.9286
2011-10-08 08:00:31,1773.4057,37.6071
2011-10-08 08:15:31,3048.7761,54.3036
2011-10-08 08:30:31,5294.8382,74.8214
2011-10-08 08:45:31,8809.8249,103.5714
2011-10-08 09:00:31,11993.3848,144.25
2011-10-08 09:15:31,14657.0969,199.8
2011-10-08 09:30:31,17378.4342,270.2407
2011-10-08 09:45:31,19977.3302,331.5714
2011-10-08 10:00:31,22349.3863,383.3571
2011-10-08 10:15:31,24648.0018,434.6429
2011-10-08 10:30:31,26853.7388,483.5179
2011-10-08 10:45:31,28913.4596,529.1296
2011-10-08 11:00:31,30480.9767,571.1636
2011-10-08 11:15:31,32038.6726,611.4107
2011-10-08 11:30:31,33459.9177,686.7857
2011-10-08 11:45:31,34594.7201,700.0536
2011-10-08 12:00:31,35582.9977,706.6964
2011-10-08 12:15:32,36315.3817,729.7679
2011-10-08 12:30:32,36711.8833,735.1273
2011-10-08 12:45:32,37099.4025,782.125
2011-10-08 13:00:32,37467.389,769.4727
2011-10-08 13:15:33,37608.3758,760.1053
2011-10-08 13:30:35,37599.5983,756.1481
2011-10-08 13:45:35,37284.1735,754.0536
2011-10-08 14:00:35,36746.9935,745.9821
2011-10-08 14:15:34,36475.2215,737.2143
2011-10-08 14:30:34,35852.865,721.1786
2011-10-08 14:45:34,35058.6368,700.3214
2011-10-08 15:00:34,34013.1791,675.0
2011-10-08 15:15:35,33002.4125,647.6071
2011-10-08 15:30:35,31568.7103,613.5091
2011-10-08 15:45:35,29981.5472,572.6667
2011-10-08 16:00:35,28223.516,529.2679
2011-10-08 16:15:36,26319.9926,483.2182
2011-10-08 16:30:37,24146.5223,434.3214
2011-10-08 16:45:37,21676.4494,379.4107
2011-10-08 17:00:37,18952.4923,321.7321
2011-10-08 17:15:36,15781.0827,260.3273
2011-10-08 17:30:36,10822.6361,198.1053
2011-10-08 17:45:36,5576.228,96.8571
2011-10-08 18:00:36,3090.2669,43.125
2011-10-08 18:15:37,2029.8726,29.7679
2011-10-08 18:30:37,1028.1366,14.7091
2011-10-08 18:45:40,159.8328,2.5636
2011-10-08 19:00:40,0.0,1.0
2011-10-09 07:15:30,11.5904,2.2692
2011-10-09 07:30:30,498.2537,9.8929
2011-10-09 07:45:31,967.5939,22.1636
2011-10-09 08:00:31,1757.0207,36.8545
2011-10-09 08:15:31,3034.2637,53.0
2011-10-09 08:30:32,5285.1799,73.4545
2011-10-09 08:45:32,8673.066,103.25
2011-10-09 09:00:32,11762.278,147.8214
2011-10-09 09:15:33,14488.563,212.9815
2011-10-09 09:30:33,17161.7606,276.6364
2011-10-09 09:45:33,19736.1241,330.0357
2011-10-09 10:00:33,22165.8488,382.0714
2011-10-09 10:15:34,24454.2195,432.9455
2011-10-09 10:30:34,26637.7583,482.0357
2011-10-09 10:45:34,28800.0804,527.4909
2011-10-09 11:00:34,30524.2156,570.375
2011-10-09 11:15:34,32155.9176,624.1273
2011-10-09 11:30:35,33350.9714,680.8929
2011-10-09 11:45:35,34261.6193,680.625
2011-10-09 12:00:35,35161.4978,721.3636
2011-10-09 12:15:35,35818.6485,719.5357
2011-10-09 12:30:35,36151.4481,732.5179
2011-10-09 12:45:35,36620.1675,790.5741
2011-10-09 13:00:35,36884.1508,756.6429
2011-10-09 13:15:35,37130.8573,754.9464
2011-10-09 13:30:35,36668.7721,752.7719
2011-10-09 13:45:35,36538.4427,750.375
2011-10-09 14:00:35,36078.6864,744.6429
2011-10-09 14:15:35,35639.0456,732.7455
2011-10-09 14:30:35,35140.8878,718.5536
2011-10-09 14:45:35,32832.354,663.4286
2011-10-09 15:00:36,27103.7388,542.3455
2011-10-09 15:15:37,33142.0493,651.4821
2011-10-09 15:30:37,31972.8931,625.3455
2011-10-09 15:45:37,29432.298,569.6667
2011-10-09 16:00:37,27679.5624,524.3214
2011-10-09 16:15:36,24584.6766,455.5091
2011-10-09 16:30:37,21555.4509,391.5357
2011-10-09 16:45:37,19968.509,352.8571
2011-10-09 17:00:37,17243.979,297.3585
2011-10-09 17:15:38,12301.0793,213.6727
2011-10-09 17:30:38,8293.9534,163.5714
2011-10-09 17:45:38,5671.918,102.1636
2011-10-09 18:00:38,3305.2764,53.7857
2011-10-09 18:15:39,1626.9622,28.7857
2011-10-09 18:30:39,933.7325,12.3929
2011-10-09 18:45:39,47.2022,0.6545
2011-10-09 19:00:39,0.0,0.2632
2011-10-10 07:00:29,0.0,1.0
2011-10-10 07:15:29,0.0,1.0175
2011-10-10 07:30:29,305.8339,4.8929
2011-10-10 07:45:30,1151.7932,20.375
2011-10-10 08:00:31,2078.9922,39.9821
2011-10-10 08:15:31,3067.4788,61.5179
2011-10-10 08:30:31,4288.3625,87.2857
2011-10-10 08:45:31,5513.118,115.9821
2011-10-10 09:00:31,6402.496,136.1273
2011-10-10 09:15:32,7436.97,157.1818
2011-10-10 09:30:32,10066.8384,203.8
2011-10-10 09:45:32,11442.9952,232.2143
2011-10-10 10:00:33,11893.9142,247.1754
2011-10-10 10:15:33,13104.9761,271.7273
2011-10-10 10:30:33,15873.7615,321.0727
2011-10-10 10:45:34,17837.6096,355.6545
2011-10-10 11:00:34,19089.1945,385.1607
2011-10-10 11:15:34,16850.5548,352.2909
2011-10-10 11:30:34,17232.3299,359.2143
2011-10-10 11:45:34,20042.5246,411.8182
2011-10-10 12:00:34,24232.2775,498.3036
2011-10-10 12:15:34,30186.8865,611.6364
2011-10-10 12:30:35,30961.2722,633.5614
2011-10-10 12:45:35,32596.8888,687.2727
2011-10-10 13:00:35,29032.2414,584.4727
2011-10-10 13:15:35,27053.4115,549.0893
2011-10-10 13:30:38,27167.601,554.0727
2011-10-10 13:45:38,26109.835,533.0545
2011-10-10 14:00:38,27584.6554,564.2545
2011-10-10 14:15:39,24137.5885,498.1071
2011-10-10 14:30:38,27964.1679,571.8182
2011-10-10 14:45:39,30606.6752,628.5893
2011-10-10 15:00:40,31371.3611,639.6545
2011-10-10 15:15:41,33089.3535,660.4107
2011-10-10 15:30:41,30246.3848,588.8929
2011-10-10 15:45:41,19443.5885,381.8929
2011-10-10 16:00:41,18031.748,349.9091
2011-10-10 16:15:41,13907.4794,274.0179
2011-10-10 16:30:41,10830.6691,217.7636
2011-10-10 16:45:41,9949.6528,198.2727
2011-10-10 17:00:41,8719.7262,173.2679
2011-10-10 17:15:41,6202.3128,124.5536
2011-10-10 17:30:41,3857.5528,81.6607
2011-10-10 17:45:41,2634.5872,55.0364
2011-10-10 18:00:41,1719.9289,33.0893
2011-10-10 18:15:42,1150.6265,18.3929
2011-10-10 18:30:42,342.0529,4.6071
2011-10-10 18:45:42,0.0,0.4286
2011-10-11 07:15:39,0.0,1.0357
2011-10-11 07:30:39,8.0418,2.5614
2011-10-11 07:45:39,1354.6353,25.4182
2011-10-11 08:00:39,2504.6584,53.2982
2011-10-11 08:15:39,3012.0903,64.7455
2011-10-11 08:30:39,4830.7612,97.9286
2011-10-11 08:45:39,9188.8983,155.4643
2011-10-11 09:00:39,12597.0699,212.4464
2011-10-11 09:15:39,13522.1343,236.1273
2011-10-11 09:30:40,13670.2708,250.0364
2011-10-11 09:45:39,11120.0144,221.1429
2011-10-11 10:00:40,9923.5919,214.7455
2011-10-11 10:15:40,14644.7557,307.6429
2011-10-11 10:30:40,17826.035,375.0185
2011-10-11 10:45:40,23849.3264,466.625
2011-10-11 11:00:41,17622.0166,369.5273
2011-10-11 11:15:44,14938.8122,323.8545
2011-10-11 11:30:44,15267.4478,323.6727
2011-10-11 11:45:44,11150.6241,254.3214
2011-10-11 12:00:44,10297.1838,238.8
2011-10-11 12:15:44,8443.6792,199.8393
2011-10-11 12:30:44,8436.3552,197.3455
2011-10-11 12:45:44,8532.1477,199.6964
2011-10-11 13:00:44,8914.7125,209.2182
2011-10-11 13:15:45,8337.4998,196.8727
2011-10-11 13:30:45,7419.0024,176.2143
2011-10-11 13:45:45,6841.4366,162.7963
2011-10-11 14:00:45,6724.0096,160.3158
2011-10-11 14:15:45,7252.227,172.4182
2011-10-11 14:30:45,6619.196,158.1429
2011-10-11 14:45:45,6239.4803,150.0545
2011-10-11 15:00:45,5476.5268,131.6607
2011-10-11 15:15:45,5905.044,140.4444
2011-10-11 15:30:45,5708.4208,135.9825
2011-10-11 15:45:45,5580.9645,133.2909
2011-10-11 16:00:45,5181.8125,124.1964
2011-10-11 16:15:45,4518.5989,106.7321
2011-10-11 16:30:45,3691.2856,87.1455
2011-10-11 16:45:45,3310.4884,76.6429
2011-10-11 17:00:45,3126.7196,71.6607
2011-10-11 17:15:45,1901.9314,46.4643
2011-10-11 17:30:45,1569.221,34.7273
2011-10-11 17:45:45,1568.8197,33.9821
2011-10-11 18:00:45,1705.4127,35.75
2011-10-11 18:15:45,916.826,17.6607
2011-10-11 18:30:45,97.3079,2.1636
2011-10-11 18:45:45,0.0,0.4583
2011-10-12 07:30:44,0.0,0.9048
2011-10-12 07:45:44,0.0,1.0536
2011-10-12 08:00:44,0.0,3.3214
2011-10-12 08:15:43,0.0,2.9273
2011-10-12 08:30:43,545.4918,12.8393
2011-10-12 08:45:44,982.6286,23.8036
2011-10-12 09:00:44,4295.1624,101.5818
2011-10-12 09:15:45,3436.4686,83.9464
2011-10-12 09:30:45,2436.7013,59.9643
2011-10-12 09:45:45,2799.2129,68.5
2011-10-12 10:00:44,3255.4646,79.7273
2011-10-12 10:15:45,4947.9772,120.4643
2011-10-12 10:30:45,4931.2124,120.9107
2011-10-12 10:45:45,3646.3529,91.2679
2011-10-12 11:00:45,2848.5057,71.9636
2011-10-12 11:15:45,3262.2675,83.25
2011-10-12 11:30:45,2886.1743,74.8214
2011-10-12 11:45:47,3329.0083,85.9464
2011-10-12 12:00:47,3265.1083,84.0893
2011-10-12 12:15:47,2621.8955,67.4286
2011-10-12 12:30:47,1950.5071,50.1636
2011-10-12 12:45:47,1802.2231,46.3704
2011-10-12 13:00:47,2764.3647,70.9455
2011-10-12 13:15:47,3220.9714,82.0179
2011-10-12 13:30:47,2851.353,73.5536
2011-10-12 13:45:47,3200.0055,82.5714
2011-10-12 14:00:47,2525.01,65.6964
2011-10-12 14:15:47,2304.0111,59.6071
2011-10-12 14:30:47,1287.9868,33.3636
2011-10-12 14:45:47,1119.508,28.6545
2011-10-12 15:00:48,1742.6535,44.037
2011-10-12 15:15:48,1599.1608,40.6429
2011-10-12 15:30:48,1358.118,34.4821
2011-10-12 15:45:48,847.9715,21.5
2011-10-12 16:00:48,605.0053,16.5536
2011-10-12 16:15:48,872.6217,24.0727
2011-10-12 16:30:48,326.2209,11.2679
2011-10-12 16:45:48,1258.7928,34.2143
2011-10-12 17:00:49,756.5357,19.1111
2011-10-12 17:15:49,722.289,17.1964
2011-10-12 17:30:49,251.533,8.25
2011-10-12 17:45:49,59.8265,6.7143
2011-10-12 18:00:50,0.8014,1.8393
2011-10-12 18:15:50,0.0,2.5179
2011-10-12 18:30:50,0.0,1.0909
2011-10-12 18:45:50,0.0,1.0
2011-10-13 07:30:30,0.0,1.1842
2011-10-13 07:45:30,65.2793,6.4035
2011-10-13 08:00:30,95.3496,5.8571
2011-10-13 08:15:30,0.0,5.7857
2011-10-13 08:30:30,0.0,6.4286
2011-10-13 08:45:30,126.0307,10.3333
2011-10-13 09:00:31,753.7679,21.8393
2011-10-13 09:15:30,2720.5513,69.3393
2011-10-13 09:30:30,2894.3371,72.5
2011-10-13 09:45:32,2902.9432,73.8148
2011-10-13 10:00:32,2514.0622,64.8596
2011-10-13 10:15:33,2436.7336,63.6364
2011-10-13 10:30:33,2739.4252,70.6316
2011-10-13 10:45:34,3698.1602,98.4286
2011-10-13 11:00:34,4353.6011,112.0545
2011-10-13 11:15:34,3393.542,88.4643
2011-10-13 11:30:34,5093.5681,128.9464
2011-10-13 11:45:34,5643.5534,140.8929
2011-10-13 12:00:34,5133.2828,128.0182
2011-10-13 12:15:33,4859.73,122.2857
2011-10-13 12:30:33,4838.5107,122.2143
2011-10-13 12:45:34,4263.8089,108.8727
2011-10-13 13:00:34,3745.7799,96.5893
2011-10-13 13:15:35,3540.907,93.0536
2011-10-13 13:30:35,3914.6522,100.5
2011-10-13 13:45:35,4111.4354,104.1786
2011-10-13 14:00:35,3886.2347,98.8214
2011-10-13 14:15:35,5183.5377,129.4286
2011-10-13 14:30:35,4409.848,112.6182
2011-10-13 14:45:35,3509.9756,90.0351
2011-10-13 15:00:35,2922.015,75.5714
2011-10-13 15:15:34,2752.3945,70.9107
2011-10-13 15:30:34,2139.9389,55.5
2011-10-13 15:45:35,4051.0248,102.4286
2011-10-13 16:00:35,2746.339,69.6786
2011-10-13 16:15:35,1872.6087,47.5
2011-10-13 16:30:35,2348.4193,58.1607
2011-10-13 16:45:36,2112.9515,52.875
2011-10-13 17:00:36,2237.2767,54.7679
2011-10-13 17:15:36,2277.4728,55.4464
2011-10-13 17:30:39,438.3473,11.9286
2011-10-13 17:45:39,449.5592,12.1786
2011-10-13 18:00:39,302.3024,9.1228
2011-10-13 18:15:39,0.0,1.2857
2011-10-13 18:30:40,0.0,0.8837
2011-10-14 07:30:39,0.0,1.1224
2011-10-14 07:45:39,0.0,6.8596
2011-10-14 08:00:39,432.0785,11.7143
2011-10-14 08:15:40,862.5097,18.5357
2011-10-14 08:30:41,1671.6742,39.4909
2011-10-14 08:45:41,1738.0525,42.4561
2011-10-14 09:00:41,962.1053,23.2679
2011-10-14 09:15:40,2324.0908,55.6364
2011-10-14 09:30:40,7169.3635,160.5536
2011-10-14 09:45:42,17383.8474,308.2222
2011-10-14 10:00:42,24906.8234,433.8036
2011-10-14 10:15:44,3733.4011,90.8545
2011-10-14 10:30:44,1110.8927,29.7143
2011-10-14 10:45:44,7324.1491,176.2143
2011-10-14 11:00:44,7768.5595,182.1071
2011-10-14 11:15:46,26223.8657,558.6727
2011-10-14 11:30:46,27646.2494,576.8148
2011-10-14 11:45:46,26473.1851,536.0714
2011-10-14 12:00:46,9959.1685,236.7273
2011-10-14 12:15:45,3936.4127,96.9643
2011-10-14 12:30:46,8371.9017,195.5455
2011-10-14 12:45:45,13308.1455,288.6429
2011-10-14 13:00:46,29466.112,600.4182
2011-10-14 13:15:46,32712.9478,666.5088
2011-10-14 13:30:46,12942.9096,289.2857
2011-10-14 13:45:49,16431.0999,365.8182
2011-10-14 14:00:49,17800.7323,388.5273
2011-10-14 14:15:49,8964.143,210.0179
2011-10-14 14:30:49,15268.4808,331.5357
2011-10-14 14:45:49,36959.5557,727.4182
2011-10-14 15:00:49,32959.5957,637.2364
2011-10-14 15:15:48,33387.0384,641.4545
2011-10-14 15:30:48,31652.1733,591.4286
2011-10-14 15:45:48,31396.1431,581.1786
2011-10-14 16:00:48,29293.3505,525.6296
2011-10-14 16:15:49,17507.9,321.0179
2011-10-14 16:30:49,15934.9304,283.1228
2011-10-14 16:45:49,18331.799,307.2909
2011-10-14 17:00:49,14896.1695,245.7091
2011-10-14 17:15:49,7065.9265,137.2679
2011-10-14 17:30:50,4478.8609,94.75
2011-10-14 17:45:50,2680.6304,55.6964
2011-10-14 18:00:50,2374.4913,32.2909
2011-10-14 18:15:49,2089.2007,24.2857
2011-10-14 18:30:49,561.355,7.0909
2011-10-14 18:45:49,0.0,0.9412
2011-10-15 07:15:50,0.0,1.3846
2011-10-15 07:30:30,240.1013,5.7091
2011-10-15 07:45:30,726.2537,17.1786
2011-10-15 08:00:31,1334.7464,32.1964
2011-10-15 08:15:32,2548.3837,50.6364
2011-10-15 08:30:32,4764.9301,78.625
2011-10-15 08:45:32,7983.9444,117.6545
2011-10-15 09:00:32,11230.4552,163.2182
2011-10-15 09:15:31,14321.2073,215.3036
2011-10-15 09:30:31,17281.6345,269.6
2011-10-15 09:45:31,20117.3035,323.9273
2011-10-15 10:00:31,23059.1122,381.6364
2011-10-15 10:15:31,25886.8569,437.2545
2011-10-15 10:30:31,28300.4092,488.6429
2011-10-15 10:45:32,30717.2519,549.1273
2011-10-15 11:00:32,32836.1444,639.6727
2011-10-15 11:15:33,34766.6636,639.5439
2011-10-15 11:30:33,33444.4256,655.625
2011-10-15 11:45:35,37908.5882,701.2364
2011-10-15 12:00:35,38815.358,731.9107
2011-10-15 12:15:34,39579.8776,803.6727
2011-10-15 12:30:34,40632.4835,760.1964
2011-10-15 12:45:34,41011.7199,773.9107
2011-10-15 13:00:34,41393.5773,785.4815
2011-10-15 13:15:34,41361.1943,788.6429
2011-10-15 13:30:34,41346.5521,788.3455
2011-10-15 13:45:34,41304.9563,784.1607
2011-10-15 14:00:34,40866.1138,777.2321
2011-10-15 14:15:35,39833.602,757.0714
2011-10-15 14:30:35,39510.4919,743.8393
2011-10-15 14:45:35,38699.958,724.4
2011-10-15 15:00:36,37480.4352,697.9464
2011-10-15 15:15:35,35869.0675,661.0893
2011-10-15 15:30:35,34188.437,622.4107
2011-10-15 15:45:35,32259.1721,579.3929
2011-10-15 16:00:35,30105.0554,532.6364
2011-10-15 16:15:35,27876.8761,482.6909
2011-10-15 16:30:35,25271.299,427.5179
2011-10-15 16:45:35,22348.5514,367.8364
2011-10-15 17:00:35,18676.7721,306.0
2011-10-15 17:15:36,12645.1939,243.2857
2011-10-15 17:30:36,6484.1678,168.4727
2011-10-15 17:45:36,3506.7559,43.8214
2011-10-15 18:00:36,2559.1258,32.9643
2011-10-15 18:15:36,1544.8208,19.7143
2011-10-15 18:30:37,525.3241,5.6964
2011-10-15 18:45:37,0.0,0.9804
2011-10-16 07:15:40,0.0,0.8537
2011-10-16 07:30:40,262.9256,4.8571
2011-10-16 07:45:43,747.5169,15.8519
2011-10-16 08:00:43,1308.9978,30.1786
2011-10-16 08:15:43,2494.903,48.0536
2011-10-16 08:30:43,4764.6492,76.9821
2011-10-16 08:45:43,7892.686,115.8929
2011-10-16 09:00:44,11200.0013,162.5818
2011-10-16 09:15:44,14218.7067,214.5179
2011-10-16 09:30:45,17282.3567,270.6667
2011-10-16 09:45:45,20151.3174,326.6429
2011-10-16 10:00:45,22926.9856,382.75
2011-10-16 10:15:46,24928.1123,426.8
2011-10-16 10:30:46,27109.9969,475.7636
2011-10-16 10:45:46,29720.0386,555.1111
2011-10-16 11:00:46,31930.3878,641.6964
2011-10-16 11:15:46,33542.3865,618.4643
2011-10-16 11:30:46,34275.5173,681.0727
2011-10-16 11:45:47,33542.4122,633.25
2011-10-16 12:00:46,35941.8625,702.1964
2011-10-16 12:15:48,34909.1349,708.25
2011-10-16 12:30:47,38295.6376,737.8214
2011-10-16 12:45:48,38929.6977,762.8036
2011-10-16 13:00:48,39369.4971,773.9643
2011-10-16 13:15:46,39253.4345,770.3636
2011-10-16 13:30:46,39417.9522,771.5926
2011-10-16 13:45:46,39238.2121,766.0182
2011-10-16 14:00:46,38781.5706,756.25
2011-10-16 14:15:48,38199.649,740.6071
2011-10-16 14:30:48,36999.3445,716.6786
2011-10-16 14:45:48,14632.2155,297.5714
2011-10-16 15:00:48,7160.529,154.1429
2011-10-16 15:15:48,15861.5812,318.5893
